"pathway_a","pathway_b","correlation","partial_correlation","p_value","FDR"
"HALLMARK_ADIPOGENESIS","HALLMARK_ALLOGRAFT_REJECTION",0.22294256142171,0.0658529463609847,0.0332066136292832,0.0680235814312239
"HALLMARK_ADIPOGENESIS","HALLMARK_ANDROGEN_RESPONSE",0.555799555152302,-0.1921430615132,3.72077277454e-10,4.5128184641698e-09
"HALLMARK_ADIPOGENESIS","HALLMARK_ANGIOGENESIS",0.367520937445592,0.0611045335682704,0.0481863223626537,0.0928117058085704
"HALLMARK_ADIPOGENESIS","HALLMARK_APICAL_JUNCTION",0.543808145369034,-0.0228077471839823,0.461207329953392,0.562168138500403
"HALLMARK_ADIPOGENESIS","HALLMARK_APICAL_SURFACE",0.452749869001042,0.000212031124952735,0.994535095966913,0.996976671488926
"HALLMARK_ADIPOGENESIS","HALLMARK_APOPTOSIS",0.614203738616126,-0.106609043654577,0.000553022823104461,0.00206540536067977
"HALLMARK_ADIPOGENESIS","HALLMARK_BILE_ACID_METABOLISM",0.671753275584437,-0.0510135343217496,0.0991523885875566,0.1668429615656
"HALLMARK_ADIPOGENESIS","HALLMARK_CHOLESTEROL_HOMEOSTASIS",0.515486410703427,0.209491959044223,7.73648459797614e-12,1.21502482468215e-10
"HALLMARK_ADIPOGENESIS","HALLMARK_COAGULATION",0.411080705340889,0.0285297668333829,0.356637137022143,0.461818702803515
"HALLMARK_ADIPOGENESIS","HALLMARK_COMPLEMENT",0.466794935357098,0.0730753589274637,0.0180918687009358,0.0413826947054629
"HALLMARK_ADIPOGENESIS","HALLMARK_DNA_REPAIR",0.594929596994246,-0.073845641353369,0.0169073490987439,0.0391956144161273
"HALLMARK_ADIPOGENESIS","HALLMARK_E2F_TARGETS",0.192835228390886,0.0511801942540237,0.0980521506481235,0.165903155447447
"HALLMARK_ADIPOGENESIS","HALLMARK_EPITHELIAL_MESENCHYMAL_TRANSITION",0.372006462058378,-0.16067724427563,1.74742012809646e-07,1.31324518829335e-06
"HALLMARK_ADIPOGENESIS","HALLMARK_ESTROGEN_RESPONSE_EARLY",0.482583113721976,0.0167832722037175,0.58768592463539,0.675100467916804
"HALLMARK_ADIPOGENESIS","HALLMARK_ESTROGEN_RESPONSE_LATE",0.573778606176273,-0.0472577348880991,0.126653632671945,0.20277572641991
"HALLMARK_ADIPOGENESIS","HALLMARK_FATTY_ACID_METABOLISM",0.818265506564486,0.290022766270135,1.01639583985597e-21,3.27653922058832e-20
"HALLMARK_ADIPOGENESIS","HALLMARK_G2M_CHECKPOINT",0.143517505656417,-0.0227317164686573,0.462702994342998,0.563430584562795
"HALLMARK_ADIPOGENESIS","HALLMARK_GLYCOLYSIS",0.558599228662494,-0.0458201114158646,0.138628837528692,0.217718366631599
"HALLMARK_ADIPOGENESIS","HALLMARK_HEDGEHOG_SIGNALING",0.455258132713789,0.0200162494388022,0.517855420086847,0.615421590044007
"HALLMARK_ADIPOGENESIS","HALLMARK_HEME_METABOLISM",0.722941150473079,-0.0523166748971314,0.0908068280710506,0.157338563489444
"HALLMARK_ADIPOGENESIS","HALLMARK_HYPOXIA",0.592836904352786,0.11676113559143,0.000153883859490922,0.000678085352073308
"HALLMARK_ADIPOGENESIS","HALLMARK_IL2_STAT5_SIGNALING",0.391890611881448,-0.0483032852838489,0.118461332138199,0.192460387094555
"HALLMARK_ADIPOGENESIS","HALLMARK_IL6_JAK_STAT3_SIGNALING",0.362102475770374,0.118643382171092,0.000119983879324651,0.000546394989489582
"HALLMARK_ADIPOGENESIS","HALLMARK_INFLAMMATORY_RESPONSE",0.277913497073803,-0.0476888424094432,0.123223907764182,0.198356487531043
"HALLMARK_ADIPOGENESIS","HALLMARK_INTERFERON_ALPHA_RESPONSE",0.186753557973021,0.102593307386866,0.00089096801277703,0.0031273232540168
"HALLMARK_ADIPOGENESIS","HALLMARK_INTERFERON_GAMMA_RESPONSE",0.233591714370993,-0.103041472873989,0.000845473045569998,0.00299336555151228
"HALLMARK_ADIPOGENESIS","HALLMARK_KRAS_SIGNALING_DN",0.22867288279754,-0.112610200343956,0.000262967181133363,0.00110320135920675
"HALLMARK_ADIPOGENESIS","HALLMARK_KRAS_SIGNALING_UP",0.340725599276957,0.0442130635359285,0.153025928580276,0.236091640441862
"HALLMARK_ADIPOGENESIS","HALLMARK_MITOTIC_SPINDLE",0.256031368794814,0.0871042131994813,0.00481571701318465,0.0135303975714477
"HALLMARK_ADIPOGENESIS","HALLMARK_MTORC1_SIGNALING",0.45122913792762,-0.106483478192546,0.000561470887379386,0.00209058309130622
"HALLMARK_ADIPOGENESIS","HALLMARK_MYC_TARGETS_V1",0.479078255211571,-0.0353661906148507,0.253121436343049,0.352757405597537
"HALLMARK_ADIPOGENESIS","HALLMARK_MYC_TARGETS_V2",0.41501428960798,0.0799695874989678,0.00966969236061279,0.0241249962153781
"HALLMARK_ADIPOGENESIS","HALLMARK_MYOGENESIS",0.523543064318244,0.121600660377248,8.05571818068074e-05,0.000380665643811352
"HALLMARK_ADIPOGENESIS","HALLMARK_NOTCH_SIGNALING",0.522399662792582,0.0261815853301737,0.397611120348369,0.502307284807055
"HALLMARK_ADIPOGENESIS","HALLMARK_OXIDATIVE_PHOSPHORYLATION",0.606882148407315,0.312673992158869,3.71967396108656e-25,1.38078806131243e-23
"HALLMARK_ADIPOGENESIS","HALLMARK_P53_PATHWAY",0.610836634406306,-0.122871037033476,6.76964576756763e-05,0.000326488821467336
"HALLMARK_ADIPOGENESIS","HALLMARK_PANCREAS_BETA_CELLS",0.600209138931116,-0.0350630315537932,0.257214948383896,0.356838405175846
"HALLMARK_ADIPOGENESIS","HALLMARK_PEROXISOME",0.718905696276558,0.0712174868152889,0.0212517501565167,0.0474196610960527
"HALLMARK_ADIPOGENESIS","HALLMARK_PI3K_AKT_MTOR_SIGNALING",0.630361344683411,-0.0427128690706974,0.167465190242284,0.254161124081391
"HALLMARK_ADIPOGENESIS","HALLMARK_PROTEIN_SECRETION",0.555489837892219,0.00364361219414153,0.906304641542622,0.934215197673428
"HALLMARK_ADIPOGENESIS","HALLMARK_REACTIVE_OXYGEN_SPECIES_PATHWAY",0.766187185682698,0.307926596060883,2.0706586641775e-24,7.24730532462126e-23
"HALLMARK_ADIPOGENESIS","HALLMARK_SPERMATOGENESIS",0.109507816288196,-0.0884174461836751,0.00421272627478379,0.0119735259550119
"HALLMARK_ADIPOGENESIS","HALLMARK_TGF_BETA_SIGNALING",0.552275482122447,-0.0209167867321193,0.499196736471805,0.597767353057635
"HALLMARK_ADIPOGENESIS","HALLMARK_TNFA_SIGNALING_VIA_NFKB",0.411853991039327,-0.0613051060649833,0.0474547390300207,0.0915465437980714
"HALLMARK_ADIPOGENESIS","HALLMARK_UNFOLDED_PROTEIN_RESPONSE",0.609113227243952,-0.0726357789885372,0.0187998626208944,0.0426544083149356
"HALLMARK_ADIPOGENESIS","HALLMARK_UV_RESPONSE_DN",0.537025710997078,0.205178377909812,2.09380434222575e-11,2.94817278072016e-10
"HALLMARK_ADIPOGENESIS","HALLMARK_UV_RESPONSE_UP",0.649813665646386,0.190602860686039,5.16045426170984e-10,5.90799670149024e-09
"HALLMARK_ADIPOGENESIS","HALLMARK_WNT_BETA_CATENIN_SIGNALING",0.540525230184477,-0.00651396750659343,0.833336318383863,0.879273893212948
"HALLMARK_ADIPOGENESIS","HALLMARK_XENOBIOTIC_METABOLISM",0.824807316416179,0.166250996532725,6.36875985664487e-08,5.16670915522515e-07
"HALLMARK_ALLOGRAFT_REJECTION","HALLMARK_ANDROGEN_RESPONSE",0.106248260341395,-0.0517670353143198,0.0942553336748167,0.160294052671258
"HALLMARK_ALLOGRAFT_REJECTION","HALLMARK_ANGIOGENESIS",0.274879008489084,-0.144303112444473,2.78587692047987e-06,1.76823794175536e-05
"HALLMARK_ALLOGRAFT_REJECTION","HALLMARK_APICAL_JUNCTION",0.46919155937773,-0.0577406312595643,0.0619340250238565,0.112565549932083
"HALLMARK_ALLOGRAFT_REJECTION","HALLMARK_APICAL_SURFACE",0.554414551724149,0.0685330374383338,0.0266609495977158,0.0571973086816144
"HALLMARK_ALLOGRAFT_REJECTION","HALLMARK_APOPTOSIS",0.614060511750695,0.0440976730673252,0.15410183147202,0.23715420044375
"HALLMARK_ALLOGRAFT_REJECTION","HALLMARK_BILE_ACID_METABOLISM",0.0150283935660888,0.0120193020707943,0.697811371349699,0.768722059265631
"HALLMARK_ALLOGRAFT_REJECTION","HALLMARK_CHOLESTEROL_HOMEOSTASIS",0.0122752345045927,0.0423518899629421,0.171087464765858,0.258106089086424
"HALLMARK_ALLOGRAFT_REJECTION","HALLMARK_COAGULATION",0.549369521669559,-0.198130953499907,1.01658871192349e-10,1.32480975755987e-09
"HALLMARK_ALLOGRAFT_REJECTION","HALLMARK_COMPLEMENT",0.850067239993789,0.257219886977928,2.87233036497322e-17,7.18082591243304e-16
"HALLMARK_ALLOGRAFT_REJECTION","HALLMARK_DNA_REPAIR",0.0976506452248473,0.0579277240967587,0.0610923215927067,0.111698647688158
"HALLMARK_ALLOGRAFT_REJECTION","HALLMARK_E2F_TARGETS",0.144674022195356,-0.0520130048044578,0.092699346169383,0.158518579963588
"HALLMARK_ALLOGRAFT_REJECTION","HALLMARK_EPITHELIAL_MESENCHYMAL_TRANSITION",0.339422726788104,0.0980322310536198,0.00150142076508345,0.00490464116593926
"HALLMARK_ALLOGRAFT_REJECTION","HALLMARK_ESTROGEN_RESPONSE_EARLY",-0.060585669977481,0.0455856556513122,0.140661837075126,0.219784120429885
"HALLMARK_ALLOGRAFT_REJECTION","HALLMARK_ESTROGEN_RESPONSE_LATE",0.0960434728373788,0.0196246836645097,0.526079408737987,0.621453496339473
"HALLMARK_ALLOGRAFT_REJECTION","HALLMARK_FATTY_ACID_METABOLISM",0.10977107211011,0.000527363294866595,0.986408254413905,0.989639731086842
"HALLMARK_ALLOGRAFT_REJECTION","HALLMARK_G2M_CHECKPOINT",0.140237647581858,0.0632313095270226,0.0408920195192109,0.0807947159855377
"HALLMARK_ALLOGRAFT_REJECTION","HALLMARK_GLYCOLYSIS",0.244832106547084,-0.0665735339316647,0.0313241471860951,0.0651478443174304
"HALLMARK_ALLOGRAFT_REJECTION","HALLMARK_HEDGEHOG_SIGNALING",0.27894103576779,-0.0706292044522889,0.0223476614196902,0.0495043132714655
"HALLMARK_ALLOGRAFT_REJECTION","HALLMARK_HEME_METABOLISM",0.294759270525138,-0.0286714526078557,0.354252890433046,0.460190658303798
"HALLMARK_ALLOGRAFT_REJECTION","HALLMARK_HYPOXIA",0.414306120758474,-0.0426800750995568,0.167791869035457,0.254161124081391
"HALLMARK_ALLOGRAFT_REJECTION","HALLMARK_IL2_STAT5_SIGNALING",0.904026961246196,0.374622910705715,3.42230512814049e-36,1.90560171907823e-34
"HALLMARK_ALLOGRAFT_REJECTION","HALLMARK_IL6_JAK_STAT3_SIGNALING",0.912437398332574,-0.0738330804653552,0.0169261061437807,0.0391956144161273
"HALLMARK_ALLOGRAFT_REJECTION","HALLMARK_INFLAMMATORY_RESPONSE",0.942912733670964,0.250029180868341,2.25920158188867e-16,5.12504062558079e-15
"HALLMARK_ALLOGRAFT_REJECTION","HALLMARK_INTERFERON_ALPHA_RESPONSE",0.581051549557452,-0.582236535993406,5.91498558431084e-96,1.0351224772544e-93
"HALLMARK_ALLOGRAFT_REJECTION","HALLMARK_INTERFERON_GAMMA_RESPONSE",0.763078338613996,0.576076727996717,1.62368793021061e-93,2.48627214313499e-91
"HALLMARK_ALLOGRAFT_REJECTION","HALLMARK_KRAS_SIGNALING_DN",0.669258274632033,0.104510583038205,0.000710989260167761,0.00255414030412172
"HALLMARK_ALLOGRAFT_REJECTION","HALLMARK_KRAS_SIGNALING_UP",0.858981850775387,0.226469357070647,1.24215001139278e-13,2.4542480063809e-12
"HALLMARK_ALLOGRAFT_REJECTION","HALLMARK_MITOTIC_SPINDLE",0.181381349527209,-0.102110486863855,0.00094250937626843,0.00328003973275235
"HALLMARK_ALLOGRAFT_REJECTION","HALLMARK_MTORC1_SIGNALING",0.114942721743723,-0.0376055643300236,0.22428528980191,0.320420070585838
"HALLMARK_ALLOGRAFT_REJECTION","HALLMARK_MYC_TARGETS_V1",0.108388626255321,0.100581865462217,0.00112443809469813,0.00384758845252851
"HALLMARK_ALLOGRAFT_REJECTION","HALLMARK_MYC_TARGETS_V2",0.106156353699531,-0.0823307758004621,0.00772001949690223,0.0199515271808127
"HALLMARK_ALLOGRAFT_REJECTION","HALLMARK_MYOGENESIS",0.298554266167902,0.0629912990733741,0.0416653922444641,0.0820580474267983
"HALLMARK_ALLOGRAFT_REJECTION","HALLMARK_NOTCH_SIGNALING",0.303866639181607,-0.137924351649718,7.57641478891305e-06,4.48362710938091e-05
"HALLMARK_ALLOGRAFT_REJECTION","HALLMARK_OXIDATIVE_PHOSPHORYLATION",-0.0991587799891676,0.0100769821151042,0.744781825926442,0.803131810528073
"HALLMARK_ALLOGRAFT_REJECTION","HALLMARK_P53_PATHWAY",0.412829888615949,0.0802222502870242,0.00944193513926603,0.0237502475269012
"HALLMARK_ALLOGRAFT_REJECTION","HALLMARK_PANCREAS_BETA_CELLS",0.237629568427943,0.0647262243671854,0.03634356319476,0.0733457412085355
"HALLMARK_ALLOGRAFT_REJECTION","HALLMARK_PEROXISOME",0.0709266395878805,-0.0457786830492631,0.138986415358104,0.218000459428524
"HALLMARK_ALLOGRAFT_REJECTION","HALLMARK_PI3K_AKT_MTOR_SIGNALING",0.348887099299806,0.191954137761941,3.87365716707198e-10,4.65218630359134e-09
"HALLMARK_ALLOGRAFT_REJECTION","HALLMARK_PROTEIN_SECRETION",0.128679675395916,-0.0891440019394955,0.00390932408207659,0.0112152740059574
"HALLMARK_ALLOGRAFT_REJECTION","HALLMARK_REACTIVE_OXYGEN_SPECIES_PATHWAY",0.282652094142557,-0.0597932797642717,0.0532057393013307,0.0995069170139391
"HALLMARK_ALLOGRAFT_REJECTION","HALLMARK_SPERMATOGENESIS",0.131656056149365,0.044409261336876,0.151209689087795,0.233878622642108
"HALLMARK_ALLOGRAFT_REJECTION","HALLMARK_TGF_BETA_SIGNALING",0.29891902488481,-0.107284227019419,0.000509588028431559,0.00192075487639587
"HALLMARK_ALLOGRAFT_REJECTION","HALLMARK_TNFA_SIGNALING_VIA_NFKB",0.745035796317753,-0.238367290480382,5.58755397349554e-15,1.22227743170215e-13
"HALLMARK_ALLOGRAFT_REJECTION","HALLMARK_UNFOLDED_PROTEIN_RESPONSE",0.0959741123095661,-0.0489039028152982,0.113946430475316,0.187613410392825
"HALLMARK_ALLOGRAFT_REJECTION","HALLMARK_UV_RESPONSE_DN",0.344157139937094,-0.0233549783729899,0.450522227227336,0.551889728353486
"HALLMARK_ALLOGRAFT_REJECTION","HALLMARK_UV_RESPONSE_UP",0.505651683208385,-0.0368235467273457,0.234076305867845,0.331879021629757
"HALLMARK_ALLOGRAFT_REJECTION","HALLMARK_WNT_BETA_CATENIN_SIGNALING",0.304732082328464,0.00321609541951645,0.917256158162765,0.942649994756197
"HALLMARK_ALLOGRAFT_REJECTION","HALLMARK_XENOBIOTIC_METABOLISM",0.30836567538458,-0.0328638113638989,0.288283433170856,0.388928640566408
"HALLMARK_ANDROGEN_RESPONSE","HALLMARK_ANGIOGENESIS",0.49046350203728,-0.0571735717533742,0.0645438612152082,0.116789113720281
"HALLMARK_ANDROGEN_RESPONSE","HALLMARK_APICAL_JUNCTION",0.593197002222511,-0.149813733187742,1.13326404294462e-06,7.50404568976846e-06
"HALLMARK_ANDROGEN_RESPONSE","HALLMARK_APICAL_SURFACE",0.529701962965155,0.0606466906783238,0.0498917987663591,0.0947557418430851
"HALLMARK_ANDROGEN_RESPONSE","HALLMARK_APOPTOSIS",0.627000892023566,0.133308636723387,1.52101692917927e-05,8.31806133144915e-05
"HALLMARK_ANDROGEN_RESPONSE","HALLMARK_BILE_ACID_METABOLISM",0.745138781559208,-0.00105999396311939,0.972684763324847,0.981498216699289
"HALLMARK_ANDROGEN_RESPONSE","HALLMARK_CHOLESTEROL_HOMEOSTASIS",0.810851870340701,0.508625404961442,6.63490168635544e-70,6.77312880482117e-68
"HALLMARK_ANDROGEN_RESPONSE","HALLMARK_COAGULATION",0.41030586414139,0.108740673850182,0.000426483300613173,0.00166735790844111
"HALLMARK_ANDROGEN_RESPONSE","HALLMARK_COMPLEMENT",0.382675534946553,0.0117193638825626,0.704994896017754,0.775937778635893
"HALLMARK_ANDROGEN_RESPONSE","HALLMARK_DNA_REPAIR",0.546900669140846,-0.0593546968517001,0.0549790416260214,0.102354598771848
"HALLMARK_ANDROGEN_RESPONSE","HALLMARK_E2F_TARGETS",0.313127575142871,-0.035078732774816,0.257001817181509,0.356838405175846
"HALLMARK_ANDROGEN_RESPONSE","HALLMARK_EPITHELIAL_MESENCHYMAL_TRANSITION",0.420819183393434,-0.0969251555636802,0.00169878945090929,0.00540523916198411
"HALLMARK_ANDROGEN_RESPONSE","HALLMARK_ESTROGEN_RESPONSE_EARLY",0.601561059069193,0.113539607682054,0.000233597213082373,0.000990161197321478
"HALLMARK_ANDROGEN_RESPONSE","HALLMARK_ESTROGEN_RESPONSE_LATE",0.710638071892188,-0.00495910749697799,0.872726454580573,0.906776850603225
"HALLMARK_ANDROGEN_RESPONSE","HALLMARK_FATTY_ACID_METABOLISM",0.790671763993033,0.165981416937608,6.69264455607779e-08,5.38468902549914e-07
"HALLMARK_ANDROGEN_RESPONSE","HALLMARK_G2M_CHECKPOINT",0.284585411777075,0.0269581805470027,0.383756770729225,0.488671563558524
"HALLMARK_ANDROGEN_RESPONSE","HALLMARK_GLYCOLYSIS",0.683864222644531,-0.141812810868935,4.13848962320698e-06,2.58655601450436e-05
"HALLMARK_ANDROGEN_RESPONSE","HALLMARK_HEDGEHOG_SIGNALING",0.514357894511735,0.0236272332345922,0.445258840513515,0.546535149928914
"HALLMARK_ANDROGEN_RESPONSE","HALLMARK_HEME_METABOLISM",0.69264710349784,-0.0625049352987117,0.0432705374421038,0.0845397262624836
"HALLMARK_ANDROGEN_RESPONSE","HALLMARK_HYPOXIA",0.532842044967243,0.092686355964512,0.00269508693544285,0.00801866102159764
"HALLMARK_ANDROGEN_RESPONSE","HALLMARK_IL2_STAT5_SIGNALING",0.323741145610036,-0.0557466972290162,0.0715137574980719,0.127147101502377
"HALLMARK_ANDROGEN_RESPONSE","HALLMARK_IL6_JAK_STAT3_SIGNALING",0.307198299733445,0.0647617803460444,0.0362408465105253,0.0732591369230917
"HALLMARK_ANDROGEN_RESPONSE","HALLMARK_INFLAMMATORY_RESPONSE",0.210153100883991,0.0976459370960537,0.00156775759887899,0.00507080430885636
"HALLMARK_ANDROGEN_RESPONSE","HALLMARK_INTERFERON_ALPHA_RESPONSE",0.22830641558559,0.0871992223373285,0.00476960688232569,0.0134316515651701
"HALLMARK_ANDROGEN_RESPONSE","HALLMARK_INTERFERON_GAMMA_RESPONSE",0.251026190490663,-0.0834052934810304,0.0069555284639726,0.0182452299108489
"HALLMARK_ANDROGEN_RESPONSE","HALLMARK_KRAS_SIGNALING_DN",0.0901924427979585,-0.0674814461225378,0.0290831087275751,0.0613179651930218
"HALLMARK_ANDROGEN_RESPONSE","HALLMARK_KRAS_SIGNALING_UP",0.290793124031141,0.0482092683936008,0.119180576092697,0.192861566332303
"HALLMARK_ANDROGEN_RESPONSE","HALLMARK_MITOTIC_SPINDLE",0.456476323220879,-0.00770404849508202,0.803461715740616,0.852842812864282
"HALLMARK_ANDROGEN_RESPONSE","HALLMARK_MTORC1_SIGNALING",0.721347965505642,0.281108028135044,1.892696337983e-20,5.65500735129066e-19
"HALLMARK_ANDROGEN_RESPONSE","HALLMARK_MYC_TARGETS_V1",0.47881673311639,-0.00547899917009622,0.859515598866562,0.896854010742366
"HALLMARK_ANDROGEN_RESPONSE","HALLMARK_MYC_TARGETS_V2",0.331462937395913,-0.0852803433716297,0.00578258733452772,0.0156027962220186
"HALLMARK_ANDROGEN_RESPONSE","HALLMARK_MYOGENESIS",0.345054813686197,0.0422376391960463,0.17224604299423,0.259534320624762
"HALLMARK_ANDROGEN_RESPONSE","HALLMARK_NOTCH_SIGNALING",0.571470759292399,0.141382326605733,4.42854869950972e-06,2.75379297304538e-05
"HALLMARK_ANDROGEN_RESPONSE","HALLMARK_OXIDATIVE_PHOSPHORYLATION",0.377679756727251,-0.0263244852734281,0.395039445614013,0.500955818713422
"HALLMARK_ANDROGEN_RESPONSE","HALLMARK_P53_PATHWAY",0.47014798638608,-0.0531223037746648,0.0859360992890526,0.150388173755842
"HALLMARK_ANDROGEN_RESPONSE","HALLMARK_PANCREAS_BETA_CELLS",0.605768455286025,0.0287093687700954,0.353616557657921,0.459851680606108
"HALLMARK_ANDROGEN_RESPONSE","HALLMARK_PEROXISOME",0.805715908196361,0.0578703442066679,0.0613494535612979,0.112001610450954
"HALLMARK_ANDROGEN_RESPONSE","HALLMARK_PI3K_AKT_MTOR_SIGNALING",0.777425672196403,0.0920609429103122,0.0028806162934871,0.00850302399884745
"HALLMARK_ANDROGEN_RESPONSE","HALLMARK_PROTEIN_SECRETION",0.808047269439562,-0.0163897669328198,0.596473664479337,0.680969467835217
"HALLMARK_ANDROGEN_RESPONSE","HALLMARK_REACTIVE_OXYGEN_SPECIES_PATHWAY",0.539793873092855,-0.0728992371754244,0.0183726837972885,0.041833713107209
"HALLMARK_ANDROGEN_RESPONSE","HALLMARK_SPERMATOGENESIS",0.242810817757696,-0.0162941181812567,0.598618681053777,0.682782015168414
"HALLMARK_ANDROGEN_RESPONSE","HALLMARK_TGF_BETA_SIGNALING",0.690360305735285,0.0653770943607799,0.0345020437772955,0.070324465269862
"HALLMARK_ANDROGEN_RESPONSE","HALLMARK_TNFA_SIGNALING_VIA_NFKB",0.259171076512913,-0.132987133493575,1.59533141108952e-05,8.68569323815408e-05
"HALLMARK_ANDROGEN_RESPONSE","HALLMARK_UNFOLDED_PROTEIN_RESPONSE",0.789443232963369,-0.025193940932689,0.415659024692117,0.519573780865146
"HALLMARK_ANDROGEN_RESPONSE","HALLMARK_UV_RESPONSE_DN",0.601696176036317,0.123200429572907,6.46934771216862e-05,0.000315735097506237
"HALLMARK_ANDROGEN_RESPONSE","HALLMARK_UV_RESPONSE_UP",0.477322187404679,0.0646679053123699,0.0365125759446024,0.0735656340989112
"HALLMARK_ANDROGEN_RESPONSE","HALLMARK_WNT_BETA_CATENIN_SIGNALING",0.470953504241806,-0.073091415995785,0.0180664544005595,0.0413826947054629
"HALLMARK_ANDROGEN_RESPONSE","HALLMARK_XENOBIOTIC_METABOLISM",0.684314669543333,0.0141968386843403,0.646501917423721,0.726573255820237
"HALLMARK_ANGIOGENESIS","HALLMARK_APICAL_JUNCTION",0.734077661995326,-0.152622470587465,7.07537859237176e-07,4.81518820869745e-06
"HALLMARK_ANGIOGENESIS","HALLMARK_APICAL_SURFACE",0.471651128062731,0.0399119629107923,0.19712005735362,0.289188108093634
"HALLMARK_ANGIOGENESIS","HALLMARK_APOPTOSIS",0.677568783769829,0.110150502595108,0.000358230235119647,0.00142942031928849
"HALLMARK_ANGIOGENESIS","HALLMARK_BILE_ACID_METABOLISM",0.38149066691444,0.0476051390196559,0.123884092041105,0.199157497047708
"HALLMARK_ANGIOGENESIS","HALLMARK_CHOLESTEROL_HOMEOSTASIS",0.296913774775986,0.00173995212749959,0.955177577621045,0.969775105463232
"HALLMARK_ANGIOGENESIS","HALLMARK_COAGULATION",0.876407827627635,-0.133676699819481,1.43998732876604e-05,7.91024429479101e-05
"HALLMARK_ANGIOGENESIS","HALLMARK_COMPLEMENT",0.654553927912434,-0.0411387301183942,0.183690448421966,0.273747931042467
"HALLMARK_ANGIOGENESIS","HALLMARK_DNA_REPAIR",0.172466488705728,-0.0392958340520073,0.204129611674439,0.298756002749329
"HALLMARK_ANGIOGENESIS","HALLMARK_E2F_TARGETS",0.0277791497807203,-0.0161295194186238,0.6023181245009,0.684452414205568
"HALLMARK_ANGIOGENESIS","HALLMARK_EPITHELIAL_MESENCHYMAL_TRANSITION",0.960625677136728,0.705531485602868,2.58597399113095e-158,6.33563627827083e-156
"HALLMARK_ANGIOGENESIS","HALLMARK_ESTROGEN_RESPONSE_EARLY",0.374246723050892,0.00452835889126848,0.883699192909198,0.915073128752128
"HALLMARK_ANGIOGENESIS","HALLMARK_ESTROGEN_RESPONSE_LATE",0.454745366285825,-0.0120263982173345,0.69764174246352,0.768722059265631
"HALLMARK_ANGIOGENESIS","HALLMARK_FATTY_ACID_METABOLISM",0.382992854306095,0.00875634922749499,0.777281105355607,0.829415813641654
"HALLMARK_ANGIOGENESIS","HALLMARK_G2M_CHECKPOINT",0.0172513701350594,0.0211218960603672,0.494997393155997,0.593899908536823
"HALLMARK_ANGIOGENESIS","HALLMARK_GLYCOLYSIS",0.518336539572384,-0.0947063549293518,0.00216785651927404,0.00662250432945312
"HALLMARK_ANGIOGENESIS","HALLMARK_HEDGEHOG_SIGNALING",0.737243258511999,0.01768119006033,0.567860962343583,0.658740226203494
"HALLMARK_ANGIOGENESIS","HALLMARK_HEME_METABOLISM",0.46744867144987,-0.0182884931331762,0.554636192756589,0.645232038107143
"HALLMARK_ANGIOGENESIS","HALLMARK_HYPOXIA",0.655708922228122,0.00225775263003009,0.941859556078067,0.959855167493657
"HALLMARK_ANGIOGENESIS","HALLMARK_IL2_STAT5_SIGNALING",0.482414233085581,0.0105669681469067,0.732834864710598,0.795853465665321
"HALLMARK_ANGIOGENESIS","HALLMARK_IL6_JAK_STAT3_SIGNALING",0.426053241436477,0.019977746218339,0.518661142522913,0.615658817432721
"HALLMARK_ANGIOGENESIS","HALLMARK_INFLAMMATORY_RESPONSE",0.404154831672951,0.0666532985919451,0.0311215021734017,0.0649469168013919
"HALLMARK_ANGIOGENESIS","HALLMARK_INTERFERON_ALPHA_RESPONSE",0.149480651910523,0.0716230075297095,0.0205237983343619,0.0459628024855454
"HALLMARK_ANGIOGENESIS","HALLMARK_INTERFERON_GAMMA_RESPONSE",0.234719563764249,-0.0640210627898813,0.0384324437211495,0.0766771067726517
"HALLMARK_ANGIOGENESIS","HALLMARK_KRAS_SIGNALING_DN",0.199115352532798,0.0232869666531772,0.451842540528898,0.55295415798991
"HALLMARK_ANGIOGENESIS","HALLMARK_KRAS_SIGNALING_UP",0.600519563198999,0.398491583280819,3.8771407549941e-41,2.37474871243389e-39
"HALLMARK_ANGIOGENESIS","HALLMARK_MITOTIC_SPINDLE",0.19949558755347,0.00551200770397767,0.858678110038182,0.896743976808843
"HALLMARK_ANGIOGENESIS","HALLMARK_MTORC1_SIGNALING",0.266607177979883,0.078265267434641,0.0113379215803453,0.0276672389161813
"HALLMARK_ANGIOGENESIS","HALLMARK_MYC_TARGETS_V1",0.145411845876794,0.0764792766819144,0.0133552209894522,0.0318290772608539
"HALLMARK_ANGIOGENESIS","HALLMARK_MYC_TARGETS_V2",0.0469470014839488,-0.047449470149742,0.125119207662464,0.200616530610627
"HALLMARK_ANGIOGENESIS","HALLMARK_MYOGENESIS",0.723606759632286,-0.0784886515592552,0.0111056436089102,0.0272633535489278
"HALLMARK_ANGIOGENESIS","HALLMARK_NOTCH_SIGNALING",0.708895003344895,-0.0229538253494054,0.458341287983984,0.559788711645444
"HALLMARK_ANGIOGENESIS","HALLMARK_OXIDATIVE_PHOSPHORYLATION",-0.0224323653705956,-0.0637347872446915,0.039309096621452,0.0782986070915101
"HALLMARK_ANGIOGENESIS","HALLMARK_P53_PATHWAY",0.525434124844086,0.0121968159454876,0.693572563553303,0.766934489311552
"HALLMARK_ANGIOGENESIS","HALLMARK_PANCREAS_BETA_CELLS",0.635004180208876,0.0347274235007387,0.261799857746121,0.361969329276522
"HALLMARK_ANGIOGENESIS","HALLMARK_PEROXISOME",0.390712083793611,-0.024634142729206,0.426099632399781,0.529495441741047
"HALLMARK_ANGIOGENESIS","HALLMARK_PI3K_AKT_MTOR_SIGNALING",0.535135877813392,0.00914698186055132,0.767624596632416,0.821975638876494
"HALLMARK_ANGIOGENESIS","HALLMARK_PROTEIN_SECRETION",0.529309930969066,0.0999822271012969,0.00120426817377659,0.00410927162361093
"HALLMARK_ANGIOGENESIS","HALLMARK_REACTIVE_OXYGEN_SPECIES_PATHWAY",0.266514178518329,-0.0491861227923954,0.111872214279349,0.184943943984079
"HALLMARK_ANGIOGENESIS","HALLMARK_SPERMATOGENESIS",-0.0128154901077764,-0.0239406169207785,0.439243892558251,0.542821963054048
"HALLMARK_ANGIOGENESIS","HALLMARK_TGF_BETA_SIGNALING",0.737558965481367,-0.0483078374496136,0.118426593815537,0.192460387094555
"HALLMARK_ANGIOGENESIS","HALLMARK_TNFA_SIGNALING_VIA_NFKB",0.433093868931992,-0.174206953946025,1.42076843409775e-08,1.34917932695329e-07
"HALLMARK_ANGIOGENESIS","HALLMARK_UNFOLDED_PROTEIN_RESPONSE",0.374446937718166,0.0444597654865486,0.150744827643304,0.233454379093612
"HALLMARK_ANGIOGENESIS","HALLMARK_UV_RESPONSE_DN",0.856286600035967,0.123010791880417,6.64066099480503e-05,0.000321533980973761
"HALLMARK_ANGIOGENESIS","HALLMARK_UV_RESPONSE_UP",0.453408728064423,0.038609073981827,0.212154179789032,0.308656615488793
"HALLMARK_ANGIOGENESIS","HALLMARK_WNT_BETA_CATENIN_SIGNALING",0.533548156433249,-0.0675066540558161,0.0290229055428354,0.061298378086161
"HALLMARK_ANGIOGENESIS","HALLMARK_XENOBIOTIC_METABOLISM",0.54083236568711,-0.00664195393400574,0.830111099238447,0.877003579799641
"HALLMARK_APICAL_JUNCTION","HALLMARK_APICAL_SURFACE",0.766641035861619,0.170934377411591,2.65594052007353e-08,2.32394795506434e-07
"HALLMARK_APICAL_JUNCTION","HALLMARK_APOPTOSIS",0.857671472195569,-0.0223716030390173,0.469823662022586,0.571533253205232
"HALLMARK_APICAL_JUNCTION","HALLMARK_BILE_ACID_METABOLISM",0.502970179616553,-0.0198418331849084,0.521510435364111,0.617843600890751
"HALLMARK_APICAL_JUNCTION","HALLMARK_CHOLESTEROL_HOMEOSTASIS",0.455003172039718,0.210471550758793,6.15222491575395e-12,1.00486340290648e-10
"HALLMARK_APICAL_JUNCTION","HALLMARK_COAGULATION",0.806667971962923,0.224731671937353,1.92610321294208e-13,3.57496429674856e-12
"HALLMARK_APICAL_JUNCTION","HALLMARK_COMPLEMENT",0.765452068749215,-0.0384975926528987,0.213477983668899,0.309846599519433
"HALLMARK_APICAL_JUNCTION","HALLMARK_DNA_REPAIR",0.455918496859639,-0.0991439765167312,0.00132464666032122,0.00444573194217396
"HALLMARK_APICAL_JUNCTION","HALLMARK_E2F_TARGETS",0.229250919440492,0.0366024604633751,0.236898386373558,0.335339867640088
"HALLMARK_APICAL_JUNCTION","HALLMARK_EPITHELIAL_MESENCHYMAL_TRANSITION",0.778231042438927,-0.024606344344168,0.426622041631358,0.529495441741047
"HALLMARK_APICAL_JUNCTION","HALLMARK_ESTROGEN_RESPONSE_EARLY",0.388056636535623,-0.13055160468066,2.28165432010471e-05,0.000120211117962376
"HALLMARK_APICAL_JUNCTION","HALLMARK_ESTROGEN_RESPONSE_LATE",0.563385249001772,0.17328111745534,1.69790533146277e-08,1.54069187484585e-07
"HALLMARK_APICAL_JUNCTION","HALLMARK_FATTY_ACID_METABOLISM",0.566451905689594,-0.177543695131882,7.41576683234279e-09,7.26745149569593e-08
"HALLMARK_APICAL_JUNCTION","HALLMARK_G2M_CHECKPOINT",0.194736516169936,-0.151426678472217,8.65569254065795e-07,5.84329229253672e-06
"HALLMARK_APICAL_JUNCTION","HALLMARK_GLYCOLYSIS",0.708715134305612,0.213808811114815,2.79474566036331e-12,4.82192032950008e-11
"HALLMARK_APICAL_JUNCTION","HALLMARK_HEDGEHOG_SIGNALING",0.841612661075267,-0.00153615619286802,0.960422920977901,0.973133232587203
"HALLMARK_APICAL_JUNCTION","HALLMARK_HEME_METABOLISM",0.744036594501974,-0.0228991121366102,0.45941358693679,0.560539486053354
"HALLMARK_APICAL_JUNCTION","HALLMARK_HYPOXIA",0.839437403951779,-0.101917703692872,0.000963849017393142,0.00334480183089688
"HALLMARK_APICAL_JUNCTION","HALLMARK_IL2_STAT5_SIGNALING",0.689139272718529,-0.0345351276420338,0.26445217409874,0.364402602104562
"HALLMARK_APICAL_JUNCTION","HALLMARK_IL6_JAK_STAT3_SIGNALING",0.659021937657611,0.0435089085597767,0.159681028936559,0.24481759755605
"HALLMARK_APICAL_JUNCTION","HALLMARK_INFLAMMATORY_RESPONSE",0.58811868146074,-0.0484956459451335,0.11700033793381,0.191134000550846
"HALLMARK_APICAL_JUNCTION","HALLMARK_INTERFERON_ALPHA_RESPONSE",0.267881639626034,-0.049870677412496,0.106964512119517,0.178031966503273
"HALLMARK_APICAL_JUNCTION","HALLMARK_INTERFERON_GAMMA_RESPONSE",0.395013695323809,0.0493361155875643,0.110781988495023,0.183484791263983
"HALLMARK_APICAL_JUNCTION","HALLMARK_KRAS_SIGNALING_DN",0.513419055397123,0.104061755598293,0.000749807110685594,0.00267788253816284
"HALLMARK_APICAL_JUNCTION","HALLMARK_KRAS_SIGNALING_UP",0.704859716314661,0.154474052856037,5.16241499944548e-07,3.65546726839347e-06
"HALLMARK_APICAL_JUNCTION","HALLMARK_MITOTIC_SPINDLE",0.396072423048062,0.223786418413832,2.44145663491497e-13,4.46385728025499e-12
"HALLMARK_APICAL_JUNCTION","HALLMARK_MTORC1_SIGNALING",0.443796593551944,-0.0133061968716299,0.66730296465151,0.74178414854637
"HALLMARK_APICAL_JUNCTION","HALLMARK_MYC_TARGETS_V1",0.412622918875456,0.12878535575814,2.94609125468627e-05,0.000151002585229736
"HALLMARK_APICAL_JUNCTION","HALLMARK_MYC_TARGETS_V2",0.35380497859969,0.0279123821911766,0.367143760195332,0.472427632604287
"HALLMARK_APICAL_JUNCTION","HALLMARK_MYOGENESIS",0.793446576885662,0.331618150441768,2.86828594917792e-28,1.30135195842332e-26
"HALLMARK_APICAL_JUNCTION","HALLMARK_NOTCH_SIGNALING",0.88176026102226,0.0359188667932823,0.245775818336127,0.343693353266845
"HALLMARK_APICAL_JUNCTION","HALLMARK_OXIDATIVE_PHOSPHORYLATION",0.116326365040086,0.00530115287672276,0.864030588194391,0.899267179726532
"HALLMARK_APICAL_JUNCTION","HALLMARK_P53_PATHWAY",0.790288695091786,0.0738051323421729,0.0169679062321273,0.0392182738384074
"HALLMARK_APICAL_JUNCTION","HALLMARK_PANCREAS_BETA_CELLS",0.679996578509752,0.0804907276989192,0.00920516972671779,0.0232889716751425
"HALLMARK_APICAL_JUNCTION","HALLMARK_PEROXISOME",0.546698485061049,0.0215157773868015,0.48698633525954,0.587163642414308
"HALLMARK_APICAL_JUNCTION","HALLMARK_PI3K_AKT_MTOR_SIGNALING",0.825643001531418,0.264060430578063,3.80035840662767e-18,1.01205196698237e-16
"HALLMARK_APICAL_JUNCTION","HALLMARK_PROTEIN_SECRETION",0.67255963055366,0.0696456240016221,0.0242896996771786,0.0529471099631446
"HALLMARK_APICAL_JUNCTION","HALLMARK_REACTIVE_OXYGEN_SPECIES_PATHWAY",0.446542988027806,-0.0521738606929618,0.0916929666825818,0.15774604267146
"HALLMARK_APICAL_JUNCTION","HALLMARK_SPERMATOGENESIS",0.159329491962418,-0.0864791209986946,0.00512926485590731,0.0141516879470416
"HALLMARK_APICAL_JUNCTION","HALLMARK_TGF_BETA_SIGNALING",0.87883954009447,0.0368411191203458,0.233853025912082,0.331879021629757
"HALLMARK_APICAL_JUNCTION","HALLMARK_TNFA_SIGNALING_VIA_NFKB",0.6635957365218,0.0380252841471503,0.219152517482486,0.315837451665936
"HALLMARK_APICAL_JUNCTION","HALLMARK_UNFOLDED_PROTEIN_RESPONSE",0.571210406248928,-0.0497353960014591,0.107920620490363,0.179379593080997
"HALLMARK_APICAL_JUNCTION","HALLMARK_UV_RESPONSE_DN",0.856116040498572,0.097855713629272,0.00153140635778869,0.00498928933056155
"HALLMARK_APICAL_JUNCTION","HALLMARK_UV_RESPONSE_UP",0.721713745733881,-0.0548877511934154,0.0759985672318061,0.133954309149586
"HALLMARK_APICAL_JUNCTION","HALLMARK_WNT_BETA_CATENIN_SIGNALING",0.823382971333252,0.108303605609302,0.000449990310576529,0.00173892154718059
"HALLMARK_APICAL_JUNCTION","HALLMARK_XENOBIOTIC_METABOLISM",0.664782884018891,0.0319511729260644,0.301889271492564,0.404367400458802
"HALLMARK_APICAL_SURFACE","HALLMARK_APOPTOSIS",0.766836440282436,0.12493099447281,5.08772240438245e-05,0.000252326313577672
"HALLMARK_APICAL_SURFACE","HALLMARK_BILE_ACID_METABOLISM",0.433844892739231,0.0512490835994493,0.0976002186240051,0.165366898775112
"HALLMARK_APICAL_SURFACE","HALLMARK_CHOLESTEROL_HOMEOSTASIS",0.382091072592185,-0.0410167393673537,0.184994791249716,0.275022596214687
"HALLMARK_APICAL_SURFACE","HALLMARK_COAGULATION",0.601363569609259,0.0866464044593601,0.00504359819717124,0.0139782981708931
"HALLMARK_APICAL_SURFACE","HALLMARK_COMPLEMENT",0.702970064849281,0.0341202257016413,0.270237717600281,0.369878440290887
"HALLMARK_APICAL_SURFACE","HALLMARK_DNA_REPAIR",0.412201021319691,-0.0338443189361606,0.274132700137351,0.374372973989136
"HALLMARK_APICAL_SURFACE","HALLMARK_E2F_TARGETS",0.251700947533308,0.021900536598303,0.479228838557551,0.578950026857003
"HALLMARK_APICAL_SURFACE","HALLMARK_EPITHELIAL_MESENCHYMAL_TRANSITION",0.497079761989901,-0.167592873785046,4.96938596886902e-08,4.16951904922229e-07
"HALLMARK_APICAL_SURFACE","HALLMARK_ESTROGEN_RESPONSE_EARLY",0.283461203859603,-0.10816536463783,0.000457673175714125,0.00175752238322822
"HALLMARK_APICAL_SURFACE","HALLMARK_ESTROGEN_RESPONSE_LATE",0.46839533697341,0.111170396412132,0.000315369328424321,0.00128775809106598
"HALLMARK_APICAL_SURFACE","HALLMARK_FATTY_ACID_METABOLISM",0.4982987748864,-0.0653919354570549,0.0344609992803315,0.070324465269862
"HALLMARK_APICAL_SURFACE","HALLMARK_G2M_CHECKPOINT",0.223090428152608,-0.0296638182193507,0.337836535491978,0.443203661436083
"HALLMARK_APICAL_SURFACE","HALLMARK_GLYCOLYSIS",0.605347824216444,0.0587143811056469,0.0576561398447892,0.106529066832378
"HALLMARK_APICAL_SURFACE","HALLMARK_HEDGEHOG_SIGNALING",0.61567640525028,0.107208540491661,0.0005142939433859,0.00193254625965561
"HALLMARK_APICAL_SURFACE","HALLMARK_HEME_METABOLISM",0.629161084722958,0.0183644770061,0.552992196918367,0.643931027780418
"HALLMARK_APICAL_SURFACE","HALLMARK_HYPOXIA",0.666810762736759,-0.0084239650328476,0.785524909849532,0.836754795274502
"HALLMARK_APICAL_SURFACE","HALLMARK_IL2_STAT5_SIGNALING",0.671879709821821,-0.0307925110110249,0.319768275178906,0.423935213305368
"HALLMARK_APICAL_SURFACE","HALLMARK_IL6_JAK_STAT3_SIGNALING",0.679129206223823,-0.0844107070469171,0.00630244110658786,0.0167110180856496
"HALLMARK_APICAL_SURFACE","HALLMARK_INFLAMMATORY_RESPONSE",0.637090231994175,0.115077681210202,0.000191646523038959,0.000826644333530721
"HALLMARK_APICAL_SURFACE","HALLMARK_INTERFERON_ALPHA_RESPONSE",0.346756956651421,0.0166771863959957,0.590049134023221,0.676569619440952
"HALLMARK_APICAL_SURFACE","HALLMARK_INTERFERON_GAMMA_RESPONSE",0.473110772818069,-0.0243704108074697,0.431070880758803,0.533935115196697
"HALLMARK_APICAL_SURFACE","HALLMARK_KRAS_SIGNALING_DN",0.511284881975943,-0.000683658960793688,0.982380621990744,0.98640677208087
"HALLMARK_APICAL_SURFACE","HALLMARK_KRAS_SIGNALING_UP",0.656375764894233,-0.11691182827927,0.000150868871116088,0.000672052244062575
"HALLMARK_APICAL_SURFACE","HALLMARK_MITOTIC_SPINDLE",0.367207756391691,0.00487694085043573,0.874817719073754,0.908179411750295
"HALLMARK_APICAL_SURFACE","HALLMARK_MTORC1_SIGNALING",0.435300762881683,0.0197758858165567,0.522895854010207,0.618835187155017
"HALLMARK_APICAL_SURFACE","HALLMARK_MYC_TARGETS_V1",0.389299138314963,-0.023680466066968,0.444233819496863,0.545823900585414
"HALLMARK_APICAL_SURFACE","HALLMARK_MYC_TARGETS_V2",0.318527558141773,0.0162251181967082,0.600168239068466,0.68391264451988
"HALLMARK_APICAL_SURFACE","HALLMARK_MYOGENESIS",0.504500408856798,-0.0320054411064457,0.301068486557319,0.403952788644815
"HALLMARK_APICAL_SURFACE","HALLMARK_NOTCH_SIGNALING",0.697026895033038,0.182427904702593,2.79933370566346e-09,2.93092631575875e-08
"HALLMARK_APICAL_SURFACE","HALLMARK_OXIDATIVE_PHOSPHORYLATION",0.161553431236328,0.0657531561407775,0.033474777514453,0.0684584348167026
"HALLMARK_APICAL_SURFACE","HALLMARK_P53_PATHWAY",0.661390230101827,0.0527304916025224,0.0882779505206968,0.153827154179024
"HALLMARK_APICAL_SURFACE","HALLMARK_PANCREAS_BETA_CELLS",0.541205285641902,-0.0107791112426177,0.727682127168208,0.791661283997384
"HALLMARK_APICAL_SURFACE","HALLMARK_PEROXISOME",0.482737810162368,-0.00423214697761734,0.891257871274398,0.922120686073596
"HALLMARK_APICAL_SURFACE","HALLMARK_PI3K_AKT_MTOR_SIGNALING",0.699777139599798,-0.0564638804973371,0.0679371610414129,0.121671085198437
"HALLMARK_APICAL_SURFACE","HALLMARK_PROTEIN_SECRETION",0.570864910020457,0.00767815135321676,0.804108937843466,0.852842812864282
"HALLMARK_APICAL_SURFACE","HALLMARK_REACTIVE_OXYGEN_SPECIES_PATHWAY",0.446428849431942,-0.0564249666481407,0.0681273817849323,0.121833638958456
"HALLMARK_APICAL_SURFACE","HALLMARK_SPERMATOGENESIS",0.204027867695009,0.0190071352850343,0.539183767755102,0.632057526794258
"HALLMARK_APICAL_SURFACE","HALLMARK_TGF_BETA_SIGNALING",0.654468235613366,-0.0868464647653859,0.00494284373205541,0.013772507779322
"HALLMARK_APICAL_SURFACE","HALLMARK_TNFA_SIGNALING_VIA_NFKB",0.642975841213156,0.0175955718895606,0.56973745379978,0.66029175109246
"HALLMARK_APICAL_SURFACE","HALLMARK_UNFOLDED_PROTEIN_RESPONSE",0.507716484982622,0.0359849955961572,0.244907002303501,0.343181829901647
"HALLMARK_APICAL_SURFACE","HALLMARK_UV_RESPONSE_DN",0.613881422836923,0.0269877726681063,0.383234755037866,0.488562255494245
"HALLMARK_APICAL_SURFACE","HALLMARK_UV_RESPONSE_UP",0.637660315818696,-0.0825480673766004,0.00755961612598959,0.0195782870070555
"HALLMARK_APICAL_SURFACE","HALLMARK_WNT_BETA_CATENIN_SIGNALING",0.633505075841497,-0.0108672611876062,0.725544650397755,0.790540117589164
"HALLMARK_APICAL_SURFACE","HALLMARK_XENOBIOTIC_METABOLISM",0.554964520627571,-0.0138696024611859,0.654113633093405,0.731009320006598
"HALLMARK_APOPTOSIS","HALLMARK_BILE_ACID_METABOLISM",0.614636816508366,0.139595193170919,5.85430828323303e-06,3.56792420246789e-05
"HALLMARK_APOPTOSIS","HALLMARK_CHOLESTEROL_HOMEOSTASIS",0.392931258718566,-0.0658965728800169,0.0330899550928336,0.0680039719632473
"HALLMARK_APOPTOSIS","HALLMARK_COAGULATION",0.776384730681055,-0.0116042298110424,0.707759392638773,0.77758318922197
"HALLMARK_APOPTOSIS","HALLMARK_COMPLEMENT",0.852764933123021,0.0620822812117527,0.0447074964818935,0.0869312431592373
"HALLMARK_APOPTOSIS","HALLMARK_DNA_REPAIR",0.490744759026811,0.190695457799889,5.06035304354523e-10,5.84804950787067e-09
"HALLMARK_APOPTOSIS","HALLMARK_E2F_TARGETS",0.183510103160303,-0.0801531351686459,0.00950375779402369,0.0238567690526209
"HALLMARK_APOPTOSIS","HALLMARK_EPITHELIAL_MESENCHYMAL_TRANSITION",0.702427953544055,0.0694233253947791,0.0247483278450845,0.0536578789561568
"HALLMARK_APOPTOSIS","HALLMARK_ESTROGEN_RESPONSE_EARLY",0.523154071215423,0.0749503919219388,0.0153272746461239,0.036107522002888
"HALLMARK_APOPTOSIS","HALLMARK_ESTROGEN_RESPONSE_LATE",0.67456924794472,-0.00563379064303695,0.855589627498597,0.895044657289309
"HALLMARK_APOPTOSIS","HALLMARK_FATTY_ACID_METABOLISM",0.643264088786982,0.0678892007548584,0.0281223468974106,0.0600172037444739
"HALLMARK_APOPTOSIS","HALLMARK_G2M_CHECKPOINT",0.146421176775897,0.0562818454153835,0.0688307601192342,0.12291207164149
"HALLMARK_APOPTOSIS","HALLMARK_GLYCOLYSIS",0.62120585711723,0.114795680207817,0.000198765949254787,0.000854344869603908
"HALLMARK_APOPTOSIS","HALLMARK_HEDGEHOG_SIGNALING",0.710416527967712,-0.0835296971723453,0.00687155547458978,0.0181024848524139
"HALLMARK_APOPTOSIS","HALLMARK_HEME_METABOLISM",0.783026516354152,-0.0211897443567105,0.49361244881339,0.592818872349415
"HALLMARK_APOPTOSIS","HALLMARK_HYPOXIA",0.811109398825425,-0.162904748298212,1.17219014943431e-07,9.14606963730595e-07
"HALLMARK_APOPTOSIS","HALLMARK_IL2_STAT5_SIGNALING",0.798031108896535,-0.0459596686379326,0.137429492482239,0.21611184632958
"HALLMARK_APOPTOSIS","HALLMARK_IL6_JAK_STAT3_SIGNALING",0.806363550542788,0.18551815941487,1.49046998846791e-09,1.57398770333896e-08
"HALLMARK_APOPTOSIS","HALLMARK_INFLAMMATORY_RESPONSE",0.72890481950386,-0.0653128014323494,0.0346803341225451,0.0705704473423884
"HALLMARK_APOPTOSIS","HALLMARK_INTERFERON_ALPHA_RESPONSE",0.436215043007925,-0.00826140393168216,0.78956558219678,0.840328269497008
"HALLMARK_APOPTOSIS","HALLMARK_INTERFERON_GAMMA_RESPONSE",0.566703259675871,0.00662775786689308,0.830468695973538,0.877003579799641
"HALLMARK_APOPTOSIS","HALLMARK_KRAS_SIGNALING_DN",0.529314703875362,0.0412277656921537,0.182742769829132,0.272667348405222
"HALLMARK_APOPTOSIS","HALLMARK_KRAS_SIGNALING_UP",0.771412753218287,-0.0646179200300099,0.0366579686188581,0.0736164123903298
"HALLMARK_APOPTOSIS","HALLMARK_MITOTIC_SPINDLE",0.333264355107704,0.0594819970503839,0.0544593370675703,0.101541381899199
"HALLMARK_APOPTOSIS","HALLMARK_MTORC1_SIGNALING",0.404341808760019,-0.0981078271894106,0.00148874496971602,0.00487623686604847
"HALLMARK_APOPTOSIS","HALLMARK_MYC_TARGETS_V1",0.393494997262208,0.033599547028126,0.277620065391222,0.377795704520228
"HALLMARK_APOPTOSIS","HALLMARK_MYC_TARGETS_V2",0.308914121118838,-0.17537094851462,1.13405991765497e-08,1.09387669222625e-07
"HALLMARK_APOPTOSIS","HALLMARK_MYOGENESIS",0.687506176649483,-0.0131244378126027,0.671580189006878,0.745861950619606
"HALLMARK_APOPTOSIS","HALLMARK_NOTCH_SIGNALING",0.788506230318742,0.0678220998587017,0.028278548607609,0.0602221262505161
"HALLMARK_APOPTOSIS","HALLMARK_OXIDATIVE_PHOSPHORYLATION",0.20271296568913,0.027696015783299,0.3708709969585,0.475226957399752
"HALLMARK_APOPTOSIS","HALLMARK_P53_PATHWAY",0.824291155839483,0.102735652974058,0.00087627809509811,0.00308459961636547
"HALLMARK_APOPTOSIS","HALLMARK_PANCREAS_BETA_CELLS",0.70274822866012,-0.0121344388145992,0.695060968228105,0.767763468060801
"HALLMARK_APOPTOSIS","HALLMARK_PEROXISOME",0.641606763995494,-0.0847620105267991,0.00608758152660643,0.0163455899860626
"HALLMARK_APOPTOSIS","HALLMARK_PI3K_AKT_MTOR_SIGNALING",0.800665179902513,0.136964202649008,8.77472848399374e-06,5.07030301551525e-05
"HALLMARK_APOPTOSIS","HALLMARK_PROTEIN_SECRETION",0.67468157480343,0.0239001414718712,0.440018130051159,0.542821963054048
"HALLMARK_APOPTOSIS","HALLMARK_REACTIVE_OXYGEN_SPECIES_PATHWAY",0.544623117190404,0.178086667725736,6.66339481652122e-09,6.58278923406331e-08
"HALLMARK_APOPTOSIS","HALLMARK_SPERMATOGENESIS",0.110699437788065,-0.0778524296372579,0.011778554242931,0.0285717404902783
"HALLMARK_APOPTOSIS","HALLMARK_TGF_BETA_SIGNALING",0.828279036211666,0.0928777880384924,0.00264051765846933,0.00788935154054861
"HALLMARK_APOPTOSIS","HALLMARK_TNFA_SIGNALING_VIA_NFKB",0.8192675183323,0.326620203025729,1.99767407211996e-27,8.43845082188603e-26
"HALLMARK_APOPTOSIS","HALLMARK_UNFOLDED_PROTEIN_RESPONSE",0.620173278119115,0.0274415586636144,0.37528429676565,0.480379585724055
"HALLMARK_APOPTOSIS","HALLMARK_UV_RESPONSE_DN",0.826003728405203,0.0362829303328726,0.241019363078045,0.339135019491866
"HALLMARK_APOPTOSIS","HALLMARK_UV_RESPONSE_UP",0.837542293255656,-0.0252343298154749,0.414911626078391,0.519169297186955
"HALLMARK_APOPTOSIS","HALLMARK_WNT_BETA_CATENIN_SIGNALING",0.748356472803064,0.00868318642575034,0.77909357940665,0.830626313988813
"HALLMARK_APOPTOSIS","HALLMARK_XENOBIOTIC_METABOLISM",0.764117201156948,-0.0138476180496525,0.654626305344684,0.731009320006598
"HALLMARK_BILE_ACID_METABOLISM","HALLMARK_CHOLESTEROL_HOMEOSTASIS",0.544445874726047,0.0918519419514974,0.00294516555510865,0.00867266299280792
"HALLMARK_BILE_ACID_METABOLISM","HALLMARK_COAGULATION",0.303477187935681,0.09733487554091,0.00162312227985503,0.00523243366532213
"HALLMARK_BILE_ACID_METABOLISM","HALLMARK_COMPLEMENT",0.294142327737122,-0.137424313284991,8.17951949334857e-06,4.77138637112e-05
"HALLMARK_BILE_ACID_METABOLISM","HALLMARK_DNA_REPAIR",0.571224013015383,0.0560733488441686,0.0698660822684078,0.124398184271511
"HALLMARK_BILE_ACID_METABOLISM","HALLMARK_E2F_TARGETS",0.0498390585590299,0.0900234259376623,0.00356866712358582,0.0103104179867751
"HALLMARK_BILE_ACID_METABOLISM","HALLMARK_EPITHELIAL_MESENCHYMAL_TRANSITION",0.326986030289201,-0.0522005269866654,0.0915269819103256,0.15774604267146
"HALLMARK_BILE_ACID_METABOLISM","HALLMARK_ESTROGEN_RESPONSE_EARLY",0.780128871033334,0.123411891628507,6.28324727856643e-05,0.000309033167477161
"HALLMARK_BILE_ACID_METABOLISM","HALLMARK_ESTROGEN_RESPONSE_LATE",0.782587225837244,-0.0850200614226254,0.00593397747231647,0.0159760931946982
"HALLMARK_BILE_ACID_METABOLISM","HALLMARK_FATTY_ACID_METABOLISM",0.873154777526381,-0.0869912814844809,0.0048710490656051,0.0136233678204709
"HALLMARK_BILE_ACID_METABOLISM","HALLMARK_G2M_CHECKPOINT",-0.00345201507284049,-0.0908859202349159,0.00326098418536652,0.009533903644568
"HALLMARK_BILE_ACID_METABOLISM","HALLMARK_GLYCOLYSIS",0.476311416657332,0.0380019962543627,0.219435080474249,0.31587305943708
"HALLMARK_BILE_ACID_METABOLISM","HALLMARK_HEDGEHOG_SIGNALING",0.44965769192833,-0.0689269570319041,0.0257995035517805,0.0554508874690265
"HALLMARK_BILE_ACID_METABOLISM","HALLMARK_HEME_METABOLISM",0.798532341939447,0.138022586960474,7.46303115926104e-06,4.45961618053403e-05
"HALLMARK_BILE_ACID_METABOLISM","HALLMARK_HYPOXIA",0.429683860314469,-0.0442312745201617,0.152856651609643,0.236091640441862
"HALLMARK_BILE_ACID_METABOLISM","HALLMARK_IL2_STAT5_SIGNALING",0.258230213595109,0.142122377661205,3.94123809203747e-06,2.47590598089534e-05
"HALLMARK_BILE_ACID_METABOLISM","HALLMARK_IL6_JAK_STAT3_SIGNALING",0.210773526444515,-0.0238062914020356,0.441816352796922,0.544344182646203
"HALLMARK_BILE_ACID_METABOLISM","HALLMARK_INFLAMMATORY_RESPONSE",0.073366987682301,0.00232597356520398,0.940106017234472,0.95969155926019
"HALLMARK_BILE_ACID_METABOLISM","HALLMARK_INTERFERON_ALPHA_RESPONSE",0.156736725974251,0.0493281338267552,0.110839792273753,0.183484791263983
"HALLMARK_BILE_ACID_METABOLISM","HALLMARK_INTERFERON_GAMMA_RESPONSE",0.151491823312709,-0.0521543385830223,0.091814635448776,0.15774604267146
"HALLMARK_BILE_ACID_METABOLISM","HALLMARK_KRAS_SIGNALING_DN",0.0349121444262801,-0.00084901723738399,0.978119942613205,0.98454965464353
"HALLMARK_BILE_ACID_METABOLISM","HALLMARK_KRAS_SIGNALING_UP",0.149511902777538,-0.037933307198109,0.220270038141225,0.316702813055166
"HALLMARK_BILE_ACID_METABOLISM","HALLMARK_MITOTIC_SPINDLE",0.185810911267952,0.0138958456087769,0.653501861234436,0.731009320006598
"HALLMARK_BILE_ACID_METABOLISM","HALLMARK_MTORC1_SIGNALING",0.433350368952111,-0.111069758743556,0.000319375052998264,0.00129978219243479
"HALLMARK_BILE_ACID_METABOLISM","HALLMARK_MYC_TARGETS_V1",0.368308519554719,-0.149611937822801,1.17188936141161e-06,7.7180885361786e-06
"HALLMARK_BILE_ACID_METABOLISM","HALLMARK_MYC_TARGETS_V2",0.254614828315086,-0.0451506291034002,0.144494557527386,0.225398624086909
"HALLMARK_BILE_ACID_METABOLISM","HALLMARK_MYOGENESIS",0.404648211868034,0.0465735639623632,0.132248389017465,0.209578624251481
"HALLMARK_BILE_ACID_METABOLISM","HALLMARK_NOTCH_SIGNALING",0.509931226456034,0.0171987525474491,0.578472885309866,0.667888109806395
"HALLMARK_BILE_ACID_METABOLISM","HALLMARK_OXIDATIVE_PHOSPHORYLATION",0.478309046987665,0.0627374898051788,0.0424966439318446,0.0832934221064154
"HALLMARK_BILE_ACID_METABOLISM","HALLMARK_P53_PATHWAY",0.527969458602839,-0.0236862895526166,0.44412176745428,0.545823900585414
"HALLMARK_BILE_ACID_METABOLISM","HALLMARK_PANCREAS_BETA_CELLS",0.658697059454709,0.0521610980424774,0.0917724934291209,0.15774604267146
"HALLMARK_BILE_ACID_METABOLISM","HALLMARK_PEROXISOME",0.959909035262998,0.713561162220302,1.60289547435811e-163,4.90886739022171e-161
"HALLMARK_BILE_ACID_METABOLISM","HALLMARK_PI3K_AKT_MTOR_SIGNALING",0.684075470950829,-0.0504717833301746,0.102796962276558,0.172265771256886
"HALLMARK_BILE_ACID_METABOLISM","HALLMARK_PROTEIN_SECRETION",0.775907878958917,0.152998194133947,6.63897946508016e-07,4.56896058692314e-06
"HALLMARK_BILE_ACID_METABOLISM","HALLMARK_REACTIVE_OXYGEN_SPECIES_PATHWAY",0.54069238561737,0.0278089213977459,0.368923110685003,0.474106953768437
"HALLMARK_BILE_ACID_METABOLISM","HALLMARK_SPERMATOGENESIS",-0.0385475759696369,0.0510488579025196,0.0989183751924377,0.166678142518207
"HALLMARK_BILE_ACID_METABOLISM","HALLMARK_TGF_BETA_SIGNALING",0.628682425819145,-0.106009031725115,0.000594487133708451,0.00219351427347245
"HALLMARK_BILE_ACID_METABOLISM","HALLMARK_TNFA_SIGNALING_VIA_NFKB",0.223357237726189,-0.0151029448837412,0.625619209573479,0.70699587797741
"HALLMARK_BILE_ACID_METABOLISM","HALLMARK_UNFOLDED_PROTEIN_RESPONSE",0.767251342641804,0.0161873538005923,0.601017094406669,0.684243439264099
"HALLMARK_BILE_ACID_METABOLISM","HALLMARK_UV_RESPONSE_DN",0.576865170366505,-0.0222073844902839,0.473090787498038,0.574366912472841
"HALLMARK_BILE_ACID_METABOLISM","HALLMARK_UV_RESPONSE_UP",0.454766917255927,0.0526075447788753,0.0890233007057292,0.154685877112792
"HALLMARK_BILE_ACID_METABOLISM","HALLMARK_WNT_BETA_CATENIN_SIGNALING",0.504736947507136,0.0307176513505278,0.320946727937902,0.425037558620465
"HALLMARK_BILE_ACID_METABOLISM","HALLMARK_XENOBIOTIC_METABOLISM",0.785825977819366,0.0451155441584638,0.144807116046039,0.225398624086909
"HALLMARK_CHOLESTEROL_HOMEOSTASIS","HALLMARK_COAGULATION",0.232230226495399,-0.0964268404599358,0.00179518032068625,0.00568241832775364
"HALLMARK_CHOLESTEROL_HOMEOSTASIS","HALLMARK_COMPLEMENT",0.204033635687305,-0.0293289349988314,0.343320983894446,0.449325005631085
"HALLMARK_CHOLESTEROL_HOMEOSTASIS","HALLMARK_DNA_REPAIR",0.602290138480683,0.19107892853924,4.66557531659907e-10,5.44317120269891e-09
"HALLMARK_CHOLESTEROL_HOMEOSTASIS","HALLMARK_E2F_TARGETS",0.471580882413552,-0.0995923648060577,0.00125894126076851,0.00425240555346308
"HALLMARK_CHOLESTEROL_HOMEOSTASIS","HALLMARK_EPITHELIAL_MESENCHYMAL_TRANSITION",0.252616367067263,0.12274030147729,6.89244625388597e-05,0.000331107712196483
"HALLMARK_CHOLESTEROL_HOMEOSTASIS","HALLMARK_ESTROGEN_RESPONSE_EARLY",0.325797913411279,-0.0842156132242352,0.00642468323607348,0.0169983519744925
"HALLMARK_CHOLESTEROL_HOMEOSTASIS","HALLMARK_ESTROGEN_RESPONSE_LATE",0.461925509051072,0.0428277546391299,0.1663245148681,0.253102522625369
"HALLMARK_CHOLESTEROL_HOMEOSTASIS","HALLMARK_FATTY_ACID_METABOLISM",0.657935080711318,0.102951121173355,0.000854468093429039,0.0030164939897711
"HALLMARK_CHOLESTEROL_HOMEOSTASIS","HALLMARK_G2M_CHECKPOINT",0.44487781214304,0.103518024526848,0.000799463513985689,0.00284434939457213
"HALLMARK_CHOLESTEROL_HOMEOSTASIS","HALLMARK_GLYCOLYSIS",0.677721956405966,-0.134658104400849,1.24353912883927e-05,6.8929205105344e-05
"HALLMARK_CHOLESTEROL_HOMEOSTASIS","HALLMARK_HEDGEHOG_SIGNALING",0.335084150948322,0.000976602752441489,0.974832949103574,0.982856265557101
"HALLMARK_CHOLESTEROL_HOMEOSTASIS","HALLMARK_HEME_METABOLISM",0.551730722328379,0.0960729393470476,0.00186665767462362,0.00586321961901009
"HALLMARK_CHOLESTEROL_HOMEOSTASIS","HALLMARK_HYPOXIA",0.394807748172473,-0.167933164595541,4.66487556215447e-08,3.96838372474947e-07
"HALLMARK_CHOLESTEROL_HOMEOSTASIS","HALLMARK_IL2_STAT5_SIGNALING",0.185795217750322,0.173613514905343,1.59285529764844e-08,1.45615502956667e-07
"HALLMARK_CHOLESTEROL_HOMEOSTASIS","HALLMARK_IL6_JAK_STAT3_SIGNALING",0.148550996651346,-0.202826939844329,3.57006702113234e-11,4.9696955691899e-10
"HALLMARK_CHOLESTEROL_HOMEOSTASIS","HALLMARK_INFLAMMATORY_RESPONSE",0.0807949322509025,-0.0060489800329184,0.84507706368692,0.888479493258973
"HALLMARK_CHOLESTEROL_HOMEOSTASIS","HALLMARK_INTERFERON_ALPHA_RESPONSE",0.153415101900216,2.24170614910597e-05,0.999422216735532,0.999422216735532
"HALLMARK_CHOLESTEROL_HOMEOSTASIS","HALLMARK_INTERFERON_GAMMA_RESPONSE",0.153993244345401,-0.00938806971517906,0.761682682456616,0.817645153522781
"HALLMARK_CHOLESTEROL_HOMEOSTASIS","HALLMARK_KRAS_SIGNALING_DN",0.084388268651252,0.0885014245587235,0.00417659925034003,0.0119261866705514
"HALLMARK_CHOLESTEROL_HOMEOSTASIS","HALLMARK_KRAS_SIGNALING_UP",0.138092824037585,-0.105846122663437,0.000606233884171356,0.00223013966399373
"HALLMARK_CHOLESTEROL_HOMEOSTASIS","HALLMARK_MITOTIC_SPINDLE",0.532776843267309,-0.0316802401384353,0.306009252381895,0.408345679921373
"HALLMARK_CHOLESTEROL_HOMEOSTASIS","HALLMARK_MTORC1_SIGNALING",0.77688305686948,0.395320893824982,1.85879679029161e-40,1.08429812767011e-38
"HALLMARK_CHOLESTEROL_HOMEOSTASIS","HALLMARK_MYC_TARGETS_V1",0.555196088987897,-0.209169976670444,8.33960427409492e-12,1.27700190447078e-10
"HALLMARK_CHOLESTEROL_HOMEOSTASIS","HALLMARK_MYC_TARGETS_V2",0.487453260912411,0.0769673672908596,0.0127746457747286,0.0305643380352393
"HALLMARK_CHOLESTEROL_HOMEOSTASIS","HALLMARK_MYOGENESIS",0.225176589193633,0.0347686384416411,0.26123378161805,0.361594782465662
"HALLMARK_CHOLESTEROL_HOMEOSTASIS","HALLMARK_NOTCH_SIGNALING",0.400979576875872,-0.00820494574953664,0.790970254607501,0.841092501644261
"HALLMARK_CHOLESTEROL_HOMEOSTASIS","HALLMARK_OXIDATIVE_PHOSPHORYLATION",0.478815427396027,-0.146375341311898,1.99404120029198e-06,1.28563182650404e-05
"HALLMARK_CHOLESTEROL_HOMEOSTASIS","HALLMARK_P53_PATHWAY",0.343555343456412,0.0960119782392865,0.00187923037707219,0.0058725949283506
"HALLMARK_CHOLESTEROL_HOMEOSTASIS","HALLMARK_PANCREAS_BETA_CELLS",0.421289996232793,0.0201224428554011,0.515636560932846,0.613853048729579
"HALLMARK_CHOLESTEROL_HOMEOSTASIS","HALLMARK_PEROXISOME",0.614298729441995,-0.131173093927388,2.08379083144484e-05,0.00011098451167478
"HALLMARK_CHOLESTEROL_HOMEOSTASIS","HALLMARK_PI3K_AKT_MTOR_SIGNALING",0.631421169602371,-0.0470490529529294,0.128340261430403,0.204443199287702
"HALLMARK_CHOLESTEROL_HOMEOSTASIS","HALLMARK_PROTEIN_SECRETION",0.609335418474321,-0.137928394562556,7.57171616509852e-06,4.48362710938091e-05
"HALLMARK_CHOLESTEROL_HOMEOSTASIS","HALLMARK_REACTIVE_OXYGEN_SPECIES_PATHWAY",0.529195199640806,0.0102536281899176,0.740467553329034,0.800593780077728
"HALLMARK_CHOLESTEROL_HOMEOSTASIS","HALLMARK_SPERMATOGENESIS",0.405792516929173,-0.0502987253624481,0.103983357202525,0.173541706502851
"HALLMARK_CHOLESTEROL_HOMEOSTASIS","HALLMARK_TGF_BETA_SIGNALING",0.469652502749251,-0.0341716141554808,0.269516472549416,0.369338420154091
"HALLMARK_CHOLESTEROL_HOMEOSTASIS","HALLMARK_TNFA_SIGNALING_VIA_NFKB",0.103245159471845,0.209263923781852,8.15902828099483e-12,1.2651657777492e-10
"HALLMARK_CHOLESTEROL_HOMEOSTASIS","HALLMARK_UNFOLDED_PROTEIN_RESPONSE",0.660076383607495,-0.0860453447629796,0.00535755426631516,0.0147483235421035
"HALLMARK_CHOLESTEROL_HOMEOSTASIS","HALLMARK_UV_RESPONSE_DN",0.335812450261346,-0.0815621290968712,0.00831215392221601,0.0212575961476297
"HALLMARK_CHOLESTEROL_HOMEOSTASIS","HALLMARK_UV_RESPONSE_UP",0.361784030412693,-0.135747346892878,1.0554600730837e-05,6.01366785826762e-05
"HALLMARK_CHOLESTEROL_HOMEOSTASIS","HALLMARK_WNT_BETA_CATENIN_SIGNALING",0.361947886830294,-0.0191620163048124,0.535881913764958,0.629340759223418
"HALLMARK_CHOLESTEROL_HOMEOSTASIS","HALLMARK_XENOBIOTIC_METABOLISM",0.493470833096302,-0.0486237853791239,0.116034975229151,0.190338002378532
"HALLMARK_COAGULATION","HALLMARK_COMPLEMENT",0.859744249010861,0.401158555108214,1.02371327459416e-41,6.96693756321025e-40
"HALLMARK_COAGULATION","HALLMARK_DNA_REPAIR",0.159368549984231,0.0420721942262907,0.17393413863889,0.261539727545888
"HALLMARK_COAGULATION","HALLMARK_E2F_TARGETS",-0.0109045996357137,-0.0701273861700349,0.0233209503799537,0.0513710485069932
"HALLMARK_COAGULATION","HALLMARK_EPITHELIAL_MESENCHYMAL_TRANSITION",0.933503838308201,0.545096878573182,5.2916773521146e-82,6.48230475634038e-80
"HALLMARK_COAGULATION","HALLMARK_ESTROGEN_RESPONSE_EARLY",0.301735705105838,0.048619476253458,0.116067336960623,0.190338002378532
"HALLMARK_COAGULATION","HALLMARK_ESTROGEN_RESPONSE_LATE",0.421736106588859,0.0169738932567637,0.583450597465035,0.671735885239349
"HALLMARK_COAGULATION","HALLMARK_FATTY_ACID_METABOLISM",0.338512262857972,0.0391044901481025,0.206342907629796,0.300558932041022
"HALLMARK_COAGULATION","HALLMARK_G2M_CHECKPOINT",-0.0241302798627853,0.0761243291428098,0.0137919297858738,0.0327424689684019
"HALLMARK_COAGULATION","HALLMARK_GLYCOLYSIS",0.50324865234965,-0.0907763299061991,0.00329869312696624,0.00959833510815592
"HALLMARK_COAGULATION","HALLMARK_HEDGEHOG_SIGNALING",0.705537995363755,-0.0364994638901895,0.238221264786686,0.336199365626372
"HALLMARK_COAGULATION","HALLMARK_HEME_METABOLISM",0.47251688660056,-0.0490970203578733,0.112523847810313,0.185770503460422
"HALLMARK_COAGULATION","HALLMARK_HYPOXIA",0.738842119961301,0.0164438085299308,0.595263276260068,0.680221561024798
"HALLMARK_COAGULATION","HALLMARK_IL2_STAT5_SIGNALING",0.698826820799369,0.0460929761767121,0.136291333244178,0.214597536277786
"HALLMARK_COAGULATION","HALLMARK_IL6_JAK_STAT3_SIGNALING",0.657093121690844,-0.115642193671292,0.000178107857022923,0.000779221874475288
"HALLMARK_COAGULATION","HALLMARK_INFLAMMATORY_RESPONSE",0.659154205436853,0.110071519916962,0.000361766855075179,0.00143418898856665
"HALLMARK_COAGULATION","HALLMARK_INTERFERON_ALPHA_RESPONSE",0.295427101127226,-0.00329601217452939,0.915207709138423,0.941334545503416
"HALLMARK_COAGULATION","HALLMARK_INTERFERON_GAMMA_RESPONSE",0.425644224345642,0.00177419155991318,0.954296499755507,0.969775105463232
"HALLMARK_COAGULATION","HALLMARK_KRAS_SIGNALING_DN",0.435054812943377,0.0845217178675518,0.00623382079653116,0.0165649251100882
"HALLMARK_COAGULATION","HALLMARK_KRAS_SIGNALING_UP",0.802385348260757,0.237567767368589,6.91955568283807e-15,1.46145788128908e-13
"HALLMARK_COAGULATION","HALLMARK_MITOTIC_SPINDLE",0.130235759086728,-0.0677847356617399,0.0283658504869778,0.0602221262505161
"HALLMARK_COAGULATION","HALLMARK_MTORC1_SIGNALING",0.196539053872981,0.0414209304031923,0.180699211335145,0.27060700964004
"HALLMARK_COAGULATION","HALLMARK_MYC_TARGETS_V1",0.10799078339519,-0.042506836847655,0.169525524818826,0.25606506523189
"HALLMARK_COAGULATION","HALLMARK_MYC_TARGETS_V2",0.0679377148602671,0.0258103001122245,0.404339840469671,0.508016722641381
"HALLMARK_COAGULATION","HALLMARK_MYOGENESIS",0.786855776640451,-0.0517716375197209,0.0942260296669469,0.160294052671258
"HALLMARK_COAGULATION","HALLMARK_NOTCH_SIGNALING",0.706469711203775,-0.123128296801358,6.53401220873988e-05,0.000317625593480411
"HALLMARK_COAGULATION","HALLMARK_OXIDATIVE_PHOSPHORYLATION",-0.0229532408760408,-0.0213012132899019,0.49134160865514,0.59067072679347
"HALLMARK_COAGULATION","HALLMARK_P53_PATHWAY",0.645620538708977,0.0286001744094017,0.35545107960217,0.460769918002812
"HALLMARK_COAGULATION","HALLMARK_PANCREAS_BETA_CELLS",0.592975705334637,0.0408041589173694,0.187284062081955,0.277080888949753
"HALLMARK_COAGULATION","HALLMARK_PEROXISOME",0.317109450067562,-0.115374289676704,0.000184416971212947,0.000803952988383844
"HALLMARK_COAGULATION","HALLMARK_PI3K_AKT_MTOR_SIGNALING",0.519823209545277,-0.0312209362764701,0.31307837831444,0.416418038474689
"HALLMARK_COAGULATION","HALLMARK_PROTEIN_SECRETION",0.401918575076533,-0.157109587841038,3.27492026254303e-07,2.37383273468356e-06
"HALLMARK_COAGULATION","HALLMARK_REACTIVE_OXYGEN_SPECIES_PATHWAY",0.346556941865902,0.109932350449649,0.000368077918072848,0.00145450145044916
"HALLMARK_COAGULATION","HALLMARK_SPERMATOGENESIS",-0.048376483792697,0.0291123866423753,0.346897505167606,0.453037786599486
"HALLMARK_COAGULATION","HALLMARK_TGF_BETA_SIGNALING",0.699923253972714,0.0808687252039632,0.00888079083362568,0.0226173986927057
"HALLMARK_COAGULATION","HALLMARK_TNFA_SIGNALING_VIA_NFKB",0.663210596960541,-0.0517530388181756,0.094344499572226,0.160294052671258
"HALLMARK_COAGULATION","HALLMARK_UNFOLDED_PROTEIN_RESPONSE",0.292292537765709,0.0659322710870042,0.0329947578326213,0.0679417630217051
"HALLMARK_COAGULATION","HALLMARK_UV_RESPONSE_DN",0.820130249876521,-0.103501050206871,0.000801061666226437,0.00284434939457213
"HALLMARK_COAGULATION","HALLMARK_UV_RESPONSE_UP",0.590669207756651,-0.0763458623107386,0.013517914428048,0.0321542624744831
"HALLMARK_COAGULATION","HALLMARK_WNT_BETA_CATENIN_SIGNALING",0.574697937792404,0.00614372811557628,0.842681834501059,0.886842995931098
"HALLMARK_COAGULATION","HALLMARK_XENOBIOTIC_METABOLISM",0.583065078259506,-0.0430538178484159,0.1640970290883,0.250334820215651
"HALLMARK_COMPLEMENT","HALLMARK_DNA_REPAIR",0.22824321620789,0.0164781146244798,0.594495492165092,0.6799785041104
"HALLMARK_COMPLEMENT","HALLMARK_E2F_TARGETS",0.107236907338555,-0.0105322379300434,0.733679579604759,0.79606508858798
"HALLMARK_COMPLEMENT","HALLMARK_EPITHELIAL_MESENCHYMAL_TRANSITION",0.710552969363015,0.00776464642875585,0.801947776967206,0.852026042311211
"HALLMARK_COMPLEMENT","HALLMARK_ESTROGEN_RESPONSE_EARLY",0.207443627269547,-0.0463738062324617,0.133917438426143,0.211675951060678
"HALLMARK_COMPLEMENT","HALLMARK_ESTROGEN_RESPONSE_LATE",0.374856304980173,0.03444147905652,0.265750534222652,0.3653697019335
"HALLMARK_COMPLEMENT","HALLMARK_FATTY_ACID_METABOLISM",0.376735313496263,-0.0217554519403428,0.482146092481548,0.581900456443248
"HALLMARK_COMPLEMENT","HALLMARK_G2M_CHECKPOINT",0.0900952286103987,0.0246163421333918,0.426434112345664,0.529495441741047
"HALLMARK_COMPLEMENT","HALLMARK_GLYCOLYSIS",0.499311693060093,0.161219089599713,1.58648253674991e-07,1.19965500464114e-06
"HALLMARK_COMPLEMENT","HALLMARK_HEDGEHOG_SIGNALING",0.60164984395276,0.00382042129912567,0.901780471758943,0.930649602278606
"HALLMARK_COMPLEMENT","HALLMARK_HEME_METABOLISM",0.542917246131028,0.0875607305874785,0.00459778357118104,0.0129776149186562
"HALLMARK_COMPLEMENT","HALLMARK_HYPOXIA",0.708997785751171,-0.0845556885111342,0.0062129567875863,0.0165453740538983
"HALLMARK_COMPLEMENT","HALLMARK_IL2_STAT5_SIGNALING",0.910481796827388,-0.0261741413533637,0.397745360214566,0.502307284807055
"HALLMARK_COMPLEMENT","HALLMARK_IL6_JAK_STAT3_SIGNALING",0.911971227433767,0.192947438285715,3.13311439820707e-10,3.87683347252895e-09
"HALLMARK_COMPLEMENT","HALLMARK_INFLAMMATORY_RESPONSE",0.903020431858534,-0.00537420595570231,0.862175442153989,0.898099418910405
"HALLMARK_COMPLEMENT","HALLMARK_INTERFERON_ALPHA_RESPONSE",0.517035762539377,-0.0649383296004676,0.0357344703193811,0.0723549192417221
"HALLMARK_COMPLEMENT","HALLMARK_INTERFERON_GAMMA_RESPONSE",0.688316418018329,0.069429243191477,0.0247360223670675,0.0536578789561568
"HALLMARK_COMPLEMENT","HALLMARK_KRAS_SIGNALING_DN",0.617876301481727,-0.0922711696206813,0.00281699189998526,0.00835548444910882
"HALLMARK_COMPLEMENT","HALLMARK_KRAS_SIGNALING_UP",0.940110595451625,0.197479197713993,1.17313128926551e-10,1.51272192563185e-09
"HALLMARK_COMPLEMENT","HALLMARK_MITOTIC_SPINDLE",0.221640308125985,0.0108482181129847,0.726006230439028,0.790540117589164
"HALLMARK_COMPLEMENT","HALLMARK_MTORC1_SIGNALING",0.252470006500778,-0.0804270889828603,0.00926080797752839,0.0233425715482969
"HALLMARK_COMPLEMENT","HALLMARK_MYC_TARGETS_V1",0.18168434928235,-0.0748860954366932,0.0154155451361025,0.0362457635157881
"HALLMARK_COMPLEMENT","HALLMARK_MYC_TARGETS_V2",0.144234119036247,-0.0335819038318204,0.277872595732837,0.377795704520228
"HALLMARK_COMPLEMENT","HALLMARK_MYOGENESIS",0.630640480570923,0.026897952314646,0.384820560209802,0.489517327369685
"HALLMARK_COMPLEMENT","HALLMARK_NOTCH_SIGNALING",0.630731067858454,0.0547524032129763,0.0767257220812377,0.135041680387236
"HALLMARK_COMPLEMENT","HALLMARK_OXIDATIVE_PHOSPHORYLATION",0.00398917641552905,-0.011290878675521,0.715302711915492,0.78306150321401
"HALLMARK_COMPLEMENT","HALLMARK_P53_PATHWAY",0.662760524406092,0.0966766926615374,0.00174624003040139,0.00554182393067799
"HALLMARK_COMPLEMENT","HALLMARK_PANCREAS_BETA_CELLS",0.529560371913317,-0.013901298462077,0.653374775220855,0.731009320006598
"HALLMARK_COMPLEMENT","HALLMARK_PEROXISOME",0.343960354455551,0.0969704215651453,0.00169027331324356,0.00539214793938375
"HALLMARK_COMPLEMENT","HALLMARK_PI3K_AKT_MTOR_SIGNALING",0.579251343364436,-0.109410919679278,0.000392649290609423,0.00154165186216841
"HALLMARK_COMPLEMENT","HALLMARK_PROTEIN_SECRETION",0.411254508826292,0.0996841918865477,0.00124586152431221,0.00423332279431588
"HALLMARK_COMPLEMENT","HALLMARK_REACTIVE_OXYGEN_SPECIES_PATHWAY",0.45439506778205,0.0741626728039147,0.016439923665409,0.0382868944679201
"HALLMARK_COMPLEMENT","HALLMARK_SPERMATOGENESIS",0.0677333796565936,-0.0569545191398267,0.0655760018836003,0.117980292047594
"HALLMARK_COMPLEMENT","HALLMARK_TGF_BETA_SIGNALING",0.632001231128395,-0.0951660544987456,0.00206190018632047,0.00639450057782929
"HALLMARK_COMPLEMENT","HALLMARK_TNFA_SIGNALING_VIA_NFKB",0.828290606509016,-0.0963189424998933,0.00181670168447516,0.00573572052443834
"HALLMARK_COMPLEMENT","HALLMARK_UNFOLDED_PROTEIN_RESPONSE",0.32127579003743,0.00687965316581611,0.824128767344861,0.871811519859633
"HALLMARK_COMPLEMENT","HALLMARK_UV_RESPONSE_DN",0.699384168935387,0.0777750743110616,0.0118627844351223,0.0287191915672427
"HALLMARK_COMPLEMENT","HALLMARK_UV_RESPONSE_UP",0.697571431461965,0.119154931616613,0.000112066652257432,0.000516096424869755
"HALLMARK_COMPLEMENT","HALLMARK_WNT_BETA_CATENIN_SIGNALING",0.555173625270364,-0.0427522442625612,0.167073582886666,0.253926971508891
"HALLMARK_COMPLEMENT","HALLMARK_XENOBIOTIC_METABOLISM",0.608777817457988,0.125664031886296,4.59111270197091e-05,0.000229555635098545
"HALLMARK_DNA_REPAIR","HALLMARK_E2F_TARGETS",0.672838535055899,0.401018047145848,1.09844779612049e-41,7.08209763288208e-40
"HALLMARK_DNA_REPAIR","HALLMARK_EPITHELIAL_MESENCHYMAL_TRANSITION",0.148404472650708,0.00339714018523378,0.912616374655295,0.939458032733392
"HALLMARK_DNA_REPAIR","HALLMARK_ESTROGEN_RESPONSE_EARLY",0.359335581729038,0.0184760664277327,0.55058216845294,0.642345863195097
"HALLMARK_DNA_REPAIR","HALLMARK_ESTROGEN_RESPONSE_LATE",0.508762325715599,0.0554773206211936,0.0728963323691289,0.129230111652942
"HALLMARK_DNA_REPAIR","HALLMARK_FATTY_ACID_METABOLISM",0.667116125489438,-0.153244112876556,6.36749888230192e-07,4.43192393796583e-06
"HALLMARK_DNA_REPAIR","HALLMARK_G2M_CHECKPOINT",0.612218438015793,-0.167708905519812,4.86345400381034e-08,4.10878010666736e-07
"HALLMARK_DNA_REPAIR","HALLMARK_GLYCOLYSIS",0.697753240488412,0.0724141229370595,0.0191659562662471,0.0433979601222785
"HALLMARK_DNA_REPAIR","HALLMARK_HEDGEHOG_SIGNALING",0.350949588319462,-0.0191399154662115,0.536352451125917,0.629340759223418
"HALLMARK_DNA_REPAIR","HALLMARK_HEME_METABOLISM",0.746294314984634,0.229969122914538,5.07809231802195e-14,1.03677718159615e-12
"HALLMARK_DNA_REPAIR","HALLMARK_HYPOXIA",0.446626912749259,0.0259470624642823,0.401853450079843,0.506451107353711
"HALLMARK_DNA_REPAIR","HALLMARK_IL2_STAT5_SIGNALING",0.288600529542205,-0.110444059321228,0.000345366624351263,0.00138259514650424
"HALLMARK_DNA_REPAIR","HALLMARK_IL6_JAK_STAT3_SIGNALING",0.254828134867493,0.03327619460127,0.282273071329973,0.382357168044938
"HALLMARK_DNA_REPAIR","HALLMARK_INFLAMMATORY_RESPONSE",0.140751392622739,-0.0157093451346519,0.611808064972603,0.693456439555311
"HALLMARK_DNA_REPAIR","HALLMARK_INTERFERON_ALPHA_RESPONSE",0.28548056164561,0.0847235731704973,0.0061107647566067,0.0163455899860626
"HALLMARK_DNA_REPAIR","HALLMARK_INTERFERON_GAMMA_RESPONSE",0.272060395010943,-0.0613468129714164,0.0473037911348967,0.0913992809783098
"HALLMARK_DNA_REPAIR","HALLMARK_KRAS_SIGNALING_DN",0.189726449982946,-0.153403898221467,6.19686537202101e-07,4.33780576041471e-06
"HALLMARK_DNA_REPAIR","HALLMARK_KRAS_SIGNALING_UP",0.167413179501793,0.0313260308849137,0.311451474189909,0.414704408568086
"HALLMARK_DNA_REPAIR","HALLMARK_MITOTIC_SPINDLE",0.66169778451487,-0.132653720415229,1.67604272202801e-05,9.04472394045954e-05
"HALLMARK_DNA_REPAIR","HALLMARK_MTORC1_SIGNALING",0.731104841007745,-0.251959601597248,1.30693473657771e-16,3.07883663905325e-15
"HALLMARK_DNA_REPAIR","HALLMARK_MYC_TARGETS_V1",0.882910805371904,0.117068202237929,0.000147798981559922,0.000663200558281702
"HALLMARK_DNA_REPAIR","HALLMARK_MYC_TARGETS_V2",0.819850645746909,0.334366709731819,9.71328205960174e-29,4.75950820920485e-27
"HALLMARK_DNA_REPAIR","HALLMARK_MYOGENESIS",0.236934836872248,0.134786446852548,1.21982202938191e-05,6.82320541549243e-05
"HALLMARK_DNA_REPAIR","HALLMARK_NOTCH_SIGNALING",0.426571037351781,-0.0521189796435325,0.0920353347558058,0.157903760610451
"HALLMARK_DNA_REPAIR","HALLMARK_OXIDATIVE_PHOSPHORYLATION",0.750958902069785,0.468882126716965,2.73404434902579e-58,2.23280288503773e-56
"HALLMARK_DNA_REPAIR","HALLMARK_P53_PATHWAY",0.521456878553867,-0.0482191745392283,0.119104631835032,0.192861566332303
"HALLMARK_DNA_REPAIR","HALLMARK_PANCREAS_BETA_CELLS",0.529620900644799,0.043348634949589,0.161225900279771,0.246568948617627
"HALLMARK_DNA_REPAIR","HALLMARK_PEROXISOME",0.623478347208255,0.0832799372565447,0.00704107426978667,0.0184301623514715
"HALLMARK_DNA_REPAIR","HALLMARK_PI3K_AKT_MTOR_SIGNALING",0.716486972455665,0.190514118773626,5.25819726733453e-10,5.96415893748592e-09
"HALLMARK_DNA_REPAIR","HALLMARK_PROTEIN_SECRETION",0.610430020112406,0.0584087926368349,0.0589714229270867,0.108468458086608
"HALLMARK_DNA_REPAIR","HALLMARK_REACTIVE_OXYGEN_SPECIES_PATHWAY",0.580872966279502,-0.0579663265494154,0.0609198375239357,0.111549777229927
"HALLMARK_DNA_REPAIR","HALLMARK_SPERMATOGENESIS",0.576951057090339,0.0333282933285213,0.281519829066714,0.381906744857945
"HALLMARK_DNA_REPAIR","HALLMARK_TGF_BETA_SIGNALING",0.504493583010602,0.210391666145543,6.26852785087121e-12,1.0103877128049e-10
"HALLMARK_DNA_REPAIR","HALLMARK_TNFA_SIGNALING_VIA_NFKB",0.223878056361439,-0.116959859139972,0.000149919622305418,0.000670261085124586
"HALLMARK_DNA_REPAIR","HALLMARK_UNFOLDED_PROTEIN_RESPONSE",0.79019151766833,0.0671993543811445,0.029764171648562,0.0623266842213477
"HALLMARK_DNA_REPAIR","HALLMARK_UV_RESPONSE_DN",0.279181705987658,-0.206590493772276,1.51504299301978e-11,2.20943769815385e-10
"HALLMARK_DNA_REPAIR","HALLMARK_UV_RESPONSE_UP",0.559631777740928,0.0604339257063979,0.0507013905911017,0.095699851269799
"HALLMARK_DNA_REPAIR","HALLMARK_WNT_BETA_CATENIN_SIGNALING",0.582847433483959,0.102288415828789,0.000923202648763966,0.00322200354625601
"HALLMARK_DNA_REPAIR","HALLMARK_XENOBIOTIC_METABOLISM",0.468324302288897,-0.0375630285552553,0.224810210901026,0.320596633706353
"HALLMARK_E2F_TARGETS","HALLMARK_EPITHELIAL_MESENCHYMAL_TRANSITION",-0.0203670917676921,0.0827677008935179,0.00740052261728823,0.0192068648435976
"HALLMARK_E2F_TARGETS","HALLMARK_ESTROGEN_RESPONSE_EARLY",-0.14003786677297,-0.0674608863138282,0.0291322904019091,0.0613179651930218
"HALLMARK_E2F_TARGETS","HALLMARK_ESTROGEN_RESPONSE_LATE",0.105441553234649,0.00409937530449914,0.894649160530575,0.924848288312198
"HALLMARK_E2F_TARGETS","HALLMARK_FATTY_ACID_METABOLISM",0.219475701666643,0.206497732861266,1.54769731255827e-11,2.21366247732344e-10
"HALLMARK_E2F_TARGETS","HALLMARK_G2M_CHECKPOINT",0.993026348144177,0.759429083202481,4.02408258045176e-197,1.64316705368447e-194
"HALLMARK_E2F_TARGETS","HALLMARK_GLYCOLYSIS",0.600876312615003,-0.0461724691269768,0.135616100909394,0.213994409692746
"HALLMARK_E2F_TARGETS","HALLMARK_HEDGEHOG_SIGNALING",0.137643643206497,0.0322631895179232,0.297190424744265,0.399186699903206
"HALLMARK_E2F_TARGETS","HALLMARK_HEME_METABOLISM",0.309234302356324,0.0730230390838711,0.0181748948826955,0.0414604212873407
"HALLMARK_E2F_TARGETS","HALLMARK_HYPOXIA",0.197053165560378,-0.0468048252514813,0.130336264703936,0.207084207862933
"HALLMARK_E2F_TARGETS","HALLMARK_IL2_STAT5_SIGNALING",0.193207791509732,0.0484929366542483,0.117020816663784,0.191134000550846
"HALLMARK_E2F_TARGETS","HALLMARK_IL6_JAK_STAT3_SIGNALING",0.212817892971381,0.106774845964824,0.000542048691910132,0.00203061054308842
"HALLMARK_E2F_TARGETS","HALLMARK_INFLAMMATORY_RESPONSE",0.169733360930612,0.061574246956638,0.0464877268509742,0.0901067490386762
"HALLMARK_E2F_TARGETS","HALLMARK_INTERFERON_ALPHA_RESPONSE",0.254931526182109,0.0235289660688937,0.447154549055771,0.548312635228548
"HALLMARK_E2F_TARGETS","HALLMARK_INTERFERON_GAMMA_RESPONSE",0.267623106032624,-0.0426534387805847,0.168057559596675,0.254161124081391
"HALLMARK_E2F_TARGETS","HALLMARK_KRAS_SIGNALING_DN",0.197718518659163,0.0446752526173078,0.148773607742351,0.230985639397187
"HALLMARK_E2F_TARGETS","HALLMARK_KRAS_SIGNALING_UP",0.136587199412401,0.0140586039563458,0.649712895934468,0.729512646672524
"HALLMARK_E2F_TARGETS","HALLMARK_MITOTIC_SPINDLE",0.95871686236501,-0.0408867144316064,0.186392556515959,0.276104151308448
"HALLMARK_E2F_TARGETS","HALLMARK_MTORC1_SIGNALING",0.754132114243789,0.173927946510897,1.49930191700897e-08,1.39139761237575e-07
"HALLMARK_E2F_TARGETS","HALLMARK_MYC_TARGETS_V1",0.778409041515418,0.121492429349878,8.1753446063878e-05,0.000383708702790232
"HALLMARK_E2F_TARGETS","HALLMARK_MYC_TARGETS_V2",0.670271130592853,-0.166466056868826,6.12130166631296e-08,4.99906302748892e-07
"HALLMARK_E2F_TARGETS","HALLMARK_MYOGENESIS",-0.110405250794185,-0.0987401125080392,0.0013865174305915,0.00457812359157571
"HALLMARK_E2F_TARGETS","HALLMARK_NOTCH_SIGNALING",0.169817337855444,-0.136632632963389,9.22904074399749e-06,5.28297893055931e-05
"HALLMARK_E2F_TARGETS","HALLMARK_OXIDATIVE_PHOSPHORYLATION",0.353561243829909,-0.259641797546519,1.41312431655084e-17,3.60641101619745e-16
"HALLMARK_E2F_TARGETS","HALLMARK_P53_PATHWAY",0.13504659760796,0.333561556150751,1.33541757361438e-28,6.2918712602985e-27
"HALLMARK_E2F_TARGETS","HALLMARK_PANCREAS_BETA_CELLS",0.155027235195527,-0.122018795879229,7.60890231834866e-05,0.000364097864842856
"HALLMARK_E2F_TARGETS","HALLMARK_PEROXISOME",0.157501295255308,-0.107474413475357,0.000497939245152905,0.00189433408482083
"HALLMARK_E2F_TARGETS","HALLMARK_PI3K_AKT_MTOR_SIGNALING",0.483667576478363,-0.0254843656876506,0.410302382693108,0.514452833980612
"HALLMARK_E2F_TARGETS","HALLMARK_PROTEIN_SECRETION",0.34853357413267,-0.0597443576401964,0.0534011492994875,0.0997201339815125
"HALLMARK_E2F_TARGETS","HALLMARK_REACTIVE_OXYGEN_SPECIES_PATHWAY",0.340626778560041,-0.0708786394967374,0.0218771364270815,0.048549804570969
"HALLMARK_E2F_TARGETS","HALLMARK_SPERMATOGENESIS",0.977568651216217,-0.0332621672170846,0.282476111902587,0.382357168044938
"HALLMARK_E2F_TARGETS","HALLMARK_TGF_BETA_SIGNALING",0.212514043026996,-0.118989732995843,0.000114567982177406,0.000525639618604204
"HALLMARK_E2F_TARGETS","HALLMARK_TNFA_SIGNALING_VIA_NFKB",0.0730099355725635,-0.119476240082867,0.000107348227054114,0.000496232370344487
"HALLMARK_E2F_TARGETS","HALLMARK_UNFOLDED_PROTEIN_RESPONSE",0.435792008166878,-0.0610290622124326,0.0484640413172113,0.0929083734171891
"HALLMARK_E2F_TARGETS","HALLMARK_UV_RESPONSE_DN",-0.00556392501260597,0.0606820506394493,0.0497583051510812,0.0946489500156436
"HALLMARK_E2F_TARGETS","HALLMARK_UV_RESPONSE_UP",0.310039704639541,0.0796236836727958,0.00998942681539199,0.0247078548249485
"HALLMARK_E2F_TARGETS","HALLMARK_WNT_BETA_CATENIN_SIGNALING",0.247454074558125,0.0261981658782166,0.397312215508674,0.502307284807055
"HALLMARK_E2F_TARGETS","HALLMARK_XENOBIOTIC_METABOLISM",0.0330266961410343,-0.0776772117474292,0.0119701083623617,0.0288082175714991
"HALLMARK_EPITHELIAL_MESENCHYMAL_TRANSITION","HALLMARK_ESTROGEN_RESPONSE_EARLY",0.336304123799513,0.0202568386419734,0.512835506948231,0.611112350205819
"HALLMARK_EPITHELIAL_MESENCHYMAL_TRANSITION","HALLMARK_ESTROGEN_RESPONSE_LATE",0.424329105857178,-0.0561605599339807,0.0694314795232468,0.123804312104771
"HALLMARK_EPITHELIAL_MESENCHYMAL_TRANSITION","HALLMARK_FATTY_ACID_METABOLISM",0.34100354445911,-0.0696450680718663,0.0242908373871733,0.0529471099631446
"HALLMARK_EPITHELIAL_MESENCHYMAL_TRANSITION","HALLMARK_G2M_CHECKPOINT",-0.0334382304014875,-0.0897828282419721,0.00365908042431466,0.0105467612230246
"HALLMARK_EPITHELIAL_MESENCHYMAL_TRANSITION","HALLMARK_GLYCOLYSIS",0.503372236781982,0.222554725828097,3.31989519763115e-13,5.89401683637415e-12
"HALLMARK_EPITHELIAL_MESENCHYMAL_TRANSITION","HALLMARK_HEDGEHOG_SIGNALING",0.750519400438329,0.00644846341466925,0.834988089404055,0.880258527986203
"HALLMARK_EPITHELIAL_MESENCHYMAL_TRANSITION","HALLMARK_HEME_METABOLISM",0.45235690891712,-0.0800417097962964,0.00960418572994461,0.0240595654789001
"HALLMARK_EPITHELIAL_MESENCHYMAL_TRANSITION","HALLMARK_HYPOXIA",0.71389046458246,-0.0274116423785029,0.375805284383895,0.480544335459574
"HALLMARK_EPITHELIAL_MESENCHYMAL_TRANSITION","HALLMARK_IL2_STAT5_SIGNALING",0.531237615980295,-0.063478024950846,0.0401097373904158,0.0795055474162773
"HALLMARK_EPITHELIAL_MESENCHYMAL_TRANSITION","HALLMARK_IL6_JAK_STAT3_SIGNALING",0.477369883414657,-0.00172643803171351,0.955525348811528,0.969775105463232
"HALLMARK_EPITHELIAL_MESENCHYMAL_TRANSITION","HALLMARK_INFLAMMATORY_RESPONSE",0.464913849884449,-0.0445388431304753,0.150019149736961,0.232624630921236
"HALLMARK_EPITHELIAL_MESENCHYMAL_TRANSITION","HALLMARK_INTERFERON_ALPHA_RESPONSE",0.146172004582418,-0.0701085939806835,0.0233581012395063,0.0513710485069932
"HALLMARK_EPITHELIAL_MESENCHYMAL_TRANSITION","HALLMARK_INTERFERON_GAMMA_RESPONSE",0.250079611991926,0.0660439154038915,0.032698542812032,0.0675475800079919
"HALLMARK_EPITHELIAL_MESENCHYMAL_TRANSITION","HALLMARK_KRAS_SIGNALING_DN",0.292134589391673,-0.14598314463557,2.1250748039013e-06,1.3629406464812e-05
"HALLMARK_EPITHELIAL_MESENCHYMAL_TRANSITION","HALLMARK_KRAS_SIGNALING_UP",0.638091514113727,-0.312188539361153,4.43990618955659e-25,1.59967208300201e-23
"HALLMARK_EPITHELIAL_MESENCHYMAL_TRANSITION","HALLMARK_MITOTIC_SPINDLE",0.139854552482664,0.0610679015719328,0.0483209533290721,0.0928201150218632
"HALLMARK_EPITHELIAL_MESENCHYMAL_TRANSITION","HALLMARK_MTORC1_SIGNALING",0.193135568517595,-0.0483646335019872,0.117993844193512,0.192460387094555
"HALLMARK_EPITHELIAL_MESENCHYMAL_TRANSITION","HALLMARK_MYC_TARGETS_V1",0.108588522072852,-0.0373291744318451,0.227711791283402,0.32435691200252
"HALLMARK_EPITHELIAL_MESENCHYMAL_TRANSITION","HALLMARK_MYC_TARGETS_V2",0.0481679424401971,0.0489265015505119,0.113779231987387,0.187590254622542
"HALLMARK_EPITHELIAL_MESENCHYMAL_TRANSITION","HALLMARK_MYOGENESIS",0.812712451613785,0.25699073846349,3.0705354135714e-17,7.52281176324992e-16
"HALLMARK_EPITHELIAL_MESENCHYMAL_TRANSITION","HALLMARK_NOTCH_SIGNALING",0.736338354429737,0.126597587701791,4.02491853250199e-05,0.000202070705012907
"HALLMARK_EPITHELIAL_MESENCHYMAL_TRANSITION","HALLMARK_OXIDATIVE_PHOSPHORYLATION",-0.0405643053027486,0.111293516015164,0.000310532622155438,0.00127651832933024
"HALLMARK_EPITHELIAL_MESENCHYMAL_TRANSITION","HALLMARK_P53_PATHWAY",0.595453005741472,-0.0195361964344918,0.52794708113708,0.622211065030984
"HALLMARK_EPITHELIAL_MESENCHYMAL_TRANSITION","HALLMARK_PANCREAS_BETA_CELLS",0.612992169988913,-0.000142503131673487,0.996327099273801,0.997956415871141
"HALLMARK_EPITHELIAL_MESENCHYMAL_TRANSITION","HALLMARK_PEROXISOME",0.331460422828705,0.0438468919927552,0.156459901790605,0.240481028473641
"HALLMARK_EPITHELIAL_MESENCHYMAL_TRANSITION","HALLMARK_PI3K_AKT_MTOR_SIGNALING",0.511918753712411,-0.0921673115064329,0.00284826228870989,0.00842782923591694
"HALLMARK_EPITHELIAL_MESENCHYMAL_TRANSITION","HALLMARK_PROTEIN_SECRETION",0.444416365332679,-0.00392047651081718,0.8992216723234,0.928791356320544
"HALLMARK_EPITHELIAL_MESENCHYMAL_TRANSITION","HALLMARK_REACTIVE_OXYGEN_SPECIES_PATHWAY",0.26098699154209,-0.105319911067651,0.000645666949372351,0.00235399408625336
"HALLMARK_EPITHELIAL_MESENCHYMAL_TRANSITION","HALLMARK_SPERMATOGENESIS",-0.0603354880670944,-0.0199357208843617,0.519541306753275,0.61610658351671
"HALLMARK_EPITHELIAL_MESENCHYMAL_TRANSITION","HALLMARK_TGF_BETA_SIGNALING",0.72713469560816,-0.0287341189088189,0.353201574768226,0.459800137184992
"HALLMARK_EPITHELIAL_MESENCHYMAL_TRANSITION","HALLMARK_TNFA_SIGNALING_VIA_NFKB",0.518227850994101,0.0327281147546909,0.290279875397255,0.39109374925452
"HALLMARK_EPITHELIAL_MESENCHYMAL_TRANSITION","HALLMARK_UNFOLDED_PROTEIN_RESPONSE",0.301859208951683,-0.121605237239396,8.05069602475551e-05,0.000380665643811352
"HALLMARK_EPITHELIAL_MESENCHYMAL_TRANSITION","HALLMARK_UV_RESPONSE_DN",0.8648596036768,0.228580910440614,7.25369239758284e-14,1.45668412902278e-12
"HALLMARK_EPITHELIAL_MESENCHYMAL_TRANSITION","HALLMARK_UV_RESPONSE_UP",0.510903333883427,0.0696756409024956,0.0242283385412452,0.0529471099631446
"HALLMARK_EPITHELIAL_MESENCHYMAL_TRANSITION","HALLMARK_WNT_BETA_CATENIN_SIGNALING",0.579528071578444,-0.00573405552439253,0.853048509463437,0.89314908042112
"HALLMARK_EPITHELIAL_MESENCHYMAL_TRANSITION","HALLMARK_XENOBIOTIC_METABOLISM",0.54402812561718,0.0448770181800543,0.146945782174603,0.228437288279046
"HALLMARK_ESTROGEN_RESPONSE_EARLY","HALLMARK_ESTROGEN_RESPONSE_LATE",0.926090610476202,0.871259684502666,0,0
"HALLMARK_ESTROGEN_RESPONSE_EARLY","HALLMARK_FATTY_ACID_METABOLISM",0.643407143529339,-0.0590057211043467,0.0564249506451356,0.104569689168368
"HALLMARK_ESTROGEN_RESPONSE_EARLY","HALLMARK_G2M_CHECKPOINT",-0.174985464606711,-0.0677318143416409,0.0284898984889488,0.0603808402231182
"HALLMARK_ESTROGEN_RESPONSE_EARLY","HALLMARK_GLYCOLYSIS",0.194439961665028,-0.0816109346153286,0.00827338331579838,0.0212575961476297
"HALLMARK_ESTROGEN_RESPONSE_EARLY","HALLMARK_HEDGEHOG_SIGNALING",0.406634916084803,-0.0169100981769252,0.58486645092754,0.672733711160786
"HALLMARK_ESTROGEN_RESPONSE_EARLY","HALLMARK_HEME_METABOLISM",0.596497850995251,0.0480842984580732,0.120141900549601,0.194160723183722
"HALLMARK_ESTROGEN_RESPONSE_EARLY","HALLMARK_HYPOXIA",0.350975125473748,0.0470558066103268,0.128285404753421,0.204443199287702
"HALLMARK_ESTROGEN_RESPONSE_EARLY","HALLMARK_IL2_STAT5_SIGNALING",0.190652149530105,0.127844423751873,3.37128355700233e-05,0.000170653816418506
"HALLMARK_ESTROGEN_RESPONSE_EARLY","HALLMARK_IL6_JAK_STAT3_SIGNALING",0.105922220014382,-0.0345657945772372,0.264027953113433,0.364394263774578
"HALLMARK_ESTROGEN_RESPONSE_EARLY","HALLMARK_INFLAMMATORY_RESPONSE",-0.00890446143391968,-0.0566240646629537,0.0671587281900899,0.120453063005652
"HALLMARK_ESTROGEN_RESPONSE_EARLY","HALLMARK_INTERFERON_ALPHA_RESPONSE",0.0696938789547155,0.0970648454850648,0.00167263491018856,0.0053498113968172
"HALLMARK_ESTROGEN_RESPONSE_EARLY","HALLMARK_INTERFERON_GAMMA_RESPONSE",0.046640306750037,-0.086583349783536,0.00507573594926722,0.0140356129522626
"HALLMARK_ESTROGEN_RESPONSE_EARLY","HALLMARK_KRAS_SIGNALING_DN",-0.0588274976187658,-0.0831577774919672,0.0071253451637453,0.0185713783523149
"HALLMARK_ESTROGEN_RESPONSE_EARLY","HALLMARK_KRAS_SIGNALING_UP",0.0807308646771041,-0.0664647290501276,0.0316023919423008,0.0656151358124042
"HALLMARK_ESTROGEN_RESPONSE_EARLY","HALLMARK_MITOTIC_SPINDLE",-0.00462719101718153,0.200339018106315,6.23494836612099e-11,8.30196929184589e-10
"HALLMARK_ESTROGEN_RESPONSE_EARLY","HALLMARK_MTORC1_SIGNALING",0.143681069174722,-0.0165571711579078,0.592727898406483,0.678590350979384
"HALLMARK_ESTROGEN_RESPONSE_EARLY","HALLMARK_MYC_TARGETS_V1",0.17285706446541,0.017130398320863,0.579983933430863,0.669002183100572
"HALLMARK_ESTROGEN_RESPONSE_EARLY","HALLMARK_MYC_TARGETS_V2",0.0878782158249733,0.0496702919605431,0.108383148406632,0.179904277504234
"HALLMARK_ESTROGEN_RESPONSE_EARLY","HALLMARK_MYOGENESIS",0.41070415764771,-0.0939459280629194,0.00235412069113869,0.00710295036119431
"HALLMARK_ESTROGEN_RESPONSE_EARLY","HALLMARK_NOTCH_SIGNALING",0.422966831062189,-0.139079139671912,6.34164579742183e-06,3.8458000504167e-05
"HALLMARK_ESTROGEN_RESPONSE_EARLY","HALLMARK_OXIDATIVE_PHOSPHORYLATION",0.265545346649585,0.0302248817178553,0.328774598419398,0.434464814524016
"HALLMARK_ESTROGEN_RESPONSE_EARLY","HALLMARK_P53_PATHWAY",0.464938709957206,-0.0753015396112678,0.0148529921513578,0.0350576404343224
"HALLMARK_ESTROGEN_RESPONSE_EARLY","HALLMARK_PANCREAS_BETA_CELLS",0.528613556069416,-0.0276966347499338,0.370860300986047,0.475226957399752
"HALLMARK_ESTROGEN_RESPONSE_EARLY","HALLMARK_PEROXISOME",0.720164289758422,-0.0256755584220629,0.406798460573737,0.510582084224209
"HALLMARK_ESTROGEN_RESPONSE_EARLY","HALLMARK_PI3K_AKT_MTOR_SIGNALING",0.486666241371139,0.00987933897311702,0.749618404652791,0.807636363851952
"HALLMARK_ESTROGEN_RESPONSE_EARLY","HALLMARK_PROTEIN_SECRETION",0.544947353999035,-0.148949571167727,1.30776233726632e-06,8.56689231631677e-06
"HALLMARK_ESTROGEN_RESPONSE_EARLY","HALLMARK_REACTIVE_OXYGEN_SPECIES_PATHWAY",0.275055995331628,-0.00711526247138296,0.818209084555612,0.867046824031682
"HALLMARK_ESTROGEN_RESPONSE_EARLY","HALLMARK_SPERMATOGENESIS",-0.218059607069314,-0.11722280921101,0.000144821594083023,0.000654636357017356
"HALLMARK_ESTROGEN_RESPONSE_EARLY","HALLMARK_TGF_BETA_SIGNALING",0.535466761697452,-0.201836180384886,4.46152237963579e-11,6.07262768339315e-10
"HALLMARK_ESTROGEN_RESPONSE_EARLY","HALLMARK_TNFA_SIGNALING_VIA_NFKB",0.21168337569744,0.0711746301271105,0.0213299788836839,0.0475076802409324
"HALLMARK_ESTROGEN_RESPONSE_EARLY","HALLMARK_UNFOLDED_PROTEIN_RESPONSE",0.616525947894354,0.200564235356396,5.92979921474657e-11,7.98242201985116e-10
"HALLMARK_ESTROGEN_RESPONSE_EARLY","HALLMARK_UV_RESPONSE_DN",0.59628789803488,0.148632311820167,1.37808350368291e-06,8.97953346814665e-06
"HALLMARK_ESTROGEN_RESPONSE_EARLY","HALLMARK_UV_RESPONSE_UP",0.374879728983415,-0.112489478479884,0.000267026301583475,0.00111640689228586
"HALLMARK_ESTROGEN_RESPONSE_EARLY","HALLMARK_WNT_BETA_CATENIN_SIGNALING",0.435850024001602,0.186480016394971,1.22226342309174e-09,1.30197625503251e-08
"HALLMARK_ESTROGEN_RESPONSE_EARLY","HALLMARK_XENOBIOTIC_METABOLISM",0.64295401473028,0.0145526674354897,0.638266868038783,0.718636868885578
"HALLMARK_ESTROGEN_RESPONSE_LATE","HALLMARK_FATTY_ACID_METABOLISM",0.712182648039737,0.0770066969715977,0.0127288496147729,0.0305643380352393
"HALLMARK_ESTROGEN_RESPONSE_LATE","HALLMARK_G2M_CHECKPOINT",0.0711840979587805,0.125388472295494,4.77215406080187e-05,0.000237637753027735
"HALLMARK_ESTROGEN_RESPONSE_LATE","HALLMARK_GLYCOLYSIS",0.408798701229707,0.00281485746117694,0.927548823138828,0.950039555472461
"HALLMARK_ESTROGEN_RESPONSE_LATE","HALLMARK_HEDGEHOG_SIGNALING",0.522832717018875,0.0419554222226711,0.175133014231095,0.262914145138592
"HALLMARK_ESTROGEN_RESPONSE_LATE","HALLMARK_HEME_METABOLISM",0.701394142112032,-0.0742544184284644,0.0163067878383343,0.0381946751471502
"HALLMARK_ESTROGEN_RESPONSE_LATE","HALLMARK_HYPOXIA",0.516101844815582,-0.00972534841768241,0.753393586124461,0.809567669300407
"HALLMARK_ESTROGEN_RESPONSE_LATE","HALLMARK_IL2_STAT5_SIGNALING",0.342271420685461,-0.0689259673170531,0.0258016374345674,0.0554508874690265
"HALLMARK_ESTROGEN_RESPONSE_LATE","HALLMARK_IL6_JAK_STAT3_SIGNALING",0.286735876406285,0.022033691140037,0.476559955735328,0.576294122187342
"HALLMARK_ESTROGEN_RESPONSE_LATE","HALLMARK_INFLAMMATORY_RESPONSE",0.173560236893649,-0.0239191638422076,0.439654161952789,0.542821963054048
"HALLMARK_ESTROGEN_RESPONSE_LATE","HALLMARK_INTERFERON_ALPHA_RESPONSE",0.185337831377362,-0.00116251398013516,0.970044085793017,0.980974499982033
"HALLMARK_ESTROGEN_RESPONSE_LATE","HALLMARK_INTERFERON_GAMMA_RESPONSE",0.195954749779458,-0.00541987600755351,0.861016059083366,0.897655040320956
"HALLMARK_ESTROGEN_RESPONSE_LATE","HALLMARK_KRAS_SIGNALING_DN",0.117818496004239,0.0603991910526032,0.0508345972372403,0.0958036640240298
"HALLMARK_ESTROGEN_RESPONSE_LATE","HALLMARK_KRAS_SIGNALING_UP",0.256365998065514,0.0396464518352858,0.200118833049345,0.293236328331875
"HALLMARK_ESTROGEN_RESPONSE_LATE","HALLMARK_MITOTIC_SPINDLE",0.2430317504677,-0.210260850152766,6.46364370873856e-12,1.02830695366295e-10
"HALLMARK_ESTROGEN_RESPONSE_LATE","HALLMARK_MTORC1_SIGNALING",0.346362697071349,-0.013990972253377,0.651286250450198,0.729941131565867
"HALLMARK_ESTROGEN_RESPONSE_LATE","HALLMARK_MYC_TARGETS_V1",0.342971573970627,-0.0518693878220648,0.0936053368619735,0.159702698685122
"HALLMARK_ESTROGEN_RESPONSE_LATE","HALLMARK_MYC_TARGETS_V2",0.216913235392496,-0.105742120494082,0.000613845509462765,0.00225137948829906
"HALLMARK_ESTROGEN_RESPONSE_LATE","HALLMARK_MYOGENESIS",0.484519059181403,0.0356487195489938,0.249347483838697,0.347893698977681
"HALLMARK_ESTROGEN_RESPONSE_LATE","HALLMARK_NOTCH_SIGNALING",0.559574748092685,0.114659189548937,0.000202300230302839,0.000863476592756022
"HALLMARK_ESTROGEN_RESPONSE_LATE","HALLMARK_OXIDATIVE_PHOSPHORYLATION",0.324936297371373,-0.0429566052493484,0.165052135365888,0.251478688834842
"HALLMARK_ESTROGEN_RESPONSE_LATE","HALLMARK_P53_PATHWAY",0.599400241146892,0.0858253464684078,0.00547680272003174,0.0150211936706355
"HALLMARK_ESTROGEN_RESPONSE_LATE","HALLMARK_PANCREAS_BETA_CELLS",0.618826012899367,-0.00881671526683234,0.775786557931956,0.828542749317041
"HALLMARK_ESTROGEN_RESPONSE_LATE","HALLMARK_PEROXISOME",0.76344796166443,0.0522862616237278,0.0909949587612224,0.157441842489403
"HALLMARK_ESTROGEN_RESPONSE_LATE","HALLMARK_PI3K_AKT_MTOR_SIGNALING",0.665574449448423,-0.0192794277013175,0.533385655046782,0.627060870856341
"HALLMARK_ESTROGEN_RESPONSE_LATE","HALLMARK_PROTEIN_SECRETION",0.659510850971075,0.105024918095202,0.000668802141568191,0.00240965477476775
"HALLMARK_ESTROGEN_RESPONSE_LATE","HALLMARK_REACTIVE_OXYGEN_SPECIES_PATHWAY",0.418856539647889,-0.0213293059398036,0.490770191541149,0.590563344438023
"HALLMARK_ESTROGEN_RESPONSE_LATE","HALLMARK_SPERMATOGENESIS",0.0315105395504553,0.140940595654129,4.74635405125215e-06,2.93650692564843e-05
"HALLMARK_ESTROGEN_RESPONSE_LATE","HALLMARK_TGF_BETA_SIGNALING",0.665606565676349,0.129416929194043,2.68980040892503e-05,0.000140213000039709
"HALLMARK_ESTROGEN_RESPONSE_LATE","HALLMARK_TNFA_SIGNALING_VIA_NFKB",0.367216468942878,-0.0237893824112766,0.44214078508814,0.544344182646203
"HALLMARK_ESTROGEN_RESPONSE_LATE","HALLMARK_UNFOLDED_PROTEIN_RESPONSE",0.701802451529899,-0.0571048176317922,0.0648663680949033,0.117199558873535
"HALLMARK_ESTROGEN_RESPONSE_LATE","HALLMARK_UV_RESPONSE_DN",0.670587352862249,-0.0377346921277062,0.222697123500637,0.319068978114948
"HALLMARK_ESTROGEN_RESPONSE_LATE","HALLMARK_UV_RESPONSE_UP",0.564855335823316,0.134349113423264,1.302454814434e-05,7.18696913370111e-05
"HALLMARK_ESTROGEN_RESPONSE_LATE","HALLMARK_WNT_BETA_CATENIN_SIGNALING",0.546085838301645,-0.212773351711395,3.57502045837278e-12,6.08250008542592e-11
"HALLMARK_ESTROGEN_RESPONSE_LATE","HALLMARK_XENOBIOTIC_METABOLISM",0.718644388368408,0.0283241919916432,0.3601143963035,0.465194349060322
"HALLMARK_FATTY_ACID_METABOLISM","HALLMARK_G2M_CHECKPOINT",0.161327218118676,-0.273225693809545,2.30223929336413e-19,6.71486460564539e-18
"HALLMARK_FATTY_ACID_METABOLISM","HALLMARK_GLYCOLYSIS",0.644650064314392,0.180455336292952,4.16230794655313e-09,4.26833887278825e-08
"HALLMARK_FATTY_ACID_METABOLISM","HALLMARK_HEDGEHOG_SIGNALING",0.482536377551228,-0.0709931563871671,0.0216640149089198,0.0481640984817183
"HALLMARK_FATTY_ACID_METABOLISM","HALLMARK_HEME_METABOLISM",0.832359720906268,0.0868384199275336,0.00494685993706259,0.013772507779322
"HALLMARK_FATTY_ACID_METABOLISM","HALLMARK_HYPOXIA",0.542087215573089,-0.0456696320113033,0.139931050714915,0.218921503353475
"HALLMARK_FATTY_ACID_METABOLISM","HALLMARK_IL2_STAT5_SIGNALING",0.325824699101644,-0.0726340102455464,0.0188027595837267,0.0426544083149356
"HALLMARK_FATTY_ACID_METABOLISM","HALLMARK_IL6_JAK_STAT3_SIGNALING",0.294388871813469,-0.0953641680484424,0.00201771718349548,0.00628932200962332
"HALLMARK_FATTY_ACID_METABOLISM","HALLMARK_INFLAMMATORY_RESPONSE",0.172375858971561,-0.0127956774669214,0.679343666360746,0.753118544155578
"HALLMARK_FATTY_ACID_METABOLISM","HALLMARK_INTERFERON_ALPHA_RESPONSE",0.182555006130174,-0.139704439221705,5.75583528075431e-06,3.52544910946201e-05
"HALLMARK_FATTY_ACID_METABOLISM","HALLMARK_INTERFERON_GAMMA_RESPONSE",0.20667814872365,0.137882154531916,7.62562221651816e-06,4.49105154578594e-05
"HALLMARK_FATTY_ACID_METABOLISM","HALLMARK_KRAS_SIGNALING_DN",0.12816923192283,0.0300063239576504,0.332285723030198,0.43787153518367
"HALLMARK_FATTY_ACID_METABOLISM","HALLMARK_KRAS_SIGNALING_UP",0.238857055217696,0.0375942498319001,0.224424833112366,0.320420070585838
"HALLMARK_FATTY_ACID_METABOLISM","HALLMARK_MITOTIC_SPINDLE",0.329795752361881,0.167201088053174,5.34382601952002e-08,4.39341400933693e-07
"HALLMARK_FATTY_ACID_METABOLISM","HALLMARK_MTORC1_SIGNALING",0.601641440825365,-0.129215506061602,2.76914459892609e-05,0.000143737378545952
"HALLMARK_FATTY_ACID_METABOLISM","HALLMARK_MYC_TARGETS_V1",0.541886207389475,0.0915818869200422,0.00303052250181591,0.00888131594431695
"HALLMARK_FATTY_ACID_METABOLISM","HALLMARK_MYC_TARGETS_V2",0.433869490831614,0.0568248388804539,0.0661934115308994,0.118895790506381
"HALLMARK_FATTY_ACID_METABOLISM","HALLMARK_MYOGENESIS",0.420338895276215,0.0604727633692171,0.0505527948806727,0.0955666261247284
"HALLMARK_FATTY_ACID_METABOLISM","HALLMARK_NOTCH_SIGNALING",0.570848790270919,0.0472399247858406,0.126796903214409,0.20277572641991
"HALLMARK_FATTY_ACID_METABOLISM","HALLMARK_OXIDATIVE_PHOSPHORYLATION",0.596589872589429,0.238887149946681,4.86029950777221e-15,1.08252125400381e-13
"HALLMARK_FATTY_ACID_METABOLISM","HALLMARK_P53_PATHWAY",0.581797345307169,-0.0478430076163155,0.122015160709606,0.196669173512195
"HALLMARK_FATTY_ACID_METABOLISM","HALLMARK_PANCREAS_BETA_CELLS",0.652025572542654,-0.0640398213445748,0.0383755838908176,0.0766771067726517
"HALLMARK_FATTY_ACID_METABOLISM","HALLMARK_PEROXISOME",0.924975121608599,0.272378426828746,2.99702762914182e-19,8.53804382720635e-18
"HALLMARK_FATTY_ACID_METABOLISM","HALLMARK_PI3K_AKT_MTOR_SIGNALING",0.770987767722191,0.0451343408518343,0.144639599140717,0.225398624086909
"HALLMARK_FATTY_ACID_METABOLISM","HALLMARK_PROTEIN_SECRETION",0.78543534471706,0.130537142816881,2.28646452940683e-05,0.000120211117962376
"HALLMARK_FATTY_ACID_METABOLISM","HALLMARK_REACTIVE_OXYGEN_SPECIES_PATHWAY",0.673860922080321,-0.173148564682601,1.74164450951625e-08,1.5687606795275e-07
"HALLMARK_FATTY_ACID_METABOLISM","HALLMARK_SPERMATOGENESIS",0.122636124013281,0.0050703390055462,0.869896862748824,0.904604122977342
"HALLMARK_FATTY_ACID_METABOLISM","HALLMARK_TGF_BETA_SIGNALING",0.642853267821269,-0.154877326936475,4.81750550169518e-07,3.45113698220853e-06
"HALLMARK_FATTY_ACID_METABOLISM","HALLMARK_TNFA_SIGNALING_VIA_NFKB",0.289048271229218,-0.00222688847740444,0.942652975774223,0.959855167493657
"HALLMARK_FATTY_ACID_METABOLISM","HALLMARK_UNFOLDED_PROTEIN_RESPONSE",0.815989176361903,0.0573058222510991,0.0639272256219702,0.115844454714369
"HALLMARK_FATTY_ACID_METABOLISM","HALLMARK_UV_RESPONSE_DN",0.571963018712304,0.0153646274760675,0.619642741696224,0.701536375765133
"HALLMARK_FATTY_ACID_METABOLISM","HALLMARK_UV_RESPONSE_UP",0.552706284420556,-0.0291294933550963,0.346614111529356,0.453037786599486
"HALLMARK_FATTY_ACID_METABOLISM","HALLMARK_WNT_BETA_CATENIN_SIGNALING",0.567203434161927,0.121579083598514,8.07943407273074e-05,0.000380665643811352
"HALLMARK_FATTY_ACID_METABOLISM","HALLMARK_XENOBIOTIC_METABOLISM",0.842626704397646,0.325689729064549,2.85575040926838e-27,1.16609808378459e-25
"HALLMARK_G2M_CHECKPOINT","HALLMARK_GLYCOLYSIS",0.564678115351877,0.0195221201335943,0.528244496026305,0.622211065030984
"HALLMARK_G2M_CHECKPOINT","HALLMARK_HEDGEHOG_SIGNALING",0.108952686304387,-0.099119331107373,0.00132834814259726,0.00444597397454
"HALLMARK_G2M_CHECKPOINT","HALLMARK_HEME_METABOLISM",0.247956117479949,-0.126897704351898,3.85741995672992e-05,0.00019445841345655
"HALLMARK_G2M_CHECKPOINT","HALLMARK_HYPOXIA",0.156386471424884,0.00250392799380166,0.93553329388369,0.956617934063039
"HALLMARK_G2M_CHECKPOINT","HALLMARK_IL2_STAT5_SIGNALING",0.172761068015993,-0.00294710565559482,0.924154933642914,0.948148905956926
"HALLMARK_G2M_CHECKPOINT","HALLMARK_IL6_JAK_STAT3_SIGNALING",0.196247521762217,-0.173809631444976,1.53386146517907e-08,1.41276713898072e-07
"HALLMARK_G2M_CHECKPOINT","HALLMARK_INFLAMMATORY_RESPONSE",0.162976111364874,-0.0584728521456144,0.0586936629956026,0.108119905518215
"HALLMARK_G2M_CHECKPOINT","HALLMARK_INTERFERON_ALPHA_RESPONSE",0.253058415859173,-0.0214213572842413,0.488900327340289,0.588891741388254
"HALLMARK_G2M_CHECKPOINT","HALLMARK_INTERFERON_GAMMA_RESPONSE",0.264350606634961,0.0413046492313656,0.181927351347996,0.271971808910532
"HALLMARK_G2M_CHECKPOINT","HALLMARK_KRAS_SIGNALING_DN",0.186610852020677,-0.0324050733359732,0.295069946775188,0.396773528868941
"HALLMARK_G2M_CHECKPOINT","HALLMARK_KRAS_SIGNALING_UP",0.125901488122693,0.0192825397346883,0.53331957070467,0.627060870856341
"HALLMARK_G2M_CHECKPOINT","HALLMARK_MITOTIC_SPINDLE",0.958393044665652,0.516733549275818,1.81203824842672e-72,2.01795168574794e-70
"HALLMARK_G2M_CHECKPOINT","HALLMARK_MTORC1_SIGNALING",0.727900739978519,-0.0391139531239766,0.206233040946432,0.300558932041022
"HALLMARK_G2M_CHECKPOINT","HALLMARK_MYC_TARGETS_V1",0.734066506413169,-0.0101339174757667,0.743390398052843,0.803045183081775
"HALLMARK_G2M_CHECKPOINT","HALLMARK_MYC_TARGETS_V2",0.625000455303675,0.10246419047862,0.000904489567053387,0.00316571348468685
"HALLMARK_G2M_CHECKPOINT","HALLMARK_MYOGENESIS",-0.141025780091971,0.0937002378486295,0.00241735968388924,0.00725800395285372
"HALLMARK_G2M_CHECKPOINT","HALLMARK_NOTCH_SIGNALING",0.138398294411027,0.0950665986091869,0.00208441325058575,0.00644799553527158
"HALLMARK_G2M_CHECKPOINT","HALLMARK_OXIDATIVE_PHOSPHORYLATION",0.304359216886522,0.211942834349682,4.35164288511163e-12,7.30241443049554e-11
"HALLMARK_G2M_CHECKPOINT","HALLMARK_P53_PATHWAY",0.0746792275227781,-0.34702435191431,5.74584667932196e-31,3.06028790529104e-29
"HALLMARK_G2M_CHECKPOINT","HALLMARK_PANCREAS_BETA_CELLS",0.119841503139523,0.0960120019620766,0.00187922546938019,0.0058725949283506
"HALLMARK_G2M_CHECKPOINT","HALLMARK_PEROXISOME",0.10517692069097,0.0103024209075026,0.739277304870712,0.800012984511151
"HALLMARK_G2M_CHECKPOINT","HALLMARK_PI3K_AKT_MTOR_SIGNALING",0.438914651153404,0.0221499631120151,0.474236123785748,0.575187377858952
"HALLMARK_G2M_CHECKPOINT","HALLMARK_PROTEIN_SECRETION",0.313056040913138,-0.0697516131039061,0.0240736339355533,0.0527552800913287
"HALLMARK_G2M_CHECKPOINT","HALLMARK_REACTIVE_OXYGEN_SPECIES_PATHWAY",0.306999146185693,0.0607838571067504,0.0493756269291547,0.0942136183617048
"HALLMARK_G2M_CHECKPOINT","HALLMARK_SPERMATOGENESIS",0.986870476693205,0.236694717838067,8.73144957952376e-15,1.81288571778247e-13
"HALLMARK_G2M_CHECKPOINT","HALLMARK_TGF_BETA_SIGNALING",0.177947415734324,-0.0210646317531393,0.496167904635792,0.594721803501805
"HALLMARK_G2M_CHECKPOINT","HALLMARK_TNFA_SIGNALING_VIA_NFKB",0.0500793062852173,0.127867305467612,3.3602862151995e-05,0.000170653816418506
"HALLMARK_G2M_CHECKPOINT","HALLMARK_UNFOLDED_PROTEIN_RESPONSE",0.385504992866644,0.0161364516198286,0.602162112339016,0.684452414205568
"HALLMARK_G2M_CHECKPOINT","HALLMARK_UV_RESPONSE_DN",-0.0317330398473288,-0.0365187035381694,0.237973757822883,0.336199365626372
"HALLMARK_G2M_CHECKPOINT","HALLMARK_UV_RESPONSE_UP",0.26758322761394,-0.0253756732372975,0.412302310576358,0.516431830732146
"HALLMARK_G2M_CHECKPOINT","HALLMARK_WNT_BETA_CATENIN_SIGNALING",0.194684221141779,0.0738670969053102,0.0168753518759129,0.0391956144161273
"HALLMARK_G2M_CHECKPOINT","HALLMARK_XENOBIOTIC_METABOLISM",-0.0110564544908121,0.174125134623716,1.44337527613155e-08,1.34972115516118e-07
"HALLMARK_GLYCOLYSIS","HALLMARK_HEDGEHOG_SIGNALING",0.566060795681479,0.0978092153018837,0.00153939631996235,0.00500201722003682
"HALLMARK_GLYCOLYSIS","HALLMARK_HEME_METABOLISM",0.674956486428688,0.0384141756080905,0.214472419574691,0.310520659109888
"HALLMARK_GLYCOLYSIS","HALLMARK_HYPOXIA",0.740890916414435,0.555229488708554,1.23251084509265e-85,1.67758420582055e-83
"HALLMARK_GLYCOLYSIS","HALLMARK_IL2_STAT5_SIGNALING",0.441520103532539,0.174702588736754,1.29098957706727e-08,1.23551736867766e-07
"HALLMARK_GLYCOLYSIS","HALLMARK_IL6_JAK_STAT3_SIGNALING",0.439830895994286,-0.00241736923338719,0.937757255026032,0.958092274734687
"HALLMARK_GLYCOLYSIS","HALLMARK_INFLAMMATORY_RESPONSE",0.368304144406578,0.0546486267679,0.0772870871469745,0.135639945207799
"HALLMARK_GLYCOLYSIS","HALLMARK_INTERFERON_ALPHA_RESPONSE",0.288205991103463,0.207814484236553,1.14239277166519e-11,1.70662334791446e-10
"HALLMARK_GLYCOLYSIS","HALLMARK_INTERFERON_GAMMA_RESPONSE",0.343011354354849,-0.206479821459385,1.55408141265156e-11,2.21366247732344e-10
"HALLMARK_GLYCOLYSIS","HALLMARK_KRAS_SIGNALING_DN",0.294316637308416,0.0412926346583662,0.182054598617662,0.271971808910532
"HALLMARK_GLYCOLYSIS","HALLMARK_KRAS_SIGNALING_UP",0.448669269676347,-0.0666831786973992,0.0310458804658826,0.064899664796427
"HALLMARK_GLYCOLYSIS","HALLMARK_MITOTIC_SPINDLE",0.67494117616599,-0.0174299640979002,0.573375435690059,0.663879875917129
"HALLMARK_GLYCOLYSIS","HALLMARK_MTORC1_SIGNALING",0.873509227773293,0.499564140108365,4.0391097138131e-67,3.80608415340081e-65
"HALLMARK_GLYCOLYSIS","HALLMARK_MYC_TARGETS_V1",0.717581711623363,-0.107891717559356,0.000473243081136934,0.00181163366997733
"HALLMARK_GLYCOLYSIS","HALLMARK_MYC_TARGETS_V2",0.617517401835301,0.0881843509777039,0.00431449049788385,0.0122061220783088
"HALLMARK_GLYCOLYSIS","HALLMARK_MYOGENESIS",0.395768054761173,-0.167480589570461,5.07402088716043e-08,4.22835073930036e-07
"HALLMARK_GLYCOLYSIS","HALLMARK_NOTCH_SIGNALING",0.618682317977298,0.0971717241303786,0.00165287407576813,0.00531435890502878
"HALLMARK_GLYCOLYSIS","HALLMARK_OXIDATIVE_PHOSPHORYLATION",0.485960711852149,-0.0138139177333471,0.655412506006785,0.731220692038535
"HALLMARK_GLYCOLYSIS","HALLMARK_P53_PATHWAY",0.563487766777166,-0.0796079832254595,0.0100041599944281,0.0247078548249485
"HALLMARK_GLYCOLYSIS","HALLMARK_PANCREAS_BETA_CELLS",0.575853964112463,-0.0140154115327066,0.650717526249713,0.729941131565867
"HALLMARK_GLYCOLYSIS","HALLMARK_PEROXISOME",0.584763903776776,0.024087187787906,0.436446746787224,0.540047742236716
"HALLMARK_GLYCOLYSIS","HALLMARK_PI3K_AKT_MTOR_SIGNALING",0.800177759574734,0.0695528573161913,0.0244801861106184,0.0532650585888234
"HALLMARK_GLYCOLYSIS","HALLMARK_PROTEIN_SECRETION",0.704778200758437,-0.0277915214979287,0.369222884812318,0.474106953768437
"HALLMARK_GLYCOLYSIS","HALLMARK_REACTIVE_OXYGEN_SPECIES_PATHWAY",0.638178239754494,0.0607399956880927,0.0495401933351629,0.0943806171626354
"HALLMARK_GLYCOLYSIS","HALLMARK_SPERMATOGENESIS",0.543200041132493,0.0944219182614497,0.00223588883696091,0.00679643629101022
"HALLMARK_GLYCOLYSIS","HALLMARK_TGF_BETA_SIGNALING",0.645455855289863,-0.100988408916024,0.00107312510969049,0.00369263556003049
"HALLMARK_GLYCOLYSIS","HALLMARK_TNFA_SIGNALING_VIA_NFKB",0.377528865174557,-0.0677864427878434,0.0283618567180217,0.0602221262505161
"HALLMARK_GLYCOLYSIS","HALLMARK_UNFOLDED_PROTEIN_RESPONSE",0.711084271656362,-0.0815989163806185,0.00828291545454836,0.0212575961476297
"HALLMARK_GLYCOLYSIS","HALLMARK_UV_RESPONSE_DN",0.503289559796862,-0.191215839184593,4.53203318325193e-10,5.33821216296501e-09
"HALLMARK_GLYCOLYSIS","HALLMARK_UV_RESPONSE_UP",0.602960708645643,-0.193720263356456,2.65426798088228e-10,3.31783497610285e-09
"HALLMARK_GLYCOLYSIS","HALLMARK_WNT_BETA_CATENIN_SIGNALING",0.576638820501711,-0.0600016565810632,0.0523800871753408,0.0985646801686521
"HALLMARK_GLYCOLYSIS","HALLMARK_XENOBIOTIC_METABOLISM",0.544165354764239,-0.0108918656220897,0.724948417432247,0.790540117589164
"HALLMARK_HEDGEHOG_SIGNALING","HALLMARK_HEME_METABOLISM",0.674690754547013,0.117184853018787,0.000145547277733487,0.000655497850086476
"HALLMARK_HEDGEHOG_SIGNALING","HALLMARK_HYPOXIA",0.720296523998429,-0.0434365918126369,0.1603766975748,0.245576818161412
"HALLMARK_HEDGEHOG_SIGNALING","HALLMARK_IL2_STAT5_SIGNALING",0.517300406123475,0.00936520880785974,0.762245522712666,0.817645153522781
"HALLMARK_HEDGEHOG_SIGNALING","HALLMARK_IL6_JAK_STAT3_SIGNALING",0.455476847523402,-0.0482411763859663,0.118936092833955,0.192861566332303
"HALLMARK_HEDGEHOG_SIGNALING","HALLMARK_INFLAMMATORY_RESPONSE",0.381246914235506,-0.0776884046169023,0.0119577899841146,0.0288082175714991
"HALLMARK_HEDGEHOG_SIGNALING","HALLMARK_INTERFERON_ALPHA_RESPONSE",0.112546390507674,-0.11242210298778,0.000269317143510428,0.00111900727746847
"HALLMARK_HEDGEHOG_SIGNALING","HALLMARK_INTERFERON_GAMMA_RESPONSE",0.213651579980757,0.121628651060989,8.02505041383067e-05,0.000380665643811352
"HALLMARK_HEDGEHOG_SIGNALING","HALLMARK_KRAS_SIGNALING_DN",0.306123410192451,-0.0815722746208507,0.00830408108378155,0.0212575961476297
"HALLMARK_HEDGEHOG_SIGNALING","HALLMARK_KRAS_SIGNALING_UP",0.551097606894043,0.14453414942636,2.68453719267874e-06,1.71279065678722e-05
"HALLMARK_HEDGEHOG_SIGNALING","HALLMARK_MITOTIC_SPINDLE",0.315375110790169,0.0457238041877974,0.139461179038441,0.218465401946408
"HALLMARK_HEDGEHOG_SIGNALING","HALLMARK_MTORC1_SIGNALING",0.309241681514665,-0.0522475423284692,0.0912349216276834,0.157634385040779
"HALLMARK_HEDGEHOG_SIGNALING","HALLMARK_MYC_TARGETS_V1",0.299202231140739,-0.0269945154107305,0.38311587140805,0.488562255494245
"HALLMARK_HEDGEHOG_SIGNALING","HALLMARK_MYC_TARGETS_V2",0.223938500380023,-0.012192126481033,0.693684419720163,0.766934489311552
"HALLMARK_HEDGEHOG_SIGNALING","HALLMARK_MYOGENESIS",0.743130496489752,0.0616167476199716,0.0463365484718758,0.0899560568590299
"HALLMARK_HEDGEHOG_SIGNALING","HALLMARK_NOTCH_SIGNALING",0.846684467093695,0.0415130503793927,0.179730630267097,0.269485951134876
"HALLMARK_HEDGEHOG_SIGNALING","HALLMARK_OXIDATIVE_PHOSPHORYLATION",0.0163734296370021,-0.0408861653113685,0.186398476026193,0.276104151308448
"HALLMARK_HEDGEHOG_SIGNALING","HALLMARK_P53_PATHWAY",0.662111853900412,-0.0187319725788544,0.5450748603026,0.636526886435353
"HALLMARK_HEDGEHOG_SIGNALING","HALLMARK_PANCREAS_BETA_CELLS",0.642407106506542,0.111549754488173,0.00030068791750293,0.00124021110754576
"HALLMARK_HEDGEHOG_SIGNALING","HALLMARK_PEROXISOME",0.468763442315605,-0.0483429502602993,0.118158910216092,0.192460387094555
"HALLMARK_HEDGEHOG_SIGNALING","HALLMARK_PI3K_AKT_MTOR_SIGNALING",0.720560559495375,0.129580513362602,2.62695508508184e-05,0.000137522221334413
"HALLMARK_HEDGEHOG_SIGNALING","HALLMARK_PROTEIN_SECRETION",0.634575967667631,0.0319413702894152,0.302037690954942,0.404367400458802
"HALLMARK_HEDGEHOG_SIGNALING","HALLMARK_REACTIVE_OXYGEN_SPECIES_PATHWAY",0.315765776231253,0.080473122644335,0.00922053164281153,0.0232889716751425
"HALLMARK_HEDGEHOG_SIGNALING","HALLMARK_SPERMATOGENESIS",0.0779549013712521,0.0946655447124279,0.0021774997518614,0.00663541591052294
"HALLMARK_HEDGEHOG_SIGNALING","HALLMARK_TGF_BETA_SIGNALING",0.847478520650238,0.0519998727004168,0.0927818953746061,0.158518579963588
"HALLMARK_HEDGEHOG_SIGNALING","HALLMARK_TNFA_SIGNALING_VIA_NFKB",0.479774900848498,-0.0283083515157654,0.360383214088364,0.465194349060322
"HALLMARK_HEDGEHOG_SIGNALING","HALLMARK_UNFOLDED_PROTEIN_RESPONSE",0.487094863102141,-0.0480123302734985,0.120698256762072,0.194802851822844
"HALLMARK_HEDGEHOG_SIGNALING","HALLMARK_UV_RESPONSE_DN",0.846910616281459,0.152634793322126,7.06063800000091e-07,4.81518820869745e-06
"HALLMARK_HEDGEHOG_SIGNALING","HALLMARK_UV_RESPONSE_UP",0.570309214014276,0.0505060751014827,0.102563156983941,0.172109407267572
"HALLMARK_HEDGEHOG_SIGNALING","HALLMARK_WNT_BETA_CATENIN_SIGNALING",0.792329532675353,0.223319927753092,2.74343141828643e-13,4.94221101088365e-12
"HALLMARK_HEDGEHOG_SIGNALING","HALLMARK_XENOBIOTIC_METABOLISM",0.563793892345695,-0.0265748799514967,0.390557544890576,0.495785484446586
"HALLMARK_HEME_METABOLISM","HALLMARK_HYPOXIA",0.669310197480364,0.0854059327738943,0.0057107909380921,0.0155115718384985
"HALLMARK_HEME_METABOLISM","HALLMARK_IL2_STAT5_SIGNALING",0.548593925573946,0.0988027887455631,0.0013767443342386,0.00457049270851567
"HALLMARK_HEME_METABOLISM","HALLMARK_IL6_JAK_STAT3_SIGNALING",0.497246637125193,0.0628805982524315,0.0420262432938765,0.0825034423637801
"HALLMARK_HEME_METABOLISM","HALLMARK_INFLAMMATORY_RESPONSE",0.358561129439285,-0.110470859436414,0.00034421399751125,0.00138249884246322
"HALLMARK_HEME_METABOLISM","HALLMARK_INTERFERON_ALPHA_RESPONSE",0.302365666382396,-0.0188250035514304,0.543079549047531,0.63540825939181
"HALLMARK_HEME_METABOLISM","HALLMARK_INTERFERON_GAMMA_RESPONSE",0.359393766534668,0.0289372368683845,0.349807544274376,0.456351695139629
"HALLMARK_HEME_METABOLISM","HALLMARK_KRAS_SIGNALING_DN",0.314480629615907,-0.00587750703329129,0.849415520211571,0.891631544352334
"HALLMARK_HEME_METABOLISM","HALLMARK_KRAS_SIGNALING_UP",0.445655855543035,0.12338480517508,6.30679933626858e-05,0.000309033167477161
"HALLMARK_HEME_METABOLISM","HALLMARK_MITOTIC_SPINDLE",0.435388651198541,0.16595488689701,6.72536670123566e-08,5.38468902549914e-07
"HALLMARK_HEME_METABOLISM","HALLMARK_MTORC1_SIGNALING",0.550579588997806,-0.10822797211258,0.000454178690426588,0.00174958772255525
"HALLMARK_HEME_METABOLISM","HALLMARK_MYC_TARGETS_V1",0.592896632971952,0.0736732822466119,0.0171663277272478,0.039602168485647
"HALLMARK_HEME_METABOLISM","HALLMARK_MYC_TARGETS_V2",0.51392661441406,-0.0753136669459742,0.0148368454653517,0.0350576404343224
"HALLMARK_HEME_METABOLISM","HALLMARK_MYOGENESIS",0.564214447573061,0.0947506104367769,0.00215744337884489,0.00660717034771247
"HALLMARK_HEME_METABOLISM","HALLMARK_NOTCH_SIGNALING",0.720262741203922,-0.00466196515884712,0.880293268443797,0.913089969384971
"HALLMARK_HEME_METABOLISM","HALLMARK_OXIDATIVE_PHOSPHORYLATION",0.458031753959105,0.0332251621070443,0.28301221989021,0.382660010337205
"HALLMARK_HEME_METABOLISM","HALLMARK_P53_PATHWAY",0.71921192949543,-0.0855770205008432,0.00561427608427702,0.0152833071183097
"HALLMARK_HEME_METABOLISM","HALLMARK_PANCREAS_BETA_CELLS",0.687664456804201,-0.105186525648583,0.000656034243964932,0.00238469421025829
"HALLMARK_HEME_METABOLISM","HALLMARK_PEROXISOME",0.822384921244379,0.0178926854778428,0.563238323215861,0.653997105155858
"HALLMARK_HEME_METABOLISM","HALLMARK_PI3K_AKT_MTOR_SIGNALING",0.864341700809021,-0.0170472515947001,0.581824473669394,0.670493866646292
"HALLMARK_HEME_METABOLISM","HALLMARK_PROTEIN_SECRETION",0.804390205158737,0.136776204633906,9.02963208020922e-06,5.19309826209216e-05
"HALLMARK_HEME_METABOLISM","HALLMARK_REACTIVE_OXYGEN_SPECIES_PATHWAY",0.591626313896205,0.037901049152111,0.220662938859848,0.316895779722525
"HALLMARK_HEME_METABOLISM","HALLMARK_SPERMATOGENESIS",0.201557043749277,-0.081385504850892,0.00845382255700103,0.0215748596506797
"HALLMARK_HEME_METABOLISM","HALLMARK_TGF_BETA_SIGNALING",0.798351163801852,0.0197539186210246,0.523357758279671,0.618835187155017
"HALLMARK_HEME_METABOLISM","HALLMARK_TNFA_SIGNALING_VIA_NFKB",0.476098620996068,-0.0336752857504648,0.276537776382265,0.377236944396743
"HALLMARK_HEME_METABOLISM","HALLMARK_UNFOLDED_PROTEIN_RESPONSE",0.809884991915406,-0.0143188029076764,0.643674323795268,0.724059730623695
"HALLMARK_HEME_METABOLISM","HALLMARK_UV_RESPONSE_DN",0.682241820944415,0.0350236585323493,0.257749943429476,0.357176109390394
"HALLMARK_HEME_METABOLISM","HALLMARK_UV_RESPONSE_UP",0.688281610254947,0.0525518171349728,0.0893628061308459,0.155055860496156
"HALLMARK_HEME_METABOLISM","HALLMARK_WNT_BETA_CATENIN_SIGNALING",0.782665682409372,0.116807641405255,0.000152947403776823,0.000676391948110497
"HALLMARK_HEME_METABOLISM","HALLMARK_XENOBIOTIC_METABOLISM",0.763906474450681,0.0383948855171506,0.214702855727408,0.310520659109888
"HALLMARK_HYPOXIA","HALLMARK_IL2_STAT5_SIGNALING",0.624569402492626,0.0376867918617119,0.223285317141167,0.319537983058329
"HALLMARK_HYPOXIA","HALLMARK_IL6_JAK_STAT3_SIGNALING",0.626652460035735,-0.0831963841350104,0.00709861548684989,0.0185411598537124
"HALLMARK_HYPOXIA","HALLMARK_INFLAMMATORY_RESPONSE",0.57824713265578,-0.0806049976373944,0.00910601275694288,0.0230949598907972
"HALLMARK_HYPOXIA","HALLMARK_INTERFERON_ALPHA_RESPONSE",0.222107286727222,-0.117247513224356,0.000144351107857578,0.000654636357017356
"HALLMARK_HYPOXIA","HALLMARK_INTERFERON_GAMMA_RESPONSE",0.342879233745206,0.110121444137357,0.000359527619414164,0.00142993939539724
"HALLMARK_HYPOXIA","HALLMARK_KRAS_SIGNALING_DN",0.459346181269957,0.00168961300964012,0.956473045146227,0.969933344622622
"HALLMARK_HYPOXIA","HALLMARK_KRAS_SIGNALING_UP",0.664821099578633,0.0730657827271369,0.0181070402956148,0.0413826947054629
"HALLMARK_HYPOXIA","HALLMARK_MITOTIC_SPINDLE",0.306003954887637,-0.0344943119947767,0.265017511433534,0.364771293827055
"HALLMARK_HYPOXIA","HALLMARK_MTORC1_SIGNALING",0.452006344480112,0.10743451319533,0.000500362361382628,0.00189765911050687
"HALLMARK_HYPOXIA","HALLMARK_MYC_TARGETS_V1",0.420279121765028,0.0370833232818752,0.230790856908981,0.327980046071347
"HALLMARK_HYPOXIA","HALLMARK_MYC_TARGETS_V2",0.371639947823319,-0.157960062651568,2.82304143517876e-07,2.05846771315118e-06
"HALLMARK_HYPOXIA","HALLMARK_MYOGENESIS",0.736823968929088,0.264723066588245,3.11429591727197e-18,8.47780555257369e-17
"HALLMARK_HYPOXIA","HALLMARK_NOTCH_SIGNALING",0.766271454427382,-0.0634461789439601,0.040209996362219,0.0795755178412249
"HALLMARK_HYPOXIA","HALLMARK_OXIDATIVE_PHOSPHORYLATION",0.230394977637535,-0.0781229823425468,0.011488107515887,0.0279224835455586
"HALLMARK_HYPOXIA","HALLMARK_P53_PATHWAY",0.83693074356204,0.192480495523514,3.46221406759362e-10,4.24121223280218e-09
"HALLMARK_HYPOXIA","HALLMARK_PANCREAS_BETA_CELLS",0.606898447654874,-0.0110485946836854,0.721154364073963,0.787356591791983
"HALLMARK_HYPOXIA","HALLMARK_PEROXISOME",0.480342273348883,-0.112417473583402,0.000269475221920979,0.00111900727746847
"HALLMARK_HYPOXIA","HALLMARK_PI3K_AKT_MTOR_SIGNALING",0.721202902891162,0.128468878637058,3.08307400579935e-05,0.000157365235712675
"HALLMARK_HYPOXIA","HALLMARK_PROTEIN_SECRETION",0.54465398264638,-0.0784049049897353,0.011192225196849,0.0274209517322801
"HALLMARK_HYPOXIA","HALLMARK_REACTIVE_OXYGEN_SPECIES_PATHWAY",0.501950455910636,-0.0652133173587773,0.0349577612435875,0.0710170108182334
"HALLMARK_HYPOXIA","HALLMARK_SPERMATOGENESIS",0.13321676451747,-0.00896598901341565,0.77209439529019,0.826039855223129
"HALLMARK_HYPOXIA","HALLMARK_TGF_BETA_SIGNALING",0.755345302512297,-8.9556846875076e-05,0.997691741185364,0.998506848817051
"HALLMARK_HYPOXIA","HALLMARK_TNFA_SIGNALING_VIA_NFKB",0.757422871258619,0.286259997760516,3.53757822691511e-21,1.11116239178744e-19
"HALLMARK_HYPOXIA","HALLMARK_UNFOLDED_PROTEIN_RESPONSE",0.52257929054762,-0.0250512127108845,0.41830657154193,0.521287436560391
"HALLMARK_HYPOXIA","HALLMARK_UV_RESPONSE_DN",0.755429044607514,0.189244524827217,6.87057977763225e-10,7.65132747963592e-09
"HALLMARK_HYPOXIA","HALLMARK_UV_RESPONSE_UP",0.850796507906666,0.211885037904394,4.41145073938662e-12,7.30273939966029e-11
"HALLMARK_HYPOXIA","HALLMARK_WNT_BETA_CATENIN_SIGNALING",0.742621200621618,0.0297092640548557,0.337096614924604,0.443203661436083
"HALLMARK_HYPOXIA","HALLMARK_XENOBIOTIC_METABOLISM",0.639731234844813,-0.0552821781697791,0.0739114818758072,0.13084041228015
"HALLMARK_IL2_STAT5_SIGNALING","HALLMARK_IL6_JAK_STAT3_SIGNALING",0.935338971176112,0.22543102324818,1.61509350703982e-13,3.04383007095965e-12
"HALLMARK_IL2_STAT5_SIGNALING","HALLMARK_INFLAMMATORY_RESPONSE",0.912835528225846,-0.0259181940964218,0.40237752362034,0.506590407435679
"HALLMARK_IL2_STAT5_SIGNALING","HALLMARK_INTERFERON_ALPHA_RESPONSE",0.557519059165209,0.0299976900986313,0.332424920588419,0.43787153518367
"HALLMARK_IL2_STAT5_SIGNALING","HALLMARK_INTERFERON_GAMMA_RESPONSE",0.728613120441472,-0.0330854914765225,0.285041884911685,0.384979392521295
"HALLMARK_IL2_STAT5_SIGNALING","HALLMARK_KRAS_SIGNALING_DN",0.658590047359337,0.0468072451890134,0.130316369935726,0.207084207862933
"HALLMARK_IL2_STAT5_SIGNALING","HALLMARK_KRAS_SIGNALING_UP",0.902353211992165,0.15639177809593,3.70986988982305e-07,2.67328859707838e-06
"HALLMARK_IL2_STAT5_SIGNALING","HALLMARK_MITOTIC_SPINDLE",0.28125162300409,0.0206059376617451,0.505596808562831,0.603660906909813
"HALLMARK_IL2_STAT5_SIGNALING","HALLMARK_MTORC1_SIGNALING",0.254501470906686,-0.161486204397745,1.51250804039826e-07,1.15082133508563e-06
"HALLMARK_IL2_STAT5_SIGNALING","HALLMARK_MYC_TARGETS_V1",0.268608646739354,0.0135292086432123,0.66206968825796,0.737304880105455
"HALLMARK_IL2_STAT5_SIGNALING","HALLMARK_MYC_TARGETS_V2",0.261100982301848,0.090381788004088,0.00343775832078454,0.0099556830802862
"HALLMARK_IL2_STAT5_SIGNALING","HALLMARK_MYOGENESIS",0.502318283943352,-0.00883730286836235,0.775277037622068,0.828542749317041
"HALLMARK_IL2_STAT5_SIGNALING","HALLMARK_NOTCH_SIGNALING",0.545355193326574,-0.0608087728040346,0.0492823483047957,0.0941823349038608
"HALLMARK_IL2_STAT5_SIGNALING","HALLMARK_OXIDATIVE_PHOSPHORYLATION",0.00105369493338633,0.0503937195113396,0.103330789203725,0.172687881002132
"HALLMARK_IL2_STAT5_SIGNALING","HALLMARK_P53_PATHWAY",0.607079276636308,-0.0335981671571729,0.277639810112512,0.377795704520228
"HALLMARK_IL2_STAT5_SIGNALING","HALLMARK_PANCREAS_BETA_CELLS",0.449253700070554,0.0148522234666742,0.631368483730209,0.712835384856688
"HALLMARK_IL2_STAT5_SIGNALING","HALLMARK_PEROXISOME",0.298536888199483,-0.0829637464604234,0.00726105546456446,0.0188849107093237
"HALLMARK_IL2_STAT5_SIGNALING","HALLMARK_PI3K_AKT_MTOR_SIGNALING",0.568277420792844,-0.0990915774667511,0.00133252785554396,0.00444781096196555
"HALLMARK_IL2_STAT5_SIGNALING","HALLMARK_PROTEIN_SECRETION",0.365467522986025,-0.078318504445542,0.0112821774773361,0.0275861624944845
"HALLMARK_IL2_STAT5_SIGNALING","HALLMARK_REACTIVE_OXYGEN_SPECIES_PATHWAY",0.37911895988589,0.0294286896457674,0.341681374570429,0.447657415881043
"HALLMARK_IL2_STAT5_SIGNALING","HALLMARK_SPERMATOGENESIS",0.145264466706133,-0.0598292818661964,0.0530623171430282,0.0993904258412991
"HALLMARK_IL2_STAT5_SIGNALING","HALLMARK_TGF_BETA_SIGNALING",0.568356039588588,0.0986661113032214,0.00139813865536351,0.00460408562586102
"HALLMARK_IL2_STAT5_SIGNALING","HALLMARK_TNFA_SIGNALING_VIA_NFKB",0.814850013564791,-0.0570226339305774,0.0652536101883393,0.117725585391334
"HALLMARK_IL2_STAT5_SIGNALING","HALLMARK_UNFOLDED_PROTEIN_RESPONSE",0.355098037792603,0.176667271629677,8.80736862219271e-09,8.56271949379847e-08
"HALLMARK_IL2_STAT5_SIGNALING","HALLMARK_UV_RESPONSE_DN",0.593417640898433,0.13757939480136,7.98773530795646e-06,4.68180658002232e-05
"HALLMARK_IL2_STAT5_SIGNALING","HALLMARK_UV_RESPONSE_UP",0.665796834248432,0.00362579525056248,0.906760710231597,0.934215197673428
"HALLMARK_IL2_STAT5_SIGNALING","HALLMARK_WNT_BETA_CATENIN_SIGNALING",0.562290200174017,0.0796906177496387,0.00992683267721936,0.0246161336631452
"HALLMARK_IL2_STAT5_SIGNALING","HALLMARK_XENOBIOTIC_METABOLISM",0.499689673462651,-0.0319133372791377,0.302462399868118,0.404493929954634
"HALLMARK_IL6_JAK_STAT3_SIGNALING","HALLMARK_INFLAMMATORY_RESPONSE",0.968660424941951,0.282304605847562,1.28608385492112e-20,3.93863180569592e-19
"HALLMARK_IL6_JAK_STAT3_SIGNALING","HALLMARK_INTERFERON_ALPHA_RESPONSE",0.614840146908789,-0.164554265149597,8.69091202351784e-08,6.91322547325283e-07
"HALLMARK_IL6_JAK_STAT3_SIGNALING","HALLMARK_INTERFERON_GAMMA_RESPONSE",0.786333077642143,0.191642344052368,4.13946405214071e-10,4.92314899405085e-09
"HALLMARK_IL6_JAK_STAT3_SIGNALING","HALLMARK_KRAS_SIGNALING_DN",0.700758086515363,0.0796980954611858,0.00991986152521437,0.0246161336631452
"HALLMARK_IL6_JAK_STAT3_SIGNALING","HALLMARK_KRAS_SIGNALING_UP",0.905340253994518,-0.0345570653590056,0.264148658148429,0.364394263774578
"HALLMARK_IL6_JAK_STAT3_SIGNALING","HALLMARK_MITOTIC_SPINDLE",0.295748606942065,0.114723101565254,0.000200638019932793,0.000859376134327524
"HALLMARK_IL6_JAK_STAT3_SIGNALING","HALLMARK_MTORC1_SIGNALING",0.270920332323258,0.135295070533997,1.13000202252679e-05,6.40857628516353e-05
"HALLMARK_IL6_JAK_STAT3_SIGNALING","HALLMARK_MYC_TARGETS_V1",0.245768632426303,-0.0474649790363551,0.124995728007889,0.200616530610627
"HALLMARK_IL6_JAK_STAT3_SIGNALING","HALLMARK_MYC_TARGETS_V2",0.236077387524107,0.0409244419038577,0.185986186860502,0.276104151308448
"HALLMARK_IL6_JAK_STAT3_SIGNALING","HALLMARK_MYOGENESIS",0.435452469390456,-0.0137483556778206,0.656943107314761,0.732261425350848
"HALLMARK_IL6_JAK_STAT3_SIGNALING","HALLMARK_NOTCH_SIGNALING",0.514418385287809,-0.0297022910204869,0.337210077876658,0.443203661436083
"HALLMARK_IL6_JAK_STAT3_SIGNALING","HALLMARK_OXIDATIVE_PHOSPHORYLATION",-0.0284283946052951,-0.162734040665591,1.20884465097208e-07,9.37237150278983e-07
"HALLMARK_IL6_JAK_STAT3_SIGNALING","HALLMARK_P53_PATHWAY",0.598671590778446,-0.161969474700704,1.38705058171198e-07,1.06196060162323e-06
"HALLMARK_IL6_JAK_STAT3_SIGNALING","HALLMARK_PANCREAS_BETA_CELLS",0.397396370650394,0.109593575305186,0.000383872917749997,0.00151203962779339
"HALLMARK_IL6_JAK_STAT3_SIGNALING","HALLMARK_PEROXISOME",0.272398163196696,0.0378048992337064,0.221837014501873,0.318208832277277
"HALLMARK_IL6_JAK_STAT3_SIGNALING","HALLMARK_PI3K_AKT_MTOR_SIGNALING",0.54866095678686,0.0546904793845153,0.0770602901209612,0.135435947486625
"HALLMARK_IL6_JAK_STAT3_SIGNALING","HALLMARK_PROTEIN_SECRETION",0.352952752682545,-0.114385403548896,0.000209568076411279,0.000891391991679919
"HALLMARK_IL6_JAK_STAT3_SIGNALING","HALLMARK_REACTIVE_OXYGEN_SPECIES_PATHWAY",0.389159818963698,-0.0953058003471207,0.00203064326309795,0.00631354821648474
"HALLMARK_IL6_JAK_STAT3_SIGNALING","HALLMARK_SPERMATOGENESIS",0.180043150449157,0.0286208612590331,0.355103070207064,0.460769918002812
"HALLMARK_IL6_JAK_STAT3_SIGNALING","HALLMARK_TGF_BETA_SIGNALING",0.527038937607157,0.0365894850447094,0.237064755409238,0.335339867640088
"HALLMARK_IL6_JAK_STAT3_SIGNALING","HALLMARK_TNFA_SIGNALING_VIA_NFKB",0.884613744453356,0.264774240130619,3.06670718019113e-18,8.47780555257369e-17
"HALLMARK_IL6_JAK_STAT3_SIGNALING","HALLMARK_UNFOLDED_PROTEIN_RESPONSE",0.308930850460466,0.00114232203625899,0.97056415834957,0.980974499982033
"HALLMARK_IL6_JAK_STAT3_SIGNALING","HALLMARK_UV_RESPONSE_DN",0.527195863362381,-0.171908971947175,2.20722829907995e-08,1.94521918444096e-07
"HALLMARK_IL6_JAK_STAT3_SIGNALING","HALLMARK_UV_RESPONSE_UP",0.711671595625213,-0.113497796802878,0.000234849580204065,0.000992037019827515
"HALLMARK_IL6_JAK_STAT3_SIGNALING","HALLMARK_WNT_BETA_CATENIN_SIGNALING",0.507976210136598,0.115930944254744,0.000171535040493963,0.000753155643745896
"HALLMARK_IL6_JAK_STAT3_SIGNALING","HALLMARK_XENOBIOTIC_METABOLISM",0.476138911793974,0.105058512053761,0.000666129188532651,0.00240710399985987
"HALLMARK_INFLAMMATORY_RESPONSE","HALLMARK_INTERFERON_ALPHA_RESPONSE",0.584951669433128,-0.170614430147968,2.82165035103378e-08,2.45143381561445e-07
"HALLMARK_INFLAMMATORY_RESPONSE","HALLMARK_INTERFERON_GAMMA_RESPONSE",0.766422741922956,0.186848655600264,1.13246062114011e-09,1.21689847447074e-08
"HALLMARK_INFLAMMATORY_RESPONSE","HALLMARK_KRAS_SIGNALING_DN",0.696006451168372,0.0950092741902083,0.00209749139887143,0.00647210822069899
"HALLMARK_INFLAMMATORY_RESPONSE","HALLMARK_KRAS_SIGNALING_UP",0.921803351983116,0.208112907082451,1.06612116044677e-11,1.6123437303053e-10
"HALLMARK_INFLAMMATORY_RESPONSE","HALLMARK_MITOTIC_SPINDLE",0.230454339769598,-0.0856252945177524,0.00558731061457845,0.0152437761756316
"HALLMARK_INFLAMMATORY_RESPONSE","HALLMARK_MTORC1_SIGNALING",0.198427451721266,-0.0195586098489069,0.527473689257204,0.622211065030984
"HALLMARK_INFLAMMATORY_RESPONSE","HALLMARK_MYC_TARGETS_V1",0.166115760018989,0.0666291383561396,0.0311827631849076,0.0649640899685575
"HALLMARK_INFLAMMATORY_RESPONSE","HALLMARK_MYC_TARGETS_V2",0.159537264574065,-0.0157035273145454,0.611939927476972,0.693456439555311
"HALLMARK_INFLAMMATORY_RESPONSE","HALLMARK_MYOGENESIS",0.392992161415809,-0.0205162066157774,0.507452272165256,0.605286303215617
"HALLMARK_INFLAMMATORY_RESPONSE","HALLMARK_NOTCH_SIGNALING",0.434245544064644,-0.0173434718030776,0.575279813509019,0.665455874927807
"HALLMARK_INFLAMMATORY_RESPONSE","HALLMARK_OXIDATIVE_PHOSPHORYLATION",-0.0838670239205677,-0.0116307177251615,0.707123046138858,0.777581446606913
"HALLMARK_INFLAMMATORY_RESPONSE","HALLMARK_P53_PATHWAY",0.530604003698072,-0.0781711724991025,0.0114370451539943,0.027853638794519
"HALLMARK_INFLAMMATORY_RESPONSE","HALLMARK_PANCREAS_BETA_CELLS",0.321873289651315,-0.00973680082708147,0.753112618657738,0.809567669300407
"HALLMARK_INFLAMMATORY_RESPONSE","HALLMARK_PEROXISOME",0.135794186623536,-0.0511013943643352,0.0985711435587337,0.166551242564757
"HALLMARK_INFLAMMATORY_RESPONSE","HALLMARK_PI3K_AKT_MTOR_SIGNALING",0.431207844915995,0.0691559386370564,0.0253098845341461,0.0546818493021676
"HALLMARK_INFLAMMATORY_RESPONSE","HALLMARK_PROTEIN_SECRETION",0.228047013432222,0.0248054504799609,0.422888516346131,0.526461821670742
"HALLMARK_INFLAMMATORY_RESPONSE","HALLMARK_REACTIVE_OXYGEN_SPECIES_PATHWAY",0.338388556150163,0.0588134776025356,0.0572348835750764,0.105910471872309
"HALLMARK_INFLAMMATORY_RESPONSE","HALLMARK_SPERMATOGENESIS",0.155910813947922,0.150045587073086,1.09039508118492e-06,7.25942377419307e-06
"HALLMARK_INFLAMMATORY_RESPONSE","HALLMARK_TGF_BETA_SIGNALING",0.425664833199934,0.0402419854471006,0.193438627213517,0.285153210994655
"HALLMARK_INFLAMMATORY_RESPONSE","HALLMARK_TNFA_SIGNALING_VIA_NFKB",0.875960977731256,0.468319594574589,3.89466588912576e-58,2.98185357136191e-56
"HALLMARK_INFLAMMATORY_RESPONSE","HALLMARK_UNFOLDED_PROTEIN_RESPONSE",0.177078172914288,0.036243710171374,0.241528637422854,0.339303418397932
"HALLMARK_INFLAMMATORY_RESPONSE","HALLMARK_UV_RESPONSE_DN",0.460002385578841,0.0487219908068772,0.115299365837607,0.189586205571904
"HALLMARK_INFLAMMATORY_RESPONSE","HALLMARK_UV_RESPONSE_UP",0.650579999237466,-0.180388473715293,4.21832926045938e-09,4.27062259839896e-08
"HALLMARK_INFLAMMATORY_RESPONSE","HALLMARK_WNT_BETA_CATENIN_SIGNALING",0.402593367746695,-0.0760714712732554,0.0138580292273182,0.0328357559061214
"HALLMARK_INFLAMMATORY_RESPONSE","HALLMARK_XENOBIOTIC_METABOLISM",0.384922926012583,0.101828880553973,0.000973830670179492,0.00336989426827649
"HALLMARK_INTERFERON_ALPHA_RESPONSE","HALLMARK_INTERFERON_GAMMA_RESPONSE",0.964480239833461,0.993897235603236,0,0
"HALLMARK_INTERFERON_ALPHA_RESPONSE","HALLMARK_KRAS_SIGNALING_DN",0.558469457097882,0.121208026986572,8.49773255887486e-05,0.000397317648268004
"HALLMARK_INTERFERON_ALPHA_RESPONSE","HALLMARK_KRAS_SIGNALING_UP",0.478573014689481,0.226377747700247,1.27132522156123e-13,2.47202126414684e-12
"HALLMARK_INTERFERON_ALPHA_RESPONSE","HALLMARK_MITOTIC_SPINDLE",0.271074992782479,-0.0881961671028123,0.00430927876136656,0.0122061220783088
"HALLMARK_INTERFERON_ALPHA_RESPONSE","HALLMARK_MTORC1_SIGNALING",0.287819643970222,-0.153205251655478,6.40967704680538e-07,4.43607592222406e-06
"HALLMARK_INTERFERON_ALPHA_RESPONSE","HALLMARK_MYC_TARGETS_V1",0.190726928095342,0.0716699098689948,0.0204410212079201,0.0458612655305901
"HALLMARK_INTERFERON_ALPHA_RESPONSE","HALLMARK_MYC_TARGETS_V2",0.190636708855115,-0.0401453072828816,0.194511819653833,0.286390599850896
"HALLMARK_INTERFERON_ALPHA_RESPONSE","HALLMARK_MYOGENESIS",0.0983329943877042,0.0818807512983705,0.00806194518009072,0.0207913323065498
"HALLMARK_INTERFERON_ALPHA_RESPONSE","HALLMARK_NOTCH_SIGNALING",0.13361982542267,-0.0769838695636681,0.0127554125429283,0.0305643380352393
"HALLMARK_INTERFERON_ALPHA_RESPONSE","HALLMARK_OXIDATIVE_PHOSPHORYLATION",0.160751344579016,0.00698925423121843,0.8213737764358,0.869648121118284
"HALLMARK_INTERFERON_ALPHA_RESPONSE","HALLMARK_P53_PATHWAY",0.260690804767945,0.0586525340600768,0.0579203519042164,0.106856070907628
"HALLMARK_INTERFERON_ALPHA_RESPONSE","HALLMARK_PANCREAS_BETA_CELLS",0.207325744959423,0.0538652881419801,0.0816330653064185,0.143062238913251
"HALLMARK_INTERFERON_ALPHA_RESPONSE","HALLMARK_PEROXISOME",0.195089253311095,-0.0741952024358736,0.0163926098835491,0.0382868944679201
"HALLMARK_INTERFERON_ALPHA_RESPONSE","HALLMARK_PI3K_AKT_MTOR_SIGNALING",0.298995111322413,0.00227072794355208,0.94152601898202,0.959855167493657
"HALLMARK_INTERFERON_ALPHA_RESPONSE","HALLMARK_PROTEIN_SECRETION",0.222471626314246,-0.0992383403538785,0.00131056188321676,0.00441054479928717
"HALLMARK_INTERFERON_ALPHA_RESPONSE","HALLMARK_REACTIVE_OXYGEN_SPECIES_PATHWAY",0.299020037059075,-0.068066168856683,0.0277139463333858,0.0592488381472908
"HALLMARK_INTERFERON_ALPHA_RESPONSE","HALLMARK_SPERMATOGENESIS",0.245102016346571,0.0942908485541142,0.00226789123506324,0.00685967101963573
"HALLMARK_INTERFERON_ALPHA_RESPONSE","HALLMARK_TGF_BETA_SIGNALING",0.20442443492466,0.011312274900566,0.714786745462383,0.78306150321401
"HALLMARK_INTERFERON_ALPHA_RESPONSE","HALLMARK_TNFA_SIGNALING_VIA_NFKB",0.416712440227941,-0.00315328088071731,0.91886662410563,0.943513507568648
"HALLMARK_INTERFERON_ALPHA_RESPONSE","HALLMARK_UNFOLDED_PROTEIN_RESPONSE",0.258686355091806,0.0334021008988882,0.280455054179657,0.380884081341552
"HALLMARK_INTERFERON_ALPHA_RESPONSE","HALLMARK_UV_RESPONSE_DN",0.159606369369936,-0.0358269744096592,0.246986701991364,0.344992827753045
"HALLMARK_INTERFERON_ALPHA_RESPONSE","HALLMARK_UV_RESPONSE_UP",0.346502164089229,-0.0858173115640136,0.00548120291491759,0.0150211936706355
"HALLMARK_INTERFERON_ALPHA_RESPONSE","HALLMARK_WNT_BETA_CATENIN_SIGNALING",0.140559762977763,0.0121992551267254,0.69351438524616,0.766934489311552
"HALLMARK_INTERFERON_ALPHA_RESPONSE","HALLMARK_XENOBIOTIC_METABOLISM",0.25703501985637,0.111211777348877,0.000313735891650766,0.00128537280024143
"HALLMARK_INTERFERON_GAMMA_RESPONSE","HALLMARK_KRAS_SIGNALING_DN",0.651431945142828,-0.0792825266727374,0.0103139496824539,0.0254217069637948
"HALLMARK_INTERFERON_GAMMA_RESPONSE","HALLMARK_KRAS_SIGNALING_UP",0.657276837481571,-0.238274728332251,5.72781880463188e-15,1.23097860274983e-13
"HALLMARK_INTERFERON_GAMMA_RESPONSE","HALLMARK_MITOTIC_SPINDLE",0.303309510630179,0.0834271806687155,0.00694068813198663,0.0182452299108489
"HALLMARK_INTERFERON_GAMMA_RESPONSE","HALLMARK_MTORC1_SIGNALING",0.299835613634694,0.16225809784653,1.31698288833025e-07,1.01465662780161e-06
"HALLMARK_INTERFERON_GAMMA_RESPONSE","HALLMARK_MYC_TARGETS_V1",0.20745922295865,-0.0988272703589956,0.00137294418012073,0.00457026255610839
"HALLMARK_INTERFERON_GAMMA_RESPONSE","HALLMARK_MYC_TARGETS_V2",0.201028125973903,0.0407397075077026,0.187982246309645,0.27777834949254
"HALLMARK_INTERFERON_GAMMA_RESPONSE","HALLMARK_MYOGENESIS",0.189386775728781,-0.0884270455679221,0.00420858239352704,0.0119735259550119
"HALLMARK_INTERFERON_GAMMA_RESPONSE","HALLMARK_NOTCH_SIGNALING",0.240564507083606,0.0703086330993346,0.0229652592626385,0.0507805823045706
"HALLMARK_INTERFERON_GAMMA_RESPONSE","HALLMARK_OXIDATIVE_PHOSPHORYLATION",0.0936024028232997,0.00219781139770494,0.94340050747948,0.959855167493657
"HALLMARK_INTERFERON_GAMMA_RESPONSE","HALLMARK_P53_PATHWAY",0.359299812136864,-0.04009258597143,0.195098896530151,0.286910141956104
"HALLMARK_INTERFERON_GAMMA_RESPONSE","HALLMARK_PANCREAS_BETA_CELLS",0.262374054823917,-0.0578114290102852,0.0616143960400427,0.112317909447995
"HALLMARK_INTERFERON_GAMMA_RESPONSE","HALLMARK_PEROXISOME",0.205278155303068,0.0702126112284686,0.0231531085192977,0.0511037079930446
"HALLMARK_INTERFERON_GAMMA_RESPONSE","HALLMARK_PI3K_AKT_MTOR_SIGNALING",0.384660717404853,-0.0145677749661059,0.637918204925364,0.718636868885578
"HALLMARK_INTERFERON_GAMMA_RESPONSE","HALLMARK_PROTEIN_SECRETION",0.262064572823198,0.101442949939825,0.00101832011864219,0.00351392153615967
"HALLMARK_INTERFERON_GAMMA_RESPONSE","HALLMARK_REACTIVE_OXYGEN_SPECIES_PATHWAY",0.3426853767929,0.0676551947630992,0.0286703220856569,0.060658280751174
"HALLMARK_INTERFERON_GAMMA_RESPONSE","HALLMARK_SPERMATOGENESIS",0.253792028367431,-0.0987570913957052,0.00138386362517602,0.00457812359157571
"HALLMARK_INTERFERON_GAMMA_RESPONSE","HALLMARK_TGF_BETA_SIGNALING",0.297343867752273,-0.0152003965283954,0.623390648880023,0.705127926941854
"HALLMARK_INTERFERON_GAMMA_RESPONSE","HALLMARK_TNFA_SIGNALING_VIA_NFKB",0.583791863298598,-0.0134765135238755,0.663304777055493,0.738009402264286
"HALLMARK_INTERFERON_GAMMA_RESPONSE","HALLMARK_UNFOLDED_PROTEIN_RESPONSE",0.267105114578544,-0.0229913070218605,0.45760751174602,0.559450301286302
"HALLMARK_INTERFERON_GAMMA_RESPONSE","HALLMARK_UV_RESPONSE_DN",0.268427135263237,0.0441325890843497,0.153775669882776,0.236949931580378
"HALLMARK_INTERFERON_GAMMA_RESPONSE","HALLMARK_UV_RESPONSE_UP",0.463850227561743,0.0870106825258062,0.00486150265718651,0.0136233678204709
"HALLMARK_INTERFERON_GAMMA_RESPONSE","HALLMARK_WNT_BETA_CATENIN_SIGNALING",0.237187522019776,-0.0260868613995311,0.399321344600423,0.503778215381584
"HALLMARK_INTERFERON_GAMMA_RESPONSE","HALLMARK_XENOBIOTIC_METABOLISM",0.320517671168084,-0.119636793942997,0.000105061236421268,0.000487500055363837
"HALLMARK_KRAS_SIGNALING_DN","HALLMARK_KRAS_SIGNALING_UP",0.595877133287304,-0.171984932961118,2.17552343858288e-08,1.93117116830727e-07
"HALLMARK_KRAS_SIGNALING_DN","HALLMARK_MITOTIC_SPINDLE",0.224466085505563,-0.0245002090971551,0.428620045781143,0.531436797653745
"HALLMARK_KRAS_SIGNALING_DN","HALLMARK_MTORC1_SIGNALING",0.116382714572325,-0.0485837800319591,0.116335689644511,0.190523021142414
"HALLMARK_KRAS_SIGNALING_DN","HALLMARK_MYC_TARGETS_V1",0.176392985842198,0.0622155367125629,0.0442501710662019,0.0861787910271818
"HALLMARK_KRAS_SIGNALING_DN","HALLMARK_MYC_TARGETS_V2",0.216369315270275,0.0501439377315722,0.105053679921325,0.175089466535541
"HALLMARK_KRAS_SIGNALING_DN","HALLMARK_MYOGENESIS",0.432796784235436,0.251621304891034,1.43898419553468e-16,3.32595403684903e-15
"HALLMARK_KRAS_SIGNALING_DN","HALLMARK_NOTCH_SIGNALING",0.414116551749331,0.172875678024733,1.83515710887865e-08,1.64092515209952e-07
"HALLMARK_KRAS_SIGNALING_DN","HALLMARK_OXIDATIVE_PHOSPHORYLATION",-0.0146511990227529,0.065877270261601,0.0331415275608642,0.0680039719632473
"HALLMARK_KRAS_SIGNALING_DN","HALLMARK_P53_PATHWAY",0.497009291019775,0.0316086404748733,0.307104232494059,0.409360919265748
"HALLMARK_KRAS_SIGNALING_DN","HALLMARK_PANCREAS_BETA_CELLS",0.196622322410492,-0.0503947720178143,0.103323577199529,0.172687881002132
"HALLMARK_KRAS_SIGNALING_DN","HALLMARK_PEROXISOME",0.0698864243698264,0.0327113761411038,0.290526785160501,0.39109374925452
"HALLMARK_KRAS_SIGNALING_DN","HALLMARK_PI3K_AKT_MTOR_SIGNALING",0.358516108741753,-0.0100792887690682,0.744725438031761,0.803131810528073
"HALLMARK_KRAS_SIGNALING_DN","HALLMARK_PROTEIN_SECRETION",0.104717399031115,0.0114920914110881,0.710455662919798,0.779846045767699
"HALLMARK_KRAS_SIGNALING_DN","HALLMARK_REACTIVE_OXYGEN_SPECIES_PATHWAY",0.23079959326366,-0.0605114304682555,0.0504052139022425,0.0954349104022366
"HALLMARK_KRAS_SIGNALING_DN","HALLMARK_SPERMATOGENESIS",0.189051145599169,0.0625367905745851,0.0431638318125636,0.0844659648089304
"HALLMARK_KRAS_SIGNALING_DN","HALLMARK_TGF_BETA_SIGNALING",0.316025778157185,-0.0200113024262621,0.517958905579895,0.615421590044007
"HALLMARK_KRAS_SIGNALING_DN","HALLMARK_TNFA_SIGNALING_VIA_NFKB",0.64285774249838,-0.0847227714485414,0.00611124915397279,0.0163455899860626
"HALLMARK_KRAS_SIGNALING_DN","HALLMARK_UNFOLDED_PROTEIN_RESPONSE",0.0803632461949387,-0.153916757240427,5.67840998001907e-07,3.99773116409388e-06
"HALLMARK_KRAS_SIGNALING_DN","HALLMARK_UV_RESPONSE_DN",0.314795267529022,0.0296586848386405,0.337920179413307,0.443203661436083
"HALLMARK_KRAS_SIGNALING_DN","HALLMARK_UV_RESPONSE_UP",0.536487411924456,0.115121532774885,0.000190561181769681,0.000824867306246854
"HALLMARK_KRAS_SIGNALING_DN","HALLMARK_WNT_BETA_CATENIN_SIGNALING",0.427584522690491,0.036394915446585,0.239569392494,0.33771289505771
"HALLMARK_KRAS_SIGNALING_DN","HALLMARK_XENOBIOTIC_METABOLISM",0.285160827761966,0.043545735302223,0.15932764200987,0.244581906594098
"HALLMARK_KRAS_SIGNALING_UP","HALLMARK_MITOTIC_SPINDLE",0.230627275653702,-0.0187697141056065,0.544264948972585,0.636187559629214
"HALLMARK_KRAS_SIGNALING_UP","HALLMARK_MTORC1_SIGNALING",0.222056131663956,0.10607110223675,0.000590067393929501,0.00218378416182368
"HALLMARK_KRAS_SIGNALING_UP","HALLMARK_MYC_TARGETS_V1",0.160702638612222,-0.115151892379962,0.000189813153316841,0.000824542953238049
"HALLMARK_KRAS_SIGNALING_UP","HALLMARK_MYC_TARGETS_V2",0.141676076585025,0.000748279548852537,0.980715518800666,0.985542666555222
"HALLMARK_KRAS_SIGNALING_UP","HALLMARK_MYOGENESIS",0.535968964486876,-0.0513451125796099,0.0969730189272838,0.164531784191029
"HALLMARK_KRAS_SIGNALING_UP","HALLMARK_NOTCH_SIGNALING",0.571452336929054,0.134889726536433,1.20105006178974e-05,6.74901984262584e-05
"HALLMARK_KRAS_SIGNALING_UP","HALLMARK_OXIDATIVE_PHOSPHORYLATION",-0.0749875350634704,0.0206414841830833,0.504862763160532,0.603372570606489
"HALLMARK_KRAS_SIGNALING_UP","HALLMARK_P53_PATHWAY",0.584254383799262,-0.0385614331724626,0.212719172147298,0.309111489775137
"HALLMARK_KRAS_SIGNALING_UP","HALLMARK_PANCREAS_BETA_CELLS",0.421675791050388,-0.0391782835658558,0.205487278443292,0.300107325075456
"HALLMARK_KRAS_SIGNALING_UP","HALLMARK_PEROXISOME",0.20092402462981,0.0120683968607696,0.696638100622857,0.768722059265631
"HALLMARK_KRAS_SIGNALING_UP","HALLMARK_PI3K_AKT_MTOR_SIGNALING",0.496209407095046,-0.0908065089697635,0.00328826943569507,0.00959078585411062
"HALLMARK_KRAS_SIGNALING_UP","HALLMARK_PROTEIN_SECRETION",0.31942128096114,-0.014809418014489,0.632352294669669,0.713288730175271
"HALLMARK_KRAS_SIGNALING_UP","HALLMARK_REACTIVE_OXYGEN_SPECIES_PATHWAY",0.339219051891775,-0.074181044391292,0.0164131878110316,0.0382868944679201
"HALLMARK_KRAS_SIGNALING_UP","HALLMARK_SPERMATOGENESIS",0.108480444659669,-0.02508389072627,0.417699534941522,0.521287436560391
"HALLMARK_KRAS_SIGNALING_UP","HALLMARK_TGF_BETA_SIGNALING",0.564716148371606,0.11098101240418,0.000322946872677424,0.00130775273256741
"HALLMARK_KRAS_SIGNALING_UP","HALLMARK_TNFA_SIGNALING_VIA_NFKB",0.829856704651173,0.167935997848982,4.66241767047035e-08,3.96838372474947e-07
"HALLMARK_KRAS_SIGNALING_UP","HALLMARK_UNFOLDED_PROTEIN_RESPONSE",0.231737085916667,-0.0628832052277699,0.0420177150801833,0.0825034423637801
"HALLMARK_KRAS_SIGNALING_UP","HALLMARK_UV_RESPONSE_DN",0.602623908290633,-0.15140897565156,8.68146283462599e-07,5.84329229253672e-06
"HALLMARK_KRAS_SIGNALING_UP","HALLMARK_UV_RESPONSE_UP",0.645885840265003,-0.10837590067497,0.000446020476438409,0.00173452407503826
"HALLMARK_KRAS_SIGNALING_UP","HALLMARK_WNT_BETA_CATENIN_SIGNALING",0.506843587084697,-0.00629533528718275,0.838852239329573,0.883571791211287
"HALLMARK_KRAS_SIGNALING_UP","HALLMARK_XENOBIOTIC_METABOLISM",0.453473007722522,-0.064438720160313,0.0371832635324658,0.0745490962803119
"HALLMARK_MITOTIC_SPINDLE","HALLMARK_MTORC1_SIGNALING",0.786214690851341,-0.0591842753411308,0.0556812472641161,0.103504594686711
"HALLMARK_MITOTIC_SPINDLE","HALLMARK_MYC_TARGETS_V1",0.756508142068644,-0.107767791051558,0.000480455319356793,0.00183351329038029
"HALLMARK_MITOTIC_SPINDLE","HALLMARK_MYC_TARGETS_V2",0.622729089768113,0.0673233629282623,0.0294631053247229,0.0618724765907423
"HALLMARK_MITOTIC_SPINDLE","HALLMARK_MYOGENESIS",0.0255799286769602,-0.0470761362043557,0.128120387192379,0.204443199287702
"HALLMARK_MITOTIC_SPINDLE","HALLMARK_NOTCH_SIGNALING",0.341056738417213,0.0467054146899151,0.131155573704421,0.208116033404035
"HALLMARK_MITOTIC_SPINDLE","HALLMARK_OXIDATIVE_PHOSPHORYLATION",0.274895355019563,-0.193881965343938,2.56351386562321e-10,3.23742730452416e-09
"HALLMARK_MITOTIC_SPINDLE","HALLMARK_P53_PATHWAY",0.221009986681423,0.111940879782078,0.000286222062968694,0.00118453387546166
"HALLMARK_MITOTIC_SPINDLE","HALLMARK_PANCREAS_BETA_CELLS",0.279868004495359,-0.132419391579512,1.73507748500698e-05,9.32223648742786e-05
"HALLMARK_MITOTIC_SPINDLE","HALLMARK_PEROXISOME",0.293147525195476,0.0631307027056899,0.0412147080443946,0.0813011551600377
"HALLMARK_MITOTIC_SPINDLE","HALLMARK_PI3K_AKT_MTOR_SIGNALING",0.62804219033614,0.132110044249293,1.81604673672979e-05,9.71466049124016e-05
"HALLMARK_MITOTIC_SPINDLE","HALLMARK_PROTEIN_SECRETION",0.523832377748823,0.202331829849401,3.99130741650937e-11,5.4936534665438e-10
"HALLMARK_MITOTIC_SPINDLE","HALLMARK_REACTIVE_OXYGEN_SPECIES_PATHWAY",0.366279331373091,-0.06056596761875,0.0501976745717698,0.0951890887777369
"HALLMARK_MITOTIC_SPINDLE","HALLMARK_SPERMATOGENESIS",0.938002265381025,0.329155100135949,7.498532351661e-28,3.28060790385169e-26
"HALLMARK_MITOTIC_SPINDLE","HALLMARK_TGF_BETA_SIGNALING",0.404882963615928,0.187152731781575,1.06324996124532e-09,1.15263823232346e-08
"HALLMARK_MITOTIC_SPINDLE","HALLMARK_TNFA_SIGNALING_VIA_NFKB",0.147441070475705,-0.0279225388480405,0.366969371235058,0.472427632604287
"HALLMARK_MITOTIC_SPINDLE","HALLMARK_UNFOLDED_PROTEIN_RESPONSE",0.536378685625375,0.0590111136427558,0.0564023696518361,0.104569689168368
"HALLMARK_MITOTIC_SPINDLE","HALLMARK_UV_RESPONSE_DN",0.198361474538992,0.035195093802814,0.255426126445313,0.355161186033495
"HALLMARK_MITOTIC_SPINDLE","HALLMARK_UV_RESPONSE_UP",0.376872575972754,-0.0646419770446925,0.0365879323855364,0.073596415718033
"HALLMARK_MITOTIC_SPINDLE","HALLMARK_WNT_BETA_CATENIN_SIGNALING",0.363266283747552,-0.18019676392558,4.38304787259537e-09,4.40101118354863e-08
"HALLMARK_MITOTIC_SPINDLE","HALLMARK_XENOBIOTIC_METABOLISM",0.160743693057515,-0.180432655238248,4.18122991620074e-09,4.26833887278825e-08
"HALLMARK_MTORC1_SIGNALING","HALLMARK_MYC_TARGETS_V1",0.79961534329198,0.140599015908736,5.00694286800931e-06,3.08216332327206e-05
"HALLMARK_MTORC1_SIGNALING","HALLMARK_MYC_TARGETS_V2",0.669191695640249,0.083677780873478,0.00677278484871235,0.0178807358613634
"HALLMARK_MTORC1_SIGNALING","HALLMARK_MYOGENESIS",0.0508891200205764,-0.132813788322044,1.63682085228661e-05,8.87214842500485e-05
"HALLMARK_MTORC1_SIGNALING","HALLMARK_NOTCH_SIGNALING",0.356985820694652,-0.138507433058264,6.92674897563547e-06,4.17993472667658e-05
"HALLMARK_MTORC1_SIGNALING","HALLMARK_OXIDATIVE_PHOSPHORYLATION",0.559816353157043,0.262641591646718,5.80957502923204e-18,1.51419774698069e-16
"HALLMARK_MTORC1_SIGNALING","HALLMARK_P53_PATHWAY",0.311408902778914,-0.0569521136113147,0.0655874113342135,0.117980292047594
"HALLMARK_MTORC1_SIGNALING","HALLMARK_PANCREAS_BETA_CELLS",0.441183743576407,-0.0976397324158855,0.00156884476167883,0.00507080430885636
"HALLMARK_MTORC1_SIGNALING","HALLMARK_PEROXISOME",0.56374481406422,0.181159589879509,3.61447228193079e-09,3.75231232658069e-08
"HALLMARK_MTORC1_SIGNALING","HALLMARK_PI3K_AKT_MTOR_SIGNALING",0.705799703456411,0.0207090429511553,0.503469203523986,0.602294701481331
"HALLMARK_MTORC1_SIGNALING","HALLMARK_PROTEIN_SECRETION",0.686627634229103,0.189099082907676,7.08351953748109e-10,7.81739768776066e-09
"HALLMARK_MTORC1_SIGNALING","HALLMARK_REACTIVE_OXYGEN_SPECIES_PATHWAY",0.612766504149075,0.158132046572546,2.73927497052866e-07,2.00934840652551e-06
"HALLMARK_MTORC1_SIGNALING","HALLMARK_SPERMATOGENESIS",0.703821846560157,0.0262258286858798,0.396813827199048,0.502307284807055
"HALLMARK_MTORC1_SIGNALING","HALLMARK_TGF_BETA_SIGNALING",0.458901885874435,0.0797370229955784,0.00988364134266618,0.0246086598470855
"HALLMARK_MTORC1_SIGNALING","HALLMARK_TNFA_SIGNALING_VIA_NFKB",0.142550650198421,-0.163167417113813,1.11787863736752e-07,8.7782136588155e-07
"HALLMARK_MTORC1_SIGNALING","HALLMARK_UNFOLDED_PROTEIN_RESPONSE",0.755708938036486,0.299608166793031,3.88999460385357e-23,1.28790361884341e-21
"HALLMARK_MTORC1_SIGNALING","HALLMARK_UV_RESPONSE_DN",0.246769216288503,-0.0506579342807761,0.101532836914719,0.170614163539823
"HALLMARK_MTORC1_SIGNALING","HALLMARK_UV_RESPONSE_UP",0.42281941725861,0.112643484459256,0.00026185824594338,0.00110232423120495
"HALLMARK_MTORC1_SIGNALING","HALLMARK_WNT_BETA_CATENIN_SIGNALING",0.345480319552236,0.00078882741067029,0.979670749051036,0.985301040712249
"HALLMARK_MTORC1_SIGNALING","HALLMARK_XENOBIOTIC_METABOLISM",0.389518159683079,-0.0104886775322188,0.734739519011085,0.796244209040035
"HALLMARK_MYC_TARGETS_V1","HALLMARK_MYC_TARGETS_V2",0.890996287982986,0.474836309651675,6.20341318386758e-60,5.42798653588413e-58
"HALLMARK_MYC_TARGETS_V1","HALLMARK_MYOGENESIS",0.106494248957515,-0.160582145997698,1.77724618263885e-07,1.32751620349548e-06
"HALLMARK_MYC_TARGETS_V1","HALLMARK_NOTCH_SIGNALING",0.377778246117001,0.0551130576382011,0.0748005705819832,0.132223230826738
"HALLMARK_MYC_TARGETS_V1","HALLMARK_OXIDATIVE_PHOSPHORYLATION",0.654481315269272,0.179244782440176,5.2980872237659e-09,5.27655028383189e-08
"HALLMARK_MYC_TARGETS_V1","HALLMARK_P53_PATHWAY",0.415672459000768,0.0359680160130821,0.245129878501177,0.343181829901647
"HALLMARK_MYC_TARGETS_V1","HALLMARK_PANCREAS_BETA_CELLS",0.473799836097383,0.218429053974823,9.1724840492853e-13,1.60518470862493e-11
"HALLMARK_MYC_TARGETS_V1","HALLMARK_PEROXISOME",0.468547675981878,0.0716901295294081,0.0204054256711887,0.0458612655305901
"HALLMARK_MYC_TARGETS_V1","HALLMARK_PI3K_AKT_MTOR_SIGNALING",0.658065571249849,0.026582873107287,0.390414982655312,0.495785484446586
"HALLMARK_MYC_TARGETS_V1","HALLMARK_PROTEIN_SECRETION",0.549529377497466,-0.098219215164821,0.00147024702057731,0.00482855924988527
"HALLMARK_MYC_TARGETS_V1","HALLMARK_REACTIVE_OXYGEN_SPECIES_PATHWAY",0.540869500647895,0.154474344499982,5.16215717725334e-07,3.65546726839347e-06
"HALLMARK_MYC_TARGETS_V1","HALLMARK_SPERMATOGENESIS",0.707073864435959,0.110941818426832,0.000324536188326932,0.00130775273256741
"HALLMARK_MYC_TARGETS_V1","HALLMARK_TGF_BETA_SIGNALING",0.425642498074575,0.0161037207102499,0.602898895204481,0.684477429680713
"HALLMARK_MYC_TARGETS_V1","HALLMARK_TNFA_SIGNALING_VIA_NFKB",0.205330125429414,0.0691590057594114,0.0253033811508374,0.0546818493021676
"HALLMARK_MYC_TARGETS_V1","HALLMARK_UNFOLDED_PROTEIN_RESPONSE",0.743732461312771,0.188326963464925,8.32617678007001e-10,9.10675585320157e-09
"HALLMARK_MYC_TARGETS_V1","HALLMARK_UV_RESPONSE_DN",0.222466712806165,0.197354932224249,1.20554092998862e-10,1.53832045753756e-09
"HALLMARK_MYC_TARGETS_V1","HALLMARK_UV_RESPONSE_UP",0.499422668445934,-0.105138430313731,0.000659810186823108,0.00239132390194765
"HALLMARK_MYC_TARGETS_V1","HALLMARK_WNT_BETA_CATENIN_SIGNALING",0.508892352792351,-0.0410799741992173,0.184317823626758,0.274349129942623
"HALLMARK_MYC_TARGETS_V1","HALLMARK_XENOBIOTIC_METABOLISM",0.314651956166616,-0.134731298728816,1.22995984802444e-05,6.84864006286339e-05
"HALLMARK_MYC_TARGETS_V2","HALLMARK_MYOGENESIS",0.116793128553097,0.0867918473783825,0.00497016820795817,0.0138060227998838
"HALLMARK_MYC_TARGETS_V2","HALLMARK_NOTCH_SIGNALING",0.320911035878913,0.0106159650945339,0.73164370119181,0.795264892599793
"HALLMARK_MYC_TARGETS_V2","HALLMARK_OXIDATIVE_PHOSPHORYLATION",0.580077291663294,-0.207232080335837,1.30692527730616e-11,1.92889574060246e-10
"HALLMARK_MYC_TARGETS_V2","HALLMARK_P53_PATHWAY",0.382324165450023,-0.036274257105074,0.241131919981563,0.339135019491866
"HALLMARK_MYC_TARGETS_V2","HALLMARK_PANCREAS_BETA_CELLS",0.313711930614939,-0.108316820458556,0.000449262212138692,0.00173892154718059
"HALLMARK_MYC_TARGETS_V2","HALLMARK_PEROXISOME",0.33900685062779,-0.0258393378874053,0.403811155767072,0.507873373526348
"HALLMARK_MYC_TARGETS_V2","HALLMARK_PI3K_AKT_MTOR_SIGNALING",0.529732083975531,-0.0857876938659581,0.00549745013660251,0.0150320902172725
"HALLMARK_MYC_TARGETS_V2","HALLMARK_PROTEIN_SECRETION",0.385115191822865,-0.119939324542303,0.000100876104121834,0.000469860180795614
"HALLMARK_MYC_TARGETS_V2","HALLMARK_REACTIVE_OXYGEN_SPECIES_PATHWAY",0.430143867927587,-0.0432481767391719,0.16219994412826,0.247749291218353
"HALLMARK_MYC_TARGETS_V2","HALLMARK_SPERMATOGENESIS",0.589429980715344,-0.135154896009532,1.15410586122141e-05,6.51511373270153e-05
"HALLMARK_MYC_TARGETS_V2","HALLMARK_TGF_BETA_SIGNALING",0.318831961361555,-0.110949657519146,0.000324217729533115,0.00130775273256741
"HALLMARK_MYC_TARGETS_V2","HALLMARK_TNFA_SIGNALING_VIA_NFKB",0.220454172951026,0.118643707923928,0.000119978674102056,0.000546394989489582
"HALLMARK_MYC_TARGETS_V2","HALLMARK_UNFOLDED_PROTEIN_RESPONSE",0.642632200428005,0.198426253577716,9.52561099550005e-11,1.25471757736425e-09
"HALLMARK_MYC_TARGETS_V2","HALLMARK_UV_RESPONSE_DN",0.12075972499974,-0.0528546811710818,0.0875301748813731,0.152741402036584
"HALLMARK_MYC_TARGETS_V2","HALLMARK_UV_RESPONSE_UP",0.463146896990902,0.0400371769706065,0.195717299511674,0.287474450721583
"HALLMARK_MYC_TARGETS_V2","HALLMARK_WNT_BETA_CATENIN_SIGNALING",0.51203333086761,0.174156492522213,1.43467008904601e-08,1.34972115516118e-07
"HALLMARK_MYC_TARGETS_V2","HALLMARK_XENOBIOTIC_METABOLISM",0.229735375405369,0.00978557580744563,0.75191636464359,0.809400304647098
"HALLMARK_MYOGENESIS","HALLMARK_NOTCH_SIGNALING",0.754409718236971,-0.046158614787495,0.135733597005113,0.213994409692746
"HALLMARK_MYOGENESIS","HALLMARK_OXIDATIVE_PHOSPHORYLATION",0.0537778607080733,-0.0311981226308512,0.313432278890582,0.416436596139873
"HALLMARK_MYOGENESIS","HALLMARK_P53_PATHWAY",0.719891435838079,0.00123133373103704,0.968271631015947,0.980274998342592
"HALLMARK_MYOGENESIS","HALLMARK_PANCREAS_BETA_CELLS",0.574480695357587,0.016660979512696,0.590410549536635,0.676569619440952
"HALLMARK_MYOGENESIS","HALLMARK_PEROXISOME",0.378914110570876,-0.0465221072743102,0.132676782114814,0.209985863166211
"HALLMARK_MYOGENESIS","HALLMARK_PI3K_AKT_MTOR_SIGNALING",0.520749150102036,-0.0684221810785921,0.026907805229928,0.0576259814801779
"HALLMARK_MYOGENESIS","HALLMARK_PROTEIN_SECRETION",0.372562300363725,-0.0962586060962048,0.00182883937090853,0.00575919853306672
"HALLMARK_MYOGENESIS","HALLMARK_REACTIVE_OXYGEN_SPECIES_PATHWAY",0.299695887939715,0.062365764964927,0.0437393302279925,0.0853195533905906
"HALLMARK_MYOGENESIS","HALLMARK_SPERMATOGENESIS",-0.169100141919371,0.0420653749585054,0.174003981999917,0.261539727545888
"HALLMARK_MYOGENESIS","HALLMARK_TGF_BETA_SIGNALING",0.708795555079659,0.0220367172763306,0.476499396007133,0.576294122187342
"HALLMARK_MYOGENESIS","HALLMARK_TNFA_SIGNALING_VIA_NFKB",0.554396815653232,-0.0662566218212013,0.0321404798562323,0.0666194379422751
"HALLMARK_MYOGENESIS","HALLMARK_UNFOLDED_PROTEIN_RESPONSE",0.293599587925715,0.0853268401964013,0.00575591202997381,0.015572506296079
"HALLMARK_MYOGENESIS","HALLMARK_UV_RESPONSE_DN",0.813239328583161,0.0250717187346637,0.417925584908435,0.521287436560391
"HALLMARK_MYOGENESIS","HALLMARK_UV_RESPONSE_UP",0.59967871127425,0.00109306523543032,0.971832890094974,0.981447065429797
"HALLMARK_MYOGENESIS","HALLMARK_WNT_BETA_CATENIN_SIGNALING",0.706546225190437,0.0025220113220374,0.935068740331406,0.956617934063039
"HALLMARK_MYOGENESIS","HALLMARK_XENOBIOTIC_METABOLISM",0.624194895130699,0.0341698171502888,0.2695416715247,0.369338420154091
"HALLMARK_NOTCH_SIGNALING","HALLMARK_OXIDATIVE_PHOSPHORYLATION",0.109390502847924,0.0637068488130332,0.0393955525695599,0.0783434284053749
"HALLMARK_NOTCH_SIGNALING","HALLMARK_P53_PATHWAY",0.73795642702215,-0.0283498318464944,0.359679546520947,0.465194349060322
"HALLMARK_NOTCH_SIGNALING","HALLMARK_PANCREAS_BETA_CELLS",0.646240808309694,-0.0113158248037221,0.714701152711164,0.78306150321401
"HALLMARK_NOTCH_SIGNALING","HALLMARK_PEROXISOME",0.532744523235727,-0.0786774260435778,0.0109126542713889,0.026843376470786
"HALLMARK_NOTCH_SIGNALING","HALLMARK_PI3K_AKT_MTOR_SIGNALING",0.769370581558675,0.10088065002653,0.00108651128108856,0.0037282249841274
"HALLMARK_NOTCH_SIGNALING","HALLMARK_PROTEIN_SECRETION",0.659049969040449,0.0317203149727001,0.305397513800602,0.407973777977903
"HALLMARK_NOTCH_SIGNALING","HALLMARK_REACTIVE_OXYGEN_SPECIES_PATHWAY",0.36841806981338,0.0045484416948057,0.883187098363994,0.915073128752128
"HALLMARK_NOTCH_SIGNALING","HALLMARK_SPERMATOGENESIS",0.100071661309908,-0.0529492204280265,0.0869643587212888,0.151970527009385
"HALLMARK_NOTCH_SIGNALING","HALLMARK_TGF_BETA_SIGNALING",0.861907978302394,0.0129387321937685,0.675961280522124,0.750047616521379
"HALLMARK_NOTCH_SIGNALING","HALLMARK_TNFA_SIGNALING_VIA_NFKB",0.566905065946889,0.010472033179882,0.735144653407576,0.796244209040035
"HALLMARK_NOTCH_SIGNALING","HALLMARK_UNFOLDED_PROTEIN_RESPONSE",0.544333359553459,-0.00291083116295056,0.925085712503889,0.948309621604405
"HALLMARK_NOTCH_SIGNALING","HALLMARK_UV_RESPONSE_DN",0.84099782267132,0.0343654874696878,0.266807310825086,0.366411385381985
"HALLMARK_NOTCH_SIGNALING","HALLMARK_UV_RESPONSE_UP",0.655082881386515,-0.0371811539624817,0.229562094396459,0.326612735929921
"HALLMARK_NOTCH_SIGNALING","HALLMARK_WNT_BETA_CATENIN_SIGNALING",0.86432328930038,0.428751876040437,5.11035343090526e-48,3.68246056050526e-46
"HALLMARK_NOTCH_SIGNALING","HALLMARK_XENOBIOTIC_METABOLISM",0.63008360626333,-0.00582753811381836,0.850680652607852,0.892195033771078
"HALLMARK_OXIDATIVE_PHOSPHORYLATION","HALLMARK_P53_PATHWAY",0.301098606992592,0.108723440390114,0.000427388067959598,0.00166735790844111
"HALLMARK_OXIDATIVE_PHOSPHORYLATION","HALLMARK_PANCREAS_BETA_CELLS",0.414512980878475,0.160377377106478,1.84314625586592e-07,1.36839646268833e-06
"HALLMARK_OXIDATIVE_PHOSPHORYLATION","HALLMARK_PEROXISOME",0.516001162672741,-0.099584268196389,0.00126010058441396,0.00425240555346308
"HALLMARK_OXIDATIVE_PHOSPHORYLATION","HALLMARK_PI3K_AKT_MTOR_SIGNALING",0.350215497783171,-0.0917378755550149,0.00298094794762895,0.00875698138092438
"HALLMARK_OXIDATIVE_PHOSPHORYLATION","HALLMARK_PROTEIN_SECRETION",0.340690093835349,-0.129045747890182,2.8377360485461e-05,0.000146059943675167
"HALLMARK_OXIDATIVE_PHOSPHORYLATION","HALLMARK_REACTIVE_OXYGEN_SPECIES_PATHWAY",0.615553089991669,0.0184497635345614,0.551149774235524,0.642396263975754
"HALLMARK_OXIDATIVE_PHOSPHORYLATION","HALLMARK_SPERMATOGENESIS",0.296889895801343,0.0799892747725804,0.00965177162069586,0.0241249962153781
"HALLMARK_OXIDATIVE_PHOSPHORYLATION","HALLMARK_TGF_BETA_SIGNALING",0.149546686368862,0.0110651532054775,0.720753918056072,0.787356591791983
"HALLMARK_OXIDATIVE_PHOSPHORYLATION","HALLMARK_TNFA_SIGNALING_VIA_NFKB",0.00503271687467228,0.0599629102503445,0.0525327970811795,0.0987004239638724
"HALLMARK_OXIDATIVE_PHOSPHORYLATION","HALLMARK_UNFOLDED_PROTEIN_RESPONSE",0.561190258372442,-0.0382692632417615,0.216207878466067,0.312280456477212
"HALLMARK_OXIDATIVE_PHOSPHORYLATION","HALLMARK_UV_RESPONSE_DN",0.00642436136368099,-0.131131460188359,2.09651890131723e-05,0.000111179032645611
"HALLMARK_OXIDATIVE_PHOSPHORYLATION","HALLMARK_UV_RESPONSE_UP",0.325549881634815,-0.0111459902916409,0.718800079249579,0.786187586679227
"HALLMARK_OXIDATIVE_PHOSPHORYLATION","HALLMARK_WNT_BETA_CATENIN_SIGNALING",0.204451831754656,-0.13708859428402,8.60985847032073e-06,4.99861451475966e-05
"HALLMARK_OXIDATIVE_PHOSPHORYLATION","HALLMARK_XENOBIOTIC_METABOLISM",0.398618023277458,-0.0808239377541442,0.0089186852630776,0.0226667830856225
"HALLMARK_P53_PATHWAY","HALLMARK_PANCREAS_BETA_CELLS",0.621812854900367,0.0698910815062484,0.0237918554587516,0.0522312239013812
"HALLMARK_P53_PATHWAY","HALLMARK_PEROXISOME",0.540936120564341,0.0574056704809703,0.0634648953589101,0.115177032318022
"HALLMARK_P53_PATHWAY","HALLMARK_PI3K_AKT_MTOR_SIGNALING",0.698320655358783,0.0926800966925684,0.00269688844154957,0.00801866102159764
"HALLMARK_P53_PATHWAY","HALLMARK_PROTEIN_SECRETION",0.510044616254181,-0.0712251001500195,0.0212378792415671,0.0474196610960527
"HALLMARK_P53_PATHWAY","HALLMARK_REACTIVE_OXYGEN_SPECIES_PATHWAY",0.491088740517798,0.0732432100676361,0.0178277411514929,0.0409737015207857
"HALLMARK_P53_PATHWAY","HALLMARK_SPERMATOGENESIS",0.0505289723962474,0.0351987759282265,0.255376375016917,0.355161186033495
"HALLMARK_P53_PATHWAY","HALLMARK_TGF_BETA_SIGNALING",0.714549259089181,-0.0426549943689269,0.168042034328,0.254161124081391
"HALLMARK_P53_PATHWAY","HALLMARK_TNFA_SIGNALING_VIA_NFKB",0.743293350087665,0.164192012573427,9.28349563280308e-08,7.33695622592502e-07
"HALLMARK_P53_PATHWAY","HALLMARK_UNFOLDED_PROTEIN_RESPONSE",0.533690776979887,0.0384245206182882,0.214348913217932,0.310520659109888
"HALLMARK_P53_PATHWAY","HALLMARK_UV_RESPONSE_DN",0.703871884080777,-0.0735643228074514,0.0173318319658137,0.039908823605492
"HALLMARK_P53_PATHWAY","HALLMARK_UV_RESPONSE_UP",0.845593599908274,0.0659301960768668,0.0330002848962568,0.0679417630217051
"HALLMARK_P53_PATHWAY","HALLMARK_WNT_BETA_CATENIN_SIGNALING",0.799665088596154,0.25275524351255,1.04158333567148e-16,2.50184232587758e-15
"HALLMARK_P53_PATHWAY","HALLMARK_XENOBIOTIC_METABOLISM",0.677503903415882,0.0745852349979663,0.0158345495169137,0.0371596229084661
"HALLMARK_PANCREAS_BETA_CELLS","HALLMARK_PEROXISOME",0.67523038182752,0.0582616726029972,0.0596134571172884,0.109321085282453
"HALLMARK_PANCREAS_BETA_CELLS","HALLMARK_PI3K_AKT_MTOR_SIGNALING",0.673503405314252,-0.107374918190167,0.000504001975424456,0.00190556302436716
"HALLMARK_PANCREAS_BETA_CELLS","HALLMARK_PROTEIN_SECRETION",0.720783414083559,0.31268376610581,3.7064295684234e-25,1.38078806131243e-23
"HALLMARK_PANCREAS_BETA_CELLS","HALLMARK_REACTIVE_OXYGEN_SPECIES_PATHWAY",0.549733124704081,0.0608787333890559,0.0490212210189279,0.0938296808565417
"HALLMARK_PANCREAS_BETA_CELLS","HALLMARK_SPERMATOGENESIS",0.103031894771096,0.148482107068143,1.41262986597042e-06,9.15593431647495e-06
"HALLMARK_PANCREAS_BETA_CELLS","HALLMARK_TGF_BETA_SIGNALING",0.721231457876838,-0.0642757863093474,0.0376664180265169,0.0753943824877176
"HALLMARK_PANCREAS_BETA_CELLS","HALLMARK_TNFA_SIGNALING_VIA_NFKB",0.407148467188407,-0.0970681430534776,0.00167202199069879,0.0053498113968172
"HALLMARK_PANCREAS_BETA_CELLS","HALLMARK_UNFOLDED_PROTEIN_RESPONSE",0.663345040989857,0.0181889667853093,0.556793160202613,0.647126775377799
"HALLMARK_PANCREAS_BETA_CELLS","HALLMARK_UV_RESPONSE_DN",0.721887704439908,0.170355703789528,2.9629369481599e-08,2.55605476161681e-07
"HALLMARK_PANCREAS_BETA_CELLS","HALLMARK_UV_RESPONSE_UP",0.570100046215427,0.0996723985638269,0.00124753430918207,0.00423332279431588
"HALLMARK_PANCREAS_BETA_CELLS","HALLMARK_WNT_BETA_CATENIN_SIGNALING",0.598095256902434,-0.0280592745805455,0.364626651553962,0.470176471740635
"HALLMARK_PANCREAS_BETA_CELLS","HALLMARK_XENOBIOTIC_METABOLISM",0.668162735895209,-0.0359740591764258,0.245050538877944,0.343181829901647
"HALLMARK_PEROXISOME","HALLMARK_PI3K_AKT_MTOR_SIGNALING",0.759142955908118,0.093854978464402,0.00237735202478588,0.00715542071342187
"HALLMARK_PEROXISOME","HALLMARK_PROTEIN_SECRETION",0.826947456668487,-0.0556219619126779,0.0721512703218329,0.128094646585863
"HALLMARK_PEROXISOME","HALLMARK_REACTIVE_OXYGEN_SPECIES_PATHWAY",0.615643454407502,-0.0220801441483215,0.475630791413745,0.576294122187342
"HALLMARK_PEROXISOME","HALLMARK_SPERMATOGENESIS",0.0687523566322806,-0.00602484525867951,0.845687419706092,0.888479493258973
"HALLMARK_PEROXISOME","HALLMARK_TGF_BETA_SIGNALING",0.660924435027009,0.0615324724933788,0.0466367258891862,0.0902527475738595
"HALLMARK_PEROXISOME","HALLMARK_TNFA_SIGNALING_VIA_NFKB",0.253280228295072,0.0689708246454966,0.025705075379084,0.0554378826397498
"HALLMARK_PEROXISOME","HALLMARK_UNFOLDED_PROTEIN_RESPONSE",0.822936145975006,-0.0403096495247572,0.192690098010345,0.284392012123702
"HALLMARK_PEROXISOME","HALLMARK_UV_RESPONSE_DN",0.582831954720559,0.0391734802145851,0.205542894480251,0.300107325075456
"HALLMARK_PEROXISOME","HALLMARK_UV_RESPONSE_UP",0.497984380603606,-0.0577875592498312,0.0617220075892149,0.112346893457338
"HALLMARK_PEROXISOME","HALLMARK_WNT_BETA_CATENIN_SIGNALING",0.516102109078985,-0.0717410377446227,0.0203160437099358,0.0458612655305901
"HALLMARK_PEROXISOME","HALLMARK_XENOBIOTIC_METABOLISM",0.812802133389534,0.088689187466025,0.00409683795526911,0.0117257628392632
"HALLMARK_PI3K_AKT_MTOR_SIGNALING","HALLMARK_PROTEIN_SECRETION",0.848476986136826,0.0526198290376075,0.0889486019724928,0.154685877112792
"HALLMARK_PI3K_AKT_MTOR_SIGNALING","HALLMARK_REACTIVE_OXYGEN_SPECIES_PATHWAY",0.575127903825437,-0.0510723376813583,0.0987630689113079,0.166645674127207
"HALLMARK_PI3K_AKT_MTOR_SIGNALING","HALLMARK_SPERMATOGENESIS",0.392506044179317,-0.150359727056814,1.0347911562699e-06,6.92688069087775e-06
"HALLMARK_PI3K_AKT_MTOR_SIGNALING","HALLMARK_TGF_BETA_SIGNALING",0.846619230443435,0.0583352316057894,0.0592917243058613,0.108894096363838
"HALLMARK_PI3K_AKT_MTOR_SIGNALING","HALLMARK_TNFA_SIGNALING_VIA_NFKB",0.483138855754764,-0.22605824132647,1.37843905721204e-13,2.63841850794492e-12
"HALLMARK_PI3K_AKT_MTOR_SIGNALING","HALLMARK_UNFOLDED_PROTEIN_RESPONSE",0.815863601698494,0.018877242046399,0.54196074208305,0.634705457984452
"HALLMARK_PI3K_AKT_MTOR_SIGNALING","HALLMARK_UV_RESPONSE_DN",0.713920408892083,0.0943263585316101,0.00225917987349785,0.00685023600256156
"HALLMARK_PI3K_AKT_MTOR_SIGNALING","HALLMARK_UV_RESPONSE_UP",0.69432008341124,0.138395744228954,7.04692192475015e-06,4.23160752834261e-05
"HALLMARK_PI3K_AKT_MTOR_SIGNALING","HALLMARK_WNT_BETA_CATENIN_SIGNALING",0.760983619548435,-0.0339433434025497,0.272730386104219,0.372873574751862
"HALLMARK_PI3K_AKT_MTOR_SIGNALING","HALLMARK_XENOBIOTIC_METABOLISM",0.704120492186616,0.0846636722543475,0.00614705190414345,0.0164055306809929
"HALLMARK_PROTEIN_SECRETION","HALLMARK_REACTIVE_OXYGEN_SPECIES_PATHWAY",0.535806093268945,0.116878933309413,0.000151522241383873,0.000672517194547987
"HALLMARK_PROTEIN_SECRETION","HALLMARK_SPERMATOGENESIS",0.275646937525121,-0.0303126694906984,0.327371075933787,0.433077287277418
"HALLMARK_PROTEIN_SECRETION","HALLMARK_TGF_BETA_SIGNALING",0.798275765520546,0.189723526596041,6.21244759868599e-10,6.98187918200948e-09
"HALLMARK_PROTEIN_SECRETION","HALLMARK_TNFA_SIGNALING_VIA_NFKB",0.282730136533737,0.0934873649716568,0.00247340304122599,0.00740811424328078
"HALLMARK_PROTEIN_SECRETION","HALLMARK_UNFOLDED_PROTEIN_RESPONSE",0.854793374778158,0.318706084858837,4.01211178247312e-26,1.58543126888051e-24
"HALLMARK_PROTEIN_SECRETION","HALLMARK_UV_RESPONSE_DN",0.65629251397533,-0.0382508199852149,0.216429475550329,0.312280456477212
"HALLMARK_PROTEIN_SECRETION","HALLMARK_UV_RESPONSE_UP",0.501072092893394,-0.0853220600875544,0.00575864926703984,0.015572506296079
"HALLMARK_PROTEIN_SECRETION","HALLMARK_WNT_BETA_CATENIN_SIGNALING",0.59532786485409,0.00555748899504411,0.857524424086886,0.896303258964535
"HALLMARK_PROTEIN_SECRETION","HALLMARK_XENOBIOTIC_METABOLISM",0.649451359102082,-0.143877167687716,2.98239519672807e-06,1.88321346185149e-05
"HALLMARK_REACTIVE_OXYGEN_SPECIES_PATHWAY","HALLMARK_SPERMATOGENESIS",0.292100770669754,0.0301677956505487,0.329689358932155,0.435204164538674
"HALLMARK_REACTIVE_OXYGEN_SPECIES_PATHWAY","HALLMARK_TGF_BETA_SIGNALING",0.420466958107207,-0.0520723572004301,0.0923269875698234,0.158182601081166
"HALLMARK_REACTIVE_OXYGEN_SPECIES_PATHWAY","HALLMARK_TNFA_SIGNALING_VIA_NFKB",0.359443086856735,-0.0717241463074463,0.0203456629227727,0.0458612655305901
"HALLMARK_REACTIVE_OXYGEN_SPECIES_PATHWAY","HALLMARK_UNFOLDED_PROTEIN_RESPONSE",0.577708316687712,-0.106331873985754,0.000571830749523145,0.00212270505504804
"HALLMARK_REACTIVE_OXYGEN_SPECIES_PATHWAY","HALLMARK_UV_RESPONSE_DN",0.345928328862103,-0.0610621198357734,0.0483422313338357,0.0928201150218632
"HALLMARK_REACTIVE_OXYGEN_SPECIES_PATHWAY","HALLMARK_UV_RESPONSE_UP",0.572415019971344,0.0717039196849695,0.0203811798822517,0.0458612655305901
"HALLMARK_REACTIVE_OXYGEN_SPECIES_PATHWAY","HALLMARK_WNT_BETA_CATENIN_SIGNALING",0.355914439741269,-0.0661074121985467,0.0325310896032057,0.0673151769660928
"HALLMARK_REACTIVE_OXYGEN_SPECIES_PATHWAY","HALLMARK_XENOBIOTIC_METABOLISM",0.704641655690193,0.338432240455595,1.91857251017595e-29,9.7927138540231e-28
"HALLMARK_SPERMATOGENESIS","HALLMARK_TGF_BETA_SIGNALING",0.132958324412862,-0.0776802696334062,0.0119667418731625,0.0288082175714991
"HALLMARK_SPERMATOGENESIS","HALLMARK_TNFA_SIGNALING_VIA_NFKB",0.0370551593679247,-0.05504518878351,0.0751598100042065,0.132666811606849
"HALLMARK_SPERMATOGENESIS","HALLMARK_UNFOLDED_PROTEIN_RESPONSE",0.335489778873711,-0.124503242981778,5.40056686453839e-05,0.000266761871333045
"HALLMARK_SPERMATOGENESIS","HALLMARK_UV_RESPONSE_DN",-0.0738124678579492,-0.0308807022924167,0.318383584578625,0.422556761764697
"HALLMARK_SPERMATOGENESIS","HALLMARK_UV_RESPONSE_UP",0.24486346889636,0.0904171854603618,0.0034250675162403,0.00994243532557908
"HALLMARK_SPERMATOGENESIS","HALLMARK_WNT_BETA_CATENIN_SIGNALING",0.15207031859334,0.0598678053583405,0.0529092078552545,0.0992554052414804
"HALLMARK_SPERMATOGENESIS","HALLMARK_XENOBIOTIC_METABOLISM",-0.0491674367171441,-0.0167679811176739,0.588026285116106,0.675100467916804
"HALLMARK_TGF_BETA_SIGNALING","HALLMARK_TNFA_SIGNALING_VIA_NFKB",0.536651011486454,-0.105373327660292,0.000641558011318692,0.00234599571303104
"HALLMARK_TGF_BETA_SIGNALING","HALLMARK_UNFOLDED_PROTEIN_RESPONSE",0.681728075349324,-0.00915165815247224,0.767509212450438,0.821975638876494
"HALLMARK_TGF_BETA_SIGNALING","HALLMARK_UV_RESPONSE_DN",0.887598695956933,0.304705741347177,6.51979684089763e-24,2.21854198058322e-22
"HALLMARK_TGF_BETA_SIGNALING","HALLMARK_UV_RESPONSE_UP",0.668609509295309,0.12906445512551,2.83009897946637e-05,0.000146059943675167
"HALLMARK_TGF_BETA_SIGNALING","HALLMARK_WNT_BETA_CATENIN_SIGNALING",0.810311428730126,0.160298996058626,1.86899045452173e-07,1.37922488360791e-06
"HALLMARK_TGF_BETA_SIGNALING","HALLMARK_XENOBIOTIC_METABOLISM",0.687570577821619,0.0650183133581798,0.0355070529080413,0.0720134765105143
"HALLMARK_TNFA_SIGNALING_VIA_NFKB","HALLMARK_UNFOLDED_PROTEIN_RESPONSE",0.266128473217064,-0.0673094483341255,0.0294967561869335,0.0618724765907423
"HALLMARK_TNFA_SIGNALING_VIA_NFKB","HALLMARK_UV_RESPONSE_DN",0.576741122413031,0.0949123409225226,0.00211977710702933,0.0065244395882184
"HALLMARK_TNFA_SIGNALING_VIA_NFKB","HALLMARK_UV_RESPONSE_UP",0.85739161002828,0.597462416207084,3.27482925977414e-102,6.68610973870554e-100
"HALLMARK_TNFA_SIGNALING_VIA_NFKB","HALLMARK_WNT_BETA_CATENIN_SIGNALING",0.577353961151056,-0.0172918489226385,0.57641786110596,0.666143282881887
"HALLMARK_TNFA_SIGNALING_VIA_NFKB","HALLMARK_XENOBIOTIC_METABOLISM",0.493906247275779,-0.104179634788516,0.000739426076668483,0.00264852907578623
"HALLMARK_UNFOLDED_PROTEIN_RESPONSE","HALLMARK_UV_RESPONSE_DN",0.528717485419061,0.0288958596841927,0.35049726106158,0.456765047660038
"HALLMARK_UNFOLDED_PROTEIN_RESPONSE","HALLMARK_UV_RESPONSE_UP",0.545020557462003,0.0948445331240232,0.00213549530678277,0.00655634524012253
"HALLMARK_UNFOLDED_PROTEIN_RESPONSE","HALLMARK_WNT_BETA_CATENIN_SIGNALING",0.595823662486408,-0.000885477641657809,0.977180570662899,0.984412992649713
"HALLMARK_UNFOLDED_PROTEIN_RESPONSE","HALLMARK_XENOBIOTIC_METABOLISM",0.637787224063188,0.0635124899382755,0.0400014718848702,0.0794194539043209
"HALLMARK_UV_RESPONSE_DN","HALLMARK_UV_RESPONSE_UP",0.619560023071506,-0.167439564649791,5.11278033460518e-08,4.23186210127794e-07
"HALLMARK_UV_RESPONSE_DN","HALLMARK_WNT_BETA_CATENIN_SIGNALING",0.736978206605099,0.0269856545988937,0.383272104106097,0.488562255494245
"HALLMARK_UV_RESPONSE_DN","HALLMARK_XENOBIOTIC_METABOLISM",0.716686829229719,0.0892049523423491,0.00388479547792014,0.0111710668085732
"HALLMARK_UV_RESPONSE_UP","HALLMARK_WNT_BETA_CATENIN_SIGNALING",0.706339671656863,-0.0057360839747217,0.8529971159391,0.89314908042112
"HALLMARK_UV_RESPONSE_UP","HALLMARK_XENOBIOTIC_METABOLISM",0.650059562837199,0.0768418203527074,0.0129218105324522,0.0308561752480583
"HALLMARK_WNT_BETA_CATENIN_SIGNALING","HALLMARK_XENOBIOTIC_METABOLISM",0.580791832009856,-0.0223476073246073,0.4703002782952,0.571545477094861
