"patient_id","HALLMARK_HYPOXIA","HALLMARK_TGF_BETA_SIGNALING","HALLMARK_TNFA_SIGNALING_VIA_NFKB","HALLMARK_P53_PATHWAY","HALLMARK_PI3K_AKT_MTOR_SIGNALING","HALLMARK_INTERFERON_GAMMA_RESPONSE","HALLMARK_INTERFERON_ALPHA_RESPONSE","HALLMARK_ESTROGEN_RESPONSE_EARLY","HALLMARK_ESTROGEN_RESPONSE_LATE","HALLMARK_ANDROGEN_RESPONSE","HALLMARK_KRAS_SIGNALING_UP","HALLMARK_KRAS_SIGNALING_DN"
"TCGA-3C-AAAU",-0.691847388611226,-0.274995542924213,-1.06002460783628,-0.505683135153176,-0.521533131032009,-1.16354337995494,-1.04396644927443,0.458344776743184,0.098744569783446,-0.617587828762814,-0.952721988700233,-1.04756590208983
"TCGA-3C-AALI",0.333599695597076,-0.330360973993143,-0.462529866200878,-0.336339264025072,0.0724342996600738,0.1509490293247,0.0157588880920841,-1.77738252720577,-1.51115398190006,-0.790004696146634,-0.358932616601104,0.598525087272173
"TCGA-3C-AALJ",-0.41141694286568,-0.175527935236207,-0.484201423257768,-0.0351294134691356,-0.172950717148308,-0.66787814838735,-0.781470028154932,-0.020338227349133,0.0210201287391046,-1.32354169288891,0.192393479550056,-0.657247274525219
"TCGA-3C-AALK",-0.126880137428924,0.437601480852389,0.499875666118094,1.01165576516523,0.187021602113537,-0.620414434431298,-0.779415558994685,1.17888114743733,1.25662804284988,0.324916945946415,0.37205747601014,0.78897772706857
"TCGA-4H-AAAK",0.733766911658567,1.0085862205851,-0.104760653406551,0.535501051308397,-0.431174739403488,-0.0206375757967315,0.0776178164658299,0.690569443919283,0.431520215886945,0.0469935959177883,0.136479801412676,0.528443411685111
"TCGA-5L-AAT0",-0.556630120255387,0.583010217950852,-0.376061787828719,0.226559910995675,-0.845166786435329,-0.382096434566751,-0.475215154856247,-0.00347026360425463,-0.150405213545243,-0.418802283739661,0.109475550953958,0.261457038470743
"TCGA-5L-AAT1",-0.142884187378198,-0.0315622725957806,0.567209263688655,1.06767322673135,-0.288043602319217,0.968009757795927,0.854276675808204,-0.898061169669269,-1.12428320532075,0.0343497114651817,0.193006904149262,0.187139801020254
"TCGA-5T-A9QA",-0.826662038915712,-1.54999673078472,-1.54622227129442,-0.365509779324693,-0.47813072940449,-0.54835963455339,-0.0542611219570534,0.100377443482895,0.0728957031804383,-0.398838320369561,-1.6121269563581,-1.44091998961852
"TCGA-A1-A0SB",0.040242073037264,0.983466525020488,-0.569078564677458,0.886897891879363,-0.422474634543664,-1.83161656691734,-1.85102733383823,-0.780788059846618,-0.823296158279514,0.25945793089235,-0.389763516471044,0.860422916665937
"TCGA-A1-A0SD",0.697227582106981,1.43126136276045,0.770616938569632,1.10254855010005,0.124391568146605,1.10390467790299,1.21314993598295,0.797154570804263,0.60501682325451,1.26817701106553,0.753276711863895,1.00550882098446
"TCGA-A1-A0SE",-0.0568078027635291,0.793691813445542,-0.729181882183134,0.209746886458332,-0.268364208545662,-0.949629784500543,-0.948572177719114,1.60368581967958,1.65395944528661,1.08172006590398,-0.437668749727846,0.654263700735471
"TCGA-A1-A0SF",-0.638473242413757,-0.48339017611021,-0.82969054065761,-0.202763527165771,-0.440384392539712,-0.84163067553182,-0.921021104774522,0.813443942984437,0.697650462004516,0.247821524046115,-0.412011462348851,0.435344828915787
"TCGA-A1-A0SG",-0.0515294209749882,0.196146839166959,-0.775048766855791,0.882939629625302,0.0252180285207586,-0.50871257052265,-0.48552181883323,1.32890871639192,1.26021946332695,0.080677207333441,-0.714622247208455,0.274586665828555
"TCGA-A1-A0SH",0.255407017079645,1.48778392318856,-0.40467296619859,0.364828141570643,0.257728445532435,-0.859606626216478,-1.03791508268685,0.21457394761548,0.019424592437168,1.17089174089012,0.39065188941015,0.00603188658823127
"TCGA-A1-A0SI",1.07780375742588,1.06133170628589,0.930806258464994,1.20368500406417,0.904200758744373,1.23300916189428,1.18205304806007,-0.711666768820731,-0.461170335332458,0.894352846103352,0.6192000526599,0.444363846441777
"TCGA-A1-A0SJ",0.894525583307365,0.843954879730278,-0.122915644755108,0.795612459919423,0.133732093179552,-0.606286321552523,-0.664920557911969,1.34148810847627,1.64274956791137,1.14982438860202,0.344259399872223,0.666535971163904
"TCGA-A1-A0SK",0.918782272297757,0.245748345858802,-0.745120973129764,0.151008943474622,0.601476777561521,-1.86384104228699,-1.86120078007782,-0.993526100572982,-0.758730417491383,-0.642868899371282,-0.368166909752125,0.260816274651726
"TCGA-A1-A0SM",0.695602941955377,1.03431782618785,0.41688372170734,1.13963414049311,0.653960058169581,-0.698274550840708,-0.81151802238923,0.839129208300747,1.03267436158653,1.85684024724877,0.959003016346168,0.882175301089405
"TCGA-A1-A0SN",0.0471819946747232,0.97216631765138,0.290859454472647,1.08044359814861,1.12615415593867,0.128702762078564,-0.219466499082445,0.832130068109622,1.06836282749899,1.02208098398809,0.700259662681797,0.257367612197388
"TCGA-A1-A0SO",-1.15327798967955,-0.636646980672533,-1.11830290215434,-1.24904761827167,0.524791466781157,-1.18191397508531,-1.2068568516663,-1.83932038529616,-1.80064018755886,-0.813942009720205,-0.59660845059653,-0.149190714138415
"TCGA-A1-A0SP",0.519295212252049,0.385407484007639,0.942565133645886,-0.182434292240035,0.84696125091973,-0.418585974367537,-0.626525714580968,-0.915381542638121,-0.375149823224534,-0.00762593458474842,0.882921418617638,0.43167700846873
"TCGA-A1-A0SQ",0.0211790513193178,-0.654070867788386,-0.885216398939611,-0.317822368558445,0.392861235547642,-1.05367372312478,-0.998545629459241,1.32983297968606,1.25499224222724,1.26659579132589,-0.671691246998703,-0.636309214579299
"TCGA-A2-A04N",-0.00770925088590659,0.342379718555909,-0.35169295792883,0.348595487769202,-0.851436061814633,-1.0437844598573,-1.09325581944701,0.996483508133043,0.608520427755957,-0.357946626088475,-0.49533711599744,-0.588585851676459
"TCGA-A2-A04P",-0.772138260898428,-1.75955968474086,0.519829794871389,-2.08856030045327,-0.565222343838205,-0.141869006131887,-0.180913186754467,-2.0814454927939,-1.65202706410887,-2.35139461019316,-0.590423494375724,-0.102524989540856
"TCGA-A2-A04Q",-0.88015975527667,-0.857457366430978,0.783685804469434,-0.829376482324553,0.1632935468258,1.05384426434687,0.84329119916686,-1.50696451573804,-1.36349024982746,-1.27313644936322,0.558247072200609,0.203227253631573
"TCGA-A2-A04R",-0.30061008800102,0.271328704794452,-0.840953175234157,-0.212463020801923,0.093619889941222,-0.979426879978484,-0.79749856228411,1.35477266227784,1.53403698847437,0.102423781205434,-0.782938137751212,-0.20010831185969
"TCGA-A2-A04T",-0.491856628772391,-0.371161271949933,-0.249710561643214,-0.649442217819081,0.65557432919705,-0.329775788799251,-0.641405538922425,-1.68561799803083,-1.44951099650154,-1.241698524961,0.0316136415114767,0.882438006633538
"TCGA-A2-A04U",-0.524775150991202,-0.92763777560823,-1.10653254926295,-0.970330736028756,-0.0440892292288766,-1.43217466409544,-1.37549229944839,-1.58689516322781,-1.59846815019488,-1.3124823889407,-0.128767974987383,0.254894320145865
"TCGA-A2-A04V",-0.69631382181906,-0.259490716829259,-0.485760731345549,-1.32101309207355,-0.656345287246493,-0.993105700070458,-0.940624576770608,0.0257510106198756,0.159093735226233,-1.26101992481691,-0.5520264587854,-0.858908055905989
"TCGA-A2-A04W",0.71111472731175,0.154805706838932,0.198344993699478,0.248502153110887,0.465744053876543,-1.22555545256803,-1.30384274116171,-0.473098623407474,-0.0727232398010366,0.257422101354807,0.185861736610277,0.16030667915276
"TCGA-A2-A04X",-1.2407682580706,-1.46145196818838,-0.295591511395645,0.282239473979442,0.205212431503657,1.44657126996095,1.51878725836001,-0.91132154186004,-0.626650717444776,-0.405127937051547,-0.507443602269686,-0.334555380860478
"TCGA-A2-A04Y",-1.31465814338979,-1.39982734688414,0.0101890448643048,-0.346901212752363,-0.736049762756698,0.297376366333189,0.415585961550782,0.0335320745154295,0.0721050455422877,-1.34415357621074,-0.456133729421342,-0.531167920431983
"TCGA-A2-A0CK",-0.192217034933352,0.0636369687957854,0.251191533515739,0.569693010241296,-1.23963021175977,-0.740427256046265,-0.774711563266583,0.00493501080094404,0.0474068436366788,-1.16986667287456,-0.256316097855154,0.507520583668269
"TCGA-A2-A0CL",0.144567558592963,0.927812913190202,1.61687813747587,0.449856347244488,0.694777853295564,2.16649071464906,2.04999638173035,-0.416263339718161,-0.515449783686459,-0.123098598985296,1.44378295739154,0.493587382196408
"TCGA-A2-A0CM",0.260022420300979,0.61090013663078,1.64204519176483,0.290657312014271,0.732041106464139,1.66177871481014,1.54637251882087,-1.39812144253937,-1.27281640005412,-0.497841775664034,1.10452771555241,0.676056045934505
"TCGA-A2-A0CO",0.91506422228487,0.683391593814093,2.18078999081348,1.23401791239567,-0.586833218300403,1.24181029034231,1.07982089646641,0.450480524680747,0.192043279249382,-0.175672018576303,1.37448265758813,1.51950327962297
"TCGA-A2-A0CP",0.405087750269293,-0.115490850929958,-0.16163329460856,0.452933679895641,-1.01252371994712,-0.94144011215075,-0.957614489025604,0.579554026083008,0.391329074736094,-0.798808258069854,-0.318573310443584,0.278451883366737
"TCGA-A2-A0CQ",-1.02972770832843,-1.33253656314547,-0.0302777095421266,-0.451665061967899,-1.2579602886005,-0.603240440635278,-0.468560645634475,0.327521212399041,0.0935650022090335,-1.28716831300571,-0.781616984853364,-0.754088511227146
"TCGA-A2-A0CR",-0.513619316917533,-0.592367332883013,0.887587188917839,0.448090421437379,-1.01950890082176,0.632433903353096,0.516105062414825,-0.175782580481788,0.017372223639601,-1.45885092164135,0.481699876445443,0.83902070649263
"TCGA-A2-A0CS",0.146639641707348,0.0874219245821543,-0.121781391826474,0.354569248000028,-0.287472658298822,0.146865553874285,0.362279928544717,0.79091854586816,0.826476809759475,0.726500496271223,-0.375075462600265,-0.340632332857072
"TCGA-A2-A0CT",-0.339336789631546,-0.425598600422719,-0.592446406099768,0.325957985260015,-0.32801175954874,-0.87737408995982,-0.733881340199141,-0.446626041759406,-0.290797768692165,0.621010850562084,-0.735403916411558,0.374044252842185
"TCGA-A2-A0CU",-0.00533501380659792,0.662646678133699,-0.204527064423209,-0.0866697026503274,0.0777790932403373,-1.51906253649642,-1.67117840911225,1.3599083429282,1.41957896989045,0.00104782079183666,-0.372243563723543,0.146048917613963
"TCGA-A2-A0CV",0.63394950079133,0.620838368302578,1.61605210230198,1.45157664432424,-0.413074306871466,0.0952682885742044,-0.117077962515483,0.151244249967456,-0.12160469350015,0.0838924884953889,0.953630279013489,0.623239727597151
"TCGA-A2-A0CW",-1.03148878326333,-0.314779019855099,-0.81472796375826,-0.838943373384337,0.505290363594552,1.30521734545273,1.57925163209132,0.480177151319827,0.654106431118056,-0.0624348856001118,-1.03216204773214,-0.00484589741267976
"TCGA-A2-A0CX",0.462153727344059,-0.265615079937707,-0.100918053235033,-0.0852333475795442,0.682396567304785,0.40685280048292,0.360068928895972,-0.905660022639595,-0.570005225296722,0.739570045958235,0.289834176522101,0.0308322925865599
"TCGA-A2-A0CY",-0.0360972108545382,-1.56184595400968,-1.24024262664451,-1.23667025503304,-0.747432731695307,-2.24287008871727,-2.12465378293116,-0.409711409383681,-0.622665799779292,-1.41605126300306,-0.920261791997798,-0.29083697999398
"TCGA-A2-A0CZ",0.32024046493123,0.600305843835866,0.389582815476028,0.256923790142801,-0.615174656225036,-0.343898655446573,-0.627381235675994,-0.117854478933273,-0.335834079042747,-0.7821327889817,0.699163474720042,0.803429811429674
"TCGA-A2-A0D0",0.592567691739936,-0.28473322401496,1.10338468251505,-0.906109863511555,0.701751967764202,0.725727698336302,0.714692813569768,-1.66683290653549,-1.23698886037588,-0.776996979544366,0.794741193632155,1.18724533010944
"TCGA-A2-A0D1",-0.111522679201695,-0.977914844293531,-1.63859924554536,-1.71479302905536,0.0599205847645298,-1.39174472790167,-1.34365759083495,-1.84158540539515,-1.71643684628608,-1.46180814053364,-0.867970123711117,-0.660306444523092
"TCGA-A2-A0D2",0.306893715929717,0.645193398111585,1.01539511040938,-0.402605577877694,1.05977762428662,0.062456281264274,-0.24298406670235,-1.07929984210505,-0.660373434105784,0.279976745081083,1.0525354530761,0.0938451517343261
"TCGA-A2-A0D3",-0.606123970166522,-0.503016063829764,-0.23508194056928,-0.320254051942097,-0.123997023409919,-0.703767992580264,-0.740952314718042,0.792197343605205,0.234503197987892,-0.0791991786389548,-1.01130717533536,-0.89748508437218
"TCGA-A2-A0D4",-0.536995114019937,-0.598428595384093,-1.45553784143979,0.0279321712949464,0.14234154785438,-1.03468904049835,-0.728075524170413,0.769789326207466,1.05348341915936,-0.196185385460535,-1.13813850364774,-0.143076758164266
"TCGA-A2-A0EM",-0.259034538058289,0.399316245458495,-0.866045343520737,0.143879971196654,0.115231427314723,-1.02688863378064,-1.05302245274494,1.33193563465938,1.11156032998939,1.02139649034524,-0.0680156534093794,-0.217670946220686
"TCGA-A2-A0EN",0.106455614615301,0.393975234441397,0.891276655201168,-0.110959878598576,-0.451343230307151,0.523600668288017,0.272509680654231,0.362126303293832,0.157801778927807,-0.0380137189911619,0.70766126034387,0.212275173192781
"TCGA-A2-A0EO",0.533121878828093,0.65187923787801,0.488755482671338,0.46117153128334,-0.103656072179637,-0.439418324281163,-0.662483637592086,1.30807503421954,1.22472869367151,0.973712555145776,0.66112692704172,0.735451083837919
"TCGA-A2-A0EP",1.17275596919416,0.668817465227545,2.31565782899759,0.943045074846896,-0.0759000435592128,0.462836868408494,-0.0107141114096534,-0.469625674845349,-0.407537953014435,-0.282186989268825,1.73626052429436,0.694210844639145
"TCGA-A2-A0EQ",-0.938493332176776,-1.4377075834471,0.162674583050125,-0.925846879356507,1.01875323711554,0.540667436044943,0.26339310286584,-1.40027382337789,-1.07000461751057,-0.919429445596825,0.440368780242194,-0.248467881737941
"TCGA-A2-A0ER",-0.0569409394033875,0.0409060575280103,-0.146742481881847,-0.301697881504978,0.436467210225077,-0.599338013646395,-0.530291207153121,1.38438678783474,1.5297683289594,0.908980020283553,-0.141898054959431,0.0308402121021523
"TCGA-A2-A0ES",1.15903340153816,0.946743117945595,1.51833485539497,1.75599280529648,-0.265796756666086,0.288033657720057,0.151801047174739,1.62697350350767,1.64964373485504,1.40615178943245,1.40566564254612,1.4529455746437
"TCGA-A2-A0ET",-1.00425098526343,-1.09350421540946,-0.415362225615306,-0.437315697443313,-0.353364366127983,0.488238880628617,0.740638970775505,0.347940321400147,0.062359264621581,0.653735805583535,-0.681323641483523,-1.28536819292827
"TCGA-A2-A0EU",0.274403364126605,0.530067184747179,0.885240335849749,1.24818400568286,0.491774787245691,-0.140513107220041,-0.0556844320372217,1.24186197977989,1.31136496488898,0.604097834067468,-0.436077651784612,-0.140523885469148
"TCGA-A2-A0EV",-0.243697462527078,0.685847827160154,0.0927530720967144,1.01247295172969,0.692962315815553,0.701082838520643,0.769772853077992,1.01351776036045,0.988301013841378,0.418501960652152,0.196858141498133,-0.432905685811582
"TCGA-A2-A0EW",1.2166668825129,1.17915988981992,1.3048162703501,1.20681675578978,-0.246980327073599,-0.0912228150353513,-0.274497037484861,0.949213578633672,0.616279305958876,1.63826883728356,1.13091795344965,0.850902922221421
"TCGA-A2-A0EX",0.154951316852065,0.523138340169384,-0.527527415706286,0.351868664371773,-0.0727196028754934,-0.944668174309139,-1.02213454784402,0.865103643147792,0.627558295010176,0.861788240534799,0.0602599363222485,0.0395410964424759
"TCGA-A2-A0EY",-1.08257187725368,-0.496701580013219,-0.205353496741557,-0.559783212645628,0.315819366976075,-1.061998253213,-1.25015614696132,-0.0587257628950146,-0.363241440280743,1.11803743829694,-0.473943846199326,-0.615962444300235
"TCGA-A2-A0ST",-0.346221873554725,-0.883926426476246,1.52646706597426,-0.20150673167521,0.250618824816098,1.67049573922012,1.47903334120427,-1.05760579137645,-0.83118854344174,-0.700403072126724,1.01378222381386,1.19464085561706
"TCGA-A2-A0SU",-0.102927311360433,0.707364817251356,0.150316569153151,0.721182094787629,0.257496525989357,-0.916527077957056,-1.08478928718633,0.644995450132839,0.659618151040008,0.781360492585109,0.561825903670499,0.603597949422726
"TCGA-A2-A0SV",1.08088215140668,-0.0830901179512959,1.12943511201799,0.141943336589706,0.052152508273567,1.42052247592605,1.55517087686035,-0.134389256377057,-0.0149654997641594,0.108079307417049,0.232424285537917,-0.348792481439572
"TCGA-A2-A0SW",-1.16311914823759,-1.37396727162923,-0.578071242288576,-1.22148253062716,0.190018691376244,0.352356593564487,0.306531784543862,-0.372188343169123,-0.289995707937318,-0.781082010919045,-0.461611441968071,-0.521792641183915
"TCGA-A2-A0SX",0.615001897480862,0.48835767597228,1.30120290665339,0.147894781919627,0.6419842121526,1.22763063894736,1.1122431616279,-1.0453688168229,-0.936872022649062,-0.274527489691505,0.959032679514466,1.27297474829019
"TCGA-A2-A0SY",0.545984878703883,0.6444922170619,0.804509460591923,0.221823640971775,0.159460731763757,-0.282426741517789,-0.588889100055968,1.38096697282606,1.30249110379857,0.695803499216939,0.700818241201789,0.0864340495150419
"TCGA-A2-A0T0",1.62800647782358,-0.418288204328207,0.306986276436311,0.27865392827989,0.503243499210107,-0.887012169680706,-1.13488621362841,-1.39932379091531,-1.35973556251135,-0.12333310637674,0.169063902852446,-0.0548390405083723
"TCGA-A2-A0T1",-0.664396243063388,-0.239252836249033,0.313012297596049,-0.683065719219993,0.56635437292722,0.542641019990613,0.341970559492973,-1.20907789751008,-1.01549714917095,-0.156302953609899,0.640078672437699,0.479086272455373
"TCGA-A2-A0T2",0.873767557438424,-0.8883138012294,-0.676265362032441,-0.584604718167721,-0.454453326199292,-0.693991443819744,-0.770739560651724,-1.61753561184532,-1.54234027650385,-1.24568841292791,-0.666088636556335,-0.506052614094227
"TCGA-A2-A0T3",-0.398364940757051,0.749095646533752,-0.4203693495866,-0.277593700926537,0.243243928928242,-0.733894577931365,-0.605788118160546,1.55495296964461,1.90093119570434,0.628171708360398,0.00180931357837031,-0.0360994761471535
"TCGA-A2-A0T4",0.811575860140609,0.761085119908143,0.932475509212724,1.22302178411563,0.100072342664306,1.02879031271964,1.04003520054625,1.03345331975382,1.18588506397987,0.574542495616028,0.936327111266209,0.793028877725281
"TCGA-A2-A0T5",-0.072835605432236,0.333307812984046,-0.208249963063392,0.346629946600522,-0.292220111783549,-1.26602669419823,-1.3000564710449,1.14463052742442,1.10210598290728,0.0933968761263434,0.180551831496265,0.38642828696755
"TCGA-A2-A0T6",1.18866777718273,1.57598820947719,1.70264660043542,0.625891535543151,0.240614935337925,0.367907363114247,-0.153949265622068,-0.163660535824749,-0.468620891130939,0.729108245030688,1.23362644429032,-0.267563310169532
"TCGA-A2-A0T7",0.75074664443788,1.47747667350424,0.965920708902443,1.67024697971974,0.756522171464467,0.26121661548945,0.225845848005581,-0.180440072765906,-0.245145923151913,0.98637652681414,0.657345856584715,1.0504628771043
"TCGA-A2-A0YC",-0.0489847855241694,0.435147308008175,0.0533783910540623,-0.225787809453541,-0.164057111553493,0.982614589764683,1.23344188102313,1.55607032067311,1.25069328728368,0.224361847312109,-0.2595318260592,-0.366798575563894
"TCGA-A2-A0YD",1.3714677157892,1.82632020539044,2.03214940227935,1.80346729556709,0.393485104354695,1.1271107745243,0.989825118107373,1.58759545038864,1.38419508983391,0.337712350644782,1.71379699882151,1.33551376985103
"TCGA-A2-A0YE",0.591506410952485,1.08406052976535,0.0216405331631644,-0.787200057632282,0.806577349575375,0.317206737180508,0.462748785352172,-1.52302980006801,-1.00043068070361,-0.131419841670174,-0.224874676380246,0.0873149196011834
"TCGA-A2-A0YF",-0.500773438159521,0.490204885425183,0.0704682739646833,-0.0720117412315665,0.394712770370196,-0.241374746631525,-0.195022804485816,1.32130642224028,1.15789085846379,1.17581509129669,0.733659427572411,-0.544984140190136
"TCGA-A2-A0YG",-0.775775506325201,0.256696131176579,-0.828485864103273,-0.492086159885264,1.21296268023778,-0.370164036894117,-0.336724791733487,-0.184584671401945,-0.190162359208485,0.69281030770878,-0.312061051693634,-0.722693790227528
"TCGA-A2-A0YH",0.477661907835396,-0.2289020226001,0.0371197869297875,-0.135493602828705,0.351012970296702,1.88059121615404,2.00077250883959,0.461285103209045,0.518163529662411,0.315645906872964,0.20863936516012,0.435837591104212
"TCGA-A2-A0YI",-0.265044736774393,0.436143529996823,0.367206341569818,-0.282706047887911,-0.296773040164127,0.501439389918771,0.283250125073486,0.91853356587838,0.526605281091261,0.683675182870608,0.871296468270987,-0.0448918278149919
"TCGA-A2-A0YJ",1.8840338171741,0.310808522118783,-0.0240113831494718,-0.0850668315230127,1.26621857006066,-1.61703100659851,-1.77581313738543,-0.621393486346137,-0.490381891299533,0.122242547574008,-0.0289568868538166,0.479257738413149
"TCGA-A2-A0YK",0.530799561968945,1.13545888326535,1.42289793988671,0.743367110322331,-0.0192258080899671,0.808624044969032,0.528915198988832,-0.155291950895534,-0.236216821610531,1.08484618069109,1.32926953631464,1.69206214582104
"TCGA-A2-A0YL",0.629002036320579,1.06840650892483,0.900911628352184,1.29484848089222,-0.192257600972532,0.252642372186791,0.221556324143294,0.697801984980621,0.422285960841062,0.807877901872184,0.912104068768445,1.41825783793156
"TCGA-A2-A0YM",1.48730919297802,0.704029189619533,2.0761408020242,0.164706431392277,1.17286268199488,1.59347252030672,1.55420570139926,-1.0543180077422,-0.616382273418539,-0.206982912922243,1.42708457203517,1.75322202375682
"TCGA-A2-A0YT",-0.0452680872262586,-0.150802749940774,-0.330389443631831,0.33853702065588,0.923147062969854,0.550301166025463,0.718007896015282,-0.060661703070489,0.12962021429435,0.62977746347783,-0.596842623290769,-0.328564781023304
"TCGA-A2-A1FV",-0.899441410109058,-0.0916404619396206,-0.998204132267045,-1.61663937905384,-0.959197884547112,-1.89708852235063,-1.98905988055597,-0.621103550183611,-0.882523875231048,-0.464111436878094,-0.959352823348941,-0.729770083523641
"TCGA-A2-A1FW",-0.0355938205163089,0.333055233864707,-1.14759493463003,-0.24000143497977,0.623064990677836,0.0551674370699788,0.280230118311261,-0.357911461104485,-0.469667806479809,1.16548849396373,-0.998343848713419,-0.801785640128594
"TCGA-A2-A1FX",-0.0391607870734311,0.534371346080411,-0.0547740613492332,0.734085948285379,-0.266526601243504,0.251936769899228,0.46240613567311,0.959503261973322,0.678348399548077,0.630715949849376,-0.17976252554866,-0.596915835632842
"TCGA-A2-A1FZ",0.905343940930266,1.30653792993286,0.539234770135352,1.40384477889637,0.201142033909439,-0.458786830810978,-0.591596101325586,1.09635090472523,1.09682482027936,0.911139667000303,0.884481524333238,0.225821670454329
"TCGA-A2-A1G0",0.309585805343644,0.558652975726328,0.539278631120007,0.17352134317143,-0.366003866383461,-0.456141587485713,-0.605510253355084,1.29082995097573,0.896939315877845,1.31935282800703,0.504589101194638,0.839900109590861
"TCGA-A2-A1G1",1.24028075029307,0.83366578340446,1.26321136381541,-0.549745160978037,1.28746203721954,0.973594554418546,0.724592949298396,-1.22862545525689,-0.889917291558843,0.676324383478719,1.61751483449285,0.551745332135696
"TCGA-A2-A1G4",-0.548823472203514,-0.368276623555366,-1.11104812219594,-0.658367870116046,0.165853786636628,-1.14089775645288,-1.0697555412813,0.990576561045337,0.983652529423178,0.480483187616383,-0.252065997424777,-0.79057116535192
"TCGA-A2-A1G6",0.356289897215852,0.66769752611475,0.730625597943383,1.10334501696731,-0.527937223381176,-0.665634602601926,-0.852419654156551,0.622185103193209,0.423580897080132,0.840226357230657,0.907491970284964,0.503635945250711
"TCGA-A2-A259",0.600393389587391,1.03829209651674,1.60778518513644,1.16773846448995,0.238832617302545,0.281253369388483,-0.126946866807589,1.14588521518432,0.672607984188972,1.13564612304627,1.11629828329931,0.616959070676895
"TCGA-A2-A25A",0.626938936383998,1.58885181448429,1.75999738642773,1.18870492669336,0.0245300044888422,0.603507694064522,0.296637184295555,0.67350549625799,0.679023239492412,0.354381076632411,1.31245629101185,0.757898582051334
"TCGA-A2-A25B",-0.184173853108231,0.507751554744422,0.0956198962160072,-0.134203805418417,1.29568863636611,0.213702547060371,-0.0156689401353464,0.197845088769317,0.381602065539001,0.744626204735834,0.229613630303303,-0.520642369345687
"TCGA-A2-A25C",-0.760913992054142,0.515697865522051,-0.322057826437192,0.457730379530749,0.551754036044842,1.45834732621693,1.70259010229246,1.13582764636216,0.949564917525219,0.845295859503912,0.24077300027208,0.112139812667681
"TCGA-A2-A25D",-0.54423511699779,-1.19619726451345,0.620463595221419,-0.098692785170134,-0.46054294870446,1.29469495112166,1.32734629190299,-0.0938414863651448,-0.523916021458718,-0.639565811425261,0.00705583589413195,-0.149222495807846
"TCGA-A2-A25E",-0.334112408434273,0.242178396885756,-0.0728693767137504,-0.27846427266093,0.582038487594601,-0.282140887372508,-0.353829704215531,0.647627843302494,0.652977194589731,0.639064528823215,-0.18660267467059,-0.00931601274606939
"TCGA-A2-A25F",0.877580833833196,0.972556820101205,1.8244440605504,0.150939201471873,0.982917138918953,1.54282568915534,1.20812634075535,-1.30864467196436,-1.10249339875524,-0.17730401943191,1.5792608545904,0.452688267090853
"TCGA-A2-A3KC",0.158662408558409,1.24932598811768,0.378810313599206,0.626008882947432,-0.579948775604663,-0.289202542553861,-0.357511212268109,0.855630919074311,0.630061575119445,0.0615960620968496,0.690023185059384,0.633929801612669
"TCGA-A2-A3KD",0.586495606389768,0.376754581969734,0.349588110555424,0.626737292003735,-0.0079910617653369,-0.813873004439844,-0.857098581417727,1.46670454386838,1.5501515760532,0.867601594183485,0.507477807746324,0.406012858051374
"TCGA-A2-A3XS",-0.474755685434677,-0.464506231503587,-0.291369975749928,-0.262673264739945,-0.614359523156714,-0.265056620775364,-0.218796293905587,-1.25872324547891,-0.995769504459443,-1.41681717700995,-0.190279422892538,1.1932730092706
"TCGA-A2-A3XT",0.0106153681933369,-0.921912696751045,1.24134968172506,-0.118091606437756,-0.299648261710264,0.531172651284617,0.363038128778547,-1.42888276390778,-1.3415814216341,-1.42301171630249,0.302088012550222,-0.684781346368092
"TCGA-A2-A3XU",-0.264550254652123,-2.26594530294885,-1.12424006130794,0.52340417973268,-0.0966919016972414,-1.8070276771969,-1.66917968828745,-1.52713797203159,-1.31587522975767,-1.68307571319457,-1.8029920917878,-1.23511549997393
"TCGA-A2-A3XV",-2.10980832220075,-2.08210653881809,-1.83137578650235,-1.72476767963277,-1.10892248605017,-1.47212368443676,-1.2881564307137,-1.61381303155098,-1.50942022230417,-0.344289159514825,-1.68165594330005,-1.40449195479589
"TCGA-A2-A3XW",0.60445588004876,-0.241780107266831,0.409044147771611,1.74678605190516,-0.810784682624057,0.667387906265849,0.855018091877638,0.48688106212556,0.717123958458812,-1.49410684317507,-0.0762028001704023,1.62087827384957
"TCGA-A2-A3XX",0.348712165642958,-0.535035703114733,-0.239970908267987,-0.0260910209191534,-0.411555048539917,-0.168613599100147,-0.256728209154666,-1.25384654650303,-0.991805154097246,-0.807573314428325,-0.105812680669552,0.93798127084595
"TCGA-A2-A3XY",1.45409579367294,1.63504299110829,2.12419060731877,0.681529893763491,0.293217505735054,1.38334062740106,1.27701932663788,-1.11082041783397,-0.750484886893025,-0.538814559294193,1.43377257389143,1.60085280570746
"TCGA-A2-A3XZ",-0.638268442561269,-0.639932190195601,0.381209649040786,0.305793656345269,0.200624761048192,0.172132017494215,-0.157368998767135,-0.999225091415744,-0.653382641273336,-0.420799375739476,0.624987890450834,0.576457772021386
"TCGA-A2-A3Y0",0.759726973077238,-1.55732247925676,1.06340563132089,0.987989936717318,0.6606792771023,0.584130334180275,0.49963266492178,-1.36293476437042,-0.635372918838362,-1.39993827842179,-0.117748790060215,0.65876424740558
"TCGA-A2-A4RW",-0.349375861228369,0.178429674260341,-0.55812597820125,0.327878638223326,-0.228778826775173,-0.440946561042988,-0.506396633635041,-0.226819298588549,-0.517779106658116,-0.462210079763467,-0.433800631635401,0.277908021774256
"TCGA-A2-A4RX",2.88909061094396,1.98421363629263,1.4628636422818,1.61588454623912,0.41125972959437,-0.262586252548427,-0.588753711451386,-0.687509895042562,-0.361003269822107,0.497693571655955,1.31633259370459,1.33607839794114
"TCGA-A2-A4RY",0.593414898416905,0.636023507465146,1.03883385578093,1.45482998401872,-0.776370999124638,-0.349558009651863,-0.482217028378599,0.332523606044101,0.0852674109270107,-0.0194459932976375,0.669644285829057,1.01214204526582
"TCGA-A2-A4S0",-0.467656152585125,-0.773075659392342,-1.14119217265372,-0.622666430058257,-0.896511600745867,-1.00757779116951,-0.824612463788557,0.917320919944452,0.44418438350322,-0.576075436445673,-0.763467993702804,-1.00644379772416
"TCGA-A2-A4S1",0.579410932688908,0.707750384301192,0.09223203838764,-0.217525909673734,-0.199644330638065,0.457222649966279,0.487996200543784,-2.01889492828452,-2.08570690768344,-1.34058027201371,0.887814518543606,-0.613443606165428
"TCGA-A2-A4S2",0.41705592043969,-0.151386758184541,0.600977871263429,0.43264026806883,-0.468012895625084,2.34404351111488,2.56025424008148,0.732528312902945,0.367931720287956,-0.0133640651084738,0.39195158752537,0.717501760185169
"TCGA-A2-A4S3",-0.655333536031534,-0.975236990802632,-0.570368773952856,-0.281700422266432,0.663808987471574,0.515910898201577,0.642407725161234,0.067313088766013,0.265842075506969,-0.302507943998441,-0.381466338917666,-0.0109911069386354
"TCGA-A7-A0CD",-0.489313873198062,0.497047617699787,-0.771951657882243,0.253475864112254,-0.156404533585036,-0.143889624985357,0.310370521623986,1.51368866768047,1.07258661590994,0.921911844461274,-0.914584120112542,-0.881893853030781
"TCGA-A7-A0CE",1.37948245490788,-0.0107223571072727,0.497943725402906,-0.0945279743440088,0.279837703225342,0.201322506656812,0.261236920660862,-0.669998787928785,-0.0397323030382347,-0.0587905557331729,-0.253417945472241,0.564989493285445
"TCGA-A7-A0CG",0.212833078958094,0.584343103537582,0.31572544257729,0.465264604706883,0.288880177896326,0.129331026137567,-0.115094555152009,0.468816345268901,0.356762492394553,1.162370299744,0.655149992391911,0.318534003116649
"TCGA-A7-A0CH",-0.162454859770812,0.240068310274045,-0.420708852982296,0.0618530637852022,-0.126694503644637,-0.541929198378947,-0.448891807248208,0.375937029253153,0.427616311744431,0.881521919654932,-0.344866997214228,-0.18715699741974
"TCGA-A7-A0CJ",0.759418440404586,-0.600140123350803,-0.54521418508621,-0.436838293851875,0.260521146616412,0.648195585074586,0.942098833649774,1.04777292101341,1.2485435264749,-0.859452695260628,-0.728272891218652,-0.162496143724965
"TCGA-A7-A0D9",-0.176172021806812,0.938637622162337,-1.05992430398459,-0.356631102684116,-0.423047927332116,-1.40818316557247,-1.3198336748,0.237891358529852,-0.211500314732439,-0.120126003493124,-0.64906837179631,-0.400379826256656
"TCGA-A7-A0DA",1.24926385076579,0.923834297885996,0.360925634817116,-0.284893262099368,-0.179569257951987,-0.294401976110459,-0.177285984481739,-1.10504560997201,-1.08807589335043,-0.0960305901317994,0.34177434487911,1.09457182253687
"TCGA-A7-A0DB",-0.490502120976389,-0.450404796146524,-1.12022145138268,-0.320041630729504,-0.627521750629076,-1.21368012609141,-1.19306834547858,0.115762841337313,0.221850900681041,0.0428999846400199,-0.362142630191183,-0.537551793252159
"TCGA-A7-A0DC",-3.06503890409678,-2.58636477217859,-2.94032872273754,-3.78033766429414,-0.801666221165825,-2.86468969268083,-2.74039538938533,-0.470358337549118,-1.23086846347765,-2.44810488242949,-2.85340068439985,-1.6203797264567
"TCGA-A7-A13D",1.94439814508711,0.522540819163923,0.331804099197371,-0.74389792165325,0.638649673013387,-0.344674913180826,-0.224484493794946,-1.06460455336952,-0.960843730347281,-0.708752851376272,0.154811227277403,-0.125100712663542
"TCGA-A7-A13E",0.860903561298852,-0.453408015841792,-0.617405967286362,-0.742992730257987,-0.082744301919157,-0.67547913175468,-0.653330992630118,-1.29661215015569,-1.35415601247585,-0.381215373138098,-0.707209267063714,-0.312446708944056
"TCGA-A7-A13F",-0.296398167716834,-0.187634741782448,-0.713473718545016,0.346588803024483,-0.208949983034397,-1.40147882930609,-1.37477027868113,1.6099822204595,1.74993784279265,0.207409704119858,-0.414576386426507,-0.126617084036001
"TCGA-A7-A13G",-3.50762316841566,-2.51830611142821,-2.55457754028528,-3.87991586726353,-0.713316679005895,-2.22012666688112,-2.12763313493886,-0.770203298558262,-1.41013506425741,-2.11620592958857,-2.52709448504214,-1.66555544743114
"TCGA-A7-A13H",-0.0504110897594019,2.70357344264542e-05,0.739014441915215,0.608769282616566,-0.592759554606051,0.405254571003138,0.192187926909916,0.544359403689521,0.231767910838898,-0.311695831179632,0.536646951071958,0.594956145390108
"TCGA-A7-A26E",-0.262967304167405,0.772813960138817,-0.316641166304535,0.00645033573125181,0.195189057797527,-0.610517940139532,-0.630179063667375,0.442175727105859,0.113143283710648,0.744581238714448,-0.0959065284046632,-0.286915643742956
"TCGA-A7-A26F",-1.42096891014053,-1.88693304949899,-0.105093567150722,-2.59962364782193,0.535026308796045,0.109579524557052,0.126451274914492,-1.88884465270384,-1.99710300631548,-1.20541126107354,-0.454246356227712,-0.154659589118692
"TCGA-A7-A26G",0.191184785842933,1.17361491986734,0.413248051546249,-0.147600354611181,0.859640972332059,0.00347473055474881,-0.421672078908945,-1.16816068997806,-1.24737830412035,0.319990223133938,1.51220722821677,0.508842273817746
"TCGA-A7-A26H",0.0296731461076957,0.128248778184127,0.240601315882686,0.0807928215287201,-0.363802199794598,0.154076823930044,0.124984862179947,0.852157097409998,0.587083982167844,0.370090612343546,0.229631475931189,0.191697565321093
"TCGA-A7-A26I",-1.78990958847368,-1.21885493011343,-1.72615697100937,-2.81821451382473,0.117444839467841,-0.657458741253939,-0.485528432233168,-2.24952648391059,-2.09463430805323,-2.04217858846252,-1.02340404054697,-0.534006552900592
"TCGA-A7-A26J",-0.386197696265356,0.770176729578732,-0.142335513498241,0.247262457163218,0.375613804553836,1.31389168560311,1.62146360662586,0.500452502770563,0.324310009492823,0.968855379624077,0.0206630726543056,-0.0384491218316653
"TCGA-A7-A2KD",-0.646865316996753,0.577531303320407,0.0376636670444639,-0.456917487107582,0.214461490879783,0.874611429602484,0.957732338264004,0.202089283468036,0.267028943604669,0.700167353946443,0.693568471457333,0.236731386660502
"TCGA-A7-A3IY",0.825193194571689,0.760038004032822,1.37812297964879,1.19538230477436,-0.621652846220006,0.518045197303466,0.522081149072839,0.909781797709962,1.36059851388008,0.38971652487329,1.71931736353386,0.669940888976972
"TCGA-A7-A3IZ",-0.755544020053404,-0.115490665714321,-1.3739741209911,-0.458457748619539,-0.318444196156399,-1.14832463187673,-1.0150608100975,0.386358053144602,0.0701410399648236,0.397063757231107,-0.612578192003011,-0.610754242354871
"TCGA-A7-A3J0",-0.336458138101572,-1.34362190805808,-0.658840901349144,-0.558974983301372,-0.222391639210755,-0.639211948993114,-0.712343202078201,1.13582663196616,1.00159935429403,-0.329538651826395,-0.340311974850123,-0.265195397646268
"TCGA-A7-A3J1",-0.174581157627972,0.0891345692454285,0.373712851769179,0.261883850768018,-0.799060444641275,1.70241434018883,1.82796589528483,0.283299482248092,-0.0529701465402496,-0.0299468676623367,-0.0126588832619991,0.269536885765276
"TCGA-A7-A3RF",0.967284823776228,-1.01635480430827,-0.962773582090066,0.215769911771297,-0.756247277018986,-0.810611287578128,-0.591993628816613,-0.691303494377697,-0.893149307632232,-0.48927087439333,-0.94156232751574,-1.70255567026674
"TCGA-A7-A425",0.465686804173868,-0.104197020821347,0.46039611668217,0.71116666268321,-0.706593631201442,-0.782037920032508,-0.835269756360876,0.311289593611709,0.214955778597349,-0.285447917610144,-0.221214968082905,0.397080984651316
"TCGA-A7-A426",-0.0117660990675812,0.214068415634449,-0.190487459824798,0.788329671102012,-1.09796245316022,-0.402963226691571,-0.370388238841241,0.802926183512962,0.763785371267844,-0.802525033679672,-0.166433879590923,0.72866595818892
"TCGA-A7-A4SA",-0.147606584021194,-0.103405542207084,0.340413710139558,-0.0652841094725872,-0.36693823477024,0.855725670411363,0.928883563351102,0.457551634190869,0.073584199446982,-0.598495794211813,0.0140517309810902,0.611617437548124
"TCGA-A7-A4SB",-1.08176815361341,-0.427890499920713,-0.956314092003684,-0.688902324758357,-0.693512653848299,-1.1482783246026,-1.04947854487231,0.604191971696807,0.5744009858206,-0.508152972298689,-1.21488220830584,-0.0855098389538027
"TCGA-A7-A4SC",0.476066118547485,0.197218419553832,0.631125579593008,0.495721853540926,-0.643038141776384,-0.540564081607216,-0.689660782244546,-0.0147107223932264,-0.330009907900374,0.249101750328532,0.124748794293157,0.0138707719902362
"TCGA-A7-A4SD",1.32275349835381,0.243644386944148,1.17920252640043,0.332312042025601,0.719494192211203,1.36015154104048,1.30156977282739,-1.37245199571197,-1.08465629196978,-0.348878646858759,0.206674182984162,0.688677079960529
"TCGA-A7-A4SE",1.90692495868608,1.62267139036084,1.52595938004922,0.882356514219347,0.41930967643012,1.07796546140757,1.19600210002016,-0.758374083270771,-0.606224097060584,0.353389920051753,0.954324000896121,1.47345893226313
"TCGA-A7-A4SF",-1.12896592779978,-1.04906311033844,-1.38659580329097,-0.97406412321161,0.263546666922629,-0.548065016375398,-0.389554747485325,-0.558395907705479,-0.411070472471889,-0.382521864467068,-1.7446625408722,-1.19660173138728
"TCGA-A7-A56D",0.290464491984321,-1.33006514180806,-1.20774725758082,-1.16636435390631,-1.23314981838075,0.563210500284287,0.932240357326578,-0.924355579207382,-0.826990062347768,-2.46076639601231,-1.3333581714256,-0.398245524367751
"TCGA-A7-A5ZV",1.69130463427425,-0.700565486109697,-0.128522192315083,-0.557021031294675,0.279523068584912,-0.582808129456707,-0.457690465376131,-1.39372064072485,-0.853123175893663,-0.0841225962141846,-0.9898550506685,-0.131574948860539
"TCGA-A7-A5ZW",0.337323369749973,1.02981594807856,0.503695846699214,0.837370559814846,-0.294812079542588,-0.435085287430014,-0.604538641012882,0.910338134818742,0.684540618271711,0.767168423013421,0.775530598804172,0.0188106169564446
"TCGA-A7-A5ZX",-0.0244979128295691,0.676541129068409,-0.675780260771172,1.00200758962696,-1.23853806477449,-1.01549975792286,-0.931145112832721,-0.0236703721654004,-0.229698594651269,0.0551969504793581,-0.188879810100916,0.249705429753699
"TCGA-A7-A6VV",2.14640803961969,1.54441322471777,1.29394101264058,0.806238310107456,0.702940304937131,-0.101844026187865,-0.430136947966491,-0.922536538904445,-0.745743091892556,0.259390318871014,0.953909612460684,1.03178870905409
"TCGA-A7-A6VW",0.305451265586663,-1.34929253788193,1.28374114341934,0.0692614679205368,-0.0920361898316075,1.08689452344734,1.28237504092677,-1.33177585944181,-0.78816175875968,-1.07673805904829,-0.174907313905492,0.398869412854433
"TCGA-A7-A6VX",0.568038995407314,0.409563073932189,-0.337881776172367,-0.00540677391604708,-0.475127688084277,0.486872552330701,0.851451193917993,-1.01595324356326,-0.963736361701571,0.050733737893172,-0.689489663304805,-0.59927804007853
"TCGA-A7-A6VY",1.51995084359715,-0.048988392884616,1.18106168283779,0.129884162824173,0.761478026115368,0.924246632609161,0.776745168998737,-1.54408917996987,-0.997522837150536,-0.792420856253919,0.624076094165909,0.695392015174476
"TCGA-A8-A06N",-1.06089218705111,-1.40377562676237,-1.51673733869893,-0.825494068606164,-0.384584379535555,0.620826652874586,1.33669336231735,-0.169527266925998,-0.372165302607528,0.367843739787043,-1.97380832450426,-1.32627077322894
"TCGA-A8-A06O",-0.866551884123483,-0.986181631208619,-0.933999350701625,-1.53607036869273,-0.670383728266206,-0.283053898709009,-0.157389855270555,0.371257985171073,0.296376869700509,0.0674879386008974,-0.988006644095705,-1.34243330026479
"TCGA-A8-A06P",0.640384475045862,0.631125535226486,-0.768368903413968,0.450533341181272,-0.343004815784571,-1.02854496617018,-1.06821831411146,1.36693013193557,1.16143372738631,0.198757734859036,-0.175266837601555,-0.102293161354672
"TCGA-A8-A06Q",-1.46301615331864,-1.95053288349168,-2.35269102015486,-2.22229881550673,-0.264378214713766,-1.43967274957872,-1.29040955016436,-0.032970732527983,-0.105884092734368,0.361646379799488,-2.19389614519044,-1.96187835027965
"TCGA-A8-A06R",0.822101845875099,0.290018888246012,-0.21731828241747,-1.1671574492164,0.116039593207099,0.365833951514321,0.328788551034824,-0.760555407209425,-0.72826602208587,-0.485085679533363,0.23679553453904,-0.312954529529467
"TCGA-A8-A06T",-0.483505978612604,-0.69020234809626,-0.554298748860167,-0.598146570160008,-0.265419363960495,0.943518594501178,1.11605310384103,0.180755099633948,-0.146599547870633,0.474984146209695,-1.21006322426068,-0.899902570472203
"TCGA-A8-A06U",-1.01850330562371,-1.10695340528991,-0.760849795186532,-1.00975389282255,0.349107539440485,0.815319173480624,0.877549395437467,0.0868260776108142,-0.0227239178790269,-0.305128898363106,-0.745798697466592,0.121781308038989
"TCGA-A8-A06X",-0.401899868181093,-0.0328133979849752,0.0381427912866002,0.330106981736683,0.567312283460232,1.27937587127745,1.47589859651775,-0.051883365142405,-0.0686311645564355,-0.708846315318231,-0.619285843660345,-0.747287397071386
"TCGA-A8-A06Y",-0.704627376072673,-0.950800949046936,-1.23651643266239,-0.196947597802539,-0.569865606480594,-0.375199584349445,0.053514117601726,-0.00392603938385824,-0.234049180952348,-0.416964225825777,-1.2544571749452,-1.19218833768432
"TCGA-A8-A06Z",-1.17089168108079,-1.612167070216,-1.82801534466339,-1.95666470867419,0.205331219051272,-1.14877289331867,-0.888687807760529,0.196318181198351,-0.0733858819224178,0.40201761607402,-1.44573066454096,-1.80944185710057
"TCGA-A8-A075",0.627057340295344,0.194857637383835,-0.403362335058156,-1.11247449691474,0.746028239024965,0.0534539470446901,-0.199703097262747,-0.258108129435716,-0.176475222521576,0.369887720910892,-0.273959913871221,-0.195813323297953
"TCGA-A8-A076",-0.437149035578733,0.204430398293772,-0.810076512824038,-0.342218158004409,0.678177874397159,0.626826405702721,0.818564152346142,0.446586616232126,0.494621022806951,0.839503373050205,-0.352935930116285,-0.710530192569894
"TCGA-A8-A079",-0.543664614273342,-1.26800433431774,-1.43377078827969,-1.0040215963512,-0.264896940381477,-0.947460855440016,-0.790821044497285,0.561191263852696,0.646569086219941,-0.702903564520508,-1.14128286009284,-0.325708699015523
"TCGA-A8-A07B",0.0315053003048222,-0.317569026605941,-0.897462189411557,-1.28977218283347,0.548836706093886,-0.639310889775223,-0.568366132352749,-0.534085354574107,-0.304370521153995,0.21751881080937,-0.297833651139895,-0.760672207762212
"TCGA-A8-A07C",-0.71624084247833,-0.0161510291922431,-0.149393962984587,-1.36745549613405,0.446823176715011,-0.71057965729409,-0.975203813773218,-1.52352760651224,-1.61878669763555,-0.497627898280544,0.453906345604239,-0.134942207879598
"TCGA-A8-A07E",0.656405251921458,1.58476666509715,0.391216591853852,0.875301056879104,1.39401543783698,0.200804250270951,-0.139298364940609,0.428571139556231,0.691278622596737,1.52372643778415,0.897570778345836,0.513054997641125
"TCGA-A8-A07F",-0.520401829877915,0.582012079006644,-0.0996380971465899,0.196938112510448,0.367283155357092,0.199924127624417,0.156417280593404,0.958083156275661,0.417052402098662,0.880498842606426,-0.101697646301931,-0.819513113898455
"TCGA-A8-A07G",0.751378135764918,0.561600560158445,-0.529828602681816,-0.249981345969797,0.435568696954065,0.00425758830720012,-0.052968578808544,0.408065846977986,-0.0333845848648741,0.707561800513684,0.0977269381898918,0.0373663612031919
"TCGA-A8-A07I",0.0868207545516041,0.92329448998965,0.489323702806935,0.323862386473365,1.05150699975173,1.56834098252223,1.68982995021933,-0.105908331525947,-0.22496194878365,0.790185389279999,0.76351747722521,0.23787394172374
"TCGA-A8-A07J",0.32682383246016,1.03407735692628,-0.297578712730981,0.263407319322075,-0.138397621651211,0.728100448612462,0.792432637182515,-0.299898045493044,-0.439215694463096,0.670747884400258,0.492559198902323,-0.732178977835108
"TCGA-A8-A07L",-0.300170663496779,0.533532352594062,-1.30203686507359,0.25240830877777,0.32837831158583,-0.683076394131908,-0.560880361982658,0.540114673102561,0.400903552752073,0.473841922197748,-0.759955814038558,-0.622886947960361
"TCGA-A8-A07O",0.463258179885707,-0.580252775466551,0.993833392304031,-1.10460748270862,0.931372401583629,-0.320861306647059,-0.668465338868823,-1.00379162779185,-0.912216123277733,0.225226763384323,0.254032265548874,-0.475173806095671
"TCGA-A8-A07P",-0.40131119755632,-0.40428933564045,-1.05732354890543,-0.0817466161561268,0.44528885277635,-0.233963062480706,-0.0319581454834468,0.65885866031375,0.575508455105971,0.676253159865663,-0.761757237808821,-0.573187715677281
"TCGA-A8-A07R",0.857570755191685,-0.595262369174528,-0.650393116979045,-0.157783753364205,1.22796497339505,1.37638282799777,1.67014686321834,-1.08043904384139,-0.840156462675042,-0.694942808142796,-0.931575180932356,0.701245559037901
"TCGA-A8-A07S",-0.229102980807709,-0.0506892133639841,-0.702895484877865,-0.491961911885961,-0.183870368704939,-0.0440839197784105,0.340017529229867,0.49222064807352,0.24833855200764,0.157853818013073,-0.548799431543366,-0.424371721729394
"TCGA-A8-A07U",-0.109935707041059,-1.24404653494594,0.788186112258268,-1.24890103683658,0.404968644638058,1.8587391997877,1.79623210319821,-1.05962927810716,-0.622592126693638,-0.842926943129164,0.460878827883915,0.635489870735676
"TCGA-A8-A07W",0.675095084419456,0.914764324374982,-0.496930885028492,0.479688654586085,0.729103205803765,-0.456137899565513,-0.461578641347675,0.466482759844564,0.551879046657279,0.526026047479288,0.528752617074005,-0.22581951921375
"TCGA-A8-A07Z",-0.289258082442909,-0.424070738086626,-0.492771945688569,0.77023755883785,0.390143551329791,0.963216946791902,1.22994782891294,1.39620633472025,1.40097530751928,0.573138076960286,-0.41941100656899,0.113115942015388
"TCGA-A8-A081",-0.201920138592993,-0.578073639742264,-0.847566211655351,-0.752991079436395,0.677665436118566,0.457253476627723,0.419810777185881,-0.657277221866439,-0.3586340425363,-0.0520163150183182,-0.396771048397039,-0.32132946605692
"TCGA-A8-A082",0.00832626993266859,-0.0361542022768606,-1.11724508097024,0.0124055920806564,-0.354447856068353,-0.807008769728937,-0.639867028002833,1.09857181687913,1.20367097112165,-0.161926773602369,0.147078333176092,0.195864888355261
"TCGA-A8-A083",-0.827781534179099,-0.816205911758984,-0.833215509436461,0.212956192803524,-0.471001878022988,0.696198375004537,1.25341169515225,0.303921546110737,-0.15382722401402,0.0621357314433087,-1.36678414907358,-1.29259707536167
"TCGA-A8-A084",-0.295702013102694,0.465559418425531,-0.522914995909413,-0.117365820312248,0.687073631958057,1.55755052683968,2.07628937781924,-0.325192934924073,-0.21345726302534,0.111099466161366,-0.401688949413055,0.219594211894855
"TCGA-A8-A085",-0.786818805636012,0.366950621978815,-1.79347957828585,-0.92990290585715,-0.0274060283210646,-1.53024511303473,-1.3405471937678,0.601541688576629,0.193166919831368,0.361133513882136,-1.13557744387222,-1.0915872092419
"TCGA-A8-A086",0.658051579739143,0.648030191743295,-0.788986917004304,-0.0741443860681051,-0.422503105224988,-0.440779578484889,-0.267589363852543,1.32333499085782,1.19917126568684,0.389761268809718,-0.215221938565931,-0.261775635039369
"TCGA-A8-A08A",-0.671847883793342,-0.112356832785993,-0.736671710953525,-0.213742232530305,-0.611329727971922,-0.731347248631849,-0.742168491343099,0.724868524889227,0.543173265895665,0.585990291864536,-0.549015707275073,-0.566542346776974
"TCGA-A8-A08B",0.404193989034957,-1.2038552605905,-0.253862335525266,-0.670078103991593,0.394229650238822,1.32695033309242,1.56184365303152,-0.0879826244726089,0.184905486032022,0.700414579977955,-0.867357974485143,-0.0166685086000931
"TCGA-A8-A08C",-0.906512537102583,-0.104213055011623,-0.893877778734289,-0.542334720036459,-0.314722458257112,-0.636728219900496,-0.496180025628233,-0.0462582975139366,-0.614770885952295,-0.0539128295066412,-0.725139039084933,-1.19943805582987
"TCGA-A8-A08F",-0.358136515089901,-0.0927697988903447,0.12011281924673,-0.534214533154107,0.345182225109012,0.781098119417523,0.698137210761494,-0.589358189993911,-0.476492953797727,-0.0492960977424593,0.428468556140106,0.236588754623404
"TCGA-A8-A08G",-0.586332244956354,0.0717965850586931,-0.611483576385339,0.341183783945161,0.621807348125721,0.978956769690305,1.33832376509546,0.926236359630381,0.660925619228369,0.0867830688523022,-0.19313605959114,-0.0424816923022933
"TCGA-A8-A08H",0.91410297700102,0.948145627892719,0.925167485258976,0.838540854825075,0.736555211390937,0.783802256474679,0.557298585730075,-1.05645077826874,-0.794969520993189,0.124088634494027,1.4871201554845,-0.109988779261963
"TCGA-A8-A08I",0.0309054671848733,-1.15408789048219,0.181052486860091,-0.727169101732906,0.220090047078621,1.7133534448067,1.60601655950099,0.17194857692977,0.493381516266344,0.576807985416286,0.00337642869914503,-0.203259776164456
"TCGA-A8-A08J",0.522067711718716,0.0662215211876941,-1.05258944957936,-0.0893827331662207,0.768858780553924,0.878670291719551,1.17221973852581,-1.00934927098904,-0.822462157112273,-0.105096094528159,-0.120703874853573,-0.332582718356602
"TCGA-A8-A08L",0.651048345257403,-0.258294642146586,-0.466474737693321,0.179314306458059,0.765417996995243,-0.392740914576257,-0.566374205942624,-1.49629797646302,-1.08547776855863,-0.150089721993303,-0.100938154026289,0.229540956702081
"TCGA-A8-A08O",-0.0102856714239289,1.23369803277926,-0.738631814676396,-0.281406753472627,0.243411596480899,-0.829145795422335,-0.733529528270864,1.40571521697897,1.26709010586427,0.676139312536502,-0.480719965941305,-0.205424317860381
"TCGA-A8-A08P",-0.225216451913871,-0.275924008671703,0.601646630769469,-0.516150321892135,0.711605554501214,1.45345172862089,1.4251649128612,-0.424003694350282,0.0560606909687734,0.482940343247241,0.454740166213495,-0.215454963441611
"TCGA-A8-A08R",-0.00656129686815641,0.211345394187417,0.731555281228796,-0.960273228406921,0.113705388150231,1.16137701700829,1.11422137637231,-1.13916645840063,-0.964741671663813,0.389132321079144,0.758324880215237,0.931116826281369
"TCGA-A8-A08S",-0.13614026343584,-0.0182660532550979,-0.386270907473241,0.320069476165429,-0.0728633413985895,1.41064309925963,1.71837496108367,0.256575855616927,0.240991311119378,0.715693065837712,-0.837558597236562,-0.142140540469862
"TCGA-A8-A08T",0.265813092572587,-0.188505736773452,-0.816005315525176,-0.69641001008633,-0.604993183373488,-1.39264845266956,-1.46960371192243,0.114263275667455,-0.326279985816322,-0.271817553271408,-0.688180015995857,-1.15490128680339
"TCGA-A8-A08X",-0.642588903265782,-1.08429490245376,-0.539251004881424,-1.60762155140107,-0.231666645277339,-0.587185704535663,-0.934350468671919,-1.52153746073967,-1.63835330372638,-0.871548656472298,-0.313167245793403,0.197599234064034
"TCGA-A8-A08Z",1.431976922487,1.42762300179794,0.821316538655583,0.32693844188068,0.134246031615879,-0.22123352387485,-0.485349760833501,-0.103584894986271,-0.367082550131908,0.283975745150313,0.835332580943836,-0.898083633190827
"TCGA-A8-A090",0.0284827364991383,0.580397047161251,0.560584417549088,0.45365497028455,0.503098814649347,1.05535902226104,1.14376308800242,0.961522556658386,0.679040919582703,1.03745123720469,0.535006987069625,-0.00373090360910847
"TCGA-A8-A091",-0.759498279001421,0.338434473725244,-1.33921893766073,-0.956594760909034,-0.540522562283448,-1.28054223823017,-1.26002879643155,-0.51659268907092,-0.755018122995228,0.509831329060097,-0.154485972994096,-0.544796413537404
"TCGA-A8-A092",-0.9022070165743,-0.622700422444652,-1.32088715016971,-0.495804292151123,0.206600980684948,0.201764394811407,0.520183986845451,0.717712562516631,0.680481260375732,0.221558045194348,-1.01872423635544,-0.956073770960692
"TCGA-A8-A093",-0.506246470691276,0.512916595969381,-1.43953972764894,-0.889489175131749,-0.65101283154884,-1.13466244747496,-0.984583697947773,0.752166064902328,0.408176682976043,-0.427396940748318,-1.25660511503725,-1.37222224212838
"TCGA-A8-A094",0.201817618192913,-0.484362167473669,0.107923538707704,-0.564961937729106,1.06022768710526,0.309206564282937,-0.0295780729114419,-1.25051825787562,-0.72916146512414,1.07849139203248,0.476089529538078,0.114947276934691
"TCGA-A8-A095",-0.356790608213832,0.379405460039577,-0.589147259290595,0.757561727192432,0.29918593463944,-0.675215451638462,-0.714942996574875,0.698618013720285,0.963859849562519,0.910380992697338,-0.094958228815287,-0.468547133625589
"TCGA-A8-A096",0.752422539452443,1.0517202825033,1.29727226344071,1.22345113933425,0.562499285789415,1.30098910326071,1.16461818005013,0.620258184224187,0.329430893169264,1.06101844626695,1.09171170242352,-0.360849974026452
"TCGA-A8-A097",0.00182808398905452,0.755841571075326,-0.30490817022672,-0.313179335274467,-0.177755390157332,-0.283840281163401,-0.297161313676707,-0.606149235463806,-0.400980812642353,0.0627564524398619,0.662168029753294,-0.1801137363745
"TCGA-A8-A099",-0.43357498392974,0.152781558529684,-0.808877197631041,-0.430305049850606,0.0934333048653904,-0.161201572292841,0.0128720192133456,0.370892526558151,0.112664444314588,0.798956245621567,-0.726149663232252,-1.13477603916303
"TCGA-A8-A09A",-0.60214712335356,0.779822990963182,-0.769400245301427,-0.562349887195154,0.346346012123886,-0.618754017089433,-0.756463069938914,0.181357856708582,-0.112101682158818,0.551285422414278,0.229657302940584,0.332038651791203
"TCGA-A8-A09B",-0.534263150198336,0.0139800448103557,-0.426241064423417,0.0961352360722977,-0.808582951995822,-0.983435373896652,-0.863169877416015,1.40153857929603,1.1722017068272,-0.58763134805509,-0.809029646783234,-0.44115007059587
"TCGA-A8-A09C",-0.959846987266034,-0.63286014973715,-1.28898054155218,-0.947676282224743,-0.637866462057014,-1.54609140578496,-1.52405897797528,0.0842054367527163,-0.129772622007859,-0.577572800866895,-1.38588581993847,-1.50429450530731
"TCGA-A8-A09D",0.104628290924801,0.876237513401835,-0.726732913816281,0.268687338909907,0.608770722867743,0.304098036418186,0.22107514124706,-0.321488810974908,-0.237075800448253,0.22528644657528,0.428692659967438,0.0286257093690864
"TCGA-A8-A09E",-0.349755207638005,-0.891416475128989,-0.82732682082711,0.534561991933031,-0.457380228945791,0.785630693821984,1.2965919121343,0.756614302228116,0.930775361062234,0.185088171180297,-1.28837670088903,-0.590531429347357
"TCGA-A8-A09G",-0.939105686346082,-0.549860458357261,-0.712805437341868,-0.593039414613713,0.97643991005513,0.543863548410682,0.506837443075198,-1.12136211028083,-1.04394797384947,1.24123884297268,-0.407966324114811,-0.228606152568296
"TCGA-A8-A09I",-0.646307534003029,-0.0535154898920306,0.282969741176532,-0.0694292926847722,1.05257068097029,1.66167324507755,1.7216529106223,0.0339938466049046,0.25925491498753,0.479822183797855,0.331891872406953,0.0825749566106835
"TCGA-A8-A09K",-1.43379999140323,-1.33622089225643,-1.11059868700235,-1.32011275017439,-0.105607584899584,-0.750452302123411,-0.828788454114717,-0.0873730015464717,-0.474447639622489,-0.604192017379172,-1.5188732577152,-0.934611404557763
"TCGA-A8-A09M",-1.50073250091359,-1.3126905171275,-0.779875001795907,-1.01995505776184,-0.374841528961672,0.988314147465625,1.12650549240048,-0.0187603966000706,-0.137130592164793,-0.840392394460073,-1.00123075864434,-0.936608270215362
"TCGA-A8-A09N",0.244392536018533,0.144805875304382,-0.719747320761392,-0.0849024362864608,0.913512077924748,0.240967138006038,0.396219851813033,0.361617491220549,0.0925903038153342,1.7057740387168,-1.27303219997309,-1.16167982861779
"TCGA-A8-A09Q",-0.681198705201747,-0.899931789609757,-0.662521024230283,-1.28502185663197,0.115438791634967,-0.707153566342545,-1.04056662729946,0.260234151485705,0.208533739586538,1.01729346641548,-0.0582406366946421,-0.731880161434173
"TCGA-A8-A09R",0.216583973755036,1.01474862096634,0.292165726638078,0.62754259297128,0.446968486016788,1.11404563142508,1.10049644789776,-0.125054331586563,-0.139858371075503,0.71723457154767,1.08016904876188,0.303957788904745
"TCGA-A8-A09T",0.276703157947481,-0.162278729986481,-0.287948548481859,0.959996978814359,0.19232975392259,-0.526627627539455,-0.439541772112451,1.31346238265727,1.18775211369365,0.60135393408889,-0.0758233417274112,-0.601999644131872
"TCGA-A8-A09V",-0.691571237149426,0.406320036085748,-0.964461602348427,-0.275906517648571,-0.837990437624457,-0.861718533756282,-0.747035757671427,0.839212016236777,0.285640146026528,0.255187517818676,-0.844546573949355,-0.845825488187306
"TCGA-A8-A09W",-0.605084094412624,-0.583193389652436,-1.14397009524939,0.230489918112803,0.88453227261093,0.112238321121605,0.149747863084645,0.123699212082281,0.0216031636536185,1.2497568495269,-0.400415354467387,-0.530988611153037
"TCGA-A8-A09X",-1.0328916283168,-0.797115764416125,-0.478258746993575,-0.278835050187939,0.541280604829031,0.40954297463539,0.229617088921101,-1.10803359002149,-1.21369155782688,0.862207508450023,-0.117347840549415,-0.598882790563543
"TCGA-A8-A09Z",0.227312879056944,-0.69933745314223,0.600385951457564,0.816198340070784,0.184715738314732,1.15981409341373,1.16745642237097,-0.937908340493614,-1.19651758389999,-0.41818030151477,-0.942610810633426,-1.589753271465
"TCGA-A8-A0A1",0.521922712952682,0.569520015833271,0.788169674963259,0.798158037818439,0.484842045032298,0.705338365977854,0.477665178120987,0.79093725341785,0.491880619329013,0.870400238634385,0.716328814812597,-0.345534259376146
"TCGA-A8-A0A2",-1.10334715866802,-0.374412918653211,-0.784682160303108,-1.14668426641202,-0.966011313174571,-0.950500926115524,-1.0207772858787,-0.0257193116631704,-0.583857863452137,0.505877749369987,-0.953879667785427,-1.02012339413204
"TCGA-A8-A0A4",-0.149940145502413,0.0923799995861038,-1.21871300666868,-0.456515926666256,-0.45047448262144,-0.281095513099294,-0.0861837458912872,0.964336114377045,0.907129505922743,0.695712609597814,-0.762843600855151,0.305970610758751
"TCGA-A8-A0A6",-0.784745658011617,-0.0984550419470565,0.457656563523991,-0.0503742203517935,0.226817075404307,0.591933409154206,0.441420317904573,-0.692398731055992,-0.562661910812125,0.0950328050901494,0.850580983868539,0.57277328708973
"TCGA-A8-A0A7",-0.682398416582355,-0.492139374705639,0.0138835479246918,0.0394175631871042,0.476551680736327,1.11536694874828,0.946319288700432,-1.54672756081933,-1.54929650478276,-0.214400999073126,0.080889588744245,0.309999894745368
"TCGA-A8-A0A9",-0.17078316914031,0.188074828338104,0.245505598932115,-0.0593577364419009,-0.0564785818969833,0.575108396407962,0.808106531365031,0.829955412895441,0.417811408104204,-0.0600616572244938,-0.231179438720644,-0.734600650522753
"TCGA-A8-A0AB",-0.794359312012277,0.239934565096943,-1.23929205465502,-0.377203210004381,-0.140471150121287,-2.08937464166519,-2.10399406358897,0.556186223823752,0.12918674541215,-0.0739622858573988,-0.766910357458704,-1.10250712718779
"TCGA-A8-A0AD",0.296536546365458,0.963042051488728,-0.162142628849626,0.0373263849105104,0.374413054534584,-0.51539252464431,-0.657244112861226,0.936939539961905,0.946488542185708,1.0395166068548,0.361664356180936,-0.759860217890873
"TCGA-AC-A23C",-0.909969217496948,0.0716083844638824,-0.2707938043565,-0.811417045896681,0.135087527333467,0.379406672593628,0.375812528244099,-0.979424178031591,-1.01892343647269,0.704023782875444,-0.361012692077414,-0.372381797866932
"TCGA-AC-A23E",2.2008005874959,1.192592404375,0.120287058160196,0.298161823351609,0.024749988957423,-0.16254032294127,-0.262194531704121,0.86480359075543,0.729873018069853,1.16107201561192,0.965303850019463,0.0211749836612442
"TCGA-AC-A23G",1.39337243530979,1.70501003203911,1.49231520083238,1.62960452886092,-0.293903384794243,-0.24082812644426,-0.609041457550011,0.868453343054778,0.731212227702152,-0.0253202155806303,1.37569358702315,1.18200680640099
"TCGA-AC-A23H",0.388704343729491,1.18859010765405,-0.493018247349612,1.59670686888495,1.18512323534059,-0.675845926145367,-0.543877872404702,-0.947725894807836,-0.333133628755397,0.934621764333422,0.177699825708569,-0.340641736754247
"TCGA-AC-A2B8",1.11099833042029,1.37271981653613,1.2002121345732,0.939931408642937,0.223916305915233,0.617709646027269,0.402927556915223,1.0719722937852,0.820747061217116,0.857210368168567,1.00646230594615,0.0127197765074635
"TCGA-AC-A2BK",0.0112828453634377,-0.302330916971557,-0.784902271303752,-0.36521791511859,1.34829421975213,-1.27169817216321,-1.28464629649987,-1.08885588804928,-0.88683899309021,-0.0122501601889494,0.639056972134894,1.1298520502839
"TCGA-AC-A2BM",-0.50618328393197,-0.0994016045836606,-0.607177493485654,-0.628678913303049,-0.0812342095204297,0.46416711183502,0.79944908198158,0.414557243611384,0.391620958398466,0.585745253848791,-0.234855251011317,-0.568232666060176
"TCGA-AC-A2FB",0.161312250437698,0.526001578613931,1.33689968727506,0.888287534210592,0.248944955027991,1.65131377540691,1.55948839338298,1.13610790528296,1.05071336580624,0.854516457672584,1.13718697575677,1.51028604993471
"TCGA-AC-A2FE",0.519676820170074,0.691561121180723,1.71028724366031,1.12818205338888,-0.384322465287769,1.01591361522531,0.883698776258837,0.638718847306723,0.819898262291911,-0.150065729775561,1.27826062242779,0.694736376831031
"TCGA-AC-A2FF",-0.0388698910513855,0.523284030096596,-0.0878306816925827,0.350561763043138,-0.511952498268619,0.160368975707781,-0.13393711981862,0.131705439062943,-0.0586477610935046,0.402563081991395,0.659670356773978,0.297114238078362
"TCGA-AC-A2FG",0.192694043687145,0.491152201605207,0.0812355976601503,0.587728092403408,-0.789900305087205,-1.03654111914729,-1.11687012348682,0.998242149419097,0.735624137958587,0.975312259355994,0.261963746418434,0.423135964443207
"TCGA-AC-A2FK",0.395373486752197,0.645256106339836,0.901913732778808,1.30640665170043,-0.343108552627167,-0.488147164155283,-0.646953320580419,0.182650317301818,-0.00581539044645692,1.32961940708881,1.23215310219078,1.30471280727396
"TCGA-AC-A2FM",-0.221651770264952,0.121091797981943,-0.799355670776397,0.25586207879178,-0.0871153248814296,-1.21251433318571,-1.17521424026577,1.59254199937295,1.6286040420986,-0.0583092879209702,-0.770570573229611,-0.444056361394667
"TCGA-AC-A2FO",0.898871207679764,0.9159537320188,1.1400707970522,0.668562859347294,-0.374255222272464,0.651555879243977,0.387015380031734,0.449127136758969,0.269123313206988,0.82025979521296,0.987570058333325,0.857778215223547
"TCGA-AC-A2QH",-1.85422213129628,-1.49461239220419,-2.36028527769149,-3.83272502586048,0.397388638680064,-2.22190168539599,-2.19515515004929,-2.66560246396565,-3.08238886089462,-2.75142056574247,-0.805818611593345,-0.907609284082529
"TCGA-AC-A2QI",-0.115956658434821,1.30337077513353,0.122707907823248,1.29530867795701,0.134524526978165,-0.0394485156243732,-0.133962376438896,-0.489633796002034,-0.871976754225798,0.0397956874217582,0.54642093884686,-0.294630066347452
"TCGA-AC-A2QJ",0.0418533047377501,-1.39791099094878,-0.140639802882501,-0.842301776721814,-0.908705133338934,-0.511382074546853,-0.442430308301061,-2.08912984986033,-1.96800957126184,-2.94964989487381,0.326639311144699,-0.165421297825098
"TCGA-AC-A3BB",0.937069670143733,0.574680281928977,1.22597109323779,0.906100261153204,-0.34648657948844,0.59121130009006,0.396124246966354,0.696288108575003,0.501872519638473,-0.539246163811976,0.855690860040666,0.552495629519444
"TCGA-AC-A3EH",0.104829073712906,0.022352947490385,-0.729183507471701,0.41771850888396,-0.029582729964493,-1.09169536114062,-1.06939702196367,-0.29242151336591,-0.519632885385917,-0.553156582677332,-0.574969820815527,-0.193628722540248
"TCGA-AC-A3HN",0.674921997470886,1.32680458121715,1.02612872432419,1.02458521703945,-0.353055368249323,0.337152297189939,0.129090833296146,-0.0441616582934018,-0.186291446166314,0.280000888717315,1.03022170214193,0.506439757525044
"TCGA-AC-A3OD",-3.83615941719943,-3.04475028029217,-1.98969921973227,-4.26220563979752,-0.587590522465934,-0.781565042358665,-0.763496833768262,-0.741076911211905,-1.26278212617343,-2.80527783581978,-1.36302490093706,-0.746676186931387
"TCGA-AC-A3QP",-0.339925472798226,-0.601436428933694,0.00076014937589799,0.500478783833244,-1.19091183296919,-0.612448278852886,-0.592034797159688,-0.260851215660794,-0.359745383547586,-1.16099527509406,-0.150421893915485,-0.0718839843792543
"TCGA-AC-A3TM",-0.585733230209021,-1.23375264782459,-0.486186536299962,0.614777755061328,-1.32909457473936,-0.924428180602995,-0.803064449301069,0.696974887631955,0.899129276117184,-2.07567513006926,-0.9877899566398,0.0568686835385878
"TCGA-AC-A3TN",-0.862200817701973,-1.01926859713832,-1.01175685747754,-0.208186893785994,-1.16137689594329,-1.25704005855029,-1.07640250688679,0.548839270428251,0.179696867523692,-0.837188880070709,-1.4944739828942,-0.751158898834987
"TCGA-AC-A3W5",0.599621602389186,0.762044348861825,1.01046869771093,0.299409612503697,0.185394101605992,0.466575914812771,0.214207968357953,-1.00604618086307,-0.819012720417137,-0.213049554600885,1.09703606408276,0.743253408925361
"TCGA-AC-A3W6",0.220429289730927,1.19712575996194,0.617764052710524,0.666841787212223,-0.133716056777388,0.480772357380811,0.341189642285682,-0.277603588583859,-0.483034106190281,-0.33994927871355,0.43637014138301,0.138272049780659
"TCGA-AC-A3W7",0.296515189117737,0.71755511250655,0.224880705305671,1.48313043645136,-0.343960390094732,-0.684052571189459,-0.631492482333017,0.657734660195418,0.563545646239573,0.00179176307872979,-0.188229011221295,0.631734522349983
"TCGA-AC-A3YI",0.960889490766674,1.24101631312762,2.1789252982403,0.785542445566724,-0.28614723983359,-0.158573402263042,-0.641410950313833,-0.178755306142173,-0.344244260455703,0.062489771023903,1.6441014766319,1.55526569357705
"TCGA-AC-A3YJ",-1.07901211253686,-1.56209418859976,-1.19997027315022,-0.298198217052045,-1.56880841740605,-0.865397054512331,-0.669548524596021,0.284711352778061,0.346506177115703,-0.96798105679025,-0.562021099747695,-0.942419997169034
"TCGA-AC-A4ZE",-0.321486886752174,-0.159565089380826,-0.76988595799353,-0.352971487140451,-0.771097481037308,-1.00502770689584,-1.01031554962474,1.406440565583,1.16065359212044,-0.244296057421597,-0.927567110837305,-0.0435496913029982
"TCGA-AC-A5EH",1.72144486900584,1.03457470903639,0.806443832245402,1.21187875141618,0.8357975511486,0.149905685490478,-0.0547828543308869,-0.537084988742794,-0.361650083039644,1.2203696132028,0.657315618199705,0.236898447807671
"TCGA-AC-A5XS",-0.0959641949295591,-0.545688295264083,0.971027227285677,1.00637728351169,-0.341829921607916,1.19034681341213,1.26087600190378,0.151467597399158,0.1829401281864,-0.531513201471682,0.107576734463698,0.0691271827980881
"TCGA-AC-A5XU",-0.368872332952834,0.144352651331723,-1.06600560493027,-0.526445908591732,-0.683807188401151,-0.938034386644937,-0.886362269193026,-0.0949244981322106,0.0344968566377938,-1.05172739054066,-0.427931416637012,-1.04986252428148
"TCGA-AC-A62V",-0.570013590027107,-0.796328818523673,-1.64251630069088,-0.511797827686008,-0.545682447566524,-1.48358211134762,-1.34056735734785,-0.158605608190153,-0.134695444781027,-0.819078816941551,-0.881210163851839,-1.13780401492909
"TCGA-AC-A62X",0.210846488714948,-0.580761385581145,-0.155970767076699,-0.0377703522894069,0.629501574821366,1.76102543542815,2.24469806514755,-1.37799603506143,-1.22159510120176,-0.466501663344536,-0.416421396798406,0.806597998523535
"TCGA-AC-A62Y",0.614227780205084,0.235447440062502,1.54844357580418,1.00819881231663,-0.704226016002447,0.756683205240663,0.857036979980784,0.88202625109121,1.0902479227817,0.422555162365038,0.810910370509355,-0.326191775525614
"TCGA-AC-A6IV",0.274041494259045,1.17344649751492,0.526552741455632,0.577842698708725,-0.634980976582303,0.517352132644857,0.280797105263928,0.330918516783053,0.153402108717169,-0.18789519222873,0.941490612426869,0.769568837512023
"TCGA-AC-A6IW",-0.477262202504832,-1.12001879252992,0.924837850145222,0.0787671799232118,0.272592215976366,1.27700177207522,1.2161195887819,-1.24104181138109,-1.32530815923577,-1.21661642500729,0.451193547811873,0.21132646396772
"TCGA-AC-A6IX",0.496053912326148,0.727689190670746,0.503074488030424,1.28855813236715,-0.0653516180697,0.546450257890094,0.593639620370276,0.0950508893545704,-0.1456812269766,-0.0169360896822767,0.634431952214846,0.221535292188291
"TCGA-AC-A6NO",-0.780191090015525,-0.532224572417593,-0.742071964719422,0.00745504066115562,-0.815139501587558,-1.18548767650513,-1.11373940964575,0.596859643314888,0.286565680547726,-0.36117142361789,-0.85962188513025,-0.61131341072006
"TCGA-AC-A7VB",-0.713455826602463,-0.518352410870032,-1.55494786527373,-0.512881142859002,-0.718262846027375,0.256519085196708,0.86244570340988,0.298561221372068,0.171134782769801,-0.862536876037507,-1.86009175339875,-1.05226294706562
"TCGA-AC-A7VC",0.799393356711621,-0.248850657280319,-0.861952029796934,-0.176921676062177,-0.20120691618124,-1.41455080892971,-1.45956876764405,-1.7693943524403,-1.91894178265685,-1.62369819593706,0.614850151501838,-1.15765284581592
"TCGA-AC-A8OP",-0.0684306791362835,0.705320612718583,0.719460022975267,0.0246257882214221,-0.0804349370259502,-0.409888537130294,-0.465132965333334,0.26572243398044,0.106309037023102,-0.243811053721288,-0.0220457801348314,0.235899401123718
"TCGA-AC-A8OQ",-0.199855701612867,-0.622284202573351,0.36084920708848,-1.23264315248557,-0.444779536049645,0.254337018845532,0.118641554813892,-1.57831690212318,-1.46753810142988,-1.44506543635928,0.212926225491382,0.949058219940692
"TCGA-AC-A8OR",0.664621182515148,-0.357804184912719,-0.586256995421313,1.17215480165375,-0.515367030542882,-0.637834518386474,-0.353200158660935,0.537348575061123,0.363103874533649,-0.802311001135501,-0.164818711125856,-0.518482965098683
"TCGA-AC-A8OS",-0.324686978254867,-0.1771121945915,-0.249848636455273,-0.226444709314604,-0.62399680627878,-0.505979104148239,-0.639657835186285,0.342374006299668,-0.0550374669555856,-0.193458986371582,0.0794277711235318,0.183986996587924
"TCGA-AN-A03X",0.581400819261294,0.850067877582864,0.00314168789005938,0.478837104248673,-0.558116882078548,0.00990751246299476,0.0860728736426509,0.717129250996946,0.617051021009945,0.290679268311675,0.0952377408457789,0.130402472399435
"TCGA-AN-A03Y",-1.63602773671946,-1.26997372233797,-1.36631785094306,-0.903187214209657,-0.61200183216432,-0.860220709238621,-0.766919344521272,0.0915800933592559,-0.185539516883628,-1.02724489728794,-1.3834466329568,-1.53713799465464
"TCGA-AN-A041",-0.516449113258573,1.24672173918379,-0.313723287045874,-0.466230727850206,0.710815781741712,-0.586501795065912,-0.573981839277595,0.670458169711605,0.277239396006864,-0.037327619306648,0.0161683322267181,-0.884736603021726
"TCGA-AN-A046",-0.592943591262712,-0.505979613508154,0.594429859719958,-0.629915490728346,-0.268290958264641,0.874258687710411,0.860511711860949,0.754296808035424,0.404887939853549,-0.2365815486057,-0.143162054123645,0.010718975726062
"TCGA-AN-A049",0.184612613778264,-0.111600118495174,-0.228983392991881,0.322280209231401,0.490980279530395,1.20309497709751,1.49062908508838,0.793862106683932,0.722818509141249,-0.23223554794874,-0.00274217742441824,0.0283045823012798
"TCGA-AN-A04A",0.560071146695553,0.706332721705047,-0.402839729177316,0.658500869311868,0.262737360208218,-0.410575872152013,-0.406815346965709,0.685621865208903,0.736394294037799,-0.165431144165719,0.634723625792754,0.644190885238426
"TCGA-AN-A04C",-1.58391062319429,-1.23658192092391,-0.830327169802619,-0.589532555621699,0.363257650264894,-1.28650246979837,-1.36038588277744,-1.53858734460979,-1.42920397889923,-0.825586185730595,-0.415131688237714,0.40842236564735
"TCGA-AN-A04D",-1.33625204852135,-1.41667485313417,-1.65052419027065,-0.620290765515948,0.303703471863719,-1.89027625438624,-1.88121558672627,-1.65318335864078,-1.31098385857087,-1.31251899403971,-1.17186215237762,-0.0752566064665393
"TCGA-AN-A0AJ",1.03814469725783,-0.596696998435692,0.0542697052174164,0.154994209936013,0.838201779440168,0.69462476276848,0.507270663595237,0.0815032192159486,0.401275549909052,0.502787142470412,-0.129852525076636,-0.64955579212918
"TCGA-AN-A0AK",-0.212469926266914,-0.506369657479104,-0.965251023591237,0.065813975180996,1.28716930102876,-0.86307040393681,-0.906067260699352,0.0357621246602371,-0.0445325420974858,0.125281633105755,-0.702825497089883,-1.23773258570159
"TCGA-AN-A0AL",0.80434734067104,0.391564510877885,1.19433810234395,-0.259390357703052,1.1284498448321,0.783849266874017,0.705722689236125,-1.17737597427895,-0.596020332857492,0.428308938549232,1.31215876810532,0.525297545934238
"TCGA-AN-A0AM",0.435219902817396,-0.57754148844468,-0.058103764944931,0.287593699437081,0.525239051020649,0.816482301726905,0.810031245636272,0.205134400382558,0.539454104343345,0.375115644900961,0.413721209736379,0.42743589074077
"TCGA-AN-A0AR",-1.50978398179395,-1.95017764550801,-1.86122757133446,-1.95318200659361,-0.440598701215964,-2.03965443315574,-2.07040993891833,-1.34247112355809,-1.46923958756839,-1.45451405750048,-1.58360441809696,-0.796839698442886
"TCGA-AN-A0AS",1.43946098573677,0.932023531370891,0.154950293514654,-0.0239340194074379,0.117254018615205,-0.496262302860241,-0.650779453778406,-0.132364581065461,-0.202341740769996,0.782411935725777,0.362475294233535,-0.835380957819586
"TCGA-AN-A0AT",0.483563826262712,-0.167734776033844,0.676282877931483,-1.06744139158259,0.599837417549423,-0.702695009696495,-1.04733272690381,-1.58945900195547,-1.19405581997641,-0.207326064256842,0.626252157061471,0.86142211001313
"TCGA-AN-A0FD",0.361986535678681,0.47340201955466,-0.240189527449857,-0.159792075131073,-0.100167985400794,0.78127600947518,0.922197599914257,0.384589414927623,0.254478916701867,-0.493904341309225,-0.0769089095938187,-0.184281647938777
"TCGA-AN-A0FF",-0.440299460891797,0.279622983999456,0.039822446132185,0.577194705705125,0.164152358657782,1.09041760333403,1.32230704500602,1.48831338441021,1.5673643864234,0.326418612060355,0.446924791452819,-0.257737077956355
"TCGA-AN-A0FJ",1.46410716695513,0.77037732232653,0.00627545580059453,-0.154860932963953,1.13874877979627,-1.21838317423692,-1.46120742804714,-0.886439557069356,-0.80944771569401,0.314486286952587,0.131738431351875,-0.298527014958713
"TCGA-AN-A0FK",-0.281069014948053,-0.0632729597152832,-0.805010161643021,0.0245011774546721,-0.200627967102976,-0.607620309345942,-0.302471873498808,1.05557136878,0.951911788991377,1.21499015263214,-0.66350939064939,-0.963687789026586
"TCGA-AN-A0FL",-0.455879659586045,-1.61358826364743,-1.54797329306055,-1.88130689715283,-0.0974299155276324,-0.4951043497199,-0.0138232272937918,-1.71248315081886,-1.76970505198951,-0.706761198091981,-0.772973382949663,0.194158122346328
"TCGA-AN-A0FN",0.791459094205182,1.64279533017124,1.7052894311041,0.610024194534202,0.0294037920226977,0.731244203469127,0.41165304667295,-0.233387699463925,-0.286514220721225,0.252082906185483,1.61313973588264,0.267289009597226
"TCGA-AN-A0FS",0.666515346488616,1.11635052700197,0.14255477291412,0.815356932136505,-0.423224255738558,-0.64703887721199,-0.667067141146289,0.495950195692322,0.348183857952865,0.913086719534487,0.28595159246108,0.255488208511491
"TCGA-AN-A0FT",-1.54363237963187,-1.00751540005592,-0.69904495079133,-1.62072364064662,-0.756968025584933,-1.20799139415068,-1.29228428641318,-0.170258558781284,0.0437369008083207,-1.86539843445322,-0.57752205111636,-0.619763658145941
"TCGA-AN-A0FV",0.933168943605157,0.250919621440745,-1.155221273917,-0.227739491107235,0.796727424531526,-0.679838198372999,-0.543332335207473,-1.01832878274461,-0.888007396265261,0.649762173937531,-0.105417356200059,-0.0982978380173954
"TCGA-AN-A0FW",-1.02170565241021,-0.00895300628249119,-1.427142301095,-0.470206090719527,0.229751526075916,-1.35756280047221,-1.43350335493234,0.435144658782134,0.216782565051614,-0.363173107937556,-0.951040456103896,-1.232956250565
"TCGA-AN-A0FX",1.39186020873917,1.15993020750993,-0.303714830816975,0.314129020640761,0.192065732405231,-0.866132772771196,-0.883386877690298,-0.838033042464715,-0.639097453585858,0.0499576158185853,0.203779549704946,1.02579696022575
"TCGA-AN-A0FY",0.578299733046205,0.763706418651121,-0.710653555205978,-0.474983600963725,0.395543239661545,-0.765271417634626,-0.775394455271108,0.931290125858379,0.959280090015238,-0.523296290713476,-0.562866509051105,-0.486577581945291
"TCGA-AN-A0FZ",-0.820271243128868,0.491974709636883,-1.38063544143913,-0.189431051971998,0.406349976096853,-1.04397773427455,-0.83264791101846,0.765219447884909,0.450021642543807,-0.251689919191877,-0.857932948359175,-0.883118998475827
"TCGA-AN-A0G0",0.970649552522458,-0.0591480039365126,-0.117463456291626,-1.274313998763,1.49368151576152,-0.662045414273629,-0.775335399466681,-1.18360489716785,-0.996441001732357,0.768299647086083,1.17360338686502,0.414829302516734
"TCGA-AN-A0XL",0.760746584628538,1.60248389341676,0.574712396532449,0.551738330680174,-0.350392419600705,-0.809329670650896,-0.964431168573252,0.834505803009204,0.686611455603396,0.935899778657299,0.432635092523194,0.0582756816100726
"TCGA-AN-A0XN",2.26198700494014,1.7381723439532,1.23924061767378,0.468429493311788,0.228755010254339,0.449347947962254,0.224007534263657,0.143268693744881,-0.137903102044466,0.608853080691111,1.55023329766512,0.286164926344771
"TCGA-AN-A0XO",1.21171770692992,0.847508155976655,-0.56414762033586,0.795197666032549,0.471996396127949,-0.916516982013341,-0.836305288060847,0.981356023135519,1.02976296701371,0.657395956988023,-0.56230243662136,-0.0692973225506462
"TCGA-AN-A0XP",-0.617699836749044,0.286241486809558,-0.349228211724999,0.0984648919361964,-0.085045102844043,1.74098930805522,2.17672408341092,0.641735595590399,0.335059161680238,0.682787493546526,-0.33681090922561,-0.472319521127784
"TCGA-AN-A0XR",-0.178307949129867,0.037607291728677,-0.776884159265031,0.363071115228485,0.0958163851846747,1.38872945661424,1.93304914651466,0.413043902319283,0.288936886204089,-0.502865454637365,-1.0292482906042,-0.0950868542939081
"TCGA-AN-A0XS",-0.208163588934879,1.07931755627111,-0.281680336910217,0.0925212437895041,-0.578511579963431,-0.216002469007295,-0.369455246160523,0.74124603192072,0.623103166483519,-0.546358801164652,0.175562203443989,-0.318312493727121
"TCGA-AN-A0XT",-0.257748007625965,0.945262467270817,-0.357099993747375,-0.47283974819153,-0.523195574360037,-0.890753453150803,-0.8092298836325,0.958406286210674,0.430732988002944,0.36884480288099,-0.555982038152769,-0.920970971510047
"TCGA-AN-A0XU",1.58208135486643,0.0268086930415309,0.206537170845491,0.0510293488294104,0.756845744119556,0.418497456427211,0.271007157241086,-1.24529082093703,-0.852946999185973,0.413296567038787,0.154843322014779,0.593951955939342
"TCGA-AN-A0XV",0.509491701445067,0.536665017921389,0.162812598423886,-0.251266282758734,-0.686537848070326,-0.0369632325736578,-0.172606126367332,0.43736238596125,0.355470570791666,0.32589221395649,0.00313121420339822,-0.155727513420288
"TCGA-AN-A0XW",0.699702797115878,0.978770824443629,0.996289863795773,0.76845231383227,0.665301205667274,1.03944236399857,0.849850865640419,0.33038157853547,0.794914377407461,0.596596193711795,1.13914008238464,0.700756258573012
"TCGA-AO-A03L",-0.336360530745271,1.14682544034235,0.179312067434268,0.571582357988664,0.968738950306957,1.16716548698044,1.37290608578955,0.931949507412995,1.01205279892837,1.08870595745122,0.2394031420983,0.283009389682538
"TCGA-AO-A03M",0.323810016513262,0.0561621481824738,0.353569852207973,0.290865403390226,1.13043910899767,1.38694748386967,1.34490531801966,0.887361964749644,1.12687727871726,0.544191174871186,0.429492230194859,0.412121525330661
"TCGA-AO-A03N",-1.72438589008312,-1.43831452612916,-1.72382559671312,-2.08145497021674,-0.63553632487603,-1.68321984651377,-1.59091583858867,-1.03074857283685,-0.840458606080538,-0.911229298088082,-1.09483864184362,-1.0048974427173
"TCGA-AO-A03O",-0.244983294415321,-0.570791822478568,-0.574968765768888,-0.765486026138283,1.03293401242815,2.05431980124678,2.32659585166476,0.465898140755362,0.499266466513738,0.9252516399842,-0.667090209471542,-0.654148036681404
"TCGA-AO-A03P",-1.37516241460467,-0.632719394175564,-1.37015236577548,-1.00553286722906,-0.515124554998275,-0.365169918527198,-0.0187652041969701,0.552486891746086,0.263046832576104,-0.790757453902518,-1.15878958589946,-1.25796164299525
"TCGA-AO-A03R",-1.31485909756879,-2.0292042194951,-0.413483886876347,-1.33874471906768,-0.603152417902415,-0.887320504615309,-1.06308096808608,-0.112035104416146,0.14151751360575,-1.43217497156496,-0.744989421033359,-0.0324336127649224
"TCGA-AO-A03T",-1.8211377856303,-2.49293369596916,-1.29408993397037,-1.55209083364787,-1.04907255727438,-0.3665167423567,-0.183694162498678,-0.119340379357933,0.0423637761127767,-2.15682828924796,-1.10157752328769,0.247829282899639
"TCGA-AO-A03U",0.743760754647115,0.845854175852365,0.894419287244538,0.822558462153772,0.445375459038297,0.388980977076422,0.199108167819556,-0.832169983792789,-0.700141727258173,0.60151535062695,1.71183206820752,0.657178067402649
"TCGA-AO-A03V",0.216786250928934,0.947159486434417,-0.219851580104245,0.0171131731180687,0.12991583088535,-0.35655924337513,-0.160681578250153,0.556274753434121,0.443673492761196,0.388179342547896,-0.461672727102857,-0.275276916005374
"TCGA-AO-A0J2",0.732337572511856,-0.896380090076104,0.761407412787941,0.260512813684903,0.794124589782543,1.08231377006223,1.12317580738764,-0.899857302522526,-0.475094785421251,0.766290000557303,0.472010210568472,0.604606233556151
"TCGA-AO-A0J3",-1.72055099846499,-1.57271612089999,-1.68738539930122,-1.50991492719906,-0.878919528078366,-0.515617068363373,-0.134684142797762,0.178145452535251,-0.00293740351718025,-1.22522280285928,-1.86856555153477,-1.42513675430284
"TCGA-AO-A0J4",1.21471482434433,1.02148009777052,1.07082140967489,-0.456297788683112,0.451792464933899,1.02043000614226,0.893800751473231,-1.22277655575042,-1.04620889137152,0.133093395763187,1.2306571684519,1.70609456953865
"TCGA-AO-A0J5",0.529342786771888,1.44855514101727,-0.518579369883653,-0.0835402195489167,0.336792429886653,-0.899430100750302,-0.98003243832617,-1.227109863907,-1.13768688946852,0.73774134062044,0.054005572445716,-0.797455246534441
"TCGA-AO-A0J6",0.635300374985215,-1.36646702367868,1.16952063827385,-0.432639240688907,1.01668509811681,1.36903686652931,1.34097850470603,-1.16552640232135,-0.917570602746742,-0.602843634199909,0.23738169003634,0.0512808865827085
"TCGA-AO-A0J7",-0.462407187157689,-0.748374001195478,-0.758800315163904,-0.354110615806282,-0.367817036375452,-1.69545228744252,-1.62880271348676,0.873079245760401,0.804973388676711,-0.0461183324729146,-1.34351462347633,-0.89045951214856
"TCGA-AO-A0J8",-0.0945653094791332,-0.122724111764887,0.151877396660323,0.757074638209611,-0.0100316815035273,0.919672407793862,1.01008434916259,0.317028195167355,0.237578625779921,0.0742169949812448,0.0806101157109364,-0.328701468636724
"TCGA-AO-A0J9",-1.4002050239521,-1.16875742009171,-0.689547346032386,-1.61507262997353,-1.13556399239135,-0.592852763230929,-0.771097219517551,-0.80792395706576,-0.653045191005062,-2.61827913063459,-0.609738688187291,-0.737706312588002
"TCGA-AO-A0JA",-0.283054837684796,1.27069476396144,-0.251571972572844,0.681840862123409,0.828011861196163,0.292976886553225,0.363985244237506,0.500610126938162,0.756197168713503,0.863967045908269,0.573825530220225,0.240849688847717
"TCGA-AO-A0JB",-3.20644790756148,-2.96336108171667,-2.05197530406804,-3.10224729679424,-1.45979362487499,-2.03886009763193,-1.9259796648345,-0.740508158371309,-0.816100311114687,-3.30825774968788,-1.86824817820398,-0.656425564902393
"TCGA-AO-A0JC",-0.859176101938191,-1.00837436900719,1.41064975766237,0.103974351499769,0.00925696273276206,1.11000936562451,0.813599807783927,-0.898093071582775,-0.814074929373692,-1.3677023287231,0.844433679930562,0.355174433710488
"TCGA-AO-A0JD",-0.301468261296768,-0.859806124507471,-0.399978375852221,0.12987275599722,1.05531882720945,-0.0538750423138349,-0.126743368957279,0.478187808733287,0.748818573812043,0.920773475485016,-0.477135999033127,-0.208078073298041
"TCGA-AO-A0JE",-0.089716135068467,0.513259667656199,0.78058799430366,0.260541847977815,0.320171430470386,1.60364263303088,1.58712831149776,-0.993024478397374,-0.830138743574098,0.654192375120711,0.646684801232724,1.06594509085009
"TCGA-AO-A0JF",0.896563416300897,1.64121955541848,0.664099177951269,0.870290505922677,0.631869636235274,0.167758112532429,-0.184482439235919,0.601744140801826,0.515925798869212,1.24491673986134,0.858609044645084,0.119099997618166
"TCGA-AO-A0JG",-0.0934310139416454,1.04237668933151,0.291209148207401,0.096802566220397,0.255198649478659,0.330705978070587,0.106034643738674,-0.265044734544927,-0.645161108213027,0.564619237426875,0.395091656331133,-0.0218065998643068
"TCGA-AO-A0JI",-0.734193458938304,-0.510499205960315,-1.13951027695507,-0.51562082171851,-0.548141301755399,-0.521448539476488,-0.320437407866207,0.582067965761599,0.37501056216196,0.752938500516219,-1.26969632279472,-0.971092773637843
"TCGA-AO-A0JJ",0.622292137460941,0.553852039146883,0.73795677030398,0.915825769677184,-0.12174586501584,0.539469258937576,0.364945846498805,0.888377660082295,0.936959091804273,0.8122459965415,1.09029481342855,0.907944529349077
"TCGA-AO-A0JL",-1.70249707575697,-1.39887923080705,-1.57891900977289,-2.7622736149496,-1.16707269140953,-2.10545253508188,-2.15542171525263,-2.08651250398074,-1.89634776446811,-2.59697373116437,-1.08063738444087,-0.536686855077572
"TCGA-AO-A0JM",0.399020677690053,1.2050198744961,0.682826682886555,0.654260912171739,0.615292291541167,0.846859838669045,0.969654552105029,0.237061072617374,0.512336378048836,0.577632231631855,0.537485585388524,0.0664709312954516
"TCGA-AO-A124",0.506657920001986,-0.219812167186799,0.503949568673972,-0.341644228564399,0.824497792795543,0.47635128225604,0.605177363626893,-1.35217058969014,-0.973421740098729,-0.0879012942556799,-0.548199352242049,0.915031186194402
"TCGA-AO-A125",-0.577032471648505,-1.84272677100301,-0.908510949435303,-0.916346926193908,-1.40955699201035,-1.25613261486037,-1.00445910377002,0.772165296448355,0.665516973889938,-1.16562964198513,-1.5566379518223,-1.39462189879558
"TCGA-AO-A126",-0.582567100124821,0.343769485047183,-0.556727939245496,-0.137152427545985,-1.23954540990967,-0.778523467563122,-0.737717062566854,-0.666228732973048,-0.638627754173425,-0.891740092027577,-0.663776964999507,-0.102455675667908
"TCGA-AO-A128",0.209415598106817,0.0281018788026035,1.76795071551829,0.0743179139642134,1.07523021922606,2.42032592400384,2.25218584291853,-1.48737183709194,-1.17768277048913,-0.0518475209235611,1.02968655537855,0.800266040463177
"TCGA-AO-A129",0.499925011623029,-0.572356405380535,1.06365550705663,-0.737569801851233,-0.209035617093911,0.493152204939996,0.30199736539235,-1.5081644126778,-1.24611494185476,-0.931593456267109,0.323738714480184,0.496983635084907
"TCGA-AO-A12A",0.0911835689235967,0.75059871999616,0.767576974658481,1.38870026246419,-0.0557084960474514,0.372160020964614,0.410222241404465,1.42459730183055,1.27381017701839,0.274944499772834,0.481615584815612,0.383546512170277
"TCGA-AO-A12B",-0.429760854664012,-1.55284989346392,-1.38080802246981,-0.248214952813485,-0.775298981891731,0.144664196405505,0.614749478633807,1.43293248276612,1.44913258582709,0.00103992002811832,-1.04013263467982,-0.83639541278613
"TCGA-AO-A12C",-0.133328720611883,1.09258736024576,-0.889704344987308,-0.350972288232213,-0.512752306866565,-0.935225461793521,-0.851448580731291,0.607500912464741,0.116966340215877,0.5520669794344,0.320432649871719,0.134726942472945
"TCGA-AO-A12D",-0.293404433451238,-0.0799256306016943,0.370873347082402,-0.858630680627222,0.459371429315036,0.908247800208549,0.786823483994333,-0.968803985510961,-1.00490298756191,0.34479352725505,0.892606893378008,1.04070824246451
"TCGA-AO-A12E",0.563364994685158,-0.509949147043391,0.428842302358028,0.908659631135007,0.231888835760093,1.0923499697682,1.30905898045907,1.50023883246722,1.59686718153841,1.30245652882764,0.33955631814363,1.13680857488646
"TCGA-AO-A12F",0.0693880040434893,0.0978893252751866,-0.496733428845961,-1.08672716307172,0.0269696819384665,-1.70130340009319,-1.86588347660926,-1.29975016864397,-1.19891627768903,-0.722105693044929,0.727890174023295,0.164140830355
"TCGA-AO-A12G",-1.09046747727593,-0.70013970730111,-1.48463689482342,-1.18653141222456,-0.76478552831054,-1.52375130394171,-1.54345277497857,0.0997331318121705,-0.256916551570829,-0.0863671973953336,-0.769760369115576,-0.411934394232557
"TCGA-AO-A12H",-0.813319211384301,-0.914487989939091,-1.06145499163646,-0.638876567061256,-0.932577877635136,-0.509593048677273,-0.271270279355535,-0.134071380431488,-0.15234394505576,-0.5569753525277,-1.0054069795716,-1.09234537984007
"TCGA-AO-A1KO",-0.507993967318666,-1.30625439922235,-0.478646093345997,-0.511244800694131,-0.824976195400923,-1.46266476442441,-1.5241691431747,-0.133273749243726,-0.540357193088936,0.486462305943082,0.16046620508843,0.898555148214229
"TCGA-AO-A1KP",-1.31498407189848,-1.06700038686942,-1.24093921137958,-1.28896030610679,-1.44948657673184,-1.20837103147817,-0.967457021780278,0.0401384301913351,-0.167026106739143,-1.0076568621569,-1.30910650824463,-0.912927742423987
"TCGA-AO-A1KQ",-0.304671971593707,-0.788469476985044,0.0050665139701291,-0.330263546056714,-0.176392824449298,0.496085990743979,0.597951423975822,1.11805833061171,1.41617938702264,-0.966650245022885,-0.387856725147284,-0.355806594643799
"TCGA-AO-A1KR",-0.871638081197461,-2.20094414034369,-0.8838184277981,-0.841499946753223,-0.517020380204367,-0.379751496670098,-0.122266941107963,-1.63585731208067,-1.27958130181579,-2.24964362191579,-1.11331841728522,-0.11697232456157
"TCGA-AO-A1KS",-1.00421390023038,0.275701853987925,-0.519831202449515,-1.33153078390814,0.470725487921321,-0.164029987565072,-0.216447390803793,0.702524270890189,0.60550447237605,1.04169060923124,-0.0703206330930597,-0.350371002370149
"TCGA-AO-A1KT",0.994462187145954,0.200853441805305,0.813297763373131,0.939769807152114,-0.187382682671568,-0.198201042830528,-0.253618064132916,-0.17395846027532,0.121823015011472,0.7886148274984,0.50259506552823,-0.0409081781035223
"TCGA-AQ-A04H",-0.249960911363654,0.558635501712337,-0.370612333659246,-0.303396615712309,0.455972995931737,-1.09547537028482,-1.15446286219901,0.56508211542468,0.243566818875225,0.518410408983489,-0.455819448903729,-0.794588795083202
"TCGA-AQ-A04J",0.402023307631622,-0.103871488509967,0.523672452739496,-0.178969158792032,0.137359328329811,0.182100773857643,-0.153956357455966,-1.2664532030398,-1.03439340658701,-0.100740968303364,0.858799217169746,1.16658195739624
"TCGA-AQ-A04L",0.703474283104292,0.051820132358967,-0.372501172823244,-0.921458172947136,-0.172640496594085,-1.27341924599367,-1.34312092594458,-0.692196966471189,-0.865820783640565,0.881179432511255,-0.39414931308231,-0.532084108026578
"TCGA-AQ-A0Y5",2.40196877632682,0.745416777734137,-0.0364882965437275,1.21617765115196,0.676358136581648,-0.744705112102254,-0.875495226534409,-0.305583539531713,-0.362439533538043,1.03799561662409,0.640095151532193,-0.124462005724535
"TCGA-AQ-A1H2",0.0137745842179104,-0.544066022260511,-0.606772016597713,0.581048238900216,-0.465040033811396,1.16400406224706,1.51395143146886,0.0605587984351228,-0.275100317964624,-0.321405756319009,-0.811676511733772,-0.12901237705751
"TCGA-AQ-A1H3",0.380410018402843,1.10358138049392,1.17542822584865,0.390466273831943,-0.166015365930242,0.30854115329583,0.233040862820476,1.08600200613651,0.955472678523977,0.875727389977966,1.05647498141532,0.389656972412527
"TCGA-AQ-A54N",-0.924228125619711,-2.04363794871729,-1.07799007210628,-1.53675219851391,-0.794290388523254,-0.743614375073359,-0.41539124556329,-1.74891665552433,-1.85251112455664,-2.09106778381378,-2.05179549554543,-0.742159275619444
"TCGA-AQ-A54O",-1.83059315212133,-1.66851994272716,-1.02880043711575,-1.2926240033281,-1.71285697730176,-0.570961367729551,-0.342572416948397,0.0626116522029203,0.247596503718905,-1.64380243387798,-1.33544101675265,-0.766180686170621
"TCGA-AQ-A7U7",0.0308304458180868,0.756703802933647,1.37889387150072,0.651900662644654,-0.375825103413769,2.05323449148829,1.984128150192,-0.018511178016292,-0.2609563374954,-0.752476004536602,0.994545183958724,0.78789987401221
"TCGA-AR-A0TP",1.46745257293725,0.904735052882597,-0.503570001495901,-0.115555801706634,0.234585915222918,-1.88829716240218,-1.87686046647693,-1.1361668607968,-1.11291317224035,-0.164083222134802,0.454974216143026,0.460212067589868
"TCGA-AR-A0TQ",0.259611460862612,0.179740751182714,0.236179946628816,0.0514801065950251,1.08921061277123,1.42303566995138,1.51194512683749,0.716273103801882,0.880710275734851,0.561239099000581,0.390916728326489,0.371532517454563
"TCGA-AR-A0TR",-1.34804653253825,-1.01833097042085,-1.59835720791581,-0.923500723383946,-0.264771582243082,-0.961414830408328,-0.859850193013018,0.899004195100971,0.50739761133084,0.0411831986268096,-1.65877292530465,-1.82324945813255
"TCGA-AR-A0TS",-0.206838811760658,0.634433681659099,0.405603332941952,-0.162802708934604,0.217869850282441,0.611421186265947,0.226078507863857,-1.28546046956308,-0.966427724270251,-0.297482006471714,0.697401549378936,0.67479417498694
"TCGA-AR-A0TT",-0.0915221922359965,0.00678026682197618,0.593792615515693,-0.440968251445664,0.226836728550253,0.848041939284982,0.597331201647887,-0.547083236806754,-0.946588341091653,-0.522768666069754,0.609712041741464,-0.553850870290987
"TCGA-AR-A0TU",-0.560126264623664,-1.03293653601288,0.55539825652417,-0.682915214372507,0.671749670245215,1.05454523590362,1.02719365797884,-1.49193945960468,-1.39071951611159,-1.26464347710563,0.241798385871871,-0.101004662730253
"TCGA-AR-A0TV",-0.810370592179011,-1.30344884477358,-0.229690266477162,-0.832019149585794,-0.209025223288291,0.761186504875162,0.856992347738687,0.0676816901658044,-0.170337354113486,-0.372192919540878,-0.860405118567663,-0.727505723642011
"TCGA-AR-A0TW",0.114100463385124,-0.661081155736565,-0.170103234300613,-0.870885528662127,0.874765601249789,0.380697875078182,0.283852416887898,0.103864528641854,-0.211161531403822,0.109039314217307,-0.487353872803748,-0.579071229846928
"TCGA-AR-A0TX",0.108008064428713,0.423225763143844,0.312399662705853,0.154208086578206,1.07423750706137,0.616370749217886,0.300978122783715,-0.576523019749249,-0.452561544391878,1.00876107763062,0.43910690867612,0.353221097613128
"TCGA-AR-A0TY",-0.935064830924666,-0.0884421731603807,-1.20934794700004,-0.165502999563653,0.362723363570318,-1.50870501638217,-1.49555922346807,-0.0104103242227648,-0.0340806454229518,-0.0788934539860132,-0.723654266663004,-1.14440048351748
"TCGA-AR-A0TZ",-0.246779034804059,0.866757144892968,0.637455306168306,0.245929451290989,0.546203914358005,-0.525122397966744,-0.473728210103882,1.64587498277207,1.21745700203605,0.893409691250364,-0.188249086476198,-0.576989409896178
"TCGA-AR-A0U0",0.501316165933986,-0.881946864613644,0.946849536503231,0.726123965089187,1.07802887236748,2.53642128388245,2.53197146208682,-1.42981136915041,-1.21363406620108,-0.379754156444748,0.530804146758992,0.559733225748257
"TCGA-AR-A0U2",-0.689603883195368,-0.146637282107712,-0.884363870782443,-0.54527672640557,1.38708416600066,-0.270013957784047,-0.353953754259367,-0.145024290444625,-0.23033285001792,0.242332207452283,-0.346245809104669,-0.361287278379112
"TCGA-AR-A0U3",-0.722863557666492,-0.18884950947507,-0.623778229028623,-0.361014499886378,0.527141828041104,-0.328027289877944,-0.155761033917701,1.33680410749065,1.3276439960291,0.713528205681696,-0.310228356760444,-0.554732846946609
"TCGA-AR-A0U4",1.60383972959784,0.902528797121667,3.03767795646312,-0.17088838542799,1.28661581444081,0.712178792428958,0.251751487564808,-1.20218570907043,-0.875640996242095,0.0253083454053757,1.82838772077375,-0.168650626114785
"TCGA-AR-A1AH",-0.770477301968615,-0.314614449247073,0.46853835370669,-1.13274193122792,0.473482877852197,-1.48135671046478,-1.60011481706086,-1.6311063700406,-1.52329005010468,-0.729341885856774,0.238927322810314,-0.668902299928845
"TCGA-AR-A1AI",0.409383930787135,-1.19252723561678,0.604627985475207,-1.10414522007157,0.69610354795246,0.869910142500463,0.660403287691187,-1.53046283969527,-1.50488225250929,-0.865604243156519,-0.198322619444199,-0.0299765204663043
"TCGA-AR-A1AJ",0.961156706872891,0.282035748448062,2.02552112366418,0.28290728889265,0.896783468349094,2.26864716925602,2.10459429489828,-1.24029935656791,-1.0798495681414,-0.0970100168319124,1.45387029445076,1.03666972359574
"TCGA-AR-A1AK",0.506812457486014,0.655183952400395,1.63431786161629,1.64157495147681,0.00189140814310412,1.88609407885511,1.91513650015605,1.1567467635303,0.935715514147172,0.596478757240138,1.21864330356468,1.76215797872386
"TCGA-AR-A1AL",0.765507951057303,1.22881066071251,1.21265295468305,0.656978243415658,0.0682908309132622,-0.404303248521832,-0.727415002722924,0.669599382457569,0.525284181448897,0.883883718545698,1.22711083564941,0.716695341675243
"TCGA-AR-A1AM",-0.0952935292713449,0.566169506872984,-0.0569824878442264,1.11565496321856,-0.481614748202461,-0.066790129246823,0.0905977937961638,0.196737389164281,0.0676227400076182,0.0522595665961072,0.0396766124342783,0.445575739701881
"TCGA-AR-A1AN",0.44744224398793,0.618651553625346,0.401247640328869,-0.367329533452069,0.503262415669063,-0.807451863179488,-0.964984449681648,0.888702066520751,0.858483559147992,0.922899698480764,0.948504448169504,-0.641083934313186
"TCGA-AR-A1AO",1.06258500383995,0.527993495808794,1.87619331810191,1.36906933773873,0.666696187401463,1.26906144594077,1.05331446660228,-0.893210437656322,-0.426657776854656,0.573492297566343,1.91159293260938,1.36147283560176
"TCGA-AR-A1AP",1.11097094459872,0.416712594487847,0.759950445315009,0.852444257635983,0.632139430282378,0.836685236610208,0.887703578299952,0.550204130058616,0.473138064839768,0.597634637604063,0.634771162717302,0.421736601390451
"TCGA-AR-A1AQ",-0.46341697396575,-1.34729426621777,0.456914074025806,-1.15274173577265,0.11080008115175,0.99546994983161,0.925996704324381,-1.67196049976656,-1.24318081319734,-1.44014972600569,0.285318292070429,0.39591524276961
"TCGA-AR-A1AR",0.730771568094661,0.728329187347626,1.82699343523543,-0.432532036908068,0.876370701721001,0.909960966557622,0.635127601527559,-1.51819986081011,-1.1956289150453,0.0613175246703207,1.65837183285698,-0.1980362830955
"TCGA-AR-A1AS",1.33082118407725,0.4099385165994,-0.215797514348578,0.62696602152285,0.429237009710231,-1.42317581141577,-1.43815628913447,0.977593657791702,1.11315087610739,0.746372020541926,0.166349520869674,-0.480596583779259
"TCGA-AR-A1AT",0.118462739212246,-0.610052647033888,0.77594857335336,0.634350445427639,0.726464715548127,1.429493408294,1.41865831335878,0.17802093155876,0.116638343580676,0.637076176781291,0.952837237001582,0.352152266090576
"TCGA-AR-A1AU",1.63235058933535,0.484505616631352,1.17877272660517,0.754799367007656,-0.029703998045042,-0.597623208360935,-0.575757802672101,1.51577775174703,1.57260005050838,0.8882484278749,0.418942394053628,0.803243837487942
"TCGA-AR-A1AV",0.0333904201008274,0.924467795349533,-0.394296214828163,0.0853542399651829,0.620227141568171,-0.959665654128563,-0.907373218162504,1.38688534615807,1.22862871050149,1.15020044458488,-0.0675078465818603,-1.40460301520701
"TCGA-AR-A1AW",-1.23540203935835,-1.48696343641171,0.296799341697633,-1.31136944581803,-0.184102528592895,1.52706457987534,1.39394411569561,-0.253615236932553,-0.504552661075779,-0.813038620346506,0.384362917243301,0.287433084641662
"TCGA-AR-A1AX",-0.256218566195684,0.414146069138315,0.602430265565296,-0.0399460484224011,0.421830891899367,1.69635179428212,1.65091773140518,0.133286688412687,-0.17308612561365,0.756942797111083,0.600833862805264,0.314097692277858
"TCGA-AR-A1AY",1.39595280122208,0.445570439577461,0.878967583411892,-0.256537136927698,1.15791649027087,-0.811522847350675,-0.965065363507656,-0.726382705128662,-0.501893560349383,0.544965192958999,0.263766120090782,0.159194705732691
"TCGA-AR-A24H",-0.480249622848704,-0.457104003690679,-0.118084910910979,-0.50146573117401,0.472394526783964,1.18348191782559,1.39565797786272,-0.091584001128042,-0.0122478509029967,-0.114101031173945,-0.487488920772568,-0.553804989238327
"TCGA-AR-A24K",0.0172284858797399,-0.420652059490644,-0.533884181091276,-1.23343589083877,-0.19917771230643,-1.28955585612036,-1.19826727924863,0.867077853171336,0.33025808280685,0.118661482087393,-1.05348043871654,-1.31631269395384
"TCGA-AR-A24L",-0.317431940217849,1.40411085248351,-0.571748165728148,0.337144463664436,0.346146917815388,-0.0490906357604095,0.0627769653154378,1.05607459376031,0.947823777816355,1.0685504935925,0.670800749786842,0.300798785196951
"TCGA-AR-A24M",0.0639986002462607,1.23246614647451,-0.406324959361105,0.278425560380212,0.509697822341893,-0.281638821061544,-0.124887896840525,0.790030077599746,0.683075687748019,1.39742539137906,0.637948157223114,0.0762760205731787
"TCGA-AR-A24N",0.135145427763399,0.207793661325626,-0.00910997668048071,0.138340953221187,-0.408153508236877,1.03115327011312,1.17067970169589,0.57156534374245,0.392586591079075,0.611795151820316,-0.883764979827903,-0.722362317734421
"TCGA-AR-A24O",0.828324328756078,1.55565736903355,1.4063238090403,0.511955603950044,0.31760846847083,0.717012199570835,0.594921152889612,1.00521865048358,0.912747832045934,1.11891860489052,1.45482229437671,0.579783060668849
"TCGA-AR-A24P",0.268720039188862,0.945723599390396,0.627994995149987,0.318935416473873,0.08427771586766,-0.0706560406411353,-0.128268104681022,1.11333870635024,0.769861092159189,0.576648900961292,0.637835692909352,0.28838632491793
"TCGA-AR-A24Q",1.24475160033334,1.13287263328128,0.195289790886265,-0.279199994489825,0.559271480066219,-0.54500141574553,-0.93318180716087,-0.882510624033643,-0.638215915472989,0.167803918416195,0.817604257007785,1.22108258259624
"TCGA-AR-A24R",-0.475064784438018,0.154174234148592,-0.537660091686169,-0.697747893692524,0.362464700062985,1.21215989034955,1.38105487670993,0.98094642775145,1.01175611498512,0.0633484872032845,-0.463709886148443,-0.0407915911966949
"TCGA-AR-A24S",0.207305355203666,0.621198388935699,0.821050841685783,-0.58332745981442,0.780154143191277,1.20195794722145,1.14794374194271,0.19840345941814,0.127974882428267,0.886767959623806,0.940025319486474,-0.00341241097878852
"TCGA-AR-A24T",0.283071612488342,1.51013967902307,0.0420072859236704,0.0728312063630834,-0.240919286531177,0.15299565753846,0.103400334164835,0.425030120809206,-0.209726061928134,1.16102096266425,0.512028622207138,-0.158822436295553
"TCGA-AR-A24U",0.458657000422943,0.151324356178876,1.27814909999391,-0.365507533779574,0.690560920290905,0.696533786453628,0.464329696472841,-0.754841223495243,-0.685706567159911,0.685080585286281,1.00336821372288,0.128563504527506
"TCGA-AR-A24V",1.52975701362401,1.08965511091186,0.68425703560817,0.822898044502587,-0.193426962010113,1.34899425212575,1.51880256897801,0.260035002395775,0.0654053024529549,0.744188723215511,0.918680979789439,0.302000710949058
"TCGA-AR-A24W",1.00413715427735,0.980307898361101,1.4558849745964,0.896522542736378,-0.155069510725737,-0.885685742817711,-1.12018120297863,0.69202311695382,0.301966144460271,1.12178120636722,0.857103172222235,0.97111718298683
"TCGA-AR-A24X",0.397731773070859,0.830049134832724,0.943224242803284,0.383221434628757,0.617363292323163,-0.570352724795364,-0.653271549836312,1.13350093800198,0.885527030554953,1.05909937720278,0.264751960008064,-0.217833351853726
"TCGA-AR-A24Z",-0.253381292014837,0.133377746588292,-0.616687231746994,-0.756060418314224,0.781357871541293,1.25108387690676,1.66039924516874,0.962484067837085,0.92177204416018,1.00509733593228,0.021053287350868,-0.188673957995633
"TCGA-AR-A250",0.00704156263776544,0.952927657694221,-0.0506248820520244,-0.279722977705718,0.931079325793276,0.712314481001334,0.647668163294961,0.0283743743041559,0.112518180532984,1.14291735141909,0.735206139964364,-0.299759472208229
"TCGA-AR-A251",0.797275531470349,0.583856004021195,1.39935718942527,0.223806105195036,0.614195801658771,-0.0766190513070207,-0.355996481925253,-0.867463388589589,-0.718224385449032,0.423119849116085,1.03178494439108,1.3841574664085
"TCGA-AR-A252",-0.343163904002581,0.110423350235344,0.666688931088668,-0.252313776408657,0.352763469548599,1.06145588519086,0.802195276904416,0.181639117979159,0.269189204465091,0.892456998520777,1.14976474690214,0.257983180759739
"TCGA-AR-A254",0.553356958907133,0.090621372166383,0.421149705887846,-1.08487579787087,-0.00564871008808053,0.549891745588768,0.335565103017591,0.141271984705565,0.328969833891174,0.916072186248169,1.05858243699301,0.191572769481564
"TCGA-AR-A255",0.289440160759956,0.985676325474473,0.442498028135912,0.704819643100124,0.45488102228541,1.8279130242386,1.94652341309592,0.743612726247208,0.399021953021453,1.08737017487596,0.634324348368965,0.30053798570349
"TCGA-AR-A256",0.716858245393755,0.0949601945650541,1.16712702850692,-0.662674169872477,1.02808227397986,0.243553261470631,0.0751658927772595,-1.17633468634257,-1.23755259684047,0.296691521703677,0.715121847070747,0.191799068549978
"TCGA-AR-A2LE",-0.73159746841118,-0.537425386845702,-0.275201103345534,-0.877754701606997,-0.630735797533443,-1.12173325961403,-1.18094989126242,0.30320902532963,-0.39184459372187,-0.136248906734741,-0.569733217013281,-0.314637287704466
"TCGA-AR-A2LH",0.987370867592125,0.253062704494093,1.58339092504278,1.39767466354699,0.556404534666962,1.58997245205612,1.49850181434629,-0.344586613214469,-0.131172092104057,0.860069514741057,1.19329197103995,1.23594787241772
"TCGA-AR-A2LJ",0.106378484028136,-0.447009908220134,0.618865346574386,0.660732890822304,-0.869586954530888,-0.240283443402695,-0.452373382559847,0.436602780454207,0.450300379502957,-1.01430339064499,0.481399899683978,0.479246597337119
"TCGA-AR-A2LK",-0.44033674932643,0.525295461017127,-0.477023907519306,0.181556638545059,0.16862980400919,-0.919976879392204,-0.981980490909949,0.866541123838541,0.656851019229373,0.515240992513694,-0.367287622488703,-1.18569106539639
"TCGA-AR-A2LL",-0.607520763411035,-0.913685856514393,-0.635274005519754,-0.645582607948376,-0.720956030892739,-0.784779075321816,-0.786193815983967,1.00099511589883,0.739583475920088,-0.482070240815003,-0.767500141627951,-1.27609084189304
"TCGA-AR-A2LM",0.441957316355319,1.36300859347032,0.610410950610293,1.00828952836671,-0.310668560245852,-0.526058101266166,-0.655228139513938,0.474819691699112,0.0812184209668334,0.498040757256816,0.588559676956286,0.165805246858529
"TCGA-AR-A2LN",1.34403788072579,1.38773743645055,1.95958245177503,1.55431863914319,-0.823315572756589,0.19441671629702,-0.0876035583290958,0.205744792784185,-0.100653777629478,0.569248463284569,1.20540265524084,1.00523201954192
"TCGA-AR-A2LO",-0.0935163463554202,0.842960223454492,1.3886581184314,0.590314584232852,-0.505463605533099,-0.0265325163253274,-0.331850415359786,0.660373572681445,0.311744413739515,-0.265498252999807,0.975742230471928,1.14419076615078
"TCGA-AR-A2LQ",1.24320483187409,1.26074319623978,0.913451506678726,1.61448789781644,-0.0925916272994284,-0.576698559335665,-0.879061881220661,-0.464905229699744,-0.657317445597613,0.983681812623763,1.17895211244569,0.853257494579032
"TCGA-AR-A2LR",0.665512865230643,1.35641212198078,-0.246558681745905,0.317089176333069,0.128437521612958,-0.432826330536926,-0.494290179094786,-1.12864415465417,-0.834155816066683,-0.41764114591037,1.06260316433121,0.964756003225151
"TCGA-AR-A5QM",0.526447026314085,0.248769696391181,1.30410725441448,1.23813890317641,-0.594901084773238,0.575483072944883,0.573652665015016,1.18130256719959,1.24600435097785,-0.0827778850179296,0.759986588445582,0.614459380462339
"TCGA-AR-A5QN",0.596019119237222,0.804613675467423,1.0112138462956,1.19699692663335,-0.0670854488914263,1.29421228396634,1.494417193475,0.67882367552968,0.62653970594723,0.363191443592529,0.734316212747509,0.779191747856722
"TCGA-AR-A5QP",0.271117607281821,-0.0708929960901091,0.435702774815623,0.870802494888279,-0.80342017188843,-0.79237473353639,-0.868548640865986,0.262755803560289,0.0968635415815901,-0.111895266412814,-0.0449308920297083,0.501049364397074
"TCGA-AR-A5QQ",1.85763755598671,0.321545539197925,1.96317299085919,1.23379738772371,1.20469978452827,0.912471419006873,0.742793319161126,-1.11795933084317,-0.338138191336152,-0.0792158378083366,2.54690988756726,1.86285778083024
"TCGA-B6-A0I1",0.451884674254774,-1.67527002382373,-1.3505780041028,-0.223968521403849,-0.499429863741684,-0.671852237033119,-0.482028371988629,-1.38913697865929,-1.29350618105193,-0.854212993390902,-1.62103743194182,-0.308132921455805
"TCGA-B6-A0I2",-0.751016992226878,-2.0476084075956,0.344553010996624,-1.61983605981678,0.32725636365155,0.555560247400579,0.401262464380206,-1.52406023043971,-1.21190084184403,-1.4449774461527,-0.732908091465932,-0.754097777950469
"TCGA-B6-A0I5",-1.09156267895421,-1.40381438109668,-0.192238844084247,-0.377328417563504,-1.2109747518293,-1.44496391362315,-1.4950191339943,0.599308487776398,0.736604060160977,-1.37892194841177,-0.649885884029721,-0.16680480238419
"TCGA-B6-A0I6",1.61870323769739,0.803388170445531,0.561121570655474,0.210614743055699,0.0861951907667878,-1.26058764834832,-1.37578907157885,-1.08995175866699,-0.801005646714059,-0.372742338571036,0.206116164006707,0.88525809934742
"TCGA-B6-A0I8",-1.11259700766906,0.328309613952309,-1.94117156268756,-0.821503355276628,-0.0385037433506277,-1.47324918730183,-1.39193312231193,-0.061743590945412,-0.579432375914833,0.217775082798878,-1.5172346693482,-0.71985410909216
"TCGA-B6-A0I9",0.197998191588948,-0.257517716779318,-0.766784251551251,-0.287367109357371,0.629440426398317,-0.236185603133134,-0.24820696961385,-0.951352804815261,-0.957209133532733,0.977769606851992,-0.477952714854451,-0.672701419904458
"TCGA-B6-A0IA",-0.842342459376266,-2.07927914931571,-1.0410054912502,-0.345072386180133,-0.565189475568592,-1.31741744370584,-1.00380109421828,1.00575639457018,1.1100209787638,-0.601115152319897,-1.35032705982008,-1.03380656622667
"TCGA-B6-A0IB",-1.23866405552091,-1.12186502413277,-1.68330287600037,-0.779803564472132,-0.644084750020354,-1.18537579102431,-0.984519690435592,0.189805477117996,0.140485032463014,-0.478537435276315,-1.76017436768529,-0.732421510012486
"TCGA-B6-A0IC",-0.946454193076474,-1.04759351192772,-1.04638061846617,-0.407650337285319,-0.407312068075528,-1.19962740091162,-1.06685354335647,0.601150574633593,0.221677107228535,0.188508309533734,-1.46771448828028,-1.13330314680888
"TCGA-B6-A0IE",-1.54159004986283,-1.24343339774973,-2.08987455937427,-2.02859595512733,-1.16434648925174,-1.5324880672189,-1.40890131946927,0.551401966904874,0.542784399522724,-1.54939259844354,-1.91332756422703,-0.709546288462684
"TCGA-B6-A0IG",0.3310257201105,-0.39895243307177,-0.608952811272111,-0.251233698853316,0.115846003162966,0.735822604463642,1.14652194247942,0.14796273337143,0.406113385328385,-0.334909649198777,-0.707891247794209,0.0733603564521339
"TCGA-B6-A0IH",-0.106057138783334,0.687269198085421,-0.145941584159186,0.202519990897397,-0.648223157899141,-0.17433500149483,-0.417906813395515,-0.640504043856302,-0.991124798230298,-0.0223077767197655,0.368035859056488,0.323746050207965
"TCGA-B6-A0IJ",-0.0936899327545949,-1.4714411519399,0.969912620938309,-0.779785299272996,0.522321615120083,0.527339673716134,0.284930171448979,-1.25336722478988,-0.759919376434635,-0.769076173637778,0.297805955970443,0.255476199618459
"TCGA-B6-A0IK",0.608078928660473,0.164633541588972,-0.012243951961644,1.14625840087429,1.15646027364391,-0.598699715973931,-0.70528904767047,-0.66805449146064,-0.035185064995357,0.782322010827289,0.432284351771137,0.421869009413221
"TCGA-B6-A0IM",-0.151908060087383,1.0054703024643,-0.263327447836905,-0.249592298221013,0.356159298375182,-0.383013684789236,-0.152318467374911,0.782611498757811,0.321563996870565,0.420029493622541,0.0253107037563727,-0.784236422095822
"TCGA-B6-A0IN",-1.38973414759306,-1.57891114081313,-0.69741318153451,-1.48962636406214,-0.804421479066692,-1.25108651335356,-1.53264156550035,-0.609486593101276,-0.427761921603042,-1.9390682517852,-0.302043020538009,-0.414100315763789
"TCGA-B6-A0IO",-0.636075217645749,-0.649759030256993,-0.647325913941729,-0.234055116622716,-0.0760513236570242,-0.99052957345435,-0.985651741332716,0.235959393792944,0.153100339397159,-0.336275575705079,-1.21652794707384,-1.07689104895493
"TCGA-B6-A0IP",-0.893139400728489,-0.37942412695891,-0.566261004098304,0.540134068030729,-0.225383083519544,-0.739216253972993,-0.753035431112212,0.478450320465156,0.259839834456404,0.255676232945853,-0.635339670923933,-0.434239439667116
"TCGA-B6-A0IQ",-0.491908515993558,-1.16610353627537,-0.382625339103406,-1.16173146950195,-0.302483507084464,-0.72679875452567,-0.739388784467254,-1.67071615674644,-1.54893294003982,-1.59991199148434,-0.633494045727657,-0.0479545700753948
"TCGA-B6-A0RE",0.869192794396391,0.466741638775996,0.872730988469755,0.316207583899957,1.01321770846626,-0.465914294132146,-0.644105103812952,-1.04965013811964,-0.746201875074885,0.323437028261857,0.688315153742883,0.578140964583002
"TCGA-B6-A0RG",-0.125045358560037,0.32651911905976,0.173861639481791,0.778233540293152,0.406475485155307,-0.548143522949264,-0.322706631460673,1.98134185443609,2.11789280546782,0.20368828099553,-0.864327070556384,-0.00274826168984779
"TCGA-B6-A0RH",0.630359029349278,-0.562275439157929,-0.420048606699174,0.270796316276028,-0.0258866071194635,1.67809341675602,2.05364187342857,0.096721925080661,0.144883360651896,-0.415671396320792,-0.742674085877602,0.0108660621786411
"TCGA-B6-A0RI",0.954680994730689,1.0581352364872,0.538581411963082,1.29796625338747,0.612485722753812,-0.511303174232534,-0.467073769223362,1.46948451257154,1.72328866836971,0.652697693037449,0.219897053195636,0.0920678123125376
"TCGA-B6-A0RL",-0.603957339217143,-1.52108765952197,-1.51337910208349,-0.207755695644748,-0.778182741914225,-0.448840236304868,0.0919570153040743,0.298175451869597,0.313200655825124,-0.47963052301061,-2.03775955076719,-1.05404213530385
"TCGA-B6-A0RM",-0.594602129844429,-0.472969444726493,-1.3967479360463,-0.485588095077782,-0.709042991099905,-1.29000105483409,-1.12990473545817,0.649316480909544,0.241047714016587,-0.632954592300507,-1.54685669246112,-0.506702495072126
"TCGA-B6-A0RN",-0.388287603842883,0.537913723758426,-0.744350366361254,-0.16285351640302,-0.806337594420309,-1.30215287932726,-1.22586936135085,0.0687105879999447,-0.35981960893357,-0.285082623660345,-0.899477775661158,-0.962011378442877
"TCGA-B6-A0RO",-0.202133168241936,-0.0968442803121319,-0.915902307618633,0.574914015506153,0.433413039455841,-0.174733543648048,0.0744755209684269,0.684682886643863,0.806781300818487,0.872892504903784,-1.06889477071253,-0.302008597328035
"TCGA-B6-A0RP",0.226704618706798,0.990501725963314,0.709756614226767,0.115392959907922,-0.909131216994815,0.0199643320370013,0.115934829217001,0.23309794172488,-0.210339019921884,0.038761459209411,0.252363099457498,-0.614527236128038
"TCGA-B6-A0RQ",-0.27003394392483,0.0119248547432136,-0.760398986899701,0.800551966430422,-0.553906598962742,-0.997509767232657,-0.896784782781257,0.691587685957863,0.458878562593259,0.843482792781803,-0.142522321853107,1.01605401486856
"TCGA-B6-A0RS",0.60935584957571,-0.579866947579627,1.27924501875697,0.299792947515057,0.596130515262767,0.0177745646543743,-0.434217457084564,-0.704265923353804,-0.400180952254925,-0.126200630154627,0.551923880457693,0.376348360386536
"TCGA-B6-A0RT",-0.9094501695198,-0.283860144205296,0.870463598882709,-0.0143320957198062,0.383570509356249,1.80140507245529,1.64971445650288,-1.49328145731566,-1.37984126744652,-1.17230122086732,0.618044639276065,1.20124857959209
"TCGA-B6-A0RU",1.28258841304041,0.415539804686268,-0.0601363982853199,0.59500860355485,0.833469172074013,-0.758491401552943,-0.787617279761804,-0.626242536451327,-0.0862760153444097,0.909597426567232,0.517453831087098,1.13218741194005
"TCGA-B6-A0RV",0.0413024945798922,0.112891861809364,0.50530820383525,0.625181058302202,0.414727826777323,0.648795172237678,0.818258209816444,1.40894777250409,1.48051620777617,0.883685537196999,0.429992263009393,0.874324047799521
"TCGA-B6-A0WS",-0.079492304034968,0.665604806030189,0.364309021711501,-0.00391708805575095,0.442636159054813,1.23454506506437,1.27303765245656,1.08269431201984,0.91317626653643,0.217858890861598,0.480497842132317,0.431027518441028
"TCGA-B6-A0WT",-0.684842188220016,0.923233306103967,-0.634514462311318,-0.0436021227947596,-0.157899399537842,-0.379099843632258,-0.320574842331273,1.17321326016851,1.45608981264042,0.845512471990169,-0.33284965732891,-0.115731356401236
"TCGA-B6-A0WV",0.175017697747643,0.24845028451733,-0.983809367177899,0.154273100839121,0.721518734527474,-0.684057599080179,-0.474443217745499,1.07070592876643,1.03609628342592,0.356879293552781,-1.30191575345297,-1.06912819812322
"TCGA-B6-A0WW",-0.253932600781442,0.431258156208165,-0.4814092437717,0.397546491762935,0.586510563241037,0.690791468589549,0.944153330842867,0.206985098967,-0.138459807799614,0.110383345682276,-0.688217662598839,-0.442121252848111
"TCGA-B6-A0WX",-0.403658885169229,0.356269101078706,-0.178045166147479,-0.112893218480598,-0.804310416401972,-0.293499973420399,-0.35625198014431,-1.54378378806475,-1.58532402574196,-0.729590434703174,0.0737929545275249,0.195180908431359
"TCGA-B6-A0WY",0.409956432758179,1.05916724003444,0.277373835010967,1.8979763612219,0.66980222868746,1.46919063214261,1.68904736223285,1.04138966473538,1.07008519127375,0.9144626592769,0.688668039486259,1.27529756696073
"TCGA-B6-A0WZ",-0.0661259482720061,-0.787211150670438,-1.0804997850373,0.384776480189881,-0.206919813029824,-0.197226137668004,0.353252571025487,1.27120070969552,1.47205949375794,-0.1774460343263,-0.901592786807993,-0.126287583715124
"TCGA-B6-A0X0",-0.784586699807452,-0.739416046947548,-0.449138354524209,0.26007982150806,-0.112703768258132,-1.12473660953869,-0.955496682654329,1.0223172578195,0.854110692852206,0.248949180870182,-0.70159792470005,-0.159121064480142
"TCGA-B6-A0X1",0.137739057932984,-0.631945595024405,1.11124279623824,0.361094488682981,1.10999473014918,2.03583385094518,2.02753425206429,-1.14774987792924,-0.674832789225208,-0.384022421497158,0.348001288823201,0.848542626115707
"TCGA-B6-A0X4",1.06599620845628,-1.32491834192419,-1.25525686939096,-0.279392374948485,-0.861542689154093,-0.925709909826881,-0.673127407286578,0.434582250812446,-0.0917584048296339,-0.166552500070687,-1.33779917770599,-1.09056898562454
"TCGA-B6-A0X5",-0.992101619375964,-1.46637436947252,-1.69090815663854,0.0490596190112674,-0.158505092390878,-1.26185722157152,-1.20982529693409,0.421432035771776,0.488728103584714,0.0818393670673029,-1.28252104672608,-0.549214479470053
"TCGA-B6-A0X7",-0.694852390252506,0.0797411476407701,-1.21682526438098,-0.638476602266124,-1.18855542177028,-0.403984627423766,-0.141600654659057,-0.312029170842081,-0.687581125184855,-0.618698380456731,-0.681579382200664,-0.166742850838071
"TCGA-B6-A1KC",-1.95212512553603,-1.33837432754071,-1.89003084695682,-2.1374213596258,-1.11187298215169,-1.58769847401751,-1.48670633237326,-1.088910290896,-1.40320025217478,-0.432132844547572,-1.41935656837724,-1.24663896413051
"TCGA-B6-A1KF",0.344175141068012,-0.686266621652268,-1.431572694872,-1.08138472256486,-0.286212111701924,-2.14098767267442,-2.17051771910495,-1.18944109000397,-0.970892852354437,0.103189934903696,-0.834571871996721,-0.627302051490786
"TCGA-B6-A1KI",-0.735444269776627,0.47891633869877,-1.28963894056972,-0.508136598463867,-0.555159019241923,-1.25658471058587,-1.13347561298873,0.448247283606346,0.152821518137874,0.538868838287648,-0.63235712978459,-0.507214613263483
"TCGA-B6-A1KN",-0.322151297360829,0.542281736410487,-0.0389887469228711,-0.0973063127302164,0.482694639140694,0.910441149366702,1.13564682658165,-0.415043766326976,-0.137846296326294,0.886894536589644,-0.0925108649929591,-0.158870652121643
"TCGA-B6-A2IU",-0.321202098895328,-0.543832307607083,-0.40252004169548,0.711372559219511,-0.777025229794487,-0.935744436788906,-0.776875430432692,1.12037126457528,0.972816605164841,-0.483615019886877,-1.18143581708438,-0.207817968053243
"TCGA-B6-A3ZX",-0.862596851964601,-0.304177646570564,0.241235981060709,-0.0885355820680929,-0.0739962827468352,0.0303367796386291,-0.342812108090682,-1.3562367397432,-1.38807260760684,-0.86567607287319,0.283276936284529,0.895390188555987
"TCGA-B6-A400",0.837632660161349,1.53972047718834,1.49970104982404,0.159522033512371,0.0613966894894616,0.730038883723011,0.71703357648269,-1.20883907918779,-0.729510165404661,-0.54109282598838,0.904349748436682,1.35607024472401
"TCGA-B6-A401",0.437104162599161,-0.574189448589646,0.895573033746068,0.136253669041294,-1.03270747033123,-0.38032357243455,-0.400057127045706,0.840640991100552,0.897223297319861,-1.0364894425168,0.170907356851161,0.36077408219768
"TCGA-B6-A402",-0.434012551019651,-1.08019656164235,-0.813736555576892,-1.95467084325792,-1.05798648548429,-1.14358313381375,-1.04410400124242,-1.60847908720261,-1.77844663018175,-1.22194575027928,-0.854737183307405,0.0780741737564839
"TCGA-B6-A408",-0.631613561785849,-0.471007582328093,-0.0584413731975894,-0.194456304241122,-0.94308539909511,1.33360839124955,1.5489662839388,-0.73745505580219,-0.895277488036551,-1.0917217441862,-0.475000524588698,0.146313005629539
"TCGA-B6-A409",-0.787718559972579,-0.828517179720003,-0.0456957483256179,-0.932529694861854,-0.401519786617795,-0.435603011522308,-0.459491249959408,-1.16864939764457,-1.01064683780794,-1.05733449970853,-0.406956147863569,0.120865073376201
"TCGA-B6-A40B",0.609432215265384,0.435322700719691,1.3975851634732,1.03368096611378,-0.397971519569376,-0.978618144830981,-1.14585433517214,0.997143053940174,0.945047178261559,-0.28161825422494,0.0848684175295477,0.463143676568918
"TCGA-B6-A40C",-0.791285726293925,-0.521802653279238,-0.678403634760933,-0.49614541251682,-1.26911190598307,-0.416263219355901,-0.290631410274582,-0.440258057129604,-0.430696796346783,-1.74824625310544,-0.811348824168861,-0.294526905092072
"TCGA-BH-A0AU",-0.0912246600632665,0.0937833158376857,-0.541217854474144,-0.03046777527457,0.848098533457484,0.316407187429801,0.468859144525195,1.34572492754036,1.05060861603387,0.647007746883663,-0.305086534344292,0.100406260992592
"TCGA-BH-A0AV",2.10592245095424,1.98406289727975,1.27027258568963,0.49859574344931,0.751164027442895,-0.145178364982829,-0.457979509725394,-1.20568240278687,-0.907978336402702,-0.111452539173968,1.30218416491202,0.793971855159633
"TCGA-BH-A0AW",-0.843586566238009,-0.731401867446811,-0.0560236232602221,0.0753143100364344,0.376499974381297,0.169560671218432,-0.128550205250759,-1.09606549406542,-0.558700092162202,-0.495657947375878,0.390177345935699,0.452687498137587
"TCGA-BH-A0AY",0.204017709352578,0.0714714831462434,0.120136188806421,-0.0290057390715926,-0.0128257508504338,-0.0712906285354139,-0.267828780455638,0.197016131923353,0.162800998810536,-0.807503495328765,0.147638103074022,-0.355482639395698
"TCGA-BH-A0AZ",0.278344549581574,1.40763537026217,0.000964785391529573,0.500745663704712,-0.413389380584342,0.00727880600808598,-0.142396051654588,0.529297267211118,0.412035159715848,0.305688464905141,0.766638600492131,0.470681073815704
"TCGA-BH-A0B0",0.681201767828074,0.539698553513007,0.393717611688346,0.546221953619683,0.19458038456292,1.22287513112445,1.30661045959996,-0.0530861749163963,0.104707662948101,0.531404332079662,0.607346042684368,0.62491436211498
"TCGA-BH-A0B1",0.458890620746827,0.56817615301983,-0.0153256994205639,0.711176691832183,0.627811452015105,0.942952080494264,1.11943954437267,0.901561563951379,1.03730663551771,1.01091689334195,-0.0251078717324226,0.576829899552932
"TCGA-BH-A0B2",0.185043392253297,0.569345327879784,0.493466251699523,0.811185724346379,-0.420918116363951,2.13729826847053,2.24964495015075,-0.0609796172768651,-0.348305799415123,0.357757722868601,0.950397753538335,0.395490075973158
"TCGA-BH-A0B3",1.40633124350292,-0.271872079877365,0.792303480731669,0.193946678718793,0.943867348986586,1.2310467138785,1.15357270324245,-1.25194527112269,-0.804497164858971,-0.664856208587238,0.375600255240442,0.796513159051605
"TCGA-BH-A0B4",-0.279395286775903,-0.109328588715478,-0.293405258799925,-0.144301302424237,-0.0865994035174541,0.0916539762841186,0.103353743867426,0.665938468620042,0.527653749937011,-0.28904942011996,-0.0369325210262179,0.390557711552078
"TCGA-BH-A0B5",0.373360515759683,1.06361268590022,0.842210462414498,0.569825697155168,0.231391896446883,0.25703324137614,0.266768717223228,-0.12874723909951,-0.17345904524426,0.354711643771529,0.361953163056154,0.334885160994916
"TCGA-BH-A0B6",-0.165618041496252,-0.206775463838556,0.649939279287997,0.166933177337866,0.583991785335338,1.71315870161427,1.62408625581281,-0.610460744115817,-0.343211017988449,-0.0161417665650928,0.328425465814891,0.211144045314537
"TCGA-BH-A0B7",0.611306035745882,1.00578375695093,1.07842449272049,0.776341671505435,0.951765513714769,0.465736436825072,0.091354980690304,-0.487372259159069,0.0842191067204189,1.03775701310112,1.53565014247457,1.29055394437428
"TCGA-BH-A0B8",-0.395739501389369,-0.466060297448912,-0.625719593702787,-0.224673271053211,-0.472452870202588,-0.398391386194571,-0.249456842217047,0.608078061897261,0.544112429876196,-0.135003433486824,-0.738424772555877,-0.0982551043106788
"TCGA-BH-A0B9",0.026368493198797,-1.09390863400577,0.197941715774162,-0.692361459100348,0.195323640861473,0.562311551262136,0.448099808000224,-1.34498428422081,-1.3525946550656,-0.589625868224789,-0.266092747762963,-0.0383537478041851
"TCGA-BH-A0BA",-0.246392857529543,0.296985536715896,-0.200453418620791,0.176948927629302,-0.0415945796104258,-0.782256764489568,-0.905222267882195,0.134199820379954,0.123631821440984,1.6921225729504,-0.0322356879255181,0.139336925579654
"TCGA-BH-A0BC",0.325513823822056,0.670344878408283,0.0191508944756035,0.473060438631875,0.266208732514038,0.919205671082221,0.952861533094883,0.78141728542141,0.787255425301133,0.671242081405527,0.699630457872361,0.750133112209198
"TCGA-BH-A0BD",0.339234058546541,0.433907531846124,0.85478094695388,0.853526933988111,0.241711082960921,1.28752490418438,1.33519902402522,1.31480875485742,1.57734672729416,0.56504706969165,0.84058757232065,1.017989882741
"TCGA-BH-A0BF",0.0728654137154316,-0.0167650510664471,0.90225599817878,-0.246065765132936,-0.0779106852218214,1.71487856391599,1.64551093321764,-0.506910167667404,-0.758013631956666,-0.464744591851849,0.767815399251982,0.119918239527511
"TCGA-BH-A0BG",0.152473222147428,0.235941971437873,0.998183232003767,-0.453344016654679,0.340346254121295,1.48192677711913,1.34635859134511,-1.38387073401214,-1.29234824171924,0.0680695535800296,0.644381822062928,0.417268750259301
"TCGA-BH-A0BJ",0.137775183287806,0.992671467068646,0.00155621264127433,0.337680398117599,-0.0502566172543398,-0.487396720645934,-0.598606299102454,0.838904861141056,0.580963757859337,0.461340536760644,0.368788250566423,-0.542588841044603
"TCGA-BH-A0BL",1.68036680881188,1.62972847988758,1.46713449244268,0.589653085064693,0.251776295138186,1.05118763536278,0.726871374444283,-1.09944981322672,-0.737352717307551,0.158632842606697,1.48185737512562,1.21115048136771
"TCGA-BH-A0BM",-0.2270913906121,-0.296363089621934,0.0240537621311775,0.114935506482209,-1.03019200974081,-1.14921163829992,-1.18493291027879,-0.449729272743829,-0.463866575343107,0.0424525439941307,-0.255952354199073,0.346245132000197
"TCGA-BH-A0BO",1.73797469936278,1.7631156575761,2.97347542979718,1.45954190276187,0.555234739081863,0.162271770919568,-0.407745426898274,1.05696097215965,0.813548021558146,2.03819859276064,2.2364710245484,1.34362921398744
"TCGA-BH-A0BP",0.592559172962426,1.25744154172936,0.496150575762512,0.322452807834507,-0.0802876472584732,-0.508149184318248,-0.645627012713842,0.251198718907727,0.138936287840391,-0.0558690495065538,0.907687527674691,1.17372849015935
"TCGA-BH-A0BQ",0.861237925948707,0.767262546471326,1.44205982388603,1.38646685021026,-0.167323769622478,0.866678586604798,0.874974823835073,0.83284152477197,0.82221218635051,0.585308163730356,1.1217286739382,1.18263168547244
"TCGA-BH-A0BR",1.55909146462576,1.27130343096131,0.920872067941335,0.878835377315635,1.13967964178653,0.189993454047678,-0.148285839940726,-0.394482310774318,-0.19221721939096,1.34077871945956,1.02878706650031,0.0233140905337717
"TCGA-BH-A0BS",0.354365717611762,0.114605990737844,-0.873793183211368,-0.0215773412808657,0.583849059119222,-0.704812563241219,-0.581282211113853,0.440815915285832,0.340120578307671,1.07191977075741,-0.47637579951956,-0.613194555571891
"TCGA-BH-A0BT",-0.94570753539267,-0.73770066218497,-0.477384883678142,-0.578613185427354,-0.747317014224071,1.12917653860983,1.29769126805753,0.397575785705265,0.536644701298422,-1.06138880160725,-1.08181234322148,-0.363730730395296
"TCGA-BH-A0BV",-0.284490474227965,0.780545848173284,0.153238373855475,0.439029278137981,0.387857301360901,0.820980142674498,0.940660201737825,1.41052654230221,1.57527124213027,0.494736569760707,0.630983456888022,-0.912585749697061
"TCGA-BH-A0BW",0.329588103650229,0.821515279007315,2.01818800645473,0.1960201204266,1.28912132211286,2.54132298347771,2.41711480567517,-1.48067335204225,-1.07325262673024,0.68572513011555,1.36954477371231,0.709513387963671
"TCGA-BH-A0BZ",-0.0110261827517033,0.571413442208849,0.521917734792794,0.947765927652232,0.777166623814482,1.78641708782718,1.80792008024236,-0.00698510951076138,0.0427950090437547,-0.171462205133898,0.683021923005145,0.359220181247489
"TCGA-BH-A0C0",-0.29546071477376,-0.89892829145784,0.872407177146237,0.0892847530009618,0.594778748311525,1.34721861358884,1.19680401743103,0.201646351572955,0.320974795260919,0.0811112042589126,0.267752206992789,0.906762168936457
"TCGA-BH-A0C1",0.250219547228735,0.816943035499098,1.00414250917168,0.435053692914526,0.497796768419899,-0.0460293984805433,-0.315941323457875,1.0035165622606,0.522879987446945,1.50385800327708,0.783107463304723,0.285428067300132
"TCGA-BH-A0C3",0.485862531938003,0.474293715295883,0.498859679589129,-0.048770791623125,0.482561086960817,0.728955404684348,0.694103910775646,0.78002996527734,0.620138586796719,0.535620764767275,0.718531400248452,-0.00574818755242669
"TCGA-BH-A0C7",0.264085713572478,0.601420337358078,0.416252798293991,0.65921130642062,0.335966717220328,1.06137026584141,1.33835330611698,0.914464370077172,0.706204396686151,0.538618362604928,-0.0816386098456275,0.128812013384979
"TCGA-BH-A0DD",-0.526458635739927,0.295454607492206,-0.244054993392232,-0.763426636244683,0.387073886487915,1.11484953694837,1.38260486894358,1.59091181008847,1.58501461917622,0.51030931585426,-0.345138547076752,-0.323055414473016
"TCGA-BH-A0DE",0.320927676009915,0.672770786973892,1.14639858524198,0.411731710315998,-0.427012165073638,0.243747298970893,-0.0430274589522783,0.427140869267784,0.321850704524264,0.134029359414726,0.927622476728198,0.840538769206451
"TCGA-BH-A0DG",-0.419403806653834,0.866882046159461,-0.020408363335949,-0.090189005647077,-0.00210448638499737,0.670249075818706,0.672282045182312,-0.128771746510235,-0.254725099994774,0.296972927931668,0.726274193155726,0.80776538105573
"TCGA-BH-A0DH",-0.854655893183858,-0.816762983737342,-1.13161686493975,-0.0411567303420969,-0.539142538190891,-0.203749264446162,0.0177075901320662,0.997104228938453,1.11311036359329,0.049152255509716,-0.764975243934837,-0.180750509290578
"TCGA-BH-A0DI",0.987398314759032,1.2319695119077,0.654398907399753,1.29898615862181,0.207421388614415,0.172600960328442,-0.0909393912133243,-0.508718550350576,-0.614491882096867,0.377492064640723,1.04373505796426,0.911858097150252
"TCGA-BH-A0DK",-0.162389000392876,0.204205040631724,0.863175628737102,0.692603285450846,0.34825868924242,1.09671828410066,1.09196876150012,0.685259492293341,0.998141736909363,-0.099527125063986,0.943492372975393,1.42924361336013
"TCGA-BH-A0DL",0.539875181347083,-0.487008528401931,1.36654430393847,0.856573716193021,0.783300756500689,1.26794262263703,1.15331534644421,-1.13354380806348,-0.606631856370003,-0.661571937656736,0.935240004325587,1.16063833170295
"TCGA-BH-A0DO",0.140638019797502,0.457432687708981,0.0942842004561141,0.0808256825132722,-0.529992260583986,-1.18076500811375,-1.2066276083921,0.736648407275082,0.428481860958987,1.06575256029955,0.0953449515157309,0.259600545417119
"TCGA-BH-A0DP",0.823057668863005,0.808674091660384,1.09776257221317,1.09389462346724,-0.880601238427032,0.0121192209521365,-0.143136642424276,0.372672021367955,0.111747163910964,0.421915835812873,0.671218609581562,0.833870034189678
"TCGA-BH-A0DQ",0.216457376362326,1.23193412460497,-0.259083422498608,1.05761257524529,0.166339703509117,0.214842485364967,0.409850785217425,1.23623154180546,1.49681486636669,0.0653480780630486,0.431022595175304,0.0307455881698529
"TCGA-BH-A0DS",0.00264142160616299,-0.332649854790363,0.230116507036507,-0.133832190223918,-1.07514985007004,-0.487475155962171,-0.663475863887755,-0.130395248217699,-0.267737093329772,-0.22771484586533,0.0364516680224203,-0.492465405899326
"TCGA-BH-A0DT",0.545230137463736,0.933700377146145,1.06655839802871,0.708698320235814,-0.181871583032703,0.143753907066768,-0.0489396700841528,1.32110390756265,1.11710710871234,0.377274326908538,0.784484345293512,0.429135399810947
"TCGA-BH-A0DV",1.42148393947413,1.59372354552408,1.1873174414863,1.42652804211375,0.101091747785532,-0.147287539875771,-0.519342690248995,0.261106273768152,0.0951550787201419,0.867728797589356,1.10569478623664,0.753257039368655
"TCGA-BH-A0DX",0.761033500309159,0.887052450792944,0.742866128086721,0.550762090484792,0.568501941825871,-0.268416247085126,-0.610861487162205,0.20523177632667,0.360914389989274,1.33604882722872,0.880395512104039,-0.0835784145664035
"TCGA-BH-A0DZ",1.92293079087273,1.05697895952791,0.880340696042211,0.702583249392946,0.870584427106599,0.361818356372681,0.250959667539122,0.154614940547656,0.44040397295161,0.575653387668246,1.04702577010177,0.138579956288548
"TCGA-BH-A0E0",-0.512049181190015,-1.63531947008046,-1.44750844300998,0.000711715351773672,0.170309515363949,-2.10569608264991,-2.25760393650582,-1.29652154275089,-0.964576841701356,-1.17400034073786,-1.5699972877583,-0.822450242459587
"TCGA-BH-A0E1",0.253227205264297,-0.285108206933723,-0.505253614508893,0.671238570167612,0.150459120850456,-0.520444774505098,-0.238383028962414,1.67359186479495,1.99087230851974,1.06229415242356,0.286560707922875,0.388891973771342
"TCGA-BH-A0E2",0.963379137116692,1.03938207975738,0.774750564573158,1.3167984384709,0.502025630862689,-0.0622899350017092,-0.198768933721525,1.21665779759659,1.71303273942205,0.601460358158289,0.694226508181832,0.557738485807932
"TCGA-BH-A0E6",-1.45084993924882,-1.18115586922856,-1.02659290301149,-1.41763051145295,-0.736104183853731,-0.903315210386526,-0.926155759095661,-1.41411991877184,-1.10630928238479,-2.26252695594304,-0.605989686789464,0.284229818487928
"TCGA-BH-A0E7",-0.480284032872051,0.479663537071089,-1.33510413112037,-0.345217206840242,0.120946711518893,-1.00582972037938,-0.875687558324631,1.60788352006218,1.16893232961589,0.293849586457232,-1.25030107678892,-1.09590235334656
"TCGA-BH-A0E9",0.387333134660389,0.0882275254962396,0.266272309468148,1.19877751831568,-0.471744087004597,-0.582293377562897,-0.738398211798997,1.01657371396836,0.784261381854079,0.845734547181828,0.404289597864375,1.11397254616882
"TCGA-BH-A0EA",0.947663784210392,0.833410390249159,0.50435824491254,0.966058523121581,-0.772771400787737,-0.801671490061097,-0.950350117531377,-0.32409408062587,-0.551022724476905,0.203492753432766,0.700453211317871,0.455044141555878
"TCGA-BH-A0EB",-0.446513493005107,0.556397896578085,-0.0716584176194125,0.101343767722156,0.393381602780455,0.669763473063971,0.648345617508339,0.289929857059717,-0.023137684747287,0.570392460662159,0.451633793029997,-0.265260257740276
"TCGA-BH-A0EE",0.188532205320536,-1.68945523046409,0.185730690392789,-0.866057987610244,0.585413684075961,1.52171827918557,1.80101538625912,-1.66318569984638,-1.00290293485645,0.469149182536059,-0.825344051867362,-0.686240053183251
"TCGA-BH-A0EI",0.221965323769225,1.24898181954173,-1.03874385165607,0.247470344303956,-0.281741878443573,-0.79608519891759,-0.695191635060679,0.544088716178259,0.277022443562591,0.634540990039749,-0.0994553582338477,0.00358179448435075
"TCGA-BH-A0GY",0.643716344943821,0.189370130534925,0.816503835153377,0.531189829768147,0.991493047908391,0.601192779718654,0.569209059836846,0.949772089241732,1.05671213695223,0.44764175591141,0.662472184243472,0.739129213491821
"TCGA-BH-A0GZ",-1.26223372023325,-0.682797775406569,-0.932731789088815,-0.471770533731285,-0.970649228986348,-1.47686180389876,-1.45255964433479,0.339170848279183,0.578316915429349,-1.15607739153313,-1.01859994182901,-0.475591578525977
"TCGA-BH-A0H0",-1.15783349226227,-0.9833742337563,-1.34164601956569,-1.10817526051782,-0.561184574721935,-1.24172685367307,-1.20141062495818,-0.264283395554292,-0.218701325195191,-0.29473017173493,-1.64935568273984,-0.832868769200633
"TCGA-BH-A0H3",0.0780310076777622,0.997810019187861,0.815230411314262,0.128050105054753,-0.339710634025972,-0.372541164600568,-0.568617354934588,0.266024319081566,-0.190805172026825,1.05794913235554,0.886416239072351,-0.128057850736539
"TCGA-BH-A0H5",-0.242086746758668,-0.680698539146829,1.05618646653343,0.486584829321123,0.112216772437158,1.36333135039229,1.13555827092088,0.375374729099981,0.289376071588897,0.191167504388363,0.84340964221016,0.705680927539201
"TCGA-BH-A0H6",0.25429272964545,0.87011663550095,-0.127604530007102,0.535436138783884,-0.233920540145988,-0.844584309979931,-0.79446897057198,1.23306800708752,1.0686544363593,0.661848030750022,-0.245386047935305,0.0943956593354557
"TCGA-BH-A0H7",0.524679367950889,0.239396486474388,-0.967386829249214,0.266726517872216,0.541056255534925,0.00974952219124483,0.313549329913012,0.685179873280883,0.600281158430583,0.490273695359779,-0.383993090323954,0.233034132078318
"TCGA-BH-A0H9",-0.11951930985785,0.520630490472214,-0.457781866657595,1.17055045986757,0.945354068658671,-1.18739927523756,-1.24961648488147,0.76021677555398,0.977334187580106,0.753313864191384,-0.550528684205982,-0.897903463079152
"TCGA-BH-A0HA",-0.234575998537301,0.19258610681069,-0.0581982147883536,0.341499859336201,-0.3471598268231,1.2525837073963,1.43049586262312,0.893843764559423,0.849619920380141,-0.177498525737963,0.118527157533158,0.406412808810978
"TCGA-BH-A0HB",-0.124551215515523,-0.79054503376332,0.0132364373030341,0.04102194776595,0.0617217085916269,0.0974281054717626,0.063962417053138,0.596995236363788,0.866598504428502,-0.390125886477959,-0.242961109170401,0.683435891774484
"TCGA-BH-A0HF",1.04572369228607,0.709789593537237,0.856508615872503,1.30932712132532,-0.06844446539738,-0.0861571525283917,-0.362742882831298,0.729873446479374,1.08543267384768,1.03014289167637,0.98703341638379,1.12481209893302
"TCGA-BH-A0HI",0.55332722239113,0.891957883101864,0.64692928336093,0.938367278004937,0.148058330052927,-0.152011154384342,-0.0694311360699002,1.37137316564749,1.46470245850358,1.02003072010433,0.545886575333841,0.338866619143899
"TCGA-BH-A0HK",0.0378127773675553,-0.59823159435418,0.232918291265339,-0.290237754179485,-0.289254705490073,-0.934396992741853,-1.05847198168862,0.206110061963819,0.164346966798693,-0.612473447706813,0.0633349613741882,0.212443940203735
"TCGA-BH-A0HL",-0.240814964240238,-0.105766627008893,-1.63645641301709,-0.197339190796311,-0.0284474052642339,-1.17868064592472,-0.939188715116556,0.863663885124717,0.758911629771178,-0.288634357598309,-1.14416482196813,-0.575308138202316
"TCGA-BH-A0HN",-1.95366749759886,-1.95892841530283,-1.69012108570139,-1.69461180331854,-1.50389989382973,-0.910842444600792,-0.562338903053981,-0.383735247245615,-0.525248974346434,-1.03198989309575,-1.60566273286104,-0.880226426675718
"TCGA-BH-A0HO",-0.383490849494515,-0.644852452481214,-0.254393477664414,0.148444190391438,0.161273474229961,1.05967400125337,1.30170120017936,0.906812360359166,0.838560993673329,1.13951932059015,0.404562795479783,-0.467399638500484
"TCGA-BH-A0HP",-0.237658424113004,0.508290158165738,-0.334755122945373,0.594084576600071,-0.646072229487168,0.0280160375774031,0.0679120394496706,0.0753720122338651,-0.0507785585739741,0.520574636459201,-0.0667177556641052,0.599305337045073
"TCGA-BH-A0HQ",-0.564963230204941,-0.0344509999016314,-0.896511715909297,-0.00358811671129112,-0.444429659615986,-1.09566731249113,-1.04392806301002,0.930256081938643,0.661760131997532,0.496633526086379,-0.349643995644671,-0.576363093436741
"TCGA-BH-A0HU",-0.931868421979983,-1.15324586509597,-1.0707165526843,-0.452948008728078,0.274952123346162,-0.714674358954296,-0.586799202715046,0.298916969537622,0.565494247306355,-0.751786901085461,-1.49688807333035,-1.24358547714961
"TCGA-BH-A0HW",-0.425220007498107,-0.583464955699204,-1.52139016654134,-0.871247358953844,-0.554860273488694,-0.846632539528155,-0.499410934513119,0.724671987390507,0.33976415328035,-0.221425470948967,-1.29225320395314,-0.693102055481592
"TCGA-BH-A0HX",0.966872668480043,0.776633276226717,0.129133494614329,0.790735771236867,0.137831656511862,-0.533995924971148,-0.667893132021349,0.816784950952565,0.788752614824921,1.01787136740814,0.450465899401367,0.553122344818786
"TCGA-BH-A0HY",-0.332647702701654,0.334639593692642,-1.12918365337325,-0.330156804720291,0.983885697270172,-0.702516572205443,-0.55258129981138,-0.303924829108385,-0.276638849791736,0.235509834248112,-0.699541547793956,-0.0843570823676524
"TCGA-BH-A0RX",-0.180754901104714,-0.598255713208404,0.722534908650162,-0.664457177413104,-0.155240368103469,1.23438840203982,1.13012491789127,-1.09045116842146,-0.716563353652447,-0.95238576490346,0.89681344224932,0.889711808713934
"TCGA-BH-A0W3",-0.639472040354725,0.249373390304713,-0.381921278454612,-0.197079714961455,0.248071787507631,0.0341928515063614,0.448455198377815,0.995921462666129,0.831464517299506,0.590400905606596,-0.793980894960821,-0.464284500803145
"TCGA-BH-A0W4",1.37250096694815,1.31731620525543,0.31563414033501,1.46165310991812,0.227671463751327,-0.98655044282939,-1.00828040375441,1.51905949388867,1.49608075876636,0.704287192164234,0.206229142608674,0.202988742889368
"TCGA-BH-A0W5",-0.23265840538876,0.392898314759588,0.197659376607908,0.103015317192423,-0.438157758393255,0.0315546623335569,-0.408886276113199,0.721377334049627,0.131202371902812,-0.27604601883361,0.494279329781416,0.274765644021784
"TCGA-BH-A0W7",0.150247089880524,0.375467947159525,1.02331491255008,1.16438994901219,-0.289497169574108,1.38215498646044,1.3712791359239,0.0566100166929151,0.48314418286758,0.0895378940685747,0.691663533613726,0.656076133756012
"TCGA-BH-A0WA",2.11316736612535,1.61002455935709,0.767056021119404,0.267830200909361,0.885120539024509,0.682319398748136,0.595610095794238,-1.14960771379944,-0.729737658577176,0.459425792218348,0.778296196648187,1.33950938867904
"TCGA-BH-A18F",1.07006464006046,0.816286788917323,0.997023327924835,1.19348176651051,0.658634301712019,0.23228441801769,-0.0100620742067961,0.707809147156159,0.731974483554715,0.54209081556988,0.812293451046493,0.970281741643812
"TCGA-BH-A18G",0.353401781508783,-1.16403116234474,-0.20942031551005,-0.0162145681931881,0.0408531642716705,-0.639734407036556,-0.474896751475584,-1.38125088113695,-1.22629453986134,-0.888589904914716,0.142441826191627,-0.635716742303933
"TCGA-BH-A18H",-0.499483006511871,-0.398548517602183,1.16693611826999,-0.585314587710408,0.695455358453712,0.943021825265979,0.804459052210911,0.819758960466489,0.680283441590474,0.357359139252753,0.60454885327588,-0.186919498984628
"TCGA-BH-A18I",0.18919660407647,1.27664446888093,1.00912338801032,0.235375850709995,0.210785523675322,0.806446013236042,0.612267630986183,0.552719737003361,0.349049387503532,0.90221299308411,0.912814694115433,0.139639254400438
"TCGA-BH-A18J",0.84559820989983,0.78914046450014,-0.135630987805155,0.991531320941049,0.845690569925726,-0.0822455616296491,0.108952373149541,0.267574650971946,0.210798281920646,0.189521404744597,0.17746780124119,0.328003211826741
"TCGA-BH-A18K",-0.0704883657671505,-0.191890280049391,-0.38096024751247,0.267864733549215,-0.188285174524439,-0.459019233572318,-0.417115908818496,0.536339395750067,0.67186996256064,0.38830024224077,-0.389696950291694,-0.452636792953904
"TCGA-BH-A18L",-0.586904941129962,-0.681902218889121,-0.808328395267278,-0.442019854276594,0.659014823757728,0.508990808899226,0.816391175344134,0.699274598902051,0.447287544513783,0.362759862748712,-0.931789547237242,-0.60276223399904
"TCGA-BH-A18M",0.927878286495369,1.32991113019479,0.8509779428188,1.41617808837188,0.350547049768371,1.03643902813903,1.18606822747103,1.34169853433104,1.20980499007604,1.16676295070126,0.347723621931277,0.284982443913858
"TCGA-BH-A18N",-0.496022522113924,-0.0315112014637039,-1.03285048426962,-0.0330269732390887,-0.611829348259555,-0.935810205536592,-0.7988537705258,1.14730915484009,0.829781918511728,-0.0108185837873187,-0.786009077701027,-0.900541712419927
"TCGA-BH-A18P",-0.189283309242124,0.970371271906916,-0.161382837526783,-0.0599411864671095,0.770473499652559,-0.0651232094812064,-0.281665013111334,-1.02727893744807,-1.0220917450974,0.728036477857488,0.489868069721756,0.0116585719881696
"TCGA-BH-A18Q",0.0255341675884004,0.048297607677815,0.350136512533781,0.123891718594512,0.143579462783804,0.926050503605334,0.83856007918354,-0.518893231359028,-0.432481473475301,0.527302983168179,0.426630656878413,1.34438787944598
"TCGA-BH-A18R",-0.177384404725683,-0.0764820198690417,0.217780226278927,0.194611121259567,0.711749117079548,-0.48515902084101,-0.520509364718724,-0.820269032304715,-0.645316938508155,0.291626957495647,-0.37021470695313,0.210214960173048
"TCGA-BH-A18S",-0.660669254310265,-0.676765541084555,-0.669892592405787,-0.412958192685783,-0.588578957511437,-1.00803731831892,-0.886196563266597,0.708419617191854,0.554537370825164,0.347066776649231,-0.642659598294437,-1.22830851387093
"TCGA-BH-A18T",0.263859232105302,-0.396687483866587,0.206202533626566,-0.256540485444352,1.19002268385889,-0.26042409378416,-0.44444596086117,-1.3103509895646,-1.05160926273462,-0.287861287926012,-0.179555329595252,-0.233644814919818
"TCGA-BH-A18U",0.9401538261527,-0.565428740413563,-0.11413556328547,-0.782520547044247,0.0810263197999028,0.485519845076513,0.486216022679656,-0.354553300810384,-0.292354223421249,0.638533671764111,-0.25007473497189,-0.686728867746221
"TCGA-BH-A18V",0.738995302587652,0.810565816526961,2.04923049926666,-0.610456919279463,0.995233957406106,0.987476824179727,0.708726750986172,-0.978719831903834,-0.773526807573716,0.971614673256065,1.04093262050959,0.581632310952209
"TCGA-BH-A1EN",-0.585184592751493,-0.232171515523957,-1.18742196559867,0.105327570282513,0.401669792919213,-1.54770802332123,-1.56954373169069,-0.814251763831473,-0.826591857055581,0.934418967719079,-0.120176897380954,-0.763194129089591
"TCGA-BH-A1EO",0.594999240320896,1.62893771349483,0.695980202582195,0.647680992704127,0.176935727478164,0.292449892275616,0.0150638945371083,0.494103456693738,0.521637235187075,0.900428033104666,1.00888206769665,-0.18331825661928
"TCGA-BH-A1ES",0.0899160711175491,1.10334090264357,-0.858905064657305,1.09572455078254,0.503665728677087,-0.770296930971973,-0.630533419549612,0.851076372605922,1.06563744711953,0.581424761395412,0.45296582551361,0.411729056310652
"TCGA-BH-A1ET",-0.394567852662671,0.603774817381914,-0.177567755582318,-0.344343190669469,-0.0309031163471904,-0.506839861109825,-0.641602920933869,0.910340870505775,0.366461077598118,0.829911534646978,-0.223125409656287,-0.798004421064998
"TCGA-BH-A1EU",0.344267637832722,0.864825727553118,1.35368469729742,0.255209602085053,-0.258002655383887,0.685430606241675,0.386437791969422,0.666882281023971,0.490067960742273,1.0911375589741,1.34781180631737,0.275594261654648
"TCGA-BH-A1EV",1.30436941791462,0.0171876053803981,-1.11802703214896,-0.143149284151187,-0.1912540292254,-1.0082339757016,-0.965515762366684,-0.232063393783992,-0.260480888093777,0.14964507346574,-0.584411286805148,-0.605766236480326
"TCGA-BH-A1EW",0.478608264262326,0.686864472261654,1.11185204715599,0.585811936144626,0.897703414082556,1.49789355524929,1.44503622966554,1.54553073359998,1.61981814514896,1.24681302092699,1.10417193728524,0.459423883761647
"TCGA-BH-A1EX",-0.295574919461561,0.67118293259549,0.94135829459216,0.618284694740245,-0.134899600681301,-0.399922547630572,-0.67969861382335,-0.896772546017554,-0.633514364383313,0.487204639022764,0.96499424737127,-0.0283221653543175
"TCGA-BH-A1EY",0.302959186562406,0.946719746754633,0.539458155721808,-0.0532104821834322,0.640986970844474,0.200827587350957,-0.133272003933286,0.791959322431054,0.864082622627573,0.656981531467376,0.819970911804443,-0.0243738518791744
"TCGA-BH-A1F0",0.553769366965645,0.336968310105184,2.18815898068076,0.125696010131804,0.601887236918846,1.91730752277174,1.74676259724417,-1.12148223097478,-0.963874945976225,0.307517081571085,1.69700025610981,1.17466419604508
"TCGA-BH-A1F2",0.685104537778023,1.48278843076642,1.10144916556066,0.247034165718275,0.459006825366558,-0.322106077825476,-0.536017074471709,-0.169297996671905,-0.0222578121307659,0.945704211223358,0.857760591556366,-0.494526827164705
"TCGA-BH-A1F5",-0.888351314237654,-0.11003098537369,-0.521133709940712,-0.948563525798115,-0.422184167305505,-1.08579865469607,-1.04116134497162,0.922763091936873,0.567121992336971,0.524278950265643,-0.885129899572237,-0.388312125515091
"TCGA-BH-A1F6",0.844181533332494,0.120102028612807,1.1698432809262,0.515296161563409,0.392860890631725,1.06723478838365,0.989901703293294,-1.01855665371602,-0.748880066689088,-0.135250195272798,1.35098440732764,1.09901390562194
"TCGA-BH-A1F8",-0.545282748342252,-0.185109782198569,-0.946725138413481,-0.32814374523649,0.48209137643114,1.22624820184064,1.52300245014494,-0.215204448197229,-0.299147530754775,0.840858990780326,-0.706924877595047,-0.702767104741395
"TCGA-BH-A1FB",0.65343823572049,1.14361727088872,1.66132074338044,1.24483221918008,-0.0062571755408138,0.643154979505584,0.179359653780526,0.977934049964392,0.65255895542753,1.00757508627049,1.38411638180747,0.649371250813239
"TCGA-BH-A1FC",-0.89599572735494,-1.28782366491813,0.112503672345734,-1.76492736457787,0.12202866978738,0.424947944109479,0.226617400323179,-1.44617334002479,-1.33912726344796,-1.56165996983918,-0.51762245566017,-0.186983356721199
"TCGA-BH-A1FD",0.301081603127036,-0.212281185714676,0.708304030310741,-0.0885290906847337,0.596928683147099,0.86729925517174,1.02646478955595,0.873804553453559,0.836512483168372,1.06773040136245,0.189527237017484,-0.440495845506289
"TCGA-BH-A1FE",0.365308672349593,1.13244880195107,1.05592877312924,0.119512548355635,0.741073087146241,1.11393610105896,0.952544651325007,0.494609928135412,0.259059562278925,1.01677559268872,1.26146967209145,0.725077574513872
"TCGA-BH-A1FG",-1.40057371718074,-1.43097443655854,-1.23700306210534,-1.36116250507398,-0.76444208505134,-0.0364064734953409,0.392923936784131,0.824699468728395,0.618472479451327,-0.768162049674015,-1.748180045456,-0.894378701788033
"TCGA-BH-A1FH",0.729656752051967,1.65982600412854,0.60176663101916,0.898257398174158,0.108358827790241,-0.0136972953301096,-0.243807146263259,-0.0238469087535659,-0.290106208371128,0.812616195069666,0.877504927306675,0.577364436534225
"TCGA-BH-A1FJ",-0.271870458215332,0.075430911567134,-0.847510486396776,0.863388532204259,-0.213988772641682,-0.0088206569218716,0.329507984095399,1.27508489668089,1.56028265566604,1.65438458207715,-0.26617110391147,0.197827871361134
"TCGA-BH-A1FL",-0.346870421726162,0.283812545573504,-0.384674696646681,-0.215803708124299,-0.351760208604093,-0.944678353614275,-0.936365451815731,0.575636837067472,0.105153113888132,-0.379724869896419,-0.677025591787853,-0.91066011781727
"TCGA-BH-A1FM",-0.0586596635649992,0.296006541045897,-0.958091571291738,-1.11879647582968,0.242186857279519,-0.964946189317666,-0.96980259673951,-0.683830087857719,-0.930362185960754,-0.121150776271732,-0.167744539441719,-1.07817606339682
"TCGA-BH-A1FN",2.75606312134693,0.736326109108752,1.0465615148337,0.27981953086124,0.721345541709634,1.06205656661166,1.20693989263774,-0.1291068333832,0.186686280341252,0.436536258744034,0.579949599547717,0.196900923708478
"TCGA-BH-A1FR",-0.251574943269067,-0.00619882002661758,-0.38530879531849,-0.437555992407781,-0.543972912421822,-0.72655807830108,-0.778623962081446,0.360952043245358,0.183883614691551,0.0783114083385798,-0.0594116551739736,-0.718014743793035
"TCGA-BH-A1FU",0.977632443759054,1.48163973346779,0.901411738903888,0.766008892352877,1.12630433574545,-0.302486767970218,-0.725409567498563,-0.542345192071688,-0.644729544190367,1.36192385320712,1.34040418998334,0.72521100049418
"TCGA-BH-A201",0.820116515183657,1.47850174964675,1.00199561700949,1.15773732097266,0.355928888396126,-0.0652573629415232,-0.168464931841996,1.09597086223362,1.07082190181468,1.42707458755696,1.0824367009496,0.935510775361748
"TCGA-BH-A202",0.524878213878453,-0.329618011518544,-0.242997533760393,-0.73429480670907,0.574178897843456,0.530006236424331,0.408635077655561,0.0129106333092995,0.0877099749281532,1.16474154055118,0.241033686273249,-0.878445238080321
"TCGA-BH-A203",0.376399968214221,0.213912441659799,0.124909592618597,0.0353170487952763,0.711890684450864,-0.465896388313597,-0.696143577865822,-1.37999345298059,-1.30193318029909,0.701333992912864,0.549643468009399,0.0445271981577321
"TCGA-BH-A204",-0.81510026707668,0.0453567077787873,-1.36288246882097,-0.958906808271445,0.160525171990586,-1.71069423213115,-1.82706947693704,0.199210238030316,0.0129562631755093,0.289297476232998,-0.829725719083552,-1.55154314549604
"TCGA-BH-A208",0.289396672110365,1.33126232133083,0.150597095708472,0.39622822967783,0.480444931555573,-0.392210931358931,-0.714176460353627,-0.891853814212033,-0.87332015842179,0.460102919227626,0.330971603895757,0.533250408233795
"TCGA-BH-A209",-0.965115975407119,-1.37107904687183,0.436487908917697,-1.15075427363094,0.628421831687847,1.56005936164238,1.50187672333979,-0.583498825581963,-0.616246016869206,-0.534184102345008,0.262769226701229,-0.00832244775078381
"TCGA-BH-A28O",0.747624097101461,0.837136024414506,0.669192404709422,1.19601529888725,-1.16446346033574,-0.737590159319497,-0.832568726823803,-0.151593329639645,-0.415840485185471,0.106057089439696,0.576369848714022,1.45323292258723
"TCGA-BH-A28Q",0.0273789104520998,0.920252510118678,0.573193033743308,0.0930745726784429,-0.130915194175304,-0.665998806225797,-0.774423844353121,0.76067923331123,0.222047364106119,0.834291941197747,0.364955364635409,-0.258569704237906
"TCGA-BH-A2L8",0.257650729840055,0.140646168945667,0.654059270332548,1.01173200934991,-0.230415772086872,1.00435782980354,0.835852716818014,0.0390377044004389,0.102234345196929,-0.0838929822973737,0.551100605416496,0.0977562898758584
"TCGA-BH-A42T",-0.0581277110792529,-0.303148508803407,0.968622054278251,0.334254954465445,-0.808577438917616,-0.811533053674343,-0.934841268753278,0.682369486298978,0.902109031109768,-1.14844829864129,-0.282304555724547,-0.0852033150105718
"TCGA-BH-A42U",0.67420442401598,0.234967589754318,1.38247103699823,1.31896603290333,-1.10704268547293,-0.0653349863219069,-0.223857865047243,-0.130620543758947,-0.0428922939949793,-0.70832421232998,0.782307484402113,1.36524074112751
"TCGA-BH-A42V",0.246780093435911,0.348046318166627,0.554312502812642,1.17909459791021,-1.2056243286627,-0.772219827336975,-0.898639360175504,0.735885474704497,0.671006548692568,-0.204315422170926,0.226886740053796,0.552185660585168
"TCGA-BH-A5IZ",0.253612664043281,-0.0766204628929367,1.20622150770977,0.308231412043072,0.845144406242324,-0.708204784851945,-0.922619396221777,-0.726164362390493,-0.297740418058626,-0.0235036476921433,0.157881862425038,0.0123768579024248
"TCGA-BH-A5J0",0.23258812100538,-0.191998590091506,0.226481909548397,0.507231063988266,-0.447116543136902,0.649204167522877,0.67600707101357,0.276319627093765,0.376230058709141,-0.371987423808478,0.161584123520436,0.334626516436254
"TCGA-BH-A6R8",-0.95749455943062,-0.906219417407993,-0.457470944726269,0.374450285595078,-0.565445446048255,1.86544346478406,2.16018458375181,0.820344666443783,0.819456697313928,-0.0489527273796562,-1.11988706747323,-0.656764574793841
"TCGA-BH-A6R9",0.934023243885109,1.52779009603573,1.61274738697047,1.31586125469978,0.719418185045245,1.04900562090822,0.849253845217481,-1.47827689386318,-1.53886108839586,-0.599724028325202,1.7857485107107,0.538662226400442
"TCGA-BH-A8FY",-1.26101369079493,-1.68072062668879,-1.28148117297397,-0.190429197577986,-1.37406161202966,-1.27792910018751,-1.10507156694713,0.275052466290854,0.247197827150721,-0.870835834677627,-1.12370438314388,-0.832179927170001
"TCGA-BH-A8FZ",1.47421594691649,0.749084416718647,2.57950157062485,1.24733696853553,0.00217275167902037,1.03091220955349,0.755766155735465,0.47151954486693,0.390325231232691,1.41496064619819,1.6944930263142,1.72359869038526
"TCGA-BH-A8G0",0.6795749138259,0.328713698715418,0.596172251508727,1.08186062132037,-0.960625991555202,-0.468681750441036,-0.719564971618856,0.571094579568195,0.286017073227783,-0.0668140151828868,1.1357210559366,0.591663622782637
"TCGA-BH-AB28",-0.148683688133119,-0.0899299480660388,0.116704476242682,0.40343517585771,-0.818728467497836,-0.283658811272928,-0.288975701329733,0.502556629190741,0.205837495438067,-0.0781192325785579,0.124980387675825,0.0092224194107152
"TCGA-C8-A12K",0.0741277538280957,-0.489368423663535,1.86998574840398,-0.0584598226197675,0.537136228136692,1.86565250794702,1.69800466854422,-1.39261118961226,-0.979339518664843,-0.658347968843819,0.938291696295863,0.133383151473409
"TCGA-C8-A12L",1.8152858858799,0.244370150553129,0.784347812299931,0.710746620125759,1.66099146301943,-0.634044347253429,-1.00730805948843,-0.562412484457836,-0.171131746510815,0.325039969156875,0.950102919732878,0.674843300961789
"TCGA-C8-A12M",-0.895317539571215,0.168744334928963,-1.3034342678101,-0.317189503409251,-0.0334851189818922,-1.12628845654346,-1.21796360994362,0.0719085429401778,-0.312171739906677,0.179953474294131,-0.740931525222936,-1.3769228294288
"TCGA-C8-A12N",0.501777434033562,0.647515638999141,-0.0105412184662313,0.405636649030874,-0.692273681461647,0.627549817696664,0.915687157001781,0.561927954631726,0.221019238878523,-0.654147594361695,-0.294614935318678,-0.6403433718807
"TCGA-C8-A12O",1.18133192417593,0.857856129578404,0.197456088427843,-0.143536336269723,0.623929438726725,0.414940886641379,0.264182457797147,1.04764004646867,1.14548366870239,1.49946622227222,0.809871686801788,-0.0280871019461491
"TCGA-C8-A12P",0.150978116890245,0.116291908343479,-0.343547791679824,0.241709631787976,0.335459954192398,0.621666981454932,0.620883755171373,-0.891996140225829,-0.65888503343747,0.275013981582307,-0.0148091334859792,-0.112420448358802
"TCGA-C8-A12Q",0.223669107446195,1.07869906029255,0.144080733224352,0.652900990028112,1.14840502139149,0.0768950846309137,-0.12929394981531,-0.766020545772484,-0.738073573944846,1.85816863012733,1.03425480091646,0.597581309076146
"TCGA-C8-A12T",1.38378892726209,0.86485110103589,-0.188790183650672,-0.022152438285343,0.606477011320201,-0.281471922211237,-0.276749884978432,0.685470987610187,0.890010356598257,0.545850073360247,0.109051496098529,0.13433291780191
"TCGA-C8-A12U",-0.879023151519758,-1.61804016221909,-0.668467888878643,-0.407130279140588,0.334720722331292,0.497185230345985,0.454611693603553,0.0463115967675074,0.0554917578962026,-0.495092436050161,-1.1510101737794,-1.19518476490886
"TCGA-C8-A12V",-0.432102739608053,-0.517012818287115,1.41409420272098,0.0975002707345862,0.397073976055688,1.97961698957957,1.84001396805783,-1.62767910234007,-1.54869578948149,-1.34619891785736,1.008453288987,0.861666336907576
"TCGA-C8-A12W",0.20937018739997,0.478048369166902,-0.761714743781491,-0.447254637779978,0.550992733552525,-0.397038308595671,-0.533747609733788,0.702876619707398,0.858402049206343,0.655376744625559,-0.0379869585868497,-0.0448613186183286
"TCGA-C8-A12X",-0.721170072138324,-0.637866926811516,-1.23669331476147,-0.223043309002087,0.204392450200157,0.977220130351153,1.38418185729987,0.974975528887986,0.913010689214492,-0.321296460222419,-0.979082857548963,-0.343833866474967
"TCGA-C8-A12Y",-0.0896003793684161,-0.27473709973595,-0.00937304318138703,-0.108298331872284,-0.173021742813268,1.34852529197238,1.71241333908056,1.19130841994761,1.30208728273463,-0.365132738978775,-0.7288378752332,-0.18682824844677
"TCGA-C8-A12Z",0.813430545932752,-0.0582856425263885,-0.658112281031848,0.0638496623179189,0.79998057804162,-0.969442483978382,-0.876452672065966,-0.531431046237124,-0.531112568981786,0.915722021818278,-0.371891423361581,-0.389036223552074
"TCGA-C8-A130",-1.04489895292278,-0.858215057343937,-1.26428641438335,-1.55886950642321,-0.242403626136548,-0.574088154744141,-0.45856593748268,-0.27081451001014,-0.321586129063107,-0.910612292231317,-0.746422033906028,-0.0383482578695537
"TCGA-C8-A131",0.87204807717666,0.309336562880475,1.21330068381043,0.128611224652173,0.082848510147495,-1.02131076966615,-1.27359180809191,-1.41160646110653,-1.04753932140518,-0.304703134909481,0.746128926606833,0.299713647509436
"TCGA-C8-A132",0.21640046897986,1.23681040232601,0.748039074614479,0.562554537066244,0.730377421690885,0.486716223927348,0.0747218480272517,0.157154762041563,0.316345401666651,0.7070047909361,1.23521442623762,1.13270974442026
"TCGA-C8-A133",-1.35300667663523,-2.22957064793384,-1.56919134189771,-0.357874583709721,-0.576859509744638,0.0849146604397739,0.590976310156418,0.528716008778554,0.210649303604969,-0.0699588735899951,-1.71538916353625,-1.52528365688204
"TCGA-C8-A134",-0.0311219905776088,0.10981348709422,1.07234084234828,0.52620786157859,1.08593675228493,1.0506139014237,0.990735061725869,-1.56695175333712,-1.19176119981317,-0.178611451619864,0.544119896406356,0.550321520682833
"TCGA-C8-A135",0.0717204623377733,0.215309486945424,0.0421668690016834,-0.0582144890684832,0.798946761391502,-0.698379633858905,-0.917795138754932,-0.740856205485295,-0.719986190586791,0.972345789097885,0.403436250187925,0.43412285491282
"TCGA-C8-A137",0.88828070752146,0.483924525643711,-1.31591640169276,-0.00620138502823359,1.10355909480917,-1.24949970380872,-1.12933361453639,-1.03562480656129,-0.968244123351137,0.0931482275430965,-0.0774238122127041,-0.214241700854911
"TCGA-C8-A138",-1.3727679375117,-0.586887651474028,-0.415206505422544,-0.598349585636771,-0.354214683810471,0.366528877695477,0.306451926827154,-1.54187721207025,-1.13732277603102,-1.00790001691963,-0.335804191807597,-0.181604752211709
"TCGA-C8-A1HE",-0.933808016073712,-0.0764742474033053,-0.907358646274251,-0.407149149483492,-0.151512176518922,-0.224752858960332,0.0770614008760093,0.727977337121191,0.569120594965241,0.582292072298924,-0.442001669013891,-0.0874390564398355
"TCGA-C8-A1HF",0.0160515446605575,-0.540558197601463,-0.140116085963429,-0.0194129818669358,0.647928662562315,0.928012219554234,0.870691772560178,-1.32953149774967,-0.833916267559669,-0.457532764633359,0.316285317083108,-0.351965966801953
"TCGA-C8-A1HG",-1.16866801869617,-1.27002079156803,-0.951745734038291,-1.39167943016182,-0.211601958740875,0.64768806949087,0.651027227142786,0.360146687379289,0.558734843205511,-0.802923543743033,-0.590826895857947,-0.543729796852627
"TCGA-C8-A1HI",-0.685018137673069,-0.134462425132338,-0.77694223220685,1.25208125024399,0.349774172429728,0.0656551831109272,0.436253632457634,0.613639081478346,0.58407443255178,0.588481675968925,-0.0662102962484137,0.607571487330043
"TCGA-C8-A1HJ",-1.39929343547447,-1.12559097780155,-0.217194994854999,-1.80696987495542,-0.221193481628719,-0.639491817072816,-0.701054809623118,-1.43682492885096,-0.979470588626455,-0.711472573859295,0.650791835580625,0.896710954320795
"TCGA-C8-A1HK",-1.05125089684571,-0.0518668563718136,-1.15849906396369,-0.646958626948656,0.894268456673913,-0.0242839269793386,0.0291882761807223,-1.17843502010772,-0.968318690663364,0.744753962716625,-0.231640885020505,0.0436921135941761
"TCGA-C8-A1HL",-1.06291079185884,0.272260779957221,-1.03888149611401,-0.533265942483208,0.38454066818502,-0.84575208403565,-0.832745839000099,-0.0731078674668698,0.403040732872144,-0.143122246539687,0.128373392908502,-0.744843133413824
"TCGA-C8-A1HM",-0.150568229065157,-1.11720375090739,0.193632688387355,-0.279492155981663,0.539087030872316,2.17976430344927,2.17387567280732,-0.512319136852291,-0.122636708226492,0.0773912762141558,0.238718373261835,0.494938276545818
"TCGA-C8-A1HN",-0.800563487655563,0.284272555670985,-0.795288350303693,-0.710742127492701,-0.164012657443508,-0.762042346715296,-0.723610570123832,-0.198601540598597,-0.170155538679604,-0.0246884334227949,-0.458425582231706,-0.871950948600085
"TCGA-C8-A1HO",-0.978214138477264,-0.312348185283574,-0.833332002541068,-0.219005192730751,-0.229778731235664,1.72728096383508,2.17045962483899,0.520035477737821,0.566151012496638,0.00930843770830296,-0.974653987092842,-0.252925824402166
"TCGA-C8-A26V",0.952995578858291,0.0284757371818135,-0.213920862006776,0.489414614205822,0.451215579197937,1.27421424126443,1.44026720257557,0.342925544993887,0.402752155374179,0.5810985926882,-0.316036245531534,-0.510822545827667
"TCGA-C8-A26W",-0.190043671236424,0.354074457717496,0.276058744076287,-0.222801276114663,0.249642284324051,1.02835886532479,1.12800930073733,0.883325624681071,1.30949794001174,0.366213249349254,0.0863979774478669,0.0966877181903221
"TCGA-C8-A26X",0.710772113026941,-0.578861321227555,0.40181348619665,-0.953006823939543,0.285448244883469,0.3097067421066,0.138589787850421,-1.22480114155466,-0.899824818758538,-0.0244071732849458,0.205290609570857,-0.190482184783779
"TCGA-C8-A26Y",1.15401191558324,-1.04531197021907,0.54774049420002,0.781768493317202,0.890770868050271,-0.265299117861009,-0.503055086068816,-1.28715116837082,-0.701771122745887,0.0371533447456996,-0.434927182321144,-0.543742996972107
"TCGA-C8-A26Z",-0.332860182679395,0.211075197059531,-1.03657497909445,-0.0798868886972996,-0.0866579926797609,-1.16836051546292,-1.12474319462402,0.797882927408061,0.515108251373209,0.419779823920272,-1.06246618841471,-0.977684655084796
"TCGA-C8-A273",0.132444642568034,0.571558274182768,0.293151003731517,0.980208165456923,0.297545658738683,0.358353034922294,0.677688081256915,0.772765706416834,1.14363084290953,-0.0599183921598391,-0.179611154649969,-0.108347173513141
"TCGA-C8-A274",-1.30611146441063,-0.928372989022831,-1.14471417864586,-0.775151446639805,-0.157666107929171,-0.569984260397476,-0.382422146166313,0.455351703841772,0.104075130809597,-0.571652844421085,-0.73702304509567,0.0589792769051379
"TCGA-C8-A275",0.1019238948142,0.0570647222964029,0.358502192556741,0.488097075183112,1.11620023671627,0.891813881826959,0.724446923026875,-1.17881296190495,-0.525638337134943,0.923881406065707,0.713225564141071,0.879269490302092
"TCGA-C8-A278",-0.805883326831067,-0.972197013845822,-0.0872621264974291,-1.00816348033981,0.642250216071234,0.799328883869375,0.699674159923672,-0.881490930662952,-0.64258600875314,0.878013087545439,0.361175371301332,0.133700935341679
"TCGA-C8-A27A",-0.122315207601088,-0.212490724318611,-1.12071356888418,-0.881050360406545,-0.229104461080483,0.758567295771477,1.19849910288714,0.432497450611186,0.420579765098008,-0.0785478507988892,-0.410604799844479,-0.99739145122677
"TCGA-C8-A27B",0.23441952520501,-0.378541918089252,1.71277068524669,-0.353486156676815,0.538505310325866,1.21632276793798,1.04612977903476,-1.5382671884238,-1.12460835057367,0.186444517227225,1.12202447967533,0.0233364825044603
"TCGA-C8-A3M7",-0.436999718663849,0.344115228128133,-0.204075900289804,0.232790055464249,-0.41018898783629,-0.453928268134919,-0.574311189716125,-1.08758704872752,-1.03469612420859,0.129321862061201,0.212616574875233,0.196410077768885
"TCGA-C8-A3M8",-0.709024962912013,0.546330082550203,-1.02654048200727,-0.252717717928875,-0.247312482872756,-1.31809442431345,-1.27618766995307,0.562007439007441,0.353333655239177,-0.685185675184759,-0.561237470438835,-0.554785625842
"TCGA-C8-A8HP",-0.512502108246086,-1.16369486010986,-0.29902177777045,-0.704276406114951,-0.0519040350223307,0.0445779262508352,-0.150934114380746,-1.57112472940791,-1.07443885647912,-1.39296297334119,-0.286846937614417,0.326526610751073
"TCGA-C8-A8HQ",0.296962628185331,0.98203204864193,0.895612416709816,0.430485741079076,0.12208558652053,0.14311093594148,-0.118206030624548,0.691132770069792,0.790118183441893,-0.401636428653153,0.654694521835978,0.542561357068706
"TCGA-C8-A8HR",0.572233160790648,0.925586722241712,1.43148443450812,0.798831322897361,-0.476734729715961,1.23528153767938,1.16014722487022,-0.444213591188028,-0.398201145419869,-0.70455939874227,0.985057612247436,1.15180766058857
"TCGA-D8-A13Y",0.377354386089773,-0.077356629130485,-1.2391996212318,-0.234751303921593,0.112412843497558,-1.62430035539553,-1.47680463599062,-0.857371114724325,-0.449650803465419,-0.0353976363509421,-0.435585258394939,-0.325576236105734
"TCGA-D8-A13Z",1.88689163877647,0.90283294365339,1.1328241521416,1.55321947525426,1.51084776276587,1.45543711693866,1.46959743840055,-0.748598297360505,-0.261192146958658,1.57597922568506,1.66086542701346,1.22453212668295
"TCGA-D8-A140",-0.858768819541686,0.250832975246908,-0.257084726685852,-0.608149977794477,-0.437605903946362,0.857558610397222,1.05653676013642,0.434331814846357,-0.106731915469323,-0.126515536652625,-0.528405350445404,-0.702990847094913
"TCGA-D8-A141",1.02128498069827,1.01682927014813,1.43350183267083,0.553297115687114,0.180785720728759,1.12068589174494,0.9105130249474,0.451420620203021,0.397519695218493,0.643788086135393,1.3624132677624,0.208226050453987
"TCGA-D8-A142",0.796447250192458,0.733853705093514,0.148371111309921,0.0168900602672513,0.455174831781216,-0.956434152333318,-1.23118965098287,-1.3417865089775,-1.23679604169944,0.0905934560149004,1.01762313471713,0.127466977150064
"TCGA-D8-A143",2.11082233991572,-0.573505332681767,0.181059474222068,0.337419282793182,1.54524631220274,-0.696814114231707,-0.950647526744403,-1.17596994962669,-0.531146686491185,-0.0971206254862368,1.12334225342481,0.740166178197216
"TCGA-D8-A145",0.0213572786900583,0.783643699921978,-0.381642794508831,-0.0899177925480237,-0.285470286531703,-0.959786690564698,-1.12813894743795,0.166560915266192,-0.0305394048500995,0.756845149883946,0.122746262711771,-0.00174943804364147
"TCGA-D8-A146",0.510394632995925,1.24990944178952,0.497245342721947,0.707668960590564,-0.124352285573514,-0.645917612396852,-0.798691627569831,0.845207740077769,0.730546156837444,1.0350725381909,0.907993006346209,0.513220238101365
"TCGA-D8-A147",-0.141325699447069,0.650394768292868,0.592445827879782,-0.0491566454847851,0.70862918260072,1.69467278972362,1.84708704293546,-1.36206899752083,-1.24004577967808,-0.572763715869758,0.315657306786082,0.92213463743318
"TCGA-D8-A1J8",1.83439180742057,0.63345142288513,1.54620505488009,0.338652200101859,0.924823504356792,0.757881778497628,0.322712157030134,-0.150632166257765,0.0645096273168424,1.54650433066465,1.26497969793538,0.156997425345297
"TCGA-D8-A1J9",0.489760981158274,0.720874965837433,-0.559793716281973,0.273363513618548,1.12244421351614,0.371704011124682,0.456160111101034,-0.254460087467491,-0.148702232968663,1.40886452844389,0.656517999231057,0.663931723156911
"TCGA-D8-A1JA",2.11296512456243,0.807459861321396,0.974154926600409,0.684158427480152,1.23256623532154,0.805906925001728,0.715397286866993,-0.888277401423207,-0.734144048940741,1.16494138274734,0.924040853138735,0.426387848822067
"TCGA-D8-A1JB",-0.52351503496915,0.337386433247508,0.859565231396776,0.308549426458689,-0.00271245964505944,0.98791260558812,0.830628523123683,-0.37177757369653,-0.596797118064184,0.565434818179473,0.737330933524586,0.49075171942731
"TCGA-D8-A1JC",0.186484018624796,0.973635917090406,-0.236469979619971,0.700465921938319,0.77804825124408,1.46741506140878,1.60820887421836,0.497704026591425,0.583843135072993,1.05629098035121,0.0983329039935199,0.943306615726327
"TCGA-D8-A1JD",0.672321750859305,0.636002792596248,-0.0425797855349731,0.647448587578528,0.992927224565883,0.320244338741627,0.239557034358329,0.879399421839139,0.994015152223186,1.4202901280136,0.314924517333925,0.144670580358375
"TCGA-D8-A1JE",0.0640308089935269,0.922012766321849,-0.242354235959365,-0.451511564242331,-0.114695257458879,0.97862572346093,1.07565759291573,0.486714528080835,0.537177963433116,0.468328822171466,0.554220245857301,-0.320932641902936
"TCGA-D8-A1JF",-0.997381879334798,-0.533622021266436,-0.852477615887776,-1.18496763016082,0.36845238797436,-1.31435209754533,-1.50045439306774,-0.921441677441278,-1.02052897386929,1.85225959654778,-0.38740060121686,-0.976476324236511
"TCGA-D8-A1JG",0.145316277935034,-0.18110639105571,0.155249398273293,-0.558731829976777,1.4852294315481,1.33252340261098,1.31558892006155,-1.10170188551066,-0.720552047515621,1.07102347509328,0.076322817204966,0.179749857952863
"TCGA-D8-A1JH",0.392750333706928,1.61317783797353,0.806040999434056,0.929501695946533,-0.163695479773674,-0.103041264725903,-0.25929118167055,1.1182665798575,0.835224960207978,0.933802587974978,0.96701124399716,0.476167741275908
"TCGA-D8-A1JI",-0.896519206939509,-0.660297578374841,-0.56315687652728,-0.758863375597542,-0.701445316846731,-0.899271763688554,-0.838721768044393,1.23279151507853,1.18144166112228,0.514028011921376,-1.0263803121757,-1.13198666891334
"TCGA-D8-A1JJ",1.79318101009845,0.79011089092071,0.0283595382427543,0.567715743127774,1.06452429794419,0.165116716731439,0.201533130861748,-0.429841792317894,-0.336797170005272,1.52425088883415,0.335206554354027,-0.63031319481562
"TCGA-D8-A1JK",2.275828366113,0.357725732980542,1.62991298217475,0.15841615198121,1.17785798872022,0.971586924784383,0.73452405270937,-1.25850364125406,-1.00185590525795,1.18238417046176,1.1862366828877,0.679754905215016
"TCGA-D8-A1JL",0.805057105808581,1.06713210314548,1.60805432613585,0.860428505033907,1.25647886272903,2.09118656654084,1.97948670033742,-0.958416361795606,-0.552824776391554,0.415467710464923,1.72213221873372,1.52042473478656
"TCGA-D8-A1JM",1.74746627758484,-1.05144971436648,0.801172892851833,-0.420288371920398,1.00559006831299,-0.204678882146034,-0.26602454169735,-0.858677219762375,-0.517847298019742,0.402301407063718,-0.424871082519384,0.329440929185892
"TCGA-D8-A1JN",-1.348017446406,-0.982807867345133,-1.46044008573286,-0.692957509246401,0.138294859207291,-0.483651084987357,-0.344333361944867,-0.611325976465749,-0.869178666218771,0.0669139530229501,-1.51217178952382,-1.30326230614216
"TCGA-D8-A1JP",-0.105415832607828,0.747376904516109,-0.280689259811283,1.01915564471875,-0.518656425915562,-0.350632556047153,-0.503928409032043,-0.501312510618253,-0.647749605020321,-0.526202630836252,0.372440499559986,0.123439366037111
"TCGA-D8-A1JS",-0.924866826616607,-1.67146168749036,-1.58707705684234,-0.730719888016157,-0.524540265809925,-1.09761147188904,-0.768525470377527,0.929148097014476,0.812830183931961,0.532403348462086,-1.83672086737179,-1.71742382907695
"TCGA-D8-A1JT",0.121218543214887,-1.18262269809787,0.00776051618675931,-0.343727378768275,-0.135115197506579,1.27074802567229,1.55609260225301,0.854090442491872,0.882999777043003,0.549160217785238,-0.310043073827818,-0.217944480330883
"TCGA-D8-A1JU",0.933985212358852,1.49304958176869,0.626091935023702,0.658040430955564,-0.169560418784387,0.16525847291151,-0.0436393888457201,-0.247541323078751,-0.584224090083999,0.663492705498648,0.717489392068795,-0.369825008934814
"TCGA-D8-A1X5",0.307089876242738,-0.128759215094673,0.0170785707612178,-0.504499623383572,0.358333475788873,-0.204877279894603,-0.265949214988345,-0.160491079337665,-0.406087405052143,0.550794502858369,-0.492463901737851,-0.761649822066835
"TCGA-D8-A1X6",-0.864955221003484,-1.12325658131619,-0.669246422929715,0.252778730098499,-0.473073907413845,0.388683926061668,0.731724615399685,0.527523571523687,0.440103062060977,-0.168428818325276,-0.397491540578223,-0.71736389381616
"TCGA-D8-A1X7",0.0805038809054262,1.06845156025044,-0.615169485422523,0.107118927420393,0.374709231837101,-0.821312734132322,-0.808035456816725,0.891129247247635,0.968840159440015,1.03981760523776,0.459870984690306,-0.597170881540516
"TCGA-D8-A1X8",-0.0211051298909331,0.641162728031389,0.164292471679374,0.0369328615415823,0.123721255023412,-0.0906156718521909,-0.160485120735054,1.35108481010948,1.09942866389907,1.39298984754705,0.567434112981747,0.167886926404916
"TCGA-D8-A1X9",-0.356104467897925,0.63582484314446,0.000351280197448763,0.289194721027425,0.789873970808668,1.46578854658345,1.61204935254567,0.148446851834308,0.1036036462424,0.297271741915713,0.448875883250218,-0.276731378989449
"TCGA-D8-A1XA",0.342495538999237,0.32689831364156,0.136135669541606,-0.329393011790729,0.0732561776349239,0.433137347461055,0.627316673565083,0.844375509652953,0.491879716229975,0.340582313046011,-0.656430092250673,-0.60497365046719
"TCGA-D8-A1XB",0.503530768486828,1.11089136500846,-0.308834056925541,0.554447369954147,-0.311529257557679,-0.73421832843509,-0.711146945345783,0.665214881848141,0.305085886166345,0.205646043356733,-0.131828959484348,-0.105969370428594
"TCGA-D8-A1XC",0.234175260857687,-1.05690726067556,-1.27485003098536,-0.376955559703231,-0.340966148992969,-1.05051476239319,-0.787234657327624,0.523224469760821,0.28314658594132,0.305445185579401,-0.684205609703486,-1.03994729513763
"TCGA-D8-A1XD",0.580137539593156,1.02028770560038,-1.13108400812978,0.0508623797381872,0.0560142229158598,-1.60434156744063,-1.63100836522749,1.00538489914051,1.04980361301904,0.158804479722236,-0.454496340069706,-0.289897411242187
"TCGA-D8-A1XF",-1.14720159392657,-1.25449948100353,-1.48475607296861,-0.918645369002939,0.178636081059389,-0.223389710273082,0.14997061947086,0.785004777490918,1.00322019034306,-0.49041163635251,-1.13079704657339,-0.857690544774828
"TCGA-D8-A1XG",0.283871428355394,0.346455965255847,-0.711280887951015,0.208982567665379,-0.216206511863427,-0.0496404433824322,0.269432461071962,0.867019308817638,0.438256418396193,0.313473891609445,-0.135894589672295,0.0978661648904564
"TCGA-D8-A1XJ",1.52436212539467,-0.203554521847168,-0.906594822950121,-0.242779068416221,1.16278329774446,-0.490937535038729,-0.316016098626295,-0.0532611054449644,0.307210815821051,1.5896979327095,0.0280265573275781,-0.556499487462193
"TCGA-D8-A1XK",1.27402903037594,0.675725716019722,1.82063873229975,0.722875284425445,1.48326377620459,0.774668314058131,0.63971289349376,-1.22377060112846,-0.534653578892983,0.627141513994191,1.77256491024635,0.975393838243415
"TCGA-D8-A1XL",0.0110730925339892,-1.36184760845478,0.419915748599,-0.132181279691109,0.098672528849187,1.86418604317321,1.95530413400627,0.0673930238009171,0.0624931502358041,-0.49510150227151,-0.39468086754053,0.0213523745222127
"TCGA-D8-A1XM",0.199884053765014,1.14905408750889,0.0748368602940551,0.573115935245705,0.922746154760855,1.17106073006083,1.19907147788403,0.810500543451043,0.802582185420662,0.421996129913225,0.974187841340811,0.552798888196369
"TCGA-D8-A1XO",-0.154264563343206,0.895355584182502,-0.244576754910909,0.678476085293987,-0.0929748163971716,-0.155924962378311,-0.213605829897495,0.524730522130208,0.313481953942219,0.90650119532974,0.280147765244418,-0.302186413948436
"TCGA-D8-A1XQ",1.62873366535403,0.270290227259796,1.37739215324588,-0.258183908731108,0.384578511055437,0.619864029045658,0.353900830286448,-1.5015981365454,-1.33287719558871,0.298573346609958,0.720066228392966,0.200322273828845
"TCGA-D8-A1XR",-0.73307445090945,-0.144408605040618,-0.734585325071114,-0.252697617721024,-0.164710256069936,-0.963262055781861,-0.937596763079432,0.382292639426156,0.213700482184338,0.690937541528632,-0.17711137584911,-0.889817608803133
"TCGA-D8-A1XS",-0.011140040430479,0.460017721535485,-0.511394956511128,-0.373660049894728,0.392213501602117,-0.652412909901371,-0.749199925579282,0.714774882240917,0.370340726048868,1.58568054817039,-0.123181499877728,-0.803639234548223
"TCGA-D8-A1XT",1.52719140674591,1.18874878587189,0.754762647726184,0.240190000668043,1.02632822407676,1.89653366716914,2.04716052134888,-1.67811048558232,-1.6737244615091,0.586203842519198,1.04445984286664,-0.141687477245597
"TCGA-D8-A1XU",-0.46602462408576,-0.34485475627866,-0.821920334376115,-0.000250634231511902,0.15328687061298,-0.242938980730274,-0.167804005780256,0.434565273513026,0.381401518413971,0.202707052364849,-0.448623077860514,-0.327867191520667
"TCGA-D8-A1XV",-1.79732964549771,-2.21852171911708,-2.03044530165606,-1.8949637135161,-0.891186119286934,-1.78306420286375,-1.63363821803151,0.0678490096865676,-0.210724642574641,-0.693401191817712,-1.53834789872524,-1.49062503173445
"TCGA-D8-A1XW",-0.164915300352443,0.65879210681124,0.0409590424447855,0.153717319923787,0.127550816340663,0.32863050556377,0.152517477594188,-1.32437030878182,-1.42788590908275,0.382414084753571,0.971461674737531,0.191782676684631
"TCGA-D8-A1XY",0.294150238338143,0.74693195429072,-0.212712219631157,0.413191153970655,-0.408600739058826,0.83639029519528,1.09453039582819,0.708796657717321,0.279586300252396,0.858488246805814,-0.307512382156358,-0.243260549472967
"TCGA-D8-A1XZ",0.175078581118292,-0.089650562365135,-0.356328710605428,-1.17001861660919,0.128347333598981,0.254665625073596,0.313958701345623,-0.733578697947081,-0.620374600739586,-0.0758263734336194,-0.374707196071207,-0.942821984567436
"TCGA-D8-A1Y0",-0.396396781908779,0.45925004033216,0.629079274172596,-0.21900947496575,0.342011570767478,1.05098159667243,0.995307195368438,0.495840933427004,0.404637509083274,0.643668228118522,0.430433000510971,-0.0292517104837758
"TCGA-D8-A1Y1",0.443948602091209,0.409234971489704,-0.356004737334241,0.143913451587897,-0.480630138847368,-0.419580775475245,-0.492955296645599,0.757432385282918,0.609728912614716,0.359971062312511,0.152864111667367,-0.388261826985413
"TCGA-D8-A1Y2",0.781135077278873,0.276594933063502,1.0528423227969,0.0609475176270369,-0.258589814162818,0.914568485076193,0.776974125743695,-0.522675663374468,-0.359389870860961,-0.213593016750898,1.15461405125174,-0.394265766853161
"TCGA-D8-A1Y3",-1.53702173548149,-2.00403331108103,-0.428161376440219,-1.12973128467377,0.000284847403874651,0.958502273680566,1.21382755327728,-1.13193414158921,-1.06521881517326,-0.910716510753898,-1.18605701029364,-0.989662451876507
"TCGA-D8-A27E",-0.758230484030629,-0.892020922067128,-0.749979803426007,-1.18681245294954,-0.654264197627818,-0.485341772114955,-0.415954199573312,-0.0965705648627788,-0.493039282537445,0.296091050856447,-0.567640390368882,-1.07058539684849
"TCGA-D8-A27F",1.68847498036239,1.25627395218716,1.32975286827553,-0.553619585226895,0.61938060179512,-0.481187994583535,-0.688634667874581,-0.834966605269762,-0.429239101434902,0.697213012053346,1.1852700261947,0.555748487449583
"TCGA-D8-A27G",0.971730199176254,0.989352803580195,0.400021915343501,0.711327097133878,0.767748214558144,-0.003125221926447,-0.259476500946821,0.227117355955824,0.244444888049965,0.309447964658244,0.602186039020321,-0.174191447447173
"TCGA-D8-A27H",1.30952808916398,1.65742652364128,0.282921659869923,0.124404114257969,0.78573271369931,-0.0655584690404698,-0.220132222516136,-1.23067180693455,-0.93766955567181,0.254729451498309,0.873564004305286,0.811450481185122
"TCGA-D8-A27I",0.811513635803789,0.964962201533722,1.13653678937372,1.45692569461425,-0.611802451480362,-0.135128385352086,-0.415287671986462,0.211240413434521,-0.0775666213943828,0.0874105701296251,1.12426862788027,0.56858300281421
"TCGA-D8-A27K",-0.369739177048462,0.845054065416394,0.318669876841197,0.137869700896161,-0.185217926924968,-0.304851279425661,-0.465976687751278,0.162854563800853,-0.159823175989941,0.35641672568481,0.367055990975025,-0.141466033130404
"TCGA-D8-A27L",0.124707828289362,1.30410101775452,0.670398453262472,1.60884377114765,0.0894172816644256,-0.0867243875628243,-0.33071765080434,0.557986748325397,0.612263062899701,0.517103903005278,0.756321181576765,0.382190009103221
"TCGA-D8-A27M",1.69283399288139,1.04788936827638,1.38101331646608,0.10506839686111,0.909561412168829,1.53851098499988,1.3038985390849,-1.13231665341945,-0.900170296354697,0.591432654891851,1.63864464973798,1.17717185502683
"TCGA-D8-A27N",0.812243701847838,0.923627338353069,0.543274282550015,0.289288206401129,0.67535458604557,0.921253304845048,0.987137581933361,-0.398460151316059,-0.152347878919571,0.648531512004738,0.828447990199583,-0.201874462883804
"TCGA-D8-A27P",0.298433813288627,0.600815447562052,-0.517515528523177,0.890430531775204,0.343257583286507,-1.15017033388506,-1.14161252228426,0.563159290864629,0.215598944040587,1.52516102124355,-0.0248954965170858,-0.213335135688589
"TCGA-D8-A27R",-0.270338233912428,-0.179469439195567,-0.468206133501948,0.407551116259631,0.455817901118845,0.0613232330142908,-0.0169485787148346,0.470502236032088,0.608783295625661,-0.513690265609678,-0.293417099297684,0.384785357965074
"TCGA-D8-A27T",0.645513491526547,1.05550695984842,0.939576995732895,0.0732939211188037,-0.442063298675779,1.32537370596222,1.44290402763674,0.791718020610747,0.320741583931767,0.173352445681167,0.539322615550749,-0.142979902691779
"TCGA-D8-A27V",0.00411868301864847,1.05508355372438,-0.372948868562359,0.638606605360608,-0.0841904302337793,-0.056295244371725,-0.0383163866727567,1.20564397227756,0.985341092064081,1.12867019462365,0.122611576198715,0.809108770399028
"TCGA-D8-A27W",0.0438024121596326,-0.245651819347037,-1.03115787641664,-0.196858721921948,0.417799049771531,-0.0823572794091301,0.0247879026442728,0.921313113017064,1.02921049217798,0.252150757055585,-0.130856562853211,-0.359019612898743
"TCGA-D8-A3Z5",-0.0454578878090167,-0.313520236936402,0.308655501820223,0.627528308978244,-1.19744535806193,-0.981317858793404,-0.98142089538814,1.00304783137133,0.456176355568863,-0.44614982884649,-0.687494230337052,0.550566770267191
"TCGA-D8-A3Z6",-0.0980269988942198,-0.339782190117228,-0.587708190240539,0.640720234137801,-0.496607277370101,-0.35508089399449,-0.0642389631430285,0.791656474660973,0.584389018434471,-0.149644820016013,-0.479693405419229,0.260126696762012
"TCGA-D8-A4Z1",0.302064934790213,0.89767660898654,0.432000919178556,1.35816127268143,-0.683069529813353,-0.554336324773934,-0.644777871639494,0.648574153408036,0.525341308586251,0.559181833913603,0.208266517824896,0.747080571579293
"TCGA-D8-A73U",-0.590725497215175,-0.259003648147722,1.02215753378483,0.0975285492777258,-0.604727096941882,1.12183776550353,0.913062079161561,0.168919192128275,-0.216698466689455,-0.697289299416451,0.544116872596748,0.135872240392847
"TCGA-D8-A73W",0.541931404524736,0.569360478480928,0.794845621315725,0.241619542125301,-0.502979391140762,1.46677474281793,1.64784780366337,-0.400219809844791,-0.495489675129616,0.0803296802191571,0.8116611521535,-0.105867895179223
"TCGA-D8-A73X",-0.557560520839591,-0.221155639143078,-0.501241586695843,0.283911215293276,-0.998908753464619,-0.747436227720062,-0.662855981820275,0.830925259748313,0.592404099928455,-0.103223308757649,-0.518245570377238,-0.354298262710864
"TCGA-E2-A105",-0.859900119322409,-0.0434175080007666,-1.3038328700827,-0.334623091666539,-0.652926933642431,-0.944802182367974,-0.833773806011658,0.529756490167585,0.684017810512521,-1.24784932613166,-0.758701428989711,-0.482326398513204
"TCGA-E2-A106",0.115181458770366,0.423256949735129,-0.840214263335308,0.162884597029855,0.156089093513986,-1.16199658611882,-0.963583969669253,1.59821040896381,1.53984091775165,0.416752901971612,-1.06718941425229,-0.611743201836344
"TCGA-E2-A107",-1.13422516895245,-1.07782805426052,-1.2142578823154,0.167658068063714,0.394209193671254,-0.94192886731375,-0.764169096677132,0.0526105326835857,0.182035226984326,-0.398860211428453,-1.30828188763604,-0.069898690385458
"TCGA-E2-A108",0.93656630695405,1.28802043149356,1.94463169703537,1.1042255602323,0.394016460801647,1.11225852354051,0.79307300781805,-0.12803587640699,-0.0678783326915615,0.218798533723848,1.46356909664992,0.984059228888625
"TCGA-E2-A109",-0.198481646273829,0.381106536541362,-0.768785280016658,-0.369224272373066,0.432870512728907,0.51260498167623,0.836961058492075,0.178730216977291,0.210897985892054,0.255935456129071,-0.333714813799645,-0.216205142796161
"TCGA-E2-A10A",-0.0461213757136298,1.28692220322587,0.240288379872609,0.482394276308598,0.425986228296613,0.577659209881758,0.970259191311344,0.82296193854397,0.56817684158517,0.848919197882988,0.414689791348629,-0.774470719884106
"TCGA-E2-A10B",-0.242567963423664,0.287018070415534,-0.641909144909154,0.279245482067331,0.21979783444572,0.803884282428121,1.07264649803066,0.569203323437443,0.706821504612439,0.664145537770821,-0.455594584051916,-0.00548508887104456
"TCGA-E2-A10C",-1.5285711399975,-1.49963428445032,-0.837295313039056,-0.816338215678234,-0.565280458989594,0.0733916395875109,0.175781370574709,-0.395186673585663,-0.29650291071879,-0.96380858363773,-1.02085655584356,-0.905615959400065
"TCGA-E2-A10E",0.22054102990409,0.706898842127281,0.47002036388594,0.292005768231577,0.339417789407329,0.599871375248078,0.825120932803173,0.592656541655874,0.32143439890843,0.828043711299401,0.189920661279043,0.359252819190813
"TCGA-E2-A10F",0.443767866213035,0.937776032877303,0.94041813110821,0.738341582702962,0.132669572252798,1.01974171191326,1.0124020047682,1.34342230747841,1.198096509851,-0.202628570769641,0.979455414972917,0.0314110588918383
"TCGA-E2-A14N",0.0400001333828901,-1.45790797820755,0.800028000351689,-1.51308101573277,0.619495919942414,1.00837808382222,1.09262169081375,-1.42374346817962,-1.25661794119236,-0.619269982659137,-0.116875985176472,0.00221901881406666
"TCGA-E2-A14O",-0.0359556067407545,-1.61260944440443,-0.895417933580659,-0.269722127334459,-0.394710218613997,-0.83623825851191,-0.61839302452254,0.815027097459791,0.864555661930235,-0.638539035580479,-1.80115501526022,-1.25113372373564
"TCGA-E2-A14P",0.0623117156528349,-0.0240981331380866,0.307305137432438,0.211365349655729,0.899305006153675,-0.381114646185247,-0.791706089933152,-1.31731929036335,-0.587660844090883,0.176190928425369,0.154996506310513,0.490994231184801
"TCGA-E2-A14Q",-0.18472194146637,0.0117838644614517,0.0561076400567879,0.789358081101267,0.235054252051385,-0.242167401315152,-0.0600258041081321,1.22997775130963,1.43022685178392,0.73510790103883,-0.343264683366388,0.72575920175505
"TCGA-E2-A14R",-0.222843917616909,-1.65539369761745,-0.0570436937220101,-0.965527288405038,-0.465012652663061,0.577988760564717,0.588195406634576,-1.80406089011599,-1.35750780897489,-1.35053210291241,-0.29910471897741,0.46790482063294
"TCGA-E2-A14S",-1.12995994986963,-0.81003268666072,-0.821910198427681,-1.05163436364595,-0.635682696767752,-0.761065617824162,-0.79674822814746,0.272240289452939,0.199338037414908,-0.43736000785426,-0.5803420918437,-0.735638644812738
"TCGA-E2-A14T",-0.243337144097956,-0.363792098232974,-1.12425190557171,-0.503539402566557,-0.066501085938091,-1.19137046589839,-1.27332928238882,0.458384494784411,0.067672733041802,-0.173620436042895,-0.561243250030657,-1.17766762495999
"TCGA-E2-A14U",0.40680752321614,-0.320949466399465,0.411607642291227,1.53381242290102,-1.03852326842873,-1.3187955499869,-1.34426745126709,1.32240295590009,1.16432171982643,0.493948951321809,-0.304724217380207,1.03686197104586
"TCGA-E2-A14V",0.741974405927156,0.214123589671727,-0.425782416322461,0.860611975585964,0.774713121449222,-1.02874414710547,-0.958558999847385,0.711759985081482,0.85170992323656,0.74970753818417,-0.750713490625837,-0.756639731284384
"TCGA-E2-A14W",0.0799503884960972,-1.13407462196834,-1.2826470077521,-0.204819176612365,0.138973317119299,-1.53370029801075,-1.46305479789604,0.485934464383162,0.538267966797399,0.27754522964859,-1.51501046664138,-0.94104033649604
"TCGA-E2-A14X",-0.837109055027157,-0.616783827245174,-0.212428737070139,-0.852037244561543,-0.50301127012693,-0.663904269925041,-0.933206628749224,-1.32709346552274,-1.23201517013536,-0.646769454473203,0.121316216734562,1.03643710103519
"TCGA-E2-A14Y",1.6173814995378,0.0878167585026068,0.759017715822553,0.921259405064546,1.58937668265019,0.582447168725961,0.702573869062913,-0.58534969255845,0.0453068659651198,0.807651373688543,0.584607736872694,1.21876498665924
"TCGA-E2-A14Z",-0.328728608868595,-0.321718402738069,0.63893566671236,0.179868443138568,-0.50234221737557,0.820242474147571,0.740237036483372,-0.0399817730614878,0.0970726849088946,-0.925723740231209,0.238994710440956,0.107186559419689
"TCGA-E2-A150",1.2220538851483,0.438435560047951,0.952099856615894,-0.326268689724626,1.33642059116349,0.856603895508386,0.732086604010139,-1.19890821605215,-0.917883994592632,0.467979895410933,1.22135574399461,0.396484504104776
"TCGA-E2-A152",1.47767698952747,1.0732621325932,-0.365726817633837,0.615186989634535,0.795442821170777,-0.377719045628615,-0.472132966942005,-0.956255713977311,-0.598755674291471,0.838727532750245,0.816461654079302,0.310552151648904
"TCGA-E2-A153",2.10857250382965,1.29930673372631,0.722579593323939,1.3073570657778,-0.526011335151351,-0.00705312554427801,-0.151435916606705,1.42841727023637,1.1996371644627,0.147701814281211,0.909993455793792,0.326827085650701
"TCGA-E2-A154",0.161456405866142,-0.0137906786870609,-0.850355808530297,-0.570144856834902,-0.646723888938762,-0.862129297233024,-0.744435110325496,1.53799488202674,1.26380135815759,0.0169809257982427,-0.810476965437417,-0.688194679928938
"TCGA-E2-A155",-0.261751199273687,0.0712921447427219,-0.994182238324243,-1.09176393673094,0.52452834818754,-1.3295865875372,-1.2490066094712,0.406147865231087,0.341705282763105,0.555428964120902,-1.29464790511093,-1.20845796516932
"TCGA-E2-A156",-0.13220545436498,-0.0494457128993157,-0.634088750298263,-0.383469385235998,-0.275796352822483,-0.885063552417998,-0.743598895894959,1.66929206292405,1.37200800150979,1.00972478538861,-0.785410580000487,-1.03027154233543
"TCGA-E2-A158",-0.878010024612161,-0.956137688607631,-1.21718661141002,-1.23579369502812,-0.620027073212458,-1.45707846810106,-1.48891445167269,-1.57456546204792,-1.50237609570674,-1.3876908186709,-0.940759449086642,0.229572318122346
"TCGA-E2-A159",0.736536964041625,-0.522278561989043,0.377766191521466,0.599153052559178,1.04551778219396,0.481079124772201,0.192356803841436,-1.38796438739295,-0.938056292825969,-0.0777343750311262,0.924856234292575,1.33742590635498
"TCGA-E2-A15A",-0.592297607425431,0.204340198734622,-0.498678664986854,0.174052439451645,0.651991151831028,0.676481963585774,0.705332911584114,0.987645829115225,1.05252993908119,0.562251017984507,-0.291218085089966,-0.425930371360328
"TCGA-E2-A15C",0.351630378880162,0.906076968590985,0.231287071270441,0.569970591630834,-0.425634141537417,-0.556000124399329,-0.616795996872742,1.31575742615598,0.891691081238033,-0.27237375017092,-0.410450640121775,-0.307268455622114
"TCGA-E2-A15D",-0.336670130287354,0.844709423739577,-0.0971183781588061,0.278865927973962,-0.862255630632598,-0.649907940070484,-0.653979878271273,-0.166107043566093,-0.276681424328583,-0.226582398966656,-0.336240337848696,-1.03521149355604
"TCGA-E2-A15E",0.559972576255771,0.0079150028418454,-0.287750207569383,0.385752556656274,-0.447791180662045,-0.997183495101158,-0.943997937977759,0.961741198199708,0.813753258690453,1.46220680540227,-0.46782815774042,0.29824012962607
"TCGA-E2-A15F",0.146693949821784,0.353802563635519,0.349395895863299,-0.0238654335415892,0.307790034551551,0.616849758519919,0.957333529317692,1.38977039495152,1.45438059444978,0.412690375600347,0.20296237951762,0.202458386256352
"TCGA-E2-A15G",-0.615887509874238,-0.0266518079992755,-0.976367719087428,-0.301952498905926,-0.748325457973189,-0.871011970027684,-0.74027083750946,1.535477813006,1.08637091289055,0.317980193636456,-1.15471505918715,-0.990368513889379
"TCGA-E2-A15H",-0.48289971738307,0.0266188042152726,-0.516959090616234,-0.20185651797174,0.172517922063213,-0.764245878785827,-0.646113592506646,0.976613243411385,0.803277404751804,0.352568283130627,-0.735377930724269,-0.571610190339427
"TCGA-E2-A15I",-0.38097726971579,0.361003394815069,0.238007339151595,0.305226205040869,-0.0986325413099311,-0.301423148330787,-0.398968224371442,-0.410733871011669,-0.630982183159858,0.91041460871033,-0.0589457655156849,-0.685257605871023
"TCGA-E2-A15J",-0.443471858840056,-0.931890716644642,0.31796987363412,-0.498431568481653,-0.399920644721949,-0.882206210562813,-0.712852024276164,0.760606837831378,0.240521251763649,-0.230872684622588,-0.622867287078275,-0.769342321736736
"TCGA-E2-A15K",-0.435106498989432,0.237894799371314,-0.0327291297290652,0.340858902168018,0.5239798076549,0.30651306986938,0.314266450923062,0.230709544689424,0.326919273531724,0.0770209134786466,-0.106066005995417,-0.0810540706908297
"TCGA-E2-A15L",0.637332094960504,1.1478734728761,-0.250984087112218,0.0862070930178683,-0.0263753433965857,-1.21283311008206,-1.18472972225662,0.378853452332513,0.0480539810717953,1.50815139735226,0.150007182153772,-0.48566358792236
"TCGA-E2-A15M",0.354974350663828,0.705187759481696,0.959952076287646,-0.25724989905271,0.425394138472361,1.26577372357187,1.09997063053227,-0.00446264290923263,0.147561826096338,0.71809357029711,1.25973955804003,0.105888016578577
"TCGA-E2-A15O",-0.826651019956064,-0.279914582147532,-0.512032840539583,0.126451826736334,-0.060615478901128,-0.462219994695578,-0.230374383237381,0.957950004824246,1.25747654481799,-0.684723984075032,-0.763760147085894,-0.152373533718061
"TCGA-E2-A15P",-0.711686389166066,0.024154423352229,-0.950180077911581,-0.589147497923012,-0.632091670063194,-0.0765603170874739,0.310051686416863,0.0413860318893444,-0.378409438184384,0.2743896116517,-0.887913408227374,-0.453349608543597
"TCGA-E2-A15R",-0.645398738198014,-0.124536448695623,-1.33156152375468,-0.940807163876015,-0.0453989800422841,-1.36589905525392,-1.2571047739788,-0.0476332904835635,-0.18391831424579,0.408867780882904,-1.23375886610016,-0.511473540613874
"TCGA-E2-A15S",-0.926923256781486,-0.373895176689349,-1.77731372290608,-0.743191290475464,-0.113081409555301,-1.49775242585956,-1.33249588706803,-0.413589012597092,-0.187615106641686,-0.458405973993903,-1.18185238950506,-0.862719148697035
"TCGA-E2-A15T",0.398341016952892,-0.105485629186793,-0.843580296941836,-0.479011670759847,0.40770505988191,-1.42404612378525,-1.47222227726817,1.17546447743084,0.935170911182339,0.40894517660665,-0.600911777565483,-0.304407853425732
"TCGA-E2-A1AZ",0.224756093246458,0.34076703376306,0.706679830590015,0.0996587378729261,0.721148391822864,1.26650377578082,1.14407511408451,-1.30078921670983,-0.918052140182516,-0.229394574920421,1.1798915053588,0.388372666472128
"TCGA-E2-A1B0",1.31925656881027,1.22729333001053,0.929484848516768,-0.0800545339543934,1.00455407175718,-0.169389449594178,-0.575915179891362,-0.9448214161444,-0.88131655205164,1.29435462995982,1.16833292879814,0.29966766883069
"TCGA-E2-A1B1",0.538420631941197,1.10010601090638,1.44897355271092,0.795890954646739,0.35272590335587,1.76211289573786,1.71041005190101,0.168269519779162,0.381349258899397,1.19155622594877,1.52417693729885,1.12602725625234
"TCGA-E2-A1B4",-0.961590405343099,-0.745030038234429,-1.08988360993504,0.123842200661159,-1.13024736516161,-1.25929789565709,-1.05077835416091,0.365387946476931,0.0307719973975166,-0.538028858455697,-1.3208059095308,-0.863387697650669
"TCGA-E2-A1B5",-0.635696079440707,-0.866333480522366,0.858412648683123,0.168925586972282,-0.271157766537133,0.654464103130063,0.43280382910601,-0.821487109414919,-0.810885767967841,-0.534766589507986,0.574571099344052,0.249692053369048
"TCGA-E2-A1B6",-1.06560390016107,-1.30139886534989,0.439597928015319,-0.619301343739792,-0.257215226407729,1.71367427782743,1.74998665348972,-1.60585541824619,-1.1055438244928,-1.15880012263747,-0.0710480369101407,0.829470614163909
"TCGA-E2-A1BC",0.918439500198727,1.22025586456053,0.282589406294587,0.60874116629307,0.149088363086717,-0.649384459180145,-0.689358890392342,0.0290460825715552,-0.242780971391624,1.28659892012047,0.0718511570747065,-0.557576048274492
"TCGA-E2-A1BD",-0.94456717754588,-0.774035282701209,-1.02880274455858,-0.344891128756582,-1.24986020802503,-0.470689055237467,-0.136947004056308,0.669615078702711,0.557783388534567,-0.800828394035278,-1.08578644674301,-0.0451737544587964
"TCGA-E2-A1IE",-0.729377814425776,-0.212269051173731,-1.12697752499591,-0.785783581524485,-0.201274224350712,-1.35607727120349,-1.25023896321414,0.970104609797022,0.857576484528183,0.121011794682779,-1.10932214667685,-0.583927368724501
"TCGA-E2-A1IF",0.200969003360521,-0.0762575896995441,0.4547215252868,1.1702210407447,-0.763695389898952,-1.06057590273457,-1.12471900509143,0.0904739554557429,0.309134400337351,-1.14529813528751,0.323688752731093,0.689297724099252
"TCGA-E2-A1IG",0.266646022583411,1.46102379978669,0.184994073209161,0.583084022676414,0.0861430082209083,-0.0695839693439867,0.13335434675912,1.14196611655441,1.14872707947789,-0.263678542678219,0.299423707707425,0.188244619399491
"TCGA-E2-A1IH",0.105154722343898,0.551483552213248,1.26510486947321,-0.10102689473527,0.0438958358403322,0.147032847420202,-0.414797409830772,0.0583149753031398,0.0497625240486241,-0.140043075595724,1.29501880340839,0.152175200382203
"TCGA-E2-A1II",-0.780842653899318,-0.679906433071878,0.902577627074151,-0.593493246163908,1.07409160215748,1.5411408218172,1.33458438060963,-1.56868450578143,-1.49510210705447,-0.923538089368299,0.442371690605865,-0.435496998899882
"TCGA-E2-A1IJ",0.165126478638093,1.0364017250917,0.89805565196109,1.01882942282592,-0.529092153046983,0.240786190382905,-0.0782282383440992,0.487924755739829,0.501116004142967,-0.109812683817107,0.896040919893876,0.615503921372685
"TCGA-E2-A1IK",-0.328213395814366,-1.16413093323353,0.125634901957233,0.276539255402645,-0.267359150595412,0.750618215953473,0.866883416658123,0.461241055266385,0.650028038019817,0.439913092333495,0.243667351468202,0.413166853118073
"TCGA-E2-A1IL",-0.0421227251910268,0.956872115660257,-0.489604562295389,0.134461644184112,-0.506821402679334,0.123524516092195,0.338030617912626,0.469463261697914,-0.0130895155563754,0.818367640673527,-0.643485852492987,-0.212165405433709
"TCGA-E2-A1IN",-0.483694823161552,0.773689996272763,-0.859806776533128,-0.38243181994778,-0.772873595346899,-0.962775591204347,-0.967188845501569,0.125871924536699,-0.121298121331506,0.139960341828747,-0.338807923931185,-0.770683339831749
"TCGA-E2-A1IO",0.548686053279684,1.40985141746725,0.581036320686492,0.158140700946849,0.0584008510540209,-0.110162149628775,-0.308131570873505,0.935463111004267,0.421543985373482,0.414483806761864,0.754800710508795,0.893876195583719
"TCGA-E2-A1IU",-0.27290647667913,-0.12590118138414,-0.480144749667936,0.22235132622429,0.163827485094385,-0.302487557576199,-0.129637174078424,1.10058637342353,0.817360846563744,1.33235889376029,-0.334477224486944,0.135416653161042
"TCGA-E2-A1L6",0.194124774860898,0.475456773363293,0.250415881036854,1.09501819359571,-0.239858962462549,-0.46161459616048,-0.465082337349662,1.54688026019004,1.62673732806174,0.940709218377803,0.813398714646339,0.699039989950382
"TCGA-E2-A1L7",0.0248189506939632,-0.0640461009747932,0.176286021751698,0.283017379865659,0.489121613139883,0.729145280345335,0.628726653149141,0.617977919133724,0.993557913496355,-0.223972503078615,0.24626065842483,0.551481171075793
"TCGA-E2-A1L8",-0.695714772416442,-0.481993853106323,-0.181428481476818,-0.893825793866587,-0.767674281618999,-0.145756203761795,-0.166589477733627,-0.282266692411045,-0.706009481976139,-0.243770153938044,-0.315464006098257,-0.641295962978542
"TCGA-E2-A1L9",0.0523133008245218,1.28239047643546,0.775128153514526,0.341542834256582,-0.137044585545253,0.851697094226398,0.937852844152252,0.0687948878525932,0.252370421464892,0.0160767962715309,0.8862124366694,-0.263672691413888
"TCGA-E2-A1LA",-0.611843314964198,-0.480541150243258,0.760394668385453,-0.26499053144833,-0.864233396383132,0.00934535599460506,-0.338913627813463,0.523647379316838,0.523824404823126,-0.84463551291363,0.089220485836332,0.346410355478504
"TCGA-E2-A1LB",-0.367503964204134,0.0548283164758589,-0.862774758416328,0.327951769981976,0.801812144068225,-1.05170922097813,-1.07465744402838,-0.893307410360893,-0.800558366313628,2.15528701075335,-0.584876934378947,-0.712357506186721
"TCGA-E2-A1LE",-0.276805553124573,0.51937173986308,0.39382877672957,0.516928327069726,0.455745382398237,0.0459713991409192,-0.18881978949569,-1.28580786876271,-0.967252341481494,-0.850064792540577,0.830616070192548,0.508611781004649
"TCGA-E2-A1LG",-0.303667340617193,-0.588698782938405,-0.202905617459968,-0.208518785379989,0.49603274830342,0.0991995160311567,0.0780365281300495,-1.05124122955867,-0.83415173889936,0.183553486614568,-1.0351279579412,0.3131399432753
"TCGA-E2-A1LH",-1.10119123733966,-1.73349294285483,0.18855833450159,-1.58517554813923,-0.80996761895141,0.362554551844574,0.294766398093437,-1.92284061231966,-1.6311241892798,-2.30714049576178,0.091176022057261,0.70011649250149
"TCGA-E2-A1LI",-1.13785394697858,-0.85723996927328,0.680606269233354,-1.0745711130062,-0.351758812146593,0.771855421583459,0.782665501784283,-1.80932307932752,-1.49275251290289,-1.26641584678009,0.00630670076835649,0.678931243649198
"TCGA-E2-A1LK",0.434156795353863,-0.702699624196707,0.383961206310164,-0.725252659784797,-0.249221311129904,-0.165007233315651,0.0239057388451511,-1.80546932265229,-1.63061334135193,-1.64956324600501,-0.247652198287815,0.865862486113463
"TCGA-E2-A1LL",1.77533721143867,1.06694849388056,0.639214367617109,1.52880968413467,1.76297691173869,-0.517980799910911,-0.555215871683246,-0.902099823732573,-0.377793900642747,0.648816451303562,1.37391718439869,1.5428000890308
"TCGA-E2-A1LS",-2.66630138287972,-1.96666413620925,-1.49356482426915,-3.30519946185327,-1.17845017209521,-2.35930636732723,-2.37089503437001,-2.0211105679458,-2.17957445114043,-1.89749942209129,-1.14906746106102,-0.224743498664655
"TCGA-E2-A2P5",-0.828409529758961,-0.486936384545685,-0.762415656993657,-0.252984661764036,-0.127279042464707,-0.811045881853547,-0.723534859559489,0.159323132435834,-0.0177196679641861,-0.138955905269229,-1.09888816210159,-0.430697314305711
"TCGA-E2-A2P6",-1.16029422159413,-0.940179311252652,-0.591641496493619,-0.317677834759801,-1.17243540684789,-0.810835847700302,-0.717093750641,0.465847799615552,0.383659197687454,-0.849493283223359,-1.01038658567563,-0.253044916799997
"TCGA-E2-A3DX",0.806993759069582,0.690176372215138,1.04069101364505,0.641787296798638,-0.326992279046289,0.132103287988352,-0.384454130136131,1.26144158053295,0.955065551166879,0.731678354197878,1.08236200898205,0.83684114133684
"TCGA-E2-A56Z",-1.10000720103545,-0.791130016794049,-1.00801415225959,-0.901336591150719,-1.28230386520384,-0.165672943422209,0.259824775845353,0.0150169934803556,0.219006275616947,-1.09424177498381,-1.19873132146061,-0.790971099615294
"TCGA-E2-A570",-0.264367755126273,0.0684455081301428,-0.0599336148130918,0.443619062915165,-0.890425690397465,-0.95224567904878,-0.992685103040326,0.685329444196089,0.858728742856183,-0.7856449876503,-0.425520574539632,-0.485536317777756
"TCGA-E2-A572",-1.40638127291473,-2.08640541239178,-1.80973005155288,-1.07783172548145,-1.92303648833424,-0.00514315172844329,0.639164889535844,-0.315014787618158,-0.479645818727827,-1.53724579298788,-1.9571953299933,-0.980064616656479
"TCGA-E2-A573",0.541957826826987,-0.577353829325104,1.44005057503206,-0.0715507999970952,0.586350616760289,1.67900964999699,1.672674834574,-1.62094327598804,-1.14607259518152,-0.842018903337225,0.382016104634635,0.819960233032125
"TCGA-E2-A574",-0.226574446704207,-1.74871561958731,-0.987004252871945,-0.969084292740328,-0.829436125728348,-1.43107639022349,-1.22993750403499,-1.75542650244764,-1.48470110987307,-1.84196665270878,-1.40192978456149,-0.305910347536465
"TCGA-E2-A576",-1.59675070290644,-1.40169260183741,-1.42849679010897,-1.15021983098628,-1.39023389580958,-0.924255472440889,-0.656978128642352,-0.16209154703333,-0.160846529622911,-1.9221635491084,-1.89769976001059,-1.06008351711122
"TCGA-E2-A9RU",1.05315533279783,-1.3888059993959,-0.255092919062107,-0.372105179257353,-0.203993984465185,0.170722688945261,0.468604412350352,-0.385690554494628,-0.107444186880494,-1.03618584779031,-0.676499870761234,-0.342078679573803
"TCGA-E9-A1N3",-1.05405084048549,-1.4668953299439,-1.33135438139043,-0.82778111448583,-0.630027045480282,-0.556907791174096,-0.271032190235418,0.374789179384153,0.144856017542315,0.205309791053948,-1.20337025366499,-1.31242189750668
"TCGA-E9-A1N4",0.323803558927797,0.26043281877468,0.69859534792628,-0.0877808057076141,0.563214888241128,0.222915411809791,0.00754653206717471,0.318729037992489,0.335114950957887,1.32395825946347,1.1506161316615,-1.07483702119238
"TCGA-E9-A1N5",0.242169782623655,0.833334566047561,0.74489904991692,-0.187636310324767,0.207059359017687,0.454532461384951,0.415346568122818,1.21718672645686,1.40417378230627,0.552252545752027,0.494260687384382,0.0326487302985197
"TCGA-E9-A1N6",1.00039380766053,1.07188617619141,0.496601547888561,0.846388816529014,1.29770144103839,0.144891908926736,0.247502957172453,0.747904108604571,0.962589134749915,1.30319488966313,0.342900026074193,-0.58002704321132
"TCGA-E9-A1N8",0.67005172264152,0.519266854370717,-0.132889042576038,-0.167608201141154,0.694618617401083,-0.702011734227342,-0.678767337473597,-1.00511766397493,-1.07337041801546,-0.776712484089052,0.00821238419085844,0.720801738018073
"TCGA-E9-A1N9",-0.313282091406043,0.176293125887549,-0.531557115938234,-0.62719580641698,0.680078159042991,-0.652305823353071,-0.748520009263779,-0.370092009974601,-0.441316047613107,0.152645605817408,0.0375115544054772,0.390950742120777
"TCGA-E9-A1NA",0.394695016553771,0.861422735327743,0.568590681500852,1.80469434901466,0.413692558875602,0.718622097400739,0.765016934435166,0.542937739945115,0.596789086426653,-0.0507976004878649,0.376913958960946,-0.0739862163531384
"TCGA-E9-A1NC",0.69019464464721,0.0613075161825321,0.836106132861926,-0.295845753666169,-0.560504565789411,0.897171812582872,0.889202509588289,-1.40507622135343,-0.959291794491591,-1.26416768488957,0.707514541693311,1.62113846448169
"TCGA-E9-A1ND",0.833404729040311,-0.790523844905316,1.59530324865576,0.468177782631841,0.965464406660492,1.97194532974562,1.88262425492304,-1.39517808470952,-0.9300076042935,-0.377460430110379,0.954265586827398,0.969627087031753
"TCGA-E9-A1NE",-0.0516741418692887,0.754395320454545,1.69720920890675,0.761497412003199,0.809315944590628,1.50771524793154,1.30831635497454,0.875655159505097,0.853885747978946,0.486303568626928,1.37440342402646,1.29503857869911
"TCGA-E9-A1NF",1.11086212457684,0.794254579798166,0.0884708231259615,0.211554547192447,-0.148281414345446,0.360525538224156,0.355007770159185,-0.177327677718055,-0.275515355020034,-0.0636123592747733,0.695543731513577,0.0905508467171139
"TCGA-E9-A1NG",2.07995252256007,1.87894469310883,1.22270026734526,1.6904705670473,0.597030874604451,0.403131438291301,0.172544346712417,-0.0579612983481174,-0.147654758144449,0.594948450928023,1.7862062674141,0.558142076399044
"TCGA-E9-A1NH",0.435290281263378,1.11042532845881,-0.0897571846131383,0.409782254186846,-0.383788176488876,-0.506071178707161,-0.629305689223818,0.261731464137087,0.101058597166865,0.295663482212135,0.749624527230692,-0.0273531343201244
"TCGA-E9-A1NI",0.656080695463404,-0.351286507191593,-0.147173415943502,0.440347833676023,-0.474331468453187,0.521022131913709,0.92098021768037,0.895149429028744,1.05910293982665,-0.0667043286448454,-0.633872209479999,-0.125642608944315
"TCGA-E9-A1QZ",0.486437933261297,0.167704628787334,1.05254692764399,0.674312158312616,0.171768201860035,1.30740911942806,1.22979168708793,0.67985048779513,0.843888445521452,1.01646571580256,0.83477587550552,0.683488896832663
"TCGA-E9-A1R0",0.345011863708261,0.623906694364624,-0.433295156049696,0.608862330311643,-0.390301807399559,-0.74757916347854,-0.800882487857174,1.56879000386676,1.64422049850886,0.187988905997017,0.0765626029292858,0.15620711674674
"TCGA-E9-A1R2",-0.408413810070029,0.384468853028544,-0.644291994236537,0.254746277841671,-0.58327645199654,0.407059856351572,0.684446962766461,0.564881380417442,0.46270863830456,-0.635679652046791,-0.398181032393349,0.579533751567249
"TCGA-E9-A1R3",0.872321872986828,1.12443169102086,1.22740053850526,3.05586235310694,0.129777722357338,-0.322818402283472,-0.590457595754213,0.376082718618394,-0.00363291514177235,0.710460715687186,1.31845866347863,0.149183103037906
"TCGA-E9-A1R4",-0.67067958810947,0.0322971230661126,-0.0743832431399132,0.118142335313988,-0.00487565635031401,1.35352345162483,1.38325726959367,0.00121553589558413,-0.324821542451044,-0.547280778998668,-0.112798272646993,0.0340105142962617
"TCGA-E9-A1R5",-0.57803159342003,-0.0599161314152385,-1.19591047340429,-0.750546014303883,-0.624529605183156,-0.720212508179875,-0.598704531440126,-0.125665447162965,-0.751098810865097,0.0395522675652283,-0.98473306936677,-1.2730351292518
"TCGA-E9-A1R6",0.132696375666541,0.0513118008897901,-0.970262413394744,0.340423055474192,-0.165674334489475,-0.527838105279496,-0.270610933898431,1.17244020754431,0.922952775344912,-0.0365642773047921,-1.07672675465383,-0.722649289010836
"TCGA-E9-A1R7",-1.67809455369004,-0.183293800819145,-1.65383980959311,-1.22935343896471,0.505266119948488,-1.3493157046666,-1.26474269288185,0.0270954349039056,-0.416414321723103,0.214714940856007,-1.50668309362547,-1.26878391076321
"TCGA-E9-A1RA",-0.673590489611639,-0.246763581823517,-0.355358961234812,0.0796959743657062,-0.457562289767916,-0.691776100945144,-0.694413147916463,0.292228194056652,0.0157053990160764,-0.210430956953634,-0.199030833215641,-0.69715215549409
"TCGA-E9-A1RB",0.374596996386077,-0.278948855940743,0.258902174163085,-0.564890730024929,0.611420181735689,-0.497357144305171,-0.488301333447643,0.861684043135408,0.951790759657378,0.233594950503644,-0.382571324728994,-0.942536501125476
"TCGA-E9-A1RC",1.62981882197068,0.204535208905465,-0.854531265464614,0.484851596164566,-0.207013003313351,-0.94717605609788,-0.917965580802093,0.757409724515316,0.396364825281693,0.368573205631923,-0.926314372784582,-0.986110593399326
"TCGA-E9-A1RD",-0.781173290493064,-0.0736402525502497,-0.868245264118837,-0.596863703013936,-0.749315667638785,0.632634806623241,1.09431511976256,0.806127240557329,0.443722547152061,0.244156262880142,-0.808234394452453,-0.773577093316652
"TCGA-E9-A1RE",-0.725194830132628,-0.501910575369455,-1.48795329825253,-1.20168914617489,-0.00209476846355665,-1.35512002492438,-1.31454719394197,1.33647063185417,1.2047809849329,-0.105284091342775,-0.973306221213642,-1.39396018984749
"TCGA-E9-A1RF",-0.0470509121148155,-0.204261492770332,-0.246863718298925,-0.794297287630433,-0.100408133054284,0.502179378613197,0.4673847721932,-0.998676196926505,-1.06443759128336,-0.839350618045007,0.0537658737550191,-0.468872992001282
"TCGA-E9-A1RG",-0.146572854364763,-0.587406109904883,-0.703114579342068,-0.665615758953797,-0.434614501123411,-0.65522653260065,-0.665293294129716,0.518831876324244,0.579466623961365,-0.896678656706554,-1.22800401376822,-0.315875985758844
"TCGA-E9-A1RH",2.4182407234799,0.648560364614684,0.157796462050171,0.138796458664365,1.22069870259454,-0.432619108090022,-0.603057168371218,-0.951157781439144,-0.725209843014176,1.27523383661094,-0.158161218167181,-0.223061619736089
"TCGA-E9-A1RI",-0.137535984780552,1.01263576032748,-0.276896165537735,-0.232593038929585,-0.378597043866569,0.0692157085021621,0.270079580899913,0.629072923364879,0.254071439556461,1.16022768571089,0.210104900236132,-0.389461105219377
"TCGA-E9-A226",0.527510260500499,1.36483259983801,-0.0072424769403072,-0.481275307927365,0.882513344090042,0.515845820413869,0.681920540474099,0.571859525076145,0.433851857953888,1.63373076519123,0.4152667550211,0.373646009887426
"TCGA-E9-A227",-0.532776645211791,-0.639173255764916,-0.390497309704435,-0.198240487511165,-0.111354471685083,-0.334187577414599,-0.608585065282727,0.738781966695902,0.844880680025526,0.716073531916465,0.15041769971117,-0.487335903340501
"TCGA-E9-A228",-0.645008055282138,-0.494512584335667,-1.62548352591975,-0.389323758976758,-0.216573547089364,-1.38391251656597,-1.35907997490196,0.0479947082965415,0.147697485592639,0.293520796513274,-0.440282603713775,-0.962555344066353
"TCGA-E9-A229",-0.498642307506935,1.04474187356524,-0.273361198201975,-0.101561852840413,0.0314578869035204,1.70176287352572,1.93858110460344,0.624658739328946,0.576273245987509,0.352572316584739,0.254308883200746,-0.0178018676823641
"TCGA-E9-A22A",0.123677604048442,0.430858179633947,0.0892598582917402,0.0487192248332824,0.102550629099344,1.39930518155879,1.47946124156622,-0.7367958667511,-0.553309776827101,-0.342251854607606,0.496745648093078,0.419896901422706
"TCGA-E9-A22B",-0.15659699304145,-0.0458961130305174,-0.0801770361374453,0.114904873569402,-0.265240434417534,0.497949150997393,0.660212118228696,-0.0465818138908891,0.207608574140476,0.0132937598803736,0.0676247272685063,-0.279834761354324
"TCGA-E9-A22D",-0.782935009735185,-1.05846891646132,0.548751560855134,-0.119392687876958,0.779183313310199,1.81486261014283,1.74323903933735,0.51895286133248,0.956458893119003,0.252705550446186,0.45676574638688,0.156791980500265
"TCGA-E9-A22E",0.693747910303951,0.982052936449876,0.0538612113357263,-0.0626865077361892,-0.19145382075575,0.662845145031156,0.653167464738008,-0.516505962519158,-0.323020101035845,0.18317188769359,0.506642650245007,-0.145442940046553
"TCGA-E9-A22G",-0.30629027665257,-1.11784603461791,0.433900531682105,-0.932311620480428,0.731990199009013,0.340214418363858,0.488004473703194,-1.59166084080532,-1.26091968667145,-1.28179805800209,-0.31523515020357,0.220318448892431
"TCGA-E9-A22H",-0.763876545113505,-0.256613424684234,-0.709538644591272,-0.148321864461055,0.5703814123209,1.56947462747095,1.83596804851169,1.60362836639957,1.8287893413265,0.926302391541669,-0.553870378589634,-0.304827492595942
"TCGA-E9-A243",-1.00646436599593,-0.607661615964616,0.627674614607523,-1.56479997950641,0.0965361007977134,0.801252504553812,0.504602165786918,-1.3760577423866,-1.19720271836925,0.236312430736842,0.548733625936648,-0.317066674952474
"TCGA-E9-A244",0.737532696586414,0.125268800333079,-0.140181872897435,-0.542802623856499,0.483582117172834,-0.802861350478611,-0.873830396279563,-1.01800640852306,-1.06170055496087,0.00334079517009622,0.154224831667279,0.599172232206595
"TCGA-E9-A245",-0.646534487708372,-0.533968354013732,-1.34051620515076,-0.582490296685721,-0.958975726174417,-1.00285136340268,-0.894920228166943,0.406910194068968,0.299769752379703,-0.507279432274583,-1.08386274786518,-0.692611967929274
"TCGA-E9-A247",-1.19074801864584,-0.48708840686378,-1.35453282936788,-1.14213918564727,-0.391400226279592,0.308458190335667,0.958060840601284,0.566231637570546,0.486553483591203,-0.93248051665643,-0.95940226600964,-0.0141710633914043
"TCGA-E9-A248",-0.93905340886902,-0.814076408320623,-0.270048894958004,-0.952106146996383,0.730900199243921,0.928824777145967,0.836913359802049,-1.34299827410449,-0.869120989606963,0.583162931316749,-0.12783733877461,-0.0111704623255681
"TCGA-E9-A249",-1.00920979093831,-0.824517707772693,-0.290343087800666,-0.0519599979340074,-0.388501952877226,-0.0349323728092217,0.205054323133777,1.28735279066943,1.21513171855554,-0.310280399681723,-0.910560981320988,-1.15107038723671
"TCGA-E9-A24A",-0.343242113875999,0.779837602829933,-0.0104348404636894,-0.310606117943602,0.0565571971647954,0.780537849582871,0.850345982144257,0.519697093112648,0.244125001336412,0.761953849316074,0.834553270436961,-0.138434377303605
"TCGA-E9-A295",0.118846971970532,0.0993256940908426,-0.441615345139765,0.551612013576512,-0.326421101751936,-0.716026116116579,-0.75952422617869,0.912858417017945,1.19000304731309,0.0525366994879426,-0.326206825823454,0.568723900703611
"TCGA-E9-A2JS",-1.14391830036707,-0.813715645825078,-1.30508713776782,-1.1861016728484,-0.0123612795998064,0.0120414397656875,0.462696314641788,0.0163710243669855,0.0784014655666232,-1.13497733830091,-0.749275510691453,-0.46682406146623
"TCGA-E9-A2JT",-0.910945255920999,0.350539556060029,0.320020050346654,-0.390337777532716,0.283159292850487,1.19226449459585,0.993926499189993,-0.916136700133712,-0.980780727411263,-0.397602405053808,0.503236988038695,0.1363446181551
"TCGA-E9-A3HO",-2.41094959466869,-2.28252039342458,-1.87944456070796,-2.24067943641602,-1.29497573511246,-0.493196259384475,-0.208857286566133,-0.169161445179406,-0.256134216492713,-2.10432084476672,-2.00420118527266,-0.87255078383629
"TCGA-E9-A3Q9",-1.15767506558915,-1.62228691730426,-0.757846725131047,-1.24587824212373,-1.29105768481258,-0.462107843319924,-0.502879030356737,-0.0981537086293128,-0.184310328642609,-1.31617565388915,-0.635518564417718,-1.13834530546683
"TCGA-E9-A3QA",0.296747651559529,-0.719468929106268,2.22503623342755,0.188398274674012,0.670412877691644,1.6647069097149,1.45849213758074,-1.2285965527615,-0.781366254451089,-0.951686311730549,1.29919010647504,0.994452715780028
"TCGA-E9-A3X8",-0.912961008151895,-1.20802163283703,-0.641367999536397,-0.624373648662743,-1.73557785970825,-0.570972994642044,-0.478585577399381,0.319312158061677,0.273917842756006,-2.09005873725353,-0.887689375206269,-0.220480478359749
"TCGA-E9-A54X",1.66618510943325,-1.07864634072222,-1.59107939845368,0.158565447797435,0.00419878562582256,-1.54170563989102,-1.29268637706034,0.938930556491932,1.04550697813314,-0.196214461485739,-1.08380902678462,-1.05246085574797
"TCGA-E9-A54Y",-2.9594402352021,-3.23734877300234,-2.30858096961968,-2.22592925414889,-1.45899462777064,-1.83338929317938,-1.49408609347264,-0.878579997708922,-1.00249981914225,-2.82579624540092,-2.69438766495648,-1.38919969671388
"TCGA-E9-A5FK",-0.707002120490556,-0.882438122254359,0.318654912436179,-0.129461744063925,-0.974336284106974,1.27370214043702,1.34648364157251,0.254329715724767,0.239549473059254,-1.23981173322852,-0.164105220685716,0.312199021084983
"TCGA-E9-A5FL",0.271544724440854,-1.09500640768405,0.304169087142676,1.08029812256855,-0.161748797064307,-0.237896427192116,-0.0808548285215862,-1.58094999712306,-1.1163657150885,-2.35991369982762,-0.435939741957723,0.228520044031016
"TCGA-E9-A5UO",-1.14719524253293,-1.12782817935048,-1.7266662554198,-0.0715069857775945,-0.24093675431819,-0.337102230777358,0.0884666933109664,0.695599993709295,0.863792576751991,-0.153802221264671,-1.4095482593787,-1.40431674224525
"TCGA-E9-A5UP",-0.599831685246566,-1.53769289064273,0.333856419575897,-0.0812570625231892,-0.829261961679445,0.615548623106186,0.931291915587391,0.0551004085869897,-0.374414642789975,-0.946481924386617,-1.12555450945414,-1.06174224922603
"TCGA-E9-A6HE",0.441047577123141,-0.684243373283383,0.653658212048142,0.832910503046547,-0.71977536009534,0.417466683097764,0.59318275426746,0.510330873240197,0.724499573941263,-0.528874868665947,-0.34078499966799,-0.105335762230336
"TCGA-EW-A1IW",0.942290932475716,1.00202975053432,1.39669135663528,1.15591168361911,0.615589637648713,-0.227713745937616,-0.515782774900529,1.09381388584894,1.31125397030133,1.58225277462845,0.947522185936601,1.15150487755987
"TCGA-EW-A1IX",0.71224330634957,1.46640348288564,0.760118597401845,1.04545395084193,-0.178109814792353,-0.557145701897431,-0.682554114349193,1.44293527934454,1.10343776707439,0.561811207574273,0.59977625220645,0.243807522237327
"TCGA-EW-A1IY",-0.124925608962557,0.79902945576161,1.06861741850555,0.129353597143043,0.558540102383436,1.00425549122493,0.733136318665815,-0.199854622467666,-0.117184548000711,1.23376305590171,1.15405851601741,0.374890545703499
"TCGA-EW-A1IZ",-0.87266868244011,-0.929090105594764,0.456533048594119,0.116141631454322,-0.173470143218709,0.34541180252492,0.0552618534764298,-0.769811268635204,-0.752736429593058,-1.09657538685813,-0.231164526904581,0.260278987170205
"TCGA-EW-A1J1",-0.559608260592554,-0.765219201976546,-0.405262063061199,-0.712740738418416,0.172500295451756,0.522393444570432,0.691025016393977,1.46580753837089,1.06211061634239,0.388689549940292,-0.397635940121804,-0.448425768847776
"TCGA-EW-A1J2",0.532354306247572,1.14592691221534,0.898815073668331,0.902126424647633,-0.331142265632793,0.227302559011427,0.120689615123862,0.681031689681218,0.332413284064592,0.581801994093808,0.993938237538807,0.502116119451674
"TCGA-EW-A1J3",-0.346992232842804,-0.113120973111006,0.403380336656518,-0.667304344328601,-0.167248666137394,-0.48674994443824,-0.466074541224597,0.59722959834472,0.803951937240604,0.469249891645341,0.0688537786646023,0.116630067604303
"TCGA-EW-A1J5",-0.657013485832902,-0.467075320945927,0.469433984302197,-0.036629929782191,-0.00656039346503075,2.02327505731172,2.13547071770056,0.531276773946487,0.27848695127397,-0.0234157313430846,0.0362458158940124,0.281507532402379
"TCGA-EW-A1J6",-3.07179006201814,-2.72528534080118,-1.21003336493371,-2.68996072174289,-1.43350146652116,0.0145318087375284,0.162140499024977,-0.952251936684998,-0.904271912989478,-2.8109986354029,-1.64314093170045,-1.20093963635983
"TCGA-EW-A1OV",-1.08518229169222,-1.00042987856221,0.722022863928143,-0.847396396229028,0.238944329626588,0.737379958472908,0.532661686613538,-1.70955611452996,-1.59968369347371,-1.06768114842018,0.145069834925449,-0.146818085354213
"TCGA-EW-A1OW",1.32416629459772,1.29560550712315,0.819060783677294,-0.255296515150486,0.882283674101521,0.849766226003983,0.819651100625116,-1.20826164080856,-0.929187017232946,0.183039926656693,1.02507840974851,1.1192781559746
"TCGA-EW-A1OX",-0.798998511730743,-0.497987412358437,-1.58229972828789,0.338856670359184,0.179380014381317,-0.256730005067841,0.333002540286079,0.641194384499741,0.374977073424117,-0.335037243991205,-1.6824388769295,-1.47426992635721
"TCGA-EW-A1OY",0.23619226389957,-0.730498774256004,-0.543876423870576,-0.97036296279432,0.0306205876743529,0.0141840107335332,0.200097662065189,0.754949143758707,0.947310263923332,-0.371714771361511,-0.826278321830119,-0.434254062208238
"TCGA-EW-A1OZ",0.218081983254413,-0.591249231246072,-0.624258577831556,-0.880888524838141,-0.284129077142299,-0.373936213012158,-0.247404496355541,0.127040155856658,-0.0281803594647855,-0.29358817230463,-0.150669292697378,-0.199782226496569
"TCGA-EW-A1P0",-0.402734557740154,0.0461068568267197,-0.553843889643804,-0.0275220980438345,-0.268681585498049,-0.143482987002746,-0.191242785365218,-0.397170054338247,-0.59285472073992,-0.692437232666254,-0.80609108435031,-1.54318501875
"TCGA-EW-A1P1",1.56389849014168,1.58791471820064,2.15755837673408,1.47094737401327,0.508179414406489,0.570454584113483,0.204866769402715,-0.0782801288097861,0.0380388635365579,1.40482161960279,2.13856222307625,1.31388518150924
"TCGA-EW-A1P3",-0.134957534023129,-0.703527013012181,0.813516399191457,0.543241128065483,-1.123656866162,-0.265103161582824,-0.142883375465408,1.10499545531332,1.3741919111086,-1.00816812587039,-0.0730890565420168,0.552124826760104
"TCGA-EW-A1P4",1.77453460170145,0.269247890780661,1.88302784021167,0.50322594062484,1.41327957915647,0.801934579887438,0.490944641662602,-0.779419405127786,-0.126044257239254,0.0704732373787918,1.65504297335696,1.03236230682991
"TCGA-EW-A1P5",-0.263749587208057,0.197731047606339,0.31792393630322,1.2299370209586,0.232696043152481,2.07212146132709,2.32000861766981,0.901344138797633,0.883370974421134,0.276680279955738,0.143059933654717,0.026657869371241
"TCGA-EW-A1P6",-1.01706614737399,-0.481299449895641,-1.41451348732796,-0.482678065102787,-0.253298892087207,-1.35795487493774,-1.37342733887115,1.33729258788906,1.23161228264104,-0.404636893019183,-1.19072804723271,-0.696618181012474
"TCGA-EW-A1P7",0.880914751512882,0.871442713038592,2.02729759376445,0.997901614221903,0.0458689465132525,0.933463239042624,0.639261470996579,-0.804060341876885,-0.572629314553584,-0.186148293471075,1.5327141602589,1.61702692107431
"TCGA-EW-A1P8",0.89729596888358,-0.122673777655606,1.14597134246194,-0.0287744994188408,0.625905554583708,0.228651762344395,0.0420379417162376,-1.08700475226297,-0.672939134563955,-0.306024193956437,0.810585804992186,0.117869928741382
"TCGA-EW-A1PA",-0.846384345115429,0.186856741534579,-0.569083181850083,-1.33488687336324,-0.00379264880272899,-0.560634078685115,-0.644136964849868,0.330947573608157,0.641974255659435,-0.637196489236546,-0.200240174170172,0.238935858147901
"TCGA-EW-A1PB",0.426751076297219,-1.09532387132283,1.56489671563448,0.655412375185311,0.588719770407987,2.27692789218069,2.21851267958061,-1.29599566275162,-0.83790249539942,-0.769017629998277,0.393667403030297,0.43650067798844
"TCGA-EW-A1PC",-0.119693789629007,-0.681925765084405,-0.554018431777036,0.146825795545491,-0.202444674342361,1.04658974116183,1.56467674100642,-0.629405713154717,-0.199153582882031,-0.422867109187319,-1.21221302470756,-0.33907576149955
"TCGA-EW-A1PD",0.114479989066102,1.64187526090589,-0.0682465550671266,0.688230079815534,0.669794998452583,-0.965390401483628,-1.05653673145077,0.523041113552166,0.464967239367712,0.798993354886437,0.695146746225269,-0.451074065020046
"TCGA-EW-A1PE",0.155666362976465,0.534735819651636,1.20834713858721,0.741464786409423,0.123105514608114,2.40924427524194,2.58466924351507,1.15179341568415,1.0349377485428,0.937707906041316,0.820607633838147,0.804426394275575
"TCGA-EW-A1PF",0.291643681230974,1.11473713013714,0.488999022623399,0.705751650954985,0.49059567078774,0.0402448935054444,-0.146697890728218,0.811528088771833,0.580575129691668,0.680494062942909,0.664161564977108,0.428674731380774
"TCGA-EW-A1PG",1.35812199879239,1.65324500388613,1.907954375287,1.54030492945682,0.824360448301329,-0.545243296178664,-0.932887347850469,0.73728013939532,0.460998040745037,1.43289985421239,1.87834919034606,1.04108098099729
"TCGA-EW-A1PH",0.144385030098521,-0.240609807106776,0.141880119275821,-0.64571596674949,0.454158730878371,1.33462211092901,1.58178790978218,-1.29259163075465,-0.847791944620003,-0.248822835872098,-0.186212581687465,1.1545376417466
"TCGA-EW-A2FR",1.04901677745714,1.64244619346966,0.418552513829388,0.703917482142605,0.475513904097611,-0.15735733044795,-0.34441755826019,-0.867652295409767,-0.642297074961011,0.0493788139070822,1.25890437227933,0.724763349855087
"TCGA-EW-A2FS",-1.29462679167007,-0.908671127232499,0.661734850246503,-0.682384476912633,-1.13833907024862,-0.201299912972399,-0.251192795381706,0.260198154284785,0.38484507689784,-1.76154349756434,-0.241206123487622,0.191355677111676
"TCGA-EW-A2FV",0.32079235334887,0.727234199447453,0.926177991369244,1.11347791069733,0.659147878840855,1.77092048522141,1.87876951271297,0.816132838160396,1.11996710576787,0.705435425946786,0.711779831228064,1.00937785403023
"TCGA-EW-A2FW",-0.59823282295344,-0.208171525221871,-1.23677415918353,-0.481274590248969,-0.182847743697776,-1.55716565818525,-1.59532374535075,0.862784257185777,0.91473190624025,0.186581467328387,-0.670424105270413,-1.03531666431241
"TCGA-EW-A3E8",0.343276856073519,-0.154948628738802,0.823132562510582,0.635698341855341,-0.692841111703079,1.21363187836715,1.23332820709175,0.172127337794749,0.290236548846362,-0.579938335611264,0.296412704219503,0.403935167218385
"TCGA-EW-A3U0",-0.282846575488513,0.183695739894675,1.35875388475186,-0.185887792516418,-0.178858140091855,0.798234007969318,0.463476026363793,-1.17912829249461,-1.19865588705529,-1.15858890844041,0.989254972976185,1.04017957571499
"TCGA-EW-A423",-1.91050251527387,-1.55220883402659,-1.36275491117286,-1.01852822476089,-1.06031578625117,-0.743595704073358,-0.566256031611507,-0.728127026111488,-0.900276133091792,-1.50949860577023,-1.4008318932953,-0.990892434711172
"TCGA-EW-A424",-0.549923648002274,-0.192154546155437,-0.836040929891938,0.161538811134921,-1.39631466230876,-1.29420568011853,-1.18248101712963,0.600634431667531,0.353723583713828,-1.06353902294283,-1.02675397121128,-0.382562990252438
"TCGA-EW-A6S9",0.778794583600105,0.928167626945023,-0.120006148867526,0.119468874319891,0.266207192500142,0.206217455026103,0.343303019558647,-0.0982277801752554,-0.0657136842016415,1.10588882418557,0.131388800074213,-0.00130584426273233
"TCGA-EW-A6SA",-0.632908442933507,-0.293623880477322,-1.54597876138467,-0.425151962283644,0.0996431468147563,-2.01671668218647,-1.96334493662197,0.795988492474186,0.770840737698913,-0.365810398578341,-1.42658057391563,-1.56294890823943
"TCGA-EW-A6SB",-2.48027482777928,-2.78237617108819,0.0390518122174022,-2.01722811566964,-0.259073788479899,0.0239817104607889,-0.0787346933763731,-1.95431279955588,-1.86409240523347,-2.64564783196941,-1.04369912862659,-0.309165898229326
"TCGA-EW-A6SC",1.14863309094616,1.14637992001798,2.427839356781,1.06767754811715,0.152494025126815,-0.0742724167689385,-0.209761866455351,0.751561206091973,0.799308748950939,0.351924624762314,1.16858873190802,0.956967836647521
"TCGA-EW-A6SD",0.39420693851985,0.0717808067532632,0.424895209015228,0.081696748280549,0.508711980415867,0.49453104224449,0.289829343544343,-1.3456842572371,-1.45533281832779,0.22116529930852,0.464980833809759,0.485411030380221
"TCGA-GI-A2C8",-0.0170636427972897,0.453931941775104,0.330743246618369,-0.551890793323036,-0.581056645973365,-0.0633470135975661,-0.267118452283846,-0.79832462295545,-1.31319622478721,0.653209948013516,0.491909468721093,-0.539105464002734
"TCGA-GI-A2C9",0.589204555088339,0.379939752915637,0.899349788512109,0.247366598385488,0.306452998093435,0.56081600381252,0.53984176351975,-1.03416147401704,-0.67451507629494,-0.158489623431247,0.711678897826272,1.37966380987607
"TCGA-GM-A2D9",-0.525811611977109,-0.345617167735368,-0.324138954414826,0.0260013210482299,-0.972248783481573,-0.346656454110044,-0.0489574851456371,-0.269296661767583,-0.335775276696698,-0.852577593964325,-0.702420095951978,0.0752412784560818
"TCGA-GM-A2DA",-0.869810001338803,-0.43441252414441,0.547521651435652,-0.793700534860952,-0.664234743737077,-0.376775045601608,-0.582115769897023,-0.423360253421143,-0.270362600228303,-1.69340463743569,-0.331885033485305,-0.228889099216117
"TCGA-GM-A2DB",-0.0841009309573364,-2.00210737708339,-0.385342219995586,-1.22070059036867,-0.0563325024884754,-0.398802752392116,-0.442249131193112,-1.57343340668159,-1.25968070423421,-0.71742407824591,-0.677196786793126,-0.320679733084893
"TCGA-GM-A2DC",-1.38727751191828,-0.652190722360002,-1.21610459078913,-1.14719199065211,-0.911623266715436,-1.29015777038453,-1.22736205532991,-0.468166141876951,-0.958973293695058,-1.06273900715833,-1.47949605359764,-1.04163940986582
"TCGA-GM-A2DD",0.573432727256656,-0.791172398315669,0.830511369493517,0.153367113964179,-0.138678881269343,0.866981564244452,0.798724855592675,-1.02465607023204,-0.828395782176844,0.601165186302805,0.447572809977563,0.492281389731965
"TCGA-GM-A2DF",-1.09342172127277,-1.52560876318829,0.20263824353806,-1.74202475920706,-0.741620172978224,-0.341793624216681,-0.517591129484862,-1.97494788026878,-1.51378167115541,-2.61303226197186,0.0701857593466672,0.422931771058681
"TCGA-GM-A2DH",0.209782483604617,-0.04903709175319,0.619598948607964,0.932929293411466,0.844614989530447,1.31531126749583,1.19700103581791,-1.04852850993437,-0.738122350525892,-0.491553818069668,-0.0172521889288442,0.198596624821731
"TCGA-GM-A2DI",0.876667628792178,1.03317379590898,1.76111998893192,0.727882373295538,0.752433790903447,1.09658857505424,0.752380066437064,1.07085024340246,0.868056802313497,0.878997817606096,1.42525269828956,1.13714451092024
"TCGA-GM-A2DK",-0.193291819947809,-0.0670340277359036,0.0371275369666836,-0.352126575278931,-0.666923267279545,-0.580776034754753,-0.692784180984668,0.722895980643477,0.950337895368653,-0.962339690730033,0.264640666881259,0.507418945795152
"TCGA-GM-A2DL",0.812403748313113,0.774886866464609,0.783414468492849,0.789357528486253,0.695639662383042,-0.0993312762386575,-0.301256619176325,0.5744487569786,0.840747950143709,0.159011458442038,0.588117268727887,-0.34796712503124
"TCGA-GM-A2DM",1.06701647953833,-0.236847854176893,0.760975510097341,0.487034687690556,-0.341744721919356,-0.692580931441711,-0.713721610236343,1.05915462833293,0.642965108646173,0.485649779775007,-0.00735328952533656,-0.847605053245061
"TCGA-GM-A2DN",0.0323017456111802,-0.707907195110454,0.988792196195509,0.802873958577237,0.0795378141993552,0.702221911903584,0.52968149415719,-0.034116388982109,0.247617412219436,0.798166897891722,0.879026897562579,0.401965342856854
"TCGA-GM-A2DO",-1.66457102288293,-1.54542647959028,0.0747592105720981,-0.726911286476251,-0.667776563114316,0.87358079290775,0.751168456060872,-0.51622916702298,-0.326641444713969,-1.68721363931332,-0.268726110473733,0.214593916530943
"TCGA-GM-A3NW",-0.405689153872179,-0.737325825762455,-0.534201130132593,-0.297121589629865,-1.12610791063205,-0.591718122064469,-0.400516238579694,0.0897220756464705,0.0268533877708454,0.809710424730361,-0.685771583304093,0.180554746344978
"TCGA-GM-A3NY",-1.28163354842686,-1.0210698932059,-0.722512947651766,-0.751417337481202,-1.3296367763423,-1.08244073792303,-0.94665605197667,0.278570405920921,0.405599274995369,-1.79898481049719,-1.25212444457941,-0.315903029931588
"TCGA-GM-A3XG",0.136228377821228,-0.337328361964065,-0.502529978231853,1.36109522142996,-0.978936883594183,-1.30571837272753,-1.2299971529367,0.539963104906193,0.618796082289853,-0.0870413412929365,-0.274798406584305,0.70723237770776
"TCGA-GM-A3XL",0.223787141303748,-1.84148767403023,-0.0171412247418669,0.0745268740141642,0.368481658904387,1.02273703654781,1.12116571818898,-1.53248663239982,-1.11570330724198,-0.770902523871914,-0.850796582135479,-0.00449701301834295
"TCGA-GM-A3XN",0.539763530678504,0.325048130961478,0.842850327082609,0.939427765241395,-1.17451847410132,0.167738445921637,0.0964481418552384,0.349048460066403,0.121046178196208,-0.9072618184406,0.400784862745081,0.617786097059249
"TCGA-GM-A4E0",0.105741095215687,0.00889568072972942,0.771842788222721,0.247886175261948,-1.30091227186385,0.0486420442706917,-0.157540873873792,-0.341032841485808,-0.477534601394089,-1.15263630624527,0.549812742110128,0.600229501178167
"TCGA-GM-A5PV",-0.465211624686952,-1.12765172853552,-0.231148709065441,0.646015048667306,-0.615814441591469,-0.696645877978851,-0.568814999074434,0.911595855808859,0.837599364998226,0.497861006695383,-0.66070992806962,0.282413511394776
"TCGA-GM-A5PX",0.366221773614009,0.412100865627261,0.0930932337292534,0.67850990597524,-1.31527223544393,-0.55908906143055,-0.56304209414523,-0.631036749456297,-0.908160569460928,-0.645021096319438,-0.217857957173739,-0.324786510247595
"TCGA-HN-A2NL",-0.987424622750646,-1.27566488583829,-0.878225253958092,-1.26723870703304,-0.253114534248102,-0.0471006233165115,0.0874685829483984,-1.63095660502808,-1.71779973359956,-2.07581545353163,-0.556757612640492,-0.288459316686875
"TCGA-HN-A2OB",0.611741016947117,0.870782232581125,-0.119646746517794,0.772975005435307,-0.689242701446305,-1.10135030636445,-1.1546512155863,0.625971158516743,0.294355768688313,0.335732420417873,0.357042310829355,0.413495262329901
"TCGA-JL-A3YW",2.08306209284596,0.834763185585748,1.70285096548261,0.985782654903918,0.212303372587936,0.76881674126906,0.568153064715983,-0.839611387646633,-0.564978178267744,0.672322909596035,1.42600756213004,0.94628041580904
"TCGA-JL-A3YX",0.936832638704772,-0.825978836227534,-0.0228137878980453,1.02728580412062,-0.545133762999528,-1.34973605504506,-1.35459325243672,1.07797767381016,1.07857759656281,-0.637898959224199,-1.0652648024625,-0.797878332998406
"TCGA-LD-A66U",0.0609348355030257,-0.285477530296723,0.928210249779076,0.667563744102495,-1.13600100137949,-0.204365260058532,-0.322650084278836,1.02984631038764,0.952230417997433,-1.01755283714655,-0.348603908303215,0.418566067371488
"TCGA-LD-A74U",0.58319947817703,0.403603953484255,-0.235904593924774,1.03296744082498,-0.527368198775567,-0.0763806768988517,-0.0707170958685384,-0.261702548607389,-0.233702358774028,-0.0908273618137959,0.517192841133468,0.456374473182344
"TCGA-LD-A7W5",-0.164465307808541,0.176336056189276,0.603971004461286,0.364361772043308,-0.477914172426381,0.871424480175956,0.79282731991467,-0.325066080203731,-0.533367053274639,-1.22506016243648,0.0684674634427984,0.447697493694821
"TCGA-LD-A7W6",-0.294315155757479,0.00206725101628069,-0.160582569890237,0.116813360571468,-0.96814083689303,0.819097489246918,1.29363586615005,0.68956797299736,0.596709119223737,-0.261021583677806,-0.394898950728602,0.559376398854557
"TCGA-LD-A9QF",0.648424073740639,0.111855563556167,1.49865938697524,1.26485169544664,0.0452371419546931,1.07307544613506,0.902561650033356,-0.899581404281707,-0.603434053681425,-0.28603759673773,1.63278931591289,0.998116724093684
"TCGA-LL-A440",1.01463007843836,0.906985390882179,1.4598639038894,1.10490230541265,-0.71467185617343,-0.387892711970842,-0.745388167186723,0.056754557613823,0.148311584044823,-0.297694017639122,1.54214728325352,0.996784052886656
"TCGA-LL-A441",-0.566195565332529,0.337146061247209,0.679180158332523,-0.189826683600853,-0.300625961590168,0.792069283070536,0.705860261790272,-1.21225071090683,-1.06576491163058,-0.63568151321137,0.632098152664296,0.959901549012238
"TCGA-LL-A442",-0.5057243468951,-0.70550958246144,-0.970861141579493,0.116555356788972,-0.221826540813543,-0.732826365318564,-0.613547079824421,0.728779161306604,0.722398703806369,0.826640215336277,-0.624392740457207,-0.780495348634548
"TCGA-LL-A50Y",-0.908285549674602,-0.851799484295582,-0.641547795148075,-0.196085239278663,-0.977244877123859,-0.725350309129808,-0.64672490323196,0.59847831120709,0.508997417446678,-0.758964231828705,-0.693398188960103,-0.343149633324991
"TCGA-LL-A5YL",-1.07345912806952,-1.11663449475065,-0.435027812217957,0.324876320114315,-1.10219351466485,-0.354116111503358,-0.30084016300471,-0.513471406577786,-0.259771005594331,-1.24004526636772,-0.358189605440726,0.293797049560764
"TCGA-LL-A5YM",-1.34390097030006,-1.79378406065584,-1.64820662336266,-1.06553276888732,-1.73115195470293,-0.819099292996288,-0.526296446909203,-0.150039111739941,-0.0160493391269798,-1.83485012570702,-1.7807919271418,-1.70966412892265
"TCGA-LL-A5YN",-1.25931507770883,-1.39917174985537,-0.0367704985667352,-0.304382474227895,-0.925485747059708,0.966025139382064,1.06485484930482,-0.531524889602374,-0.466665168643354,-1.32906690596184,-0.584910682261016,0.144257878919549
"TCGA-LL-A5YO",-1.17411837797192,-1.16547852295551,0.444304999364653,-0.347196653895667,0.0291635673028967,0.917560802329212,0.750451550670168,-1.74604417290973,-1.41346354463729,-0.571944978358889,-0.0814617166619209,0.217966928697767
"TCGA-LL-A5YP",0.867256036534722,1.18233435744718,1.40127015090599,0.479795726549206,0.327626326948115,-0.298597972971029,-0.688463387379553,-1.23486267158297,-0.909043243255315,-0.477967687405159,1.27012459819925,0.66637064986884
"TCGA-LL-A6FP",-2.05564317901256,-2.0905557576168,-2.30452723011162,-1.09661035291299,-1.27441987963891,-2.28228014547856,-2.05136327805808,-1.41915874945719,-1.52074414460535,-1.46726054596318,-2.48146553454125,-1.75035770401448
"TCGA-LL-A6FQ",-0.841827071748319,-1.32169769050754,-0.720191171599016,-0.440864417206334,-0.962802772719531,-0.236569544582435,0.191451524858148,0.149064531085126,0.217317288002534,-0.888563086926356,-1.21898790356846,-0.853049741296857
"TCGA-LL-A6FR",0.845329965610752,-0.347893403018121,-0.935288227007075,-0.445192663672483,-1.1949766967424,-0.722690152444584,-0.38637415761598,-1.28878054088614,-1.05054024421407,-1.5139350411965,-0.91444141180666,0.638074309044869
"TCGA-LL-A73Y",1.0163092210133,1.64848039715677,1.0012980263292,0.277319174514678,-0.356639067529259,-0.447209498977259,-0.67887162208003,-1.22734981415575,-1.10017899927673,-0.494888339232278,1.12104086696336,1.19860608249685
"TCGA-LL-A73Z",-0.483417264361836,-0.187450522719439,0.198019255287968,0.385179111814712,-0.688600477200525,1.25832839769675,1.42728115241829,-0.499231580743876,-0.0534121962199202,-0.38952398361007,0.38394569015061,1.04099795921663
"TCGA-LL-A740",0.50454980627798,0.952504702896934,0.266849295178497,1.44637084191297,0.700801625495424,-0.905677393856951,-1.0080307479203,-0.79950831889225,-0.651509401498563,2.45582872402857,0.724576295845224,-0.25380947352644
"TCGA-LL-A7SZ",-1.73346230659836,-2.52304930122454,-1.65669872514319,-1.99903589458196,-1.38950399525619,-0.52983788852703,-0.54946257072534,-0.542243855704394,-0.469470405172736,-2.1264833074857,-1.47169868461886,-0.762567678614068
"TCGA-LL-A7T0",-0.686035314075877,-0.156446467446883,-0.542247290580448,0.19991067664293,0.278813913249015,0.0682212586825692,0.379305419936059,-0.153086856125647,-0.0270904227354694,-1.04587671018315,-0.665068674659829,0.28530072036652
"TCGA-LL-A8F5",1.28000102122117,-1.55420777495191,-0.0507068982409839,-0.837578896024481,-0.111167860534373,0.195394112394568,0.2249018792706,-1.80912699605938,-1.2872385083873,-1.96134054130034,-0.308202748709962,0.0370749488932306
"TCGA-LL-A9Q3",-0.840749981064182,-1.32020756516719,-0.65600816406053,-0.0274886280708306,-0.666023035801959,-0.0720102579813735,0.116480615428009,-0.132192905430221,-0.437783138832892,-1.21302807209228,-1.24991798146886,-0.37319621134452
"TCGA-LQ-A4E4",-1.17980936832221,-0.937841789317253,-1.66424329663683,-1.15192398139685,-0.506663451951661,-1.55933255038092,-1.42495163767087,-0.193326926667628,-0.128887022774693,-0.53038880081916,-1.49544342464032,-1.07508882561059
"TCGA-MS-A51U",0.446394475565021,0.577295047806535,0.170630492362447,0.317335983625996,-0.722193693011406,0.0510852328563873,0.097331613781553,1.33105352224514,0.920341713189132,-0.271099467195518,-0.127342195206962,0.631619732550807
"TCGA-OK-A5Q2",0.300601698126155,0.259677269928813,0.627663062743941,0.973050852943902,0.112956408745286,-0.160307310180941,-0.368469585936099,-0.260608168271194,-0.0474027707818243,-0.129111437296066,0.694437513479909,1.24482915529314
"TCGA-OL-A5D6",0.167833204198802,0.34228617241191,-0.29878309630715,0.347345531531082,0.0370227621883744,-1.06515387241474,-1.11045947067032,-0.57689183736601,-0.560425948891382,1.46902507167126,0.0478804385594387,0.223799419504676
"TCGA-OL-A5D7",-0.947940506498708,-1.34740484974927,0.716251959973529,-0.532283327145281,-0.0415105012526735,1.04101737790864,1.02715934693118,-1.48792835587075,-1.43521876669605,-2.29010654888729,-0.464334879898162,0.0854396481036176
"TCGA-OL-A5D8",-0.700351361858698,-0.315506116535972,-0.403405403160373,-0.227109446621445,-0.761716962453445,0.171425085318818,0.533104040133698,1.27439336004109,1.01443797250821,-0.827219199016144,-0.579836440045869,-0.0819243742635345
"TCGA-OL-A5DA",-0.491755415509316,0.353772392417119,-0.55015861718452,0.297708587146038,-0.933451416739238,-0.664254023330647,-0.669560699307473,0.286504628487417,-0.0949435977123762,-0.609065272878077,-0.704028655426257,0.0495018637781972
"TCGA-OL-A5RU",0.482866897638122,-0.258035886553401,1.20516702043537,0.244669654917244,-0.450395592438271,-0.0732067999510396,-0.478539912575967,0.305994228309554,0.145821937736331,0.0351108823523271,0.277753459380223,-0.0949181010173778
"TCGA-OL-A5RV",0.56658133553323,0.548450174865379,0.356935277277465,1.5382001651199,-0.376981919425767,-1.07103412770893,-1.15232053753797,1.54654333136801,1.31127218775469,0.943955309833198,0.0119078619100557,1.10298076021886
"TCGA-OL-A5RW",0.996372889894843,-0.988369116617665,0.269928239218118,0.334927322921191,-0.621794116069444,1.31032517842221,1.6991997435052,-1.17922678655738,-0.870909882965245,-1.97235881399661,-0.695032637921806,1.09950515325003
"TCGA-OL-A5RX",0.333807810150217,0.296544614574272,1.23945660273112,0.708400919868951,-0.734863907467485,-0.670259156168281,-0.839398522015692,0.717864993471564,0.486729231067419,-0.249700441006558,0.458723911075209,0.627747587117333
"TCGA-OL-A5RY",0.808911273678823,0.414546522494212,1.34765508977841,1.20830444730538,0.68091267384727,0.47422240794167,0.209520847716001,-0.963512687891759,-0.274142894863957,0.627674803270573,1.24960706897252,1.20525302695492
"TCGA-OL-A5RZ",-1.09722007285418,-0.794567672002237,-1.45239206741744,-0.746847448675666,0.128737697285469,-2.08580023758792,-2.1384754495361,-1.44764917848053,-1.35820180950199,-1.28781965873618,-1.15780487510552,-0.742906344139816
"TCGA-OL-A5S0",1.36132040486218,-0.13405393797964,1.58538279535504,0.283311368461501,-0.438063459214642,0.703733794496715,0.637345955195051,-1.50193457269453,-1.09369844906376,-0.990648709859444,0.304487542675147,0.589641247355919
"TCGA-OL-A66H",-0.291985466219612,-0.617342892469109,0.241546217486763,-0.0532447200806834,-0.497312126996202,1.63306312131816,1.82828997444718,-0.145363664609747,-0.235982371122494,-0.452636818589565,0.0300956563626382,-1.06711393528578
"TCGA-OL-A66I",0.419185951802633,0.350843885644933,1.45552855323881,0.62572662257802,-0.0185630528661825,1.29189376920715,1.17194545555796,-1.38582955359307,-1.04443983221008,-1.19052396969563,0.742615207484679,0.978389455105387
"TCGA-OL-A66J",0.545336697404693,0.796719890311728,0.597265325145438,0.711428069040943,-0.599829556267217,-0.947581569977393,-1.03321225254522,0.79119303271783,0.547527261352126,-0.881738788147597,0.354478081492137,-0.144020670683921
"TCGA-OL-A66K",0.090992145108775,0.225771380432154,0.0182615930331458,0.812211363401813,-1.27002293778109,-1.04245270856179,-1.05310801153093,1.0897917331957,0.666767611900418,-0.50763636312325,-0.562306677720004,-0.597959190707297
"TCGA-OL-A66L",0.382885091206247,-0.465099789229753,0.808859241218745,0.356724372607289,-1.55650616616311,-0.0689665581224657,0.0151996946720417,0.479546675418147,0.500748413423889,-1.11553351049006,-0.0907946326588414,0.567478447736994
"TCGA-OL-A66N",-0.35220141060032,-1.18554005128741,-0.777258738860798,0.0495250838103113,-1.6690412127565,-1.17846285000997,-1.2504095832276,-1.14291357386034,-1.32622324846743,-0.795855475442334,-0.368045988893671,0.0835569089054117
"TCGA-OL-A66O",-0.628874656006455,-0.845207833756934,-1.29188308231249,-0.456867010754918,-1.27821936977834,-0.590609078975762,-0.21006687266023,0.861800205443516,0.942019959467176,-0.855853916243642,-1.96080300973795,-0.885489970078018
"TCGA-OL-A66P",-1.21480083883986,-2.29480825227494,-0.373175858665119,-0.6155050131231,-0.729013710884477,-0.4065813286265,-0.589869909944492,-1.51734911409329,-1.25139302136741,-1.32293177586144,-0.568855285992603,-0.476779037805299
"TCGA-OL-A6VO",0.426301501742568,-0.977334060021173,1.2339149080668,-0.280836208979955,0.1264757227903,1.51730482009796,1.75184457038058,-1.18291352126856,-1.09418290895211,-0.638003405838611,0.101577659115316,0.233110576700567
"TCGA-OL-A6VQ",1.50969227413916,1.20987997013108,2.26576676879355,1.87020615473487,0.0851354197091737,-0.00942036733173168,-0.354001290935891,1.94473259211608,1.80797060477726,0.971143796206661,1.38496099627288,1.76143578967179
"TCGA-OL-A6VR",0.133922885047813,-1.11890352797269,-1.20401023979034,0.50238856445176,-1.05406814642582,-0.703412875868958,-0.38116374485412,1.3111047210039,1.15090912181775,0.534255434797043,-0.598728591088883,0.340992937277799
"TCGA-OL-A97C",2.39078012636594,0.51424872541285,-0.301831508161297,0.902120774470031,0.114344175567297,-0.618357551705628,-0.820407806445759,0.138805516610428,0.0831411942115803,0.382199181696396,0.959810832697011,0.875105088313503
"TCGA-PE-A5DC",-0.645501953683609,-0.546949555286827,-0.286797153780625,0.488178739298837,-0.910276252989466,0.111551176149069,0.48996739180054,0.67754716297336,0.846252709391016,-0.866808572867883,-0.912132874373356,0.0303390893962898
"TCGA-PE-A5DD",-0.671487543248491,-0.0798877521933641,-0.372521731778247,-0.297773343541506,-0.676782356391691,-0.482425040684917,-0.430533677301035,0.158974372912694,0.0538707368361811,-0.653790306531008,-0.594418896586079,-0.687368676890526
"TCGA-PE-A5DE",0.0111904183604442,-0.15665461011835,1.53456920754224,0.955120512130839,0.323440327935736,1.18785222547164,0.952644387750893,0.34012995330723,0.65175082054307,-0.295188048448472,1.09424046797751,0.430680087432704
"TCGA-PL-A8LV",-1.04993308054839,-1.17930451060424,-0.515102393742596,-0.741855212829847,-0.720306742383708,-0.719748978254763,-0.86791025789222,-1.59546803321904,-1.28915058473838,-1.77469017571573,-0.493355821885829,0.528020499658252
"TCGA-PL-A8LX",-1.32397105720097,-0.825161557346704,-1.44443761225657,-0.468870023148532,-0.766875259347686,-0.328837731939286,0.0706701099661402,-0.732501221306085,-0.953389888098968,-0.458560782890523,-0.901746771121292,-1.39357087345711
"TCGA-PL-A8LY",-0.458030933874808,-0.994167377974509,-0.457666069671629,0.781665410170722,-0.762324064764746,-1.08507715646724,-1.04122697571688,-0.152386871069365,-0.0370279338122074,-0.736172936408356,-0.228274126910576,1.09425717816125
"TCGA-PL-A8LZ",-0.228343066622599,0.64328239186217,1.61148463126942,0.51543574062202,0.986251620644741,2.87844670504079,2.93025252944529,-1.50160853785868,-1.3477499156509,-0.559311885128269,1.44040277735452,0.377721830571309
"TCGA-S3-A6ZF",-0.692342374265871,-0.163270754988523,-0.244781447355551,-0.371092215052845,0.689969761725246,0.977295439412461,1.13300456892649,0.0154783734815713,-0.166000602274632,0.0213250765871242,-0.421612723385909,-0.380375494232879
"TCGA-S3-A6ZG",-0.793949880099566,-0.358132071870403,-0.429937949935004,0.178506436508325,-0.331792701421667,-0.365949812882719,-0.357797070258291,1.15116491645716,1.16293999022303,0.493413607314938,-0.643652418322736,-0.673881161419411
"TCGA-S3-A6ZH",-0.793652718526528,-0.993128361506482,-1.03439299615222,-0.274876514888212,0.237420815080513,-0.534306353651828,-0.439323659160305,0.97413168389893,1.25487781546169,0.0367369037723434,-1.05031479602071,-0.19250136384189
"TCGA-S3-AA0Z",0.25243435276357,-0.204469474250756,0.493788082559806,0.253891239992998,0.49780944984617,0.412329884945457,0.271158954870399,-1.29822598882928,-1.05745812227837,0.0219916872667122,-0.261760720242184,-0.244098237583923
"TCGA-S3-AA10",0.515472341139215,0.271376558506702,1.8809839416321,0.160746840378302,0.879293551235542,1.65884313071746,1.52025560948022,-1.14407820029944,-0.670778685700943,-0.914959261785532,1.41478881508452,1.70411767018702
"TCGA-S3-AA11",-0.494022393710401,-0.237193672944418,-1.00323110190659,-0.0267879703414179,-0.4645610688984,-0.490004544438936,-0.184380248135457,0.32153824244424,0.033204799702099,-0.527748616126852,-1.01748214193212,-0.205611508509935
"TCGA-S3-AA12",-0.510354097731779,-0.99944871997913,-1.65643603900398,-0.99067769685562,-0.549886764143998,-1.18607230082204,-1.0227535197705,-0.0983586636985846,-0.433173040845914,-0.400148381981,-1.52896736139292,-1.1894449571667
"TCGA-S3-AA14",-0.268970431381047,0.397058027621878,-0.780476149714389,0.31063180282957,-0.249678719540173,-1.23112804103946,-1.28223705989948,0.976804865103192,0.814043924306374,1.77723108430784,-0.793680139565704,-0.138811413649094
"TCGA-S3-AA15",-0.557171897725878,-1.08224498511087,0.337634159698305,-1.09883352561039,-0.559128729254689,-0.314841553032217,-0.661294826184216,-1.61397228389225,-1.32311362024367,-1.88476098743635,0.195129389435633,0.152723551330173
"TCGA-S3-AA17",-1.04325351129538,-1.7377931538381,0.223632311291285,-0.556746328095957,-0.420699601947232,1.47454980299352,1.47378406856994,0.070395984877739,-0.328072721703897,-1.06015858605525,-0.159258298951082,0.438964646959119
"TCGA-UL-AAZ6",-0.506166904890036,-1.68847716361899,-1.15672051615839,-1.03030779355895,-0.694616765775084,0.373418654821263,0.793385559877479,0.0983617977622165,0.0231972636904686,-1.58514737571728,-0.903504471900174,0.00768092026544109
"TCGA-UU-A93S",-0.886069776134065,-2.11469277486294,-0.423658117446981,-1.10767443072444,-0.22480946621291,0.66302362502205,0.896887914042823,-1.24290428757095,-1.13465961332582,-0.294995921226643,-0.929697010916831,-0.386650235474348
"TCGA-V7-A7HQ",-0.923191864865681,-1.31807503349709,-1.31232510723922,-0.16137132384779,-1.64542510381835,-1.32965759965191,-1.16689731934243,0.719767699034228,0.699391055003697,-1.78284675861366,-1.55130899902359,-0.185038007564573
"TCGA-W8-A86G",-0.527472395280555,-0.376038840074551,-0.790637108069745,0.81225771575511,-1.51863733036009,-1.15779627939558,-1.005399930656,0.306292674012388,0.0363507230411798,-0.529005185873755,-0.745560923118822,0.410525902060413
"TCGA-WT-AB41",-1.76612436930319,-1.93901191946459,-0.693815537991987,-1.18236683295568,-1.81896743156006,0.54500360369045,0.703187261986447,-0.686582518402361,-0.826633080768858,-2.19791146210561,-0.756335406961574,-0.539562424505501
"TCGA-WT-AB44",-1.10896893512124,-1.48692145001117,-0.0679908334012719,-0.93645229423234,-1.6249444114544,-1.4114681431787,-1.51460826338034,-1.24192322703498,-1.67903629480624,-1.94787342415098,-0.84530772928572,-0.605210587725721
"TCGA-XX-A899",0.917200359646839,0.75824158131656,1.49265083046595,1.36106288625392,-0.436554945802538,0.618649809208086,0.313123955713371,0.678623392063969,0.553912388881309,0.366939628519557,1.2164026207237,0.89061954911005
"TCGA-XX-A89A",0.864208488363931,0.740680296629194,0.847583258058822,0.896426792091064,-0.0667880392002512,0.140189435078122,-0.178984048842582,-0.246409506283643,-0.319693952135094,0.202614931771266,0.829336997162493,0.174142967558265
"TCGA-Z7-A8R5",-0.0239400877518446,-0.206951264455648,0.657391003970684,0.892854038181052,-1.16247091785388,-0.658620777530618,-0.887832091406609,-0.329766945592281,-0.208054958634523,-0.909812907995907,0.113703990482824,0.312328488822022
"TCGA-Z7-A8R6",0.806748954291493,-0.339536983823538,0.00227022279325785,0.260217876583554,0.501397243230893,-0.419871537447228,-0.249270018564011,0.838640026861912,1.14741245384934,-0.380324695192482,-0.626019255383722,-0.334368569521478
