pathway_a,pathway_b,partial_corr_subtype,p_value_subtype,jaccard_subtype,FDR_subtype,weight_subtype,partial_corr_global,p_value_global,FDR_global,jaccard_global,weight_global,delta_partial_corr,delta_weight,abs_delta_weight,subtype,rewiring_direction
HALLMARK_ADIPOGENESIS,HALLMARK_ALLOGRAFT_REJECTION,0.05117322533076321,0.48319125646453837,0.0025062656641604,0.6980062372276645,0.026839745497461806,0.06585294636101746,0.029405678829142662,0.060237385561370836,0.0025062656641604,0.03417960601258893,-0.01467972103025425,-0.007339860515127125,0.007339860515127125,Basal,Weakened
HALLMARK_ADIPOGENESIS,HALLMARK_ANDROGEN_RESPONSE,-0.4369986651917872,2.9066134772678316e-10,0.0066889632107023,1.6184552316604973e-08,0.22184381420124474,-0.19214306151322336,1.476422395424957e-10,1.790710331084725e-09,0.0066889632107023,0.09941601236196283,-0.24485560367856385,0.12242780183928191,0.12242780183928191,Basal,Strengthened
HALLMARK_ADIPOGENESIS,HALLMARK_ANGIOGENESIS,-0.027767972216589866,0.7037207663445941,0.0042553191489361,0.8651345211456559,0.016011645682762983,0.06110453356830393,0.04331587305957398,0.0834307303427329,0.0042553191489361,0.032679926358620014,-0.0888725057848938,-0.01666828067585703,0.01666828067585703,Basal,Weakened
HALLMARK_ADIPOGENESIS,HALLMARK_APICAL_JUNCTION,-0.09246275925127972,0.20450504616854734,0.0050251256281407,0.4326747522564257,0.04874394243971021,-0.022807747183995725,0.4510791371990384,0.5498228289242011,0.0050251256281407,0.013916436406068213,-0.069655012067284,0.034827506033642,0.034827506033642,Basal,Strengthened
HALLMARK_ADIPOGENESIS,HALLMARK_APICAL_SURFACE,0.001770018239206288,0.9806635371417726,0.0041152263374485,0.995277840563973,0.002942622288327394,0.00021203112494133696,0.9944108209199807,0.9968520913477712,0.0041152263374485,0.0021636287311949188,0.001557987114264951,0.0007789935571324751,0.0007789935571324751,Basal,Strengthened
HALLMARK_ADIPOGENESIS,HALLMARK_APOPTOSIS,-0.0774273216075808,0.28832011416720715,0.019774011299435,0.5348932277848955,0.0486006664535079,-0.1066090436545697,0.0004121096169762532,0.0015391289048655799,0.019774011299435,0.06319152747700235,0.029181722046988906,-0.014590861023494453,0.014590861023494453,Basal,Weakened
HALLMARK_ADIPOGENESIS,HALLMARK_BILE_ACID_METABOLISM,-0.07340388994049718,0.3141825867251258,0.0297029702970297,0.5587225592599447,0.05155343011876344,-0.051013534321742195,0.09170413945842278,0.15430985005023062,0.0297029702970297,0.040358252309385945,-0.022390355618754985,0.011195177809377496,0.011195177809377496,Basal,Strengthened
HALLMARK_ADIPOGENESIS,HALLMARK_CHOLESTEROL_HOMEOSTASIS,0.2892413628790839,5.177580090128864e-05,0.0148148148148148,0.0010750060356623488,0.15202808884694935,0.20949195904422246,2.578525906340687e-12,4.0496079939324895e-11,0.0148148148148148,0.11215338692951864,0.07974940383486145,0.03987470191743071,0.03987470191743071,Basal,Strengthened
HALLMARK_ADIPOGENESIS,HALLMARK_COAGULATION,0.15331593453748005,0.03469754665925226,0.0029673590504451,0.13623235467174366,0.07814164679396257,0.028529766833462547,0.3458065885328978,0.4477939439247355,0.0029673590504451,0.015748562941953825,0.1247861677040175,0.06239308385200874,0.06239308385200874,Basal,Strengthened
HALLMARK_ADIPOGENESIS,HALLMARK_COMPLEMENT,0.11539331874433202,0.11287740776554694,0.0101010101010101,0.3005974445930326,0.06274716442267106,0.07307535892740777,0.015628134010204558,0.03574847041820816,0.0101010101010101,0.04158818451420893,0.04231795981692425,0.021158979908462126,0.021158979908462126,Basal,Strengthened
HALLMARK_ADIPOGENESIS,HALLMARK_DNA_REPAIR,-0.2027368682738183,0.005027194291690522,0.0057471264367816,0.03778106139460668,0.10424199735529995,-0.07384564135335417,0.014564202835201812,0.03376513920355502,0.0057471264367816,0.039796383895067886,-0.12889122692046412,0.06444561346023206,0.06444561346023206,Basal,Strengthened
HALLMARK_ADIPOGENESIS,HALLMARK_E2F_TARGETS,0.0823705907393748,0.25854833720414566,0.0050251256281407,0.4964290173590571,0.04369785818375775,0.05118019425402694,0.09064731391216681,0.15337425351160822,0.0050251256281407,0.028102659941083817,0.031190396485347868,0.015595198242673934,0.015595198242673934,Basal,Strengthened
HALLMARK_ADIPOGENESIS,HALLMARK_EPITHELIAL_MESENCHYMAL_TRANSITION,-0.10422043812291815,0.15243032465398212,0.0075566750629722,0.36187431725024827,0.05588855659294517,-0.16067724427569505,9.132767988630029e-08,6.863583304338518e-07,0.0075566750629722,0.08411695966933362,0.0564568061527769,-0.02822840307638845,0.02822840307638845,Basal,Weakened
HALLMARK_ADIPOGENESIS,HALLMARK_ESTROGEN_RESPONSE_EARLY,0.011326259422353591,0.876745283445753,0.0101010101010101,0.9535510210304372,0.010713634761681846,0.01678327220369127,0.5792213575763151,0.6653886742748115,0.0101010101010101,0.013442141152350685,-0.005457012781337679,-0.0027285063906688396,0.0027285063906688396,Basal,Weakened
HALLMARK_ADIPOGENESIS,HALLMARK_ESTROGEN_RESPONSE_LATE,-0.019964458296321656,0.7845439478094705,0.0204081632653061,0.9102743597365996,0.020186310780813878,-0.04725773488807914,0.11824860474155703,0.1893272376514712,0.0204081632653061,0.03383294907669262,0.027293276591757485,-0.01364663829587874,0.01364663829587874,Basal,Weakened
HALLMARK_ADIPOGENESIS,HALLMARK_FATTY_ACID_METABOLISM,0.461825901496303,1.9892002215879836e-11,0.0881458966565349,1.5229814196532998e-09,0.27498589907641896,0.2900227662701483,1.2069756443928542e-22,3.890908327319069e-21,0.0881458966565349,0.18908433146334158,0.1718031352261547,0.08590156761307738,0.08590156761307738,Basal,Strengthened
HALLMARK_ADIPOGENESIS,HALLMARK_G2M_CHECKPOINT,0.018878998683486862,0.7959941604860732,0.0025062656641604,0.9142161597283208,0.010692632173823631,-0.022731716468668384,0.4525898936007613,0.5511159241162352,0.0025062656641604,0.012618991066414393,0.041610715152155246,-0.0019263588925907613,0.0019263588925907613,Basal,Weakened
HALLMARK_ADIPOGENESIS,HALLMARK_GLYCOLYSIS,-0.1036937270709477,0.1545251508339787,0.0256410256410256,0.36402559571466137,0.06466737635598666,-0.045820111415865825,0.12987528163395362,0.20397079487383743,0.0256410256410256,0.03573056852844571,-0.05787361565508188,0.028936807827540947,0.028936807827540947,Basal,Strengthened
HALLMARK_ADIPOGENESIS,HALLMARK_HEDGEHOG_SIGNALING,0.15292125627740566,0.03517229971226471,0.0,0.13721677435517282,0.07646062813870283,0.020016249438821233,0.5083812926697525,0.6041663389496491,0.0,0.010008124719410616,0.13290500683858442,0.06645250341929221,0.06645250341929221,Basal,Strengthened
HALLMARK_ADIPOGENESIS,HALLMARK_HEME_METABOLISM,-0.16469488828187967,0.02316453501566907,0.0126582278481012,0.10708134111016834,0.08867655806499043,-0.052316674897135665,0.08369900213107069,0.14502302349442941,0.0126582278481012,0.03248745137261843,-0.112378213384744,0.056189106692372,0.056189106692372,Basal,Strengthened
HALLMARK_ADIPOGENESIS,HALLMARK_HYPOXIA,0.08731896074976925,0.2309342100414573,0.0282776349614395,0.4691449540643204,0.05779829785560438,0.11676113559143964,0.00010848565282674918,0.0004780392975279415,0.0282776349614395,0.07251938527643957,-0.029442174841670388,-0.014721087420835194,0.014721087420835194,Basal,Weakened
HALLMARK_ADIPOGENESIS,HALLMARK_IL2_STAT5_SIGNALING,-0.123943154366527,0.08842963272099026,0.0178571428571428,0.25889893444142587,0.0709001486118349,-0.04830328528385554,0.11031715869004934,0.17922880556407217,0.0178571428571428,0.03308021407049917,-0.07563986908267147,0.037819934541335726,0.037819934541335726,Basal,Strengthened
HALLMARK_ADIPOGENESIS,HALLMARK_IL6_JAK_STAT3_SIGNALING,0.026076421148724684,0.7209963687901796,0.0070175438596491,0.8727475807983893,0.016546982504186892,0.11864338217111574,8.367453467321018e-05,0.0003810457434003066,0.0070175438596491,0.06283046301538242,-0.09256696102239105,-0.04628348051119553,0.04628348051119553,Basal,Weakened
HALLMARK_ADIPOGENESIS,HALLMARK_INFLAMMATORY_RESPONSE,0.024853102110828335,0.7335791778798626,0.0025062656641604,0.879290110472438,0.013679683887494368,-0.047688842409469995,0.114925772386437,0.18499877946568374,0.0025062656641604,0.025097554036815198,0.07254194452029833,-0.01141787014932083,0.01141787014932083,Basal,Weakened
HALLMARK_ADIPOGENESIS,HALLMARK_INTERFERON_ALPHA_RESPONSE,0.13298701625443027,0.06737923740965603,0.0,0.21607216185033673,0.06649350812721513,0.10259330738686333,0.0006777282448322423,0.002378845558508587,0.0,0.051296653693431664,0.03039370886756694,0.01519685443378347,0.01519685443378347,Basal,Strengthened
HALLMARK_ADIPOGENESIS,HALLMARK_INTERFERON_GAMMA_RESPONSE,-0.12650538834905767,0.08199187682415003,0.0050251256281407,0.2506888838268902,0.06576525698859918,-0.10304147287398571,0.000641673726177813,0.002271821718404107,0.0050251256281407,0.054033299251063205,-0.023463915475071956,0.011731957737535978,0.011731957737535978,Basal,Strengthened
HALLMARK_ADIPOGENESIS,HALLMARK_KRAS_SIGNALING_DN,-0.04202935350864821,0.5647732495157504,0.0,0.7736088057738438,0.021014676754324106,-0.11261020034396857,0.00018975653400037318,0.0007960676512001957,0.0,0.056305100171984285,0.07058084683532036,-0.03529042341766018,0.03529042341766018,Basal,Weakened
HALLMARK_ADIPOGENESIS,HALLMARK_KRAS_SIGNALING_UP,-0.0022101816161603015,0.9758563086994235,0.0101010101010101,0.9920530939060529,0.006155595858585201,0.04421306353590527,0.14390032325051302,0.22201246345324743,0.0101010101010101,0.027157036818457686,-0.04642324515206557,-0.021001440959872483,0.021001440959872483,Basal,Weakened
HALLMARK_ADIPOGENESIS,HALLMARK_MITOTIC_SPINDLE,0.05318571107708587,0.4661284900773365,0.0025125628140703,0.680122488380874,0.027849136945578085,0.0871042131994918,0.003936347765958201,0.011059692691052286,0.0025125628140703,0.04480838800678105,-0.03391850212240593,-0.016959251061202968,0.016959251061202968,Basal,Weakened
HALLMARK_ADIPOGENESIS,HALLMARK_MTORC1_SIGNALING,0.01653633548898004,0.8208522284798078,0.0362694300518134,0.9242474083806904,0.02640288277039672,-0.10648347819252599,0.0004186789710838217,0.0015589110625461448,0.0362694300518134,0.0713764541221697,0.12301981368150602,-0.044973571351772976,0.044973571351772976,Basal,Weakened
HALLMARK_ADIPOGENESIS,HALLMARK_MYC_TARGETS_V1,0.03819048695485873,0.6008791793774813,0.0075566750629722,0.7974495160641042,0.022873581008915466,-0.03536619061486924,0.24248871614416104,0.33793933706097523,0.0075566750629722,0.02146143283892072,0.07355667756972797,0.001412148169994746,0.001412148169994746,Basal,Strengthened
HALLMARK_ADIPOGENESIS,HALLMARK_MYC_TARGETS_V2,0.14314747139828654,0.04880515900707038,0.0038910505836575,0.1713075065434419,0.07351926099097202,0.0799695874989689,0.0081386516501775,0.020305189962255474,0.0038910505836575,0.041930319041313203,0.06317788389931764,0.03158894194965881,0.03158894194965881,Basal,Strengthened
HALLMARK_ADIPOGENESIS,HALLMARK_MYOGENESIS,0.15747109602262246,0.030020364783291623,0.0230179028132992,0.12475837244417882,0.09024449941796084,0.12160066037726593,5.521060899578805e-05,0.00026092622979901426,0.0230179028132992,0.07230928159528256,0.03587043564535654,0.017935217822678276,0.017935217822678276,Basal,Strengthened
HALLMARK_ADIPOGENESIS,HALLMARK_NOTCH_SIGNALING,-0.040911811493155134,0.5751767769016859,0.0,0.7802785733162406,0.020455905746577567,0.026181585330199254,0.3869664432028191,0.48886529071030443,0.0,0.013090792665099627,-0.06709339682335438,0.00736511308147794,0.00736511308147794,Basal,Strengthened
HALLMARK_ADIPOGENESIS,HALLMARK_OXIDATIVE_PHOSPHORYLATION,0.2582592446703699,0.00032117659373742603,0.1142061281337047,0.004276536166612466,0.18623268640203733,0.3126739921588672,3.0802182359802805e-26,1.143414345174498e-24,0.1142061281337047,0.21344006014628597,-0.054414747488497284,-0.027207373744248642,0.027207373744248642,Basal,Weakened
HALLMARK_ADIPOGENESIS,HALLMARK_P53_PATHWAY,-0.07618975354949775,0.2961188844033626,0.0101010101010101,0.5430323853205377,0.043145381825253924,-0.12287103703347553,4.604496356331265e-05,0.0002220672455317244,0.0101010101010101,0.06648602356724281,0.04668128348397778,-0.02334064174198889,0.02334064174198889,Basal,Weakened
HALLMARK_ADIPOGENESIS,HALLMARK_PANCREAS_BETA_CELLS,0.1143152887914893,0.11630299968730767,0.0,0.30704994529515495,0.05715764439574465,-0.035063031553794234,0.24655248036994346,0.3420461930387098,0.0,0.017531515776897117,0.14937832034528353,0.03962612861884754,0.03962612861884754,Basal,Strengthened
HALLMARK_ADIPOGENESIS,HALLMARK_PEROXISOME,0.10397301924622616,0.15341166881642374,0.0340136054421768,0.3627978654442453,0.06899331234420147,0.07121748681528066,0.018479625795393438,0.041234137703746745,0.0340136054421768,0.05261554612872873,0.032755532430945505,0.016377766215472746,0.016377766215472746,Basal,Strengthened
HALLMARK_ADIPOGENESIS,HALLMARK_PI3K_AKT_MTOR_SIGNALING,0.0004412792711397412,0.9951788307810207,0.0,0.9984390398908685,0.0002206396355698706,-0.04271286907071565,0.15801296968187442,0.23984723820230167,0.0,0.021356434535357825,0.04315414834185539,-0.021135794899787955,0.021135794899787955,Basal,Weakened
HALLMARK_ADIPOGENESIS,HALLMARK_PROTEIN_SECRETION,5.584318143191536e-05,0.9993898851720255,0.0102389078498293,0.9995950630507103,0.005147375515630607,0.0036436121941382056,0.9041840787093275,0.9320409625105414,0.0102389078498293,0.006941260021983753,-0.00358776901270629,-0.001793884506353146,0.001793884506353146,Basal,Weakened
HALLMARK_ADIPOGENESIS,HALLMARK_REACTIVE_OXYGEN_SPECIES_PATHWAY,0.18669979318502267,0.009902498832600012,0.0163265306122449,0.06035105009917918,0.10151316189863378,0.30792659606087647,1.854263275328281e-25,6.489921463648983e-24,0.0163265306122449,0.16212656333656067,-0.1212268028758538,-0.060613401437926887,0.060613401437926887,Basal,Weakened
HALLMARK_ADIPOGENESIS,HALLMARK_SPERMATOGENESIS,-0.1495197447538449,0.039496551856538394,0.006006006006006,0.14997303004700052,0.07776287537992546,-0.08841744618367282,0.003424063647140018,0.009731967442567336,0.006006006006006,0.04721172609483941,-0.06110229857017209,0.03055114928508605,0.03055114928508605,Basal,Strengthened
HALLMARK_ADIPOGENESIS,HALLMARK_TGF_BETA_SIGNALING,-0.0646030290141833,0.3758651970857439,0.0,0.6134654269364263,0.03230151450709165,-0.020916786732136435,0.48948921797518335,0.5861430029517103,0.0,0.010458393366068217,-0.043686242282046865,0.021843121141023433,0.021843121141023433,Basal,Strengthened
HALLMARK_ADIPOGENESIS,HALLMARK_TNFA_SIGNALING_VIA_NFKB,0.034538591784935624,0.6361552599108828,0.015228426395939,0.8203023744783347,0.024883509090437312,-0.061305106064968896,0.04263210115720558,0.08224302979145959,0.015228426395939,0.03826676623045395,0.09584369784990451,-0.013383257140016636,0.013383257140016636,Basal,Weakened
HALLMARK_ADIPOGENESIS,HALLMARK_UNFOLDED_PROTEIN_RESPONSE,-0.04627593750443276,0.5260806376677318,0.0096774193548387,0.7407457254516914,0.02797667842963573,-0.0726357789885288,0.01626540567992385,0.036904293904814416,0.0096774193548387,0.04115659917168375,0.026359841484096036,-0.013179920742048021,0.013179920742048021,Basal,Weakened
HALLMARK_ADIPOGENESIS,HALLMARK_UV_RESPONSE_DN,0.13684902336157934,0.0597338193016535,0.0087976539589442,0.1961767523981918,0.07282333866026176,0.20517837790984186,7.29894392687879e-12,1.0277248632674159e-10,0.0087976539589442,0.10698801593439303,-0.06832935454826253,-0.034164677274131264,0.034164677274131264,Basal,Weakened
HALLMARK_ADIPOGENESIS,HALLMARK_UV_RESPONSE_UP,0.10154664522053353,0.16328936455910378,0.0170454545454545,0.37599524734004164,0.059296049882994015,0.19060286068602678,2.0780208941814909e-10,2.379042612497501e-09,0.0170454545454545,0.10382415761574064,-0.08905621546549325,-0.044528107732746625,0.044528107732746625,Basal,Weakened
HALLMARK_ADIPOGENESIS,HALLMARK_WNT_BETA_CATENIN_SIGNALING,0.010422228274294343,0.8865141882677516,0.0,0.9592007511757955,0.005211114137147171,-0.006513967506612575,0.8296037335793474,0.8753355500729547,0.0,0.0032569837533062873,0.016936195780906917,0.001954130383840884,0.001954130383840884,Basal,Strengthened
HALLMARK_ADIPOGENESIS,HALLMARK_XENOBIOTIC_METABOLISM,0.17190698146142738,0.017710279423347842,0.0416666666666666,0.0885513971167392,0.10678682406404699,0.1662509965327261,3.1820745529416396e-08,2.581484322750668e-07,0.0416666666666666,0.10395883159969635,0.005655984928701285,0.0028279924643506427,0.0028279924643506427,Basal,Strengthened
HALLMARK_ALLOGRAFT_REJECTION,HALLMARK_ANDROGEN_RESPONSE,0.058109378194418304,0.4258169614037098,0.0134680134680134,0.6536663881197299,0.035788695831215855,-0.051767035314323535,0.08700368793985566,0.1479670790585236,0.0134680134680134,0.03261752439116847,0.10987641350874183,0.003171171440047388,0.003171171440047388,Basal,Strengthened
HALLMARK_ALLOGRAFT_REJECTION,HALLMARK_ANGIOGENESIS,-0.22755714157628557,0.0015913424705744578,0.0128755364806866,0.01650932452702555,0.12021633902848608,-0.1443031124444853,1.64657962692698e-06,1.0451088305624613e-05,0.0128755364806866,0.07858932446258594,-0.08325402913180027,0.041627014565900136,0.041627014565900136,Basal,Strengthened
HALLMARK_ALLOGRAFT_REJECTION,HALLMARK_APICAL_JUNCTION,-0.20468983633082088,0.0046128766085557155,0.0178117048346055,0.03553945814767768,0.1112507705827132,-0.05774063125957064,0.05623374050325094,0.10220524052890563,0.0178117048346055,0.03777616804708807,-0.14694920507125026,0.07347460253562513,0.07347460253562513,Basal,Strengthened
HALLMARK_ALLOGRAFT_REJECTION,HALLMARK_APICAL_SURFACE,0.16950396017215028,0.019388462377439852,0.0209205020920502,0.09605909675027396,0.09521223113210024,0.06853303743833501,0.02339936629941627,0.05020004153552528,0.0209205020920502,0.0447267697651926,0.10097092273381526,0.05048546136690764,0.05048546136690764,Basal,Strengthened
HALLMARK_ALLOGRAFT_REJECTION,HALLMARK_APOPTOSIS,0.010288313919546887,0.8879627509443737,0.0524781341107871,0.9592007511757955,0.031383224015166994,0.0440976730673324,0.1449503421041588,0.22307056416783233,0.0524781341107871,0.04828790358905975,-0.03380935914778552,-0.01690467957389276,0.01690467957389276,Basal,Weakened
HALLMARK_ALLOGRAFT_REJECTION,HALLMARK_BILE_ACID_METABOLISM,-0.03669585044798744,0.6152111591822798,0.0032154340836012,0.8060253155061954,0.01995564226579432,0.012019302070804296,0.6912890387392899,0.7615369356615379,0.0032154340836012,0.007617368077202748,-0.048715152518791736,0.012338274188591573,0.012338274188591573,Basal,Strengthened
HALLMARK_ALLOGRAFT_REJECTION,HALLMARK_CHOLESTEROL_HOMEOSTASIS,-0.0691728811425418,0.34296307615418337,0.0,0.5826487598041076,0.0345864405712709,0.04235188996295063,0.16156008157022705,0.24373288167922186,0.0,0.021175944981475316,-0.11152477110549244,0.013410495589795585,0.013410495589795585,Basal,Strengthened
HALLMARK_ALLOGRAFT_REJECTION,HALLMARK_COAGULATION,-0.1243661060210344,0.08733992982879178,0.0180722891566265,0.2581430559716434,0.07121919758883045,-0.1981309534999154,3.8051919424491044e-11,4.958893754787396e-10,0.0180722891566265,0.10810162132827096,0.07376484747888101,-0.036882423739440506,0.036882423739440506,Basal,Weakened
HALLMARK_ALLOGRAFT_REJECTION,HALLMARK_COMPLEMENT,0.2720941290349572,0.00014603725763273157,0.0389610389610389,0.002293533853847387,0.15552758399799807,0.25721988697793896,5.43545369210238e-18,1.358863423025595e-16,0.0389610389610389,0.14809046296948894,0.014874242057018261,0.0074371210285091305,0.0074371210285091305,Basal,Strengthened
HALLMARK_ALLOGRAFT_REJECTION,HALLMARK_DNA_REPAIR,0.22722665098634268,0.001617239953667809,0.0057471264367816,0.01650932452702555,0.11648688871156214,0.05792772409674777,0.05543940587237588,0.10136309282635887,0.0057471264367816,0.03183742526676468,0.16929892688959491,0.08464946344479746,0.08464946344479746,Basal,Strengthened
HALLMARK_ALLOGRAFT_REJECTION,HALLMARK_E2F_TARGETS,-0.1963302491215697,0.006630763868138753,0.0075566750629722,0.04641534707697127,0.10194346209227095,-0.05201300480444855,0.08551202993593339,0.14623312474132824,0.0075566750629722,0.029784839933710377,-0.14431724431712117,0.07215862215856057,0.07215862215856057,Basal,Strengthened
HALLMARK_ALLOGRAFT_REJECTION,HALLMARK_EPITHELIAL_MESENCHYMAL_TRANSITION,0.025267400725758827,0.7293096359573208,0.0230179028132992,0.8784703087981495,0.02414265176952901,0.0980322310536261,0.0011679331578567918,0.0038152483156655196,0.0230179028132992,0.06052506693346265,-0.07276483032786728,-0.03638241516393364,0.03638241516393364,Basal,Weakened
HALLMARK_ALLOGRAFT_REJECTION,HALLMARK_ESTROGEN_RESPONSE_EARLY,0.009899420834893917,0.8921715274208436,0.0050251256281407,0.9592007511757955,0.007462273231517309,0.04558565565131447,0.13185274797411878,0.20601991870956057,0.0050251256281407,0.025305390639727584,-0.03568623481642055,-0.017843117408210277,0.017843117408210277,Basal,Weakened
HALLMARK_ALLOGRAFT_REJECTION,HALLMARK_ESTROGEN_RESPONSE_LATE,0.06351277438787177,0.3839915009577723,0.0050251256281407,0.6191337033993092,0.034268950008006234,0.01962468366450935,0.5167133568371418,0.6103894523871732,0.0050251256281407,0.012324904646325026,0.043888090723362416,0.021944045361681208,0.021944045361681208,Basal,Strengthened
HALLMARK_ALLOGRAFT_REJECTION,HALLMARK_FATTY_ACID_METABOLISM,0.042334084469457335,0.5619520805469423,0.0028011204481792,0.7726052734792418,0.022567602458818267,0.000527363294863132,0.986099196263109,0.9893296604605313,0.0028011204481792,0.0016642418715211661,0.041806721174594205,0.020903360587297103,0.020903360587297103,Basal,Strengthened
HALLMARK_ALLOGRAFT_REJECTION,HALLMARK_G2M_CHECKPOINT,0.14477272899909865,0.046272689544054287,0.0075566750629722,0.16622887006295162,0.07616470203103543,0.06323130952700681,0.03651732112937511,0.07215115868303955,0.0075566750629722,0.035393992294989504,0.08154141947209184,0.04077070973604592,0.04077070973604592,Basal,Strengthened
HALLMARK_ALLOGRAFT_REJECTION,HALLMARK_GLYCOLYSIS,-0.1759936860914973,0.015145283638258731,0.0050251256281407,0.0799697088658058,0.090509405859819,-0.06657353393165981,0.02767307419008063,0.05755435633760403,0.0050251256281407,0.03579932977990025,-0.10942015215983748,0.05471007607991874,0.05471007607991874,Basal,Strengthened
HALLMARK_ALLOGRAFT_REJECTION,HALLMARK_HEDGEHOG_SIGNALING,-0.20294837340977465,0.004980766160060754,0.0085470085470085,0.037685141150355095,0.10574769097839157,-0.07062920445228754,0.019472701564483146,0.04313573131372849,0.0085470085470085,0.03958810649964802,-0.1323191689574871,0.06615958447874354,0.06615958447874354,Basal,Strengthened
HALLMARK_ALLOGRAFT_REJECTION,HALLMARK_HEME_METABOLISM,0.12103685239111013,0.09621443905532072,0.0025062656641604,0.27602503007673973,0.061771559027635266,-0.02867145260785082,0.34341554590412626,0.4461124535870145,0.0025062656641604,0.01558885913600561,0.14970830499896096,0.04618269989162965,0.04618269989162965,Basal,Strengthened
HALLMARK_ALLOGRAFT_REJECTION,HALLMARK_HYPOXIA,0.16326940103438223,0.024399024940088783,0.0101010101010101,0.11054526572578127,0.08668520556769617,-0.04268007509956282,0.15833276206202415,0.23984723820230167,0.0101010101010101,0.026390542600286462,0.20594947613394504,0.06029466296740971,0.06029466296740971,Basal,Strengthened
HALLMARK_ALLOGRAFT_REJECTION,HALLMARK_IL2_STAT5_SIGNALING,0.4518035370158573,6.028061147443342e-11,0.0445026178010471,3.886513108220049e-09,0.2481530774084522,0.37462291070570586,8.881449156074058e-38,4.945352370995782e-36,0.0445026178010471,0.20956276425337647,0.07718062631015143,0.03859031315507572,0.03859031315507572,Basal,Strengthened
HALLMARK_ALLOGRAFT_REJECTION,HALLMARK_IL6_JAK_STAT3_SIGNALING,-0.0988484643732979,0.17482372418514786,0.0830188679245283,0.39223271451795994,0.0909336661489131,-0.07383308046535018,0.014581027460147434,0.03376513920355502,0.0830188679245283,0.07842597419493924,-0.02501538390794772,0.01250769195397386,0.01250769195397386,Basal,Strengthened
HALLMARK_ALLOGRAFT_REJECTION,HALLMARK_INFLAMMATORY_RESPONSE,0.2226796820189826,0.0020148155780825147,0.1019283746556473,0.019745192665208643,0.16230402833731494,0.25002918086835385,4.69464475298555e-17,1.0649888560013516e-15,0.1019283746556473,0.17597877776200058,-0.02734949884937124,-0.013674749424685634,0.013674749424685634,Basal,Weakened
HALLMARK_ALLOGRAFT_REJECTION,HALLMARK_INTERFERON_ALPHA_RESPONSE,-0.5375502781987767,1.2777070322243148e-15,0.0421052631578947,1.304325928728988e-13,0.28982777067833565,-0.5822365359934053,2.7994785075947757e-100,4.8990873882908573e-98,0.0421052631578947,0.31217089957565003,0.04468625779462865,-0.02234312889731438,0.02234312889731438,Basal,Weakened
HALLMARK_ALLOGRAFT_REJECTION,HALLMARK_INTERFERON_GAMMA_RESPONSE,0.5283450811907354,4.7114431245128525e-15,0.1019283746556473,4.4396290980986494e-13,0.31513672792319136,0.5760767279967162,9.943359907053938e-98,1.522576985767634e-95,0.1019283746556473,0.33900255132618173,-0.04773164680598074,-0.02386582340299037,0.02386582340299037,Basal,Weakened
HALLMARK_ALLOGRAFT_REJECTION,HALLMARK_KRAS_SIGNALING_DN,0.12584509467120392,0.08361369216555266,0.015228426395939,0.25222714265213797,0.07053676053357145,0.10451058303820478,0.0005355975333760781,0.001924067385295295,0.015228426395939,0.05986950471707189,0.02133451163299914,0.010667255816499563,0.010667255816499563,Basal,Strengthened
HALLMARK_ALLOGRAFT_REJECTION,HALLMARK_KRAS_SIGNALING_UP,0.3151207809626345,9.496705655314033e-06,0.0335917312661498,0.00026439691881272026,0.17435625611439215,0.22646935707065674,3.435184427782428e-14,6.7872595548927e-13,0.0335917312661498,0.13003054416840326,0.08865142389197778,0.04432571194598889,0.04432571194598889,Basal,Strengthened
HALLMARK_ALLOGRAFT_REJECTION,HALLMARK_MITOTIC_SPINDLE,-0.011354993782211897,0.8764350788785145,0.0075757575757575,0.9535510210304372,0.009465375678984698,-0.10211048686383928,0.0007186692841239301,0.002501050775715382,0.0075757575757575,0.05484312221979839,0.09075549308162738,-0.04537774654081369,0.04537774654081369,Basal,Weakened
HALLMARK_ALLOGRAFT_REJECTION,HALLMARK_MTORC1_SIGNALING,0.017475781712869367,0.8108607895567717,0.0101010101010101,0.9197263585250419,0.013788395906939734,-0.03760556433002418,0.21392424083205333,0.30562492593216006,0.0101010101010101,0.02385328721551714,0.05508134604289355,-0.010064891308577406,0.010064891308577406,Basal,Weakened
HALLMARK_ALLOGRAFT_REJECTION,HALLMARK_MYC_TARGETS_V1,0.06527576923052439,0.3709038312853776,0.0126582278481012,0.6082425613448295,0.03896699853931279,0.10058186546222789,0.0008639141367364712,0.0029561307751457466,0.0126582278481012,0.05662004665516454,-0.0353060962317035,-0.01765304811585175,0.01765304811585175,Basal,Weakened
HALLMARK_ALLOGRAFT_REJECTION,HALLMARK_MYC_TARGETS_V2,-0.15769571484576442,0.029783634191582174,0.0038910505836575,0.12452202008425993,0.08079338271471095,-0.08233077580046193,0.006436788240864247,0.016635159483246207,0.0038910505836575,0.043110913192059716,-0.07536493904530249,0.03768246952265124,0.03768246952265124,Basal,Strengthened
HALLMARK_ALLOGRAFT_REJECTION,HALLMARK_MYOGENESIS,0.08305342689370022,0.2546083579551107,0.0050251256281407,0.49194832570190955,0.04403927626092046,0.06299129907337735,0.03723603580093065,0.07333463642466245,0.0050251256281407,0.03400821235075902,0.020062127820322878,0.010031063910161439,0.010031063910161439,Basal,Strengthened
HALLMARK_ALLOGRAFT_REJECTION,HALLMARK_NOTCH_SIGNALING,-0.10679194893905868,0.14250976678255625,0.0,0.3450088227443308,0.05339597446952934,-0.13792435164971992,4.680448378601697e-06,2.76983056221598e-05,0.0,0.06896217582485996,0.03113240271066124,-0.01556620135533062,0.01556620135533062,Basal,Weakened
HALLMARK_ALLOGRAFT_REJECTION,HALLMARK_OXIDATIVE_PHOSPHORYLATION,-0.1105873225064305,0.12877641135191176,0.0,0.3245907487779669,0.05529366125321525,0.010076982115111613,0.7391868476794956,0.7970984933163575,0.0,0.0050384910575558065,-0.12066430462154211,0.05025517019565944,0.05025517019565944,Basal,Strengthened
HALLMARK_ALLOGRAFT_REJECTION,HALLMARK_P53_PATHWAY,0.19415269159423043,0.007271664883796147,0.0256410256410256,0.04970097975654838,0.10989685861762802,0.08022225028701999,0.007939054008592539,0.019969899713605462,0.0256410256410256,0.052931637964022796,0.11393044130721044,0.05696522065360522,0.05696522065360522,Basal,Strengthened
HALLMARK_ALLOGRAFT_REJECTION,HALLMARK_PANCREAS_BETA_CELLS,0.029899107774059488,0.6821707811921844,0.0,0.8535308123811686,0.014949553887029744,0.06472622436718922,0.0323013982298723,0.06518815952486584,0.0,0.03236311218359461,-0.03482711659312973,-0.017413558296564866,0.017413558296564866,Basal,Weakened
HALLMARK_ALLOGRAFT_REJECTION,HALLMARK_PEROXISOME,-0.06307250074563993,0.38730312367580627,0.0033003300330033,0.6201912764743303,0.033186415389321614,-0.045778683049275605,0.130223017910825,0.20425505370135802,0.0033003300330033,0.024539506541139452,-0.017293817696364323,0.008646908848182162,0.008646908848182162,Basal,Strengthened
HALLMARK_ALLOGRAFT_REJECTION,HALLMARK_PI3K_AKT_MTOR_SIGNALING,0.02139174216087602,0.7695584227497707,0.0374149659863945,0.9047111975705078,0.02940335407363526,0.19195413776194054,1.5398724769070695e-10,1.8493566511874119e-09,0.0374149659863945,0.11468455187416751,-0.1705623956010645,-0.08528119780053225,0.08528119780053225,Basal,Weakened
HALLMARK_ALLOGRAFT_REJECTION,HALLMARK_PROTEIN_SECRETION,-0.06269809447023211,0.3901328571379837,0.0068027210884353,0.6223054094047353,0.034750407779333706,-0.08914400193950048,0.0031674312773075724,0.009086893008669265,0.0068027210884353,0.04797336151396789,0.026445907469268365,-0.013222953734634182,0.013222953734634182,Basal,Weakened
HALLMARK_ALLOGRAFT_REJECTION,HALLMARK_REACTIVE_OXYGEN_SPECIES_PATHWAY,-0.019161055094401407,0.7930145243727423,0.0,0.9133715778561877,0.009580527547200703,-0.059793279764269985,0.04801776607885243,0.08980421900243393,0.0,0.029896639882134993,0.04063222466986858,-0.02031611233493429,0.02031611233493429,Basal,Weakened
HALLMARK_ALLOGRAFT_REJECTION,HALLMARK_SPERMATOGENESIS,-0.04122886290389673,0.5722161362882683,0.0,0.7779853129335501,0.020614431451948367,0.04440926133687028,0.1421283658808307,0.21983238409598183,0.0,0.02220463066843514,-0.08563812424076701,-0.0015901992164867734,0.0015901992164867734,Basal,Weakened
HALLMARK_ALLOGRAFT_REJECTION,HALLMARK_TGF_BETA_SIGNALING,-0.18879985587200615,0.009087161868726507,0.0119521912350597,0.05629480037370427,0.10037602355353292,-0.10728422701942412,0.0003784033095628597,0.0014262893975830865,0.0119521912350597,0.05961820912724191,-0.08151562885258203,0.04075781442629101,0.04075781442629101,Basal,Strengthened
HALLMARK_ALLOGRAFT_REJECTION,HALLMARK_TNFA_SIGNALING_VIA_NFKB,-0.26984616276538914,0.00016647261031055134,0.0498687664041994,0.002549111845380317,0.15985746458479427,-0.2383672904803951,1.3428515581113568e-15,2.937487783368593e-14,0.0498687664041994,0.14411802844229724,-0.03147887228499405,0.015739436142497037,0.015739436142497037,Basal,Strengthened
HALLMARK_ALLOGRAFT_REJECTION,HALLMARK_UNFOLDED_PROTEIN_RESPONSE,0.012582936353225533,0.8631969031403858,0.0064308681672025,0.9474293604101981,0.009506902260214016,-0.04890390281530191,0.10595437613582141,0.1744544499548135,0.0064308681672025,0.027667385491252205,0.06148683916852744,-0.018160483231038187,0.018160483231038187,Basal,Weakened
HALLMARK_ALLOGRAFT_REJECTION,HALLMARK_UV_RESPONSE_DN,0.1174696613129865,0.10650230014797109,0.0058479532163742,0.29474423573540875,0.06165880726468035,-0.023354978372985096,0.4402899180008481,0.5393551495510389,0.0058479532163742,0.014601465794679648,0.1408246396859716,0.0470573414700007,0.0470573414700007,Basal,Strengthened
HALLMARK_ALLOGRAFT_REJECTION,HALLMARK_UV_RESPONSE_UP,-0.12576942720606238,0.08380118127299604,0.0141643059490084,0.25222714265213797,0.06996686657753538,-0.036823546727332984,0.2236103484762692,0.3170401352817474,0.0141643059490084,0.025493926338170693,-0.0889458804787294,0.04447294023936469,0.04447294023936469,Basal,Strengthened
HALLMARK_ALLOGRAFT_REJECTION,HALLMARK_WNT_BETA_CATENIN_SIGNALING,-0.03026665393729101,0.6784794343083722,0.0041493775933609,0.8524485200284676,0.017208015765325956,0.0032160954195164047,0.9153814772594376,0.940723414129875,0.0041493775933609,0.003682736506438652,-0.033482749356807416,0.013525279258887303,0.013525279258887303,Basal,Strengthened
HALLMARK_ALLOGRAFT_REJECTION,HALLMARK_XENOBIOTIC_METABOLISM,-0.1488196264714719,0.04044004786044271,0.015228426395939,0.15196030254307458,0.08202402643370545,-0.0328638113639,0.2774598294311513,0.37432631173255543,0.015228426395939,0.0240461188799195,-0.1159558151075719,0.05797790755378594,0.05797790755378594,Basal,Strengthened
HALLMARK_ANDROGEN_RESPONSE,HALLMARK_ANGIOGENESIS,-0.01978503038914598,0.7864335665194795,0.0073529411764705,0.9104471857510132,0.01356898578280824,-0.05717357175335449,0.05869929040576012,0.10621363478147142,0.0073529411764705,0.032263256464912494,0.03738854136420851,-0.018694270682104254,0.018694270682104254,Basal,Weakened
HALLMARK_ANDROGEN_RESPONSE,HALLMARK_APICAL_JUNCTION,-0.11772226146264275,0.10574644195349078,0.0100671140939597,0.2944077077114232,0.06389468777830122,-0.1498137331877491,6.43635884276439e-07,4.26191328777642e-06,0.0100671140939597,0.0799404236408544,0.032091471725106346,-0.016045735862553173,0.016045735862553173,Basal,Weakened
HALLMARK_ANDROGEN_RESPONSE,HALLMARK_APICAL_SURFACE,0.05612259344349074,0.44183509443315944,0.0069444444444444,0.6616723602452571,0.031533518943967574,0.0606466906783202,0.044911438608226814,0.0852969182869424,0.0069444444444444,0.0337955675613823,-0.004524097234829459,-0.002262048617414726,0.002262048617414726,Basal,Weakened
HALLMARK_ANDROGEN_RESPONSE,HALLMARK_APOPTOSIS,0.21516070288839342,0.0028711094411276597,0.0194552529182879,0.025486297575227412,0.11730797790334066,0.13330863672338794,9.689397631593721e-06,5.2988893297778164e-05,0.0194552529182879,0.07638194482083792,0.08185206616500548,0.04092603308250274,0.04092603308250274,Basal,Strengthened
HALLMARK_ANDROGEN_RESPONSE,HALLMARK_BILE_ACID_METABOLISM,-0.0016312180489357231,0.9821795910901846,0.0142857142857142,0.995277840563973,0.007958466167324962,-0.0010599939631148643,0.9720638402240255,0.9808716674418708,0.0142857142857142,0.007672854124414532,-0.0005712240858208588,0.00028561204291042974,0.00028561204291042974,Basal,Strengthened
HALLMARK_ANDROGEN_RESPONSE,HALLMARK_CHOLESTEROL_HOMEOSTASIS,0.554926264407923,9.735976643859535e-17,0.023391812865497,1.192657138872793e-14,0.28915903863671,0.5086254049614374,4.920262680577532e-73,5.022768153089564e-71,0.023391812865497,0.26600860891346717,0.046300859446485654,0.023150429723242827,0.023150429723242827,Basal,Strengthened
HALLMARK_ANDROGEN_RESPONSE,HALLMARK_COAGULATION,0.19047711055945987,0.008479275077242193,0.0,0.054099541508446286,0.09523855527972994,0.10874067385020432,0.0003142648175277981,0.0012287467291640273,0.0,0.05437033692510216,0.08173643670925555,0.040868218354627776,0.040868218354627776,Basal,Strengthened
HALLMARK_ANDROGEN_RESPONSE,HALLMARK_COMPLEMENT,0.17495835320185102,0.015762342434414746,0.0033333333333333,0.08216540205173645,0.08914584326759216,0.01171936388255185,0.6986111219097565,0.7689116121648263,0.0033333333333333,0.007526348607942575,0.16323898931929917,0.08161949465964959,0.08161949465964959,Basal,Strengthened
HALLMARK_ANDROGEN_RESPONSE,HALLMARK_DNA_REPAIR,-0.13232058563283378,0.06877605237173777,0.004,0.21883289391007474,0.06816029281641689,-0.05935469685168663,0.0496830628368833,0.09249506379206997,0.004,0.03167734842584331,-0.07296588878114715,0.03648294439057358,0.03648294439057358,Basal,Strengthened
HALLMARK_ANDROGEN_RESPONSE,HALLMARK_E2F_TARGETS,0.041427348516571684,0.5703663316709925,0.0066889632107023,0.7771955019988496,0.024058155863636993,-0.03507873277483006,0.24634084670174253,0.3420461930387098,0.0066889632107023,0.020883847992766182,0.07650608129140174,0.0031743078708708107,0.0031743078708708107,Basal,Strengthened
HALLMARK_ANDROGEN_RESPONSE,HALLMARK_EPITHELIAL_MESENCHYMAL_TRANSITION,-0.21120577418579883,0.003443125723819722,0.0100671140939597,0.02888923980602164,0.11063644413987926,-0.09692515556370802,0.0013284609509858442,0.0042269212076822315,0.0100671140939597,0.05349613482883386,-0.11428061862209081,0.0571403093110454,0.0571403093110454,Basal,Strengthened
HALLMARK_ANDROGEN_RESPONSE,HALLMARK_ESTROGEN_RESPONSE_EARLY,0.06518499353596845,0.37157092589229207,0.0308219178082191,0.6085219040348366,0.04800345567209377,0.11353960768204623,0.00016769877700174035,0.0007108339163568579,0.0308219178082191,0.07218076274513266,-0.04835461414607778,-0.02417730707303889,0.02417730707303889,Basal,Weakened
HALLMARK_ANDROGEN_RESPONSE,HALLMARK_ESTROGEN_RESPONSE_LATE,0.048982915976077505,0.5021374501481939,0.0308219178082191,0.7160865849028376,0.0399024168921483,-0.004959107496970743,0.8698576522222939,0.903796118721213,0.0308219178082191,0.01789051265259492,0.053942023473048245,0.022011904239553383,0.022011904239553383,Basal,Strengthened
HALLMARK_ANDROGEN_RESPONSE,HALLMARK_FATTY_ACID_METABOLISM,0.3469005408396026,9.425796701966075e-07,0.0277777777777777,3.207389155530123e-05,0.18733915930869013,0.16598141693760762,3.351312083926347e-08,2.696946228835992e-07,0.0277777777777777,0.09687959735769267,0.18091912390199497,0.09045956195099747,0.09045956195099747,Basal,Strengthened
HALLMARK_ANDROGEN_RESPONSE,HALLMARK_G2M_CHECKPOINT,0.04784956191082451,0.5120918575667907,0.0033333333333333,0.7252167925078827,0.025591447622078906,0.026958180547010758,0.37303515761620354,0.47501878178778517,0.0033333333333333,0.015145756940172029,0.020891381363813754,0.010445690681906877,0.010445690681906877,Basal,Strengthened
HALLMARK_ANDROGEN_RESPONSE,HALLMARK_GLYCOLYSIS,-0.09207888978928576,0.2063986176870835,0.0066889632107023,0.4359281149425471,0.04938392649999403,-0.14181281086893024,2.489235909808052e-06,1.5557724436300326e-05,0.0066889632107023,0.07425088703981628,0.049733921079644486,-0.02486696053982225,0.02486696053982225,Basal,Weakened
HALLMARK_ANDROGEN_RESPONSE,HALLMARK_HEDGEHOG_SIGNALING,0.17925231371111955,0.013338761372085598,0.0073529411764705,0.07360352558921107,0.09330262744379503,0.023627233234596274,0.4349776795373754,0.533915488410105,0.0073529411764705,0.015490087205533387,0.15562508047652326,0.07781254023826165,0.07781254023826165,Basal,Strengthened
HALLMARK_ANDROGEN_RESPONSE,HALLMARK_HEME_METABOLISM,-0.2644956462624227,0.00022633086199225916,0.0134680134680134,0.0031506284765967893,0.13898182986521807,-0.06250493529871415,0.03872938534461569,0.07566745940534962,0.0134680134680134,0.03798647438336378,-0.20199071096370858,0.10099535548185429,0.10099535548185429,Basal,Strengthened
HALLMARK_ANDROGEN_RESPONSE,HALLMARK_HYPOXIA,0.09521532176578718,0.1912932965070776,0.0100671140939597,0.4184540861092323,0.05264121792987344,0.09268635596451348,0.002149444506609515,0.006395399102246462,0.0100671140939597,0.05137673502923659,0.0025289658012736943,0.0012644829006368472,0.0012644829006368472,Basal,Strengthened
HALLMARK_ANDROGEN_RESPONSE,HALLMARK_IL2_STAT5_SIGNALING,-0.2725371956805775,0.0001422966245271862,0.0135135135135135,0.0022638099356597804,0.1430253545970455,-0.055746697229018545,0.06530201363609418,0.11610299957070447,0.0135135135135135,0.034630105371266026,-0.21679049845155896,0.10839524922577946,0.10839524922577946,Basal,Strengthened
HALLMARK_ANDROGEN_RESPONSE,HALLMARK_IL6_JAK_STAT3_SIGNALING,-0.027729349726556912,0.70411356537324,0.0,0.8651345211456559,0.013864674863278456,0.06476178034604445,0.03220642011497135,0.06510373703108896,0.0,0.032380890173022224,-0.09249113007260136,-0.018516215309743768,0.018516215309743768,Basal,Weakened
HALLMARK_ANDROGEN_RESPONSE,HALLMARK_INFLAMMATORY_RESPONSE,0.08807999444340764,0.2268791000639615,0.0066889632107023,0.46528349333961166,0.04738447882705497,0.09764593709603843,0.0012217933199131473,0.003951923772114445,0.0066889632107023,0.05216745015337036,-0.00956594265263079,-0.004782971326315395,0.004782971326315395,Basal,Weakened
HALLMARK_ANDROGEN_RESPONSE,HALLMARK_INTERFERON_ALPHA_RESPONSE,0.12554813291341407,0.0843514434174781,0.0050761421319796,0.2532610739863007,0.06531213752269684,0.08719922233730878,0.0038970749236166865,0.010974521336621704,0.0050761421319796,0.04613768223464419,0.03834891057610529,0.019174455288052644,0.019174455288052644,Basal,Strengthened
HALLMARK_ANDROGEN_RESPONSE,HALLMARK_INTERFERON_GAMMA_RESPONSE,-0.10951966207922004,0.1325322409648613,0.0066889632107023,0.3279838286504143,0.058104312644961166,-0.08340529348101046,0.005774070433526405,0.015146116233554274,0.0066889632107023,0.04504712834585638,-0.026114368598209578,0.013057184299104789,0.013057184299104789,Basal,Strengthened
HALLMARK_ANDROGEN_RESPONSE,HALLMARK_KRAS_SIGNALING_DN,-0.10258355020643667,0.15901147789288808,0.0100671140939597,0.37040593610575273,0.056325332150198186,-0.06748144612253844,0.025615819390759752,0.05400925775160188,0.0100671140939597,0.03877428010824907,-0.03510210408389823,0.017551052041949115,0.017551052041949115,Basal,Strengthened
HALLMARK_ANDROGEN_RESPONSE,HALLMARK_KRAS_SIGNALING_UP,-0.06314047649152105,0.38679070322980097,0.0168918918918918,0.6201814286079923,0.040016184191706425,0.04820926839359432,0.11101273009681069,0.17964411409325376,0.0168918918918918,0.03255058014274306,-0.11134974488511537,0.007465604048963362,0.007465604048963362,Basal,Strengthened
HALLMARK_ANDROGEN_RESPONSE,HALLMARK_MITOTIC_SPINDLE,0.007659297190868265,0.9164702582123265,0.0033444816053511,0.9676800301957394,0.005501889398109682,-0.007704048495077958,0.7990868692659973,0.8482174386291288,0.0033444816053511,0.005524265050214529,0.015363345685946222,-2.2375652104847377e-05,2.2375652104847377e-05,Basal,Weakened
HALLMARK_ANDROGEN_RESPONSE,HALLMARK_MTORC1_SIGNALING,0.2794725743806719,9.424893096804001e-05,0.0379310344827586,0.0016732600063166523,0.15870180443171525,0.2811080281350491,2.567505262726083e-21,7.671204748388906e-20,0.0379310344827586,0.15951953130890384,-0.0016354537543771808,-0.0008177268771885904,0.0008177268771885904,Basal,Weakened
HALLMARK_ANDROGEN_RESPONSE,HALLMARK_MYC_TARGETS_V1,-0.01067738592096217,0.8837551716429581,0.0066889632107023,0.9580531727987821,0.008683174565832235,-0.00547899917009675,0.8563552059896522,0.8935563265224225,0.0066889632107023,0.006083981190399525,-0.00519838675086542,0.0025991933754327106,0.0025991933754327106,Basal,Strengthened
HALLMARK_ANDROGEN_RESPONSE,HALLMARK_MYC_TARGETS_V2,0.0005856126091373621,0.9936019552743218,0.0192307692307692,0.9980288400389958,0.009908190919953281,-0.08528034337163114,0.004763250006700323,0.01285238162600858,0.0192307692307692,0.05225555630120017,0.0858659559807685,-0.04234736538124689,0.04234736538124689,Basal,Weakened
HALLMARK_ANDROGEN_RESPONSE,HALLMARK_MYOGENESIS,0.16730375710725215,0.021044172060718114,0.0066889632107023,0.10109455205639094,0.08699636015897723,0.04223763919605472,0.16269516834942085,0.24514339634445334,0.0066889632107023,0.024463301203378512,0.12506611791119743,0.06253305895559871,0.06253305895559871,Basal,Strengthened
HALLMARK_ANDROGEN_RESPONSE,HALLMARK_NOTCH_SIGNALING,0.09310406180727267,0.20136961409562207,0.0075757575757575,0.43108562798964567,0.05033990969151508,0.14138232660573707,2.6716903661536096e-06,1.661330303826483e-05,0.0075757575757575,0.0744790420907473,-0.04827826479846441,-0.02413913239923221,0.02413913239923221,Basal,Weakened
HALLMARK_ANDROGEN_RESPONSE,HALLMARK_OXIDATIVE_PHOSPHORYLATION,-0.06223967372355509,0.39361449192056824,0.0,0.6250240848815408,0.031119836861777547,-0.026324485273433052,0.3843794493022775,0.4874377074485403,0.0,0.013162242636716526,-0.03591518845012204,0.01795759422506102,0.01795759422506102,Basal,Strengthened
HALLMARK_ANDROGEN_RESPONSE,HALLMARK_P53_PATHWAY,-0.13094784072759888,0.07172768101367087,0.0134680134680134,0.2258776587191435,0.07220792709780614,-0.05312230377465911,0.07903935799443351,0.13831887649025865,0.0134680134680134,0.03329515862133625,-0.07782553695293977,0.03891276847646989,0.03891276847646989,Basal,Strengthened
HALLMARK_ANDROGEN_RESPONSE,HALLMARK_PANCREAS_BETA_CELLS,0.1663351317754286,0.02181098608353033,0.0,0.10374890249881383,0.0831675658877143,0.028709368770096704,0.34277747820268856,0.4457562747327956,0.0,0.014354684385048352,0.1376257630053319,0.06881288150266596,0.06881288150266596,Basal,Strengthened
HALLMARK_ANDROGEN_RESPONSE,HALLMARK_PEROXISOME,-0.012631712205271945,0.8626718223379571,0.0199004975124378,0.9474293604101981,0.016266104858854873,0.05787034420666275,0.05568202319482042,0.10165496037802535,0.0199004975124378,0.038885420859550275,-0.07050205641193469,-0.022619316000695402,0.022619316000695402,Basal,Weakened
HALLMARK_ANDROGEN_RESPONSE,HALLMARK_PI3K_AKT_MTOR_SIGNALING,-0.015589799232079392,0.8309483170134957,0.0098039215686274,0.9270598254476614,0.012696860400353397,0.09206094291030405,0.00230392145990606,0.006800732020204634,0.0098039215686274,0.050932432239465725,-0.10765074214238343,-0.03823557183911233,0.03823557183911233,Basal,Weakened
HALLMARK_ANDROGEN_RESPONSE,HALLMARK_PROTEIN_SECRETION,0.05813655944744302,0.4256001743682616,0.0207253886010362,0.6536663881197299,0.03943097402423961,-0.01638976693282487,0.58814978278105,0.6714664342094933,0.0207253886010362,0.018557577766930535,0.07452632638026789,0.020873396257309076,0.020873396257309076,Basal,Strengthened
HALLMARK_ANDROGEN_RESPONSE,HALLMARK_REACTIVE_OXYGEN_SPECIES_PATHWAY,0.040095561464938576,0.5828318254192362,0.0067114093959731,0.7854444291953403,0.02340348543045584,-0.07289923717543188,0.015880780199560875,0.03615976904175106,0.0067114093959731,0.03980532328570249,0.11299479864037046,-0.016401837855246654,0.016401837855246654,Basal,Weakened
HALLMARK_ANDROGEN_RESPONSE,HALLMARK_SPERMATOGENESIS,-0.11680818433986748,0.10850178008524969,0.0042553191489361,0.29577744729246613,0.060531751744401785,-0.016294118181258498,0.5903295611744481,0.673327478993202,0.0042553191489361,0.010274718665097299,-0.10051406615860897,0.050257033079304486,0.050257033079304486,Basal,Strengthened
HALLMARK_ANDROGEN_RESPONSE,HALLMARK_TGF_BETA_SIGNALING,0.06827739607020274,0.34926223601699463,0.0064935064935064,0.5877008779132121,0.03738545128185457,0.0653770943607777,0.03060024339865741,0.062371544364983905,0.0064935064935064,0.03593530042714205,0.0029003017094250405,0.0014501508547125203,0.0014501508547125203,Basal,Strengthened
HALLMARK_ANDROGEN_RESPONSE,HALLMARK_TNFA_SIGNALING_VIA_NFKB,-0.05351245085809109,0.4633899052699519,0.0308219178082191,0.679466421657632,0.0421671843331551,-0.13298713349356595,1.0184165005301561e-05,5.5447120584419606e-05,0.0308219178082191,0.08190452565089253,0.07947468263547486,-0.03973734131773743,0.03973734131773743,Basal,Weakened
HALLMARK_ANDROGEN_RESPONSE,HALLMARK_UNFOLDED_PROTEIN_RESPONSE,-0.1433935509708229,0.048414461766408894,0.0094339622641509,0.17091560710043485,0.0764137566174869,-0.025193940932692508,0.40513467735424746,0.5064183466928093,0.0094339622641509,0.017313951598421702,-0.1181996100381304,0.05909980501906519,0.05909980501906519,Basal,Strengthened
HALLMARK_ANDROGEN_RESPONSE,HALLMARK_UV_RESPONSE_DN,0.025391517572036875,0.7280321658216364,0.0208333333333333,0.8777946881215597,0.02311242545268509,0.12320042957291313,4.391519434969139e-05,0.0002143271437385337,0.0208333333333333,0.07201688145312321,-0.09780891200087626,-0.04890445600043812,0.04890445600043812,Basal,Weakened
HALLMARK_ANDROGEN_RESPONSE,HALLMARK_UV_RESPONSE_UP,0.03136957328584789,0.6674487222400124,0.003875968992248,0.8446535999421644,0.017622771139047946,0.06466790531236105,0.03245770062386109,0.06539586063195696,0.003875968992248,0.034271937152304525,-0.03329833202651316,-0.01664916601325658,0.01664916601325658,Basal,Weakened
HALLMARK_ANDROGEN_RESPONSE,HALLMARK_WNT_BETA_CATENIN_SIGNALING,0.0527801726668004,0.46953989277352776,0.0,0.6815004367862221,0.0263900863334002,-0.07309141599578782,0.015605276806407,0.03574847041820816,0.0,0.03654570799789391,0.1258715886625882,-0.01015562166449371,0.01015562166449371,Basal,Weakened
HALLMARK_ANDROGEN_RESPONSE,HALLMARK_XENOBIOTIC_METABOLISM,0.0498862827096217,0.4942764013879316,0.0100671140939597,0.7090030347777707,0.0299766984017907,0.014196838684345476,0.6390290440155728,0.7181748430450244,0.0100671140939597,0.012131976389152588,0.035689444025276226,0.017844722012638113,0.017844722012638113,Basal,Strengthened
HALLMARK_ANGIOGENESIS,HALLMARK_APICAL_JUNCTION,-0.23304973619504152,0.0012128371366594828,0.0128755364806866,0.013148013207149261,0.12296263633786406,-0.15262247058746303,3.935285683459494e-07,2.6781805345766e-06,0.0128755364806866,0.08274900353407481,-0.08042726560757849,0.04021363280378924,0.04021363280378924,Basal,Strengthened
HALLMARK_ANGIOGENESIS,HALLMARK_APICAL_SURFACE,0.07073336037303633,0.3321594259815647,0.0126582278481012,0.5718326561633718,0.041695794110568764,0.03991196291079017,0.18712518321028382,0.27452496938035653,0.0126582278481012,0.026285095379445685,0.030821397462246165,0.01541069873112308,0.01541069873112308,Basal,Strengthened
HALLMARK_ANGIOGENESIS,HALLMARK_APOPTOSIS,0.005210578987809765,0.9431196778123533,0.0260416666666666,0.9758851370829814,0.01562612282723818,0.11015050259510947,0.00026198592733835444,0.0010453835862849648,0.0260416666666666,0.06809608463088804,-0.1049399236072997,-0.05246996180364986,0.05246996180364986,Basal,Weakened
HALLMARK_ANGIOGENESIS,HALLMARK_BILE_ACID_METABOLISM,0.07210656394839228,0.32283482662819407,0.0,0.5649609465993397,0.03605328197419614,0.04760513901965451,0.11556512599469489,0.18578383115945044,0.0,0.023802569509827256,0.024501424928737768,0.012250712464368884,0.012250712464368884,Basal,Strengthened
HALLMARK_ANGIOGENESIS,HALLMARK_CHOLESTEROL_HOMEOSTASIS,0.10310476121863006,0.15689318819057443,0.0185185185185185,0.36748404499704335,0.06081163986857428,0.0017399521274936497,0.9541593833532798,0.9687497274181275,0.0185185185185185,0.010129235323006075,0.10136480909113642,0.05068240454556821,0.05068240454556821,Basal,Strengthened
HALLMARK_ANGIOGENESIS,HALLMARK_COAGULATION,-0.1907779992884572,0.008374124110137686,0.0235294117647058,0.0537083876173752,0.1071537055265815,-0.13367669981948566,9.151131792723495e-06,5.026967016182189e-05,0.0235294117647058,0.07860305579209573,-0.05710129946897155,0.028550649734485775,0.028550649734485775,Basal,Strengthened
HALLMARK_ANGIOGENESIS,HALLMARK_COMPLEMENT,-0.02107952210558068,0.7728294501286035,0.0085470085470085,0.905082291020592,0.01481326532629459,-0.04113873011838923,0.17392133962302447,0.2591893443287165,0.0085470085470085,0.024842869332698865,0.020059208012808548,-0.010029604006404276,0.010029604006404276,Basal,Weakened
HALLMARK_ANGIOGENESIS,HALLMARK_DNA_REPAIR,-0.008107135026551675,0.9116056092777011,0.0,0.9668544340824102,0.004053567513275838,-0.03929583405201178,0.19402910290836073,0.283973298760743,0.0,0.01964791702600589,0.031188699025460103,-0.015594349512730052,0.015594349512730052,Basal,Weakened
HALLMARK_ANGIOGENESIS,HALLMARK_E2F_TARGETS,-0.08414329127991906,0.24840601999049347,0.0,0.48454995937636064,0.04207164563995953,-0.016129519418597606,0.5940893395088649,0.6751015221691646,0.0,0.008064759709298803,-0.06801377186132145,0.03400688593066072,0.03400688593066072,Basal,Strengthened
HALLMARK_ANGIOGENESIS,HALLMARK_EPITHELIAL_MESENCHYMAL_TRANSITION,0.6412342136181123,2.149419434975827e-23,0.0535714285714285,5.2660776156907755e-21,0.3474028210947704,0.7055314856028645,1.6766889662133842e-165,4.107887967222791e-163,0.0535714285714285,0.3795514570871465,-0.06429727198475221,-0.03214863599237611,0.03214863599237611,Basal,Weakened
HALLMARK_ANGIOGENESIS,HALLMARK_ESTROGEN_RESPONSE_EARLY,0.10982898349053737,0.13143554975404917,0.0,0.3272531472534761,0.05491449174526868,0.0045283588912656885,0.8810738577112377,0.9123545863873763,0.0,0.0022641794456328443,0.10530062459927168,0.05265031229963584,0.05265031229963584,Basal,Strengthened
HALLMARK_ANGIOGENESIS,HALLMARK_ESTROGEN_RESPONSE_LATE,-0.0882820294236429,0.22581108541979888,0.0042553191489361,0.4641251336229088,0.0462686742862895,-0.012026398217328949,0.6911161531882547,0.7615369356615379,0.0042553191489361,0.008140858683132524,-0.07625563120631394,0.03812781560315698,0.03812781560315698,Basal,Strengthened
HALLMARK_ANGIOGENESIS,HALLMARK_FATTY_ACID_METABOLISM,0.00464815326246777,0.9492505768909683,0.0,0.9779915531467083,0.002324076631233885,0.008756349227483067,0.7723544328121532,0.8241586935495537,0.0,0.004378174613741534,-0.004108195965015297,-0.0020540979825076485,0.0020540979825076485,Basal,Weakened
HALLMARK_ANGIOGENESIS,HALLMARK_G2M_CHECKPOINT,0.04218096772419269,0.5633687755614258,0.0,0.7736088057738438,0.021090483862096346,0.021121896060339533,0.4852396873905507,0.5821925730200045,0.0,0.010560948030169767,0.02105907166385316,0.01052953583192658,0.01052953583192658,Basal,Strengthened
HALLMARK_ANGIOGENESIS,HALLMARK_GLYCOLYSIS,-0.06099900426477282,0.403130349404674,0.0128755364806866,0.6315021458065546,0.03693727037272971,-0.0947063549293455,0.0017130073609676647,0.005233002536621918,0.0128755364806866,0.053790945705016045,0.03370735066457268,-0.016853675332286336,0.016853675332286336,Basal,Weakened
HALLMARK_ANGIOGENESIS,HALLMARK_HEDGEHOG_SIGNALING,-0.09114974734120886,0.2110341460021745,0.0285714285714285,0.44342509237163596,0.05986058795631868,0.017681190060326608,0.5590895780085513,0.6485650881254501,0.0285714285714285,0.023126309315877554,-0.10883093740153546,0.036734278640441126,0.036734278640441126,Basal,Strengthened
HALLMARK_ANGIOGENESIS,HALLMARK_HEME_METABOLISM,0.07771357741276799,0.28653596284281885,0.0,0.5342565517236729,0.038856788706383996,-0.018288493133180414,0.5456686754888193,0.6347997411906967,0.0,0.009144246566590207,0.0960020705459484,0.02971254213979379,0.02971254213979379,Basal,Strengthened
HALLMARK_ANGIOGENESIS,HALLMARK_HYPOXIA,0.006396708826994971,0.9302012826441497,0.0128755364806866,0.9714378271432935,0.009636122653840786,0.002257752630027508,0.9405398107607624,0.9585368287703278,0.0128755364806866,0.007566644555357054,0.004138956196967462,0.002069478098483732,0.002069478098483732,Basal,Strengthened
HALLMARK_ANGIOGENESIS,HALLMARK_IL2_STAT5_SIGNALING,0.06428816286317098,0.3782011895935598,0.0217391304347826,0.6144000701803269,0.04301364664897679,0.010566968146912211,0.7269994111225863,0.7895162044549363,0.0217391304347826,0.016153049290847404,0.05372119471625876,0.026860597358129387,0.026860597358129387,Basal,Strengthened
HALLMARK_ANGIOGENESIS,HALLMARK_IL6_JAK_STAT3_SIGNALING,0.007275501530210689,0.9206417249124439,0.0165289256198347,0.9690574940778214,0.011902213575022694,0.019977746218327385,0.5091974657933488,0.6044252864310584,0.0165289256198347,0.018253335919081043,-0.012702244688116697,-0.0063511223440583485,0.0063511223440583485,Basal,Weakened
HALLMARK_ANGIOGENESIS,HALLMARK_INFLAMMATORY_RESPONSE,-0.009563722632803397,0.8958070338348032,0.0128755364806866,0.9592339304612185,0.011219629556744999,0.06665329859194702,0.027486802043978638,0.05736172487883106,0.0128755364806866,0.03976441753631681,-0.07621702122475041,-0.028544787979571808,0.028544787979571808,Basal,Weakened
HALLMARK_ANGIOGENESIS,HALLMARK_INTERFERON_ALPHA_RESPONSE,-0.07651220217457784,0.2940735501824753,0.0,0.541714434546665,0.03825610108728892,0.07162300752969408,0.017821108598663402,0.03991016093850579,0.0,0.03581150376484704,-0.1481352097042719,0.0024445973224418785,0.0024445973224418785,Basal,Strengthened
HALLMARK_ANGIOGENESIS,HALLMARK_INTERFERON_GAMMA_RESPONSE,0.10422287711648687,0.15242067445443855,0.0,0.36187431725024827,0.052111438558243434,-0.0640210627898659,0.03423514709672146,0.0683030214877586,0.0,0.03201053139493295,0.16824393990635278,0.020100907163310484,0.020100907163310484,Basal,Strengthened
HALLMARK_ANGIOGENESIS,HALLMARK_KRAS_SIGNALING_DN,-0.0005532746658642573,0.9939552529367958,0.0,0.9980288400389958,0.00027663733293212863,0.023286966653180603,0.44162274053844364,0.5404474097498436,0.0,0.011643483326590301,-0.023840241319044858,-0.011366845993658174,0.011366845993658174,Basal,Weakened
HALLMARK_ANGIOGENESIS,HALLMARK_KRAS_SIGNALING_UP,0.45696556365991386,3.4208636350150095e-11,0.0128755364806866,2.328087751607437e-09,0.23492055007030024,0.39849158328082407,5.977049434095873e-43,3.660942778383722e-41,0.0128755364806866,0.20568355988075535,0.058473980379089796,0.029236990189544898,0.029236990189544898,Basal,Strengthened
HALLMARK_ANGIOGENESIS,HALLMARK_MITOTIC_SPINDLE,0.02027832164777996,0.7812415757990799,0.0,0.9080241099613562,0.01013916082388998,0.005512007703994272,0.8554992924908181,0.8934242398135142,0.0,0.002756003851997136,0.014766313943785688,0.007383156971892844,0.007383156971892844,Basal,Strengthened
HALLMARK_ANGIOGENESIS,HALLMARK_MTORC1_SIGNALING,0.045262856040838614,0.5351878562349665,0.0042553191489361,0.7486710215807961,0.024759087594887357,0.07826526743463191,0.009606238881009158,0.023441519181745456,0.0042553191489361,0.041260293291784,-0.0330024113937933,-0.016501205696896646,0.016501205696896646,Basal,Weakened
HALLMARK_ANGIOGENESIS,HALLMARK_MYC_TARGETS_V1,0.12461602881654199,0.08670109183382106,0.0,0.2581430559716434,0.062308014408270995,0.07647927668191755,0.01139266091703434,0.027151769695266666,0.0,0.038239638340958775,0.04813675213462444,0.02406837606731222,0.02406837606731222,Basal,Strengthened
HALLMARK_ANGIOGENESIS,HALLMARK_MYC_TARGETS_V2,-0.04183697428744201,0.5665577502466408,0.0,0.7745906741653292,0.020918487143721003,-0.047449470149740054,0.11676159820041389,0.18721591334490445,0.0,0.023724735074870027,0.0056124958622980475,-0.0028062479311490238,0.0028062479311490238,Basal,Weakened
HALLMARK_ANGIOGENESIS,HALLMARK_MYOGENESIS,-0.13901133049467548,0.05577469263248078,0.0085470085470085,0.18667759146117202,0.07377916952084199,-0.07848865155925029,0.009401335857911801,0.02307943171531454,0.0085470085470085,0.0435178300531294,-0.06052267893542519,0.03026133946771259,0.03026133946771259,Basal,Strengthened
HALLMARK_ANGIOGENESIS,HALLMARK_NOTCH_SIGNALING,0.1557813715336271,0.03185315958538371,0.0149253731343283,0.1300670683069835,0.08535337233397769,-0.02295382534940655,0.44818452780214363,0.5473838948730069,0.0149253731343283,0.018939599241867423,0.17873519688303363,0.06641377309211027,0.06641377309211027,Basal,Strengthened
HALLMARK_ANGIOGENESIS,HALLMARK_OXIDATIVE_PHOSPHORYLATION,-0.10584706443350611,0.1460962471828969,0.0,0.3515083731624342,0.052923532216753055,-0.0637347872446839,0.03504793398190763,0.06981092541111682,0.0,0.03186739362234195,-0.04211227718882221,0.021056138594411106,0.021056138594411106,Basal,Strengthened
HALLMARK_ANGIOGENESIS,HALLMARK_P53_PATHWAY,0.1752360816971126,0.015594700029829009,0.0216450216450216,0.08163892109632707,0.0984405516710671,0.0121968159454777,0.6869690644711962,0.7596360510266906,0.0216450216450216,0.01692091879524965,0.1630392657516349,0.08151963287581745,0.08151963287581745,Basal,Strengthened
HALLMARK_ANGIOGENESIS,HALLMARK_PANCREAS_BETA_CELLS,0.026574871331405098,0.7158905975996963,0.0,0.8704690294280454,0.013287435665702549,0.03472742350074335,0.25110652088466434,0.3471845237965167,0.0,0.017363711750371675,-0.008152552169338252,-0.004076276084669126,0.004076276084669126,Basal,Weakened
HALLMARK_ANGIOGENESIS,HALLMARK_PEROXISOME,0.007251301284186023,0.9209048306807791,0.0,0.9690574940778214,0.0036256506420930114,-0.024634142729206263,0.41565477574310483,0.5165371319138492,0.0,0.012317071364603131,0.031885444013392286,-0.00869142072251012,0.00869142072251012,Basal,Weakened
HALLMARK_ANGIOGENESIS,HALLMARK_PI3K_AKT_MTOR_SIGNALING,-0.07487190848494141,0.30457612552430735,0.0,0.5503034716331512,0.037435954242470704,0.009146981860545363,0.7624973044884057,0.8164853129355742,0.0,0.004573490930272681,-0.08401889034548676,0.032862463312198026,0.032862463312198026,Basal,Strengthened
HALLMARK_ANGIOGENESIS,HALLMARK_PROTEIN_SECRETION,0.014152591618431371,0.8463306110330819,0.0,0.9361046490701302,0.007076295809215686,0.09998222710129111,0.0009279743869226256,0.00316648641777219,0.0,0.049991113550645554,-0.08582963548285974,-0.04291481774142987,0.04291481774142987,Basal,Weakened
HALLMARK_ANGIOGENESIS,HALLMARK_REACTIVE_OXYGEN_SPECIES_PATHWAY,0.10377936509198153,0.15418308364348457,0.0,0.3639196097558162,0.051889682545990766,-0.04918612279239195,0.10395212770766331,0.17185068345733812,0.0,0.024593061396195975,0.15296548788437347,0.02729662114979479,0.02729662114979479,Basal,Strengthened
HALLMARK_ANGIOGENESIS,HALLMARK_SPERMATOGENESIS,-0.0547483787179011,0.45311178992284357,0.0,0.669525707222321,0.02737418935895055,-0.023940616920781907,0.428908921887603,0.5300807707756938,0.0,0.011970308460390953,-0.030807761797119193,0.015403880898559597,0.015403880898559597,Basal,Strengthened
HALLMARK_ANGIOGENESIS,HALLMARK_TGF_BETA_SIGNALING,-0.11571015976583494,0.11188574655857413,0.0,0.29925772824072777,0.05785507988291747,-0.04830783744961457,0.11028356756149041,0.17922880556407217,0.0,0.024153918724807284,-0.06740232231622037,0.033701161158110185,0.033701161158110185,Basal,Strengthened
HALLMARK_ANGIOGENESIS,HALLMARK_TNFA_SIGNALING_VIA_NFKB,-0.18154923565340894,0.012181668326735676,0.0172413793103448,0.0703749925825651,0.09939530748187687,-0.17420695394602415,6.638318186418435e-09,6.30382928555239e-08,0.0172413793103448,0.09572416662818448,-0.007342281707384796,0.003671140853692398,0.003671140853692398,Basal,Strengthened
HALLMARK_ANGIOGENESIS,HALLMARK_UNFOLDED_PROTEIN_RESPONSE,0.06907946719530617,0.3436167977430744,0.0067567567567567,0.5826487598041076,0.037918111976031434,0.04445976548655115,0.14167495779884462,0.21940812048493638,0.0067567567567567,0.025608261121653927,0.024619701708755014,0.012309850854377507,0.012309850854377507,Basal,Strengthened
HALLMARK_ANGIOGENESIS,HALLMARK_UV_RESPONSE_DN,0.22776769057745058,0.0015750417748020633,0.0227272727272727,0.016490822001132714,0.12524748165236163,0.12301079188040882,4.512966493854474e-05,0.00021851319980125417,0.0227272727272727,0.07286903230384076,0.10475689869704176,0.05237844934852087,0.05237844934852087,Basal,Strengthened
HALLMARK_ANGIOGENESIS,HALLMARK_UV_RESPONSE_UP,0.09785487367618183,0.17921975998856196,0.005181347150259,0.39773007675609745,0.051518110413220415,0.03860907398182445,0.2019424709024445,0.29379991313004095,0.005181347150259,0.021895210566041726,0.05924579969435738,0.02962289984717869,0.02962289984717869,Basal,Strengthened
HALLMARK_ANGIOGENESIS,HALLMARK_WNT_BETA_CATENIN_SIGNALING,-0.15045929183907047,0.03825958227853286,0.04,0.1469215933893503,0.09522964591953524,-0.06750665405581363,0.02556063771279511,0.05398582965202415,0.04,0.05375332702790682,-0.08295263778325684,0.04147631889162842,0.04147631889162842,Basal,Strengthened
HALLMARK_ANGIOGENESIS,HALLMARK_XENOBIOTIC_METABOLISM,-0.1773970307066443,0.014342630842796366,0.0042553191489361,0.07774213620542278,0.0908261749277902,-0.006641953934000735,0.8263085937700645,0.8729961828258274,0.0042553191489361,0.005448636541468418,-0.17075507677264357,0.08537753838632178,0.08537753838632178,Basal,Strengthened
HALLMARK_APICAL_JUNCTION,HALLMARK_APICAL_SURFACE,0.08959992832783457,0.21893160308577556,0.0209205020920502,0.4537830692799471,0.055260215209942384,0.17093437741158915,1.2761604081365381e-08,1.1166403571194708e-07,0.0209205020920502,0.09592743975181968,-0.08133444908375458,-0.040667224541877295,0.040667224541877295,Basal,Weakened
HALLMARK_APICAL_JUNCTION,HALLMARK_APOPTOSIS,0.105782898871239,0.14634226147987056,0.0055710306406685,0.3515083731624342,0.055676964755953746,-0.022371603039013335,0.4597841197197957,0.5593203045250742,0.0055710306406685,0.013971316839840917,0.12815450191025232,0.04170564791611283,0.04170564791611283,Basal,Strengthened
HALLMARK_APICAL_JUNCTION,HALLMARK_BILE_ACID_METABOLISM,0.16310433758882617,0.02454556104278572,0.0,0.11054526572578127,0.08155216879441309,-0.01984183318490943,0.512083956777463,0.606675867555505,0.0,0.009920916592454716,0.1829461707737356,0.07163125220195837,0.07163125220195837,Basal,Strengthened
HALLMARK_APICAL_JUNCTION,HALLMARK_CHOLESTEROL_HOMEOSTASIS,0.08534752656321916,0.24167563414583776,0.011070110701107,0.479252367755635,0.04820881863216308,0.21047155075879115,2.0294159007134603e-12,3.3147126378319853e-11,0.011070110701107,0.11077083072994907,-0.125124024195572,-0.062562012097786,0.062562012097786,Basal,Weakened
HALLMARK_APICAL_JUNCTION,HALLMARK_COAGULATION,0.1457961856272575,0.0447349822792317,0.0242424242424242,0.16358314415539948,0.08501930493484085,0.2247316719373568,5.4333873776003126e-14,1.0084696269030884e-12,0.0242424242424242,0.1244870480898905,-0.0789354863100993,-0.03946774315504965,0.03946774315504965,Basal,Weakened
HALLMARK_APICAL_JUNCTION,HALLMARK_COMPLEMENT,0.10511150623227275,0.1489353068783838,0.015228426395939,0.35564473864721274,0.06016996631410587,-0.038497592652901105,0.20324889855263623,0.2949998823779376,0.015228426395939,0.026863009524420053,0.14360909888517387,0.033306956789685815,0.033306956789685815,Basal,Strengthened
HALLMARK_APICAL_JUNCTION,HALLMARK_DNA_REPAIR,-0.049467328104244514,0.49791398182289287,0.0028653295128939,0.7133855295123318,0.026166328808569207,-0.09914397651673386,0.0010249113994182375,0.0034397711350338104,0.0028653295128939,0.051004653014813876,0.049676648412489345,-0.02483832420624467,0.02483832420624467,Basal,Weakened
HALLMARK_APICAL_JUNCTION,HALLMARK_E2F_TARGETS,-0.006275083784363195,0.9315251455649084,0.0025062656641604,0.9714452686077472,0.004390674724261797,0.03660246046337137,0.2264046738071653,0.32049372362913203,0.0025062656641604,0.019554363063765887,-0.042877544247734566,-0.01516368833950409,0.01516368833950409,Basal,Weakened
HALLMARK_APICAL_JUNCTION,HALLMARK_EPITHELIAL_MESENCHYMAL_TRANSITION,-0.09506966672467923,0.19197641129724563,0.0443864229765013,0.41919982859024224,0.06972804485059027,-0.024606344344173116,0.41618134628487274,0.5165371319138492,0.0443864229765013,0.03449638366033721,-0.07046332238050612,0.03523166119025306,0.03523166119025306,Basal,Strengthened
HALLMARK_APICAL_JUNCTION,HALLMARK_ESTROGEN_RESPONSE_EARLY,-0.03497112360692247,0.6319320447304277,0.0075566750629722,0.8183052376266109,0.021263899334947337,-0.13055160468066204,1.4796477437090438e-05,7.796385736443025e-05,0.0075566750629722,0.06905413987181712,0.09558048107373956,-0.04779024053686978,0.04779024053686978,Basal,Weakened
HALLMARK_APICAL_JUNCTION,HALLMARK_ESTROGEN_RESPONSE_LATE,0.12420074022557295,0.0877646955780056,0.0101010101010101,0.2584417117381175,0.06715087516329153,0.17328111745534014,7.996701177543937e-09,7.256265883326905e-08,0.0101010101010101,0.09169106377817512,-0.049080377229767186,-0.024540188614883593,0.024540188614883593,Basal,Weakened
HALLMARK_APICAL_JUNCTION,HALLMARK_FATTY_ACID_METABOLISM,0.1158828759356018,0.1113480511519822,0.0084507042253521,0.2984712530879173,0.06216679008047695,-0.17754369513187826,3.365498194169799e-09,3.298188230286403e-08,0.0084507042253521,0.09299719967861518,0.29342657106748005,-0.03083040959813823,0.03083040959813823,Basal,Weakened
HALLMARK_APICAL_JUNCTION,HALLMARK_G2M_CHECKPOINT,-0.08294660313299733,0.25522198419904935,0.0050251256281407,0.49235737109265426,0.04398586438056901,-0.15142667847221183,4.857542769881547e-07,3.279666973528852e-06,0.0050251256281407,0.07822590205017627,0.0684800753392145,-0.03424003766960725,0.03424003766960725,Basal,Weakened
HALLMARK_APICAL_JUNCTION,HALLMARK_GLYCOLYSIS,0.2287385178494816,0.0015018350843473951,0.015228426395939,0.01585989636487551,0.1219834721227103,0.2138088111148179,8.896446725719523e-13,1.534950315353016e-11,0.015228426395939,0.11451861875537844,0.014929706734663706,0.007464853367331853,0.007464853367331853,Basal,Strengthened
HALLMARK_APICAL_JUNCTION,HALLMARK_HEDGEHOG_SIGNALING,-0.04627680236115085,0.5260728966347556,0.0172413793103448,0.7407457254516914,0.03175909083574782,-0.0015361561928648165,0.9595236648512225,0.972222075635027,0.0172413793103448,0.009388767751604809,-0.04474064616828603,0.022370323084143013,0.022370323084143013,Basal,Strengthened
HALLMARK_APICAL_JUNCTION,HALLMARK_HEME_METABOLISM,-0.06817699101712126,0.34997303616338943,0.0025062656641604,0.5880891211250371,0.03534162834064083,-0.022899112136609855,0.44926746053088773,0.5481599991537226,0.0025062656641604,0.012702688900385128,-0.0452778788805114,0.0226389394402557,0.0226389394402557,Basal,Strengthened
HALLMARK_APICAL_JUNCTION,HALLMARK_HYPOXIA,-0.07424799500038576,0.30863501586959974,0.0101010101010101,0.5549723082857976,0.04217450255069793,-0.10191770369286751,0.000735648338962205,0.002552887295265442,0.0101010101010101,0.056009356896938804,0.027669708692481754,-0.013834854346240877,0.013834854346240877,Basal,Weakened
HALLMARK_APICAL_JUNCTION,HALLMARK_IL2_STAT5_SIGNALING,0.07991682048993551,0.273051562800484,0.0050377833753148,0.5153900838684019,0.04247730193262515,-0.03453512764203668,0.25374214130611017,0.3496446829021203,0.0050377833753148,0.01978645550867574,0.11445194813197218,0.022690846423949414,0.022690846423949414,Basal,Strengthened
HALLMARK_APICAL_JUNCTION,HALLMARK_IL6_JAK_STAT3_SIGNALING,-0.2786085839784098,9.927164465344456e-05,0.0,0.00173725378143528,0.1393042919892049,0.04350890855977852,0.15039938293156438,0.2305872892254898,0.0,0.02175445427988926,-0.32211749253818833,0.11754983770931565,0.11754983770931565,Basal,Strengthened
HALLMARK_APICAL_JUNCTION,HALLMARK_INFLAMMATORY_RESPONSE,-0.06185474496740839,0.3965523327794583,0.0075566750629722,0.6276183561431995,0.034705710015190294,-0.04849564594513523,0.10890472034609763,0.17791003967709138,0.0075566750629722,0.028026160504053717,-0.013359099022273162,0.006679549511136577,0.006679549511136577,Basal,Strengthened
HALLMARK_APICAL_JUNCTION,HALLMARK_INTERFERON_ALPHA_RESPONSE,-0.2322636094675042,0.0012614014456243609,0.0,0.013436667572955148,0.1161318047337521,-0.04987067741249476,0.09922011697082149,0.16514217838214174,0.0,0.02493533870624738,-0.18239293205500945,0.09119646602750472,0.09119646602750472,Basal,Strengthened
HALLMARK_APICAL_JUNCTION,HALLMARK_INTERFERON_GAMMA_RESPONSE,0.24564182296463566,0.0006352783867420059,0.0101010101010101,0.007782160237589573,0.12787141653282288,0.049336115587561784,0.10290026704300582,0.17043396411140616,0.0101010101010101,0.029718562844285944,0.19630570737707387,0.09815285368853693,0.09815285368853693,Basal,Strengthened
HALLMARK_APICAL_JUNCTION,HALLMARK_KRAS_SIGNALING_DN,-0.05674458046936797,0.43678398352251313,0.0101010101010101,0.6597538592047826,0.03342279528518904,0.10406175559829255,0.0005661342967252292,0.002021908202590104,0.0101010101010101,0.05708138284965132,-0.1608063360676605,-0.023658587564462284,0.023658587564462284,Basal,Weakened
HALLMARK_APICAL_JUNCTION,HALLMARK_KRAS_SIGNALING_UP,0.2247514091558753,0.0018237716237236217,0.0178117048346055,0.018312460975913415,0.1212815569952404,0.15447405285603405,2.8313668198205303e-07,2.0048695689480634e-06,0.0178117048346055,0.08614287884531978,0.07027735629984125,0.035138678149920624,0.035138678149920624,Basal,Strengthened
HALLMARK_APICAL_JUNCTION,HALLMARK_MITOTIC_SPINDLE,0.25459362561489446,0.0003929627493345389,0.0363636363636363,0.005014368415987606,0.1454786309892654,0.22378641841383157,6.961386389379362e-14,1.2727907950730923e-12,0.0363636363636363,0.13007502738873394,0.03080720720106289,0.015403603600531446,0.015403603600531446,Basal,Strengthened
HALLMARK_APICAL_JUNCTION,HALLMARK_MTORC1_SIGNALING,0.08368616038549524,0.25099463215296697,0.0101010101010101,0.48765955153495805,0.04689358524325267,-0.013306196871633707,0.6602067637742454,0.7338959034695559,0.0101010101010101,0.011703603486321903,0.09699235725712894,0.03518998175693076,0.03518998175693076,Basal,Strengthened
HALLMARK_APICAL_JUNCTION,HALLMARK_MYC_TARGETS_V1,0.08212038917297894,0.260002444884381,0.0,0.4968845475559544,0.04106019458648947,0.1287853557581395,1.9321015907459178e-05,9.90303116595711e-05,0.0,0.06439267787906976,-0.046664966585160575,-0.023332483292580287,0.023332483292580287,Basal,Weakened
HALLMARK_APICAL_JUNCTION,HALLMARK_MYC_TARGETS_V2,-0.09383770749186754,0.19782552859910538,0.0,0.4281438037860604,0.04691885374593377,0.027912382191176994,0.3563486243521065,0.4585368328060194,0.0,0.013956191095588497,-0.12175008968304453,0.032962662650345274,0.032962662650345274,Basal,Strengthened
HALLMARK_APICAL_JUNCTION,HALLMARK_MYOGENESIS,0.5569782944017587,7.112349736258431e-17,0.0309278350515463,9.680698252129532e-15,0.2939530647266525,0.33161815044177007,1.7128234721166227e-29,7.771143530899492e-28,0.0309278350515463,0.18127299274665817,0.22536014395998866,0.11268007197999433,0.11268007197999433,Basal,Strengthened
HALLMARK_APICAL_JUNCTION,HALLMARK_NOTCH_SIGNALING,-0.03729684846666156,0.6094302842790861,0.0,0.802744191657936,0.01864842423333078,0.0359188667932845,0.2352017851300526,0.32890660591816717,0.0,0.01795943339664225,-0.07321571525994605,0.0006889908366885279,0.0006889908366885279,Basal,Strengthened
HALLMARK_APICAL_JUNCTION,HALLMARK_OXIDATIVE_PHOSPHORYLATION,-0.16562016014517614,0.022392357739422438,0.0,0.104840141415345,0.08281008007258807,0.005301152876721497,0.8609696514636292,0.8960814129506762,0.0,0.0026505764383607487,-0.17092131302189764,0.08015950363422732,0.08015950363422732,Basal,Strengthened
HALLMARK_APICAL_JUNCTION,HALLMARK_P53_PATHWAY,0.06799938827312389,0.3512325718713481,0.0101010101010101,0.5885908352153234,0.039050199187066995,0.07380513234217534,0.014618523855521572,0.03378809759059231,0.0101010101010101,0.04195307122159272,-0.005805744069051447,-0.0029028720345257233,0.0029028720345257233,Basal,Weakened
HALLMARK_APICAL_JUNCTION,HALLMARK_PANCREAS_BETA_CELLS,0.2590507138347099,0.0003073689101955871,0.00418410041841,0.004137658406479057,0.13161740712655995,0.0804907276989195,0.007731771333501269,0.019562653311642683,0.00418410041841,0.04233741405866475,0.17855998613579038,0.08927999306789519,0.08927999306789519,Basal,Strengthened
HALLMARK_APICAL_JUNCTION,HALLMARK_PEROXISOME,-0.18357918182163047,0.011233485712756536,0.0099667774086378,0.06647835747887322,0.09677297961513413,0.021515777386804453,0.4771353554375624,0.5752862307195019,0.0099667774086378,0.015741277397721125,-0.20509495920843493,0.08103170221741302,0.08103170221741302,Basal,Strengthened
HALLMARK_APICAL_JUNCTION,HALLMARK_PI3K_AKT_MTOR_SIGNALING,0.2715765442406495,0.0001505232813659112,0.020066889632107,0.0023340635401676107,0.14582171693637824,0.2640604305780594,6.56050118143551e-19,1.7470899885344566e-17,0.020066889632107,0.1420636601050832,0.007516113662590085,0.0037580568312950424,0.0037580568312950424,Basal,Strengthened
HALLMARK_APICAL_JUNCTION,HALLMARK_PROTEIN_SECRETION,-0.07308324239415824,0.3163068698698445,0.0033898305084745,0.5592415583466913,0.03823653645131637,0.06964562400162298,0.021237240282694074,0.04629339455207388,0.0033898305084745,0.03651772725504874,-0.14272886639578122,0.0017188091962676288,0.0017188091962676288,Basal,Strengthened
HALLMARK_APICAL_JUNCTION,HALLMARK_REACTIVE_OXYGEN_SPECIES_PATHWAY,-0.005603985411055174,0.9388331914388475,0.0,0.9739489859546789,0.002801992705527587,-0.05217386069296265,0.08454774866954248,0.1454611168056385,0.0,0.026086930346481324,0.04656987528190747,-0.023284937640953737,0.023284937640953737,Basal,Weakened
HALLMARK_APICAL_JUNCTION,HALLMARK_SPERMATOGENESIS,-0.11280521858764131,0.12123704499590517,0.006006006006006,0.3145047086879805,0.05940561229682365,-0.08647912099869921,0.004203810092192018,0.011598349916520768,0.006006006006006,0.046242563502352604,-0.026326097588942096,0.013163048794471048,0.013163048794471048,Basal,Strengthened
HALLMARK_APICAL_JUNCTION,HALLMARK_TGF_BETA_SIGNALING,-0.0014166229537059217,0.9845236434501299,0.0079365079365079,0.9958581118075517,0.00467656544510691,0.036841119120350464,0.223389311144329,0.3170401352817474,0.0079365079365079,0.022388813528429183,-0.03825774207405638,-0.017712248083322273,0.017712248083322273,Basal,Weakened
HALLMARK_APICAL_JUNCTION,HALLMARK_TNFA_SIGNALING_VIA_NFKB,0.21465709934870225,0.002938821761366729,0.0101010101010101,0.025857653115820414,0.11237905472485618,0.03802528414715034,0.20885197232073144,0.30099254834458355,0.0101010101010101,0.02406314712408022,0.1766318152015519,0.08831590760077596,0.08831590760077596,Basal,Strengthened
HALLMARK_APICAL_JUNCTION,HALLMARK_UNFOLDED_PROTEIN_RESPONSE,0.02343371553530508,0.7482679704902258,0.0032051282051282,0.8890671812323245,0.01331942187021664,-0.049735396001456864,0.10014138911107097,0.16644939167036898,0.0032051282051282,0.026470262103292532,0.07316911153676195,-0.013150840233075892,0.013150840233075892,Basal,Weakened
HALLMARK_APICAL_JUNCTION,HALLMARK_UV_RESPONSE_DN,0.05563955874757948,0.4457805613494655,0.026865671641791,0.6647206946167521,0.04125261519468524,0.09785571362927,0.0011922668167238652,0.003884379921507273,0.026865671641791,0.0623606926355305,-0.04221615488169051,-0.02110807744084526,0.02110807744084526,Basal,Weakened
HALLMARK_APICAL_JUNCTION,HALLMARK_UV_RESPONSE_UP,-0.30884079735392844,1.4546496372045406e-05,0.0056179775280898,0.00038729492465045673,0.15722938744100912,-0.05488775119341751,0.06956358521593077,0.12261207466117294,0.0056179775280898,0.030252864360753653,-0.25395304616051095,0.12697652308025548,0.12697652308025548,Basal,Strengthened
HALLMARK_APICAL_JUNCTION,HALLMARK_WNT_BETA_CATENIN_SIGNALING,0.041982451153773186,0.5652080662592573,0.0041493775933609,0.7736088057738438,0.023065914373567042,0.1083036056093001,0.0003323567737426986,0.0012843439994788828,0.0041493775933609,0.056226491601330496,-0.06632115445552692,-0.03316057722776346,0.03316057722776346,Basal,Weakened
HALLMARK_APICAL_JUNCTION,HALLMARK_XENOBIOTIC_METABOLISM,-0.09556953206629851,0.18963947511864673,0.0025062656641604,0.41632322046656317,0.049037898865229454,0.03195117292605931,0.2910285629060173,0.3898267065998174,0.0025062656641604,0.017228719295109857,-0.12752070499235782,0.0318091795701196,0.0318091795701196,Basal,Strengthened
HALLMARK_APICAL_SURFACE,HALLMARK_APOPTOSIS,0.18011892412972774,0.01289134324997642,0.0148514851485148,0.07289784370731839,0.09748520463912128,0.12493099447280967,3.4175202006458284e-05,0.0001694923986150259,0.0148514851485148,0.06989123981066224,0.05518792965691807,0.027593964828459036,0.027593964828459036,Basal,Strengthened
HALLMARK_APICAL_SURFACE,HALLMARK_BILE_ACID_METABOLISM,-0.09256734628738489,0.20399131339566992,0.0,0.4323345309856326,0.046283673143692444,0.05124908359944727,0.09021333983652266,0.1528510944671373,0.0,0.025624541799723635,-0.14381642988683216,0.02065913134396881,0.02065913134396881,Basal,Strengthened
HALLMARK_APICAL_SURFACE,HALLMARK_CHOLESTEROL_HOMEOSTASIS,-0.028541516281608708,0.6958702926524017,0.0085470085470085,0.8617938794839524,0.018544262414308604,-0.041016739367353075,0.17520235662908928,0.2604646685323233,0.0085470085470085,0.02478187395718079,0.012475223085744367,-0.006237611542872185,0.006237611542872185,Basal,Weakened
HALLMARK_APICAL_SURFACE,HALLMARK_COAGULATION,0.11934886265060549,0.1009797809627549,0.0,0.2850235752980985,0.05967443132530274,0.08664640445935765,0.004130665445441867,0.011448111245851328,0.0,0.04332320222967882,0.03270245819124784,0.01635122909562392,0.01635122909562392,Basal,Strengthened
HALLMARK_APICAL_SURFACE,HALLMARK_COMPLEMENT,0.03560434824678348,0.6257707349040748,0.0166666666666666,0.8137676754325813,0.02613550745672504,0.03412022570164007,0.2594941608955623,0.35517357217549034,0.0166666666666666,0.025393446184153335,0.001484122545143407,0.0007420612725717035,0.0007420612725717035,Basal,Strengthened
HALLMARK_APICAL_SURFACE,HALLMARK_DNA_REPAIR,-0.13554497808103508,0.062231315203899636,0.0,0.20274830086376874,0.06777248904051754,-0.03384431893616299,0.26336876909431417,0.35967306816113137,0.0,0.016922159468081496,-0.10170065914487209,0.05085032957243604,0.05085032957243604,Basal,Strengthened
HALLMARK_APICAL_SURFACE,HALLMARK_E2F_TARGETS,0.07400257863368065,0.3102412588293491,0.0041152263374485,0.5549723082857976,0.039058902485564574,0.0219005365983029,0.4692906927382582,0.5669438842252132,0.0041152263374485,0.013007881467875699,0.05210204203537775,0.026051021017688875,0.026051021017688875,Basal,Strengthened
HALLMARK_APICAL_SURFACE,HALLMARK_EPITHELIAL_MESENCHYMAL_TRANSITION,-0.05731616379774258,0.4321714292699855,0.0124481327800829,0.6570380746999787,0.034882148288912736,-0.1675928737850427,2.455540488848653e-08,2.0602993827668494e-07,0.0124481327800829,0.0900205032825628,0.11027670998730013,-0.05513835499365006,0.05513835499365006,Basal,Weakened
HALLMARK_APICAL_SURFACE,HALLMARK_ESTROGEN_RESPONSE_EARLY,-0.07394824072689335,0.3105976378078999,0.0041152263374485,0.5549723082857976,0.039031733532170924,-0.1081653646378311,0.00033827873106308866,0.001299032744678005,0.0041152263374485,0.056140295487639796,0.034217123910937744,-0.017108561955468872,0.017108561955468872,Basal,Weakened
HALLMARK_APICAL_SURFACE,HALLMARK_ESTROGEN_RESPONSE_LATE,0.11279775958217353,0.1212618136902437,0.0,0.3145047086879805,0.056398879791086765,0.11117039641213311,0.0002293704189434045,0.000936595877352235,0.0,0.055585198206066555,0.001627363170040419,0.0008136815850202095,0.0008136815850202095,Basal,Strengthened
HALLMARK_APICAL_SURFACE,HALLMARK_FATTY_ACID_METABOLISM,-0.008218486910740657,0.9103965496933488,0.0049751243781094,0.9668544340824102,0.006596805644425028,-0.06539193545705395,0.030562367317451468,0.062371544364983905,0.0049751243781094,0.035183529917581675,0.05717344854631329,-0.028586724273156647,0.028586724273156647,Basal,Weakened
HALLMARK_APICAL_SURFACE,HALLMARK_G2M_CHECKPOINT,-0.1160281046139778,0.11089749659777531,0.0041152263374485,0.2984712530879173,0.06007166547571315,-0.029663818219349276,0.3269653201504763,0.4289455253057404,0.0041152263374485,0.016889522278398888,-0.08636428639462854,0.04318214319731427,0.04318214319731427,Basal,Strengthened
HALLMARK_APICAL_SURFACE,HALLMARK_GLYCOLYSIS,0.09968668201477514,0.17117763539242226,0.0041152263374485,0.386174223491192,0.05190095417611182,0.0587143811056445,0.05220099261792546,0.0964497978234671,0.0041152263374485,0.0314148037215465,0.040972300909130635,0.020486150454565318,0.020486150454565318,Basal,Strengthened
HALLMARK_APICAL_SURFACE,HALLMARK_HEDGEHOG_SIGNALING,0.17961213119109243,0.013151366089238664,0.0126582278481012,0.07289784370731839,0.09613517951959681,0.10720854049166187,0.00038204943127532196,0.0014356151942094152,0.0126582278481012,0.05993338416988153,0.07240359069943056,0.03620179534971528,0.03620179534971528,Basal,Strengthened
HALLMARK_APICAL_SURFACE,HALLMARK_HEME_METABOLISM,0.059186983451845546,0.4172714793587762,0.0,0.6445870898039102,0.029593491725922773,0.0183644770061008,0.5440007944422954,0.633461001132901,0.0,0.0091822385030504,0.04082250644574474,0.02041125322287237,0.02041125322287237,Basal,Strengthened
HALLMARK_APICAL_SURFACE,HALLMARK_HYPOXIA,-0.06349623373724148,0.38411560374161224,0.0082644628099173,0.6191337033993092,0.03588034827357939,-0.00842396503284582,0.7807707886548396,0.8316906226975466,0.0082644628099173,0.008344213921381561,-0.055072268704395654,0.027536134352197827,0.027536134352197827,Basal,Strengthened
HALLMARK_APICAL_SURFACE,HALLMARK_IL2_STAT5_SIGNALING,-0.14285570873711984,0.049271785214578,0.0041322314049586,0.17195993415344174,0.07349397007103922,-0.030792511011024256,0.3088871411544482,0.40950946743960936,0.0041322314049586,0.017462371207991427,-0.11206319772609558,0.056031598863047795,0.056031598863047795,Basal,Strengthened
HALLMARK_APICAL_SURFACE,HALLMARK_IL6_JAK_STAT3_SIGNALING,-0.17279750178147835,0.017121247883135536,0.0076923076923076,0.08689743733180083,0.09024490473689298,-0.08441070704691275,0.005210295607522683,0.013815177747219236,0.0076923076923076,0.046051507369610174,-0.0883867947345656,0.044193397367282804,0.044193397367282804,Basal,Strengthened
HALLMARK_APICAL_SURFACE,HALLMARK_INFLAMMATORY_RESPONSE,0.13692723384113956,0.059586691454070785,0.0209205020920502,0.1961767523981918,0.07892386796659488,0.11507768121020062,0.0001364040568860736,0.0005883625693149301,0.0209205020920502,0.06799909165112542,0.021849552630938934,0.010924776315469467,0.010924776315469467,Basal,Strengthened
HALLMARK_APICAL_SURFACE,HALLMARK_INTERFERON_ALPHA_RESPONSE,0.013630024456369147,0.851938353611403,0.0,0.9386775667457229,0.006815012228184573,0.01667718639600164,0.5816221245571745,0.6669194526159749,0.0,0.00833859319800082,-0.0030471619396324947,-0.0015235809698162473,0.0015235809698162473,Basal,Weakened
HALLMARK_APICAL_SURFACE,HALLMARK_INTERFERON_GAMMA_RESPONSE,-0.01051930865432904,0.8854642965913708,0.0041152263374485,0.9590572620021479,0.00731726749588877,-0.02437041080747566,0.4206663206969928,0.5210477683051731,0.0041152263374485,0.01424281857246208,0.013851102153146621,-0.0069255510765733105,0.0069255510765733105,Basal,Weakened
HALLMARK_APICAL_SURFACE,HALLMARK_KRAS_SIGNALING_DN,-0.07727085407232519,0.28929846596310366,0.0041152263374485,0.5348932277848955,0.04069304020488684,-0.0006836589607938499,0.9819800081384379,0.9860045163685135,0.0041152263374485,0.002399442649121175,-0.07658719511153134,0.03829359755576567,0.03829359755576567,Basal,Strengthened
HALLMARK_APICAL_SURFACE,HALLMARK_KRAS_SIGNALING_UP,-0.24292492906705324,0.0007324805042566466,0.0124481327800829,0.00849498695552359,0.12768653092356808,-0.1169118282792697,0.00010626853405908276,0.0004733780153540959,0.0124481327800829,0.0646799805296763,-0.12601310078778355,0.06300655039389177,0.06300655039389177,Basal,Strengthened
HALLMARK_APICAL_SURFACE,HALLMARK_MITOTIC_SPINDLE,0.06904164928349958,0.34388167619458754,0.0041322314049586,0.5826487598041076,0.03658694034422909,0.004876940850431501,0.8719952327962581,0.905249288284251,0.0041322314049586,0.00450458612769505,0.06416470843306808,0.032082354216534034,0.032082354216534034,Basal,Strengthened
HALLMARK_APICAL_SURFACE,HALLMARK_MTORC1_SIGNALING,-0.0629004314490189,0.38860206496349015,0.0041152263374485,0.6214589159011429,0.0335078288932337,0.019775885816556066,0.513487597467159,0.6077177662349497,0.0041152263374485,0.011945556077002283,-0.08267631726557496,0.021562272816231416,0.021562272816231416,Basal,Strengthened
HALLMARK_APICAL_SURFACE,HALLMARK_MYC_TARGETS_V1,0.06653938971564229,0.36169443576533017,0.0,0.5987509240709857,0.03326969485782114,-0.023680466066969885,0.4339433354758252,0.5331801263368966,0.0,0.011840233033484943,0.09021985578261217,0.0214294618243362,0.0214294618243362,Basal,Strengthened
HALLMARK_APICAL_SURFACE,HALLMARK_MYC_TARGETS_V2,0.09176122101149599,0.20797515554410453,0.0,0.43850183397853365,0.045880610505747994,0.016225118196709878,0.5919043325617289,0.6744956347796446,0.0,0.008112559098354939,0.07553610281478611,0.037768051407393054,0.037768051407393054,Basal,Strengthened
HALLMARK_APICAL_SURFACE,HALLMARK_MYOGENESIS,-0.06993162820752581,0.33768251762204565,0.0041152263374485,0.5769331716694643,0.037023427272487155,-0.03200544110644853,0.29020947443671247,0.38938292024641047,0.0041152263374485,0.018060333721948516,-0.03792618710107728,0.01896309355053864,0.01896309355053864,Basal,Strengthened
HALLMARK_APICAL_SURFACE,HALLMARK_NOTCH_SIGNALING,0.2742127495732754,0.00012894478815974467,0.0,0.0021435785991767275,0.1371063747866377,0.18242790470259151,1.2161432579950275e-09,1.2733123855076144e-08,0.0,0.09121395235129576,0.09178484487068389,0.045892422435341945,0.045892422435341945,Basal,Strengthened
HALLMARK_APICAL_SURFACE,HALLMARK_OXIDATIVE_PHOSPHORYLATION,0.05347526081364318,0.46370116612716766,0.0,0.679466421657632,0.02673763040682159,0.06575315614078103,0.02965281464587162,0.060642233624695716,0.0,0.032876578070390516,-0.012277895327137855,-0.006138947663568928,0.006138947663568928,Basal,Weakened
HALLMARK_APICAL_SURFACE,HALLMARK_P53_PATHWAY,0.006250345350408882,0.931794441317635,0.0041152263374485,0.9714452686077472,0.005182785843928691,0.052730491602522314,0.08127853025823341,0.14163044035040673,0.0041152263374485,0.028422858969985407,-0.046480146252113434,-0.023240073126056714,0.023240073126056714,Basal,Weakened
HALLMARK_APICAL_SURFACE,HALLMARK_PANCREAS_BETA_CELLS,0.05909545823195037,0.4179933598298715,0.0,0.6448889997375221,0.029547729115975186,-0.010779111242620529,0.7217438845662368,0.7852009401364477,0.0,0.005389555621310264,0.06987456947457091,0.02415817349466492,0.02415817349466492,Basal,Strengthened
HALLMARK_APICAL_SURFACE,HALLMARK_PEROXISOME,0.1391449093476807,0.05553740009928625,0.0,0.18667759146117202,0.06957245467384035,-0.004232146977615099,0.8888008672527454,0.9195785999870043,0.0,0.0021160734888075496,0.1433770563252958,0.0674563811850328,0.0674563811850328,Basal,Strengthened
HALLMARK_APICAL_SURFACE,HALLMARK_PI3K_AKT_MTOR_SIGNALING,0.08587183627158781,0.2387854527510301,0.0067567567567567,0.4778623075402954,0.04631429651417226,-0.056463880497335535,0.06191063224125463,0.11087795978879667,0.0067567567567567,0.031610318627046115,0.14233571676892334,0.014703977887126143,0.014703977887126143,Basal,Strengthened
HALLMARK_APICAL_SURFACE,HALLMARK_PROTEIN_SECRETION,-0.051686758892929764,0.4788055798965158,0.0071942446043165,0.6924874089412418,0.029440501748623133,0.00767815135321985,0.7997478707074642,0.8482174386291288,0.0071942446043165,0.007436197978768175,-0.059364910246149614,0.022004303769854957,0.022004303769854957,Basal,Strengthened
HALLMARK_APICAL_SURFACE,HALLMARK_REACTIVE_OXYGEN_SPECIES_PATHWAY,-0.12272739752925942,0.09162256609252722,0.0,0.2653372185894701,0.06136369876462971,-0.05642496664813916,0.06209083560792298,0.11103835564920532,0.0,0.02821248332406958,-0.06630243088112026,0.03315121544056013,0.03315121544056013,Basal,Strengthened
HALLMARK_APICAL_SURFACE,HALLMARK_SPERMATOGENESIS,0.016076919682091403,0.8257489512260664,0.0056179775280898,0.9270598254476614,0.010847448605090602,0.019007135285038106,0.5299962212180468,0.6212874363560835,0.0056179775280898,0.012312556406563953,-0.002930215602946703,-0.0014651078014733514,0.0014651078014733514,Basal,Weakened
HALLMARK_APICAL_SURFACE,HALLMARK_TGF_BETA_SIGNALING,-0.02651327580364918,0.7165208619430313,0.0,0.8704690294280454,0.01325663790182459,-0.08684646476538561,0.004044704559276247,0.01127036106316291,0.0,0.04342323238269281,0.060333188961736436,-0.030166594480868218,0.030166594480868218,Basal,Weakened
HALLMARK_APICAL_SURFACE,HALLMARK_TNFA_SIGNALING_VIA_NFKB,0.11541914353637216,0.11279632399667934,0.0082644628099173,0.3005974445930326,0.06184180317314473,0.01759557188956111,0.5609944639623333,0.6501591469762141,0.0082644628099173,0.012930017349739205,0.09782357164681105,0.048911785823405524,0.048911785823405524,Basal,Strengthened
HALLMARK_APICAL_SURFACE,HALLMARK_UNFOLDED_PROTEIN_RESPONSE,-0.012210241898826694,0.8672109885856591,0.0,0.9485120187655647,0.006105120949413347,0.03598499559615702,0.23434036996283034,0.32838587353179455,0.0,0.01799249779807851,-0.04819523749498371,-0.011887376848665162,0.011887376848665162,Basal,Weakened
HALLMARK_APICAL_SURFACE,HALLMARK_UV_RESPONSE_DN,-0.213515723373278,0.0030976673148508447,0.0,0.026912357877250246,0.106757861686639,0.026987772668108364,0.3725105154101503,0.47489215751401437,0.0,0.013493886334054182,-0.24050349604138638,0.09326397535258482,0.09326397535258482,Basal,Strengthened
HALLMARK_APICAL_SURFACE,HALLMARK_UV_RESPONSE_UP,-0.12439286483824111,0.08727135091338394,0.0049751243781094,0.2581430559716434,0.06468399460817525,-0.08254806737660117,0.006297504628640694,0.01630960501075021,0.0049751243781094,0.043761595877355286,-0.04184479746163994,0.02092239873081997,0.02092239873081997,Basal,Strengthened
HALLMARK_APICAL_SURFACE,HALLMARK_WNT_BETA_CATENIN_SIGNALING,-0.03998976129952185,0.5838274941702434,0.0,0.7855389800526422,0.019994880649760925,-0.010867261187605995,0.7195639372602773,0.7840377628777435,0.0,0.005433630593802997,-0.029122500111915854,0.014561250055957927,0.014561250055957927,Basal,Strengthened
HALLMARK_APICAL_SURFACE,HALLMARK_XENOBIOTIC_METABOLISM,0.02162305824438646,0.7671376168764711,0.0,0.9039904868136812,0.01081152912219323,-0.013869602461184169,0.646777145744475,0.7228271237329185,0.0,0.0069348012305920845,0.035492660705570625,0.0038767278916011453,0.0038767278916011453,Basal,Strengthened
HALLMARK_APOPTOSIS,HALLMARK_BILE_ACID_METABOLISM,0.009188533849829265,0.8998727774644386,0.0111111111111111,0.9610672645108433,0.010149822480470182,0.13959519317091829,3.575656134530551e-06,2.1791934153233458e-05,0.0111111111111111,0.07535315214101469,-0.13040665932108902,-0.06520332966054451,0.06520332966054451,Basal,Weakened
HALLMARK_APOPTOSIS,HALLMARK_CHOLESTEROL_HOMEOSTASIS,-0.15789139498032212,0.02957870222721173,0.0352422907488986,0.12408873365867935,0.09656684286461036,-0.06589657288001971,0.029298192552278123,0.06021523061174156,0.0352422907488986,0.05056943181445915,-0.09199482210030241,0.045997411050151205,0.045997411050151205,Basal,Strengthened
HALLMARK_APOPTOSIS,HALLMARK_COAGULATION,-0.0686197904543309,0.34684515834514523,0.0310344827586206,0.5855811404242494,0.04982713660647575,-0.011604229811033347,0.7014292718028667,0.7706285721601002,0.0310344827586206,0.021319356284826972,-0.05701556064329756,0.02850778032164878,0.02850778032164878,Basal,Strengthened
HALLMARK_APOPTOSIS,HALLMARK_COMPLEMENT,-0.043310642628394756,0.5529569964092755,0.0403458213256484,0.7636666523126973,0.04182823197702158,0.06208228121174593,0.040068093284956356,0.07791018138741515,0.0403458213256484,0.051214051268697165,-0.10539292384014068,-0.009385819291675583,0.009385819291675583,Basal,Weakened
HALLMARK_APOPTOSIS,HALLMARK_DNA_REPAIR,0.034764031604343,0.63395260354941,0.0064724919093851,0.8191898094388473,0.02061826175686405,0.19069545779988809,2.0359190828244447e-10,2.35283101552825e-09,0.0064724919093851,0.09858397485463659,-0.1559314261955451,-0.07796571309777253,0.07796571309777253,Basal,Weakened
HALLMARK_APOPTOSIS,HALLMARK_E2F_TARGETS,-0.0211011636782304,0.7726025885313111,0.019774011299435,0.905082291020592,0.0204375874888327,-0.08015313516864717,0.007993213668548152,0.020064931852400585,0.019774011299435,0.04996357323404108,0.059051971490416764,-0.029525985745208382,0.029525985745208382,Basal,Weakened
HALLMARK_APOPTOSIS,HALLMARK_EPITHELIAL_MESENCHYMAL_TRANSITION,0.1997576392807503,0.005723692179656634,0.0524781341107871,0.04173525547666295,0.1261178866957687,0.06942332539477292,0.021654790351736595,0.04695065164757049,0.0524781341107871,0.06095072975278001,0.13033431388597738,0.06516715694298869,0.06516715694298869,Basal,Strengthened
HALLMARK_APOPTOSIS,HALLMARK_ESTROGEN_RESPONSE_EARLY,0.062203144090185916,0.39389272941106085,0.0169014084507042,0.6250240848815408,0.03955227627044506,0.07495039192193775,0.013149705448728127,0.030977671489792222,0.0169014084507042,0.04592590018632098,-0.012747247831751837,-0.006373623915875919,0.006373623915875919,Basal,Weakened
HALLMARK_APOPTOSIS,HALLMARK_ESTROGEN_RESPONSE_LATE,0.0382404842232224,0.6004023543710402,0.0255681818181818,0.7974495160641042,0.0319043330207021,-0.0056337906430371665,0.852342928623267,0.8916482387391136,0.0255681818181818,0.015600986230609484,0.04387427486625956,0.016303346790092616,0.016303346790092616,Basal,Strengthened
HALLMARK_APOPTOSIS,HALLMARK_FATTY_ACID_METABOLISM,-0.1268961303286321,0.08104411795913365,0.0063091482649842,0.2494448354269817,0.06660263929680814,0.06788920075485992,0.02473574028252027,0.05278968962732984,0.0063091482649842,0.03709917450992206,-0.194785331083492,0.029503464786886077,0.029503464786886077,Basal,Strengthened
HALLMARK_APOPTOSIS,HALLMARK_G2M_CHECKPOINT,0.002812884670639166,0.969275354445477,0.011204481792717,0.9906845378990381,0.007008683231678083,0.05628184541538387,0.06275733761079172,0.11206667430498521,0.011204481792717,0.033743163604050434,-0.053468960744744706,-0.026734480372372353,0.026734480372372353,Basal,Weakened
HALLMARK_APOPTOSIS,HALLMARK_GLYCOLYSIS,0.009578959581368413,0.8956419748361604,0.0255681818181818,0.9592339304612185,0.017573570699775106,0.11479568020781403,0.00014169583543118626,0.0006090435031691339,0.0255681818181818,0.07018193101299791,-0.10521672062644562,-0.0526083603132228,0.0526083603132228,Basal,Weakened
HALLMARK_APOPTOSIS,HALLMARK_HEDGEHOG_SIGNALING,-0.011555050494929879,0.8742758716622082,0.0,0.9535510210304372,0.0057775252474649395,-0.08352969717234233,0.005701453877427667,0.015019959139459985,0.0,0.04176484858617117,0.07197464667741246,-0.03598732333870623,0.03598732333870623,Basal,Weakened
HALLMARK_APOPTOSIS,HALLMARK_HEME_METABOLISM,0.05964300730482469,0.41368559509053,0.0140449438202247,0.6398546136185597,0.036843975562524695,-0.021189744356710265,0.48383838495011,0.5810804132979263,0.0140449438202247,0.017617344088467483,0.08083275166153496,0.01922663147405721,0.01922663147405721,Basal,Strengthened
HALLMARK_APOPTOSIS,HALLMARK_HYPOXIA,-0.1775153220506438,0.014276706186774785,0.0433526011560693,0.07774213620542278,0.11043396160335656,-0.16290474829820886,6.018304414023168e-08,4.695810768903427e-07,0.0433526011560693,0.10312867472713907,-0.014610573752434936,0.007305286876217482,0.007305286876217482,Basal,Strengthened
HALLMARK_APOPTOSIS,HALLMARK_IL2_STAT5_SIGNALING,0.14481522630134483,0.04620797157155655,0.0374639769452449,0.16622887006295162,0.09113960162329486,-0.04595966863793456,0.12870917852979394,0.20239890076893144,0.0374639769452449,0.041711822791589734,0.1907748949392794,0.04942777883170513,0.04942777883170513,Basal,Strengthened
HALLMARK_APOPTOSIS,HALLMARK_IL6_JAK_STAT3_SIGNALING,0.16558297980611691,0.02242295269454726,0.0508474576271186,0.104840141415345,0.10821521871661775,0.18551815941487065,6.294659276478708e-10,6.647377253177946e-09,0.0508474576271186,0.11818280852099462,-0.01993517960875374,-0.00996758980437687,0.00996758980437687,Basal,Weakened
HALLMARK_APOPTOSIS,HALLMARK_INFLAMMATORY_RESPONSE,-0.13163465881485165,0.07023828966489672,0.0463768115942029,0.22290648922149864,0.08900573520452727,-0.06531280143234451,0.03076479120646405,0.06260277280385126,0.0463768115942029,0.055844806513273705,-0.06632185738250714,0.03316092869125357,0.03316092869125357,Basal,Strengthened
HALLMARK_APOPTOSIS,HALLMARK_INTERFERON_ALPHA_RESPONSE,-0.10216611128522711,0.16072344672266928,0.0278884462151394,0.3721856753029676,0.06502727875018326,-0.008261403931667953,0.7848964519604149,0.8353589519126917,0.0278884462151394,0.018074925073403678,-0.09390470735355916,0.04695235367677958,0.04695235367677958,Basal,Strengthened
HALLMARK_APOPTOSIS,HALLMARK_INTERFERON_GAMMA_RESPONSE,0.09376610506876148,0.1981694177524051,0.0524781341107871,0.4281438037860604,0.0731221195897743,0.006627757866878996,0.8266739363901713,0.8729961828258274,0.0524781341107871,0.029552945988833047,0.08713834720188249,0.04356917360094125,0.04356917360094125,Basal,Strengthened
HALLMARK_APOPTOSIS,HALLMARK_KRAS_SIGNALING_DN,0.17748405511944568,0.01429410564959,0.0083798882681564,0.07774213620542278,0.09293197169380103,0.041227765692152044,0.17299080277755396,0.2581166058495781,0.0083798882681564,0.024803826980154223,0.13625628942729362,0.06812814471364681,0.06812814471364681,Basal,Strengthened
HALLMARK_APOPTOSIS,HALLMARK_KRAS_SIGNALING_UP,0.005591763948913605,0.9389663284999803,0.0255681818181818,0.9739489859546789,0.015579972883547701,-0.0646179200300173,0.03259218195229524,0.06545151293698635,0.0255681818181818,0.04509305092409955,0.0702096839789309,-0.029513078040551848,0.029513078040551848,Basal,Weakened
HALLMARK_APOPTOSIS,HALLMARK_MITOTIC_SPINDLE,0.017555044459358914,0.8100191665138561,0.0198300283286118,0.9197263585250419,0.018692536393985357,0.059481997050392435,0.04919479503106197,0.09172545496659196,0.0198300283286118,0.03965601268950212,-0.04192695259103352,-0.020963476295516762,0.020963476295516762,Basal,Weakened
HALLMARK_APOPTOSIS,HALLMARK_MTORC1_SIGNALING,0.04448927112793243,0.5421947827869243,0.0284900284900284,0.7525960478000102,0.036489649808980416,-0.09810782718940621,0.001157652769546233,0.003791777119503036,0.0284900284900284,0.0632989278397173,0.14259709831733863,-0.026809278030736884,0.026809278030736884,Basal,Weakened
HALLMARK_APOPTOSIS,HALLMARK_MYC_TARGETS_V1,-0.027648880596265857,0.7049322051823955,0.0055710306406685,0.8652724963411168,0.01660995561846718,0.0335995470281226,0.2668393615654094,0.3631366759458106,0.0055710306406685,0.019585288834395552,-0.06124842762438846,-0.0029753332159283725,0.0029753332159283725,Basal,Weakened
HALLMARK_APOPTOSIS,HALLMARK_MYC_TARGETS_V2,-0.09062612709121906,0.21367918122994964,0.0,0.4466842952332565,0.04531306354560953,-0.17537094851461912,5.245534309797799e-09,5.059668920867956e-08,0.0,0.08768547425730956,0.08474482142340006,-0.04237241071170003,0.04237241071170003,Basal,Weakened
HALLMARK_APOPTOSIS,HALLMARK_MYOGENESIS,-0.06414890777987811,0.3792371459314715,0.0255681818181818,0.6145046346111808,0.044858544799029954,-0.013124437812600285,0.6645629572748117,0.7380685608899767,0.0255681818181818,0.019346309815391042,-0.05102446996727783,0.02551223498363891,0.02551223498363891,Basal,Strengthened
HALLMARK_APOPTOSIS,HALLMARK_NOTCH_SIGNALING,0.1411817170298931,0.05202137532333028,0.0104712041884816,0.17850471924672157,0.07582646060918735,0.0678220998587071,0.024878744475995095,0.05298854024077893,0.0104712041884816,0.03914665202359435,0.073359617171186,0.036679808585593,0.036679808585593,Basal,Strengthened
HALLMARK_APOPTOSIS,HALLMARK_OXIDATIVE_PHOSPHORYLATION,0.1935844697577181,0.007447727396986941,0.0169014084507042,0.04970097975654838,0.10524293910421115,0.027696015783298358,0.3600905205454348,0.4614130624143908,0.0169014084507042,0.02229871211700128,0.16588845397441973,0.08294422698720987,0.08294422698720987,Basal,Strengthened
HALLMARK_APOPTOSIS,HALLMARK_P53_PATHWAY,0.08487753798640144,0.24428705948281007,0.0617647058823529,0.479252367755635,0.07332112193437718,0.10273565297405828,0.0006660777801901015,0.0023446703469335466,0.0617647058823529,0.08225017942820559,-0.01785811498765684,-0.008929057493828413,0.008929057493828413,Basal,Weakened
HALLMARK_APOPTOSIS,HALLMARK_PANCREAS_BETA_CELLS,-0.06704443412212681,0.35805374095950726,0.0,0.596205849972129,0.033522217061063404,-0.012134438814598624,0.688485918921473,0.7605006768970284,0.0,0.006067219407299312,-0.05490999530752819,0.027454997653764093,0.027454997653764093,Basal,Strengthened
HALLMARK_APOPTOSIS,HALLMARK_PEROXISOME,-0.05556899314287663,0.44635860913373193,0.0231660231660231,0.6647206946167521,0.039367508154449865,-0.08476201052679723,0.0050253353853966,0.013495585351881816,0.0231660231660231,0.05396401684641017,0.0291930173839206,-0.014596508691960303,0.014596508691960303,Basal,Weakened
HALLMARK_APOPTOSIS,HALLMARK_PI3K_AKT_MTOR_SIGNALING,0.09275944949078413,0.20305012844900044,0.023076923076923,0.43108562798964567,0.05791818628385356,0.13696420264900552,5.455951927309877e-06,3.1526137315823584e-05,0.023076923076923,0.08002056286296426,-0.044204753158221394,-0.022102376579110697,0.022102376579110697,Basal,Weakened
HALLMARK_APOPTOSIS,HALLMARK_PROTEIN_SECRETION,0.16848258257996016,0.020142482675860413,0.0198412698412698,0.09828471515256054,0.09416192621061498,0.02390014147187087,0.42968996357572564,0.5300807707756938,0.0198412698412698,0.021870705656570334,0.1445824411080893,0.07229122055404465,0.07229122055404465,Basal,Strengthened
HALLMARK_APOPTOSIS,HALLMARK_REACTIVE_OXYGEN_SPECIES_PATHWAY,0.16208824499825952,0.025464366667440157,0.024390243902439,0.11384616484530728,0.09323924445034926,0.1780866677257354,3.0095925897226524e-09,2.973186227750201e-08,0.024390243902439,0.10123845581408719,-0.01599842272747587,-0.007999211363737935,0.007999211363737935,Basal,Weakened
HALLMARK_APOPTOSIS,HALLMARK_SPERMATOGENESIS,-0.03669611919930508,0.615208568779718,0.0068027210884353,0.8060253155061954,0.02174942014387019,-0.07785242963726172,0.00999540962036006,0.02424629066324965,0.0068027210884353,0.04232757536284851,0.04115631043795664,-0.02057815521897832,0.02057815521897832,Basal,Weakened
HALLMARK_APOPTOSIS,HALLMARK_TGF_BETA_SIGNALING,-0.009957989950033386,0.8915374703184201,0.0238095238095238,0.9592007511757955,0.016883756879778593,0.0928777880384928,0.002104092255184575,0.006286617103905132,0.0238095238095238,0.058343655924008295,-0.10283577798852618,-0.0414598990442297,0.0414598990442297,Basal,Weakened
HALLMARK_APOPTOSIS,HALLMARK_TNFA_SIGNALING_VIA_NFKB,0.2576139444325071,0.00033285812455148545,0.0873493975903614,0.0043377787508039325,0.17248167101143425,0.32662020302573014,1.3033936120218618e-28,5.505714395609589e-27,0.0873493975903614,0.20698480030804578,-0.06900625859322301,-0.034503129296611534,0.034503129296611534,Basal,Weakened
HALLMARK_APOPTOSIS,HALLMARK_UNFOLDED_PROTEIN_RESPONSE,0.0202754895692131,0.7812713566524648,0.0073529411764705,0.9080241099613562,0.0138142153728418,0.027441558663615192,0.36452256560958646,0.4666041200331697,0.0073529411764705,0.017397249920042844,-0.007166069094402091,-0.0035830345472010437,0.0035830345472010437,Basal,Weakened
HALLMARK_APOPTOSIS,HALLMARK_UV_RESPONSE_DN,-0.0238076491784445,0.7443891955556401,0.023489932885906,0.8879033734719174,0.02364879103217525,0.03628293033286958,0.2304870610621083,0.32432064292211926,0.023489932885906,0.029886431609387788,-0.06009057951131408,-0.006237640577212537,0.006237640577212537,Basal,Weakened
HALLMARK_APOPTOSIS,HALLMARK_UV_RESPONSE_UP,0.041336492676814565,0.5712127199944896,0.0668896321070234,0.7774839799924997,0.05411306239191898,-0.025234329815473147,0.4043818605066703,0.5059936456799501,0.0668896321070234,0.04606198096124827,0.06657082249228771,0.008051081430670709,0.008051081430670709,Basal,Strengthened
HALLMARK_APOPTOSIS,HALLMARK_WNT_BETA_CATENIN_SIGNALING,0.08829502065236594,0.2257425320994992,0.0201005025125628,0.4641251336229088,0.05419776158246437,0.008683186425749972,0.7742047445056081,0.8254141096774325,0.0201005025125628,0.014391844469156386,0.07961183422661597,0.039805917113307984,0.039805917113307984,Basal,Strengthened
HALLMARK_APOPTOSIS,HALLMARK_XENOBIOTIC_METABOLISM,0.09983990462569174,0.17051729697733217,0.019774011299435,0.38610663363628817,0.05980695796256337,-0.01384761804965419,0.6472990650898053,0.7228271237329185,0.019774011299435,0.016810814674544594,0.11368752267534593,0.042996143288018776,0.042996143288018776,Basal,Strengthened
HALLMARK_BILE_ACID_METABOLISM,HALLMARK_CHOLESTEROL_HOMEOSTASIS,0.1611856687386009,0.02630512895123018,0.0163934426229508,0.11565419774650097,0.08878955568077586,0.09185194195149717,0.00235776647356998,0.006942942139719291,0.0163934426229508,0.05412269228722398,0.06933372678710374,0.03466686339355188,0.03466686339355188,Basal,Strengthened
HALLMARK_BILE_ACID_METABOLISM,HALLMARK_COAGULATION,0.09286232487052,0.20254739554746823,0.0040160642570281,0.43108562798964567,0.048439194563774046,0.097334875540915,0.0012668191289756114,0.004083824823671379,0.0040160642570281,0.05067546989897155,-0.004472550670394995,-0.0022362753351975045,0.0022362753351975045,Basal,Weakened
HALLMARK_BILE_ACID_METABOLISM,HALLMARK_COMPLEMENT,0.07048930673820093,0.33383453523884554,0.0032154340836012,0.5719542736609592,0.036852370410901066,-0.13742431328499133,5.0701298903743045e-06,2.957575769385011e-05,0.0032154340836012,0.07031987368429626,0.20791362002319225,-0.0334675032733952,0.0334675032733952,Basal,Weakened
HALLMARK_BILE_ACID_METABOLISM,HALLMARK_DNA_REPAIR,-0.019469722048766524,0.7897572086737121,0.0,0.9118308959710626,0.009734861024383262,0.05607334884416464,0.06373884812394641,0.11348850138348017,0.0,0.02803667442208232,-0.07554307089293116,-0.01830181339769906,0.01830181339769906,Basal,Weakened
HALLMARK_BILE_ACID_METABOLISM,HALLMARK_E2F_TARGETS,0.031705970859541986,0.6640982850377649,0.0,0.8430263203847275,0.015852985429770993,0.09002342593766265,0.0028802812872321813,0.008321567398253354,0.0,0.04501171296883132,-0.05831745507812066,-0.02915872753906033,0.02915872753906033,Basal,Weakened
HALLMARK_BILE_ACID_METABOLISM,HALLMARK_EPITHELIAL_MESENCHYMAL_TRANSITION,-0.03383260457581393,0.6430736989410705,0.0,0.8246887883254017,0.016916302287906963,-0.05220052698666814,0.08438874472202122,0.1454611168056385,0.0,0.02610026349333407,0.018367922410854214,-0.009183961205427107,0.009183961205427107,Basal,Weakened
HALLMARK_BILE_ACID_METABOLISM,HALLMARK_ESTROGEN_RESPONSE_EARLY,0.1264765247648619,0.08206223870578201,0.01628664495114,0.2506888838268902,0.07138158485800095,0.12341189162850978,4.2597482126219596e-05,0.000209544350416868,0.01628664495114,0.06984926828982489,0.003064633136352121,0.0015323165681760537,0.0015323165681760537,Basal,Strengthened
HALLMARK_BILE_ACID_METABOLISM,HALLMARK_ESTROGEN_RESPONSE_LATE,-0.14538515003310873,0.045347331994697114,0.01628664495114,0.16483822460980405,0.08083589749212436,-0.08502006142263083,0.004893271676208199,0.013174192974406689,0.01628664495114,0.050653353186885415,-0.0603650886104779,0.030182544305238944,0.030182544305238944,Basal,Strengthened
HALLMARK_BILE_ACID_METABOLISM,HALLMARK_FATTY_ACID_METABOLISM,-0.06809458170460084,0.35055711842651605,0.0424710424710424,0.5882636576335372,0.05528281208782162,-0.08699128148448021,0.003983495739398214,0.011141055435531533,0.0424710424710424,0.0647311619777613,0.018896699779879372,-0.00944834988993968,0.00944834988993968,Basal,Weakened
HALLMARK_BILE_ACID_METABOLISM,HALLMARK_G2M_CHECKPOINT,-0.025007582849067622,0.7319862172626498,0.0,0.8791010942615157,0.012503791424533811,-0.09088592023491623,0.00262190835983611,0.0076654838682559305,0.0,0.04544296011745812,0.06587833738584861,-0.032939168692924306,0.032939168692924306,Basal,Weakened
HALLMARK_BILE_ACID_METABOLISM,HALLMARK_GLYCOLYSIS,-0.008636881602202294,0.9058554790217274,0.0097087378640776,0.9640946670735152,0.009172809733139947,0.03800199625435953,0.20913110347593203,0.3010406601151783,0.0097087378640776,0.023855367059218563,-0.046638877856561824,-0.014682557326078616,0.014682557326078616,Basal,Weakened
HALLMARK_BILE_ACID_METABOLISM,HALLMARK_HEDGEHOG_SIGNALING,0.034853283982265046,0.633081451286454,0.0,0.8189279596894468,0.017426641991132523,-0.06892695703190252,0.022612969604065253,0.04860223241425914,0.0,0.03446347851595126,0.10378024101416757,-0.017036836524818737,0.017036836524818737,Basal,Weakened
HALLMARK_BILE_ACID_METABOLISM,HALLMARK_HEME_METABOLISM,0.027469940708936696,0.7067538356799054,0.0129870129870129,0.8653235348578061,0.020228476847974797,0.13802258696047767,4.6073373646267785e-06,2.7531650105696602e-05,0.0129870129870129,0.07550479997374529,-0.11055264625154097,-0.05527632312577049,0.05527632312577049,Basal,Weakened
HALLMARK_BILE_ACID_METABOLISM,HALLMARK_HYPOXIA,-0.09807403931124409,0.17824314423074103,0.0064516129032258,0.39771921982269176,0.05226282610723494,-0.0442312745201607,0.14373514220497563,0.22201246345324743,0.0064516129032258,0.02534144371169325,-0.05384276479108339,0.02692138239554169,0.02692138239554169,Basal,Strengthened
HALLMARK_BILE_ACID_METABOLISM,HALLMARK_IL2_STAT5_SIGNALING,-0.004453225829110443,0.9513761589863269,0.0032258064516129,0.9793578107212189,0.003839516140361672,0.14212237766120198,2.365479143893165e-06,1.4860061288559627e-05,0.0032258064516129,0.07267409205640744,-0.14657560349031243,-0.06883457591604578,0.06883457591604578,Basal,Weakened
HALLMARK_BILE_ACID_METABOLISM,HALLMARK_IL6_JAK_STAT3_SIGNALING,0.02169557721608589,0.7663791424686057,0.0,0.9039904868136812,0.010847788608042945,-0.0238062914020319,0.43150412934092397,0.5316517959920487,0.0,0.01190314570101595,0.045501868618117794,-0.0010553570929730059,0.0010553570929730059,Basal,Weakened
HALLMARK_BILE_ACID_METABOLISM,HALLMARK_INFLAMMATORY_RESPONSE,0.08313979592130798,0.25411297442053515,0.0097087378640776,0.49176681463689664,0.046424266892692787,0.0023259735652033206,0.9387466208813674,0.9583038421497292,0.0097087378640776,0.00601735571464046,0.08081382235610465,0.04040691117805233,0.04040691117805233,Basal,Strengthened
HALLMARK_BILE_ACID_METABOLISM,HALLMARK_INTERFERON_ALPHA_RESPONSE,0.014772687785987887,0.8396862958851358,0.0,0.9308739479269604,0.007386343892993944,0.049328133826774985,0.10295602729995149,0.17043396411140616,0.0,0.024664066913387492,-0.0345554460407871,-0.01727772302039355,0.01727772302039355,Basal,Weakened
HALLMARK_BILE_ACID_METABOLISM,HALLMARK_INTERFERON_GAMMA_RESPONSE,-0.03244817507528746,0.6567297052999974,0.0032154340836012,0.8345372292453287,0.01783180457944433,-0.05215433858304154,0.08466430716932265,0.1454611168056385,0.0032154340836012,0.02768488633332137,0.01970616350775408,-0.00985308175387704,0.00985308175387704,Basal,Weakened
HALLMARK_BILE_ACID_METABOLISM,HALLMARK_KRAS_SIGNALING_DN,0.08323272192175755,0.25358072583633323,0.0097087378640776,0.49151327397074085,0.046470729892917575,-0.0008490172373876133,0.977622498560343,0.9840489406215449,0.0097087378640776,0.005278877550732607,0.08408173915914517,0.04119185234218497,0.04119185234218497,Basal,Strengthened
HALLMARK_BILE_ACID_METABOLISM,HALLMARK_KRAS_SIGNALING_UP,-0.08050773660258805,0.2695094512666303,0.0097087378640776,0.5115274150888152,0.04510823723333282,-0.037933307198114476,0.20995598954790662,0.30187334177956054,0.0097087378640776,0.02382102253109604,-0.04257442940447357,0.02128721470223678,0.02128721470223678,Basal,Strengthened
HALLMARK_BILE_ACID_METABOLISM,HALLMARK_MITOTIC_SPINDLE,-0.0020636288844173394,0.9774567910245415,0.0,0.9928561932048618,0.0010318144422086697,0.013895845608770331,0.6461543493280808,0.7228271237329185,0.0,0.006947922804385166,-0.015959474493187673,-0.005916108362176496,0.005916108362176496,Basal,Weakened
HALLMARK_BILE_ACID_METABOLISM,HALLMARK_MTORC1_SIGNALING,-0.11963159634108439,0.10016884459399249,0.0196078431372549,0.28338760883981706,0.06961971973916964,-0.11106975874355214,0.00023241092000914716,0.000945858395386064,0.0196078431372549,0.06533880094040352,-0.008561837597532249,0.004280918798766117,0.004280918798766117,Basal,Strengthened
HALLMARK_BILE_ACID_METABOLISM,HALLMARK_MYC_TARGETS_V1,-0.07137254051251359,0.3277978695200739,0.0,0.5703869178438785,0.03568627025625679,-0.14961193782280602,6.665635330529913e-07,4.390001763386637e-06,0.0,0.07480596891140301,0.07823939731029243,-0.039119698655146216,0.039119698655146216,Basal,Weakened
HALLMARK_BILE_ACID_METABOLISM,HALLMARK_MYC_TARGETS_V2,0.08794125923316527,0.22761456046205408,0.0,0.4654888757362542,0.043970629616582636,-0.0451506291033964,0.13558351187150694,0.21151549063939976,0.0,0.0225753145516982,0.13309188833656166,0.021395315064884436,0.021395315064884436,Basal,Strengthened
HALLMARK_BILE_ACID_METABOLISM,HALLMARK_MYOGENESIS,-0.04037658873542539,0.5801909452405236,0.0064516129032258,0.7836096007934304,0.023414100819325597,0.04657356396236278,0.12367587006694568,0.1959934551513693,0.0064516129032258,0.02651258843279429,-0.08695015269778816,-0.003098487613468693,0.003098487613468693,Basal,Weakened
HALLMARK_BILE_ACID_METABOLISM,HALLMARK_NOTCH_SIGNALING,-0.007774502990648094,0.9152185287140918,0.0,0.9676800301957394,0.003887251495324047,0.017198752547454947,0.5698638757636267,0.6579483956743098,0.0,0.008599376273727474,-0.02497325553810304,-0.004712124778403427,0.004712124778403427,Basal,Weakened
HALLMARK_BILE_ACID_METABOLISM,HALLMARK_OXIDATIVE_PHOSPHORYLATION,0.14825054729105513,0.04122085336335861,0.0129870129870129,0.15394983344547042,0.08061878013903402,0.06273748980517882,0.03800911811307306,0.0744978715016232,0.0129870129870129,0.03786225139609586,0.08551305748587631,0.042756528742938164,0.042756528742938164,Basal,Strengthened
HALLMARK_BILE_ACID_METABOLISM,HALLMARK_P53_PATHWAY,0.0531569824180892,0.4663697063183136,0.0097087378640776,0.680122488380874,0.0314328601410834,-0.023686289552618336,0.4338302680629297,0.5331801263368966,0.0097087378640776,0.016697513708347968,0.07684327197070753,0.014735346432735434,0.014735346432735434,Basal,Strengthened
HALLMARK_BILE_ACID_METABOLISM,HALLMARK_PANCREAS_BETA_CELLS,-0.114968414469816,0.11421806036624116,0.0,0.30350786105996835,0.057484207234908,0.05216109804247674,0.08462393452964793,0.1454611168056385,0.0,0.02608054902123837,-0.16712951251229274,0.031403658213669625,0.031403658213669625,Basal,Strengthened
HALLMARK_BILE_ACID_METABOLISM,HALLMARK_PEROXISOME,0.6594542613498989,4.399531880386461e-25,0.2203389830508474,1.3473566383683537e-22,0.4398966222003732,0.7135611622203031,5.991319842674463e-171,1.8348417018190544e-168,0.2203389830508474,0.46695007263557525,-0.05410690087040415,-0.027053450435202075,0.027053450435202075,Basal,Weakened
HALLMARK_BILE_ACID_METABOLISM,HALLMARK_PI3K_AKT_MTOR_SIGNALING,0.06594171211724044,0.3660325131349436,0.0046296296296296,0.6034856374028345,0.03528567087343502,-0.05047178333017218,0.09520795649711922,0.1595482171121355,0.0046296296296296,0.02755070647990089,0.11641349544741261,0.007734964393534126,0.007734964393534126,Basal,Strengthened
HALLMARK_BILE_ACID_METABOLISM,HALLMARK_PROTEIN_SECRETION,0.3175531338567073,8.029969127381564e-06,0.0097087378640776,0.00022876074839633527,0.16363093586039246,0.15299819413395185,3.6821344542063814e-07,2.5340532058442792e-06,0.0097087378640776,0.08135346599901473,0.16455493972275545,0.08227746986137773,0.08227746986137773,Basal,Strengthened
HALLMARK_BILE_ACID_METABOLISM,HALLMARK_REACTIVE_OXYGEN_SPECIES_PATHWAY,0.036699510113975986,0.6151758853150505,0.0189873417721519,0.8060253155061954,0.027843425943063944,0.02780892139774484,0.3581348382200815,0.4602556041627885,0.0189873417721519,0.02339813158494837,0.008890588716231145,0.004445294358115574,0.004445294358115574,Basal,Strengthened
HALLMARK_BILE_ACID_METABOLISM,HALLMARK_SPERMATOGENESIS,0.07724385513373885,0.28946750762573104,0.0,0.5348932277848955,0.03862192756686943,0.05104885790252418,0.09147932337180761,0.1541432890377776,0.0,0.02552442895126209,0.02619499723121467,0.013097498615607335,0.013097498615607335,Basal,Strengthened
HALLMARK_BILE_ACID_METABOLISM,HALLMARK_TGF_BETA_SIGNALING,-0.2733923539796831,0.00013532866255701,0.006060606060606,0.002196084134179825,0.13972648002014454,-0.10600903172511464,0.0004443930197810242,0.0016397031603366107,0.006060606060606,0.05603481889286032,-0.16738332225456845,0.08369166112728421,0.08369166112728421,Basal,Strengthened
HALLMARK_BILE_ACID_METABOLISM,HALLMARK_TNFA_SIGNALING_VIA_NFKB,-0.08962570458243103,0.21879855558535494,0.0032154340836012,0.4537830692799471,0.046420569333016116,-0.01510294488373999,0.6177812016905954,0.6981383506189847,0.0032154340836012,0.009159189483670595,-0.07452275969869104,0.03726137984934552,0.03726137984934552,Basal,Strengthened
HALLMARK_BILE_ACID_METABOLISM,HALLMARK_UNFOLDED_PROTEIN_RESPONSE,-0.12611356600046017,0.08295119019445696,0.0,0.2509017481190365,0.06305678300023008,0.016187353800592164,0.5927670358016349,0.6748509468931253,0.0,0.008093676900296082,-0.14230091980105233,0.054963106099934,0.054963106099934,Basal,Strengthened
HALLMARK_BILE_ACID_METABOLISM,HALLMARK_UV_RESPONSE_DN,-0.05327825756767902,0.46535190364349294,0.0118577075098814,0.680122488380874,0.03256798253878021,-0.022207384490280476,0.4630859273394825,0.5622202784845055,0.0118577075098814,0.017032546000080938,-0.03107087307739854,0.015535436538699272,0.015535436538699272,Basal,Strengthened
HALLMARK_BILE_ACID_METABOLISM,HALLMARK_UV_RESPONSE_UP,0.06641693153603478,0.3625806505888704,0.0,0.598985299159704,0.03320846576801739,0.052607544778878135,0.08199166572573331,0.14246778796315362,0.0,0.026303772389439067,0.01380938675715665,0.006904693378578325,0.006904693378578325,Basal,Strengthened
HALLMARK_BILE_ACID_METABOLISM,HALLMARK_WNT_BETA_CATENIN_SIGNALING,0.0789185856661247,0.2791067170846214,0.0,0.5243952890010142,0.03945929283306235,0.030717651350524625,0.31006532818801064,0.4106270562489871,0.0,0.015358825675262313,0.048200934315600075,0.024100467157800037,0.024100467157800037,Basal,Strengthened
HALLMARK_BILE_ACID_METABOLISM,HALLMARK_XENOBIOTIC_METABOLISM,0.1489841646799949,0.04021662507171605,0.04,0.15158574065492972,0.09449208233999745,0.04511554415846093,0.13588791112914908,0.21151549063939976,0.04,0.04255777207923046,0.10386862052153396,0.05193431026076699,0.05193431026076699,Basal,Strengthened
HALLMARK_CHOLESTEROL_HOMEOSTASIS,HALLMARK_COAGULATION,-8.598820342278605e-05,0.99906053577822,0.0143540669856459,0.9995950630507103,0.007220027594534343,-0.096426840459959,0.001407153030225786,0.004454166568544154,0.0143540669856459,0.05539045372280245,0.09634085225653621,-0.04817042612826811,0.04817042612826811,Basal,Weakened
HALLMARK_CHOLESTEROL_HOMEOSTASIS,HALLMARK_COMPLEMENT,-0.15723900846056543,0.030266650197853757,0.0223880597014925,0.12483719357700623,0.08981353408102896,-0.029328934998817353,0.3324585312114427,0.4351086546303604,0.0223880597014925,0.025858497350154927,-0.12791007346174807,0.06395503673087403,0.06395503673087403,Basal,Strengthened
HALLMARK_CHOLESTEROL_HOMEOSTASIS,HALLMARK_DNA_REPAIR,0.30634012812077716,1.719229260738518e-05,0.0,0.0004298073151846295,0.15317006406038858,0.19107892853923608,1.870249937511079e-10,2.1819582604295924e-09,0.0,0.09553946426961804,0.11526119958154107,0.05763059979077054,0.05763059979077054,Basal,Strengthened
HALLMARK_CHOLESTEROL_HOMEOSTASIS,HALLMARK_E2F_TARGETS,-0.16103352388129913,0.026449172580711826,0.0,0.11565419774650097,0.08051676194064956,-0.09959236480605553,0.0009719522405431573,0.0032831541100322706,0.0,0.049796182403027765,-0.0614411590752436,0.0307205795376218,0.0307205795376218,Basal,Strengthened
HALLMARK_CHOLESTEROL_HOMEOSTASIS,HALLMARK_EPITHELIAL_MESENCHYMAL_TRANSITION,0.0010002842563394303,0.9890717295977889,0.0073529411764705,0.9958581118075517,0.0041766127164049646,0.1227403014773136,4.6917083302552375e-05,0.0002253859884142222,0.0073529411764705,0.06504662132689205,-0.12174001722097418,-0.06087000861048709,0.06087000861048709,Basal,Weakened
HALLMARK_CHOLESTEROL_HOMEOSTASIS,HALLMARK_ESTROGEN_RESPONSE_EARLY,-0.011298376593715163,0.8770463131799688,0.0148148148148148,0.9535510210304372,0.01305659570426498,-0.08421561322423134,0.005315643986025721,0.014064068861515138,0.0148148148148148,0.049515214019523066,0.07291723663051618,-0.03645861831525808,0.03645861831525808,Basal,Weakened
HALLMARK_CHOLESTEROL_HOMEOSTASIS,HALLMARK_ESTROGEN_RESPONSE_LATE,0.03812491706994539,0.60150477783121,0.0185873605947955,0.7974495160641042,0.028356138832370446,0.042827754639128,0.15689650917213493,0.23875555743585752,0.0185873605947955,0.030707557616961752,-0.004702837569182612,-0.002351418784591306,0.002351418784591306,Basal,Weakened
HALLMARK_CHOLESTEROL_HOMEOSTASIS,HALLMARK_FATTY_ACID_METABOLISM,0.017884130312847135,0.8065272268100502,0.0311111111111111,0.9197263585250419,0.02449762071197912,0.10295112117335176,0.0006487958290712197,0.002290417552196669,0.0311111111111111,0.06703111614223142,-0.08506699086050462,-0.042533495430252304,0.042533495430252304,Basal,Weakened
HALLMARK_CHOLESTEROL_HOMEOSTASIS,HALLMARK_G2M_CHECKPOINT,0.09278912734896555,0.2029050058298729,0.0073529411764705,0.43108562798964567,0.05007103426271803,0.10351802452684802,0.0006052955587082973,0.002153719350700043,0.0073529411764705,0.055435482851659265,-0.010728897177882474,-0.005364448588941237,0.005364448588941237,Basal,Weakened
HALLMARK_CHOLESTEROL_HOMEOSTASIS,HALLMARK_GLYCOLYSIS,-0.120326606254514,0.09819730550327004,0.011070110701107,0.2793047608022212,0.0656983584778105,-0.1346581044008552,7.85182312931736e-06,4.352254901997179e-05,0.011070110701107,0.0728641075509811,0.014331498146341215,-0.0071657490731706075,0.0071657490731706075,Basal,Weakened
HALLMARK_CHOLESTEROL_HOMEOSTASIS,HALLMARK_HEDGEHOG_SIGNALING,-0.16470436453601903,0.023156511899718034,0.0,0.10708134111016834,0.08235218226800951,0.0009766027524368383,0.9742608230616143,0.9822794306588293,0.0,0.0004883013762184192,-0.16568096728845585,0.0818638808917911,0.0818638808917911,Basal,Strengthened
HALLMARK_CHOLESTEROL_HOMEOSTASIS,HALLMARK_HEME_METABOLISM,0.20293510388153524,0.004983667646006143,0.0,0.037685141150355095,0.10146755194076762,0.09607293934704726,0.0014656221301363485,0.0046035566908128895,0.0,0.04803646967352363,0.10686216453448798,0.05343108226724399,0.05343108226724399,Basal,Strengthened
HALLMARK_CHOLESTEROL_HOMEOSTASIS,HALLMARK_HYPOXIA,-0.14662378229351414,0.04352302753609704,0.0262172284644194,0.16058948413168336,0.08642050537896677,-0.16793316459554172,2.298570897414806e-08,1.9553814925924565e-07,0.0262172284644194,0.09707519652998056,0.021309382302027585,-0.010654691151013793,0.010654691151013793,Basal,Weakened
HALLMARK_CHOLESTEROL_HOMEOSTASIS,HALLMARK_IL2_STAT5_SIGNALING,0.30797244542449076,1.541824194998141e-05,0.0111111111111111,0.0003934863830984839,0.15954177826780092,0.17361351490534904,7.480537370668052e-09,6.838550954528631e-08,0.0111111111111111,0.09236231300823007,0.13435893051914172,0.06717946525957084,0.06717946525957084,Basal,Strengthened
HALLMARK_CHOLESTEROL_HOMEOSTASIS,HALLMARK_IL6_JAK_STAT3_SIGNALING,-0.03757556929274334,0.6067574841059283,0.0125786163522012,0.8009460323596576,0.02507709282247227,-0.20282693984433542,1.2748020995559582e-11,1.7745824681318736e-10,0.0125786163522012,0.10770277809826831,0.16525137055159209,-0.08262568527579604,0.08262568527579604,Basal,Weakened
HALLMARK_CHOLESTEROL_HOMEOSTASIS,HALLMARK_INFLAMMATORY_RESPONSE,0.0016221817185449066,0.9822782932586476,0.0073529411764705,0.995277840563973,0.004487561447507703,-0.006048980032906413,0.8416001039586521,0.8848406071970328,0.0073529411764705,0.006700960604688456,0.007671161751451319,-0.0022133991571807532,0.0022133991571807532,Basal,Weakened
HALLMARK_CHOLESTEROL_HOMEOSTASIS,HALLMARK_INTERFERON_ALPHA_RESPONSE,0.04410656040101023,0.5456779764018429,0.0058823529411764,0.7561714039505176,0.024994456671093315,2.241706149279021e-05,0.9994090774030258,0.9994090774030258,0.0058823529411764,0.0029523850013345953,0.04408414333951744,0.02204207166975872,0.02204207166975872,Basal,Strengthened
HALLMARK_CHOLESTEROL_HOMEOSTASIS,HALLMARK_INTERFERON_GAMMA_RESPONSE,-0.07290463443897456,0.3174941894202928,0.0036630036630036,0.5596120604890052,0.03828381905098908,-0.009388069715179075,0.7564327803394842,0.8120261192435244,0.0036630036630036,0.006525536689091337,-0.0635165647237955,0.03175828236189774,0.03175828236189774,Basal,Strengthened
HALLMARK_CHOLESTEROL_HOMEOSTASIS,HALLMARK_KRAS_SIGNALING_DN,0.19352844591922996,0.00746529002057543,0.0,0.04970097975654838,0.09676422295961498,0.08850142455872723,0.0033934640369007365,0.009689961410730542,0.0,0.04425071227936361,0.10502702136050274,0.05251351068025137,0.05251351068025137,Basal,Strengthened
HALLMARK_CHOLESTEROL_HOMEOSTASIS,HALLMARK_KRAS_SIGNALING_UP,0.0024647889843386543,0.9730760094806223,0.0073529411764705,0.9906845378990381,0.004908865080404577,-0.10584612266343048,0.0004535566850489872,0.0016684893068618898,0.0073529411764705,0.056599531919950485,0.10831091164776913,-0.05169066683954591,0.05169066683954591,Basal,Weakened
HALLMARK_CHOLESTEROL_HOMEOSTASIS,HALLMARK_MITOTIC_SPINDLE,0.008125971812992534,0.9114010649666582,0.0,0.9668544340824102,0.004062985906496267,-0.03168024013843288,0.29514105367156024,0.3938429093111779,0.0,0.01584012006921644,0.03980621195142542,-0.011777134162720174,0.011777134162720174,Basal,Weakened
HALLMARK_CHOLESTEROL_HOMEOSTASIS,HALLMARK_MTORC1_SIGNALING,0.3458962936284028,1.0180258002109885e-06,0.0745098039215686,3.3704908250228676e-05,0.2102030487749857,0.3953208938249793,3.078568475191394e-42,1.7958316105283131e-40,0.0745098039215686,0.23491534887327395,-0.04942460019657652,-0.02471230009828826,0.02471230009828826,Basal,Weakened
HALLMARK_CHOLESTEROL_HOMEOSTASIS,HALLMARK_MYC_TARGETS_V1,-0.22730373555488248,0.0016111653762136307,0.0,0.01650932452702555,0.11365186777744124,-0.20916997667043835,2.7889696014100487e-12,4.270609702159137e-11,0.0,0.10458498833521918,-0.01813375888444413,0.009066879442222064,0.009066879442222064,Basal,Strengthened
HALLMARK_CHOLESTEROL_HOMEOSTASIS,HALLMARK_MYC_TARGETS_V2,-0.14948426963515038,0.03954390914708667,0.0076335877862595,0.14997303004700052,0.07855892871070494,0.07696736729085608,0.010877325251300996,0.026024850454772888,0.0076335877862595,0.04230047753855779,-0.22645163692600645,0.03625845117214715,0.03625845117214715,Basal,Strengthened
HALLMARK_CHOLESTEROL_HOMEOSTASIS,HALLMARK_MYOGENESIS,-0.007198352686936554,0.9214805192601518,0.011070110701107,0.9690574940778214,0.009134231694021777,0.03476863844163245,0.25054411766153084,0.3467983549552263,0.011070110701107,0.022919374571369725,-0.041966991128569005,-0.013785142877347948,0.013785142877347948,Basal,Weakened
HALLMARK_CHOLESTEROL_HOMEOSTASIS,HALLMARK_NOTCH_SIGNALING,0.0158005406869332,0.8286980159794806,0.0095238095238095,0.9270598254476614,0.01266217510537135,-0.008204945749544711,0.7863307326052835,0.8361589821540558,0.0095238095238095,0.008864377636677107,0.02400548643647791,0.0037977974686942435,0.0037977974686942435,Basal,Strengthened
HALLMARK_CHOLESTEROL_HOMEOSTASIS,HALLMARK_OXIDATIVE_PHOSPHORYLATION,-0.09787277521445735,0.1791398418912226,0.0036630036630036,0.39773007675609745,0.05076788943873047,-0.14637534131189453,1.1612447977272705e-06,7.486973037978454e-06,0.0036630036630036,0.07501917248744906,0.04850256609743718,-0.02425128304871859,0.02425128304871859,Basal,Weakened
HALLMARK_CHOLESTEROL_HOMEOSTASIS,HALLMARK_P53_PATHWAY,0.19376740913675194,0.007390634391644486,0.0073529411764705,0.04970097975654838,0.10056017515661123,0.0960119782392847,0.0014759166048577044,0.004612239390180326,0.0073529411764705,0.051682459707877604,0.09775543089746724,0.04887771544873362,0.04887771544873362,Basal,Strengthened
HALLMARK_CHOLESTEROL_HOMEOSTASIS,HALLMARK_PANCREAS_BETA_CELLS,-0.07805264277211225,0.2844322532055403,0.0,0.531953450651583,0.03902632138605613,0.020122442855401684,0.5061338100580097,0.6025402500690592,0.0,0.010061221427700842,-0.09817508562751394,0.028965099958355285,0.028965099958355285,Basal,Strengthened
HALLMARK_CHOLESTEROL_HOMEOSTASIS,HALLMARK_PEROXISOME,-0.13035777062020604,0.07302767759599275,0.0171428571428571,0.2280002683275478,0.07375031388153157,-0.13117309392738852,1.3459564768401678e-05,7.168681235344371e-05,0.0171428571428571,0.07415797553512281,0.0008153233071824806,-0.0004076616535912403,0.0004076616535912403,Basal,Weakened
HALLMARK_CHOLESTEROL_HOMEOSTASIS,HALLMARK_PI3K_AKT_MTOR_SIGNALING,-0.1108947217637351,0.1277103941421944,0.0056179775280898,0.3232339521160912,0.058256349645912454,-0.04704905295292489,0.11988385561512652,0.19097233176661896,0.0056179775280898,0.026333515240507345,-0.06384566881081022,0.03192283440540511,0.03192283440540511,Basal,Strengthened
HALLMARK_CHOLESTEROL_HOMEOSTASIS,HALLMARK_PROTEIN_SECRETION,-0.17374202673189867,0.016515199154629203,0.0,0.08544280380131035,0.08687101336594934,-0.13792839456255698,4.6774176932778395e-06,2.76983056221598e-05,0.0,0.06896419728127849,-0.03581363216934169,0.017906816084670846,0.017906816084670846,Basal,Strengthened
HALLMARK_CHOLESTEROL_HOMEOSTASIS,HALLMARK_REACTIVE_OXYGEN_SPECIES_PATHWAY,-0.033905503493390506,0.64235787740895,0.0,0.8246887883254017,0.016952751746695253,0.010253628189920112,0.7347853944067698,0.7944502278449188,0.0,0.005126814094960056,-0.04415913168331062,0.011825937651735197,0.011825937651735197,Basal,Strengthened
HALLMARK_CHOLESTEROL_HOMEOSTASIS,HALLMARK_SPERMATOGENESIS,-0.05061651511857832,0.4879700057091376,0.0,0.7016000668940066,0.02530825755928916,-0.050298725362450336,0.09634952144029772,0.16080131303046963,0.0,0.025149362681225168,-0.0003177897561279855,0.00015889487806399274,0.00015889487806399274,Basal,Strengthened
HALLMARK_CHOLESTEROL_HOMEOSTASIS,HALLMARK_TGF_BETA_SIGNALING,0.03865298888501556,0.5964747827725662,0.0078740157480314,0.7955502136367647,0.02326350231652348,-0.034171614155481735,0.25877688094930895,0.3546223455865695,0.0078740157480314,0.021022814951756567,0.07282460304049729,0.0022406873647669127,0.0022406873647669127,Basal,Strengthened
HALLMARK_CHOLESTEROL_HOMEOSTASIS,HALLMARK_TNFA_SIGNALING_VIA_NFKB,0.11189187259587433,0.12429924215708534,0.0223880597014925,0.31776427221707576,0.06713996614868341,0.20926392378184638,2.725887769089176e-12,4.226851287511697e-11,0.0223880597014925,0.11582599174166944,-0.09737205118597206,-0.04868602559298603,0.04868602559298603,Basal,Weakened
HALLMARK_CHOLESTEROL_HOMEOSTASIS,HALLMARK_UNFOLDED_PROTEIN_RESPONSE,0.06059165232486074,0.406284282241872,0.0053763440860215,0.633203874995284,0.032983998205441116,-0.08604534476298238,0.004398976027628941,0.0121095407502145,0.0053763440860215,0.04571084442450194,0.1466369970878431,-0.012726846219060825,0.012726846219060825,Basal,Weakened
HALLMARK_CHOLESTEROL_HOMEOSTASIS,HALLMARK_UV_RESPONSE_DN,0.007951703083811415,0.9132936293765718,0.0092592592592592,0.9676800301957394,0.008605481171535308,-0.08156212909687964,0.006951973708504014,0.01777905593510943,0.0092592592592592,0.04541069417806942,0.08951383218069106,-0.03680521300653411,0.03680521300653411,Basal,Weakened
HALLMARK_CHOLESTEROL_HOMEOSTASIS,HALLMARK_UV_RESPONSE_UP,-0.09630563684337971,0.1862360489056146,0.008695652173913,0.4103222300528379,0.05250064450864636,-0.13574734689287618,6.616295857003888e-06,3.769749965037099e-05,0.008695652173913,0.07222149953339459,0.03944171004949647,-0.019720855024748227,0.019720855024748227,Basal,Weakened
HALLMARK_CHOLESTEROL_HOMEOSTASIS,HALLMARK_WNT_BETA_CATENIN_SIGNALING,-0.006836429962655368,0.925416635450347,0.0265486725663716,0.9692614913593072,0.016692551264513484,-0.01916201630480618,0.526648675560369,0.6185143454642337,0.0265486725663716,0.02285534443558889,0.012325586342150812,-0.006162793171075407,0.006162793171075407,Basal,Weakened
HALLMARK_CHOLESTEROL_HOMEOSTASIS,HALLMARK_XENOBIOTIC_METABOLISM,-0.19496401076637612,0.007026700703980612,0.0073529411764705,0.04835791214818118,0.10115847597142331,-0.04862378537912394,0.10797179021685803,0.17711345210964982,0.0073529411764705,0.02798836327779722,-0.14634022538725217,0.0731701126936261,0.0731701126936261,Basal,Strengthened
HALLMARK_COAGULATION,HALLMARK_COMPLEMENT,0.3724353070108471,1.2138705776097328e-07,0.2028469750889679,4.646848304912259e-06,0.2876411410499075,0.4011585551082169,1.484888240626545e-43,1.0105489415375099e-41,0.2028469750889679,0.3020027650985924,-0.028723248097369813,-0.014361624048684907,0.014361624048684907,Basal,Weakened
HALLMARK_COAGULATION,HALLMARK_DNA_REPAIR,-0.06541621866501966,0.3698731473745117,0.0034843205574912,0.6081806785688281,0.034450269611255434,0.04207219422629247,0.16434950580826557,0.24713129616133486,0.0034843205574912,0.022778257391891835,-0.10748841289131214,0.0116720122193636,0.0116720122193636,Basal,Strengthened
HALLMARK_COAGULATION,HALLMARK_E2F_TARGETS,0.05066282079329704,0.48757156006707314,0.0,0.7016000668940066,0.02533141039664852,-0.07012738617002455,0.020356299570849522,0.04484348150290298,0.0,0.035063693085012275,0.1207902069633216,-0.009732282688363753,0.009732282688363753,Basal,Weakened
HALLMARK_COAGULATION,HALLMARK_EPITHELIAL_MESENCHYMAL_TRANSITION,0.6307046183773618,1.8091954284700887e-22,0.05625,3.693773999793098e-20,0.3434773091886809,0.5450968785731815,1.0936305949267084e-85,1.3396974787852175e-83,0.05625,0.30067343928659074,0.08560773980418035,0.042803869902090175,0.042803869902090175,Basal,Strengthened
HALLMARK_COAGULATION,HALLMARK_ESTROGEN_RESPONSE_EARLY,0.0850983514674863,0.24305770287602413,0.0029673590504451,0.479252367755635,0.0440328552589657,0.04861947625345953,0.10800306018441504,0.17711345210964982,0.0029673590504451,0.025793417651952318,0.03647887521402677,0.01823943760701338,0.01823943760701338,Basal,Strengthened
HALLMARK_COAGULATION,HALLMARK_ESTROGEN_RESPONSE_LATE,-0.009711544185141346,0.8942059006643969,0.0180722891566265,0.9592007511757955,0.013891916670883922,0.016973893256764086,0.5749192350186122,0.6619135929490602,0.0180722891566265,0.01752309120669529,-0.026685437441905432,-0.0036311745358113684,0.0036311745358113684,Basal,Weakened
HALLMARK_COAGULATION,HALLMARK_FATTY_ACID_METABOLISM,-0.17604256271533902,0.015116682165813865,0.0033898305084745,0.0799697088658058,0.08971619661190676,0.039104490148098775,0.19621070856244752,0.28580037810820236,0.0033898305084745,0.02124716032828664,-0.2151470528634378,0.06846903628362012,0.06846903628362012,Basal,Strengthened
HALLMARK_COAGULATION,HALLMARK_G2M_CHECKPOINT,-0.025082393320411005,0.7312152044511281,0.0,0.8790369238985593,0.012541196660205502,0.07612432914279965,0.01178089957132994,0.02796822088154879,0.0,0.038062164571399826,-0.10120672246321066,-0.025520967911194323,0.025520967911194323,Basal,Weakened
HALLMARK_COAGULATION,HALLMARK_GLYCOLYSIS,0.005722125862947033,0.9375462916365778,0.0059523809523809,0.9739489859546789,0.0058372534076639665,-0.09077632990619602,0.002653520951177347,0.007721052648912707,0.0059523809523809,0.048364355429288464,0.09649845576914305,-0.0425271020216245,0.0425271020216245,Basal,Weakened
HALLMARK_COAGULATION,HALLMARK_HEDGEHOG_SIGNALING,-0.19750132802961481,0.006307353420464669,0.0057803468208092,0.04492155779110012,0.101640837425212,-0.03649946389019177,0.22771491528244864,0.3213718562453913,0.0057803468208092,0.021139905355500484,-0.16100186413942305,0.08050093206971151,0.08050093206971151,Basal,Strengthened
HALLMARK_COAGULATION,HALLMARK_HEME_METABOLISM,0.10961994445848908,0.13217592487055854,0.0119760479041916,0.32776418616687086,0.06079799618134034,-0.04909702035787475,0.10458100809156524,0.1726573246794709,0.0119760479041916,0.030536534131033174,0.15871696481636383,0.030261462050307164,0.030261462050307164,Basal,Strengthened
HALLMARK_COAGULATION,HALLMARK_HYPOXIA,0.020922727864494745,0.7744736474767568,0.015015015015015,0.9061415646218024,0.017968871439754872,0.01644380852992801,0.5869198515798546,0.6706873303967555,0.015015015015015,0.015729411772471502,0.004478919334566737,0.00223945966728337,0.00223945966728337,Basal,Strengthened
HALLMARK_COAGULATION,HALLMARK_IL2_STAT5_SIGNALING,-0.027748799613028983,0.7039157460508622,0.0150602409638554,0.8651345211456559,0.02140452028844219,0.04609297617671318,0.12760289908482939,0.20091716115541902,0.0150602409638554,0.03057660857028429,-0.07384177578974216,-0.0091720882818421,0.0091720882818421,Basal,Weakened
HALLMARK_COAGULATION,HALLMARK_IL6_JAK_STAT3_SIGNALING,-0.11266777798093346,0.12169406687192062,0.0180995475113122,0.3145047086879805,0.06538366274612283,-0.11564219367129283,0.0001263646337751306,0.0005528452727661963,0.0180995475113122,0.06687087059130252,0.002974415690359375,-0.0014872078451796944,0.0014872078451796944,Basal,Weakened
HALLMARK_COAGULATION,HALLMARK_INFLAMMATORY_RESPONSE,-0.03575299294817895,0.6243281422542556,0.0273556231003039,0.813619121554748,0.031554308024241425,0.11007151991696917,0.00026468495921845575,0.0010493173949598974,0.0273556231003039,0.06871357150863654,-0.14582451286514814,-0.03715926348439511,0.03715926348439511,Basal,Weakened
HALLMARK_COAGULATION,HALLMARK_INTERFERON_ALPHA_RESPONSE,-0.15555476062492246,0.03210604945166622,0.0042735042735042,0.13066415474515322,0.07991413244921333,-0.0032960121745419417,0.9132869776097234,0.9393589820083218,0.0042735042735042,0.003784758224023071,-0.1522587484503805,0.07612937422519025,0.07612937422519025,Basal,Strengthened
HALLMARK_COAGULATION,HALLMARK_INTERFERON_GAMMA_RESPONSE,0.16139117880588866,0.026111629640799414,0.015015015015015,0.11547561844757864,0.08820309691045183,0.0017741915599263044,0.9532583357159444,0.9687497274181275,0.015015015015015,0.008394603287470652,0.15961698724596235,0.07980849362298117,0.07980849362298117,Basal,Strengthened
HALLMARK_COAGULATION,HALLMARK_KRAS_SIGNALING_DN,0.1926578949382177,0.007742968839547058,0.008955223880597,0.05072265683660506,0.10080655940940735,0.08452171786755364,0.005151195520037118,0.01368810089380796,0.008955223880597,0.046738470874075316,0.10813617707066406,0.05406808853533203,0.05406808853533203,Basal,Strengthened
HALLMARK_COAGULATION,HALLMARK_KRAS_SIGNALING_UP,0.24390704413225872,0.0006958632433732655,0.0304878048780487,0.008276043428468449,0.1371974245051537,0.23756776736859506,1.6791544279417255e-15,3.5464899555665755e-14,0.0304878048780487,0.1340277861233219,0.006339276763663665,0.0031696383818318186,0.0031696383818318186,Basal,Strengthened
HALLMARK_COAGULATION,HALLMARK_MITOTIC_SPINDLE,-0.07252297718290955,0.32004100633286214,0.0029761904761904,0.560913688665199,0.037749583829549974,-0.06778473566173286,0.0249586838521873,0.05298854024077893,0.0029761904761904,0.03538046306896163,-0.004738241521176689,0.0023691207605883446,0.0023691207605883446,Basal,Strengthened
HALLMARK_COAGULATION,HALLMARK_MTORC1_SIGNALING,-0.09439392865956336,0.19516887358296628,0.008955223880597,0.4246569629469515,0.05167457627008018,0.04142093040318931,0.17098476967975634,0.25605909884804584,0.008955223880597,0.025188077141893153,-0.13581485906275267,0.026486499128187027,0.026486499128187027,Basal,Strengthened
HALLMARK_COAGULATION,HALLMARK_MYC_TARGETS_V1,0.03402416603759969,0.641193390551915,0.0,0.8244424422772231,0.017012083018799844,-0.042506836847652114,0.1600302310947038,0.2417226055376229,0.0,0.021253418423826057,0.0765310028852518,-0.004241335405026213,0.004241335405026213,Basal,Weakened
HALLMARK_COAGULATION,HALLMARK_MYC_TARGETS_V2,0.17305524923798177,0.016953975272160915,0.0,0.08671590993777167,0.08652762461899088,0.02581030011222286,0.3937374302406239,0.49469574568693775,0.0,0.01290515005611143,0.14724494912575892,0.07362247456287946,0.07362247456287946,Basal,Strengthened
HALLMARK_COAGULATION,HALLMARK_MYOGENESIS,-0.1369773379486846,0.05949259352187049,0.015015015015015,0.1961767523981918,0.07599617648184981,-0.05177163751971961,0.08697558701117125,0.1479670790585236,0.015015015015015,0.0333933262673673,-0.085205700428965,0.042602850214482506,0.042602850214482506,Basal,Strengthened
HALLMARK_COAGULATION,HALLMARK_NOTCH_SIGNALING,-0.11806657429178308,0.10472295666175464,0.0,0.29222237337277773,0.05903328714589154,-0.12312829680136206,4.437345004478202e-05,0.00021570427105102371,0.0,0.06156414840068103,0.005061722509578981,-0.0025308612547894904,0.0025308612547894904,Basal,Weakened
HALLMARK_COAGULATION,HALLMARK_OXIDATIVE_PHOSPHORYLATION,0.02167040932527471,0.7666423477894354,0.0029673590504451,0.9039904868136812,0.012318884187859905,-0.021301213289898917,0.48154093276997284,0.5788887562740106,0.0029673590504451,0.012134286170172008,0.04297162261517363,0.00018459801768789738,0.00018459801768789738,Basal,Strengthened
HALLMARK_COAGULATION,HALLMARK_P53_PATHWAY,-0.04903996506118375,0.5016390786157248,0.0059523809523809,0.7160865849028376,0.027496173006782323,0.02860017440939822,0.3446170922030859,0.4467258602632595,0.0059523809523809,0.01727627768088956,-0.07764013947058197,0.010219895325892764,0.010219895325892764,Basal,Strengthened
HALLMARK_COAGULATION,HALLMARK_PANCREAS_BETA_CELLS,0.12432220096052306,0.0874525454924343,0.0056497175141242,0.2581430559716434,0.06498595923732363,0.04080415891737132,0.1774514297784905,0.26253381821093097,0.0056497175141242,0.02322693821574776,0.08351804204315175,0.04175902102157587,0.04175902102157587,Basal,Strengthened
HALLMARK_COAGULATION,HALLMARK_PEROXISOME,-0.07729279757690494,0.28916112521976917,0.0,0.5348932277848955,0.03864639878845247,-0.11537428967670754,0.00013103911648491327,0.0005712559348541593,0.0,0.05768714483835377,0.038081492099802605,-0.019040746049901303,0.019040746049901303,Basal,Weakened
HALLMARK_COAGULATION,HALLMARK_PI3K_AKT_MTOR_SIGNALING,-0.019879331362473156,0.7854402933039668,0.0041322314049586,0.91027848561718,0.012005781383715879,-0.031220936276474473,0.3022012469906701,0.40195062710485435,0.0041322314049586,0.017676583840716537,0.011341604914001317,-0.005670802457000659,0.005670802457000659,Basal,Weakened
HALLMARK_COAGULATION,HALLMARK_PROTEIN_SECRETION,-0.08487683332299667,0.24429098954450912,0.0042918454935622,0.479252367755635,0.04458433940827943,-0.15710958784104267,1.7601639291817246e-07,1.2758584693772858e-06,0.0042918454935622,0.08070071666730244,0.072232754518046,-0.03611637725902301,0.03611637725902301,Basal,Weakened
HALLMARK_COAGULATION,HALLMARK_REACTIVE_OXYGEN_SPECIES_PATHWAY,0.06443732632205751,0.3770934420270441,0.0,0.6134654269364263,0.032218663161028754,0.10993235044965084,0.0002695041680077727,0.0010649761477726503,0.0,0.05496617522482542,-0.045495024127593334,-0.022747512063796667,0.022747512063796667,Basal,Weakened
HALLMARK_COAGULATION,HALLMARK_SPERMATOGENESIS,0.0754680024927561,0.30073120001886305,0.0,0.544964082874419,0.03773400124637805,0.029112386642371563,0.33604215969938495,0.438861029458152,0.0,0.014556193321185781,0.04635561585038454,0.02317780792519227,0.02317780792519227,Basal,Strengthened
HALLMARK_COAGULATION,HALLMARK_TGF_BETA_SIGNALING,-0.031214643651771987,0.6689940029898978,0.0212765957446808,0.8457354526962071,0.02624561969822639,0.08086872520395869,0.007448141408530805,0.018968759304470346,0.0212765957446808,0.05107266047431974,-0.11208336885573067,-0.02482704077609335,0.02482704077609335,Basal,Weakened
HALLMARK_COAGULATION,HALLMARK_TNFA_SIGNALING_VIA_NFKB,0.040510673677385735,0.5789328806497458,0.0211480362537764,0.7827734865297336,0.03082935496558107,-0.0517530388181843,0.08708919510301674,0.1479670790585236,0.0211480362537764,0.03645053753598035,0.09226371249557003,-0.005621182570399279,0.005621182570399279,Basal,Weakened
HALLMARK_COAGULATION,HALLMARK_UNFOLDED_PROTEIN_RESPONSE,-0.10237358456372736,0.1598708540945642,0.0,0.37091249292772943,0.05118679228186368,0.06593227108700328,0.02921049121373651,0.06014972929214236,0.0,0.03296613554350164,-0.16830585565073064,0.01822065673836204,0.01822065673836204,Basal,Strengthened
HALLMARK_COAGULATION,HALLMARK_UV_RESPONSE_DN,0.02344563450244865,0.7481442381227715,0.014388489208633,0.8890671812323245,0.018917061855540825,-0.10350105020686846,0.0006065576946869508,0.002153719350700043,0.014388489208633,0.058944769707750734,0.1269466847093171,-0.04002770785220991,0.04002770785220991,Basal,Weakened
HALLMARK_COAGULATION,HALLMARK_UV_RESPONSE_UP,-0.02956969988380827,0.6854855229885058,0.0102389078498293,0.8542418775797759,0.019904303866818785,-0.0763458623107332,0.011537237661289971,0.027442943951612068,0.0102389078498293,0.04329238508028125,0.046776162426924936,-0.023388081213462465,0.023388081213462465,Basal,Weakened
HALLMARK_COAGULATION,HALLMARK_WNT_BETA_CATENIN_SIGNALING,-0.0763919357168583,0.2948353146164238,0.0,0.5423021928004793,0.03819596785842915,0.006143728115576915,0.8391525891797139,0.8831287987501285,0.0,0.0030718640577884573,-0.08253566383243521,0.035124103800640696,0.035124103800640696,Basal,Strengthened
HALLMARK_COAGULATION,HALLMARK_XENOBIOTIC_METABOLISM,-0.05063365396101066,0.48782251109786195,0.0336391437308868,0.7016000668940066,0.04213639884594873,-0.04305381784841523,0.15471707497731557,0.23602542571259225,0.0336391437308868,0.038346480789651013,-0.0075798361125954325,0.0037899180562977197,0.0037899180562977197,Basal,Strengthened
HALLMARK_COMPLEMENT,HALLMARK_DNA_REPAIR,0.1640318238994495,0.023731899204538675,0.0028653295128939,0.10888230908449392,0.0834485767061717,0.016478114624475286,0.5861396980084788,0.6704212232123122,0.0028653295128939,0.009671722068684593,0.14755370927497422,0.07377685463748711,0.07377685463748711,Basal,Strengthened
HALLMARK_COMPLEMENT,HALLMARK_E2F_TARGETS,-0.14299729170878672,0.04904488491523308,0.0,0.1716570972033158,0.07149864585439336,-0.010532237930039576,0.7278610309842622,0.7897517829545804,0.0,0.005266118965019788,-0.13246505377874715,0.06623252688937357,0.06623252688937357,Basal,Strengthened
HALLMARK_COMPLEMENT,HALLMARK_EPITHELIAL_MESENCHYMAL_TRANSITION,-0.01646265626853717,0.821637083858426,0.0309278350515463,0.9242474083806904,0.023695245660041733,0.007764646428759832,0.797540723546787,0.8473437869425967,0.0309278350515463,0.019346240740153064,-0.024227302697297004,0.004349004919888669,0.004349004919888669,Basal,Strengthened
HALLMARK_COMPLEMENT,HALLMARK_ESTROGEN_RESPONSE_EARLY,0.01184492773567308,0.8711488849104152,0.0050251256281407,0.9511206631152038,0.00843502668190689,-0.04637380623245973,0.12529655590595104,0.1980493948190839,0.0050251256281407,0.025699465930300213,0.058218733968132805,-0.017264439248393323,0.017264439248393323,Basal,Weakened
HALLMARK_COMPLEMENT,HALLMARK_ESTROGEN_RESPONSE_LATE,-0.023600320242396583,0.746539009803923,0.015228426395939,0.8890671812323245,0.01941437331916779,0.0344414790565154,0.2550326347340185,0.35063409377011523,0.015228426395939,0.0248349527262272,-0.058041799298911984,-0.005420579407059409,0.005420579407059409,Basal,Weakened
HALLMARK_COMPLEMENT,HALLMARK_FATTY_ACID_METABOLISM,-0.14497478457699647,0.04596565912490597,0.0112994350282485,0.16622887006295162,0.07813710980262249,-0.021755451940343264,0.4722403564274348,0.5699452577572488,0.0112994350282485,0.016527443484295884,-0.12321933263665322,0.06160966631832661,0.06160966631832661,Basal,Strengthened
HALLMARK_COMPLEMENT,HALLMARK_G2M_CHECKPOINT,0.11156621195910958,0.12540545252568203,0.0,0.31929596273323474,0.05578310597955479,0.024616342133391096,0.41599191803394847,0.5165371319138492,0.0,0.012308171066695548,0.08694986982571848,0.04347493491285924,0.04347493491285924,Basal,Strengthened
HALLMARK_COMPLEMENT,HALLMARK_GLYCOLYSIS,0.11290697182614641,0.12089955075224662,0.0126582278481012,0.3145047086879805,0.06278259983712381,0.1612190895997082,8.256016323633295e-08,6.242975306451103e-07,0.0126582278481012,0.0869386587239047,-0.0483121177735618,-0.024156058886780893,0.024156058886780893,Basal,Weakened
HALLMARK_COMPLEMENT,HALLMARK_HEDGEHOG_SIGNALING,0.01762907135516841,0.8092333352042588,0.0085470085470085,0.9197263585250419,0.013088039951088455,0.0038204212991249696,0.899558571771481,0.9283565715417559,0.0085470085470085,0.006183714923066734,0.013808650056043443,0.0069043250280217214,0.0069043250280217214,Basal,Strengthened
HALLMARK_COMPLEMENT,HALLMARK_HEME_METABOLISM,-0.03827356294039618,0.6000869752610207,0.0126582278481012,0.7974495160641042,0.02546589539424869,0.0875607305874763,0.003750870242390776,0.010587133748683643,0.0126582278481012,0.050109479217788744,-0.12583429352787248,-0.024643583823540052,0.024643583823540052,Basal,Weakened
HALLMARK_COMPLEMENT,HALLMARK_HYPOXIA,-0.003918818867350076,0.9572053042457064,0.0282776349614395,0.9837051155209651,0.01609822691439479,-0.08455568851113011,0.005133231461826685,0.013670018566821063,0.0282776349614395,0.056416661736284804,0.08063686964378004,-0.040318434821890015,0.040318434821890015,Basal,Weakened
HALLMARK_COMPLEMENT,HALLMARK_IL2_STAT5_SIGNALING,0.13590629995495898,0.06153088094212823,0.015267175572519,0.20153831324627564,0.07558673776373899,-0.02617414135336143,0.38710149550122064,0.48886529071030443,0.015267175572519,0.020720658462940213,0.16208044130832042,0.05486607930079877,0.05486607930079877,Basal,Strengthened
HALLMARK_COMPLEMENT,HALLMARK_IL6_JAK_STAT3_SIGNALING,0.36271217250759163,2.705751972611074e-07,0.025,9.470131904138759e-06,0.19385608625379583,0.19294743828570945,1.2336656645234233e-10,1.5265054939810037e-09,0.025,0.10897371914285472,0.16976473422188218,0.0848823671109411,0.0848823671109411,Basal,Strengthened
HALLMARK_COMPLEMENT,HALLMARK_INFLAMMATORY_RESPONSE,0.002753923121963854,0.9699190750768877,0.0554089709762532,0.9906845378990381,0.029081447049108526,-0.005374205955701302,0.8590736146099112,0.8948683485519908,0.0554089709762532,0.03039158846597725,0.008128129077665157,-0.0013101414168687243,0.0013101414168687243,Basal,Weakened
HALLMARK_COMPLEMENT,HALLMARK_INTERFERON_ALPHA_RESPONSE,0.09858103545342987,0.17599900422655304,0.0276816608996539,0.39414767856952004,0.06313134817654188,-0.0649383296004614,0.031738348630749605,0.06426359846722028,0.0276816608996539,0.046309995250057655,0.16351936505389128,0.016821352926484227,0.016821352926484227,Basal,Strengthened
HALLMARK_COMPLEMENT,HALLMARK_INTERFERON_GAMMA_RESPONSE,-0.10612475935397919,0.14503516813177073,0.0610079575596817,0.3497403168531873,0.08356635845683044,0.0694292431914709,0.021643582990146768,0.04695065164757049,0.0610079575596817,0.0652186003755763,-0.1755540025454501,0.018347758081254148,0.018347758081254148,Basal,Strengthened
HALLMARK_COMPLEMENT,HALLMARK_KRAS_SIGNALING_DN,-0.17550032526000653,0.015436644245957181,0.0075566750629722,0.08115832275234998,0.09152850016148936,-0.09227116962068262,0.002250897499022166,0.006676390886930153,0.0075566750629722,0.049913922341827406,-0.08322915563932391,0.041614577819661956,0.041614577819661956,Basal,Strengthened
HALLMARK_COMPLEMENT,HALLMARK_KRAS_SIGNALING_UP,0.03079464377032441,0.6731901012047031,0.0256410256410256,0.8470944403194884,0.028217834705675002,0.19747919771399397,4.419542762044811e-11,5.698884087899888e-10,0.0256410256410256,0.11156011167750979,-0.16668455394366957,-0.08334227697183479,0.08334227697183479,Basal,Weakened
HALLMARK_COMPLEMENT,HALLMARK_MITOTIC_SPINDLE,-0.04103977800886118,0.5739809553804593,0.0025125628140703,0.7795195901785618,0.02177617041146574,0.010848218112982722,0.7200346801938461,0.7840377628777435,0.0025125628140703,0.006680390463526511,-0.0518879961218439,0.01509577994793923,0.01509577994793923,Basal,Strengthened
HALLMARK_COMPLEMENT,HALLMARK_MTORC1_SIGNALING,-0.12312766583414428,0.09056134944617407,0.0126582278481012,0.26350986477805993,0.06789294684112274,-0.08042708898286217,0.007780461881005994,0.019611246510766137,0.0126582278481012,0.046542658415481684,-0.042700576851282104,0.021350288425641052,0.021350288425641052,Basal,Strengthened
HALLMARK_COMPLEMENT,HALLMARK_MYC_TARGETS_V1,-0.038917574670607955,0.5939617139289075,0.0,0.7934603048668611,0.019458787335303977,-0.07488609543669393,0.013228575917305105,0.03110365738713772,0.0,0.037443047718346965,0.035968520766085976,-0.017984260383042988,0.017984260383042988,Basal,Weakened
HALLMARK_COMPLEMENT,HALLMARK_MYC_TARGETS_V2,-0.181472798000986,0.012218707048605715,0.0,0.0703749925825651,0.090736399000493,-0.03358190383181787,0.2670907306344289,0.3631366759458106,0.0,0.016790951915908934,-0.14789089416916815,0.07394544708458407,0.07394544708458407,Basal,Strengthened
HALLMARK_COMPLEMENT,HALLMARK_MYOGENESIS,-0.030761014726325513,0.6735265182621891,0.0126582278481012,0.8470944403194884,0.021709621287213356,0.026897952314644407,0.3741043617031688,0.475885610681601,0.0126582278481012,0.019778090081372803,-0.05765896704096992,0.0019315312058405532,0.0019315312058405532,Basal,Strengthened
HALLMARK_COMPLEMENT,HALLMARK_NOTCH_SIGNALING,0.07262337507434764,0.31936976544440465,0.0,0.560913688665199,0.03631168753717382,0.05475240321297746,0.07025545066271657,0.12365363083595948,0.0,0.02737620160648873,0.017870971861370183,0.008935485930685091,0.008935485930685091,Basal,Strengthened
HALLMARK_COMPLEMENT,HALLMARK_OXIDATIVE_PHOSPHORYLATION,0.032883162294539775,0.6524264499804958,0.0075566750629722,0.8307925168670555,0.02021991867875599,-0.011290878675520455,0.7091199045632939,0.776293014378941,0.0075566750629722,0.009423776869246328,0.04417404097006023,0.010796141809509661,0.010796141809509661,Basal,Strengthened
HALLMARK_COMPLEMENT,HALLMARK_P53_PATHWAY,0.14814182293167277,0.04137146090791454,0.0101010101010101,0.15404267359329882,0.07912141651634144,0.09667669266153538,0.0013671759464421755,0.004338835581325557,0.0101010101010101,0.05338885138127274,0.051465130270137396,0.025732565135068705,0.025732565135068705,Basal,Strengthened
HALLMARK_COMPLEMENT,HALLMARK_PANCREAS_BETA_CELLS,-0.19546960265029456,0.006877789620489544,0.00418410041841,0.04787097889261188,0.09982685153435228,-0.01390129846207704,0.6460249745025685,0.7228271237329185,0.00418410041841,0.00904269944024352,-0.1815683041882175,0.09078415209410876,0.09078415209410876,Basal,Strengthened
HALLMARK_COMPLEMENT,HALLMARK_PEROXISOME,0.08626524038888678,0.23663281653641344,0.0,0.4759074430164403,0.04313262019444339,0.09697042156515176,0.001321517426567549,0.004215778248815749,0.0,0.04848521078257588,-0.010705181176264983,-0.0053525905881324914,0.0053525905881324914,Basal,Weakened
HALLMARK_COMPLEMENT,HALLMARK_PI3K_AKT_MTOR_SIGNALING,-0.1822838213439645,0.011830718242094676,0.0132890365448504,0.06901252307888561,0.09778642894440745,-0.10941091967927388,0.00028830052520068667,0.0011319491774706447,0.0132890365448504,0.061349978112062144,-0.07287290166469063,0.036436450832345306,0.036436450832345306,Basal,Strengthened
HALLMARK_COMPLEMENT,HALLMARK_PROTEIN_SECRETION,0.10414245684270342,0.15273911107604562,0.0068027210884353,0.3619060175399534,0.05547258896556936,0.09968419188655059,0.0009614236625932063,0.003267017026748112,0.0068027210884353,0.05324345648749294,0.004458264956152827,0.0022291324780764135,0.0022291324780764135,Basal,Strengthened
HALLMARK_COMPLEMENT,HALLMARK_REACTIVE_OXYGEN_SPECIES_PATHWAY,0.018435414666206774,0.8006861290656628,0.0040322580645161,0.916673372061156,0.011233836365361438,0.0741626728039168,0.014145178826632611,0.03294266932057975,0.0040322580645161,0.039097465434216445,-0.05572725813771002,-0.027863629068855006,0.027863629068855006,Basal,Weakened
HALLMARK_COMPLEMENT,HALLMARK_SPERMATOGENESIS,-0.016865880131299447,0.8173439980111101,0.0029940119760479,0.9228077396899631,0.009929946053673673,-0.05695451913982465,0.05967542276459134,0.10736507349001838,0.0029940119760479,0.029974265557936274,0.040088639008525204,-0.020044319504262602,0.020044319504262602,Basal,Weakened
HALLMARK_COMPLEMENT,HALLMARK_TGF_BETA_SIGNALING,-0.07688692807191268,0.2917084477679987,0.0039525691699604,0.538166940535841,0.04041974862093654,-0.09516605449874262,0.0016258050146339422,0.005042053526396403,0.0039525691699604,0.049559311834351506,0.01827912642682994,-0.00913956321341497,0.00913956321341497,Basal,Weakened
HALLMARK_COMPLEMENT,HALLMARK_TNFA_SIGNALING_VIA_NFKB,-0.15976160923163915,0.027680028790354996,0.0416666666666666,0.11855956387477228,0.10071413794915288,-0.09631894249989112,0.0014247475161399373,0.004498236358946967,0.0416666666666666,0.06899280458327886,-0.06344266673174803,0.031721333365874016,0.031721333365874016,Basal,Strengthened
HALLMARK_COMPLEMENT,HALLMARK_UNFOLDED_PROTEIN_RESPONSE,0.1837525488362242,0.011155603734424289,0.0064308681672025,0.06633793482849396,0.09509170850171335,0.0068796531658163905,0.8201969269967436,0.867652189612272,0.0064308681672025,0.006655260666509445,0.1768728956704078,0.08843644783520391,0.08843644783520391,Basal,Strengthened
HALLMARK_COMPLEMENT,HALLMARK_UV_RESPONSE_DN,0.02056084201370583,0.7782723259828845,0.0087976539589442,0.9077410068955869,0.014679247986325016,0.07777507431105357,0.010069870846906668,0.02437863989616733,0.0087976539589442,0.04328636413499889,-0.05721423229734774,-0.028607116148673874,0.028607116148673874,Basal,Weakened
HALLMARK_COMPLEMENT,HALLMARK_UV_RESPONSE_UP,0.2104077761705511,0.003570321286161931,0.028735632183908,0.02975267738468276,0.11957170417722955,0.11915493161661284,7.792088951204722e-05,0.00035884620170021747,0.028735632183908,0.07394528190026042,0.09125284455393826,0.04562642227696913,0.04562642227696913,Basal,Strengthened
HALLMARK_COMPLEMENT,HALLMARK_WNT_BETA_CATENIN_SIGNALING,-0.10638655114233778,0.14404022757316587,0.0041493775933609,0.3480261908819096,0.05526796436784934,-0.042752244262560864,0.1576296458501789,0.2395735932586466,0.0041493775933609,0.02345081092796088,-0.06363430687977692,0.03181715343988846,0.03181715343988846,Basal,Strengthened
HALLMARK_COMPLEMENT,HALLMARK_XENOBIOTIC_METABOLISM,0.10203424857833385,0.16126709321413585,0.0256410256410256,0.3727399795987102,0.06383763710967973,0.12566403188629735,3.070094643978668e-05,0.00015350473219893337,0.0256410256410256,0.07565252876366148,-0.023629783307963503,-0.011814891653981752,0.011814891653981752,Basal,Weakened
HALLMARK_DNA_REPAIR,HALLMARK_E2F_TARGETS,0.5600097595840983,4.454858578516882e-17,0.044776119402985,6.821502198353975e-15,0.3023929394935416,0.4010180471458698,1.598434936687958e-43,1.0305698933909202e-41,0.044776119402985,0.2228970832744274,0.15899171243822846,0.07949585621911423,0.07949585621911423,Basal,Strengthened
HALLMARK_DNA_REPAIR,HALLMARK_EPITHELIAL_MESENCHYMAL_TRANSITION,0.0772390955735824,0.289497314303172,0.0,0.5348932277848955,0.0386195477867912,0.003397140185222131,0.9106374260688268,0.9374208797767335,0.0,0.0016985700926110655,0.07384195538836026,0.03692097769418013,0.03692097769418013,Basal,Strengthened
HALLMARK_DNA_REPAIR,HALLMARK_ESTROGEN_RESPONSE_EARLY,-0.017763551400742848,0.8078062530959315,0.0028653295128939,0.9197263585250419,0.010314440456818374,0.018476066427727957,0.5415559535747536,0.6318152791705459,0.0028653295128939,0.010670697970310929,-0.03623961782847081,-0.0003562575134925545,0.0003562575134925545,Basal,Weakened
HALLMARK_DNA_REPAIR,HALLMARK_ESTROGEN_RESPONSE_LATE,-0.07593863527137237,0.2977182870351996,0.0028653295128939,0.5447554639453005,0.039401982392133134,0.05547732062119835,0.0666147252578721,0.11809412220100336,0.0028653295128939,0.029171325067046127,-0.1314159558925707,0.010230657325087007,0.010230657325087007,Basal,Strengthened
HALLMARK_DNA_REPAIR,HALLMARK_FATTY_ACID_METABOLISM,-0.06318933779967471,0.3864226264402588,0.0,0.6201814286079923,0.03159466889983736,-0.15324411287656373,3.5250198726011643e-07,2.453493945418424e-06,0.0,0.07662205643828186,0.09005477507688901,-0.045027387538444506,0.045027387538444506,Basal,Weakened
HALLMARK_DNA_REPAIR,HALLMARK_G2M_CHECKPOINT,-0.3331830937988284,2.6372947256370013e-06,0.0057471264367816,8.088293639833965e-05,0.169465110117805,-0.16770890551983575,2.4008844415362875e-08,2.0283334075047947e-07,0.0057471264367816,0.08672801597830868,-0.16547418827899263,0.08273709413949631,0.08273709413949631,Basal,Strengthened
HALLMARK_DNA_REPAIR,HALLMARK_GLYCOLYSIS,0.37529278061238347,9.542735311127469e-08,0.0028653295128939,3.7709195987519835e-06,0.1890790550626387,0.07241412293706638,0.016595311225553657,0.03757718345897085,0.0028653295128939,0.03763972622498014,0.3028786576753171,0.15143932883765857,0.15143932883765857,Basal,Strengthened
HALLMARK_DNA_REPAIR,HALLMARK_HEDGEHOG_SIGNALING,-3.7063459643494484e-05,0.9995950630507103,0.0,0.9995950630507103,1.8531729821747242e-05,-0.01913991546621119,0.5271256952364571,0.6185143454642337,0.0,0.009569957733105596,0.019102852006567698,-0.009551426003283849,0.009551426003283849,Basal,Weakened
HALLMARK_DNA_REPAIR,HALLMARK_HEME_METABOLISM,0.15922235872695287,0.028216479225479686,0.0057471264367816,0.11960272336059728,0.08248474258186723,0.22996912291453497,1.3486597587016733e-14,2.7535136740159166e-13,0.0057471264367816,0.11785812467565829,-0.0707467641875821,-0.03537338209379105,0.03537338209379105,Basal,Weakened
HALLMARK_DNA_REPAIR,HALLMARK_HYPOXIA,-0.28741991774351305,5.79912097743248e-05,0.0,0.0011669366097791323,0.14370995887175653,0.025947062464283566,0.39123505614389875,0.4930688721978148,0.0,0.012973531232141783,-0.31336698020779663,0.13073642763961474,0.13073642763961474,Basal,Strengthened
HALLMARK_DNA_REPAIR,HALLMARK_IL2_STAT5_SIGNALING,-0.16314460725353933,0.02450974181349266,0.0086705202312138,0.11054526572578127,0.08590756374237657,-0.11044405932123164,0.000252178590273775,0.0010095384741352104,0.0086705202312138,0.05955728977622272,-0.05270054793230769,0.026350273966153852,0.026350273966153852,Basal,Strengthened
HALLMARK_DNA_REPAIR,HALLMARK_IL6_JAK_STAT3_SIGNALING,-0.04175909067652096,0.5672809570678264,0.0,0.774714796441569,0.02087954533826048,0.03327619460126941,0.27147211208824024,0.3677359626024698,0.0,0.016638097300634706,-0.07503528527779038,0.004241448037625776,0.004241448037625776,Basal,Strengthened
HALLMARK_DNA_REPAIR,HALLMARK_INFLAMMATORY_RESPONSE,-0.16941359920426546,0.01945416923999526,0.0057471264367816,0.09605909675027396,0.08758036282052353,-0.01570934513466121,0.6037362272211997,0.6843118482419637,0.0057471264367816,0.010728235785721404,-0.15370425406960425,0.07685212703480213,0.07685212703480213,Basal,Strengthened
HALLMARK_DNA_REPAIR,HALLMARK_INTERFERON_ALPHA_RESPONSE,0.030982128200976296,0.6713157413284307,0.0040650406504065,0.8470944403194884,0.017523584425691397,0.084723573170497,0.005045279646099601,0.013495585351881816,0.0040650406504065,0.04439430691045175,-0.053741444969520706,-0.026870722484760353,0.026870722484760353,Basal,Weakened
HALLMARK_DNA_REPAIR,HALLMARK_INTERFERON_GAMMA_RESPONSE,-0.025564272790517855,0.7262553338605036,0.0086455331412103,0.8765150581075042,0.017104902965864078,-0.06134681297141543,0.04249106873053403,0.08210025109606339,0.0086455331412103,0.03499617305631286,0.035782540180897576,-0.017891270090448785,0.017891270090448785,Basal,Weakened
HALLMARK_DNA_REPAIR,HALLMARK_KRAS_SIGNALING_DN,-0.12622587421276965,0.08267530391524332,0.0028653295128939,0.2509017481190365,0.06454560186283177,-0.153403898221468,3.4264198569637877e-07,2.3984938998746517e-06,0.0028653295128939,0.07813461386718094,0.027178024008698343,-0.013589012004349171,0.013589012004349171,Basal,Weakened
HALLMARK_DNA_REPAIR,HALLMARK_KRAS_SIGNALING_UP,-0.07623696825691431,0.2958188065205011,0.0,0.5430323853205377,0.038118484128457156,0.03132603088491534,0.3005759656754116,0.40022343255693393,0.0,0.01566301544245767,-0.10756299914182965,0.022455468685999486,0.022455468685999486,Basal,Strengthened
HALLMARK_DNA_REPAIR,HALLMARK_MITOTIC_SPINDLE,-0.1797592616225374,0.013075407310313609,0.0028735632183908,0.07289784370731839,0.0913164124204641,-0.13265372041522652,1.072266581861342e-05,5.786460628987419e-05,0.0028735632183908,0.06776364181680866,-0.047105541207310864,0.023552770603655432,0.023552770603655432,Basal,Strengthened
HALLMARK_DNA_REPAIR,HALLMARK_MTORC1_SIGNALING,-0.27655319220368885,0.0001122457432601078,0.0086455331412103,0.001936634302727212,0.14259936267244958,-0.25195960159725334,2.649220861590936e-17,6.240952991247877e-16,0.0086455331412103,0.13030256736923182,-0.02459359060643551,0.012296795303217756,0.012296795303217756,Basal,Strengthened
HALLMARK_DNA_REPAIR,HALLMARK_MYC_TARGETS_V1,0.18429329995381183,0.010915728817662498,0.023391812865497,0.06522813561773931,0.10384255640965441,0.11706820223792185,0.00010401301377142399,0.0004667250617948512,0.023391812865497,0.07023000755170943,0.06722509771588998,0.033612548857944985,0.033612548857944985,Basal,Strengthened
HALLMARK_DNA_REPAIR,HALLMARK_MYC_TARGETS_V2,0.48312944897113297,1.6662079266174124e-12,0.0,1.4579319357902358e-10,0.24156472448556648,0.33436670973182575,5.520707351322927e-30,2.7051466021482345e-28,0.0,0.16718335486591288,0.14876273923930722,0.07438136961965361,0.07438136961965361,Basal,Strengthened
HALLMARK_DNA_REPAIR,HALLMARK_MYOGENESIS,0.17707947461957374,0.01452092625908855,0.0028653295128939,0.07801813450606786,0.08997240206623382,0.1347864468525543,7.695540657956046e-06,4.3045832447471034e-05,0.0028653295128939,0.0688258881827241,0.04229302776701943,0.021146513883509716,0.021146513883509716,Basal,Strengthened
HALLMARK_DNA_REPAIR,HALLMARK_NOTCH_SIGNALING,0.03977369176188165,0.5858633280268849,0.005524861878453,0.7860707303756123,0.022649276820167326,-0.05211897964352727,0.08487575134739456,0.14562016162543184,0.005524861878453,0.028821920760990133,0.09189267140540891,-0.006172643940822807,0.006172643940822807,Basal,Weakened
HALLMARK_DNA_REPAIR,HALLMARK_OXIDATIVE_PHOSPHORYLATION,0.4298707924717856,6.036314862084216e-10,0.0115606936416184,3.081035710855485e-08,0.220715743056702,0.468882126716972,6.908461937577198e-61,5.641910582354712e-59,0.0115606936416184,0.2402214101792952,-0.03901133424518638,-0.01950566712259319,0.01950566712259319,Basal,Weakened
HALLMARK_DNA_REPAIR,HALLMARK_P53_PATHWAY,-0.16931582815782079,0.01952548170679038,0.0294117647058823,0.09605909675027396,0.09936379643185154,-0.04821917453923628,0.11093927823668924,0.17964411409325376,0.0294117647058823,0.03881546962255929,-0.12109665361858452,0.06054832680929226,0.06054832680929226,Basal,Strengthened
HALLMARK_DNA_REPAIR,HALLMARK_PANCREAS_BETA_CELLS,0.19330206983326506,0.007536631290768611,0.0,0.0499047207091435,0.09665103491663253,0.043348634949590535,0.15190939685538288,0.23232086285623477,0.0,0.021674317474795268,0.14995343488367452,0.07497671744183726,0.07497671744183726,Basal,Strengthened
HALLMARK_DNA_REPAIR,HALLMARK_PEROXISOME,0.15669737091680272,0.030848129584407986,0.0079365079365079,0.12680858637885833,0.08231693942665531,0.08327993725655265,0.0058480843531814155,0.015307485753519732,0.0079365079365079,0.04560822259653027,0.07341743366025007,0.03670871683012504,0.03670871683012504,Basal,Strengthened
HALLMARK_DNA_REPAIR,HALLMARK_PI3K_AKT_MTOR_SIGNALING,0.2840746237505556,7.12714155877607e-05,0.0,0.0013431920630001056,0.1420373118752778,0.19051411877362454,2.1191662574455443e-10,2.4036839494174e-09,0.0,0.09525705938681227,0.09356050497693105,0.046780252488465526,0.046780252488465526,Basal,Strengthened
HALLMARK_DNA_REPAIR,HALLMARK_PROTEIN_SECRETION,0.058350281884083546,0.4238978361450457,0.0081967213114754,0.652355338288544,0.033273501597779476,0.058408792636837466,0.05343972778867844,0.09829379360530194,0.0081967213114754,0.03330275697415643,-5.8510752753919426e-05,-2.9255376376956244e-05,2.9255376376956244e-05,Basal,Weakened
HALLMARK_DNA_REPAIR,HALLMARK_REACTIVE_OXYGEN_SPECIES_PATHWAY,-0.18131787526419213,0.012294080336872598,0.0101522842639593,0.0703749925825651,0.09573507976407572,-0.057966326549413985,0.0552766800157394,0.10121664128442566,0.0101522842639593,0.03405930540668664,-0.12335154871477814,0.06167577435738908,0.06167577435738908,Basal,Strengthened
HALLMARK_DNA_REPAIR,HALLMARK_SPERMATOGENESIS,0.2180162635569731,0.002513182403965857,0.0035211267605633,0.023147732668106578,0.1107686951587682,0.03332829332852367,0.2707219859200271,0.36725850803104454,0.0035211267605633,0.018424710044543484,0.18468797022844943,0.0923439851142247,0.0923439851142247,Basal,Strengthened
HALLMARK_DNA_REPAIR,HALLMARK_TGF_BETA_SIGNALING,0.14394022709598087,0.04755582991280235,0.0,0.16885765693676197,0.07197011354799043,0.21039166614554017,2.069528160216149e-12,3.335752626664188e-11,0.0,0.10519583307277008,-0.0664514390495593,-0.03322571952477965,0.03322571952477965,Basal,Weakened
HALLMARK_DNA_REPAIR,HALLMARK_TNFA_SIGNALING_VIA_NFKB,0.2664917040599767,0.00020197717729785914,0.0028653295128939,0.0028770004905799705,0.1346785167864353,-0.11695985913996708,0.00010557088436922696,0.00047198661807409866,0.0028653295128939,0.059912594326430486,0.3834515631999438,0.07476592246000482,0.07476592246000482,Basal,Strengthened
HALLMARK_DNA_REPAIR,HALLMARK_UNFOLDED_PROTEIN_RESPONSE,-0.044606353538510154,0.541131373585815,0.0,0.7524244411380515,0.022303176769255077,0.0671993543811504,0.02624038806237307,0.0549478211562513,0.0,0.0335996771905752,-0.11180570791966056,-0.011296500421320126,0.011296500421320126,Basal,Weakened
HALLMARK_DNA_REPAIR,HALLMARK_UV_RESPONSE_DN,-0.18500797142200825,0.010605685505762753,0.0,0.0637227490401054,0.09250398571100413,-0.2065904937722676,5.204932179089884e-12,7.590526094506081e-11,0.0,0.1032952468861338,0.021582522350259342,-0.010791261175129671,0.010791261175129671,Basal,Weakened
HALLMARK_DNA_REPAIR,HALLMARK_UV_RESPONSE_UP,-0.0528864816336631,0.4686442963159495,0.0098360655737704,0.6814050540604686,0.03136127360371675,0.0604339257063958,0.04566959702319739,0.08620224399601972,0.0098360655737704,0.0351349956400831,-0.11332040734005891,-0.0037737220363663476,0.0037737220363663476,Basal,Weakened
HALLMARK_DNA_REPAIR,HALLMARK_WNT_BETA_CATENIN_SIGNALING,0.07268674047203076,0.3189465873878194,0.0052356020942408,0.560913688665199,0.03896117128313578,0.1022884158287883,0.0007033218325221812,0.0024546132331614585,0.0052356020942408,0.05376200896151455,-0.029601675356757534,-0.014800837678378767,0.014800837678378767,Basal,Weakened
HALLMARK_DNA_REPAIR,HALLMARK_XENOBIOTIC_METABOLISM,0.08686437504634953,0.2333806691344764,0.0057471264367816,0.4717678542734878,0.046305750741565566,-0.037563028555253425,0.21444319123702285,0.30581246713079513,0.0057471264367816,0.021655077496017514,0.12442740360160295,0.024650673245548052,0.024650673245548052,Basal,Strengthened
HALLMARK_E2F_TARGETS,HALLMARK_EPITHELIAL_MESENCHYMAL_TRANSITION,0.046757468836253056,0.5217795711664975,0.0025062656641604,0.7372318047046822,0.02463186725020673,0.082767700893526,0.006159478759063755,0.01598593533867182,0.0025062656641604,0.0426369832788432,-0.036010232057272946,-0.018005116028636473,0.018005116028636473,Basal,Weakened
HALLMARK_E2F_TARGETS,HALLMARK_ESTROGEN_RESPONSE_EARLY,0.019516664554346624,0.7892621490946333,0.0025062656641604,0.9118308959710626,0.011011465109253512,-0.06746088631382144,0.02566090221178355,0.05401134915710455,0.0025062656641604,0.03498357598899092,0.08697755086816807,-0.023972110879737406,0.023972110879737406,Basal,Weakened
HALLMARK_E2F_TARGETS,HALLMARK_ESTROGEN_RESPONSE_LATE,0.07086777429048005,0.33123915471670423,0.0101010101010101,0.5718326561633718,0.040484392195745074,0.004099375304497895,0.8922678332436825,0.9223865786696296,0.0101010101010101,0.007100192702753997,0.06676839898598215,0.033384199492991075,0.033384199492991075,Basal,Strengthened
HALLMARK_E2F_TARGETS,HALLMARK_FATTY_ACID_METABOLISM,0.1301114645232167,0.07357594743143056,0.0056179775280898,0.22875770457741734,0.06786472102565325,0.20649773286126896,5.32223023425885e-12,7.613767796260954e-11,0.0056179775280898,0.10605785519467938,-0.07638626833805226,-0.03819313416902613,0.03819313416902613,Basal,Weakened
HALLMARK_E2F_TARGETS,HALLMARK_G2M_CHECKPOINT,0.7621411857998748,2.412400602723775e-37,0.2232415902140672,1.4775953691683121e-34,0.492691388006971,0.7594290832024948,4.302105589639075e-206,1.7566931157692888e-203,0.2232415902140672,0.491335336708281,0.002712102597379973,0.0013560512986899864,0.0013560512986899864,Basal,Strengthened
HALLMARK_E2F_TARGETS,HALLMARK_GLYCOLYSIS,-0.27327734460367037,0.00013624685240625853,0.0178117048346055,0.002196084134179825,0.14554452471913792,-0.046172469126983605,0.12694673479973256,0.20032124594621872,0.0178117048346055,0.03199208698079455,-0.22710487547668676,0.11355243773834336,0.11355243773834336,Basal,Strengthened
HALLMARK_E2F_TARGETS,HALLMARK_HEDGEHOG_SIGNALING,0.06251703378184689,0.39150576045398694,0.0,0.623660021529433,0.031258516890923446,0.03226318951792557,0.2863403573806278,0.3846128703851634,0.0,0.016131594758962784,0.030253844263921324,0.015126922131960662,0.015126922131960662,Basal,Strengthened
HALLMARK_E2F_TARGETS,HALLMARK_HEME_METABOLISM,0.028360488194756565,0.6977046355569239,0.0025062656641604,0.862434628197353,0.015433376929458483,0.07302303908386114,0.01570281539838481,0.03582113382313108,0.0025062656641604,0.03776465237401077,-0.04466255088910458,-0.02233127544455229,0.02233127544455229,Basal,Weakened
HALLMARK_E2F_TARGETS,HALLMARK_HYPOXIA,0.21776713253433624,0.0025427148013183877,0.0050251256281407,0.02324496740011213,0.11139612908123847,-0.046804825251480706,0.121820049050767,0.193553255625408,0.0050251256281407,0.0259149754398107,0.26457195778581694,0.08548115364142778,0.08548115364142778,Basal,Strengthened
HALLMARK_E2F_TARGETS,HALLMARK_IL2_STAT5_SIGNALING,0.1521416730601062,0.03612622368915476,0.0050377833753148,0.1400462785418183,0.0785897282177105,0.04849293665425346,0.10892451408801514,0.17791003967709138,0.0050377833753148,0.026765360014784127,0.10364873640585275,0.05182436820292637,0.05182436820292637,Basal,Strengthened
HALLMARK_E2F_TARGETS,HALLMARK_IL6_JAK_STAT3_SIGNALING,0.13119199680705274,0.07119530568160012,0.0,0.22535981772599523,0.06559599840352637,0.10677484596481333,0.00040358237996316395,0.0015118911787610882,0.0,0.05338742298240667,0.024417150842239402,0.012208575421119701,0.012208575421119701,Basal,Strengthened
HALLMARK_E2F_TARGETS,HALLMARK_INFLAMMATORY_RESPONSE,0.15402738892568021,0.03385545845192949,0.0050251256281407,0.13421662331266546,0.07952625727691046,0.06157424695664485,0.04172891299901471,0.08088278231612821,0.0050251256281407,0.03329968629239278,0.09245314196903537,0.04622657098451768,0.04622657098451768,Basal,Strengthened
HALLMARK_E2F_TARGETS,HALLMARK_INTERFERON_ALPHA_RESPONSE,0.047943731152273496,0.5112608839366681,0.0,0.7252167925078827,0.023971865576136748,0.023528966068882058,0.43689079479876,0.5357269505790601,0.0,0.011764483034441029,0.024414765083391438,0.012207382541695719,0.012207382541695719,Basal,Strengthened
HALLMARK_E2F_TARGETS,HALLMARK_INTERFERON_GAMMA_RESPONSE,-0.04658957959603616,0.5232771280968537,0.0050251256281407,0.7384959469108823,0.025807352612088427,-0.042653438780572775,0.15859286770927702,0.23984723820230167,0.0050251256281407,0.023839282204356736,-0.003936140815463382,0.001968070407731691,0.001968070407731691,Basal,Strengthened
HALLMARK_E2F_TARGETS,HALLMARK_KRAS_SIGNALING_DN,-0.027524303619327707,0.7062002376596276,0.0025062656641604,0.8653235348578061,0.015015284641744054,0.04467525261731171,0.1397528519197588,0.2169800299134405,0.0025062656641604,0.023590759140736054,-0.07219955623663941,-0.008575474498992,0.008575474498992,Basal,Weakened
HALLMARK_E2F_TARGETS,HALLMARK_KRAS_SIGNALING_UP,0.16077975435621572,0.026690933845450033,0.0,0.11565419774650097,0.08038987717810786,0.014058603956348233,0.6422973481014534,0.7211862982807337,0.0,0.007029301978174116,0.1467211503998675,0.07336057519993375,0.07336057519993375,Basal,Strengthened
HALLMARK_E2F_TARGETS,HALLMARK_MITOTIC_SPINDLE,0.01477360511427185,0.8396764750035285,0.05,0.9308739479269604,0.03238680255713593,-0.04088671443158457,0.17657546655780895,0.26156235905590725,0.05,0.04544335721579229,0.05566031954585642,-0.013056554658656364,0.013056554658656364,Basal,Weakened
HALLMARK_E2F_TARGETS,HALLMARK_MTORC1_SIGNALING,0.17968467156487355,0.013113867555109947,0.0362694300518134,0.07289784370731839,0.10797705080834348,0.17392794651090174,7.022138701809025e-09,6.516757507360649e-08,0.0362694300518134,0.10509868828135757,0.005756725053971817,0.0028783625269859087,0.0028783625269859087,Basal,Strengthened
HALLMARK_E2F_TARGETS,HALLMARK_MYC_TARGETS_V1,0.14408712539311727,0.04732728246564225,0.0958904109589041,0.16853465412910396,0.11998876817601069,0.1214924293498917,5.606657882740672e-05,0.0002631477358757595,0.0958904109589041,0.1086914201543979,0.022594696043225573,0.011297348021612794,0.011297348021612794,Basal,Strengthened
HALLMARK_E2F_TARGETS,HALLMARK_MYC_TARGETS_V2,-0.3331635290197062,2.641075474231499e-06,0.048780487804878,8.088293639833965e-05,0.1909720084122921,-0.16646605686884278,3.053028987959513e-08,2.493307006833602e-07,0.048780487804878,0.10762327233686039,-0.16669747215086342,0.0833487360754317,0.0833487360754317,Basal,Strengthened
HALLMARK_E2F_TARGETS,HALLMARK_MYOGENESIS,-0.09358369296424296,0.19904745857072959,0.0025062656641604,0.42885072196797486,0.04804497931420168,-0.09874011250804206,0.0010748819793639723,0.0035491386111074553,0.0025062656641604,0.05062318908610123,0.005156419543799098,-0.002578209771899549,0.002578209771899549,Basal,Weakened
HALLMARK_E2F_TARGETS,HALLMARK_NOTCH_SIGNALING,-0.1697978358406357,0.019176096140808372,0.0,0.09549072265239941,0.08489891792031785,-0.13663263296339195,5.751222706183585e-06,3.2921718762032205e-05,0.0,0.06831631648169598,-0.033165202877243755,0.016582601438621877,0.016582601438621877,Basal,Strengthened
HALLMARK_E2F_TARGETS,HALLMARK_OXIDATIVE_PHOSPHORYLATION,-0.29793566910720237,2.9815948437793087e-05,0.0,0.0006640824879326643,0.14896783455360119,-0.25964179754652095,2.5893809292910574e-18,6.608315913294887e-17,0.0,0.12982089877326047,-0.038293871560681425,0.019146935780340713,0.019146935780340713,Basal,Strengthened
HALLMARK_E2F_TARGETS,HALLMARK_P53_PATHWAY,0.46002883484570956,2.433152408360334e-11,0.0178117048346055,1.7533010001420054e-09,0.23892026984015752,0.33356155615074673,7.701149851374075e-30,3.6284263722820157e-28,0.0178117048346055,0.1756866304926761,0.12646727869496283,0.06323363934748141,0.06323363934748141,Basal,Strengthened
HALLMARK_E2F_TARGETS,HALLMARK_PANCREAS_BETA_CELLS,-0.26311366975380485,0.00024476491718998587,0.0,0.003368955320873401,0.13155683487690242,-0.12201879587922274,5.201843332216849e-05,0.0002489163313267828,0.0,0.06100939793961137,-0.1410948738745821,0.07054743693729106,0.07054743693729106,Basal,Strengthened
HALLMARK_E2F_TARGETS,HALLMARK_PEROXISOME,-0.13755679937468218,0.0584131970679435,0.0099667774086378,0.193919150157807,0.07376178839165999,-0.10747441347536513,0.0003693841215569819,0.001405265679836344,0.0099667774086378,0.058720595442001464,-0.030082385899317055,0.015041192949658527,0.015041192949658527,Basal,Strengthened
HALLMARK_E2F_TARGETS,HALLMARK_PI3K_AKT_MTOR_SIGNALING,-0.0804670356035657,0.2697524164468364,0.0132890365448504,0.5115274150888152,0.046878036074208054,-0.025484365687656246,0.39974002113669366,0.5012093407292219,0.0132890365448504,0.019386701116253322,-0.05498266991590946,0.027491334957954732,0.027491334957954732,Basal,Strengthened
HALLMARK_E2F_TARGETS,HALLMARK_PROTEIN_SECRETION,0.05627380765295063,0.44060405235325983,0.0068027210884353,0.6616723602452571,0.031538264370692966,-0.059744357640210285,0.04820117114338956,0.09000980891867714,0.0068027210884353,0.03327353936432279,0.11601816529316092,-0.0017352749936298262,0.0017352749936298262,Basal,Weakened
HALLMARK_E2F_TARGETS,HALLMARK_REACTIVE_OXYGEN_SPECIES_PATHWAY,0.01934138388135598,0.7911111028933009,0.0040322580645161,0.9125339934503707,0.011686820972936041,-0.07087863949673183,0.01904608401192686,0.0422671248453087,0.0040322580645161,0.037455448780623964,0.09022002337808781,-0.025768627807687922,0.025768627807687922,Basal,Weakened
HALLMARK_E2F_TARGETS,HALLMARK_SPERMATOGENESIS,-0.165452389803528,0.022530698433492445,0.0182370820668693,0.10494336722824428,0.09184473593519865,-0.033262167217111706,0.27167432339202874,0.3677359626024698,0.0182370820668693,0.0257496246419905,-0.1321902225864163,0.06609511129320815,0.06609511129320815,Basal,Strengthened
HALLMARK_E2F_TARGETS,HALLMARK_TGF_BETA_SIGNALING,-0.17719192556367347,0.014457568949717812,0.0,0.07801813450606786,0.08859596278183673,-0.11898973299584162,7.97368196728595e-05,0.00036583372321817565,0.0,0.05949486649792081,-0.05820219256783185,0.029101096283915925,0.029101096283915925,Basal,Strengthened
HALLMARK_E2F_TARGETS,HALLMARK_TNFA_SIGNALING_VIA_NFKB,-0.3675235806042526,1.825824028531192e-07,0.0050251256281407,6.777680105911244e-06,0.18627435311619667,-0.11947624008286124,7.450019648443054e-05,0.0003443877007299147,0.0050251256281407,0.06225068285550097,-0.24804734052139138,0.12402367026069569,0.12402367026069569,Basal,Strengthened
HALLMARK_E2F_TARGETS,HALLMARK_UNFOLDED_PROTEIN_RESPONSE,-0.025993617534113164,0.721845753889469,0.019543973941368,0.8729131772108584,0.022768795737740582,-0.06102906221244073,0.04357554756926768,0.08353684784405775,0.019543973941368,0.040286518076904365,0.03503544467832756,-0.017517722339163783,0.017517722339163783,Basal,Weakened
HALLMARK_E2F_TARGETS,HALLMARK_UV_RESPONSE_DN,-0.002797490234600229,0.9694434233711177,0.0058479532163742,0.9906845378990381,0.004322721725487214,0.060682050639427276,0.04478647119820792,0.0851916571705042,0.0058479532163742,0.03326500192790074,-0.0634795408740275,-0.028942280202413524,0.028942280202413524,Basal,Weakened
HALLMARK_E2F_TARGETS,HALLMARK_UV_RESPONSE_UP,0.1736075682273169,0.016600316167111724,0.0084507042253521,0.08544280380131035,0.0910291362263345,0.07962368367279386,0.008419179049092453,0.020825282916474428,0.0084507042253521,0.04403719394907298,0.09398388455452304,0.04699194227726152,0.04699194227726152,Basal,Strengthened
HALLMARK_E2F_TARGETS,HALLMARK_WNT_BETA_CATENIN_SIGNALING,-0.028683965550971535,0.6944281050752849,0.0083333333333333,0.86162263029584,0.018508649442152417,0.026198165878217543,0.38666573390769043,0.48886529071030443,0.0083333333333333,0.01726574960577542,-0.054882131429189074,0.0012428998363769976,0.0012428998363769976,Basal,Strengthened
HALLMARK_E2F_TARGETS,HALLMARK_XENOBIOTIC_METABOLISM,-0.13951492261850024,0.054884453874158697,0.0,0.1862422603763003,0.06975746130925012,-0.07767721174742576,0.010164778641944535,0.024463367065583608,0.0,0.03883860587371288,-0.06183771087107448,0.03091885543553724,0.03091885543553724,Basal,Strengthened
HALLMARK_EPITHELIAL_MESENCHYMAL_TRANSITION,HALLMARK_ESTROGEN_RESPONSE_EARLY,-0.15471433267334378,0.033058894245156935,0.015228426395939,0.1323436125827361,0.08497137953464139,0.02025683864197238,0.5032969521427922,0.5997458816876658,0.015228426395939,0.017742632518955692,-0.17497117131531617,0.0672287470156857,0.0672287470156857,Basal,Strengthened
HALLMARK_EPITHELIAL_MESENCHYMAL_TRANSITION,HALLMARK_ESTROGEN_RESPONSE_LATE,0.035119605721401825,0.6304850074202012,0.0204081632653061,0.8172953799891497,0.027763884493353964,-0.05616055993398207,0.06332676679238108,0.11291890730810311,0.0204081632653061,0.03828436159964409,0.0912801656553839,-0.010520477106290123,0.010520477106290123,Basal,Weakened
HALLMARK_EPITHELIAL_MESENCHYMAL_TRANSITION,HALLMARK_FATTY_ACID_METABOLISM,0.11675856735941126,0.10865293982172225,0.0056179775280898,0.29577744729246613,0.06118827244375053,-0.06964506807185462,0.021238275704706547,0.04629339455207388,0.0056179775280898,0.037631522799972214,0.18640363543126587,0.023556749643778317,0.023556749643778317,Basal,Strengthened
HALLMARK_EPITHELIAL_MESENCHYMAL_TRANSITION,HALLMARK_G2M_CHECKPOINT,0.02773434547026436,0.7040627531737524,0.0050251256281407,0.8651345211456559,0.01637973554920253,-0.0897828282419502,0.0029563859547957925,0.008521347752058461,0.0050251256281407,0.04740397693504545,0.11751717371221457,-0.03102424138584292,0.03102424138584292,Basal,Weakened
HALLMARK_EPITHELIAL_MESENCHYMAL_TRANSITION,HALLMARK_GLYCOLYSIS,0.08243850913264734,0.2581545796371916,0.0362694300518134,0.4964290173590571,0.05935396959223037,0.22255472582809488,9.598536493567447e-14,1.704088000669583e-12,0.0362694300518134,0.12941207793995413,-0.14011621669544755,-0.07005810834772376,0.07005810834772376,Basal,Weakened
HALLMARK_EPITHELIAL_MESENCHYMAL_TRANSITION,HALLMARK_HEDGEHOG_SIGNALING,0.09001614502312778,0.21679028830687383,0.0128755364806866,0.4524158486812955,0.05144584075190719,0.006448463414673927,0.8312913651376448,0.8763613789101676,0.0128755364806866,0.009661999947680263,0.08356768160845386,0.041783840804226924,0.041783840804226924,Basal,Strengthened
HALLMARK_EPITHELIAL_MESENCHYMAL_TRANSITION,HALLMARK_HEME_METABOLISM,-0.1550633022852893,0.032660369914970996,0.0025062656641604,0.13117689556012943,0.07878478397472485,-0.08004170979629288,0.008081224208708715,0.02024437557396355,0.0025062656641604,0.04127398773022664,-0.07502159248899642,0.03751079624449821,0.03751079624449821,Basal,Strengthened
HALLMARK_EPITHELIAL_MESENCHYMAL_TRANSITION,HALLMARK_HYPOXIA,0.04246671736194313,0.5607262920972584,0.0471204188481675,0.7717861885608331,0.04479356810505532,-0.02741164237850056,0.36504586432663044,0.4667862043842612,0.0471204188481675,0.03726603061333403,0.0698783597404437,0.0075275374917212895,0.0075275374917212895,Basal,Strengthened
HALLMARK_EPITHELIAL_MESENCHYMAL_TRANSITION,HALLMARK_IL2_STAT5_SIGNALING,-0.03827894423729664,0.6000356759312201,0.0257069408740359,0.7974495160641042,0.03199294255566627,-0.06347802495085249,0.03579086563496197,0.07094467702723044,0.0257069408740359,0.04459248291244419,0.025199080713555845,-0.012599540356777919,0.012599540356777919,Basal,Weakened
HALLMARK_EPITHELIAL_MESENCHYMAL_TRANSITION,HALLMARK_IL6_JAK_STAT3_SIGNALING,-0.0602749523803181,0.4087464058331763,0.028673835125448,0.6343926440483999,0.04447439375288305,-0.001726438031700442,0.9545150375458612,0.9687497274181275,0.028673835125448,0.015200136578574221,-0.05854851434861766,0.02927425717430883,0.02927425717430883,Basal,Strengthened
HALLMARK_EPITHELIAL_MESENCHYMAL_TRANSITION,HALLMARK_INFLAMMATORY_RESPONSE,0.08742864408303,0.23034664055072016,0.0335917312661498,0.4691449540643204,0.060510187674589905,-0.044538843130485714,0.14096725736255464,0.21858846869510057,0.0335917312661498,0.039065287198317755,0.1319674872135157,0.02144490047627215,0.02144490047627215,Basal,Strengthened
HALLMARK_EPITHELIAL_MESENCHYMAL_TRANSITION,HALLMARK_INTERFERON_ALPHA_RESPONSE,0.07251950768338226,0.3200642190832441,0.0033783783783783,0.560913688665199,0.03794894303088028,-0.07010859398067022,0.020390056487442416,0.04484348150290298,0.0033783783783783,0.03674348617952426,0.1426281016640525,0.001205456851356021,0.001205456851356021,Basal,Strengthened
HALLMARK_EPITHELIAL_MESENCHYMAL_TRANSITION,HALLMARK_INTERFERON_GAMMA_RESPONSE,-0.09348020161815139,0.1995468665483638,0.0126582278481012,0.42885072196797486,0.05306921473312629,0.06604391540387902,0.02893766430467284,0.05977848022466144,0.0126582278481012,0.03935107162599011,-0.1595241170220304,0.013718143107136184,0.013718143107136184,Basal,Strengthened
HALLMARK_EPITHELIAL_MESENCHYMAL_TRANSITION,HALLMARK_KRAS_SIGNALING_DN,-0.1660381429368005,0.022050878029784598,0.0025062656641604,0.10389355994802359,0.08427220430048045,-0.14598314463557371,1.2410472958922459e-06,7.95959653124608e-06,0.0025062656641604,0.07424470514986706,-0.020054998301226784,0.010027499150613392,0.010027499150613392,Basal,Strengthened
HALLMARK_EPITHELIAL_MESENCHYMAL_TRANSITION,HALLMARK_KRAS_SIGNALING_UP,-0.2579135772994401,0.0003273858305051528,0.0230179028132992,0.004312340240524863,0.14046574005636964,-0.3121885393611591,3.706420607251815e-26,1.3354015423186686e-24,0.0230179028132992,0.16760322108722914,0.054274962061719,-0.0271374810308595,0.0271374810308595,Basal,Weakened
HALLMARK_EPITHELIAL_MESENCHYMAL_TRANSITION,HALLMARK_MITOTIC_SPINDLE,0.010069378662632534,0.8903317893385801,0.0075757575757575,0.9592007511757955,0.008822568119195018,0.06106790157191786,0.04344174934482241,0.08344908315386111,0.0075757575757575,0.034321829573837684,-0.050998522909285325,-0.025499261454642666,0.025499261454642666,Basal,Weakened
HALLMARK_EPITHELIAL_MESENCHYMAL_TRANSITION,HALLMARK_MTORC1_SIGNALING,0.11214633335989922,0.12344015231619475,0.0050251256281407,0.3170108733487182,0.05858572949401996,-0.04836463350197836,0.1098651388387947,0.17920745016980494,0.0050251256281407,0.026694879565059528,0.16051096686187757,0.031890849928960435,0.031890849928960435,Basal,Strengthened
HALLMARK_EPITHELIAL_MESENCHYMAL_TRANSITION,HALLMARK_MYC_TARGETS_V1,-0.1419297995049363,0.05077727958542594,0.0025062656641604,0.17548694622981625,0.07221803258454836,-0.03732917443184797,0.21731248325874564,0.30954394417670167,0.0025062656641604,0.019917720048004184,-0.10460062507308834,0.05230031253654417,0.05230031253654417,Basal,Strengthened
HALLMARK_EPITHELIAL_MESENCHYMAL_TRANSITION,HALLMARK_MYC_TARGETS_V2,-0.146401253537324,0.04384616855742094,0.0,0.1612959654139359,0.073200626768662,0.04892650155051177,0.10579292955111885,0.17442306689114484,0.0,0.024463250775255886,-0.19532775508783579,0.048737375993406114,0.048737375993406114,Basal,Strengthened
HALLMARK_EPITHELIAL_MESENCHYMAL_TRANSITION,HALLMARK_MYOGENESIS,0.4224217279695804,1.272526482509149e-09,0.0526315789473684,6.235379764294831e-08,0.2375266534584744,0.2569907384634874,5.828154334294367e-18,1.42789781190212e-16,0.0526315789473684,0.15481115870542791,0.16543098950609297,0.08271549475304649,0.08271549475304649,Basal,Strengthened
HALLMARK_EPITHELIAL_MESENCHYMAL_TRANSITION,HALLMARK_NOTCH_SIGNALING,-0.06164872689357623,0.398130076400295,0.008695652173913,0.6276825528833481,0.03517218953374461,0.1265975877017951,2.6759975947457783e-05,0.00013434823990014666,0.008695652173913,0.06764661993785405,-0.18824631459537133,-0.03247443040410944,0.03247443040410944,Basal,Weakened
HALLMARK_EPITHELIAL_MESENCHYMAL_TRANSITION,HALLMARK_OXIDATIVE_PHOSPHORYLATION,-0.029813051285948522,0.683036160484837,0.0,0.8535308123811686,0.014906525642974261,0.11129351601515662,0.00022570138804442382,0.0009277993300483865,0.0,0.05564675800757831,-0.14110656730110516,-0.04074023236460405,0.04074023236460405,Basal,Weakened
HALLMARK_EPITHELIAL_MESENCHYMAL_TRANSITION,HALLMARK_P53_PATHWAY,-0.057505588400075906,0.4306490103785388,0.0178117048346055,0.6570380746999787,0.0376586466173407,-0.01953619643448378,0.5186060030353422,0.611213054289756,0.0178117048346055,0.01867395063454464,-0.037969391965592125,0.018984695982796063,0.018984695982796063,Basal,Strengthened
HALLMARK_EPITHELIAL_MESENCHYMAL_TRANSITION,HALLMARK_PANCREAS_BETA_CELLS,-0.03682948722492057,0.6139236673255758,0.0,0.8060253155061954,0.018414743612460285,-0.00014250313168001426,0.9962435746670403,0.9978727546746724,0.0,7.125156584000713e-05,-0.03668698409324055,0.018343492046620277,0.018343492046620277,Basal,Strengthened
HALLMARK_EPITHELIAL_MESENCHYMAL_TRANSITION,HALLMARK_PEROXISOME,-0.02277554627586383,0.7551104131816444,0.0033003300330033,0.8945940581697431,0.013037938154433564,0.0438468919927552,0.14725257582774726,0.22632924139145594,0.0033003300330033,0.02357361101287925,-0.06662243826861904,-0.010535672858445687,0.010535672858445687,Basal,Weakened
HALLMARK_EPITHELIAL_MESENCHYMAL_TRANSITION,HALLMARK_PI3K_AKT_MTOR_SIGNALING,-0.022908992175788002,0.753721525232313,0.0,0.8944641857398923,0.011454496087894001,-0.09216731150642887,0.00227695172630174,0.0067373571611585295,0.0,0.046083655753214436,0.06925831933064087,-0.03462915966532044,0.03462915966532044,Basal,Weakened
HALLMARK_EPITHELIAL_MESENCHYMAL_TRANSITION,HALLMARK_PROTEIN_SECRETION,-0.022034253056041276,0.7628398897008112,0.0033898305084745,0.9020066263354186,0.012712041782257887,-0.003920476510809689,0.8969425236024621,0.9264372608878719,0.0033898305084745,0.0036551535096420945,-0.018113776545231587,0.009056888272615794,0.009056888272615794,Basal,Strengthened
HALLMARK_EPITHELIAL_MESENCHYMAL_TRANSITION,HALLMARK_REACTIVE_OXYGEN_SPECIES_PATHWAY,-0.14480515779968517,0.04622329777723728,0.0,0.16622887006295162,0.07240257889984258,-0.10531991106765386,0.00048437332418719507,0.0017659444110991486,0.0,0.05265995553382693,-0.03948524673203131,0.019742623366015656,0.019742623366015656,Basal,Strengthened
HALLMARK_EPITHELIAL_MESENCHYMAL_TRANSITION,HALLMARK_SPERMATOGENESIS,-0.0739197668606023,0.31078449264004665,0.0,0.5549723082857976,0.03695988343030115,-0.01993572088435389,0.5100890807010763,0.6048975061556809,0.0,0.009967860442176945,-0.05398404597624841,0.026992022988124205,0.026992022988124205,Basal,Strengthened
HALLMARK_EPITHELIAL_MESENCHYMAL_TRANSITION,HALLMARK_TGF_BETA_SIGNALING,0.09886402181599357,0.17475553259868515,0.0200803212851405,0.39223271451795994,0.05947217155056704,-0.02873411890881708,0.3423613818652248,0.4456883026407018,0.0200803212851405,0.02440722009697879,0.12759814072481065,0.03506495145358825,0.03506495145358825,Basal,Strengthened
HALLMARK_EPITHELIAL_MESENCHYMAL_TRANSITION,HALLMARK_TNFA_SIGNALING_VIA_NFKB,0.05536410697321993,0.4480393587618128,0.0582010582010582,0.6652705630099645,0.056782582587139065,0.032728114754696155,0.2794496118195179,0.37651347924840645,0.0582010582010582,0.04546458647787718,0.022635992218523776,0.011317996109261888,0.011317996109261888,Basal,Strengthened
HALLMARK_EPITHELIAL_MESENCHYMAL_TRANSITION,HALLMARK_UNFOLDED_PROTEIN_RESPONSE,-0.006729360372097834,0.9265814299442553,0.0032051282051282,0.9693102063891654,0.004967244288613016,-0.12160523723939612,5.517468570525356e-05,0.00026092622979901426,0.0032051282051282,0.062405182722262156,0.11487587686729829,-0.05743793843364914,0.05743793843364914,Basal,Weakened
HALLMARK_EPITHELIAL_MESENCHYMAL_TRANSITION,HALLMARK_UV_RESPONSE_DN,0.12024642142953545,0.09842318507846644,0.0617283950617283,0.2793047608022212,0.09098740824563188,0.2285809104406244,1.957796900661548e-14,3.931641316902289e-13,0.0617283950617283,0.14515465275117634,-0.10833448901108894,-0.05416724450554446,0.05416724450554446,Basal,Weakened
HALLMARK_EPITHELIAL_MESENCHYMAL_TRANSITION,HALLMARK_UV_RESPONSE_UP,-0.12796672615911456,0.07849248952705225,0.0199430199430199,0.2434260751155418,0.07395487305106722,0.06967564090249372,0.021181398804702822,0.04629339455207388,0.0199430199430199,0.04480933042275681,-0.19764236706160826,0.029145542628310414,0.029145542628310414,Basal,Strengthened
HALLMARK_EPITHELIAL_MESENCHYMAL_TRANSITION,HALLMARK_WNT_BETA_CATENIN_SIGNALING,0.14965474036175402,0.039316776724142036,0.0083333333333333,0.14997303004700052,0.07899403684754366,-0.005734055524396036,0.8497460375811025,0.8896913641340602,0.0083333333333333,0.007033694428864668,0.15538879588615007,0.07196034241867899,0.07196034241867899,Basal,Strengthened
HALLMARK_EPITHELIAL_MESENCHYMAL_TRANSITION,HALLMARK_XENOBIOTIC_METABOLISM,0.14364860505122876,0.048012269449133935,0.0126582278481012,0.16998563605545974,0.07815341644966498,0.04487701818005115,0.13797136640002938,0.21448594395943651,0.0126582278481012,0.028767623014076177,0.0987715868711776,0.0493857934355888,0.0493857934355888,Basal,Strengthened
HALLMARK_ESTROGEN_RESPONSE_EARLY,HALLMARK_ESTROGEN_RESPONSE_LATE,0.6627416382356168,2.1188140489422044e-25,0.3377926421404682,8.651824033180669e-23,0.5002671401880425,0.8712596845026659,0.0,0.0,0.3377926421404682,0.6045261633215671,-0.20851804626704906,-0.10425902313352453,0.10425902313352453,Basal,Weakened
HALLMARK_ESTROGEN_RESPONSE_EARLY,HALLMARK_FATTY_ACID_METABOLISM,0.14549210801503398,0.045187318182666976,0.0084507042253521,0.16474543087430668,0.07697140612019304,-0.059005721104338806,0.05104243553102951,0.09459452878292154,0.0084507042253521,0.03372821266484545,0.20449782911937278,0.04324319345534759,0.04324319345534759,Basal,Strengthened
HALLMARK_ESTROGEN_RESPONSE_EARLY,HALLMARK_G2M_CHECKPOINT,-0.09134828635934349,0.21003740571134938,0.0075566750629722,0.442089041230933,0.04945248071115784,-0.06773181434162562,0.025072287172788643,0.053137632848903264,0.0075566750629722,0.03764424470229891,-0.02361647201771787,0.011808236008858934,0.011808236008858934,Basal,Strengthened
HALLMARK_ESTROGEN_RESPONSE_EARLY,HALLMARK_GLYCOLYSIS,-0.1146137972916664,0.11534643525744274,0.0204081632653061,0.3058428207583709,0.06751098027848625,-0.08161093461532025,0.006918193944447906,0.01777905593510943,0.0204081632653061,0.051009548940313176,-0.033002862676346154,0.01650143133817307,0.01650143133817307,Basal,Strengthened
HALLMARK_ESTROGEN_RESPONSE_EARLY,HALLMARK_HEDGEHOG_SIGNALING,0.020303040794436483,0.7809816539829497,0.0042553191489361,0.9080241099613562,0.012279179971686292,-0.016910098176926458,0.5763573439112928,0.6629462406491397,0.0042553191489361,0.010582708662931279,0.03721313897136294,0.0016964713087550126,0.0016964713087550126,Basal,Strengthened
HALLMARK_ESTROGEN_RESPONSE_EARLY,HALLMARK_HEME_METABOLISM,0.06970212128834603,0.3392742937385297,0.0101010101010101,0.5778817755961116,0.039901565694678065,0.04808429845807715,0.11194265053290345,0.18090995633615664,0.0101010101010101,0.029092654279543627,0.021617822830268883,0.010808911415134438,0.010808911415134438,Basal,Strengthened
HALLMARK_ESTROGEN_RESPONSE_EARLY,HALLMARK_HYPOXIA,0.11922856561420524,0.10132638635522787,0.0335917312661498,0.28534442134518195,0.07641014844017752,0.047055806610320036,0.11983065782383705,0.19097233176661896,0.0335917312661498,0.040323768938234916,0.0721727590038852,0.0360863795019426,0.0360863795019426,Basal,Strengthened
HALLMARK_ESTROGEN_RESPONSE_EARLY,HALLMARK_IL2_STAT5_SIGNALING,0.056577122213502196,0.4381406441165822,0.0310077519379844,0.6609880406931198,0.0437924370757433,0.12784442375187588,2.2240706627609816e-05,0.0001125820893339753,0.0310077519379844,0.07942608784493013,-0.07126730153837368,-0.035633650769186835,0.035633650769186835,Basal,Weakened
HALLMARK_ESTROGEN_RESPONSE_EARLY,HALLMARK_IL6_JAK_STAT3_SIGNALING,-0.047866669513579395,0.511940843743338,0.0105633802816901,0.7252167925078827,0.029215024897634747,-0.03456579457723958,0.2533205341395523,0.34962230209049033,0.0105633802816901,0.02256458742946484,-0.013300874936339815,0.006650437468169908,0.006650437468169908,Basal,Strengthened
HALLMARK_ESTROGEN_RESPONSE_EARLY,HALLMARK_INFLAMMATORY_RESPONSE,-0.010701457661325492,0.8834949558493916,0.0126582278481012,0.9580531727987821,0.011679842754713347,-0.05662406466295627,0.06117339257947843,0.10971801743757112,0.0126582278481012,0.034641146255528735,0.045922607001630776,-0.022961303500815388,0.022961303500815388,Basal,Weakened
HALLMARK_ESTROGEN_RESPONSE_EARLY,HALLMARK_INTERFERON_ALPHA_RESPONSE,0.06680959728787735,0.3597437463764895,0.0033783783783783,0.5963275904075773,0.035093987833127824,0.09706484548504939,0.0013071408949131436,0.004180803123416713,0.0033783783783783,0.050221611931713844,-0.03025524819717204,-0.01512762409858602,0.01512762409858602,Basal,Weakened
HALLMARK_ESTROGEN_RESPONSE_EARLY,HALLMARK_INTERFERON_GAMMA_RESPONSE,-0.06105051302749192,0.40273258044523225,0.0025062656641604,0.6315021458065546,0.03177838934582616,-0.0865833497835211,0.004158099570802789,0.011498130867344055,0.0025062656641604,0.04454480772384075,0.02553283675602918,-0.012766418378014593,0.012766418378014593,Basal,Weakened
HALLMARK_ESTROGEN_RESPONSE_EARLY,HALLMARK_KRAS_SIGNALING_DN,-0.06856015931048823,0.347265353403166,0.0075566750629722,0.5855811404242494,0.03805841718673021,-0.08315777749196615,0.005921031553450924,0.015432475857398686,0.0075566750629722,0.04535722627746917,0.014597618181477923,-0.007298809090738961,0.007298809090738961,Basal,Weakened
HALLMARK_ESTROGEN_RESPONSE_EARLY,HALLMARK_KRAS_SIGNALING_UP,-0.13728248061140655,0.05892215803046182,0.0050251256281407,0.19508011780355602,0.07115380311977362,-0.0664647290501262,0.027928915366643138,0.05798800224430143,0.0050251256281407,0.035744927339133446,-0.07081775156128035,0.03540887578064018,0.03540887578064018,Basal,Strengthened
HALLMARK_ESTROGEN_RESPONSE_EARLY,HALLMARK_MITOTIC_SPINDLE,0.11703197414078054,0.10782204746542652,0.0075757575757575,0.29565270259325105,0.06230386585826902,0.20033901810629903,2.2830005815044503e-11,3.0398649047205996e-10,0.0075757575757575,0.10395738784102826,-0.0833070439655185,-0.04165352198275924,0.04165352198275924,Basal,Weakened
HALLMARK_ESTROGEN_RESPONSE_EARLY,HALLMARK_MTORC1_SIGNALING,-0.06964762477437109,0.33965296198302075,0.0256410256410256,0.5778817755961116,0.047644325207698346,-0.016557171157913966,0.5843437078253202,0.6689916281177731,0.0256410256410256,0.02109909839946978,-0.05309045361645712,0.026545226808228566,0.026545226808228566,Basal,Strengthened
HALLMARK_ESTROGEN_RESPONSE_EARLY,HALLMARK_MYC_TARGETS_V1,0.014965050619986844,0.8376274107796771,0.0025062656641604,0.9308739479269604,0.008735658142073622,0.017130398320865988,0.5713983959666115,0.6590989030688316,0.0025062656641604,0.009818331992513194,-0.0021653477008791444,-0.0010826738504395722,0.0010826738504395722,Basal,Weakened
HALLMARK_ESTROGEN_RESPONSE_EARLY,HALLMARK_MYC_TARGETS_V2,0.057299657821367506,0.43230423527198597,0.0117647058823529,0.6570380746999787,0.0345321818518602,0.049670291960540895,0.1005871714806019,0.16696380089937307,0.0117647058823529,0.030717498921446897,0.0076293658608266104,0.0038146829304133052,0.0038146829304133052,Basal,Strengthened
HALLMARK_ESTROGEN_RESPONSE_EARLY,HALLMARK_MYOGENESIS,-0.033699813003196966,0.6443784733445533,0.0256410256410256,0.8248313791505515,0.029670419322111282,-0.09394592806291917,0.0018667345547259222,0.005632388742707524,0.0256410256410256,0.05979347685197238,0.0602461150597222,-0.030123057529861098,0.030123057529861098,Basal,Weakened
HALLMARK_ESTROGEN_RESPONSE_EARLY,HALLMARK_NOTCH_SIGNALING,-0.02971675494453406,0.684005001274742,0.008695652173913,0.8535308123811686,0.01920620355922353,-0.1390791396719147,3.887008899682429e-06,2.3572207436192945e-05,0.008695652173913,0.07388739592291385,0.10936238472738065,-0.05468119236369032,0.05468119236369032,Basal,Weakened
HALLMARK_ESTROGEN_RESPONSE_EARLY,HALLMARK_OXIDATIVE_PHOSPHORYLATION,-0.00032183742178133723,0.9964837753387589,0.0,0.9989301348526839,0.00016091871089066862,0.03022488171784708,0.3178947048200597,0.42008739310094195,0.0,0.01511244085892354,-0.030546719139628416,-0.01495152214803287,0.01495152214803287,Basal,Weakened
HALLMARK_ESTROGEN_RESPONSE_EARLY,HALLMARK_P53_PATHWAY,-0.16749461517026054,0.0208958585446256,0.0204081632653061,0.10077727054002505,0.09395138921778332,-0.07530153961125995,0.01272624735875074,0.030037867079903004,0.0204081632653061,0.047854851438283025,-0.0921930755590006,0.04609653777950029,0.04609653777950029,Basal,Strengthened
HALLMARK_ESTROGEN_RESPONSE_EARLY,HALLMARK_PANCREAS_BETA_CELLS,0.0215477720432519,0.76792526785591,0.0,0.9039904868136812,0.01077388602162595,-0.027696634749936517,0.3600797809614774,0.4614130624143908,0.0,0.013848317374968258,0.049244406793188415,-0.0030744313533423093,0.0030744313533423093,Basal,Weakened
HALLMARK_ESTROGEN_RESPONSE_EARLY,HALLMARK_PEROXISOME,-0.11365428224896014,0.11844317904939794,0.0167224080267558,0.31104826847117695,0.06518834513785797,-0.02567555842206651,0.39621227200371106,0.49729511598826437,0.0167224080267558,0.021198983224411154,-0.08797872382689363,0.043989361913446816,0.043989361913446816,Basal,Strengthened
HALLMARK_ESTROGEN_RESPONSE_EARLY,HALLMARK_PI3K_AKT_MTOR_SIGNALING,0.07328234086226472,0.31498674879593036,0.009933774834437,0.5587225592599447,0.04160805784835086,0.009879338973115898,0.7441216080119915,0.8017141335221544,0.009933774834437,0.00990655690377645,0.06340300188914882,0.03170150094457441,0.03170150094457441,Basal,Strengthened
HALLMARK_ESTROGEN_RESPONSE_EARLY,HALLMARK_PROTEIN_SECRETION,-0.1797744941562754,0.013067565265994877,0.0068027210884353,0.07289784370731839,0.09328860762235534,-0.1489495711677268,7.474758550997159e-07,4.896566430466054e-06,0.0068027210884353,0.07787614612808105,-0.03082492298854858,0.01541246149427429,0.01541246149427429,Basal,Strengthened
HALLMARK_ESTROGEN_RESPONSE_EARLY,HALLMARK_REACTIVE_OXYGEN_SPECIES_PATHWAY,0.04247001521621082,0.560695829818224,0.0,0.7717861885608331,0.02123500760810541,-0.007115262471384626,0.8141497363386291,0.8627451790785645,0.0,0.003557631235692313,0.04958527768759544,0.0176773763724131,0.0176773763724131,Basal,Strengthened
HALLMARK_ESTROGEN_RESPONSE_EARLY,HALLMARK_SPERMATOGENESIS,-0.08541846860743535,0.24128315404353162,0.0,0.479252367755635,0.042709234303717675,-0.11722280921100214,0.00010182739406185987,0.0004602898809069312,0.0,0.05861140460550107,0.031804340603566794,-0.015902170301783397,0.015902170301783397,Basal,Weakened
HALLMARK_ESTROGEN_RESPONSE_EARLY,HALLMARK_TGF_BETA_SIGNALING,-0.14315367752718222,0.04879527344193275,0.0119521912350597,0.1713075065434419,0.07755293438112096,-0.201836180384879,1.6092010172301414e-11,2.190301384563248e-10,0.0119521912350597,0.10689418580996934,0.05868250285769677,-0.029341251428848386,0.029341251428848386,Basal,Weakened
HALLMARK_ESTROGEN_RESPONSE_EARLY,HALLMARK_TNFA_SIGNALING_VIA_NFKB,0.1070169258593508,0.14166579250017253,0.0335917312661498,0.3436447441835868,0.0703043285627503,0.07117463012711138,0.01855044716126852,0.04131690504100716,0.0335917312661498,0.05238318069663059,0.03584229573223942,0.017921147866119716,0.017921147866119716,Basal,Strengthened
HALLMARK_ESTROGEN_RESPONSE_EARLY,HALLMARK_UNFOLDED_PROTEIN_RESPONSE,0.22277715820328384,0.002005433474306286,0.0162337662337662,0.019745192665208643,0.11950546221852502,0.2005642353563958,2.166365913352501e-11,2.916261806436059e-10,0.0162337662337662,0.10839900079508101,0.022212922846888028,0.011106461423444014,0.011106461423444014,Basal,Strengthened
HALLMARK_ESTROGEN_RESPONSE_EARLY,HALLMARK_UV_RESPONSE_DN,0.21552060035799123,0.002823588235329792,0.0207715133531157,0.02524741305313135,0.11814605685555346,0.14863231182016473,7.895010433067415e-07,5.144355202397651e-06,0.0207715133531157,0.08470191258664021,0.0668882885378265,0.03344414426891325,0.03344414426891325,Basal,Strengthened
HALLMARK_ESTROGEN_RESPONSE_EARLY,HALLMARK_UV_RESPONSE_UP,-0.14275745165889087,0.04942976465563249,0.0257879656160458,0.17202119802031193,0.08427270863746833,-0.11248947847988729,0.00019281371155619484,0.0008061324117963777,0.0257879656160458,0.06913872204796655,-0.03026797317900358,0.015133986589501783,0.015133986589501783,Basal,Strengthened
HALLMARK_ESTROGEN_RESPONSE_EARLY,HALLMARK_WNT_BETA_CATENIN_SIGNALING,0.216273823050722,0.002726430377426277,0.0083333333333333,0.024557920679023452,0.11230357819202766,0.18648001639496808,5.116186317619449e-10,5.449850642681587e-09,0.0083333333333333,0.0974066748641507,0.02979380665575393,0.014896903327876965,0.014896903327876965,Basal,Strengthened
HALLMARK_ESTROGEN_RESPONSE_EARLY,HALLMARK_XENOBIOTIC_METABOLISM,-0.13109892706268053,0.07139786138048754,0.0126582278481012,0.2254185056471578,0.07187857745539086,0.01455266743548597,0.6306483919674208,0.710059081029495,0.0126582278481012,0.013605447641793585,-0.1456515944981665,0.05827312981359728,0.05827312981359728,Basal,Strengthened
HALLMARK_ESTROGEN_RESPONSE_LATE,HALLMARK_FATTY_ACID_METABOLISM,-0.1169280169587525,0.10813738685996942,0.0170454545454545,0.2956881671952289,0.0669867357521035,0.07700669697159307,0.01083671521645742,0.026024850454772888,0.0170454545454545,0.047026075758523786,-0.19393471393034556,0.01996065999357971,0.01996065999357971,Basal,Strengthened
HALLMARK_ESTROGEN_RESPONSE_LATE,HALLMARK_G2M_CHECKPOINT,0.030864277468783324,0.6724937082909249,0.0204081632653061,0.8470944403194884,0.025636220367044712,0.12538847229548233,3.1965692654733134e-05,0.00015917875407336622,0.0204081632653061,0.07289831778039421,-0.094524194826699,-0.047262097413349496,0.047262097413349496,Basal,Weakened
HALLMARK_ESTROGEN_RESPONSE_LATE,HALLMARK_GLYCOLYSIS,0.10078336397222705,0.16649296704844435,0.0204081632653061,0.38122221426980246,0.06059576361876658,0.0028148574611684524,0.9259059067404749,0.9483568024724763,0.0204081632653061,0.011611510363237276,0.0979685065110586,0.0489842532555293,0.0489842532555293,Basal,Strengthened
HALLMARK_ESTROGEN_RESPONSE_LATE,HALLMARK_HEDGEHOG_SIGNALING,0.05647167587439103,0.43899614797032593,0.0,0.6611641225415791,0.028235837937195515,0.04195542222267243,0.16552474198740422,0.2484899619296203,0.0,0.020977711111336214,0.014516253651718602,0.007258126825859301,0.007258126825859301,Basal,Strengthened
HALLMARK_ESTROGEN_RESPONSE_LATE,HALLMARK_HEME_METABOLISM,-0.05696124967167623,0.4350322082333989,0.0050251256281407,0.6587323301432801,0.030993187649908462,-0.0742544184284688,0.014025916533204133,0.032852290159034535,0.0050251256281407,0.03963977202830475,0.017293168756792578,-0.008646584378396289,0.008646584378396289,Basal,Weakened
HALLMARK_ESTROGEN_RESPONSE_LATE,HALLMARK_HYPOXIA,-0.09738393262583518,0.1813316453599579,0.0309278350515463,0.4015538299396595,0.06415588383869074,-0.0097253484176759,0.7479737465643158,0.8037437188958657,0.0309278350515463,0.0203265917346111,-0.08765858420815928,0.04382929210407964,0.04382929210407964,Basal,Strengthened
HALLMARK_ESTROGEN_RESPONSE_LATE,HALLMARK_IL2_STAT5_SIGNALING,0.0011496370404906451,0.9874401508272389,0.0204603580562659,0.9958581118075517,0.010804997548378272,-0.06892596731705414,0.02261491630704303,0.04860223241425914,0.0204603580562659,0.044693162686660015,0.07007560435754479,-0.033888165138281745,0.033888165138281745,Basal,Weakened
HALLMARK_ESTROGEN_RESPONSE_LATE,HALLMARK_IL6_JAK_STAT3_SIGNALING,0.005685652044272745,0.9379435825534711,0.0141342756183745,0.9739489859546789,0.009909963831323622,0.022033691140038867,0.46659255423060964,0.564240749192988,0.0141342756183745,0.018083983379206685,-0.016348039095766122,-0.008174019547883063,0.008174019547883063,Basal,Weakened
HALLMARK_ESTROGEN_RESPONSE_LATE,HALLMARK_INFLAMMATORY_RESPONSE,-0.040602409337866234,0.5780728951135536,0.0025062656641604,0.7824743607890643,0.021554337501013317,-0.023919163842207367,0.42932279231012666,0.5300807707756938,0.0025062656641604,0.013212714753183884,-0.016683245495658867,0.008341622747829434,0.008341622747829434,Basal,Strengthened
HALLMARK_ESTROGEN_RESPONSE_LATE,HALLMARK_INTERFERON_ALPHA_RESPONSE,-0.031527558627188,0.6658744029136487,0.0033783783783783,0.8435327234428331,0.01745296850278315,-0.0011625139801233057,0.9693631912994435,0.9802982388246019,0.0033783783783783,0.0022704461792508028,-0.030365044647064694,0.015182522323532349,0.015182522323532349,Basal,Strengthened
HALLMARK_ESTROGEN_RESPONSE_LATE,HALLMARK_INTERFERON_GAMMA_RESPONSE,0.012486443584727506,0.8642358415193232,0.0075566750629722,0.9474293604101981,0.010021559323849853,-0.0054198760075653265,0.8578886947296315,0.8943945966330201,0.0075566750629722,0.006488275535268763,0.017906319592292833,0.0035332837885810892,0.0035332837885810892,Basal,Strengthened
HALLMARK_ESTROGEN_RESPONSE_LATE,HALLMARK_KRAS_SIGNALING_DN,0.17300072764276614,0.01698923949801241,0.0126582278481012,0.08671590993777167,0.09282947774543367,0.06039919105260179,0.04579438595471192,0.08630480429926476,0.0126582278481012,0.03652870945035149,0.11260153659016435,0.056300768295082175,0.056300768295082175,Basal,Strengthened
HALLMARK_ESTROGEN_RESPONSE_LATE,HALLMARK_KRAS_SIGNALING_UP,-0.045435766460323816,0.53362789486709,0.0204081632653061,0.7486710215807961,0.032921964862814956,0.03964645183528356,0.19007777492510314,0.27852305536274086,0.0204081632653061,0.030027307550294827,-0.08508221829560737,0.0028946573125201297,0.0028946573125201297,Basal,Strengthened
HALLMARK_ESTROGEN_RESPONSE_LATE,HALLMARK_MITOTIC_SPINDLE,-0.18930472653939143,0.008900244064082009,0.010126582278481,0.0559117896333357,0.09971565440893622,-0.21026085015275242,2.136897670239978e-12,3.399609929927238e-11,0.010126582278481,0.11019371621561672,0.020956123613360994,-0.010478061806680497,0.010478061806680497,Basal,Weakened
HALLMARK_ESTROGEN_RESPONSE_LATE,HALLMARK_MTORC1_SIGNALING,0.017660372832359664,0.8089011122291546,0.0282776349614395,0.9197263585250419,0.022969003896899584,-0.013990972253371262,0.6438989031332727,0.7216616251951135,0.0282776349614395,0.021134303607405383,0.03165134508573093,0.001834700289494201,0.001834700289494201,Basal,Strengthened
HALLMARK_ESTROGEN_RESPONSE_LATE,HALLMARK_MYC_TARGETS_V1,0.025840979582734274,0.7234123787191356,0.0050251256281407,0.8739449348431371,0.015433052605437488,-0.05186938782206787,0.08638045269005233,0.14737612053664917,0.0050251256281407,0.028447256725104283,0.07771036740480214,-0.013014204119666795,0.013014204119666795,Basal,Weakened
HALLMARK_ESTROGEN_RESPONSE_LATE,HALLMARK_MYC_TARGETS_V2,-0.06199715311428602,0.3954639231220811,0.0117647058823529,0.6267054409114481,0.03688092949831946,-0.1057421204940819,0.0004594985995696142,0.001685286779858615,0.0117647058823529,0.0587534131882174,0.04374496737979588,-0.021872483689897936,0.021872483689897936,Basal,Weakened
HALLMARK_ESTROGEN_RESPONSE_LATE,HALLMARK_MYOGENESIS,0.01706773164399094,0.8151969355425864,0.015228426395939,0.9227480228917533,0.01614807901996497,0.035648719548991056,0.23874405340742869,0.3330996189340548,0.015228426395939,0.025438572972465028,-0.018580987905000117,-0.009290493952500058,0.009290493952500058,Basal,Weakened
HALLMARK_ESTROGEN_RESPONSE_LATE,HALLMARK_NOTCH_SIGNALING,0.04517561087507521,0.5359758284446096,0.0043290043290043,0.7486710215807961,0.024752307602039756,0.11465918954893964,0.00014432588455300785,0.0006160251169945456,0.0043290043290043,0.059494096938971966,-0.06948357867386443,-0.03474178933693221,0.03474178933693221,Basal,Weakened
HALLMARK_ESTROGEN_RESPONSE_LATE,HALLMARK_OXIDATIVE_PHOSPHORYLATION,-0.026590066387565107,0.7157351466310689,0.0075566750629722,0.8704690294280454,0.017073370725268655,-0.042956605249343055,0.15565145295359825,0.237155509786266,0.0075566750629722,0.02525664015615763,0.016366538861777948,-0.008183269430888974,0.008183269430888974,Basal,Weakened
HALLMARK_ESTROGEN_RESPONSE_LATE,HALLMARK_P53_PATHWAY,0.08508486530117568,0.24313266181922946,0.0230179028132992,0.479252367755635,0.05405138405723744,0.08582534646840013,0.004501060634195726,0.012345449347671475,0.0230179028132992,0.05442162464084967,-0.0007404811672244577,-0.00037024058361222884,0.00037024058361222884,Basal,Weakened
HALLMARK_ESTROGEN_RESPONSE_LATE,HALLMARK_PANCREAS_BETA_CELLS,0.013729307612237703,0.8508723513992041,0.0,0.9386775667457229,0.006864653806118851,-0.008816715266829624,0.7708287276553093,0.8232477692918517,0.0,0.004408357633414812,0.022546022879067325,0.0024562961727040396,0.0024562961727040396,Basal,Strengthened
HALLMARK_ESTROGEN_RESPONSE_LATE,HALLMARK_PEROXISOME,0.2377534972991597,0.0009563168538885298,0.0167224080267558,0.010553947261382424,0.12723795266295776,0.052286261623729326,0.08387916882663497,0.1451299178144461,0.0167224080267558,0.034504334825242566,0.1854672356754304,0.0927336178377152,0.0927336178377152,Basal,Strengthened
HALLMARK_ESTROGEN_RESPONSE_LATE,HALLMARK_PI3K_AKT_MTOR_SIGNALING,0.0011140858715185519,0.9878285189783629,0.0066006600660066,0.9958581118075517,0.0038573729687625758,-0.01927942770131742,0.524118189997693,0.6161658183754068,0.0066006600660066,0.01294004388366201,0.02039351357283597,-0.009082670914899435,0.009082670914899435,Basal,Weakened
HALLMARK_ESTROGEN_RESPONSE_LATE,HALLMARK_PROTEIN_SECRETION,0.03577191772973216,0.6241445800996178,0.0033898305084745,0.813619121554748,0.01958087411910333,0.1050249180952,0.0005024911508935909,0.0018104460583666143,0.0033898305084745,0.054207374301837245,-0.06925300036546783,-0.034626500182733916,0.034626500182733916,Basal,Weakened
HALLMARK_ESTROGEN_RESPONSE_LATE,HALLMARK_REACTIVE_OXYGEN_SPECIES_PATHWAY,-0.05508934719927567,0.45029889329833994,0.0,0.6670086388034661,0.027544673599637835,-0.02132930593980185,0.48096286043072245,0.5787617917756729,0.0,0.010664652969900925,-0.03376004125947382,0.01688002062973691,0.01688002062973691,Basal,Strengthened
HALLMARK_ESTROGEN_RESPONSE_LATE,HALLMARK_SPERMATOGENESIS,0.20741541023412313,0.004085916097876814,0.006006006006006,0.03229191754773611,0.10671070812006457,0.14094059565412054,2.8722026863215964e-06,1.776994086234321e-05,0.006006006006006,0.07347330083006327,0.0664748145800026,0.0332374072900013,0.0332374072900013,Basal,Strengthened
HALLMARK_ESTROGEN_RESPONSE_LATE,HALLMARK_TGF_BETA_SIGNALING,0.05374756986065761,0.4614247599706292,0.016,0.6777521954005046,0.034873784930328805,0.12941692919403672,1.7569860354382505e-05,9.158756993241944e-05,0.016,0.07270846459701835,-0.07566935933337911,-0.03783467966668955,0.03783467966668955,Basal,Weakened
HALLMARK_ESTROGEN_RESPONSE_LATE,HALLMARK_TNFA_SIGNALING_VIA_NFKB,0.05186887152262304,0.47725549865417105,0.0309278350515463,0.6910614489968789,0.04139835328708467,-0.023789382411275126,0.4318314587853783,0.5316517959920487,0.0309278350515463,0.027358608731410713,0.07565825393389816,0.014039744555673955,0.014039744555673955,Basal,Strengthened
HALLMARK_ESTROGEN_RESPONSE_LATE,HALLMARK_UNFOLDED_PROTEIN_RESPONSE,-0.12385760995074468,0.08865134767737456,0.0129449838187702,0.25889893444142587,0.06840129688475745,-0.05710481763179148,0.05900423352043277,0.10660794404502971,0.0129449838187702,0.03502490072528084,-0.0667527923189532,0.03337639615947661,0.03337639615947661,Basal,Strengthened
HALLMARK_ESTROGEN_RESPONSE_LATE,HALLMARK_UV_RESPONSE_DN,0.053033436255235725,0.46740782770712486,0.0117647058823529,0.680825908372447,0.03239907106879431,-0.03773469212770463,0.21235438269588888,0.30425043134791097,0.0117647058823529,0.024749699005028766,0.09076812838294035,0.007649372063765546,0.007649372063765546,Basal,Strengthened
HALLMARK_ESTROGEN_RESPONSE_LATE,HALLMARK_UV_RESPONSE_UP,0.1680653971800152,0.020457690768064297,0.031700288184438,0.09905403632758404,0.09988284268222661,0.13434911342326655,8.240606105524293e-06,4.5471812969672334e-05,0.031700288184438,0.08302470080385227,0.03371628375674865,0.01685814187837434,0.01685814187837434,Basal,Strengthened
HALLMARK_ESTROGEN_RESPONSE_LATE,HALLMARK_WNT_BETA_CATENIN_SIGNALING,-0.2097248746872594,0.003682521462018764,0.0041493775933609,0.029874760205119116,0.10693712614031015,-0.21277335171139408,1.1507459995391193e-12,1.957866457549196e-11,0.0041493775933609,0.10846136465237749,0.003048477024134688,-0.001524238512067344,0.001524238512067344,Basal,Weakened
HALLMARK_ESTROGEN_RESPONSE_LATE,HALLMARK_XENOBIOTIC_METABOLISM,0.1634565306995584,0.024233809624276882,0.0282776349614395,0.11054526572578127,0.09586708283049895,0.028324191991647055,0.3492945889504497,0.4512289149393334,0.0282776349614395,0.028300913476543278,0.13513233870791136,0.06756616935395568,0.06756616935395568,Basal,Strengthened
HALLMARK_FATTY_ACID_METABOLISM,HALLMARK_G2M_CHECKPOINT,-0.19726908645898716,0.006370347559048476,0.0084507042253521,0.04510795236898488,0.10285989534216963,-0.27322569380953593,3.498861551760454e-20,1.0205012859301323e-18,0.0084507042253521,0.14083819901744402,0.07595660735054877,-0.03797830367527438,0.03797830367527438,Basal,Weakened
HALLMARK_FATTY_ACID_METABOLISM,HALLMARK_GLYCOLYSIS,0.1642029616728103,0.023584328565564507,0.0376811594202898,0.10861203944667865,0.10094206054655004,0.1804553362929513,1.840724136199616e-09,1.8879986903004242e-08,0.0376811594202898,0.10906824785662055,-0.016252374620141008,-0.008126187310070504,0.008126187310070504,Basal,Weakened
HALLMARK_FATTY_ACID_METABOLISM,HALLMARK_HEDGEHOG_SIGNALING,-0.15020912093981273,0.038585712201755856,0.0,0.14771092952234663,0.07510456046990636,-0.0709931563871703,0.01885297043718756,0.04191449870336617,0.0,0.03549657819358515,-0.07921596455264243,0.039607982276321216,0.039607982276321216,Basal,Strengthened
HALLMARK_FATTY_ACID_METABOLISM,HALLMARK_HEME_METABOLISM,0.16083013926154477,0.026642783065314292,0.0170454545454545,0.11565419774650097,0.08893779690349964,0.08683841992754376,0.0040481296879932085,0.01127036106316291,0.0170454545454545,0.05194193723649913,0.073991719334001,0.0369958596670005,0.0369958596670005,Basal,Strengthened
HALLMARK_FATTY_ACID_METABOLISM,HALLMARK_HYPOXIA,-0.09460155459328431,0.1941838807497306,0.0199430199430199,0.42326557636729534,0.05727228726815211,-0.04566963201130614,0.13114180645105838,0.20517076999048087,0.0199430199430199,0.03280632597716302,-0.04893192258197818,0.02446596129098909,0.02446596129098909,Basal,Strengthened
HALLMARK_FATTY_ACID_METABOLISM,HALLMARK_IL2_STAT5_SIGNALING,0.1026740692248789,0.1586420608343271,0.0113314447592068,0.37040593610575273,0.05700275699204285,-0.07263401024554778,0.016268015272326356,0.036904293904814416,0.0113314447592068,0.04198272750237729,0.17530807947042668,0.015020029489665562,0.015020029489665562,Basal,Strengthened
HALLMARK_FATTY_ACID_METABOLISM,HALLMARK_IL6_JAK_STAT3_SIGNALING,-0.028904256864520084,0.692199988346306,0.0040983606557377,0.8608578535271318,0.016501308760128893,-0.09536416804844271,0.0015894975676675129,0.004954540764358023,0.0040983606557377,0.0497312643520902,0.06645991118392262,-0.033229955591961305,0.033229955591961305,Basal,Weakened
HALLMARK_FATTY_ACID_METABOLISM,HALLMARK_INFLAMMATORY_RESPONSE,-0.06332362102155673,0.38541215130812984,0.0,0.6201814286079923,0.03166181051077836,-0.01279567746690932,0.6724710369030807,0.745499565797533,0.0,0.00639783873345466,-0.0505279435546474,0.0252639717773237,0.0252639717773237,Basal,Strengthened
HALLMARK_FATTY_ACID_METABOLISM,HALLMARK_INTERFERON_ALPHA_RESPONSE,-0.20595759189427193,0.004360612856894241,0.0079051383399209,0.03380854904870535,0.10693136511709642,-0.13970443922168613,3.512878695747288e-06,2.151638201145214e-05,0.0079051383399209,0.07380478878080352,-0.0662531526725858,0.0331265763362929,0.0331265763362929,Basal,Strengthened
HALLMARK_FATTY_ACID_METABOLISM,HALLMARK_INTERFERON_GAMMA_RESPONSE,0.19355809247616848,0.007455991690211674,0.0056179775280898,0.04970097975654838,0.09958803500212914,0.1378821545318959,4.712192890553666e-06,2.775209755253962e-05,0.0056179775280898,0.07175006602999284,0.055675937944272585,0.027837968972136293,0.027837968972136293,Basal,Strengthened
HALLMARK_FATTY_ACID_METABOLISM,HALLMARK_KRAS_SIGNALING_DN,0.0012446035729494665,0.9864027319697101,0.0028011204481792,0.9958581118075517,0.0020228620105643335,0.030006323957652764,0.3214083219620373,0.4235439359582976,0.0028011204481792,0.01640372220291598,-0.028761720384703298,-0.014380860192351647,0.014380860192351647,Basal,Weakened
HALLMARK_FATTY_ACID_METABOLISM,HALLMARK_KRAS_SIGNALING_UP,0.057163951373404125,0.4333970088431282,0.0084507042253521,0.6578826961992962,0.03280732779937811,0.03759424983190743,0.21406219302023943,0.30562492593216006,0.0084507042253521,0.023022477028629765,0.019569701541496697,0.009784850770748345,0.009784850770748345,Basal,Strengthened
HALLMARK_FATTY_ACID_METABOLISM,HALLMARK_MITOTIC_SPINDLE,0.09938885585115259,0.1724665980559962,0.0,0.3883668798135944,0.049694427925576296,0.16720108805315823,2.6491440553251382e-08,2.177987562263956e-07,0.0,0.08360054402657911,-0.06781223220200563,-0.03390611610100282,0.03390611610100282,Basal,Weakened
HALLMARK_FATTY_ACID_METABOLISM,HALLMARK_MTORC1_SIGNALING,-0.12405140616469706,0.08814970033259384,0.028735632183908,0.25889893444142587,0.07639351917430254,-0.129215506061608,1.8111245727066133e-05,9.400964413413564e-05,0.028735632183908,0.07897556912275801,0.00516409989691094,-0.00258204994845547,0.00258204994845547,Basal,Weakened
HALLMARK_FATTY_ACID_METABOLISM,HALLMARK_MYC_TARGETS_V1,0.05679542311452849,0.4363725580814439,0.0112994350282485,0.6597538592047826,0.034047429071388496,0.09158188692004408,0.002429044551542449,0.00711861142497488,0.0112994350282485,0.05144066097414629,-0.034786463805515595,-0.017393231902757794,0.017393231902757794,Basal,Weakened
HALLMARK_FATTY_ACID_METABOLISM,HALLMARK_MYC_TARGETS_V2,-0.009207349917631889,0.8996688136314432,0.0,0.9610672645108433,0.0046036749588159445,0.05682483888045692,0.06025960836257418,0.10823756634040083,0.0,0.02841241944022846,-0.06603218879808881,-0.023808744481412514,0.023808744481412514,Basal,Weakened
HALLMARK_FATTY_ACID_METABOLISM,HALLMARK_MYOGENESIS,-0.02354579275029077,0.747104736675976,0.0112994350282485,0.8890671812323245,0.017422613889269634,0.060472763369209634,0.04553040641504696,0.08607214175684032,0.0112994350282485,0.035886099198729066,-0.0840185561195004,-0.018463485309459432,0.018463485309459432,Basal,Weakened
HALLMARK_FATTY_ACID_METABOLISM,HALLMARK_NOTCH_SIGNALING,0.12674927203310737,0.08139928800775545,0.0,0.24991009476065268,0.06337463601655369,0.047239924785835545,0.1183874808498179,0.1893272376514712,0.0,0.023619962392917773,0.07950934724727182,0.03975467362363591,0.03975467362363591,Basal,Strengthened
HALLMARK_FATTY_ACID_METABOLISM,HALLMARK_OXIDATIVE_PHOSPHORYLATION,0.2995914558226243,2.6786849315153106e-05,0.0948012232415902,0.0006191300077558972,0.19719633953210725,0.2388871499466783,1.1607159021013906e-15,2.5852308728621883e-14,0.0948012232415902,0.16684418659413425,0.060704305875945996,0.030352152937972998,0.030352152937972998,Basal,Strengthened
HALLMARK_FATTY_ACID_METABOLISM,HALLMARK_P53_PATHWAY,-0.0026109992777311125,0.971479545217866,0.0084507042253521,0.9906845378990381,0.0055308517515416065,-0.04784300761631206,0.11375548404259801,0.18335587888445073,0.0084507042253521,0.02814685592083208,0.045232008338580945,-0.022616004169290473,0.022616004169290473,Basal,Weakened
HALLMARK_FATTY_ACID_METABOLISM,HALLMARK_PANCREAS_BETA_CELLS,-0.18852337913688746,0.009190987816114982,0.0,0.05629480037370427,0.09426168956844373,-0.06403982134457857,0.03418245446947303,0.0683030214877586,0.0,0.032019910672289285,-0.1244835577923089,0.06224177889615445,0.06224177889615445,Basal,Strengthened
HALLMARK_FATTY_ACID_METABOLISM,HALLMARK_PEROXISOME,0.24326244484289183,0.0007197009186495269,0.1054852320675105,0.008477246397554523,0.17437383845520116,0.272378426828752,4.6097154487601513e-20,1.3132328894723688e-18,0.1054852320675105,0.18893182944813125,-0.029115981985860184,-0.014557990992930092,0.014557990992930092,Basal,Weakened
HALLMARK_FATTY_ACID_METABOLISM,HALLMARK_PI3K_AKT_MTOR_SIGNALING,-0.007115215265933199,0.9223845208936651,0.0,0.9690574940778214,0.0035576076329665997,0.04513434085184189,0.13572476432706077,0.21151549063939976,0.0,0.022567170425920945,-0.05224955611777509,-0.019009562792954345,0.019009562792954345,Basal,Weakened
HALLMARK_FATTY_ACID_METABOLISM,HALLMARK_PROTEIN_SECRETION,0.19508788857185239,0.006989951965773636,0.0,0.04835791214818118,0.09754394428592619,0.1305371428168905,1.482904389054061e-05,7.796385736443025e-05,0.0,0.06526857140844525,0.06455074575496189,0.032275372877480946,0.032275372877480946,Basal,Strengthened
HALLMARK_FATTY_ACID_METABOLISM,HALLMARK_REACTIVE_OXYGEN_SPECIES_PATHWAY,-0.21960978267597167,0.0023315320187233812,0.0048543689320388,0.022059327991791177,0.11223207580400524,-0.1731485646826014,8.212040116970312e-09,7.39687437006517e-08,0.0048543689320388,0.0890014668073201,-0.046461217993370274,0.023230608996685137,0.023230608996685137,Basal,Strengthened
HALLMARK_FATTY_ACID_METABOLISM,HALLMARK_SPERMATOGENESIS,0.1170118390987552,0.10788306780341488,0.0034246575342465,0.29565270259325105,0.060218248316500855,0.005070339005553595,0.8669654589780937,0.9015557616707681,0.0034246575342465,0.004247498269900047,0.11194150009320161,0.055970750046600806,0.055970750046600806,Basal,Strengthened
HALLMARK_FATTY_ACID_METABOLISM,HALLMARK_TGF_BETA_SIGNALING,-0.09284856004175515,0.2026146095297556,0.0,0.43108562798964567,0.046424280020877576,-0.1548773269364694,2.6340885032732086e-07,1.886993226029053e-06,0.0,0.0774386634682347,0.06202876689471426,-0.03101438344735713,0.03101438344735713,Basal,Weakened
HALLMARK_FATTY_ACID_METABOLISM,HALLMARK_TNFA_SIGNALING_VIA_NFKB,-0.016498443137206404,0.8212558481487736,0.0028011204481792,0.9242474083806904,0.009649781792692802,-0.002226888477413449,0.9413511756499748,0.9585478662615006,0.0028011204481792,0.0025140044627963245,-0.014271554659792955,0.007135777329896478,0.007135777329896478,Basal,Strengthened
HALLMARK_FATTY_ACID_METABOLISM,HALLMARK_UNFOLDED_PROTEIN_RESPONSE,0.015109664102594702,0.8360803184934579,0.0,0.9308739479269604,0.007554832051297351,0.05730582225110014,0.05811639813721655,0.10531447887291462,0.0,0.02865291112555007,-0.04219615814850544,-0.02109807907425272,0.02109807907425272,Basal,Weakened
HALLMARK_FATTY_ACID_METABOLISM,HALLMARK_UV_RESPONSE_DN,-0.06065329248566704,0.40580609563497044,0.0066666666666666,0.633203874995284,0.03365997957616682,0.015364627476063613,0.6117027767666862,0.6925470439364053,0.0066666666666666,0.011015647071365106,-0.07601791996173066,0.022644332504801717,0.022644332504801717,Basal,Strengthened
HALLMARK_FATTY_ACID_METABOLISM,HALLMARK_UV_RESPONSE_UP,0.06358272937198363,0.383466905211013,0.0293159609120521,0.6191337033993092,0.046449345142017866,-0.029129493355088028,0.33575816324178864,0.438861029458152,0.0293159609120521,0.02922272713357006,0.09271222272707166,0.017226618008447804,0.017226618008447804,Basal,Strengthened
HALLMARK_FATTY_ACID_METABOLISM,HALLMARK_WNT_BETA_CATENIN_SIGNALING,-0.06316361770281728,0.3866163518837616,0.0,0.6201814286079923,0.03158180885140864,0.12157908359851606,5.5380261018566294e-05,0.00026092622979901426,0.0,0.06078954179925803,-0.18474270130133336,-0.02920773294784939,0.02920773294784939,Basal,Weakened
HALLMARK_FATTY_ACID_METABOLISM,HALLMARK_XENOBIOTIC_METABOLISM,0.33113869092607817,3.061529148991291e-06,0.075075075075075,9.14725172564471e-05,0.20310688300057658,0.32568972906454347,1.8938760877527208e-28,7.73332735832361e-27,0.075075075075075,0.20038240206980923,0.005448961861534707,0.0027244809307673534,0.0027244809307673534,Basal,Strengthened
HALLMARK_G2M_CHECKPOINT,HALLMARK_GLYCOLYSIS,0.17361770423150283,0.016593886424202807,0.0178117048346055,0.08544280380131035,0.09571470453305417,0.019522120133600704,0.518907409356201,0.611213054289756,0.0178117048346055,0.018666912484103102,0.15409558409790214,0.07704779204895107,0.07704779204895107,Basal,Strengthened
HALLMARK_G2M_CHECKPOINT,HALLMARK_HEDGEHOG_SIGNALING,-0.07114626543114079,0.32933766247558527,0.0085470085470085,0.570634563695321,0.039846636989074646,-0.09911933110737552,0.0010278982008409205,0.003440369661284502,0.0085470085470085,0.05383316982719201,0.027973065676234726,-0.013986532838117363,0.013986532838117363,Basal,Weakened
HALLMARK_G2M_CHECKPOINT,HALLMARK_HEME_METABOLISM,-0.035622911411526445,0.6255905020843402,0.0075566750629722,0.8137676754325813,0.021589793237249324,-0.12689770435188286,2.5598597848678415e-05,0.00012904642948407844,0.0075566750629722,0.06722718970742753,0.09127479294035641,-0.0456373964701782,0.0456373964701782,Basal,Weakened
HALLMARK_G2M_CHECKPOINT,HALLMARK_HYPOXIA,-0.17208611680099759,0.017590395245669493,0.0075566750629722,0.08836483138885723,0.08982139593198489,0.0025039279937988878,0.9340705643381277,0.9551222381587701,0.0075566750629722,0.005030301528385544,-0.17459004479479648,0.08479109440359935,0.08479109440359935,Basal,Strengthened
HALLMARK_G2M_CHECKPOINT,HALLMARK_IL2_STAT5_SIGNALING,-0.07579330487828648,0.2986465250629372,0.010126582278481,0.5447554639453005,0.04295994357838374,-0.00294710565559416,0.9224355285001972,0.946384859642162,0.010126582278481,0.006536843967037581,-0.07284619922269232,0.036423099611346155,0.036423099611346155,Basal,Strengthened
HALLMARK_G2M_CHECKPOINT,HALLMARK_IL6_JAK_STAT3_SIGNALING,-0.14623060942744595,0.044095325524084676,0.0034965034965034,0.16172686756587942,0.07486355646197468,-0.1738096314449657,7.191330993713496e-09,6.623594336315062e-08,0.0034965034965034,0.08865306747073455,0.027579022017519744,-0.013789511008759872,0.013789511008759872,Basal,Weakened
HALLMARK_G2M_CHECKPOINT,HALLMARK_INFLAMMATORY_RESPONSE,-0.15902788342639843,0.028412113152026262,0.0075566750629722,0.12001668486631784,0.08329227924468531,-0.058472852145617565,0.05317804442170265,0.09795955551366278,0.0075566750629722,0.03301476360429488,-0.10055503128078086,0.05027751564039043,0.05027751564039043,Basal,Strengthened
HALLMARK_G2M_CHECKPOINT,HALLMARK_INTERFERON_ALPHA_RESPONSE,-0.10010235864020336,0.16939060940472767,0.0,0.3846945976503581,0.05005117932010168,-0.02142135728423538,0.4790713346277595,0.5770524925457281,0.0,0.01071067864211769,-0.07868100135596798,0.03934050067798399,0.03934050067798399,Basal,Strengthened
HALLMARK_G2M_CHECKPOINT,HALLMARK_INTERFERON_GAMMA_RESPONSE,0.11114765369201916,0.12683837846746784,0.0075566750629722,0.32169153959140395,0.05935216437749568,0.041304649231358716,0.17219026536237067,0.257422071228145,0.0075566750629722,0.02443066214716546,0.06984300446066044,0.03492150223033022,0.03492150223033022,Basal,Strengthened
HALLMARK_G2M_CHECKPOINT,HALLMARK_KRAS_SIGNALING_DN,-0.06242744850786828,0.39218612043145834,0.0050251256281407,0.6239324643227746,0.03372628706800449,-0.032405073335975,0.2842254251737342,0.3821911589877326,0.0050251256281407,0.018715099482057847,-0.03002237517189328,0.015011187585946644,0.015011187585946644,Basal,Strengthened
HALLMARK_G2M_CHECKPOINT,HALLMARK_KRAS_SIGNALING_UP,-0.10135575002956933,0.164086222641687,0.0,0.37641502385031195,0.050677875014784664,0.01928253973468648,0.5240512032874358,0.6161658183754068,0.0,0.00964126986734324,-0.12063828976425581,0.041036605147441424,0.041036605147441424,Basal,Strengthened
HALLMARK_G2M_CHECKPOINT,HALLMARK_MITOTIC_SPINDLE,0.4512140537693654,6.427076181368721e-11,0.1083333333333333,3.936584161088341e-09,0.27977369355134935,0.5167335492757947,1.0250918923119823e-75,1.1415796073474349e-73,0.1083333333333333,0.312533441304564,-0.06551949550642933,-0.03275974775321466,0.03275974775321466,Basal,Weakened
HALLMARK_G2M_CHECKPOINT,HALLMARK_MTORC1_SIGNALING,-0.09081709387849185,0.21271178897835877,0.0230179028132992,0.44618483133302994,0.056917498345895524,-0.039113953123981894,0.1961023964454877,0.28580037810820236,0.0230179028132992,0.031065927968640546,-0.051703140754509956,0.025851570377254978,0.025851570377254978,Basal,Strengthened
HALLMARK_G2M_CHECKPOINT,HALLMARK_MYC_TARGETS_V1,0.053987425660063496,0.45942479192524255,0.0781671159029649,0.6761373912922322,0.06607727078151421,-0.010133917475777885,0.7377672611199831,0.7969708067654139,0.0781671159029649,0.044150516689371394,0.06412134313584138,0.021926754092142814,0.021926754092142814,Basal,Strengthened
HALLMARK_G2M_CHECKPOINT,HALLMARK_MYC_TARGETS_V2,0.20977812604179666,0.003673659330428708,0.0238095238095238,0.029874760205119116,0.11679382492566023,0.10246419047862894,0.0006884593342332144,0.002409607669816251,0.0238095238095238,0.06313685714407637,0.10731393556316772,0.05365696778158387,0.05365696778158387,Basal,Strengthened
HALLMARK_G2M_CHECKPOINT,HALLMARK_MYOGENESIS,0.036906261313547746,0.6131845389016107,0.0050251256281407,0.8060253155061954,0.020965693470844222,0.0937002378486296,0.0019190456045665794,0.005761840356848185,0.0050251256281407,0.04936268173838515,-0.05679397653508186,-0.02839698826754093,0.02839698826754093,Basal,Weakened
HALLMARK_G2M_CHECKPOINT,HALLMARK_NOTCH_SIGNALING,0.1767932050502822,0.01468331400108723,0.0175438596491228,0.0785461120145496,0.0971685323497025,0.09506659860918629,0.0016443178338132638,0.005086589258639516,0.0175438596491228,0.056305229129154546,0.08172660644109592,0.04086330322054796,0.04086330322054796,Basal,Strengthened
HALLMARK_G2M_CHECKPOINT,HALLMARK_OXIDATIVE_PHOSPHORYLATION,0.18873542324826953,0.009111265127709184,0.0,0.05629480037370427,0.09436771162413476,0.21194283434967234,1.4132110921963e-12,2.371484367041736e-11,0.0,0.10597141717483617,-0.023207411101402814,-0.011603705550701407,0.011603705550701407,Basal,Weakened
HALLMARK_G2M_CHECKPOINT,HALLMARK_P53_PATHWAY,-0.4360479366660498,3.2073597290261974e-10,0.0025062656641604,1.7082676817639528e-08,0.2192771011651051,-0.3470243519142977,2.5838342326814924e-32,1.3761725804499254e-30,0.0025062656641604,0.17476530878922905,-0.0890235847517521,0.04451179237587605,0.04451179237587605,Basal,Strengthened
HALLMARK_G2M_CHECKPOINT,HALLMARK_PANCREAS_BETA_CELLS,0.2751842862712545,0.00012174912042742097,0.0,0.002071426007272093,0.13759214313562726,0.09601200196206505,0.001475912585893162,0.004612239390180326,0.0,0.048006000981032526,0.17917228430918947,0.08958614215459473,0.08958614215459473,Basal,Strengthened
HALLMARK_G2M_CHECKPOINT,HALLMARK_PEROXISOME,0.008843000287483848,0.9036194709457978,0.0066225165562913,0.9633889050553543,0.007732758421887574,0.01030242090750831,0.7335711611063397,0.793838049783804,0.0066225165562913,0.008462468731899805,-0.0014594206200244618,-0.0007297103100122318,0.0007297103100122318,Basal,Weakened
HALLMARK_G2M_CHECKPOINT,HALLMARK_PI3K_AKT_MTOR_SIGNALING,0.14418789710090296,0.047171030192216176,0.0132890365448504,0.16846796497220062,0.07873846682287668,0.022149963112021748,0.46424355890577196,0.5630676828312581,0.0132890365448504,0.017719499828436073,0.12203793398888121,0.06101896699444061,0.06101896699444061,Basal,Strengthened
HALLMARK_G2M_CHECKPOINT,HALLMARK_PROTEIN_SECRETION,-0.17207048012265025,0.017600831721535645,0.0,0.08836483138885723,0.08603524006132512,-0.06975161310389338,0.021040635506021373,0.0461087271822472,0.0,0.03487580655194669,-0.10231886701875686,0.05115943350937843,0.05115943350937843,Basal,Strengthened
HALLMARK_G2M_CHECKPOINT,HALLMARK_REACTIVE_OXYGEN_SPECIES_PATHWAY,-0.014960957754626665,0.8376712058345808,0.0,0.9308739479269604,0.007480478877313333,0.060783857106742646,0.04442830633758226,0.08477363748214685,0.0,0.030391928553371323,-0.07574481486136932,-0.02291144967605799,0.02291144967605799,Basal,Weakened
HALLMARK_G2M_CHECKPOINT,HALLMARK_SPERMATOGENESIS,0.3659559837163778,2.0769359855806938e-07,0.0339506172839506,7.483078183342206e-06,0.1999533005001642,0.2366947178381071,2.1412812067866143e-15,4.4458804717179704e-14,0.0339506172839506,0.13532266756102884,0.12926126587827066,0.06463063293913535,0.06463063293913535,Basal,Strengthened
HALLMARK_G2M_CHECKPOINT,HALLMARK_TGF_BETA_SIGNALING,0.021287768392803542,0.7706472733709955,0.0079365079365079,0.905082291020592,0.01461213816465572,-0.021064631753139246,0.486424099379395,0.5830425848725626,0.0079365079365079,0.014500569844823574,0.042352400145942784,0.00011156831983214627,0.00011156831983214627,Basal,Strengthened
HALLMARK_G2M_CHECKPOINT,HALLMARK_TNFA_SIGNALING_VIA_NFKB,0.2873872919510029,5.810868016043026e-05,0.0126582278481012,0.0011669366097791323,0.15002275989955205,0.12786730546760403,2.2164978331357783e-05,0.0001125820893339753,0.0126582278481012,0.07026276665785261,0.15951998648339885,0.07975999324169944,0.07975999324169944,Basal,Strengthened
HALLMARK_G2M_CHECKPOINT,HALLMARK_UNFOLDED_PROTEIN_RESPONSE,0.05038850861719084,0.48993446817328173,0.019543973941368,0.703598737997972,0.03496624127927942,0.016136451619835904,0.5939307732061946,0.6751015221691646,0.019543973941368,0.017840212780601952,0.03425205699735494,0.01712602849867747,0.01712602849867747,Basal,Strengthened
HALLMARK_G2M_CHECKPOINT,HALLMARK_UV_RESPONSE_DN,-0.10879170356805784,0.13514092991711452,0.026865671641791,0.33222348023481324,0.06782868760492441,-0.03651870353814996,0.2274697546391209,0.3213718562453913,0.026865671641791,0.03169218758997048,-0.07227300002990789,0.036136500014953936,0.036136500014953936,Basal,Strengthened
HALLMARK_G2M_CHECKPOINT,HALLMARK_UV_RESPONSE_UP,-0.12022000888681458,0.09849767891147719,0.0084507042253521,0.2793047608022212,0.06433535655608334,-0.025375673237297943,0.4017539185744967,0.5032193765375853,0.0084507042253521,0.01691318873132502,-0.09484433564951664,0.04742216782475832,0.04742216782475832,Basal,Strengthened
HALLMARK_G2M_CHECKPOINT,HALLMARK_WNT_BETA_CATENIN_SIGNALING,0.07325540545700962,0.3151651334274464,0.0083333333333333,0.5587225592599447,0.04079436939517146,0.07386709690530902,0.014535503824051029,0.03376513920355502,0.0083333333333333,0.04110021511932116,-0.0006116914482993951,-0.0003058457241496976,0.0003058457241496976,Basal,Weakened
HALLMARK_G2M_CHECKPOINT,HALLMARK_XENOBIOTIC_METABOLISM,0.15381067736254192,0.03411010600269574,0.0025062656641604,0.13478993501065253,0.07815847151335116,0.17412513462370877,6.74871079523956e-09,6.310817346693482e-08,0.0025062656641604,0.08831570014393458,-0.020314457261166846,-0.010157228630583423,0.010157228630583423,Basal,Weakened
HALLMARK_GLYCOLYSIS,HALLMARK_HEDGEHOG_SIGNALING,0.08700769867241681,0.23260737988601113,0.0085470085470085,0.471038586552893,0.04777735360971266,0.09780921530188301,0.001198754187872782,0.0038951561807537343,0.0085470085470085,0.053178111924445756,-0.010801516629466199,-0.005400758314733099,0.005400758314733099,Basal,Weakened
HALLMARK_GLYCOLYSIS,HALLMARK_HEME_METABOLISM,-0.04919919059565599,0.5002494857183793,0.015228426395939,0.7152859074277327,0.0322138084957975,0.038414175608092606,0.20423045851727248,0.29570362146972734,0.015228426395939,0.026821301002015803,-0.0876133662037486,0.005392507493781694,0.005392507493781694,Basal,Strengthened
HALLMARK_GLYCOLYSIS,HALLMARK_HYPOXIA,0.5613079590438604,3.640737928340079e-17,0.1940298507462686,6.371291374595138e-15,0.37766890489506455,0.555229488708552,1.735425323431062e-89,2.3621066902256125e-87,0.1940298507462686,0.3746296697274103,0.006078470335308395,0.003039235167654253,0.003039235167654253,Basal,Strengthened
HALLMARK_GLYCOLYSIS,HALLMARK_IL2_STAT5_SIGNALING,0.07558353151129735,0.2999897426420142,0.0126903553299492,0.5447554639453005,0.04413694342062327,0.17470258873675845,6.006144934110284e-09,5.748068393972733e-08,0.0126903553299492,0.09369647203335382,-0.0991190572254611,-0.04955952861273055,0.04955952861273055,Basal,Weakened
HALLMARK_GLYCOLYSIS,HALLMARK_IL6_JAK_STAT3_SIGNALING,0.10975110466907967,0.1317110075784617,0.0105633802816901,0.3272738017923237,0.060157242475384884,-0.0024173692333887527,0.9363447699135139,0.9566491602535901,0.0105633802816901,0.006490374757539427,0.11216847390246842,0.05366686771784546,0.05366686771784546,Basal,Strengthened
HALLMARK_GLYCOLYSIS,HALLMARK_INFLAMMATORY_RESPONSE,0.22239543685901064,0.0020424028275857647,0.0126582278481012,0.019856694157083823,0.11752683235355592,0.05464862676789636,0.07078974058061945,0.12423700889865162,0.0126582278481012,0.03365342730799878,0.16774681009111428,0.08387340504555714,0.08387340504555714,Basal,Strengthened
HALLMARK_GLYCOLYSIS,HALLMARK_INTERFERON_ALPHA_RESPONSE,0.2665376961398047,0.00020144595291339285,0.0033783783783783,0.0028770004905799705,0.1349580372590915,0.20781448423653454,3.875050511785024e-12,5.78894741089836e-11,0.0033783783783783,0.10559643130745641,0.05872321190327018,0.02936160595163509,0.02936160595163509,Basal,Strengthened
HALLMARK_GLYCOLYSIS,HALLMARK_INTERFERON_GAMMA_RESPONSE,-0.260077332658586,0.0002902798134600324,0.0075566750629722,0.003951030794317107,0.1338170038607791,-0.2064798214593681,5.345175759007689e-12,7.613767796260954e-11,0.0075566750629722,0.10701824826117015,-0.053597511199217907,0.026798755599608953,0.026798755599608953,Basal,Strengthened
HALLMARK_GLYCOLYSIS,HALLMARK_KRAS_SIGNALING_DN,0.054684746448037135,0.45363782611798076,0.0050251256281407,0.669525707222321,0.029854936038088916,0.041292634658370464,0.17231518237312562,0.257422071228145,0.0050251256281407,0.02315888014325558,0.01339211178966667,0.006696055894833335,0.006696055894833335,Basal,Strengthened
HALLMARK_GLYCOLYSIS,HALLMARK_KRAS_SIGNALING_UP,0.0012133012425034069,0.9867446776619695,0.015228426395939,0.9958581118075517,0.008220863819221203,-0.06668317869739777,0.027417302502703796,0.057314326904116294,0.015228426395939,0.04095580254666839,0.06789647993990118,-0.03273493872744719,0.03273493872744719,Basal,Weakened
HALLMARK_GLYCOLYSIS,HALLMARK_MITOTIC_SPINDLE,0.17272787873240555,0.017166677415751674,0.0050377833753148,0.08689743733180083,0.08888283105386018,-0.017429964097897932,0.5646878861298481,0.6538210401786994,0.0050377833753148,0.011233873736606366,0.1901578428303035,0.07764895731725381,0.07764895731725381,Basal,Strengthened
HALLMARK_GLYCOLYSIS,HALLMARK_MTORC1_SIGNALING,0.41627548509602463,2.3229332685074306e-09,0.0723860589812332,1.094458943816001e-07,0.2443307720386289,0.4995641401083703,4.018892878618883e-70,3.787033674083178e-68,0.0723860589812332,0.28597509954480177,-0.08328865501234567,-0.04164432750617286,0.04164432750617286,Basal,Weakened
HALLMARK_GLYCOLYSIS,HALLMARK_MYC_TARGETS_V1,-0.1550707778523865,0.0326518776442084,0.0126582278481012,0.13117689556012943,0.08386450285024384,-0.1078917175593548,0.0003502930438781488,0.001340965558596038,0.0126582278481012,0.060274972703727996,-0.04717906029303169,0.023589530146515846,0.023589530146515846,Basal,Strengthened
HALLMARK_GLYCOLYSIS,HALLMARK_MYC_TARGETS_V2,-0.018552872931385498,0.7994430231656764,0.0038910505836575,0.916673372061156,0.0112219617575215,0.08818435097769715,0.003510316577642518,0.009931034197718439,0.0038910505836575,0.04603770078067733,-0.10673722390908265,-0.03481573902315583,0.03481573902315583,Basal,Weakened
HALLMARK_GLYCOLYSIS,HALLMARK_MYOGENESIS,-0.2122357148733189,0.003285012638642621,0.0204081632653061,0.02794542001623063,0.1163219390693125,-0.16748058957046388,2.5095783488533438e-08,2.09131529071112e-07,0.0204081632653061,0.09394437641788499,-0.044755125302855026,0.022377562651427513,0.022377562651427513,Basal,Strengthened
HALLMARK_GLYCOLYSIS,HALLMARK_NOTCH_SIGNALING,0.019950238838245274,0.7846936521484483,0.0043290043290043,0.9102743597365996,0.012139621583624787,0.09717172413037381,0.0012910420550584136,0.004150988234767865,0.0043290043290043,0.05075036422968905,-0.07722148529212854,-0.03861074264606426,0.03861074264606426,Basal,Weakened
HALLMARK_GLYCOLYSIS,HALLMARK_OXIDATIVE_PHOSPHORYLATION,-0.019089666762214012,0.7937683872885395,0.0204081632653061,0.9133715778561877,0.019748915013760054,-0.013813917733353373,0.6480994613025001,0.7230617851507856,0.0204081632653061,0.017111040499329738,-0.005275749028860639,0.002637874514430316,0.002637874514430316,Basal,Strengthened
HALLMARK_GLYCOLYSIS,HALLMARK_P53_PATHWAY,-0.05320858948247427,0.4659364438535588,0.0126582278481012,0.680122488380874,0.03293340866528773,-0.07960798322545262,0.008432114552303116,0.020825282916474428,0.0126582278481012,0.04613310553677691,0.026399393742978353,-0.013199696871489176,0.013199696871489176,Basal,Weakened
HALLMARK_GLYCOLYSIS,HALLMARK_PANCREAS_BETA_CELLS,-0.09397593348962953,0.1971628879823317,0.0,0.4281438037860604,0.046987966744814764,-0.014015411532705564,0.6433199768106757,0.7216616251951135,0.0,0.007007705766352782,-0.07996052195692396,0.03998026097846198,0.03998026097846198,Basal,Strengthened
HALLMARK_GLYCOLYSIS,HALLMARK_PEROXISOME,-0.029806024625094428,0.6831068384685803,0.0133333333333333,0.8535308123811686,0.021569678979213865,0.02408718778789851,0.42608749781682737,0.5272294796218319,0.0133333333333333,0.018710260560615904,-0.05389321241299294,0.002859418418597961,0.002859418418597961,Basal,Strengthened
HALLMARK_GLYCOLYSIS,HALLMARK_PI3K_AKT_MTOR_SIGNALING,0.004187710873941114,0.954272010487512,0.009933774834437,0.9815140326172982,0.007060742854189056,0.0695528573161846,0.021410627538238143,0.04658617892423041,0.009933774834437,0.0397433160753108,-0.06536514644224349,-0.032682573221121745,0.032682573221121745,Basal,Weakened
HALLMARK_GLYCOLYSIS,HALLMARK_PROTEIN_SECRETION,-0.05285398934361009,0.46891792699834695,0.0171821305841924,0.6814050540604686,0.03501805996390124,-0.027791521497936955,0.35843579295616346,0.4602556041627885,0.0171821305841924,0.022486826041064677,-0.025062467845673134,0.012531233922836563,0.012531233922836563,Basal,Strengthened
HALLMARK_GLYCOLYSIS,HALLMARK_REACTIVE_OXYGEN_SPECIES_PATHWAY,0.29878595687143655,2.8222229662463558e-05,0.0246913580246913,0.0006402265062318121,0.16173865744806393,0.060739995688088265,0.044582317974370386,0.08493520920467143,0.0246913580246913,0.042715676856389787,0.23804596118334828,0.11902298059167414,0.11902298059167414,Basal,Strengthened
HALLMARK_GLYCOLYSIS,HALLMARK_SPERMATOGENESIS,-0.2426452743661423,0.000743227301903539,0.0182370820668693,0.008508910699362946,0.1304411782165058,0.0944219182614462,0.0017690935541838718,0.005377517627481993,0.0182370820668693,0.056329500164157754,-0.3370671926275885,0.07411167805234806,0.07411167805234806,Basal,Strengthened
HALLMARK_GLYCOLYSIS,HALLMARK_TGF_BETA_SIGNALING,-0.18995839212722143,0.008663302915191393,0.0,0.05498728534253604,0.09497919606361072,-0.10098840891603046,0.0008228388358360116,0.002831397679491894,0.0,0.05049420445801523,-0.08896998321119097,0.044484991605595485,0.044484991605595485,Basal,Strengthened
HALLMARK_GLYCOLYSIS,HALLMARK_TNFA_SIGNALING_VIA_NFKB,-0.3049191635092272,1.8892095053670794e-05,0.0126582278481012,0.00046285632881493447,0.15878869567866422,-0.06778644278784383,0.024955026680049994,0.05298854024077893,0.0126582278481012,0.040222335317972514,-0.23713272072138336,0.11856636036069171,0.11856636036069171,Basal,Strengthened
HALLMARK_GLYCOLYSIS,HALLMARK_UNFOLDED_PROTEIN_RESPONSE,0.056052741192046354,0.4424044238179777,0.019543973941368,0.6617160185311631,0.03779835756670718,-0.0815989163806182,0.0069264984322324015,0.01777905593510943,0.019543973941368,0.0505714451609931,0.13765165757266457,-0.012773087594285921,0.012773087594285921,Basal,Weakened
HALLMARK_GLYCOLYSIS,HALLMARK_UV_RESPONSE_DN,0.05522117081404919,0.4492140207190525,0.0147492625368731,0.6662072341172388,0.034985216675461145,-0.1912158391845926,1.8143485230660132e-10,2.1370932122652558e-09,0.0147492625368731,0.10298255086073285,0.24643700999864177,-0.06799733418527171,0.06799733418527171,Basal,Weakened
HALLMARK_GLYCOLYSIS,HALLMARK_UV_RESPONSE_UP,0.01715377538370224,0.8142821192868803,0.0084507042253521,0.9227480228917533,0.01280223980452717,-0.1937202633564609,1.0373545338344954e-10,1.2966931672931191e-09,0.0084507042253521,0.1010854837909065,0.21087403874016314,-0.08828324398637932,0.08828324398637932,Basal,Weakened
HALLMARK_GLYCOLYSIS,HALLMARK_WNT_BETA_CATENIN_SIGNALING,-0.06699983190375956,0.35837433943654157,0.0,0.596205849972129,0.03349991595187978,-0.06000165658106439,0.04724312442510811,0.08889835241283783,0.0,0.030000828290532196,-0.0069981753226951715,0.0034990876613475858,0.0034990876613475858,Basal,Strengthened
HALLMARK_GLYCOLYSIS,HALLMARK_XENOBIOTIC_METABOLISM,-0.10257466516960495,0.15904777338091913,0.0204081632653061,0.37040593610575273,0.06149141421745553,-0.010891865622085835,0.7189558753119779,0.7840377628777435,0.0204081632653061,0.015650014443695966,-0.09168279954751912,0.04584139977375956,0.04584139977375956,Basal,Strengthened
HALLMARK_HEDGEHOG_SIGNALING,HALLMARK_HEME_METABOLISM,0.2552288546530192,0.00037954301570936245,0.0,0.004894107307831253,0.1276144273265096,0.11718485301878859,0.00010235992097578473,0.00046099596762991284,0.0,0.058592426509394294,0.1380440016342306,0.0690220008171153,0.0690220008171153,Basal,Strengthened
HALLMARK_HEDGEHOG_SIGNALING,HALLMARK_HYPOXIA,-0.013570015456049307,0.8525827998838076,0.0128755364806866,0.9386775667457229,0.013222775968367954,-0.04343659181263777,0.15107929241045956,0.23134016650351621,0.0128755364806866,0.028156064146662187,0.029866576356588466,-0.014933288178294233,0.014933288178294233,Basal,Weakened
HALLMARK_HEDGEHOG_SIGNALING,HALLMARK_IL2_STAT5_SIGNALING,0.2687557268910567,0.00017731917556587241,0.0085836909871244,0.002648975488636509,0.13866970893909056,0.00936520880785897,0.7570072066743713,0.8120261192435244,0.0085836909871244,0.008974449897491684,0.25939051808319774,0.12969525904159887,0.12969525904159887,Basal,Strengthened
HALLMARK_HEDGEHOG_SIGNALING,HALLMARK_IL6_JAK_STAT3_SIGNALING,0.037933220767320766,0.6033354108789637,0.0081967213114754,0.7974508846630679,0.023064971039398082,-0.048241176385965194,0.11077627651254934,0.17964411409325376,0.0081967213114754,0.028218948848720296,0.08617439715328595,-0.005153977809322214,0.005153977809322214,Basal,Weakened
HALLMARK_HEDGEHOG_SIGNALING,HALLMARK_INFLAMMATORY_RESPONSE,-0.1853992709101235,0.010439242604685836,0.0,0.06330728807297104,0.09269963545506175,-0.07768840461690113,0.01015388358796829,0.024463367065583608,0.0,0.038844202308450565,-0.10771086629322238,0.05385543314661119,0.05385543314661119,Basal,Strengthened
HALLMARK_HEDGEHOG_SIGNALING,HALLMARK_INTERFERON_ALPHA_RESPONSE,-0.05733045711002128,0.43205644515881786,0.0,0.6570380746999787,0.02866522855501064,-0.11242210298777337,0.00019453997474348016,0.0008083302361521291,0.0,0.056211051493886686,0.055091645877752095,-0.027545822938876047,0.027545822938876047,Basal,Weakened
HALLMARK_HEDGEHOG_SIGNALING,HALLMARK_INTERFERON_GAMMA_RESPONSE,0.060227185769312845,0.4091185214679477,0.0042553191489361,0.6343926440483999,0.03224125245912447,0.12162865106098293,5.499125882845773e-05,0.00026092622979901426,0.0042553191489361,0.06294198510495952,-0.061401465291670086,-0.030700732645835047,0.030700732645835047,Basal,Weakened
HALLMARK_HEDGEHOG_SIGNALING,HALLMARK_KRAS_SIGNALING_DN,-0.014118417753438953,0.8466971029956769,0.0042553191489361,0.9361046490701302,0.009186868451187526,-0.08157227462085326,0.00694493953066148,0.01777905593510943,0.0042553191489361,0.042913796884894675,0.0674538568674143,-0.03372692843370715,0.03372692843370715,Basal,Weakened
HALLMARK_HEDGEHOG_SIGNALING,HALLMARK_KRAS_SIGNALING_UP,0.30852350453028354,1.4859478741690994e-05,0.0042553191489361,0.00038729492465045673,0.15638941183960983,0.1445341494263587,1.584082911140164e-06,1.0106778990347401e-05,0.0042553191489361,0.0743947342876474,0.16398935510392484,0.08199467755196244,0.08199467755196244,Basal,Strengthened
HALLMARK_HEDGEHOG_SIGNALING,HALLMARK_MITOTIC_SPINDLE,0.013473277918300879,0.853621885187539,0.0173160173160173,0.9386775667457229,0.015394647617159089,0.04572380418779482,0.13068476371165838,0.20471718100611447,0.0173160173160173,0.03151991075190606,-0.03225052626949394,-0.016125263134746975,0.016125263134746975,Basal,Weakened
HALLMARK_HEDGEHOG_SIGNALING,HALLMARK_MTORC1_SIGNALING,-0.061078350860633034,0.40251770398767917,0.0042553191489361,0.6315021458065546,0.03266683500478457,-0.05224754232847035,0.08410899351815605,0.14532230897001577,0.0042553191489361,0.028251430738703225,-0.008830808532162684,0.004415404266081342,0.004415404266081342,Basal,Strengthened
HALLMARK_HEDGEHOG_SIGNALING,HALLMARK_MYC_TARGETS_V1,-0.019060725190889888,0.7940740656463999,0.0,0.9133715778561877,0.009530362595444944,-0.026994515410732358,0.372391036432437,0.47489215751401437,0.0,0.013497257705366179,0.00793379021984247,-0.003966895109921235,0.003966895109921235,Basal,Weakened
HALLMARK_HEDGEHOG_SIGNALING,HALLMARK_MYC_TARGETS_V2,-0.0008830056077382158,0.9903529521164045,0.0,0.9960446357492574,0.0004415028038691079,-0.012192126481031119,0.6870830567653659,0.7596360510266906,0.0,0.006096063240515559,0.011309120873292902,-0.005654560436646451,0.005654560436646451,Basal,Weakened
HALLMARK_HEDGEHOG_SIGNALING,HALLMARK_MYOGENESIS,0.047652098849683584,0.513836588963788,0.0085470085470085,0.726847368915289,0.02809955369834604,0.06161674761997062,0.04158777792482201,0.08073696982235652,0.0085470085470085,0.03508187808348956,-0.013964648770287039,-0.006982324385143519,0.006982324385143519,Basal,Weakened
HALLMARK_HEDGEHOG_SIGNALING,HALLMARK_NOTCH_SIGNALING,0.02783943892318832,0.7029941414155763,0.0,0.8651345211456559,0.01391971946159416,0.041513050379394074,0.17003424449590837,0.25494730661871207,0.0,0.020756525189697037,-0.013673611456205756,-0.006836805728102878,0.006836805728102878,Basal,Weakened
HALLMARK_HEDGEHOG_SIGNALING,HALLMARK_OXIDATIVE_PHOSPHORYLATION,-0.0857388370299934,0.2395162912895848,0.0,0.4778623075402954,0.0428694185149967,-0.04088616531136847,0.17658128239937573,0.26156235905590725,0.0,0.020443082655684234,-0.04485267171862493,0.022426335859312464,0.022426335859312464,Basal,Strengthened
HALLMARK_HEDGEHOG_SIGNALING,HALLMARK_P53_PATHWAY,0.03993809233305263,0.5843140281276634,0.0042553191489361,0.7855389800526422,0.022096705740994364,-0.018731972578855775,0.5359700059940836,0.6258944302600118,0.0042553191489361,0.011493645863895938,0.058670064911908404,0.010603059877098427,0.010603059877098427,Basal,Strengthened
HALLMARK_HEDGEHOG_SIGNALING,HALLMARK_PANCREAS_BETA_CELLS,0.0035990852025751916,0.9606939654620136,0.0133333333333333,0.9864627893469963,0.008466209267954246,0.11154975448817243,0.00021824102822068633,0.0009001523891257264,0.0133333333333333,0.062441543910752864,-0.10795066928559724,-0.05397533464279862,0.05397533464279862,Basal,Weakened
HALLMARK_HEDGEHOG_SIGNALING,HALLMARK_PEROXISOME,-0.033779652365174016,0.6435938625625176,0.0,0.8246887883254017,0.016889826182587008,-0.04834295026029967,0.11002473584248025,0.17922880556407217,0.0,0.024171475130149837,0.014563297895125657,-0.0072816489475628285,0.0072816489475628285,Basal,Weakened
HALLMARK_HEDGEHOG_SIGNALING,HALLMARK_PI3K_AKT_MTOR_SIGNALING,-0.13030439466091373,0.07314620853283779,0.0,0.2280002683275478,0.06515219733045687,0.12958051336260212,1.7141545424711727e-05,8.973672284304216e-05,0.0,0.06479025668130106,-0.2598849080235158,0.0003619406491558036,0.0003619406491558036,Basal,Strengthened
HALLMARK_HEDGEHOG_SIGNALING,HALLMARK_PROTEIN_SECRETION,0.0026896065974170743,0.9706212815334768,0.0,0.9906845378990381,0.0013448032987085372,0.03194137028941549,0.2911766828888432,0.3898267065998174,0.0,0.015970685144707744,-0.029251763691998414,-0.014625881845999207,0.014625881845999207,Basal,Weakened
HALLMARK_HEDGEHOG_SIGNALING,HALLMARK_REACTIVE_OXYGEN_SPECIES_PATHWAY,0.1106035293476623,0.1287200375812806,0.0,0.3245907487779669,0.05530176467383115,0.08047312264433591,0.007745213760119756,0.019562653311642683,0.0,0.040236561322167956,0.03013040670332638,0.01506520335166319,0.01506520335166319,Basal,Strengthened
HALLMARK_HEDGEHOG_SIGNALING,HALLMARK_SPERMATOGENESIS,0.057528205090705074,0.4304674449660258,0.0,0.6570380746999787,0.028764102545352537,0.09466554471243338,0.0017209528314416787,0.005244197060985215,0.0,0.04733277235621669,-0.037137339621728306,-0.018568669810864153,0.018568669810864153,Basal,Weakened
HALLMARK_HEDGEHOG_SIGNALING,HALLMARK_TGF_BETA_SIGNALING,-0.024889104786099327,0.7332078267295254,0.0,0.879290110472438,0.012444552393049663,0.051999872700417844,0.08559114321594478,0.14623312474132824,0.0,0.025999936350208922,-0.07688897748651717,-0.013555383957159259,0.013555383957159259,Basal,Weakened
HALLMARK_HEDGEHOG_SIGNALING,HALLMARK_TNFA_SIGNALING_VIA_NFKB,-0.07137846950089435,0.32775758539527877,0.0085470085470085,0.5703869178438785,0.03996273902395143,-0.028308351515765575,0.34956427777749177,0.4512289149393334,0.0085470085470085,0.018427680031387037,-0.043070117985128775,0.02153505899256439,0.02153505899256439,Basal,Strengthened
HALLMARK_HEDGEHOG_SIGNALING,HALLMARK_UNFOLDED_PROTEIN_RESPONSE,0.009959762514781357,0.8915182819702022,0.0067567567567567,0.9592007511757955,0.008358259635769028,-0.04801233027349756,0.11248095460533661,0.18154040763048399,0.0067567567567567,0.02738454351512713,0.05797209278827892,-0.0190262838793581,0.0190262838793581,Basal,Weakened
HALLMARK_HEDGEHOG_SIGNALING,HALLMARK_UV_RESPONSE_DN,0.269501607845944,0.00016983110235904602,0.0112359550561797,0.0025684333381460664,0.14036878145106185,0.15263479332212815,3.9267232517641594e-07,2.6781805345766e-06,0.0112359550561797,0.08193537418915392,0.11686681452381587,0.05843340726190793,0.05843340726190793,Basal,Strengthened
HALLMARK_HEDGEHOG_SIGNALING,HALLMARK_UV_RESPONSE_UP,0.04402232823280595,0.5464460805782693,0.0,0.7563801680320676,0.022011164116402974,0.050506075101484894,0.09498304260223674,0.1593893523119726,0.0,0.025253037550742447,-0.006483746868678947,-0.0032418734343394734,0.0032418734343394734,Basal,Weakened
HALLMARK_HEDGEHOG_SIGNALING,HALLMARK_WNT_BETA_CATENIN_SIGNALING,0.029423288435683488,0.6869607560584978,0.04,0.8552102908248576,0.034711644217841744,0.2233199277530915,7.863763392902301e-14,1.416633846515488e-12,0.04,0.13165996387654574,-0.19389663931740803,-0.096948319658704,0.096948319658704,Basal,Weakened
HALLMARK_HEDGEHOG_SIGNALING,HALLMARK_XENOBIOTIC_METABOLISM,-0.13246509215405927,0.06847118453613779,0.0085470085470085,0.21843021108533542,0.07050605035053388,-0.026574879951498303,0.37987197230143555,0.4822208974810969,0.0085470085470085,0.0175609442492534,-0.10589021220256097,0.052945106101280476,0.052945106101280476,Basal,Strengthened
HALLMARK_HEME_METABOLISM,HALLMARK_HYPOXIA,0.1353951544037749,0.06252366614986014,0.0178117048346055,0.20316045366996996,0.0766034296191902,0.085405932773894,0.004701636664000803,0.012770520872285994,0.0178117048346055,0.05160881880424975,0.0499892216298809,0.02499461081494045,0.02499461081494045,Basal,Strengthened
HALLMARK_HEME_METABOLISM,HALLMARK_IL2_STAT5_SIGNALING,-0.06638472452296794,0.3628139526338779,0.0075757575757575,0.598985299159704,0.03698024104936272,0.09880278874556292,0.0010669822307233414,0.003542149681940632,0.0075757575757575,0.05318927316066021,-0.16518751326853087,-0.01620903211129749,0.01620903211129749,Basal,Weakened
HALLMARK_HEME_METABOLISM,HALLMARK_IL6_JAK_STAT3_SIGNALING,-0.035354786607553104,0.6281959204034763,0.0,0.8151906806083246,0.017677393303776552,0.0628805982524351,0.037571562152504075,0.07375827505900238,0.0,0.03144029912621755,-0.0982353848599882,-0.013762905822440996,0.013762905822440996,Basal,Weakened
HALLMARK_HEME_METABOLISM,HALLMARK_INFLAMMATORY_RESPONSE,0.06791153450174153,0.35185667150640815,0.0075566750629722,0.5888311784089482,0.037734104782356864,-0.11047085943641417,0.00025130057527125683,0.0010093219826468513,0.0075566750629722,0.059013767249693184,0.1783823939381557,-0.02127966246733632,0.02127966246733632,Basal,Weakened
HALLMARK_HEME_METABOLISM,HALLMARK_INTERFERON_ALPHA_RESPONSE,0.055475343028009445,0.4471264100932275,0.0,0.6647206946167521,0.027737671514004723,-0.018825003551431598,0.5339465202907978,0.6247225285159764,0.0,0.009412501775715799,0.07430034657944104,0.018325169738288925,0.018325169738288925,Basal,Strengthened
HALLMARK_HEME_METABOLISM,HALLMARK_INTERFERON_GAMMA_RESPONSE,-0.03332122259716211,0.6481043609478165,0.0025062656641604,0.8270081689177867,0.017913744130661255,0.028937236868386146,0.3389587805829279,0.4421986221662265,0.0025062656641604,0.015721751266273273,-0.062258459465548255,0.0021919928643879816,0.0021919928643879816,Basal,Strengthened
HALLMARK_HEME_METABOLISM,HALLMARK_KRAS_SIGNALING_DN,-0.08509950593075821,0.2430512868756801,0.0050251256281407,0.479252367755635,0.045062315779449455,-0.005877507033291929,0.8460334355295209,0.8880813697717764,0.0050251256281407,0.005451316330716315,-0.07922199889746628,0.03961099944873314,0.03961099944873314,Basal,Strengthened
HALLMARK_HEME_METABOLISM,HALLMARK_KRAS_SIGNALING_UP,-0.08220004719017049,0.2595388847656937,0.0075566750629722,0.49677364662183554,0.04487836112657134,0.12338480517507779,4.2764153146299596e-05,0.000209544350416868,0.0075566750629722,0.065470740119025,-0.20558485236524826,-0.020592378992453655,0.020592378992453655,Basal,Weakened
HALLMARK_HEME_METABOLISM,HALLMARK_MITOTIC_SPINDLE,0.12114137911794359,0.09592532319084317,0.0075757575757575,0.2758415983774246,0.06435856834685055,0.16595488689700422,3.368430800097198e-08,2.696946228835992e-07,0.0075757575757575,0.08676532223638087,-0.044813507779060624,-0.022406753889530312,0.022406753889530312,Basal,Weakened
HALLMARK_HEME_METABOLISM,HALLMARK_MTORC1_SIGNALING,0.016980676841005186,0.8161227558255696,0.0256410256410256,0.9227480228917533,0.021310851241015394,-0.10822797211257959,0.0003355846461698938,0.0012927395960947166,0.0256410256410256,0.0669344988768026,0.12520864895358477,-0.045623647635787204,0.045623647635787204,Basal,Weakened
HALLMARK_HEME_METABOLISM,HALLMARK_MYC_TARGETS_V1,0.13431888046599555,0.06465707596921436,0.0025062656641604,0.2078869240479989,0.06841257306507798,0.07367328224661279,0.014796566792862976,0.03413520587807372,0.0025062656641604,0.0380897739553866,0.06064559821938276,0.03032279910969138,0.03032279910969138,Basal,Strengthened
HALLMARK_HEME_METABOLISM,HALLMARK_MYC_TARGETS_V2,-0.15925468400390405,0.028184073225520627,0.0038910505836575,0.11960272336059728,0.08157286729378077,-0.07531366694597542,0.012711840505860002,0.030037867079903004,0.0038910505836575,0.039602358764816464,-0.08394101705792863,0.041970508528964307,0.041970508528964307,Basal,Strengthened
HALLMARK_HEME_METABOLISM,HALLMARK_MYOGENESIS,0.2116235234345462,0.003378184005897057,0.0075566750629722,0.02853983039464755,0.1095900992487592,0.09475061043677761,0.0017044292042795526,0.00521981443810613,0.0075566750629722,0.051153642749874904,0.1168729129977686,0.0584364564988843,0.0584364564988843,Basal,Strengthened
HALLMARK_HEME_METABOLISM,HALLMARK_NOTCH_SIGNALING,-0.10018509783195916,0.16903656946752887,0.0,0.3846945976503581,0.05009254891597958,-0.0046619651588475485,0.8775922442900891,0.9102883143567816,0.0,0.0023309825794237743,-0.0955231326731116,0.0477615663365558,0.0477615663365558,Basal,Strengthened
HALLMARK_HEME_METABOLISM,HALLMARK_OXIDATIVE_PHOSPHORYLATION,-0.10005823031312726,0.16957965937240277,0.0126582278481012,0.3846945976503581,0.056358229080614226,0.033225162107038346,0.2722082635548386,0.36805201198088006,0.0126582278481012,0.022941694977569774,-0.1332833924201656,0.03341653410304445,0.03341653410304445,Basal,Strengthened
HALLMARK_HEME_METABOLISM,HALLMARK_P53_PATHWAY,-0.20956117559022983,0.0037098852637397054,0.0101010101010101,0.029898746368954864,0.10983109284561997,-0.08557702050083589,0.004618861437167192,0.012573567245621801,0.0101010101010101,0.047839015300922993,-0.12398415508939394,0.061992077544696975,0.061992077544696975,Basal,Strengthened
HALLMARK_HEME_METABOLISM,HALLMARK_PANCREAS_BETA_CELLS,-0.036230967688304874,0.6196991059766938,0.00418410041841,0.810713574084247,0.020207534053357436,-0.1051865256485883,0.0004924888718504732,0.0017902043561330257,0.00418410041841,0.05468531303349915,0.06895555796028342,-0.03447777898014171,0.03447777898014171,Basal,Weakened
HALLMARK_HEME_METABOLISM,HALLMARK_PEROXISOME,0.12082559054073096,0.0968008907051418,0.0033003300330033,0.2770586240976605,0.06206296028686713,0.017892685477840148,0.5543975834676266,0.6437317912301825,0.0033003300330033,0.010596507755421723,0.10293290506289081,0.051466452531445404,0.051466452531445404,Basal,Strengthened
HALLMARK_HEME_METABOLISM,HALLMARK_PI3K_AKT_MTOR_SIGNALING,0.01773620539150287,0.8080963936336624,0.0066006600660066,0.9197263585250419,0.012168432728754735,-0.017047251594701104,0.5732676429310212,0.6606329845630301,0.0066006600660066,0.011823955830353852,0.03478345698620397,0.000344476898400883,0.000344476898400883,Basal,Strengthened
HALLMARK_HEME_METABOLISM,HALLMARK_PROTEIN_SECRETION,0.1390611416749132,0.05568610913797534,0.0068027210884353,0.18667759146117202,0.07293193138167425,0.1367762046339076,5.621540623689994e-06,3.2330456638592685e-05,0.0068027210884353,0.07178946286117145,0.0022849370410056025,0.0011424685205028012,0.0011424685205028012,Basal,Strengthened
HALLMARK_HEME_METABOLISM,HALLMARK_REACTIVE_OXYGEN_SPECIES_PATHWAY,0.1186050789453533,0.10313788953459674,0.0163265306122449,0.2891165095649451,0.0674658047787991,0.03790104915210746,0.2103441866688754,0.3020769386510813,0.0163265306122449,0.02711378988217618,0.08070402979324584,0.04035201489662292,0.04035201489662292,Basal,Strengthened
HALLMARK_HEME_METABOLISM,HALLMARK_SPERMATOGENESIS,-0.07980677104722149,0.27371470186440666,0.0029940119760479,0.515846938129074,0.041400391511634695,-0.08138550485088787,0.0070754606149706035,0.018057165111122896,0.0029940119760479,0.042189758413467886,0.0015787338036663823,-0.0007893669018331911,0.0007893669018331911,Basal,Weakened
HALLMARK_HEME_METABOLISM,HALLMARK_TGF_BETA_SIGNALING,-0.0617097019749248,0.39766272186524426,0.0,0.6276825528833481,0.0308548509874624,0.019753918621025292,0.5139555965872717,0.6077177662349497,0.0,0.009876959310512646,-0.0814636205959501,0.02097789167694975,0.02097789167694975,Basal,Strengthened
HALLMARK_HEME_METABOLISM,HALLMARK_TNFA_SIGNALING_VIA_NFKB,-0.05437203116371012,0.45622794649513787,0.0050251256281407,0.6725381882750227,0.02969857839592541,-0.033675285750468346,0.26576213074415966,0.36253742779687703,0.0050251256281407,0.019350205689304522,-0.020696745413241777,0.010348372706620888,0.010348372706620888,Basal,Strengthened
HALLMARK_HEME_METABOLISM,HALLMARK_UNFOLDED_PROTEIN_RESPONSE,-0.036188151861667475,0.6201131582995424,0.0032051282051282,0.810713574084247,0.019696640033397838,-0.014318802907676216,0.6361512244906397,0.7155971074389657,0.0032051282051282,0.008761965556402207,-0.021869348953991258,0.01093467447699563,0.01093467447699563,Basal,Strengthened
HALLMARK_HEME_METABOLISM,HALLMARK_UV_RESPONSE_DN,-0.000974395777355279,0.9893545486284003,0.0058479532163742,0.9958581118075517,0.0034111744968647398,0.03502365853235391,0.24708374100264022,0.3423954555749256,0.0058479532163742,0.020435805874364055,-0.03599805430970919,-0.017024631377499315,0.017024631377499315,Basal,Weakened
HALLMARK_HEME_METABOLISM,HALLMARK_UV_RESPONSE_UP,0.08989452346196654,0.21741444431606058,0.0257879656160458,0.4529467589917929,0.05784124453900617,0.052551817134972416,0.08231657089131739,0.14282974411028865,0.0257879656160458,0.03916989137550911,0.03734270632699412,0.018671353163497065,0.018671353163497065,Basal,Strengthened
HALLMARK_HEME_METABOLISM,HALLMARK_WNT_BETA_CATENIN_SIGNALING,0.1975617554646982,0.006291054291135886,0.0,0.04492155779110012,0.0987808777323491,0.11680764140525413,0.00010779681236432488,0.00047671875504078694,0.0,0.05840382070262706,0.08075411405944408,0.04037705702972204,0.04037705702972204,Basal,Strengthened
HALLMARK_HEME_METABOLISM,HALLMARK_XENOBIOTIC_METABOLISM,0.1261278736394307,0.08291600225335592,0.0230179028132992,0.2509017481190365,0.07457288822636496,0.03839488551714696,0.2044579325590686,0.29570362146972734,0.0230179028132992,0.03070639416522308,0.08773298812228375,0.043866494061141875,0.043866494061141875,Basal,Strengthened
HALLMARK_HYPOXIA,HALLMARK_IL2_STAT5_SIGNALING,-0.004971471902386917,0.9457257526093283,0.04177545691906,0.9768246601571899,0.02337346441072346,0.03768679186171053,0.21293575290710462,0.30472698284019056,0.04177545691906,0.03973112439038526,-0.04265826376409744,-0.0163576599796618,0.0163576599796618,Basal,Weakened
HALLMARK_HYPOXIA,HALLMARK_IL6_JAK_STAT3_SIGNALING,-0.04209040807463036,0.564207471387355,0.0141342756183745,0.7736088057738438,0.02811234184650243,-0.08319638413501516,0.005897889732238305,0.015404935867786617,0.0141342756183745,0.048665329876694835,0.041105976060384804,-0.020552988030192405,0.020552988030192405,Basal,Weakened
HALLMARK_HYPOXIA,HALLMARK_INFLAMMATORY_RESPONSE,-0.19861028172067852,0.006014160047550208,0.0282776349614395,0.043593763658278134,0.11344395834105901,-0.08060499763738863,0.007645026367200461,0.01938955962695769,0.0282776349614395,0.054441316299414066,-0.11800528408328989,0.059002642041644945,0.059002642041644945,Basal,Strengthened
HALLMARK_HYPOXIA,HALLMARK_INTERFERON_ALPHA_RESPONSE,-0.028292299456632433,0.6983960417728768,0.0033783783783783,0.862434628197353,0.015835338917505368,-0.11724751322434827,0.00010148219986071571,0.0004602898809069312,0.0033783783783783,0.06031294580136329,0.08895521376771584,-0.04447760688385792,0.04447760688385792,Basal,Weakened
HALLMARK_HYPOXIA,HALLMARK_INTERFERON_GAMMA_RESPONSE,0.0051226744154777805,0.9440776981728943,0.0204081632653061,0.9759452997989836,0.01276541884039194,0.11012144413734921,0.0002629759157949963,0.0010459269378210079,0.0204081632653061,0.06526480370132766,-0.10499876972187143,-0.05249938486093572,0.05249938486093572,Basal,Weakened
HALLMARK_HYPOXIA,HALLMARK_KRAS_SIGNALING_DN,0.08803181647408198,0.22713430940170432,0.0075566750629722,0.46528349333961166,0.04779424576852709,0.001689613009639828,0.9554842175225677,0.9689306013784318,0.0075566750629722,0.004623144036306014,0.08634220346444216,0.04317110173222107,0.04317110173222107,Basal,Strengthened
HALLMARK_HYPOXIA,HALLMARK_KRAS_SIGNALING_UP,0.01571059542102277,0.8296582837026051,0.0282776349614395,0.9270598254476614,0.021994115191231137,0.07306578272713728,0.01564177970951802,0.03574847041820816,0.0282776349614395,0.050671708844288385,-0.05735518730611451,-0.02867759365305725,0.02867759365305725,Basal,Weakened
HALLMARK_HYPOXIA,HALLMARK_MITOTIC_SPINDLE,-0.0956487230350023,0.18927116327541157,0.0025125628140703,0.4162606373651332,0.0490806429245363,-0.03449431199476994,0.25430402866835805,0.35002520799858267,0.0025125628140703,0.01850343740442012,-0.06115441104023236,0.030577205520116182,0.030577205520116182,Basal,Strengthened
HALLMARK_HYPOXIA,HALLMARK_MTORC1_SIGNALING,0.17912408560351734,0.013406107025716594,0.084010840108401,0.07364341303364497,0.13156746285595916,0.10743451319532694,0.00037125950539938644,0.0014080275359574254,0.084010840108401,0.09572267665186397,0.07168957240819039,0.03584478620409519,0.03584478620409519,Basal,Strengthened
HALLMARK_HYPOXIA,HALLMARK_MYC_TARGETS_V1,-0.14205079496143852,0.05057840023701791,0.0050251256281407,0.17548694622981625,0.07353796029478961,0.03708332328187755,0.22035859611087666,0.31315461744295114,0.0050251256281407,0.021054224455009124,-0.17913411824331607,0.052483735839780485,0.052483735839780485,Basal,Strengthened
HALLMARK_HYPOXIA,HALLMARK_MYC_TARGETS_V2,0.04346610331728701,0.5515315356464048,0.0038910505836575,0.7625577101205935,0.023678576950472253,-0.15796006265156562,1.5073002475271263e-07,1.0990730971551963e-06,0.0038910505836575,0.08092555661761155,0.20142616596885263,-0.057246979667139306,0.057246979667139306,Basal,Weakened
HALLMARK_HYPOXIA,HALLMARK_MYOGENESIS,0.15368105248863492,0.03426319691758514,0.0335917312661498,0.1349595376978836,0.09363639187739237,0.2647230665882452,5.327758636819739e-19,1.4503342955787065e-17,0.0335917312661498,0.14915739892719748,-0.11104201409961026,-0.055521007049805116,0.055521007049805116,Basal,Weakened
HALLMARK_HYPOXIA,HALLMARK_NOTCH_SIGNALING,0.02476593942065857,0.7344784771758444,0.008695652173913,0.8795074628938507,0.016730795797285786,-0.06344617894396247,0.03588393909771405,0.07101425750355365,0.008695652173913,0.03607091555893774,0.08821211836462103,-0.019340119761651953,0.019340119761651953,Basal,Weakened
HALLMARK_HYPOXIA,HALLMARK_OXIDATIVE_PHOSPHORYLATION,0.2391754713282372,0.0008892107783063622,0.0050251256281407,0.009993423884635722,0.12210029847818894,-0.07812298234254068,0.009738816283608284,0.023670734022659023,0.0050251256281407,0.04157405398534069,0.31729845367077786,0.08052624449284826,0.08052624449284826,Basal,Strengthened
HALLMARK_HYPOXIA,HALLMARK_P53_PATHWAY,0.12738432446555153,0.07987240417492848,0.0362694300518134,0.2469767524804053,0.08182687725868247,0.19248049552350885,1.36938411630078e-10,1.6774955424684555e-09,0.0362694300518134,0.11437496278766113,-0.06509617105795731,-0.03254808552897866,0.03254808552897866,Basal,Weakened
HALLMARK_HYPOXIA,HALLMARK_PANCREAS_BETA_CELLS,-0.022856225931024234,0.7542706154035174,0.0084033613445378,0.8944641857398923,0.01562979363778102,-0.011048594683684207,0.7150867338346385,0.7807319509335403,0.0084033613445378,0.009725978014111004,-0.011807631247340028,0.005903815623670015,0.005903815623670015,Basal,Strengthened
HALLMARK_HYPOXIA,HALLMARK_PEROXISOME,0.0032718418500309733,0.9642653387688667,0.0066225165562913,0.9893007035107719,0.004947179203161137,-0.11241747358340008,0.00019465911809377802,0.0008083302361521291,0.0066225165562913,0.05951999506984569,0.11568931543343106,-0.054572815866684554,0.054572815866684554,Basal,Weakened
HALLMARK_HYPOXIA,HALLMARK_PI3K_AKT_MTOR_SIGNALING,0.20716951467648959,0.004131129069485303,0.023489932885906,0.032370441425931686,0.1153297237811978,0.1284688786370627,2.025975113711745e-05,0.000103409146429037,0.023489932885906,0.07597940576148435,0.0787006360394269,0.03935031801971345,0.03935031801971345,Basal,Strengthened
HALLMARK_HYPOXIA,HALLMARK_PROTEIN_SECRETION,0.05752672873248089,0.4304792957350465,0.0136986301369863,0.6570380746999787,0.03561267943473359,-0.0784049049897349,0.009477693164629224,0.0232203482533416,0.0136986301369863,0.0460517675633606,0.13593163372221578,-0.010439088128627011,0.010439088128627011,Basal,Weakened
HALLMARK_HYPOXIA,HALLMARK_REACTIVE_OXYGEN_SPECIES_PATHWAY,-0.2428570331129516,0.0007350764222738781,0.0080971659919028,0.00849498695552359,0.1254770995524272,-0.0652133173587753,0.031020900410124227,0.06301924212670344,0.0080971659919028,0.03665524167533905,-0.1776437157541763,0.08882185787708816,0.08882185787708816,Basal,Strengthened
HALLMARK_HYPOXIA,HALLMARK_SPERMATOGENESIS,0.08518451789554227,0.24257915217544293,0.0120845921450151,0.479252367755635,0.048634555020278684,-0.008965989013415575,0.7670597600150922,0.8206534550379808,0.0120845921450151,0.010525290579215339,0.09415050690895785,0.03810926444106334,0.03810926444106334,Basal,Strengthened
HALLMARK_HYPOXIA,HALLMARK_TGF_BETA_SIGNALING,0.0894269795348961,0.2198257917742781,0.0119521912350597,0.4541089290446723,0.0506895853849779,-8.955684687333679e-05,0.9976392493605414,0.998454314106751,0.0119521912350597,0.006020874040966518,0.08951653638176944,0.04466871134401138,0.04466871134401138,Basal,Strengthened
HALLMARK_HYPOXIA,HALLMARK_TNFA_SIGNALING_VIA_NFKB,0.3282846718288997,3.763529245062252e-06,0.0781671159029649,0.00010976960298098235,0.20322589386593232,0.2862599977605166,4.446261192564254e-22,1.3965820412541568e-20,0.0781671159029649,0.18221355683174073,0.04202467406838312,0.021012337034191586,0.021012337034191586,Basal,Strengthened
HALLMARK_HYPOXIA,HALLMARK_UNFOLDED_PROTEIN_RESPONSE,-0.1517586459640581,0.03660286732728918,0.0262295081967213,0.1414464115959913,0.0889940770803897,-0.025051212710886794,0.4078017126868299,0.5081964374785012,0.0262295081967213,0.025640360453804047,-0.12670743325317133,0.06335371662658565,0.06335371662658565,Basal,Strengthened
HALLMARK_HYPOXIA,HALLMARK_UV_RESPONSE_DN,0.02385500569866052,0.7438984274878072,0.0455927051671732,0.8879033734719174,0.03472385543291686,0.1892445248272118,2.8024657005808753e-10,3.1209277120105206e-09,0.0455927051671732,0.1174186149971925,-0.16538951912855127,-0.08269475956427563,0.08269475956427563,Basal,Weakened
HALLMARK_HYPOXIA,HALLMARK_UV_RESPONSE_UP,0.16628566054652913,0.021850789260974668,0.0228571428571428,0.10374890249881383,0.09457140170183596,0.21188503790439706,1.4335166263716515e-12,2.3730511720341528e-11,0.0228571428571428,0.11737109038076993,-0.045599377357867926,-0.022799688678933963,0.022799688678933963,Basal,Weakened
HALLMARK_HYPOXIA,HALLMARK_WNT_BETA_CATENIN_SIGNALING,0.13878775853608932,0.056173725256895686,0.0041493775933609,0.18750085405912048,0.07146856806472511,0.029709264054861725,0.3262244178564457,0.4289314212286283,0.0041493775933609,0.01692932082411131,0.1090784944812276,0.0545392472406138,0.0545392472406138,Basal,Strengthened
HALLMARK_HYPOXIA,HALLMARK_XENOBIOTIC_METABOLISM,-0.0844700142307258,0.24656726404328377,0.0204081632653061,0.48249983778438116,0.05243908874801595,-0.05528217816977719,0.06757917596069277,0.11963076669342289,0.0204081632653061,0.03784517071754164,-0.02918783606094861,0.014593918030474308,0.014593918030474308,Basal,Strengthened
HALLMARK_IL2_STAT5_SIGNALING,HALLMARK_IL6_JAK_STAT3_SIGNALING,0.04259592456531572,0.5595334001664727,0.0592592592592592,0.7717861885608331,0.05092759191228746,0.2254310232481812,4.5199159137080554e-14,8.518303068142105e-13,0.0592592592592592,0.1423451412537202,-0.1828350986828655,-0.09141754934143273,0.09141754934143273,Basal,Weakened
HALLMARK_IL2_STAT5_SIGNALING,HALLMARK_INFLAMMATORY_RESPONSE,0.04510671379449179,0.5365984954677053,0.0527704485488126,0.7486710215807961,0.048938581171652194,-0.025918194096429887,0.39176246326740033,0.4932261228186695,0.0527704485488126,0.039344321322621244,0.07102490789092168,0.00959425984903095,0.00959425984903095,Basal,Strengthened
HALLMARK_IL2_STAT5_SIGNALING,HALLMARK_INTERFERON_ALPHA_RESPONSE,0.11629849863223173,0.11006243696949296,0.0242214532871972,0.2984712530879173,0.07025997595971446,0.029997690098636707,0.3215476411765035,0.4235439359582976,0.0242214532871972,0.027109571692916952,0.08630080853359502,0.04315040426679751,0.04315040426679751,Basal,Strengthened
HALLMARK_IL2_STAT5_SIGNALING,HALLMARK_INTERFERON_GAMMA_RESPONSE,-0.10748783865205512,0.13991155702992597,0.05,0.3414176441467317,0.07874391932602756,-0.033085491476528894,0.27423000635015543,0.3703768001972882,0.05,0.04154274573826445,-0.07440234717552623,0.03720117358776311,0.03720117358776311,Basal,Strengthened
HALLMARK_IL2_STAT5_SIGNALING,HALLMARK_KRAS_SIGNALING_DN,0.02721817568368857,0.7093196566143506,0.0,0.8666007440876541,0.013609087841844284,0.04680724518901092,0.12180074517265856,0.193553255625408,0.0,0.02340362259450546,-0.019589069505322354,-0.009794534752661177,0.009794534752661177,Basal,Weakened
HALLMARK_IL2_STAT5_SIGNALING,HALLMARK_KRAS_SIGNALING_UP,0.01226618085958975,0.8666082817357103,0.0445026178010471,0.9485120187655647,0.028384399330318423,0.1563917780959242,2.0050291250194876e-07,1.4448003989111013e-06,0.0445026178010471,0.10044719794848564,-0.14412559723633445,-0.07206279861816722,0.07206279861816722,Basal,Weakened
HALLMARK_IL2_STAT5_SIGNALING,HALLMARK_MITOTIC_SPINDLE,-0.05867769091716619,0.42129764048538265,0.005050505050505,0.649169320244772,0.03186409798383559,0.020605937661743547,0.4959674549959656,0.5921638717057094,0.005050505050505,0.012828221356124273,-0.07928362857890973,0.019035876627711317,0.019035876627711317,Basal,Strengthened
HALLMARK_IL2_STAT5_SIGNALING,HALLMARK_MTORC1_SIGNALING,-0.15512907973102272,0.03258571084702085,0.023076923076923,0.13117689556012943,0.08910300140397286,-0.16148620439774458,7.854322559324987e-08,5.976114990790752e-07,0.023076923076923,0.09228156373733379,0.006357124666721864,-0.003178562333360932,0.003178562333360932,Basal,Weakened
HALLMARK_IL2_STAT5_SIGNALING,HALLMARK_MYC_TARGETS_V1,-0.022126198922581195,0.7618798757223447,0.0050377833753148,0.9017418818935964,0.013581991148947998,0.013529208643206142,0.6548775566021853,0.7292954607615245,0.0050377833753148,0.009283496009260471,-0.035655407565787334,0.004298495139687527,0.004298495139687527,Basal,Strengthened
HALLMARK_IL2_STAT5_SIGNALING,HALLMARK_MYC_TARGETS_V2,0.20798752178521188,0.003982440952005857,0.0198412698412698,0.031678507572773865,0.11391439581324084,0.09038178800409123,0.0027702333143636237,0.008022543286277634,0.0198412698412698,0.055111528922680515,0.11760573378112064,0.05880286689056032,0.05880286689056032,Basal,Strengthened
HALLMARK_IL2_STAT5_SIGNALING,HALLMARK_MYOGENESIS,-0.10718171943624777,0.14105000986191893,0.015267175572519,0.34282988508105294,0.061224447504383384,-0.00883730286836083,0.7703085939654518,0.8232477692918517,0.015267175572519,0.012052239220439916,-0.09834441656788694,0.04917220828394347,0.04917220828394347,Basal,Strengthened
HALLMARK_IL2_STAT5_SIGNALING,HALLMARK_NOTCH_SIGNALING,-0.05642971934868479,0.4393368128562003,0.0,0.6611641225415791,0.028214859674342396,-0.06080877280403023,0.044341019100979505,0.08473907706505444,0.0,0.030404386402015114,0.004379053455345436,-0.002189526727672718,0.002189526727672718,Basal,Weakened
HALLMARK_IL2_STAT5_SIGNALING,HALLMARK_OXIDATIVE_PHOSPHORYLATION,0.03260203107919537,0.6552063331244138,0.0025125628140703,0.833466000080381,0.017557296946632835,0.050393719511340945,0.09572155256359637,0.15997121676726542,0.0025125628140703,0.026453141162705623,-0.017791688432145576,-0.008895844216072788,0.008895844216072788,Basal,Weakened
HALLMARK_IL2_STAT5_SIGNALING,HALLMARK_P53_PATHWAY,-0.11602498572550464,0.1109071575492245,0.023076923076923,0.2984712530879173,0.06955095440121382,-0.03359816715717529,0.26685901523156885,0.3631366759458106,0.023076923076923,0.028337545117049147,-0.08242681856832934,0.04121340928416468,0.04121340928416468,Basal,Strengthened
HALLMARK_IL2_STAT5_SIGNALING,HALLMARK_PANCREAS_BETA_CELLS,0.037312388031243225,0.6092811306232829,0.0,0.802744191657936,0.018656194015621613,0.014852223466673128,0.6236296436306946,0.7040979847443327,0.0,0.007426111733336564,0.022460164564570097,0.011230082282285048,0.011230082282285048,Basal,Strengthened
HALLMARK_IL2_STAT5_SIGNALING,HALLMARK_PEROXISOME,-0.020602934730451224,0.7778302109510585,0.0066445182724252,0.9077410068955869,0.013623726501438211,-0.082963746460415,0.006038580846893875,0.01570543850837579,0.0066445182724252,0.0448041323664201,0.06236081172996378,-0.031180405864981886,0.031180405864981886,Basal,Weakened
HALLMARK_IL2_STAT5_SIGNALING,HALLMARK_PI3K_AKT_MTOR_SIGNALING,0.08066773468729636,0.26855578447326833,0.0033003300330033,0.5115274150888152,0.04198403236014983,-0.09909157746674949,0.0010312713209546926,0.0034422544091811946,0.0033003300330033,0.05119595374987639,0.17975931215404584,-0.009211921389726561,0.009211921389726561,Basal,Weakened
HALLMARK_IL2_STAT5_SIGNALING,HALLMARK_PROTEIN_SECRETION,-0.12117400672811383,0.09583521820656266,0.0034013605442176,0.2758415983774246,0.062287683636165714,-0.07831850444553871,0.009557048685035575,0.02336803321191333,0.0034013605442176,0.040859932494878154,-0.04285550228257512,0.02142775114128756,0.02142775114128756,Basal,Strengthened
HALLMARK_IL2_STAT5_SIGNALING,HALLMARK_REACTIVE_OXYGEN_SPECIES_PATHWAY,0.10536766723354787,0.1479418896475851,0.008130081300813,0.35413006631867777,0.056748874267180435,0.029428689645769546,0.3308160294601395,0.4334220706830704,0.008130081300813,0.018779385473291273,0.07593897758777833,0.03796948879388916,0.03796948879388916,Basal,Strengthened
HALLMARK_IL2_STAT5_SIGNALING,HALLMARK_SPERMATOGENESIS,0.02648447408314761,0.7168156357552298,0.0060240963855421,0.8704690294280454,0.016254285234344856,-0.0598292818661937,0.04788317146628503,0.0896894266761455,0.0060240963855421,0.0329266891258679,0.0863137559493413,-0.016672403891523045,0.016672403891523045,Basal,Weakened
HALLMARK_IL2_STAT5_SIGNALING,HALLMARK_TGF_BETA_SIGNALING,0.22080459531253582,0.0022032474037363505,0.0201612903225806,0.021251795823441177,0.12048294281755821,0.0986661113032234,0.0010842786729716263,0.0035705413290060277,0.0201612903225806,0.059413700812902,0.12213848400931242,0.06106924200465621,0.06106924200465621,Basal,Strengthened
HALLMARK_IL2_STAT5_SIGNALING,HALLMARK_TNFA_SIGNALING_VIA_NFKB,-0.002533732701814271,0.9723232021049779,0.0555555555555555,0.9906845378990381,0.029044644128684884,-0.05702263393056961,0.059370462364485274,0.10711165890499921,0.0555555555555555,0.056289094743062554,0.05448890122875534,-0.02724445061437767,0.02724445061437767,Basal,Weakened
HALLMARK_IL2_STAT5_SIGNALING,HALLMARK_UNFOLDED_PROTEIN_RESPONSE,0.027436647830237117,0.7070929456266645,0.0032154340836012,0.8653235348578061,0.015326040956919158,0.17666727162967927,4.0279535914621096e-09,3.916065991699273e-08,0.0032154340836012,0.08994135285664023,-0.14923062379944216,-0.07461531189972108,0.07461531189972108,Basal,Weakened
HALLMARK_IL2_STAT5_SIGNALING,HALLMARK_UV_RESPONSE_DN,0.017870892134565868,0.806667624177597,0.014792899408284,0.9197263585250419,0.016331895771424933,0.13757939480136025,4.9460715156880144e-06,2.8990132089558938e-05,0.014792899408284,0.07618614710482212,-0.11970850266679438,-0.05985425133339718,0.05985425133339718,Basal,Weakened
HALLMARK_IL2_STAT5_SIGNALING,HALLMARK_UV_RESPONSE_UP,-0.029972158219321376,0.6814365151162645,0.0258620689655172,0.8535308123811686,0.027917113592419288,0.003625795250559894,0.9046503709592112,0.9320409625105414,0.0258620689655172,0.014743932108038546,-0.03359795346988127,0.013173181484380741,0.013173181484380741,Basal,Strengthened
HALLMARK_IL2_STAT5_SIGNALING,HALLMARK_WNT_BETA_CATENIN_SIGNALING,0.10154792991145906,0.16328401166691175,0.0126050420168067,0.37599524734004164,0.05707648596413288,0.07969061774963751,0.008364231092900264,0.02074126131336604,0.0126050420168067,0.04614782988322211,0.021857312161821546,0.010928656080910773,0.010928656080910773,Basal,Strengthened
HALLMARK_IL2_STAT5_SIGNALING,HALLMARK_XENOBIOTIC_METABOLISM,0.08054057964836797,0.26931350287627276,0.0178571428571428,0.5115274150888152,0.04919886125275538,-0.03191333727913781,0.29160054713345285,0.38996798060969406,0.0178571428571428,0.024885240068140305,0.11245391692750578,0.024313621184615077,0.024313621184615077,Basal,Strengthened
HALLMARK_IL6_JAK_STAT3_SIGNALING,HALLMARK_INFLAMMATORY_RESPONSE,0.19270123695188762,0.007728929880997145,0.0871212121212121,0.05072265683660506,0.13991122453654986,0.2823046058475743,1.714215124578796e-21,5.2497838190225626e-20,0.0871212121212121,0.1847129089843932,-0.08960336889568665,-0.044801684447843326,0.044801684447843326,Basal,Weakened
HALLMARK_IL6_JAK_STAT3_SIGNALING,HALLMARK_INTERFERON_ALPHA_RESPONSE,-0.303871946200433,2.024514838025466e-05,0.0454545454545454,0.00048628052481984233,0.1746632458274892,-0.16455426514959878,4.402973271787387e-08,3.5023651025581484e-07,0.0454545454545454,0.10500440530207208,-0.13931768105083422,0.06965884052541713,0.06965884052541713,Basal,Strengthened
HALLMARK_IL6_JAK_STAT3_SIGNALING,HALLMARK_INTERFERON_GAMMA_RESPONSE,0.3452725498360777,1.06775245370274e-06,0.0830188679245283,3.442096725752254e-05,0.214145708880303,0.1916423440523685,1.6504532609918743e-10,1.9629177133155786e-09,0.0830188679245283,0.1373306059884484,0.1536302057837092,0.07681510289185459,0.07681510289185459,Basal,Strengthened
HALLMARK_IL6_JAK_STAT3_SIGNALING,HALLMARK_KRAS_SIGNALING_DN,0.08867514061584354,0.22374320085772748,0.0034965034965034,0.4614232677621484,0.046085822056173474,0.0796980954611886,0.008358112378365236,0.02074126131336604,0.0034965034965034,0.041597299478846,0.008977045154654945,0.004488522577327472,0.004488522577327472,Basal,Strengthened
HALLMARK_IL6_JAK_STAT3_SIGNALING,HALLMARK_KRAS_SIGNALING_UP,0.007599165014525394,0.9171236857610233,0.025,0.9676800301957394,0.016299582507262697,-0.0345570653589988,0.2534404932704942,0.34962230209049033,0.025,0.0297785326794994,0.042156230373524194,-0.013478950172236704,0.013478950172236704,Basal,Weakened
HALLMARK_IL6_JAK_STAT3_SIGNALING,HALLMARK_MITOTIC_SPINDLE,0.08389783621866315,0.24979365509292412,0.0,0.4864820786785883,0.04194891810933157,0.1147231015652403,0.00014308869470362615,0.000612879898643154,0.0,0.05736155078262015,-0.03082526534657716,-0.01541263267328858,0.01541263267328858,Basal,Weakened
HALLMARK_IL6_JAK_STAT3_SIGNALING,HALLMARK_MTORC1_SIGNALING,0.10938376634564234,0.13301627285990625,0.0034965034965034,0.32851801260763136,0.056440134921072874,0.13529507053399908,7.104907323154569e-06,4.029403458733494e-05,0.0034965034965034,0.06939578701525125,-0.025911304188356743,-0.012955652094178371,0.012955652094178371,Basal,Weakened
HALLMARK_IL6_JAK_STAT3_SIGNALING,HALLMARK_MYC_TARGETS_V1,0.020510161781413735,0.7788047332630709,0.0,0.9077410068955869,0.010255080890706867,-0.047464979036354014,0.11664196275688923,0.18721591334490445,0.0,0.023732489518177007,0.06797514081776775,-0.01347740862747014,0.01347740862747014,Basal,Weakened
HALLMARK_IL6_JAK_STAT3_SIGNALING,HALLMARK_MYC_TARGETS_V2,0.0645664885031795,0.37613583702754544,0.0,0.6134654269364263,0.03228324425158975,0.04092444190385749,0.17617622867876798,0.26156235905590725,0.0,0.020462220951928744,0.023642046599322016,0.011821023299661008,0.011821023299661008,Basal,Strengthened
HALLMARK_IL6_JAK_STAT3_SIGNALING,HALLMARK_MYOGENESIS,0.141882379373523,0.050855400744150826,0.0070175438596491,0.17548694622981625,0.07444996161658604,-0.013748355677824542,0.6496577502305154,0.7241408043970713,0.0070175438596491,0.010382949768736821,0.15563073505134753,0.06406701184784921,0.06406701184784921,Basal,Strengthened
HALLMARK_IL6_JAK_STAT3_SIGNALING,HALLMARK_NOTCH_SIGNALING,-0.09323098330843459,0.20075321950738576,0.0,0.43068773011654565,0.04661549165421729,-0.029702291020495104,0.3263380282327197,0.4289314212286283,0.0,0.014851145510247552,-0.06352869228793948,0.03176434614396974,0.03176434614396974,Basal,Strengthened
HALLMARK_IL6_JAK_STAT3_SIGNALING,HALLMARK_OXIDATIVE_PHOSPHORYLATION,-0.27414126434683184,0.00012948964599108394,0.0,0.0021435785991767275,0.13707063217341592,-0.1627340406655939,6.215024475448758e-08,4.818610748370081e-07,0.0,0.08136702033279695,-0.11140722368123793,0.05570361184061896,0.05570361184061896,Basal,Strengthened
HALLMARK_IL6_JAK_STAT3_SIGNALING,HALLMARK_P53_PATHWAY,-0.15411562011154997,0.03375224499577216,0.025,0.13421662331266546,0.08955781005577498,-0.16196947470069636,7.175087027815045e-08,5.493426005670893e-07,0.025,0.09348473735034818,0.007853854589146392,-0.003926927294573196,0.003926927294573196,Basal,Weakened
HALLMARK_IL6_JAK_STAT3_SIGNALING,HALLMARK_PANCREAS_BETA_CELLS,0.28939823681852056,5.127086478785694e-05,0.0,0.0010750060356623488,0.14469911840926028,0.10959357530518356,0.00028158088883098274,0.0011091208643664112,0.0,0.05479678765259178,0.17980466151333702,0.08990233075666851,0.08990233075666851,Basal,Strengthened
HALLMARK_IL6_JAK_STAT3_SIGNALING,HALLMARK_PEROXISOME,-0.006457929748650693,0.9295349780879868,0.0,0.9714378271432935,0.0032289648743253465,0.03780489923370393,0.21150434258241188,0.303387376655099,0.0,0.018902449616851964,-0.04426282898235462,-0.015673484742526618,0.015673484742526618,Basal,Weakened
HALLMARK_IL6_JAK_STAT3_SIGNALING,HALLMARK_PI3K_AKT_MTOR_SIGNALING,0.21952407664438062,0.0023409899093329413,0.032258064516129,0.022059327991791177,0.1258910705802548,0.054690479384522525,0.07057386460608003,0.12403584525458829,0.032258064516129,0.04347427195032576,0.16483359725985808,0.08241679862992905,0.08241679862992905,Basal,Strengthened
HALLMARK_IL6_JAK_STAT3_SIGNALING,HALLMARK_PROTEIN_SECRETION,-0.1606524855123406,0.026812891559188798,0.0,0.11565419774650097,0.0803262427561703,-0.1143854035488917,0.00014974048673741552,0.0006369170008796321,0.0,0.05719270177444585,-0.04626708196344889,0.023133540981724446,0.023133540981724446,Basal,Strengthened
HALLMARK_IL6_JAK_STAT3_SIGNALING,HALLMARK_REACTIVE_OXYGEN_SPECIES_PATHWAY,-0.15543216211472138,0.03224357524493485,0.0,0.13078933667233505,0.07771608105736069,-0.09530580034712478,0.0016001161525555883,0.004974980423554811,0.0,0.04765290017356239,-0.0601263617675966,0.0300631808837983,0.0300631808837983,Basal,Strengthened
HALLMARK_IL6_JAK_STAT3_SIGNALING,HALLMARK_SPERMATOGENESIS,0.03400488243620612,0.6413825693797499,0.004524886877828,0.8244424422772231,0.019264884657017062,0.0286208612590406,0.34426809560611377,0.4467258602632595,0.004524886877828,0.0165728740684343,0.005384021177165521,0.0026920105885827605,0.0026920105885827605,Basal,Strengthened
HALLMARK_IL6_JAK_STAT3_SIGNALING,HALLMARK_TGF_BETA_SIGNALING,0.09785436242731307,0.17922204275050269,0.014388489208633,0.39773007675609745,0.05612142581797304,0.036589485044704474,0.22656944054108438,0.32049372362913203,0.014388489208633,0.025488987126668736,0.0612648773826086,0.030632438691304303,0.030632438691304303,Basal,Strengthened
HALLMARK_IL6_JAK_STAT3_SIGNALING,HALLMARK_TNFA_SIGNALING_VIA_NFKB,0.37535574492654883,9.492025444379026e-08,0.0669144981412639,3.7709195987519835e-06,0.22113512153390635,0.2647742401306077,5.242677846888727e-19,1.4503342955787065e-17,0.0669144981412639,0.1658443691359358,0.11058150479594114,0.055290752397970544,0.055290752397970544,Basal,Strengthened
HALLMARK_IL6_JAK_STAT3_SIGNALING,HALLMARK_UNFOLDED_PROTEIN_RESPONSE,-0.07063557512692338,0.3328299459954972,0.0,0.5718326561633718,0.03531778756346169,0.0011423220362535222,0.9698950738411571,0.9802982388246019,0.0,0.0005711610181267611,-0.0717778971631769,0.03474662654533493,0.03474662654533493,Basal,Strengthened
HALLMARK_IL6_JAK_STAT3_SIGNALING,HALLMARK_UV_RESPONSE_DN,-0.14445111052190657,0.046764932069355905,0.0043478260869565,0.16750597013146484,0.07439946830443153,-0.1719089719471673,1.0518180698996724e-08,9.269619680770494e-08,0.0043478260869565,0.0881283990170619,0.027457861425260743,-0.013728930712630372,0.013728930712630372,Basal,Weakened
HALLMARK_IL6_JAK_STAT3_SIGNALING,HALLMARK_UV_RESPONSE_UP,-0.20707459857252425,0.004148701472547979,0.0208333333333333,0.032370441425931686,0.11395396595292878,-0.11349779680287547,0.00016863700325227575,0.0007123459620139234,0.0208333333333333,0.0671655650681044,-0.09357680176964878,0.04678840088482439,0.04678840088482439,Basal,Strengthened
HALLMARK_IL6_JAK_STAT3_SIGNALING,HALLMARK_WNT_BETA_CATENIN_SIGNALING,0.11237034171555191,0.12268768572512359,0.0,0.31640508423847663,0.056185170857775954,0.11593094425474554,0.0001215023882363108,0.0005334782279192858,0.0,0.05796547212737277,-0.0035606025391936302,-0.0017803012695968151,0.0017803012695968151,Basal,Weakened
HALLMARK_IL6_JAK_STAT3_SIGNALING,HALLMARK_XENOBIOTIC_METABOLISM,0.14860670583656024,0.04073071681418693,0.0213523131672597,0.1525844895944312,0.08497950950190997,0.10505851205375617,0.0005003964975104921,0.0018082174320069404,0.0213523131672597,0.06320541261050794,0.04354819378280407,0.02177409689140203,0.02177409689140203,Basal,Strengthened
HALLMARK_INFLAMMATORY_RESPONSE,HALLMARK_INTERFERON_ALPHA_RESPONSE,-0.18859345324614687,0.009164573839400171,0.0607142857142857,0.05629480037370427,0.12465386948021628,-0.17061443014794558,1.359455943330445e-08,1.1810876103402801e-07,0.0607142857142857,0.11566435793111564,-0.01797902309820129,0.008989511549100646,0.008989511549100646,Basal,Strengthened
HALLMARK_INFLAMMATORY_RESPONSE,HALLMARK_INTERFERON_GAMMA_RESPONSE,0.21262305421885616,0.0032272680619798836,0.1019283746556473,0.02764617745402348,0.15727571443725175,0.18684865560024222,4.72407465200524e-10,5.076308288338964e-09,0.1019283746556473,0.14438851512794476,0.025774398618613942,0.012887199309306985,0.012887199309306985,Basal,Strengthened
HALLMARK_INFLAMMATORY_RESPONSE,HALLMARK_KRAS_SIGNALING_DN,0.11909648386459433,0.10170802826315685,0.015228426395939,0.2857622353724017,0.06716245513026667,0.09500927419020341,0.0016550760652905496,0.0051069727455438875,0.015228426395939,0.0551188502930712,0.024087209674390916,0.012043604837195465,0.012043604837195465,Basal,Strengthened
HALLMARK_INFLAMMATORY_RESPONSE,HALLMARK_KRAS_SIGNALING_UP,0.29045266737935294,4.799519395333809e-05,0.0416666666666666,0.001031475659523494,0.16605966702300978,0.20811290708244162,3.6050829623741295e-12,5.452131640627541e-11,0.0416666666666666,0.12488978687455411,0.08233976029691131,0.04116988014845567,0.04116988014845567,Basal,Strengthened
HALLMARK_INFLAMMATORY_RESPONSE,HALLMARK_MITOTIC_SPINDLE,-0.07382752114836423,0.3113903444353229,0.0050377833753148,0.5552447917514856,0.039432652261839514,-0.08562529451775257,0.004595745216642775,0.012538503096631178,0.0050377833753148,0.04533153894653368,0.011797773369388337,-0.0058988866846941684,0.0058988866846941684,Basal,Weakened
HALLMARK_INFLAMMATORY_RESPONSE,HALLMARK_MTORC1_SIGNALING,0.008127081878237479,0.9113890112062645,0.0126582278481012,0.9668544340824102,0.01039265486316934,-0.01955860984890193,0.5181262662506944,0.611213054289756,0.0126582278481012,0.016108418848501563,0.02768569172713941,-0.005715763985332224,0.005715763985332224,Basal,Weakened
HALLMARK_INFLAMMATORY_RESPONSE,HALLMARK_MYC_TARGETS_V1,0.1144905771829941,0.11574054510127423,0.0025062656641604,0.30622498433922446,0.05849842142357725,0.066629138356136,0.027543108388300826,0.05738147580896005,0.0025062656641604,0.0345677020101482,0.0478614388268581,0.02393071941342905,0.02393071941342905,Basal,Strengthened
HALLMARK_INFLAMMATORY_RESPONSE,HALLMARK_MYC_TARGETS_V2,-0.01608513945970928,0.8256612803167624,0.0038910505836575,0.9270598254476614,0.00998809502168339,-0.015703527314540507,0.6038702922037247,0.6843118482419637,0.0038910505836575,0.009797288949099004,-0.00038161214516877276,0.00019080607258438638,0.00019080607258438638,Basal,Strengthened
HALLMARK_INFLAMMATORY_RESPONSE,HALLMARK_MYOGENESIS,-0.015856711688379217,0.8280984555210827,0.0101010101010101,0.9270598254476614,0.012978860894694659,-0.020516206615777507,0.49784595290639333,0.5938279379847438,0.0101010101010101,0.015308608358393804,0.00465949492739829,-0.002329747463699145,0.002329747463699145,Basal,Weakened
HALLMARK_INFLAMMATORY_RESPONSE,HALLMARK_NOTCH_SIGNALING,0.025131867763393642,0.730705458047466,0.0043290043290043,0.8790369238985593,0.014730436046198971,-0.01734347180307024,0.5666214895469827,0.6554403443768213,0.0043290043290043,0.010836238066037271,0.042475339566463884,0.0038941979801617004,0.0038941979801617004,Basal,Strengthened
HALLMARK_INFLAMMATORY_RESPONSE,HALLMARK_OXIDATIVE_PHOSPHORYLATION,0.006830026801271026,0.9254862900773941,0.0,0.9692614913593072,0.003415013400635513,-0.01163071772516033,0.7007805590300217,0.7706069881613793,0.0,0.005815358862580165,0.018460744526431358,-0.0024003454619446517,0.0024003454619446517,Basal,Weakened
HALLMARK_INFLAMMATORY_RESPONSE,HALLMARK_P53_PATHWAY,-0.016538675016458993,0.8208273099707862,0.0309278350515463,0.9242474083806904,0.023733255034002646,-0.07817117249910958,0.00969373273533526,0.023607997218261817,0.0309278350515463,0.05454950377532794,0.061632497482650594,-0.030816248741325294,0.030816248741325294,Basal,Weakened
HALLMARK_INFLAMMATORY_RESPONSE,HALLMARK_PANCREAS_BETA_CELLS,-0.039883769357295526,0.5848257549453141,0.0,0.7855389800526422,0.019941884678647763,-0.009736800827082908,0.7476870419845014,0.8037437188958657,0.0,0.004868400413541454,-0.03014696853021262,0.01507348426510631,0.01507348426510631,Basal,Strengthened
HALLMARK_INFLAMMATORY_RESPONSE,HALLMARK_PEROXISOME,-0.07583733735238894,0.29836508360047287,0.0,0.5447554639453005,0.03791866867619447,-0.051101394364331205,0.09114577480374388,0.15400492984080863,0.0,0.025550697182165603,-0.024735942988057737,0.012367971494028868,0.012367971494028868,Basal,Strengthened
HALLMARK_INFLAMMATORY_RESPONSE,HALLMARK_PI3K_AKT_MTOR_SIGNALING,-0.07295846369854865,0.3171360477052849,0.009933774834437,0.5596120604890052,0.041446119266492824,0.06915593863706225,0.022166469373187184,0.04789052025071305,0.009933774834437,0.039544856735749624,-0.1421144023356109,0.0019012625307432002,0.0019012625307432002,Basal,Strengthened
HALLMARK_INFLAMMATORY_RESPONSE,HALLMARK_PROTEIN_SECRETION,0.05616236548385217,0.44151111919040487,0.0068027210884353,0.6616723602452571,0.031482543286143735,0.024805450479963468,0.4124184628960521,0.5134274563492519,0.0068027210884353,0.015804085784199385,0.03135691500388871,0.01567845750194435,0.01567845750194435,Basal,Strengthened
HALLMARK_INFLAMMATORY_RESPONSE,HALLMARK_REACTIVE_OXYGEN_SPECIES_PATHWAY,-0.012445727111230362,0.8646743060723276,0.0040322580645161,0.9474293604101981,0.008238992587873232,0.05881347760253667,0.05180448014427046,0.0958617646174189,0.0040322580645161,0.03142286783352639,-0.07125920471376704,-0.023183875245653157,0.023183875245653157,Basal,Weakened
HALLMARK_INFLAMMATORY_RESPONSE,HALLMARK_SPERMATOGENESIS,0.20811337652465406,0.003959997371899821,0.0,0.031678507572773865,0.10405668826232703,0.15004558707308996,6.182297704928289e-07,4.1159318959441055e-06,0.0,0.07502279353654498,0.0580677894515641,0.02903389472578205,0.02903389472578205,Basal,Strengthened
HALLMARK_INFLAMMATORY_RESPONSE,HALLMARK_TGF_BETA_SIGNALING,0.045651490820884794,0.5316848760884356,0.0079365079365079,0.7469196940462541,0.026793999378696347,0.04024198544710172,0.18350252116214105,0.270506123253457,0.0079365079365079,0.02408924669180481,0.005409505373783076,0.002704752686891538,0.002704752686891538,Basal,Strengthened
HALLMARK_INFLAMMATORY_RESPONSE,HALLMARK_TNFA_SIGNALING_VIA_NFKB,0.48137792687434006,2.056394286657432e-12,0.1461318051575931,1.679388667436903e-10,0.3137548660159666,0.4683195945745949,1.000201474686657e-60,7.657792540569717e-59,0.1461318051575931,0.307225699866094,0.013058332299745179,0.0065291661498725895,0.0065291661498725895,Basal,Strengthened
HALLMARK_INFLAMMATORY_RESPONSE,HALLMARK_UNFOLDED_PROTEIN_RESPONSE,0.03332954769866311,0.6480223351652135,0.0032051282051282,0.8270081689177867,0.018267337951895654,0.036243710171375065,0.23099172444229826,0.3245009890387791,0.0032051282051282,0.019724419188251633,-0.0029141624727119578,-0.0014570812363559789,0.0014570812363559789,Basal,Weakened
HALLMARK_INFLAMMATORY_RESPONSE,HALLMARK_UV_RESPONSE_DN,0.06696619647024783,0.3586162276496423,0.0455927051671732,0.596205849972129,0.05627945081871052,0.048721990806875615,0.1072610827530013,0.176368894459633,0.0455927051671732,0.04715734798702441,0.018244205663372218,0.009122102831686109,0.009122102831686109,Basal,Strengthened
HALLMARK_INFLAMMATORY_RESPONSE,HALLMARK_UV_RESPONSE_UP,-0.1608268848455427,0.026645890926842473,0.028735632183908,0.11565419774650097,0.09478125851472535,-0.18038847371529235,1.8666170946914264e-09,1.8897569760305763e-08,0.028735632183908,0.10456205294960018,0.019561588869749652,-0.009780794434874826,0.009780794434874826,Basal,Weakened
HALLMARK_INFLAMMATORY_RESPONSE,HALLMARK_WNT_BETA_CATENIN_SIGNALING,-0.11361258122641875,0.11857921744982827,0.0041493775933609,0.31104826847117695,0.05888097940988982,-0.07607147127325552,0.011839706591423103,0.028053463393604063,0.0041493775933609,0.04011042443330821,-0.03754110995316323,0.018770554976581616,0.018770554976581616,Basal,Strengthened
HALLMARK_INFLAMMATORY_RESPONSE,HALLMARK_XENOBIOTIC_METABOLISM,-0.01565642287087622,0.8302367590313925,0.0126582278481012,0.9270598254476614,0.014157325359488711,0.10182888055397125,0.0007435958415068786,0.0025731777001297353,0.0126582278481012,0.057243554201036224,-0.11748530342484748,-0.043086228841547516,0.043086228841547516,Basal,Weakened
HALLMARK_INTERFERON_ALPHA_RESPONSE,HALLMARK_INTERFERON_GAMMA_RESPONSE,0.9908715768515355,1.4305099595454394e-165,0.3258928571428571,1.752374700443163e-162,0.6583822169971962,0.9938972356032353,0.0,0.0,0.3258928571428571,0.6598950463730462,-0.0030256587516998,-0.0015128293758499556,0.0015128293758499556,Basal,Weakened
HALLMARK_INTERFERON_ALPHA_RESPONSE,HALLMARK_KRAS_SIGNALING_DN,0.18336785681109327,0.011329067104885652,0.010204081632653,0.06672166924752367,0.09678596922187313,0.12120802698657099,5.837607090196251e-05,0.00027294155288131323,0.010204081632653,0.06570605430961199,0.062159829824522284,0.031079914912261142,0.031079914912261142,Basal,Strengthened
HALLMARK_INTERFERON_ALPHA_RESPONSE,HALLMARK_KRAS_SIGNALING_UP,0.20986335122721997,0.0036595161116111654,0.0067796610169491,0.029874760205119116,0.10832150612208453,0.22637774770026062,3.519562541416963e-14,6.843593830532983e-13,0.0067796610169491,0.11657870435860486,-0.01651439647304065,-0.008257198236520324,0.008257198236520324,Basal,Weakened
HALLMARK_INTERFERON_ALPHA_RESPONSE,HALLMARK_MITOTIC_SPINDLE,-0.0739383376739805,0.31066261653926625,0.0,0.5549723082857976,0.03696916883699025,-0.08819616710280864,0.0035058971546516925,0.009931034197718439,0.0,0.04409808355140432,0.01425782942882814,-0.00712891471441407,0.00712891471441407,Basal,Weakened
HALLMARK_INTERFERON_ALPHA_RESPONSE,HALLMARK_MTORC1_SIGNALING,-0.17648590061699831,0.014859398919394171,0.010204081632653,0.07914245076633852,0.09334499112482565,-0.1532052516554761,3.549410571856583e-07,2.4565129663979174e-06,0.010204081632653,0.08170466664406455,-0.02328064896152221,0.011640324480761105,0.011640324480761105,Basal,Strengthened
HALLMARK_INTERFERON_ALPHA_RESPONSE,HALLMARK_MYC_TARGETS_V1,0.15744889201661105,0.030043852955945104,0.0,0.12475837244417882,0.07872444600830553,0.07166990986900389,0.017746285728361396,0.03981538464696467,0.0,0.03583495493450194,0.08577898214760717,0.04288949107380358,0.04288949107380358,Basal,Strengthened
HALLMARK_INTERFERON_ALPHA_RESPONSE,HALLMARK_MYC_TARGETS_V2,-0.02408633921277599,0.7415025438089211,0.0,0.8861859669911496,0.012043169606387995,-0.04014530728287662,0.184558343580991,0.2717355419311466,0.0,0.02007265364143831,0.016058968070100633,-0.008029484035050317,0.008029484035050317,Basal,Weakened
HALLMARK_INTERFERON_ALPHA_RESPONSE,HALLMARK_MYOGENESIS,0.12058359275289927,0.0974761447151612,0.0,0.2783409726714976,0.06029179637644964,0.0818807512983734,0.006734089139326467,0.017366861464578786,0.0,0.0409403756491867,0.03870284145452588,0.01935142072726294,0.01935142072726294,Basal,Strengthened
HALLMARK_INTERFERON_ALPHA_RESPONSE,HALLMARK_NOTCH_SIGNALING,0.002407518381210199,0.9737013743921975,0.0,0.9906845378990381,0.0012037591906050994,-0.07698386956366855,0.010860269338112315,0.026024850454772888,0.0,0.038491934781834276,0.07939138794487875,-0.037288175591229177,0.037288175591229177,Basal,Weakened
HALLMARK_INTERFERON_ALPHA_RESPONSE,HALLMARK_OXIDATIVE_PHOSPHORYLATION,-0.06852340845063819,0.3475244808885137,0.0,0.5855811404242494,0.034261704225319094,0.006989254231225311,0.8173825350493124,0.8654223037471112,0.0,0.0034946271156126554,-0.0755126626818635,0.03076707710970644,0.03076707710970644,Basal,Strengthened
HALLMARK_INTERFERON_ALPHA_RESPONSE,HALLMARK_P53_PATHWAY,0.13252359001914663,0.06834808434759711,0.0206185567010309,0.21843021108533542,0.07657107336008877,0.05865253406007428,0.052449741954176704,0.09676345465943745,0.0206185567010309,0.03963554538055259,0.07387105595907234,0.03693552797953618,0.03693552797953618,Basal,Strengthened
HALLMARK_INTERFERON_ALPHA_RESPONSE,HALLMARK_PANCREAS_BETA_CELLS,0.07772310336452055,0.28647671773017935,0.0,0.5342565517236729,0.03886155168226028,0.05386528814198063,0.07493094956273766,0.1313167571020796,0.0,0.026932644070990316,0.02385781522253992,0.01192890761126996,0.01192890761126996,Basal,Strengthened
HALLMARK_INTERFERON_ALPHA_RESPONSE,HALLMARK_PEROXISOME,-0.07555521282224127,0.3001713780923084,0.0,0.5447554639453005,0.037777606411120636,-0.07419520243587995,0.014102790930965878,0.03294266932057975,0.0,0.03709760121793997,-0.0013600103863613267,0.0006800051931806633,0.0006800051931806633,Basal,Strengthened
HALLMARK_INTERFERON_ALPHA_RESPONSE,HALLMARK_PI3K_AKT_MTOR_SIGNALING,0.06037113596318819,0.40799771478605124,0.0049751243781094,0.6343926440483999,0.032673130170648795,0.0022707279435646953,0.94019873068732,0.9585368287703278,0.0049751243781094,0.0036229261608370475,0.05810040801962349,0.029050204009811748,0.029050204009811748,Basal,Strengthened
HALLMARK_INTERFERON_ALPHA_RESPONSE,HALLMARK_PROTEIN_SECRETION,0.007624408349611726,0.9168493717444275,0.0,0.9676800301957394,0.003812204174805863,-0.09923834035387664,0.0010135493525806766,0.003410983398108046,0.0,0.04961917017693832,0.10686274870348837,-0.04580696600213246,0.04580696600213246,Basal,Weakened
HALLMARK_INTERFERON_ALPHA_RESPONSE,HALLMARK_REACTIVE_OXYGEN_SPECIES_PATHWAY,-0.1402581310514384,0.05359212609333256,0.0,0.18287006814577267,0.0701290655257192,-0.06806616885668297,0.024361994799420604,0.05208279865495679,0.0,0.034033084428341485,-0.07219196219475542,0.03609598109737771,0.03609598109737771,Basal,Strengthened
HALLMARK_INTERFERON_ALPHA_RESPONSE,HALLMARK_SPERMATOGENESIS,0.23237839892367246,0.001254200819643212,0.0,0.013436667572955148,0.11618919946183623,0.09429084855411815,0.0017955015217719914,0.005430837936223924,0.0,0.047145424277059075,0.1380875503695543,0.06904377518477715,0.06904377518477715,Basal,Strengthened
HALLMARK_INTERFERON_ALPHA_RESPONSE,HALLMARK_TGF_BETA_SIGNALING,-0.011277942169734888,0.8772669393480023,0.0,0.9535510210304372,0.005638971084867444,0.011312274900560701,0.7085938197941407,0.776293014378941,0.0,0.005656137450280351,-0.02259021707029559,-1.7166365412906413e-05,1.7166365412906413e-05,Basal,Weakened
HALLMARK_INTERFERON_ALPHA_RESPONSE,HALLMARK_TNFA_SIGNALING_VIA_NFKB,0.15995453796545034,0.027490232756001542,0.03125,0.11815977237228734,0.09560226898272517,-0.003153280880734825,0.9170281658218753,0.9416257360702408,0.03125,0.017201640440367413,0.16310781884618517,0.07840062854235776,0.07840062854235776,Basal,Strengthened
HALLMARK_INTERFERON_ALPHA_RESPONSE,HALLMARK_UNFOLDED_PROTEIN_RESPONSE,-0.04517350332147642,0.5359948704032778,0.0,0.7486710215807961,0.02258675166073821,0.03340210089888296,0.26966172282289025,0.3662257322151226,0.0,0.01670105044944148,-0.07857560422035938,0.00588570121129673,0.00588570121129673,Basal,Strengthened
HALLMARK_INTERFERON_ALPHA_RESPONSE,HALLMARK_UV_RESPONSE_DN,-0.06069699794693289,0.4054672434024207,0.0,0.633203874995284,0.030348498973466444,-0.03582697440965387,0.2364025178282475,0.3302087620748041,0.0,0.017913487204826935,-0.024870023537279018,0.012435011768639509,0.012435011768639509,Basal,Strengthened
HALLMARK_INTERFERON_ALPHA_RESPONSE,HALLMARK_UV_RESPONSE_UP,-0.24906796308333373,0.0005296757369840528,0.0119047619047619,0.006689203894901698,0.13048636249404783,-0.08581731156399994,0.004504829272170734,0.012345449347671475,0.0119047619047619,0.04886103673438092,-0.1632506515193338,0.08162532575966691,0.08162532575966691,Basal,Strengthened
HALLMARK_INTERFERON_ALPHA_RESPONSE,HALLMARK_WNT_BETA_CATENIN_SIGNALING,-0.08619439297524568,0.2370194725958097,0.0,0.4759074430164403,0.04309719648762284,0.012199255126725407,0.6869097752510647,0.7596360510266906,0.0,0.0060996275633627035,-0.0983936481019711,0.036997568924260135,0.036997568924260135,Basal,Strengthened
HALLMARK_INTERFERON_ALPHA_RESPONSE,HALLMARK_XENOBIOTIC_METABOLISM,0.140968045409244,0.05238132972333895,0.0,0.17923779025444192,0.070484022704622,0.11121177734887262,0.0002281310528357473,0.0009346506345277272,0.0,0.05560588867443631,0.02975626806037139,0.014878134030185695,0.014878134030185695,Basal,Strengthened
HALLMARK_INTERFERON_GAMMA_RESPONSE,HALLMARK_KRAS_SIGNALING_DN,-0.1376002278447689,0.05833295460792878,0.0075566750629722,0.193919150157807,0.07257845145387055,-0.07928252667273533,0.008704284129818642,0.021454221446736088,0.0075566750629722,0.043419600867853764,-0.05831770117203358,0.02915885058601679,0.02915885058601679,Basal,Strengthened
HALLMARK_INTERFERON_GAMMA_RESPONSE,HALLMARK_KRAS_SIGNALING_UP,-0.24133762322499427,0.0007954331690422093,0.0256410256410256,0.009022274371080614,0.13348932443300993,-0.23827472833226418,1.3781081774694016e-15,2.961723714736872e-14,0.0256410256410256,0.13195787698664488,-0.0030628948927300947,0.0015314474463650474,0.0015314474463650474,Basal,Strengthened
HALLMARK_INTERFERON_GAMMA_RESPONSE,HALLMARK_MITOTIC_SPINDLE,0.06023133617921328,0.40908618065083524,0.0025125628140703,0.6343926440483999,0.03137194949664179,0.08342718066871195,0.0057612344469622195,0.015144875960362058,0.0025125628140703,0.04296987174139112,-0.02319584448949867,-0.011597922244749329,0.011597922244749329,Basal,Weakened
HALLMARK_INTERFERON_GAMMA_RESPONSE,HALLMARK_MTORC1_SIGNALING,0.18323259747699916,0.01139061959796148,0.0204081632653061,0.06676320099283643,0.10182038037115262,0.1622580978465291,6.79690889545677e-08,5.236612199329902e-07,0.0204081632653061,0.09133313055591759,0.020974499630470073,0.010487249815235036,0.010487249815235036,Basal,Strengthened
HALLMARK_INTERFERON_GAMMA_RESPONSE,HALLMARK_MYC_TARGETS_V1,-0.2008319609404293,0.0054631593703394375,0.0050251256281407,0.040315483305215734,0.102928543284285,-0.09882727035900489,0.001063911147321829,0.0035415520529055453,0.0050251256281407,0.051926197993572794,-0.1020046905814244,0.0510023452907122,0.0510023452907122,Basal,Strengthened
HALLMARK_INTERFERON_GAMMA_RESPONSE,HALLMARK_MYC_TARGETS_V2,0.03861615486776863,0.59682501741403,0.0,0.7955502136367647,0.019308077433884314,0.04073970750769662,0.1781375409244513,0.26323098628763913,0.0,0.02036985375384831,-0.0021235526399279933,-0.0010617763199639967,0.0010617763199639967,Basal,Weakened
HALLMARK_INTERFERON_GAMMA_RESPONSE,HALLMARK_MYOGENESIS,-0.11047137249559853,0.1291802863912212,0.0050251256281407,0.3249242082935495,0.057748249061869615,-0.08842704556792576,0.0034205532196015134,0.009731967442567336,0.0050251256281407,0.04672608559803323,-0.022044326927672775,0.011022163463836387,0.011022163463836387,Basal,Strengthened
HALLMARK_INTERFERON_GAMMA_RESPONSE,HALLMARK_NOTCH_SIGNALING,0.002782119253366183,0.9696112375718817,0.0,0.9906845378990381,0.0013910596266830915,0.07030863309933504,0.020033212060862803,0.044297264936023345,0.0,0.03515431654966752,-0.06752651384596885,-0.03376325692298442,0.03376325692298442,Basal,Weakened
HALLMARK_INTERFERON_GAMMA_RESPONSE,HALLMARK_OXIDATIVE_PHOSPHORYLATION,0.10790672354007012,0.13836511261209322,0.0025062656641604,0.3383178901193896,0.05520649460211526,0.002197811397699738,0.9421156171255891,0.9585478662615006,0.0025062656641604,0.002352038530930069,0.10570891214237038,0.05285445607118519,0.05285445607118519,Basal,Strengthened
HALLMARK_INTERFERON_GAMMA_RESPONSE,HALLMARK_P53_PATHWAY,-0.10890923403657529,0.13471710765904732,0.0282776349614395,0.3320492090187786,0.0685934344990074,-0.04009258597142671,0.18513600168137048,0.2722588260020154,0.0282776349614395,0.034185110466433105,-0.06881664806514859,0.034408324032574295,0.034408324032574295,Basal,Strengthened
HALLMARK_INTERFERON_GAMMA_RESPONSE,HALLMARK_PANCREAS_BETA_CELLS,-0.09297437999714671,0.20200082725954638,0.0,0.43108562798964567,0.046487189998573354,-0.057811429010286276,0.05593205065522497,0.10195946734025384,0.0,0.028905714505143138,-0.03516295098686043,0.017581475493430216,0.017581475493430216,Basal,Strengthened
HALLMARK_INTERFERON_GAMMA_RESPONSE,HALLMARK_PEROXISOME,0.08613005658869231,0.2373709777004449,0.0099667774086378,0.4759074430164403,0.04804841699866506,0.07021261122847268,0.02020381783668677,0.04459401234223657,0.0099667774086378,0.04008969431855524,0.015917445360219634,0.007958722680109817,0.007958722680109817,Basal,Strengthened
HALLMARK_INTERFERON_GAMMA_RESPONSE,HALLMARK_PI3K_AKT_MTOR_SIGNALING,-0.06454663704726094,0.3762829182814269,0.0166666666666666,0.6134654269364263,0.04060665185696377,-0.014567774966118965,0.6302936098507415,0.710059081029495,0.0166666666666666,0.015617220816392783,-0.04997886208114197,0.02498943104057099,0.02498943104057099,Basal,Strengthened
HALLMARK_INTERFERON_GAMMA_RESPONSE,HALLMARK_PROTEIN_SECRETION,0.005802679520370812,0.9366689160450143,0.0033898305084745,0.9739489859546789,0.004596255014422656,0.10144294993982361,0.0007790605713441082,0.0026883076053423457,0.0033898305084745,0.052416390224149054,-0.0956402704194528,-0.047820135209726396,0.047820135209726396,Basal,Weakened
HALLMARK_INTERFERON_GAMMA_RESPONSE,HALLMARK_REACTIVE_OXYGEN_SPECIES_PATHWAY,0.12453813577175422,0.08689979476206776,0.0080971659919028,0.2581430559716434,0.0663176508818285,0.06765519476309892,0.0252375542999004,0.0533955164376131,0.0080971659919028,0.03787618037750086,0.056882941008655305,0.028441470504327646,0.028441470504327646,Basal,Strengthened
HALLMARK_INTERFERON_GAMMA_RESPONSE,HALLMARK_SPERMATOGENESIS,-0.23406812311320974,0.0011524720108099537,0.0029940119760479,0.012605162618233868,0.11853106754462882,-0.09875709139571104,0.0010727366320642836,0.0035491386111074553,0.0029940119760479,0.05087555168587947,-0.1353110317174987,0.06765551585874935,0.06765551585874935,Basal,Strengthened
HALLMARK_INTERFERON_GAMMA_RESPONSE,HALLMARK_TGF_BETA_SIGNALING,0.0052011110856582604,0.9432228590255103,0.0,0.9758851370829814,0.0026005555428291302,-0.015200396528391454,0.6155144864098588,0.696219063575325,0.0,0.007600198264195727,0.020401507614049713,-0.004999642721366597,0.004999642721366597,Basal,Weakened
HALLMARK_INTERFERON_GAMMA_RESPONSE,HALLMARK_TNFA_SIGNALING_VIA_NFKB,-0.16838136463238948,0.020218569974241027,0.0723860589812332,0.09828471515256054,0.12038371180681134,-0.013476513523859136,0.6561352165774152,0.7300323708513475,0.0723860589812332,0.042931286252546164,-0.15490485110853033,0.07745242555426518,0.07745242555426518,Basal,Strengthened
HALLMARK_INTERFERON_GAMMA_RESPONSE,HALLMARK_UNFOLDED_PROTEIN_RESPONSE,0.03582789939558389,0.6236017177900597,0.0096774193548387,0.813619121554748,0.022752659375211294,-0.022991307021855794,0.4474435125006979,0.5470242543047454,0.0096774193548387,0.016334363188347245,0.05881920641743968,0.006418296186864049,0.006418296186864049,Basal,Strengthened
HALLMARK_INTERFERON_GAMMA_RESPONSE,HALLMARK_UV_RESPONSE_DN,0.06975550656392322,0.3389036075030954,0.0058479532163742,0.5778817755961116,0.03780172989014871,0.04413258908434448,0.14463200013666072,0.22286062914139546,0.0058479532163742,0.02499027115035934,0.02562291747957874,0.01281145873978937,0.01281145873978937,Basal,Strengthened
HALLMARK_INTERFERON_GAMMA_RESPONSE,HALLMARK_UV_RESPONSE_UP,0.24466829360353656,0.0006686500144420398,0.0257879656160458,0.008109864036549492,0.1352281296097912,0.08701068252579319,0.003975359727391024,0.011141055435531533,0.0257879656160458,0.05639932407091949,0.15765761107774337,0.0788288055388717,0.0788288055388717,Basal,Strengthened
HALLMARK_INTERFERON_GAMMA_RESPONSE,HALLMARK_WNT_BETA_CATENIN_SIGNALING,0.07452019079884717,0.3068598940739131,0.0,0.5536132109580907,0.037260095399423585,-0.02608686139953099,0.38868711223638946,0.49036221677608355,0.0,0.013043430699765496,0.10060705219837816,0.024216664699658087,0.024216664699658087,Basal,Strengthened
HALLMARK_INTERFERON_GAMMA_RESPONSE,HALLMARK_XENOBIOTIC_METABOLISM,-0.13459481839839896,0.06410450621095135,0.0178117048346055,0.20665268449583,0.07620326161650223,-0.11963679394299191,7.284453769722039e-05,0.00033800969196626885,0.0178117048346055,0.0687242493887987,-0.014958024455407046,0.00747901222770353,0.00747901222770353,Basal,Strengthened
HALLMARK_KRAS_SIGNALING_DN,HALLMARK_KRAS_SIGNALING_UP,-0.11333311324375975,0.11949404549302071,0.0,0.31211131285490484,0.056666556621879874,-0.17198493296112125,1.0360391035007028e-08,9.196723926002616e-08,0.0,0.08599246648056062,0.0586518197173615,-0.02932590985868075,0.02932590985868075,Basal,Weakened
HALLMARK_KRAS_SIGNALING_DN,HALLMARK_MITOTIC_SPINDLE,0.12620075548940063,0.08273694417944716,0.0025125628140703,0.2509017481190365,0.06435665915173547,-0.024500209097156552,0.4181954250429208,0.5185115340866173,0.0025125628140703,0.013506385955613426,0.15070096458655718,0.050850273196122044,0.050850273196122044,Basal,Strengthened
HALLMARK_KRAS_SIGNALING_DN,HALLMARK_MTORC1_SIGNALING,-0.1572833392248695,0.03021947490723684,0.0025062656641604,0.12483719357700623,0.07989480244451495,-0.048583780031959505,0.10826237178538768,0.17730134416724588,0.0025062656641604,0.025545022848059953,-0.10869955919291,0.054349779596455,0.054349779596455,Basal,Strengthened
HALLMARK_KRAS_SIGNALING_DN,HALLMARK_MYC_TARGETS_V1,0.14125986252649944,0.05189024389359892,0.0,0.17850471924672157,0.07062993126324972,0.062215536712558805,0.03964185330869379,0.07720392734999983,0.0,0.031107768356279403,0.07904432581394064,0.03952216290697032,0.03952216290697032,Basal,Strengthened
HALLMARK_KRAS_SIGNALING_DN,HALLMARK_MYC_TARGETS_V2,-0.009948162039433538,0.8916438604498348,0.0,0.9592007511757955,0.004974081019716769,0.050143937731573426,0.09737980885117467,0.16229968141862447,0.0,0.025071968865786713,-0.06009209977100696,-0.020097887846069945,0.020097887846069945,Basal,Weakened
HALLMARK_KRAS_SIGNALING_DN,HALLMARK_MYOGENESIS,0.28318305338257543,7.526491931699054e-05,0.0178117048346055,0.0013969625176259606,0.15049737910859046,0.2516213048910354,2.929657394717903e-17,6.771377940621568e-16,0.0178117048346055,0.13471650486282044,0.03156174849154003,0.015780874245770016,0.015780874245770016,Basal,Strengthened
HALLMARK_KRAS_SIGNALING_DN,HALLMARK_NOTCH_SIGNALING,0.13513894980534885,0.06302620855055165,0.0043290043290043,0.20425160178419516,0.06973397706717657,0.17287567802473558,8.673229755279906e-09,7.755260182640792e-08,0.0043290043290043,0.08860234117686994,-0.03773672821938673,-0.018868364109693364,0.018868364109693364,Basal,Weakened
HALLMARK_KRAS_SIGNALING_DN,HALLMARK_OXIDATIVE_PHOSPHORYLATION,0.04804065745710006,0.5104063114102135,0.0,0.7252167925078827,0.02402032872855003,0.06587727026160138,0.029345708306293645,0.06021523061174156,0.0,0.03293863513080069,-0.01783661280450132,-0.00891830640225066,0.00891830640225066,Basal,Weakened
HALLMARK_KRAS_SIGNALING_DN,HALLMARK_P53_PATHWAY,0.07092013223326747,0.3308811266598894,0.0101010101010101,0.5718326561633718,0.040510571167138784,0.03160864047487354,0.29623432836331315,0.39487165641464483,0.0101010101010101,0.020854825287941817,0.039311491758393935,0.019655745879196967,0.019655745879196967,Basal,Strengthened
HALLMARK_KRAS_SIGNALING_DN,HALLMARK_PANCREAS_BETA_CELLS,-0.03447036530754504,0.636822496431752,0.0084033613445378,0.8203023744783347,0.02143686332604142,-0.050394772017814636,0.09571461323059154,0.15997121676726542,0.0084033613445378,0.029399066681176218,0.015924406710269595,-0.007962203355134798,0.007962203355134798,Basal,Weakened
HALLMARK_KRAS_SIGNALING_DN,HALLMARK_PEROXISOME,-0.054716069733751864,0.4533788396132303,0.0099667774086378,0.669525707222321,0.032341423571194836,0.032711376141104774,0.27969572744167337,0.37651347924840645,0.0099667774086378,0.021339076774871287,-0.08742744587485664,0.011002346796323548,0.011002346796323548,Basal,Strengthened
HALLMARK_KRAS_SIGNALING_DN,HALLMARK_PI3K_AKT_MTOR_SIGNALING,0.02969557431798009,0.6842181695986184,0.0032894736842105,0.8535308123811686,0.016492524001095295,-0.010079288769071002,0.7391293178869629,0.7970984933163575,0.0032894736842105,0.006684381226640751,0.03977486308705109,0.009808142774454544,0.009808142774454544,Basal,Strengthened
HALLMARK_KRAS_SIGNALING_DN,HALLMARK_PROTEIN_SECRETION,-0.03013423445979253,0.6798084761714013,0.0033898305084745,0.8532432206044739,0.016762032484133514,0.011492091411089136,0.7041780452379377,0.7729552915918223,0.0033898305084745,0.007440960959781818,-0.041626325870881664,0.009321071524351696,0.009321071524351696,Basal,Strengthened
HALLMARK_KRAS_SIGNALING_DN,HALLMARK_REACTIVE_OXYGEN_SPECIES_PATHWAY,-0.03319742597978424,0.6493246070760356,0.0,0.8277030631302222,0.01659871298989212,-0.06051143046825641,0.04539218191949782,0.08594346654000747,0.0,0.030255715234128205,0.02731400448847217,-0.013657002244236084,0.013657002244236084,Basal,Weakened
HALLMARK_KRAS_SIGNALING_DN,HALLMARK_SPERMATOGENESIS,0.05697336209230911,0.4349343979220279,0.0182370820668693,0.6587323301432801,0.037605222079589204,0.06253679057458661,0.038630043813385015,0.07559393557731092,0.0182370820668693,0.040386936320727956,-0.005563428482277498,-0.0027817142411387524,0.0027817142411387524,Basal,Weakened
HALLMARK_KRAS_SIGNALING_DN,HALLMARK_TGF_BETA_SIGNALING,0.08770364591780236,0.22887810399004527,0.0039525691699604,0.4672927956463424,0.04582810754388138,-0.020011302426262163,0.5084861187404802,0.6041663389496491,0.0039525691699604,0.011981935798111281,0.10771494834406452,0.03384617174577009,0.03384617174577009,Basal,Strengthened
HALLMARK_KRAS_SIGNALING_DN,HALLMARK_TNFA_SIGNALING_VIA_NFKB,-0.17994284167119026,0.012981170674794682,0.0204081632653061,0.07289784370731839,0.10017550246824818,-0.08472277144853595,0.005045696400948467,0.013495585351881816,0.0204081632653061,0.052565467356921025,-0.09522007022265432,0.04761003511132715,0.04761003511132715,Basal,Strengthened
HALLMARK_KRAS_SIGNALING_DN,HALLMARK_UNFOLDED_PROTEIN_RESPONSE,0.07961549552067473,0.2748698918986375,0.0,0.5172282912071134,0.03980774776033737,-0.15391675724042503,3.1275840546602073e-07,2.201891072964801e-06,0.0,0.07695837862021251,0.23353225276109976,-0.03715063085987515,0.03715063085987515,Basal,Weakened
HALLMARK_KRAS_SIGNALING_DN,HALLMARK_UV_RESPONSE_DN,-0.16336013874388972,0.024318792787263597,0.0029154518950437,0.11054526572578127,0.0831377953194667,0.029658684838643336,0.3270490780698462,0.4289455253057404,0.0029154518950437,0.01628706836684352,-0.19301882358253306,0.06685072695262319,0.06685072695262319,Basal,Strengthened
HALLMARK_KRAS_SIGNALING_DN,HALLMARK_UV_RESPONSE_UP,0.07513405177133796,0.30288127898222905,0.0112994350282485,0.5480495816148163,0.04321674339979323,0.11512153277488195,0.0001355980751092086,0.0005869527986175991,0.0112994350282485,0.06321048390156522,-0.03998748100354399,-0.019993740501771995,0.019993740501771995,Basal,Weakened
HALLMARK_KRAS_SIGNALING_DN,HALLMARK_WNT_BETA_CATENIN_SIGNALING,-0.06684931931421677,0.35945753775492517,0.0,0.5963275904075773,0.033424659657108384,0.03639491544658445,0.22905040795734005,0.3228846372240985,0.0,0.018197457723292225,-0.10324423476080122,0.015227201933816159,0.015227201933816159,Basal,Strengthened
HALLMARK_KRAS_SIGNALING_DN,HALLMARK_XENOBIOTIC_METABOLISM,-0.030829466939037493,0.6728418067562011,0.0025062656641604,0.8470944403194884,0.016667866301598947,0.04354573530222473,0.15005404080448342,0.23034611527004034,0.0025062656641604,0.023026000483192567,-0.07437520224126223,-0.00635813418159362,0.00635813418159362,Basal,Weakened
HALLMARK_KRAS_SIGNALING_UP,HALLMARK_MITOTIC_SPINDLE,0.019724406409797095,0.7870723018043454,0.0050377833753148,0.9104471857510132,0.012381094892555948,-0.018769714105616425,0.5351486379889993,0.6255315663516451,0.0050377833753148,0.011903748740465613,0.038494120515413524,0.00047734615209033514,0.00047734615209033514,Basal,Strengthened
HALLMARK_KRAS_SIGNALING_UP,HALLMARK_MTORC1_SIGNALING,-0.02417279653304408,0.7406077556832963,0.0126582278481012,0.8859809577265996,0.01841551219057264,0.10607110223675394,0.0004409471698534331,0.0016319041784605907,0.0126582278481012,0.059364665042427565,-0.13024389876979803,-0.04094915285185492,0.04094915285185492,Basal,Weakened
HALLMARK_KRAS_SIGNALING_UP,HALLMARK_MYC_TARGETS_V1,-0.1252268346907697,0.08515553029914655,0.0,0.2546916443014876,0.06261341734538485,-0.11515189237996278,0.00013504269955697917,0.0005866216558769485,0.0,0.05757594618998139,-0.010074942310806925,0.005037471155403463,0.005037471155403463,Basal,Strengthened
HALLMARK_KRAS_SIGNALING_UP,HALLMARK_MYC_TARGETS_V2,0.06866228786631366,0.346545893355608,0.0,0.5855811404242494,0.03433114393315683,0.0007482795488500263,0.9802770599010548,0.9851020495314128,0.0,0.00037413977442501316,0.06791400831746364,0.03395700415873182,0.03395700415873182,Basal,Strengthened
HALLMARK_KRAS_SIGNALING_UP,HALLMARK_MYOGENESIS,-0.03970368810826183,0.5865236113172307,0.0126582278481012,0.7860956497413651,0.026180957978181516,-0.05134511257961408,0.08961118498571384,0.15204113796052557,0.0126582278481012,0.032001670213857636,0.011641424471352246,-0.00582071223567612,0.00582071223567612,Basal,Weakened
HALLMARK_KRAS_SIGNALING_UP,HALLMARK_NOTCH_SIGNALING,0.1523152531778623,0.03591195295693668,0.0,0.13965759483253154,0.07615762658893115,0.1348897265364301,7.571938262822273e-06,4.2548735651180204e-05,0.0,0.06744486326821506,0.017425526641432182,0.008712763320716091,0.008712763320716091,Basal,Strengthened
HALLMARK_KRAS_SIGNALING_UP,HALLMARK_OXIDATIVE_PHOSPHORYLATION,0.11591341078889675,0.1112532016469107,0.0,0.2984712530879173,0.057956705394448374,0.02064148418307724,0.4952243429527772,0.591853483041124,0.0,0.01032074209153862,0.09527192660581951,0.047635963302909756,0.047635963302909756,Basal,Strengthened
HALLMARK_KRAS_SIGNALING_UP,HALLMARK_P53_PATHWAY,-0.21681352761327302,0.0026586883830302193,0.0230179028132992,0.024125135327496435,0.11991571521328612,-0.03856143317245558,0.20250001415706417,0.2942615864085452,0.0230179028132992,0.030789667992877388,-0.17825209444081744,0.08912604722040873,0.08912604722040873,Basal,Strengthened
HALLMARK_KRAS_SIGNALING_UP,HALLMARK_PANCREAS_BETA_CELLS,0.11597465639859388,0.11106314693524542,0.00418410041841,0.2984712530879173,0.060079378408501936,-0.03917828356585762,0.19536723717284374,0.28533018206473815,0.00418410041841,0.021681191992133808,0.1551529399644515,0.03839818641636813,0.03839818641636813,Basal,Strengthened
HALLMARK_KRAS_SIGNALING_UP,HALLMARK_PEROXISOME,0.04848904991023548,0.5064626220391185,0.0033003300330033,0.7214147813929305,0.025894689971619388,0.012068396860771375,0.69009325717289,0.7615369356615379,0.0033003300330033,0.0076843634468873375,0.036420653049464104,0.01821032652473205,0.01821032652473205,Basal,Strengthened
HALLMARK_KRAS_SIGNALING_UP,HALLMARK_PI3K_AKT_MTOR_SIGNALING,0.09531538690888315,0.1908250252827281,0.0132890365448504,0.4181764865319176,0.05430221172686678,-0.09080650896976125,0.002644780921204736,0.007713944353513813,0.0132890365448504,0.05204777275730583,0.18612189587864442,0.00225443896956095,0.00225443896956095,Basal,Strengthened
HALLMARK_KRAS_SIGNALING_UP,HALLMARK_PROTEIN_SECRETION,-0.026398789232873414,0.7176928324263885,0.0,0.8704690294280454,0.013199394616436707,-0.014809418014486188,0.6246305292469346,0.7045786356606768,0.0,0.007404709007243094,-0.011589371218387226,0.005794685609193613,0.005794685609193613,Basal,Strengthened
HALLMARK_KRAS_SIGNALING_UP,HALLMARK_REACTIVE_OXYGEN_SPECIES_PATHWAY,-0.10861179410631844,0.13579167334886816,0.0040322580645161,0.332689599704727,0.05632202608541727,-0.07418104439129469,0.014121225862710723,0.03294266932057975,0.0040322580645161,0.039106651227905395,-0.034430749715023745,0.017215374857511873,0.017215374857511873,Basal,Strengthened
HALLMARK_KRAS_SIGNALING_UP,HALLMARK_SPERMATOGENESIS,0.005312926986790886,0.9420043499468792,0.0182370820668693,0.9758851370829814,0.011775004526830092,-0.025083890726269896,0.407190167165173,0.5081964374785012,0.0182370820668693,0.021660486396569596,0.030396817713060784,-0.009885481869739504,0.009885481869739504,Basal,Weakened
HALLMARK_KRAS_SIGNALING_UP,HALLMARK_TGF_BETA_SIGNALING,0.11817230822448604,0.10441022857688974,0.016,0.2920149086910729,0.06708615411224303,0.11098101240418075,0.00023512345620434826,0.0009523200028687983,0.016,0.06349050620209037,0.007191295820305296,0.003595647910152655,0.003595647910152655,Basal,Strengthened
HALLMARK_KRAS_SIGNALING_UP,HALLMARK_TNFA_SIGNALING_VIA_NFKB,0.20310568107460528,0.004946484889532376,0.0610079575596817,0.037685141150355095,0.1320568193171435,0.16793599784898297,2.297305717899934e-08,1.9553814925924565e-07,0.0610079575596817,0.11447197770433233,0.035169683225622306,0.017584841612811167,0.017584841612811167,Basal,Strengthened
HALLMARK_KRAS_SIGNALING_UP,HALLMARK_UNFOLDED_PROTEIN_RESPONSE,-0.06360640904014712,0.38328942892705214,0.0032051282051282,0.6191337033993092,0.03340576862263766,-0.06288320522777208,0.03756363115496688,0.07375827505900238,0.0032051282051282,0.033044166716450135,-0.0007232038123750478,0.0003616019061875239,0.0003616019061875239,Basal,Strengthened
HALLMARK_KRAS_SIGNALING_UP,HALLMARK_UV_RESPONSE_DN,-0.2192788868641423,0.002368240041316031,0.0058479532163742,0.022145756111543038,0.11256342004025825,-0.15140897565156092,4.872648074957151e-07,3.279666973528852e-06,0.0058479532163742,0.07862846443396757,-0.06786991121258137,0.03393495560629069,0.03393495560629069,Basal,Strengthened
HALLMARK_KRAS_SIGNALING_UP,HALLMARK_UV_RESPONSE_UP,-0.11027262801972385,0.1298748189331997,0.0084507042253521,0.3249242082935495,0.05936166612253797,-0.10837590067497319,0.00032929851883315505,0.0012806053510178252,0.0084507042253521,0.058413302450162644,-0.0018967273447506594,0.0009483636723753297,0.0009483636723753297,Basal,Strengthened
HALLMARK_KRAS_SIGNALING_UP,HALLMARK_WNT_BETA_CATENIN_SIGNALING,0.09072541233890481,0.21317583354194863,0.0083333333333333,0.446393839468183,0.04952937283611906,-0.006295335287181658,0.8352395401382277,0.879766497566061,0.0083333333333333,0.007314334310257479,0.09702074762608646,0.04221503852586158,0.04221503852586158,Basal,Strengthened
HALLMARK_KRAS_SIGNALING_UP,HALLMARK_XENOBIOTIC_METABOLISM,0.12381369133705207,0.08876534895134601,0.0256410256410256,0.25889893444142587,0.07472735848903883,-0.06443872016031392,0.03307822842395043,0.06631887040808393,0.0256410256410256,0.045039872900669756,0.188252411497366,0.029687485588369075,0.029687485588369075,Basal,Strengthened
HALLMARK_MITOTIC_SPINDLE,HALLMARK_MTORC1_SIGNALING,-0.16181701599171022,0.025714561735246437,0.010126582278481,0.11454668409337049,0.08597179913509562,-0.059184275341130715,0.05034307319795917,0.0935815852314112,0.010126582278481,0.034655428809805856,-0.10263274065057951,0.05131637032528976,0.05131637032528976,Basal,Strengthened
HALLMARK_MITOTIC_SPINDLE,HALLMARK_MYC_TARGETS_V1,-0.11185338786443916,0.12442957301938636,0.0025125628140703,0.31776427221707576,0.05718297533925473,-0.10776779105156206,0.0003558640582914423,0.0013580481975296475,0.0025125628140703,0.055140176932816184,-0.004085596812877096,0.002042798406438548,0.002042798406438548,Basal,Strengthened
HALLMARK_MITOTIC_SPINDLE,HALLMARK_MYC_TARGETS_V2,0.13059070223634647,0.07251223439686395,0.00390625,0.22718027400552007,0.06724847611817324,0.06732336292827508,0.025964224708460264,0.05452736484825334,0.00390625,0.03561480646413754,0.0632673393080714,0.0316336696540357,0.0316336696540357,Basal,Strengthened
HALLMARK_MITOTIC_SPINDLE,HALLMARK_MYOGENESIS,-0.1002110631890375,0.16892557763980787,0.010126582278481,0.3846945976503581,0.05516882273375925,-0.047076136204354,0.11967063535857826,0.19097233176661896,0.010126582278481,0.028601359241417497,-0.0531349269846835,0.02656746349234175,0.02656746349234175,Basal,Strengthened
HALLMARK_MITOTIC_SPINDLE,HALLMARK_NOTCH_SIGNALING,-0.0029193930024478056,0.9681125860367963,0.0043478260869565,0.9906845378990381,0.0036336095447021526,0.0467054146899225,0.12261511508739378,0.19456413987313131,0.0043478260869565,0.025526620388439503,-0.04962480769237031,-0.02189301084373735,0.02189301084373735,Basal,Weakened
HALLMARK_MITOTIC_SPINDLE,HALLMARK_OXIDATIVE_PHOSPHORYLATION,-0.1227981449579587,0.0914342781282366,0.0050377833753148,0.2653372185894701,0.06391796416663675,-0.1938819653439167,1.0003193871098558e-10,1.2632899476387353e-09,0.0050377833753148,0.09945987435961574,0.071083820385958,-0.03554191019297899,0.03554191019297899,Basal,Weakened
HALLMARK_MITOTIC_SPINDLE,HALLMARK_P53_PATHWAY,0.1493611424306279,0.039708648165089275,0.0,0.15013300617973568,0.07468057121531395,0.11194087978204544,0.00020729791799804664,0.0008579052349581322,0.0,0.05597043989102272,0.03742026264858246,0.01871013132429123,0.01871013132429123,Basal,Strengthened
HALLMARK_MITOTIC_SPINDLE,HALLMARK_PANCREAS_BETA_CELLS,-0.16632743706672584,0.021817172919056216,0.0,0.10374890249881383,0.08316371853336292,-0.132419391579502,1.1117265866944414e-05,5.9730924065819766e-05,0.0,0.066209695789751,-0.03390804548722384,0.01695402274361192,0.01695402274361192,Basal,Strengthened
HALLMARK_MITOTIC_SPINDLE,HALLMARK_PEROXISOME,0.09811769279004558,0.17804909170132951,0.0033112582781456,0.39771921982269176,0.05071447553409559,0.06313070270569297,0.03681713985251991,0.07262640309071963,0.0033112582781456,0.03322098049191929,0.034986990084352604,0.017493495042176302,0.017493495042176302,Basal,Strengthened
HALLMARK_MITOTIC_SPINDLE,HALLMARK_PI3K_AKT_MTOR_SIGNALING,-0.009822636092397218,0.8930028866685639,0.0133333333333333,0.9592007511757955,0.01157798471286526,0.13211004424929668,1.1659434553569274e-05,6.237033767739023e-05,0.0133333333333333,0.07272168879131499,-0.1419326803416939,-0.06114370407844973,0.06114370407844973,Basal,Weakened
HALLMARK_MITOTIC_SPINDLE,HALLMARK_PROTEIN_SECRETION,0.19186478427100945,0.008003899683110572,0.0102739726027397,0.052153069743672606,0.10106937843687458,0.20233182984939896,1.432397955607669e-11,1.9715589838420166e-10,0.0102739726027397,0.10630290122606934,-0.010467045578389511,-0.0052335227891947556,0.0052335227891947556,Basal,Weakened
HALLMARK_MITOTIC_SPINDLE,HALLMARK_REACTIVE_OXYGEN_SPECIES_PATHWAY,-0.0852933211751633,0.24197582052877106,0.0,0.479252367755635,0.04264666058758165,-0.06056596761874219,0.04519782677390767,0.08570795324773514,0.0,0.030282983809371094,-0.024727353556421118,0.012363676778210559,0.012363676778210559,Basal,Strengthened
HALLMARK_MITOTIC_SPINDLE,HALLMARK_SPERMATOGENESIS,0.29175664421791847,4.421630837887346e-05,0.0214067278287461,0.000967231745787857,0.15658168602333228,0.32915510013594396,4.6785478624891137e-29,2.0468646898389874e-27,0.0214067278287461,0.17528091398234502,-0.037398455918025486,-0.018699227959012743,0.018699227959012743,Basal,Weakened
HALLMARK_MITOTIC_SPINDLE,HALLMARK_TGF_BETA_SIGNALING,0.2145371570167213,0.0029551603560937613,0.0079681274900398,0.025857653115820414,0.11125264225338055,0.187152731781578,4.4228208629625745e-10,4.794650935512526e-09,0.0079681274900398,0.09756042963580891,0.027384425235143284,0.013692212617571642,0.013692212617571642,Basal,Strengthened
HALLMARK_MITOTIC_SPINDLE,HALLMARK_TNFA_SIGNALING_VIA_NFKB,-0.006806370829395897,0.9257436284819506,0.0050377833753148,0.9692614913593072,0.005922077102355349,-0.02792253884802968,0.3561735760577508,0.4585368328060194,0.0050377833753148,0.01648016111167224,0.021116168018633783,-0.010558084009316893,0.010558084009316893,Basal,Weakened
HALLMARK_MITOTIC_SPINDLE,HALLMARK_UNFOLDED_PROTEIN_RESPONSE,0.009429887426305222,0.8972570369277173,0.0064516129032258,0.959947484922667,0.00794075016476551,0.05901111364275654,0.051021195639274604,0.09459452878292154,0.0064516129032258,0.03273136327299117,-0.04958122621645132,-0.02479061310822566,0.02479061310822566,Basal,Weakened
HALLMARK_MITOTIC_SPINDLE,HALLMARK_UV_RESPONSE_DN,0.13912649899315033,0.05557005501149862,0.014792899408284,0.18667759146117202,0.07695969920071716,0.03519509380280748,0.24477640153906394,0.3403531122421718,0.014792899408284,0.02499399660554574,0.10393140519034286,0.051965702595171415,0.051965702595171415,Basal,Strengthened
HALLMARK_MITOTIC_SPINDLE,HALLMARK_UV_RESPONSE_UP,0.014234771427553288,0.8454494224001643,0.0056338028169014,0.9361046490701302,0.009934287122227345,-0.06464197704469271,0.0325273991433608,0.06542867643779471,0.0056338028169014,0.035137889930797056,0.078876748472246,-0.02520360280856971,0.02520360280856971,Basal,Weakened
HALLMARK_MITOTIC_SPINDLE,HALLMARK_WNT_BETA_CATENIN_SIGNALING,-0.11740051126950109,0.10670995753985639,0.0,0.29474423573540875,0.058700255634750544,-0.18019676392557663,1.942838250656265e-09,1.950800702503217e-08,0.0,0.09009838196278831,0.06279625265607554,-0.03139812632803777,0.03139812632803777,Basal,Weakened
HALLMARK_MITOTIC_SPINDLE,HALLMARK_XENOBIOTIC_METABOLISM,-0.0867745148254207,0.23386642281536163,0.0050377833753148,0.4719709521397331,0.04590614910036775,-0.18043265523823956,1.8494681047840889e-09,1.8879986903004242e-08,0.0050377833753148,0.09273521930677718,0.09365814041281886,-0.04682907020640943,0.04682907020640943,Basal,Weakened
HALLMARK_MTORC1_SIGNALING,HALLMARK_MYC_TARGETS_V1,0.28645046548382436,6.15786909121084e-05,0.0498687664041994,0.0011973634344021077,0.16815961594401188,0.1405990159087283,3.0370595035484414e-06,1.8695466793200203e-05,0.0498687664041994,0.09523389115646386,0.14585144957509605,0.07292572478754802,0.07292572478754802,Basal,Strengthened
HALLMARK_MTORC1_SIGNALING,HALLMARK_MYC_TARGETS_V2,0.201304469088839,0.00535197293534471,0.036144578313253,0.03973434451998345,0.118724523701046,0.08367778087348676,0.005616087864420811,0.014826956107576493,0.036144578313253,0.059911179593369876,0.11762668821535224,0.05881334410767612,0.05881334410767612,Basal,Strengthened
HALLMARK_MTORC1_SIGNALING,HALLMARK_MYOGENESIS,-0.1810654541600953,0.012417764119957993,0.0126582278481012,0.07075237696255135,0.09686184100409825,-0.1328137883220377,1.0460834470287617e-05,5.670142577921385e-05,0.0126582278481012,0.07273600808506944,-0.04825166583805762,0.02412583291902881,0.02412583291902881,Basal,Strengthened
HALLMARK_MTORC1_SIGNALING,HALLMARK_NOTCH_SIGNALING,-0.07558792900897683,0.2999615437108135,0.0,0.5447554639453005,0.037793964504488416,-0.13850743305825317,4.262210978206159e-06,2.5720238661588892e-05,0.0,0.06925371652912658,0.06291950404927633,-0.03145975202463817,0.03145975202463817,Basal,Weakened
HALLMARK_MTORC1_SIGNALING,HALLMARK_OXIDATIVE_PHOSPHORYLATION,0.12731388023124404,0.08004062917120074,0.0178117048346055,0.2469767524804053,0.07256279253292477,0.2626415916467229,1.0224192868846421e-18,2.6648162264546523e-17,0.0178117048346055,0.1402266482406642,-0.13532771141547886,-0.06766385570773942,0.06766385570773942,Basal,Weakened
HALLMARK_MTORC1_SIGNALING,HALLMARK_P53_PATHWAY,-0.07065983093000472,0.3326635415245393,0.0282776349614395,0.5718326561633718,0.04946873294572211,-0.056952113611322484,0.05968621636465511,0.10736507349001838,0.0282776349614395,0.04261487428638099,-0.013707717318682235,0.006853858659341121,0.006853858659341121,Basal,Strengthened
HALLMARK_MTORC1_SIGNALING,HALLMARK_PANCREAS_BETA_CELLS,-0.05800055751069212,0.4266855126229993,0.00418410041841,0.6541799160990915,0.03109232896455106,-0.09763973241588463,0.0012226768241888773,0.003951923772114445,0.00418410041841,0.05091191641714731,0.039639174905192504,-0.019819587452596252,0.019819587452596252,Basal,Weakened
HALLMARK_MTORC1_SIGNALING,HALLMARK_PEROXISOME,0.22279296875803078,0.002003915459244209,0.0235690235690235,0.019745192665208643,0.12318099616352714,0.18115958987951408,1.588370608166638e-09,1.6489440635628232e-08,0.0235690235690235,0.10236430672426879,0.0416333788785167,0.02081668943925835,0.02081668943925835,Basal,Strengthened
HALLMARK_MTORC1_SIGNALING,HALLMARK_PI3K_AKT_MTOR_SIGNALING,0.060068341587291865,0.41035740066129206,0.0739436619718309,0.6355092488117355,0.06700600177956138,0.020709042951158125,0.49381364273080597,0.5907438597121458,0.0739436619718309,0.04732635246149451,0.039359298636133744,0.019679649318066872,0.019679649318066872,Basal,Strengthened
HALLMARK_MTORC1_SIGNALING,HALLMARK_PROTEIN_SECRETION,0.007156003476030291,0.9219409944112654,0.0171821305841924,0.9690574940778214,0.012169067030111346,0.1890990829076824,2.893286765348489e-10,3.193041700497206e-09,0.0171821305841924,0.1031406067459374,-0.1819430794316521,-0.09097153971582606,0.09097153971582606,Basal,Weakened
HALLMARK_MTORC1_SIGNALING,HALLMARK_REACTIVE_OXYGEN_SPECIES_PATHWAY,0.050681402569891745,0.4874117187669684,0.0246913580246913,0.7016000668940066,0.03768638029729152,0.15813204657255092,1.4606152582500493e-07,1.0714093960217427e-06,0.0246913580246913,0.09141170229862111,-0.10745064400265918,-0.05372532200132959,0.05372532200132959,Basal,Weakened
HALLMARK_MTORC1_SIGNALING,HALLMARK_SPERMATOGENESIS,0.24661285317139353,0.0006035294031173274,0.0090361445783132,0.007467914331502284,0.12782449887485337,0.026225828685883853,0.38616435084083983,0.48886529071030443,0.0090361445783132,0.017630986632098528,0.22038702448550967,0.11019351224275484,0.11019351224275484,Basal,Strengthened
HALLMARK_MTORC1_SIGNALING,HALLMARK_TGF_BETA_SIGNALING,0.06695498082132861,0.3586969072893543,0.0079365079365079,0.596205849972129,0.037445744378918254,0.07973702299558147,0.00832632406460641,0.02073119304703832,0.0079365079365079,0.04383676546604468,-0.012782042174252856,-0.006391021087126428,0.006391021087126428,Basal,Weakened
HALLMARK_MTORC1_SIGNALING,HALLMARK_TNFA_SIGNALING_VIA_NFKB,-0.09732423173797349,0.1816006708461807,0.0256410256410256,0.4015538299396595,0.06148262868949954,-0.16316741711381266,5.7273270318958805e-08,4.49742026543106e-07,0.0256410256410256,0.09440422137741913,0.06584318537583918,-0.032921592687919596,0.032921592687919596,Basal,Weakened
HALLMARK_MTORC1_SIGNALING,HALLMARK_UNFOLDED_PROTEIN_RESPONSE,0.26822060686424987,0.00018287987796712359,0.0574324324324324,0.0026991307290328485,0.16282651964834113,0.2996081667930349,3.981559238829522e-24,1.3182189371800443e-22,0.0574324324324324,0.17852029961273366,-0.03138755992878506,-0.01569377996439253,0.01569377996439253,Basal,Weakened
HALLMARK_MTORC1_SIGNALING,HALLMARK_UV_RESPONSE_DN,-0.11590070207040774,0.11129267067230296,0.0207715133531157,0.2984712530879173,0.06833610771176173,-0.05065793428076943,0.09399212877278158,0.15794287756743133,0.0207715133531157,0.035714723816942566,-0.0652427677896383,0.03262138389481916,0.03262138389481916,Basal,Strengthened
HALLMARK_MTORC1_SIGNALING,HALLMARK_UV_RESPONSE_UP,-0.0284822977444806,0.6964701556645819,0.031700288184438,0.8617938794839524,0.0300912929644593,0.11264348445926291,0.00018892167808585707,0.000795288851048711,0.031700288184438,0.07217188632185045,-0.1411257822037435,-0.04208059335739116,0.04208059335739116,Basal,Weakened
HALLMARK_MTORC1_SIGNALING,HALLMARK_WNT_BETA_CATENIN_SIGNALING,-0.11149944446865541,0.12563318696932174,0.0,0.31929596273323474,0.055749722234327705,0.0007888274106643723,0.9792085462558798,0.9848361815791894,0.0,0.00039441370533218614,-0.11228827187931978,0.05535530852899552,0.05535530852899552,Basal,Strengthened
HALLMARK_MTORC1_SIGNALING,HALLMARK_XENOBIOTIC_METABOLISM,0.10246539760454836,0.1594946414165446,0.0309278350515463,0.37074181353940633,0.06669661632804733,-0.010488677532223647,0.7289422039590869,0.7899738631677807,0.0309278350515463,0.020708256291884972,0.112954075136772,0.04598836003616236,0.04598836003616236,Basal,Strengthened
HALLMARK_MYC_TARGETS_V1,HALLMARK_MYC_TARGETS_V2,0.3018543052394144,2.311406126127293e-05,0.075,0.000544513943174218,0.18842715261970722,0.4748363096516733,1.3178321952406317e-62,1.1531031708355528e-60,0.075,0.27491815482583665,-0.17298200441225886,-0.08649100220612943,0.08649100220612943,Basal,Weakened
HALLMARK_MYC_TARGETS_V1,HALLMARK_MYOGENESIS,-0.057483025397007635,0.4308301887071725,0.0025062656641604,0.6570380746999787,0.029994645530584018,-0.16058214599769807,9.295658799215559e-08,6.943403676243329e-07,0.0025062656641604,0.08154420583092924,0.10309912060069043,-0.051549560300345215,0.051549560300345215,Basal,Weakened
HALLMARK_MYC_TARGETS_V1,HALLMARK_NOTCH_SIGNALING,-0.009856496649943307,0.8926362592006212,0.0043290043290043,0.9592007511757955,0.007092750489473804,0.05511305763820254,0.06842427115660417,0.12095199446874474,0.0043290043290043,0.02972103098360342,-0.06496955428814585,-0.022628280494129616,0.022628280494129616,Basal,Weakened
HALLMARK_MYC_TARGETS_V1,HALLMARK_OXIDATIVE_PHOSPHORYLATION,0.24443364837633136,0.000676931644910905,0.0282776349614395,0.00812981632368489,0.13635564166888542,0.17924478244017641,2.3684807233478328e-09,2.3588527529277198e-08,0.0282776349614395,0.10376120870080796,0.06518886593615494,0.03259443296807746,0.03259443296807746,Basal,Strengthened
HALLMARK_MYC_TARGETS_V1,HALLMARK_P53_PATHWAY,-0.039144898593383756,0.5918064082881315,0.0075566750629722,0.7923091258502307,0.02335078682817798,0.03596801601307979,0.23456133823699613,0.32838587353179455,0.0075566750629722,0.021762345538025998,-0.07511291460646355,0.0015884412901519818,0.0015884412901519818,Basal,Strengthened
HALLMARK_MYC_TARGETS_V1,HALLMARK_PANCREAS_BETA_CELLS,0.08952907593586411,0.21929761388875813,0.0,0.4537830692799471,0.044764537967932054,0.21842905397482273,2.776590865835135e-13,4.859034015211486e-12,0.0,0.10921452698741137,-0.12889997803895864,-0.06444998901947932,0.06444998901947932,Basal,Weakened
HALLMARK_MYC_TARGETS_V1,HALLMARK_PEROXISOME,-0.03535544487984005,0.6281895182015771,0.0133333333333333,0.8151906806083246,0.024344389106586675,0.07169012952940673,0.017714114388221406,0.03981538464696467,0.0133333333333333,0.04251173143137001,-0.10704557440924678,-0.01816734232478334,0.01816734232478334,Basal,Weakened
HALLMARK_MYC_TARGETS_V1,HALLMARK_PI3K_AKT_MTOR_SIGNALING,0.018849975149658447,0.796300932596015,0.009933774834437,0.9142161597283208,0.014391874992047724,0.026582873107288522,0.3797286201226596,0.4822208974810969,0.009933774834437,0.01825832397086276,-0.007732897957630075,-0.0038664489788150375,0.0038664489788150375,Basal,Weakened
HALLMARK_MYC_TARGETS_V1,HALLMARK_PROTEIN_SECRETION,-0.04521147062187876,0.5356518838217171,0.0033898305084745,0.7486710215807961,0.02430065056517663,-0.0982192151648203,0.0011426571327368875,0.003752694336736427,0.0033898305084745,0.050804522836647395,0.053007744542941534,-0.026503872271470764,0.026503872271470764,Basal,Weakened
HALLMARK_MYC_TARGETS_V1,HALLMARK_REACTIVE_OXYGEN_SPECIES_PATHWAY,0.018285829126111968,0.8022699750675076,0.0040322580645161,0.9176290564497636,0.011159043595314035,0.1544743444999807,2.8312191294279093e-07,2.0048695689480634e-06,0.0040322580645161,0.0792533012822484,-0.13618851537386875,-0.06809425768693436,0.06809425768693436,Basal,Weakened
HALLMARK_MYC_TARGETS_V1,HALLMARK_SPERMATOGENESIS,-0.12223472990359534,0.09294234252389369,0.006006006006006,0.2685244565843627,0.06412036795480067,0.11094181842684193,0.0002363308415282569,0.0009523200028687983,0.006006006006006,0.058473912216423965,-0.23317654833043727,0.005646455738376702,0.005646455738376702,Basal,Strengthened
HALLMARK_MYC_TARGETS_V1,HALLMARK_TGF_BETA_SIGNALING,0.10048862838192832,0.16774248119838603,0.0,0.383366678111983,0.05024431419096416,0.016103720710249476,0.5946796257292608,0.6751460069678819,0.0,0.008051860355124738,0.08438490767167885,0.04219245383583942,0.04219245383583942,Basal,Strengthened
HALLMARK_MYC_TARGETS_V1,HALLMARK_TNFA_SIGNALING_VIA_NFKB,0.07199355495464914,0.3235957458111986,0.0025062656641604,0.5654847198555183,0.03724991030940477,0.06915900575941318,0.022160541015346223,0.04789052025071305,0.0025062656641604,0.03583263571178679,0.002834549195235958,0.001417274597617979,0.001417274597617979,Basal,Strengthened
HALLMARK_MYC_TARGETS_V1,HALLMARK_UNFOLDED_PROTEIN_RESPONSE,0.13578696887294595,0.06176148855686739,0.033003300330033,0.20175419595243346,0.08439513460148948,0.18832696346492453,3.4256343403612123e-10,3.7467875597700756e-09,0.033003300330033,0.11066513189747876,-0.052539994591978584,-0.026269997295989278,0.026269997295989278,Basal,Weakened
HALLMARK_MYC_TARGETS_V1,HALLMARK_UV_RESPONSE_DN,0.1979160980713848,0.006196231885774896,0.0029154518950437,0.044649318000436755,0.10041577498321425,0.19735493222425354,4.5472130379439406e-11,5.802433303626383e-10,0.0029154518950437,0.10013519205964862,0.0005611658471312564,0.0002805829235656282,0.0002805829235656282,Basal,Strengthened
HALLMARK_MYC_TARGETS_V1,HALLMARK_UV_RESPONSE_UP,-0.07036556402576652,0.33468592869392855,0.0170454545454545,0.5726120986732716,0.04370550928561051,-0.10513843031373342,0.0004954460584738766,0.0017956255077825412,0.0170454545454545,0.06109194242959396,0.0347728662879669,-0.01738643314398345,0.01738643314398345,Basal,Weakened
HALLMARK_MYC_TARGETS_V1,HALLMARK_WNT_BETA_CATENIN_SIGNALING,0.05614271377924071,0.4416711812530905,0.0125523012552301,0.6616723602452571,0.03434750751723541,-0.041079974199216766,0.17453745682544597,0.259791475833744,0.0125523012552301,0.02681613772722343,0.09722268797845748,0.0075313697900119755,0.0075313697900119755,Basal,Strengthened
HALLMARK_MYC_TARGETS_V1,HALLMARK_XENOBIOTIC_METABOLISM,-0.1099249901435028,0.13109658363470492,0.0101010101010101,0.32707396120674853,0.060013000122256445,-0.1347312987288155,7.762327062202284e-06,4.322204841453544e-05,0.0101010101010101,0.07241615441491281,0.024806308585312714,-0.012403154292656364,0.012403154292656364,Basal,Weakened
HALLMARK_MYC_TARGETS_V2,HALLMARK_MYOGENESIS,0.1346377346573565,0.0640189143612519,0.0,0.20665268449583,0.06731886732867826,0.08679184737837996,0.00406800989557183,0.011300027487699529,0.0,0.04339592368918998,0.047845887278976554,0.023922943639488277,0.023922943639488277,Basal,Strengthened
HALLMARK_MYC_TARGETS_V2,HALLMARK_NOTCH_SIGNALING,0.027195445759502567,0.7095514663836058,0.0,0.8666007440876541,0.013597722879751284,0.010615965094531134,0.7257844351009596,0.7888961251097386,0.0,0.005307982547265567,0.016579480664971433,0.008289740332485716,0.008289740332485716,Basal,Strengthened
HALLMARK_MYC_TARGETS_V2,HALLMARK_OXIDATIVE_PHOSPHORYLATION,-0.28515062547400793,6.671660295683927e-05,0.0038910505836575,0.0012769974784707517,0.14452083802883273,-0.20723208033584278,4.460130371816599e-12,6.582722536717269e-11,0.0038910505836575,0.10556156545975014,-0.07791854513816515,0.03895927256908259,0.03895927256908259,Basal,Strengthened
HALLMARK_MYC_TARGETS_V2,HALLMARK_P53_PATHWAY,0.13073598962733202,0.0721922337292539,0.0,0.22675765722650265,0.06536799481366601,-0.03627425710506828,0.23059859590625784,0.32432064292211926,0.0,0.01813712855253414,0.16701024673240028,0.04723086626113187,0.04723086626113187,Basal,Strengthened
HALLMARK_MYC_TARGETS_V2,HALLMARK_PANCREAS_BETA_CELLS,-0.22639666869772607,0.0016839834592995238,0.0,0.01704859287307369,0.11319833434886303,-0.10831682045855495,0.00033179577897698607,0.0012843439994788828,0.0,0.054158410229277476,-0.11807984823917111,0.05903992411958556,0.05903992411958556,Basal,Strengthened
HALLMARK_MYC_TARGETS_V2,HALLMARK_PEROXISOME,-0.06730616227722551,0.35617606144234787,0.0,0.5952464874036509,0.033653081138612755,-0.025839337887407852,0.39320531132016057,0.4945344007876763,0.0,0.012919668943703926,-0.04146682438981766,0.02073341219490883,0.02073341219490883,Basal,Strengthened
HALLMARK_MYC_TARGETS_V2,HALLMARK_PI3K_AKT_MTOR_SIGNALING,-0.2798125439092075,9.233862560849504e-05,0.0061728395061728,0.0016634531819177416,0.14299269170769016,-0.08578769386595796,0.004518745628857285,0.012355945078906638,0.0061728395061728,0.04598026668606538,-0.19402485004324954,0.09701242502162478,0.09701242502162478,Basal,Strengthened
HALLMARK_MYC_TARGETS_V2,HALLMARK_PROTEIN_SECRETION,-0.06548133686791696,0.36939587905315674,0.0,0.6081806785688281,0.03274066843395848,-0.11993932454230348,6.981879939322918e-05,0.0003252016321547747,0.0,0.05996966227115174,0.05445798767438652,-0.02722899383719326,0.02722899383719326,Basal,Weakened
HALLMARK_MYC_TARGETS_V2,HALLMARK_REACTIVE_OXYGEN_SPECIES_PATHWAY,0.10355683119085256,0.15507314662875532,0.0,0.3646153639543671,0.05177841559542628,-0.04324817673917334,0.15286172182025395,0.23348579704465225,0.0,0.02162408836958667,0.1468050079300259,0.03015432722583961,0.03015432722583961,Basal,Strengthened
HALLMARK_MYC_TARGETS_V2,HALLMARK_SPERMATOGENESIS,-0.16263331873647435,0.024967876931456162,0.0,0.112035345205252,0.08131665936823718,-0.13515489600953953,7.263212208149913e-06,4.100200440084629e-05,0.0,0.06757744800476977,-0.02747842272693482,0.01373921136346741,0.01373921136346741,Basal,Strengthened
HALLMARK_MYC_TARGETS_V2,HALLMARK_TGF_BETA_SIGNALING,-0.11339086223379313,0.11930455808975333,0.0,0.31211131285490484,0.056695431116896566,-0.11094965751914435,0.00023608889151060264,0.0009523200028687983,0.0,0.05547482875957217,-0.002441204714648787,0.0012206023573243935,0.0012206023573243935,Basal,Strengthened
HALLMARK_MYC_TARGETS_V2,HALLMARK_TNFA_SIGNALING_VIA_NFKB,-0.014000973867823405,0.8479568608451391,0.0078125,0.9366520780300229,0.010906736933911702,0.11864370792392576,8.367074637320001e-05,0.0003810457434003066,0.0078125,0.06322810396196288,-0.13264468179174915,-0.05232136702805118,0.05232136702805118,Basal,Weakened
HALLMARK_MYC_TARGETS_V2,HALLMARK_UNFOLDED_PROTEIN_RESPONSE,0.1886416741481566,0.009146436348523301,0.0301204819277108,0.05629480037370427,0.1093810780379337,0.19842625357771163,3.55510533527163e-11,4.682800038395427e-10,0.0301204819277108,0.11427336775271121,-0.009784579429555018,-0.004892289714777509,0.004892289714777509,Basal,Weakened
HALLMARK_MYC_TARGETS_V2,HALLMARK_UV_RESPONSE_DN,0.07835934265404637,0.2825383056895776,0.0049751243781094,0.5292193034705391,0.04166723351607789,-0.052854681171089254,0.08056329851931655,0.1405841035415424,0.0049751243781094,0.02891490277459933,0.13121402382513564,0.012752330741478558,0.012752330741478558,Basal,Strengthened
HALLMARK_MYC_TARGETS_V2,HALLMARK_UV_RESPONSE_UP,-0.007747026081793643,0.9155170509155786,0.0,0.9676800301957394,0.0038735130408968214,0.04003717697060906,0.18574454672080107,0.27282622270141643,0.0,0.02001858848530453,-0.047784203052402704,-0.016145075444407707,0.016145075444407707,Basal,Weakened
HALLMARK_MYC_TARGETS_V2,HALLMARK_WNT_BETA_CATENIN_SIGNALING,0.15064108340027393,0.03802405471035684,0.0101010101010101,0.14647631138423625,0.08037104675064202,0.17415649252221302,6.706192843586722e-09,6.310817346693482e-08,0.0101010101010101,0.09212875131161156,-0.023515409121939085,-0.011757704560969542,0.011757704560969542,Basal,Weakened
HALLMARK_MYC_TARGETS_V2,HALLMARK_XENOBIOTIC_METABOLISM,-0.07080764347537497,0.3316506408186893,0.0038910505836575,0.5718326561633718,0.037349347029516235,0.009785575807443981,0.7464663786994887,0.8035336677564795,0.0038910505836575,0.006838313195550741,-0.08059321928281894,0.030511033833965494,0.030511033833965494,Basal,Strengthened
HALLMARK_MYOGENESIS,HALLMARK_NOTCH_SIGNALING,-0.015375272922940369,0.8332404458525564,0.008695652173913,0.9287711976063527,0.012035462548426685,-0.046158614787498324,0.12706090457160157,0.20032124594621872,0.008695652173913,0.027427133480705662,0.030783341864557955,-0.015391670932278978,0.015391670932278978,Basal,Weakened
HALLMARK_MYOGENESIS,HALLMARK_OXIDATIVE_PHOSPHORYLATION,-0.04468126917295738,0.5404514897407003,0.0025062656641604,0.7523330396958613,0.02359376741855889,-0.031198122630852844,0.3025548284907287,0.40198445217043666,0.0025062656641604,0.016852194147506622,-0.013483146542104536,0.006741573271052268,0.006741573271052268,Basal,Strengthened
HALLMARK_MYOGENESIS,HALLMARK_P53_PATHWAY,-0.03335404133896909,0.6477810281509313,0.0335917312661498,0.8270081689177867,0.03347288630255944,0.0012313337310355219,0.9675504915778563,0.9795449191594,0.0335917312661498,0.017411532498592664,-0.034585375070004615,0.01606135380396678,0.01606135380396678,Basal,Strengthened
HALLMARK_MYOGENESIS,HALLMARK_PANCREAS_BETA_CELLS,-0.064224972734379,0.3786710636621607,0.0,0.6144000701803269,0.0321124863671895,0.016660979512697772,0.5819893019154916,0.6669194526159749,0.0,0.008330489756348886,-0.08088595224707676,0.02378199661084061,0.02378199661084061,Basal,Strengthened
HALLMARK_MYOGENESIS,HALLMARK_PEROXISOME,0.06074705906220584,0.4050793213784036,0.0099667774086378,0.633203874995284,0.03535691823542182,-0.04652210727431272,0.12409178062154179,0.19639849000179416,0.0099667774086378,0.02824444234147526,0.10726916633651856,0.007112475893946563,0.007112475893946563,Basal,Strengthened
HALLMARK_MYOGENESIS,HALLMARK_PI3K_AKT_MTOR_SIGNALING,-0.19650385152643093,0.0065819058970521096,0.009933774834437,0.04633813059706226,0.10321881318043397,-0.06842218107859106,0.023624903483931103,0.05059529155212518,0.009933774834437,0.03917797795651403,-0.12808167044783986,0.06404083522391993,0.06404083522391993,Basal,Strengthened
HALLMARK_MYOGENESIS,HALLMARK_PROTEIN_SECRETION,-0.09633365767277326,0.18610738345687128,0.0033898305084745,0.4103222300528379,0.049861744090623876,-0.09625860609620705,0.0014346744030337367,0.004517933531404441,0.0033898305084745,0.049824218302340774,-7.505157656620409e-05,3.7525788283102046e-05,3.7525788283102046e-05,Basal,Strengthened
HALLMARK_MYOGENESIS,HALLMARK_REACTIVE_OXYGEN_SPECIES_PATHWAY,0.06533020035815137,0.3705041804087284,0.0163265306122449,0.6082425613448295,0.04082836548519814,0.062365764964928905,0.03916593772970723,0.07639852503008178,0.0163265306122449,0.0393461477885869,0.00296443539322247,0.001482217696611235,0.001482217696611235,Basal,Strengthened
HALLMARK_MYOGENESIS,HALLMARK_SPERMATOGENESIS,0.0644924060446466,0.3766849001887205,0.006006006006006,0.6134654269364263,0.035249206025326295,0.04206537495850952,0.1644179643848881,0.24713129616133486,0.006006006006006,0.02403569048225776,0.022427031086137077,0.011213515543068535,0.011213515543068535,Basal,Strengthened
HALLMARK_MYOGENESIS,HALLMARK_TGF_BETA_SIGNALING,0.10457558024380507,0.1510300088966482,0.0079365079365079,0.3599450601136071,0.056256044090156485,0.022036717276331802,0.4665313350649364,0.564240749192988,0.0079365079365079,0.014986612606419852,0.08253886296747327,0.04126943148373663,0.04126943148373663,Basal,Strengthened
HALLMARK_MYOGENESIS,HALLMARK_TNFA_SIGNALING_VIA_NFKB,-0.20978188597538838,0.003673034327019504,0.0126582278481012,0.029874760205119116,0.11122005691174479,-0.06625662182120197,0.02842392922838247,0.05891592775764556,0.0126582278481012,0.03945742483465158,-0.14352526415418643,0.07176263207709321,0.07176263207709321,Basal,Strengthened
HALLMARK_MYOGENESIS,HALLMARK_UNFOLDED_PROTEIN_RESPONSE,0.07332693560493037,0.3146915567095434,0.0064308681672025,0.5587225592599447,0.03987890188606643,0.08532684019640012,0.004740354398122457,0.012825191817490821,0.0064308681672025,0.04587885418180131,-0.011999904591469754,-0.005999952295734877,0.005999952295734877,Basal,Weakened
HALLMARK_MYOGENESIS,HALLMARK_UV_RESPONSE_DN,0.014861586713769977,0.8387346626473753,0.0117647058823529,0.9308739479269604,0.013313146298061438,0.025071718734658965,0.40741789336481754,0.5081964374785012,0.0117647058823529,0.018418212308505932,-0.010210132020888989,-0.005105066010444494,0.005105066010444494,Basal,Weakened
HALLMARK_MYOGENESIS,HALLMARK_UV_RESPONSE_UP,0.24693501290988581,0.0005933239824720424,0.0084507042253521,0.00741654978090053,0.12769285856761894,0.0010930652354292653,0.9711926188300228,0.98080046007154,0.0084507042253521,0.0047718847303906825,0.24584194767445655,0.12292097383722826,0.12292097383722826,Basal,Strengthened
HALLMARK_MYOGENESIS,HALLMARK_WNT_BETA_CATENIN_SIGNALING,-0.028634870794047713,0.6949250275365632,0.0125523012552301,0.86162263029584,0.020593586024638906,0.0025220113220375123,0.9335955184052205,0.9551222381587701,0.0125523012552301,0.007537156288633806,-0.031156882116085225,0.0130564297360051,0.0130564297360051,Basal,Strengthened
HALLMARK_MYOGENESIS,HALLMARK_XENOBIOTIC_METABOLISM,-0.08424371598058536,0.24783983227255166,0.0101010101010101,0.4842165782039486,0.04717236304079773,0.03416981715028944,0.2588019403709332,0.3546223455865695,0.0101010101010101,0.022135413625649768,-0.1184135331308748,0.02503694941514796,0.02503694941514796,Basal,Strengthened
HALLMARK_NOTCH_SIGNALING,HALLMARK_OXIDATIVE_PHOSPHORYLATION,-0.0012688386463178972,0.9861379904744096,0.0,0.9958581118075517,0.0006344193231589486,0.06370684881303153,0.0351281300628851,0.06985707682960104,0.0,0.031853424406515764,-0.06497568745934942,-0.031219005083356816,0.031219005083356816,Basal,Weakened
HALLMARK_NOTCH_SIGNALING,HALLMARK_P53_PATHWAY,-0.10739392293100225,0.14026007990011402,0.0043290043290043,0.3415876697368582,0.05586146363000327,-0.028349831846494936,0.34885834244932745,0.4512289149393334,0.0043290043290043,0.016339418087749618,-0.07904409108450731,0.03952204554225365,0.03952204554225365,Basal,Strengthened
HALLMARK_NOTCH_SIGNALING,HALLMARK_PANCREAS_BETA_CELLS,0.027065152106958725,0.7108807724862248,0.0,0.8673595082625751,0.013532576053479363,-0.011315824803721381,0.708506549124309,0.776293014378941,0.0,0.005657912401860691,0.038380976910680105,0.007874663651618673,0.007874663651618673,Basal,Strengthened
HALLMARK_NOTCH_SIGNALING,HALLMARK_PEROXISOME,-0.04586796773688699,0.5297386610503845,0.0,0.7450400227172457,0.022933983868443496,-0.07867742604358151,0.009231224124044557,0.022707328417579484,0.0,0.039338713021790754,0.03280945830669452,-0.01640472915334726,0.01640472915334726,Basal,Weakened
HALLMARK_NOTCH_SIGNALING,HALLMARK_PI3K_AKT_MTOR_SIGNALING,0.08004883544738763,0.2722575024748992,0.0,0.5146843218082585,0.04002441772369381,0.1008806500265316,0.0008335463760200724,0.0028602081530100525,0.0,0.0504403250132658,-0.020831814579143973,-0.010415907289571986,0.010415907289571986,Basal,Weakened
HALLMARK_NOTCH_SIGNALING,HALLMARK_PROTEIN_SECRETION,-0.009014174678805203,0.9017631194704712,0.0,0.9622472311422711,0.004507087339402601,0.031720314972698734,0.2945303197698988,0.39345653404375797,0.0,0.015860157486349367,-0.04073448965150393,-0.011353070146946765,0.011353070146946765,Basal,Weakened
HALLMARK_NOTCH_SIGNALING,HALLMARK_REACTIVE_OXYGEN_SPECIES_PATHWAY,-0.061228262359504765,0.401361730228537,0.0,0.6313564237202721,0.030614131179752382,0.004548441694807753,0.8805503764937603,0.9123545863873763,0.0,0.0022742208474038766,-0.06577670405431252,0.028339910332348506,0.028339910332348506,Basal,Strengthened
HALLMARK_NOTCH_SIGNALING,HALLMARK_SPERMATOGENESIS,-0.0772982102936094,0.2891272546274481,0.0,0.5348932277848955,0.0386491051468047,-0.05294922042802807,0.08002225778387802,0.13983918086341024,0.0,0.026474610214014035,-0.024348989865581337,0.012174494932790669,0.012174494932790669,Basal,Strengthened
HALLMARK_NOTCH_SIGNALING,HALLMARK_TGF_BETA_SIGNALING,-0.02646464354260344,0.7170186175473802,0.0,0.8704690294280454,0.01323232177130172,0.012938732193768654,0.669025452130846,0.7423516112864912,0.0,0.006469366096884327,-0.03940337573637209,0.006762955674417394,0.006762955674417394,Basal,Strengthened
HALLMARK_NOTCH_SIGNALING,HALLMARK_TNFA_SIGNALING_VIA_NFKB,-0.03907613654818931,0.5924579797015854,0.0131004366812227,0.7923155296227534,0.026088286614706004,0.01047203317988048,0.7293554606063347,0.7899738631677807,0.0131004366812227,0.01178623493055159,-0.04954816972806979,0.014302051684154413,0.014302051684154413,Basal,Strengthened
HALLMARK_NOTCH_SIGNALING,HALLMARK_UNFOLDED_PROTEIN_RESPONSE,-0.08222912380035752,0.25936981850636764,0.0,0.49677364662183554,0.04111456190017876,-0.002910831162953055,0.9233872781661406,0.9465685487477173,0.0,0.0014554155814765276,-0.07931829263740446,0.03965914631870223,0.03965914631870223,Basal,Strengthened
HALLMARK_NOTCH_SIGNALING,HALLMARK_UV_RESPONSE_DN,0.08483640978685339,0.24451651416103828,0.0114942528735632,0.479252367755635,0.0481653313302083,0.034365487469686075,0.256083155864009,0.3516837062033756,0.0114942528735632,0.022929870171624636,0.050470922317167315,0.02523546115858366,0.02523546115858366,Basal,Strengthened
HALLMARK_NOTCH_SIGNALING,HALLMARK_UV_RESPONSE_UP,0.04146009595530093,0.5700614108555127,0.0,0.7771955019988496,0.020730047977650466,-0.03718115396248016,0.21914282355538225,0.3117885700991211,0.0,0.01859057698124008,0.0786412499177811,0.0021394709964103857,0.0021394709964103857,Basal,Strengthened
HALLMARK_NOTCH_SIGNALING,HALLMARK_WNT_BETA_CATENIN_SIGNALING,0.44581307104804013,1.1497072604900189e-10,0.1212121212121212,6.706625686191776e-09,0.2835125961300807,0.428751876040436,3.8153299922072516e-50,2.749281906149343e-48,0.1212121212121212,0.2749819986262786,0.017061195007604113,0.008530597503802084,0.008530597503802084,Basal,Strengthened
HALLMARK_NOTCH_SIGNALING,HALLMARK_XENOBIOTIC_METABOLISM,0.00866335486932261,0.9055682510189058,0.0043290043290043,0.9640946670735152,0.006496179599163455,-0.005827538113819835,0.8473262749884406,0.8886769579288012,0.0043290043290043,0.005078271221412068,0.014490892983142444,0.0014179083777513873,0.0014179083777513873,Basal,Strengthened
HALLMARK_OXIDATIVE_PHOSPHORYLATION,HALLMARK_P53_PATHWAY,0.08700250254493722,0.23263538356285735,0.0101010101010101,0.471038586552893,0.048551756322973656,0.1087234403901098,0.00031496038608775886,0.0012287467291640273,0.0101010101010101,0.059412225245559946,-0.02172093784517258,-0.01086046892258629,0.01086046892258629,Basal,Weakened
HALLMARK_OXIDATIVE_PHOSPHORYLATION,HALLMARK_PANCREAS_BETA_CELLS,0.22035880033400215,0.0022503414170528405,0.0,0.02153647059288851,0.11017940016700108,0.16037737710648062,9.65599126357559e-08,7.16884199871521e-07,0.0,0.08018868855324031,0.059981423227521535,0.029990711613760768,0.029990711613760768,Basal,Strengthened
HALLMARK_OXIDATIVE_PHOSPHORYLATION,HALLMARK_PEROXISOME,-0.18499372702269773,0.010611788411576737,0.0201342281879194,0.0637227490401054,0.10256397760530857,-0.09958426819639109,0.0009728856668911953,0.0032831541100322706,0.0201342281879194,0.05985924819215524,-0.08540945882630664,0.04270472941315333,0.04270472941315333,Basal,Strengthened
HALLMARK_OXIDATIVE_PHOSPHORYLATION,HALLMARK_PI3K_AKT_MTOR_SIGNALING,-0.1580880322484631,0.02937398095488204,0.0,0.12365335625336941,0.07904401612423155,-0.09173787555501367,0.002387636467744207,0.007014039983181424,0.0,0.045868937777506835,-0.06635015669344943,0.033175078346724715,0.033175078346724715,Basal,Strengthened
HALLMARK_OXIDATIVE_PHOSPHORYLATION,HALLMARK_PROTEIN_SECRETION,-0.21846930626726788,0.0024602744515386707,0.0033898305084745,0.02283209244799145,0.11092956838787119,-0.12904574789018572,1.8579810285102717e-05,9.563137646744045e-05,0.0033898305084745,0.06621778919933011,-0.08942355837708216,0.04471177918854108,0.04471177918854108,Basal,Strengthened
HALLMARK_OXIDATIVE_PHOSPHORYLATION,HALLMARK_REACTIVE_OXYGEN_SPECIES_PATHWAY,0.11382896665693454,0.11787463713034717,0.0163265306122449,0.31052995803155975,0.06507774863458972,0.018449763534564335,0.5421317365760936,0.631885230547778,0.0163265306122449,0.017388147073404615,0.0953792031223702,0.0476896015611851,0.0476896015611851,Basal,Strengthened
HALLMARK_OXIDATIVE_PHOSPHORYLATION,HALLMARK_SPERMATOGENESIS,0.09970932599637704,0.17107992793903143,0.0029940119760479,0.386174223491192,0.05135166898621247,0.07998927477257088,0.008122939555436512,0.020305189962255474,0.0029940119760479,0.04149164337430939,0.019720051223806156,0.009860025611903078,0.009860025611903078,Basal,Strengthened
HALLMARK_OXIDATIVE_PHOSPHORYLATION,HALLMARK_TGF_BETA_SIGNALING,0.08365101346420993,0.25119443021923143,0.0,0.48765955153495805,0.041825506732104965,0.011065153205480233,0.7146783812808032,0.7807319509335403,0.0,0.0055325766027401165,0.07258586025872969,0.036292930129364846,0.036292930129364846,Basal,Strengthened
HALLMARK_OXIDATIVE_PHOSPHORYLATION,HALLMARK_TNFA_SIGNALING_VIA_NFKB,-0.028731211283050437,0.6939500208725203,0.0,0.86162263029584,0.014365605641525218,0.059962910250343525,0.047386364436923484,0.08903112950188843,0.0,0.029981455125171762,-0.08869412153339395,-0.015615849483646544,0.015615849483646544,Basal,Weakened
HALLMARK_OXIDATIVE_PHOSPHORYLATION,HALLMARK_UNFOLDED_PROTEIN_RESPONSE,0.01071270079056196,0.8833734217618351,0.0032051282051282,0.9580531727987821,0.0069589144978450795,-0.038269263241766015,0.20594380783584415,0.2974666701773549,0.0032051282051282,0.020737195723447108,0.048981964032327976,-0.013778281225602028,0.013778281225602028,Basal,Weakened
HALLMARK_OXIDATIVE_PHOSPHORYLATION,HALLMARK_UV_RESPONSE_DN,-0.01571352425809769,0.8296270110607195,0.0,0.9270598254476614,0.007856762129048844,-0.13113146018837277,1.3545403252633435e-05,7.183168391548033e-05,0.0,0.06556573009418638,0.11541793593027508,-0.05770896796513754,0.05770896796513754,Basal,Weakened
HALLMARK_OXIDATIVE_PHOSPHORYLATION,HALLMARK_UV_RESPONSE_UP,-0.04792673795092956,0.5114107846459677,0.0170454545454545,0.7252167925078827,0.03248609624819203,-0.011145990291639148,0.7126860168805532,0.7795003309631051,0.0170454545454545,0.014095722418546824,-0.036780747659290416,0.018390373829645205,0.018390373829645205,Basal,Strengthened
HALLMARK_OXIDATIVE_PHOSPHORYLATION,HALLMARK_WNT_BETA_CATENIN_SIGNALING,-0.08968704483369176,0.21848217157861016,0.0,0.4537830692799471,0.04484352241684588,-0.13708859428401224,5.348962400274675e-06,3.105440256083638e-05,0.0,0.06854429714200612,0.047401549450320477,-0.023700774725160238,0.023700774725160238,Basal,Weakened
HALLMARK_OXIDATIVE_PHOSPHORYLATION,HALLMARK_XENOBIOTIC_METABOLISM,-0.11730824887761432,0.10698751678587959,0.0230179028132992,0.29474423573540875,0.07016307584545675,-0.08082393775414004,0.007481253827029754,0.01901356003757562,0.0230179028132992,0.05192092028371962,-0.03648431112347428,0.018242155561737132,0.018242155561737132,Basal,Strengthened
HALLMARK_P53_PATHWAY,HALLMARK_PANCREAS_BETA_CELLS,0.20033591859956126,0.005582104884435479,0.00418410041841,0.04094657774511055,0.10226000950898563,0.06989108150624421,0.02078434253849456,0.04562870897787784,0.00418410041841,0.0370375909623271,0.13044483709331706,0.06522241854665853,0.06522241854665853,Basal,Strengthened
HALLMARK_P53_PATHWAY,HALLMARK_PEROXISOME,0.053945572384631255,0.4597734260787179,0.0099667774086378,0.6761373912922322,0.03195617489663453,0.05740567048097039,0.05767950731800319,0.10467762439193173,0.0099667774086378,0.0336862239448041,-0.003460098096339133,-0.00173004904816957,0.00173004904816957,Basal,Weakened
HALLMARK_P53_PATHWAY,HALLMARK_PI3K_AKT_MTOR_SIGNALING,0.14739703939912013,0.04241563116139926,0.020066889632107,0.15697627846741416,0.08373196451561357,0.09268009669256981,0.002150942391939218,0.006395399102246462,0.020066889632107,0.0563734931623384,0.05471694270655032,0.02735847135327517,0.02735847135327517,Basal,Strengthened
HALLMARK_P53_PATHWAY,HALLMARK_PROTEIN_SECRETION,-0.15956759498548104,0.027872022081791268,0.0,0.11896594791008468,0.07978379749274052,-0.07122510015001493,0.018467069385692366,0.041234137703746745,0.0,0.035612550075007465,-0.0883424948354661,0.04417124741773305,0.04417124741773305,Basal,Strengthened
HALLMARK_P53_PATHWAY,HALLMARK_REACTIVE_OXYGEN_SPECIES_PATHWAY,0.061722595203577535,0.3975639414191811,0.0,0.6276825528833481,0.030861297601788767,0.07324321006763179,0.0153906455093634,0.03537249671476579,0.0,0.036621605033815896,-0.011520614864054257,-0.005760307432027129,0.005760307432027129,Basal,Weakened
HALLMARK_P53_PATHWAY,HALLMARK_SPERMATOGENESIS,0.021520808003135425,0.7682074259371773,0.0029940119760479,0.9039904868136812,0.012257409989591662,0.03519877592824068,0.24472701019500692,0.3403531122421718,0.0029940119760479,0.01909639395214429,-0.013677967925105255,-0.006838983962552628,0.006838983962552628,Basal,Weakened
HALLMARK_P53_PATHWAY,HALLMARK_TGF_BETA_SIGNALING,-0.009711165080530574,0.8942100064022518,0.0119521912350597,0.9592007511757955,0.010831678157795137,-0.04265499436892934,0.15857766839642012,0.23984723820230167,0.0119521912350597,0.02730359280199452,0.032943829288398764,-0.016471914644199386,0.016471914644199386,Basal,Weakened
HALLMARK_P53_PATHWAY,HALLMARK_TNFA_SIGNALING_VIA_NFKB,0.19150277861912823,0.00812557303790611,0.0695187165775401,0.05266575117161367,0.13051074759833417,0.164192012573429,4.717047112938382e-08,3.72798884732227e-07,0.0695187165775401,0.11685536457548454,0.027310766045699236,0.013655383022849632,0.013655383022849632,Basal,Strengthened
HALLMARK_P53_PATHWAY,HALLMARK_UNFOLDED_PROTEIN_RESPONSE,0.04445750065780008,0.5424835185366604,0.0096774193548387,0.7525960478000102,0.02706746000631939,0.038424520618291644,0.20410854309245594,0.29570362146972734,0.0096774193548387,0.024050969986565172,0.0060329800395084385,0.0030164900197542192,0.0030164900197542192,Basal,Strengthened
HALLMARK_P53_PATHWAY,HALLMARK_UV_RESPONSE_DN,-0.012008190881940035,0.8693885956675643,0.0029154518950437,0.9500455215814151,0.007461821388491868,-0.0735643228074394,0.014945136765586084,0.03441314386812585,0.0029154518950437,0.03823988735124155,0.06155613192549936,-0.030778065962749682,0.030778065962749682,Basal,Weakened
HALLMARK_P53_PATHWAY,HALLMARK_UV_RESPONSE_UP,0.07855512676453519,0.2813337352729029,0.0376811594202898,0.5277700240571302,0.05811814309241249,0.06593019607686448,0.029215582799040574,0.06014972929214236,0.0376811594202898,0.05180567774857714,0.012624930687670705,0.006312465343835352,0.006312465343835352,Basal,Strengthened
HALLMARK_P53_PATHWAY,HALLMARK_WNT_BETA_CATENIN_SIGNALING,0.28695286323158553,5.9694316031013616e-05,0.0168067226890756,0.0011794441473869624,0.15187979296033055,0.2527552435125477,2.0897118028005656e-17,5.019405800844496e-16,0.0168067226890756,0.13478098310081166,0.03419761971903784,0.017098809859518893,0.017098809859518893,Basal,Strengthened
HALLMARK_P53_PATHWAY,HALLMARK_XENOBIOTIC_METABOLISM,0.0813857605250008,0.2643043272008606,0.0282776349614395,0.5043190043941655,0.05483169774322015,0.07458523499796356,0.01360320774709448,0.03192323657124662,0.0282776349614395,0.051431434979701526,0.006800525527037235,0.0034002627635186244,0.0034002627635186244,Basal,Strengthened
HALLMARK_PANCREAS_BETA_CELLS,HALLMARK_PEROXISOME,0.1530846497825867,0.03497509288778315,0.0069930069930069,0.1368833507588957,0.0800388283877968,0.0582616726029969,0.05404478122864559,0.09910906737289049,0.0069930069930069,0.0326273397980019,0.0948229771795898,0.0474114885897949,0.0474114885897949,Basal,Strengthened
HALLMARK_PANCREAS_BETA_CELLS,HALLMARK_PI3K_AKT_MTOR_SIGNALING,-0.23894555470904197,0.0008997589963693717,0.0,0.010020043368658913,0.11947277735452098,-0.10737491819016895,0.0003740771356838022,0.0014143348494217829,0.0,0.053687459095084475,-0.13157063651887302,0.06578531825943651,0.06578531825943651,Basal,Strengthened
HALLMARK_PANCREAS_BETA_CELLS,HALLMARK_PROTEIN_SECRETION,0.3809766130112968,5.872229457320432e-08,0.0,2.4805107190405274e-06,0.1904883065056484,0.31268376610580845,3.068751648113597e-26,1.143414345174498e-24,0.0,0.15634188305290422,0.06829284690548837,0.034146423452744185,0.034146423452744185,Basal,Strengthened
HALLMARK_PANCREAS_BETA_CELLS,HALLMARK_REACTIVE_OXYGEN_SPECIES_PATHWAY,0.1561957059007946,0.0313951562037606,0.0,0.1286256399652399,0.0780978529503973,0.060878733389057874,0.04409669825469279,0.08440383650312291,0.0,0.030439366694528937,0.09531697251173672,0.04765848625586836,0.04765848625586836,Basal,Strengthened
HALLMARK_PANCREAS_BETA_CELLS,HALLMARK_SPERMATOGENESIS,-0.01694165407486641,0.816537842297682,0.0,0.9227480228917533,0.008470827037433204,0.1484821070681392,8.101816569404692e-07,5.251177406095634e-06,0.0,0.0742410535340696,-0.1654237611430056,-0.06577022649663639,0.06577022649663639,Basal,Weakened
HALLMARK_PANCREAS_BETA_CELLS,HALLMARK_TGF_BETA_SIGNALING,-0.10534956838420774,0.14801191343278614,0.0,0.35413006631867777,0.05267478419210387,-0.06427578630934691,0.03352552064968594,0.06710582156187136,0.0,0.032137893154673455,-0.04107378207486083,0.020536891037430414,0.020536891037430414,Basal,Strengthened
HALLMARK_PANCREAS_BETA_CELLS,HALLMARK_TNFA_SIGNALING_VIA_NFKB,-0.26690602931279794,0.00019723830869619192,0.0,0.0028763920018194653,0.13345301465639897,-0.09706814305347433,0.0013066414376158673,0.004180803123416713,0.0,0.048534071526737166,-0.1698378862593236,0.0849189431296618,0.0849189431296618,Basal,Strengthened
HALLMARK_PANCREAS_BETA_CELLS,HALLMARK_UNFOLDED_PROTEIN_RESPONSE,0.040787321405280866,0.5763412317780029,0.02,0.7809933727080238,0.030393660702640435,0.01818896678530983,0.5478571495613566,0.6367409945091668,0.02,0.019094483392654914,0.022598354619971037,0.01129917730998552,0.01129917730998552,Basal,Strengthened
HALLMARK_PANCREAS_BETA_CELLS,HALLMARK_UV_RESPONSE_DN,0.139740172851298,0.0544900831584281,0.0054644808743169,0.18541764408076225,0.07260232686280745,0.17035570378952503,1.4306481457657154e-08,1.23418590039648e-07,0.0054644808743169,0.08791009233192096,-0.030615530938227026,-0.015307765469113513,0.015307765469113513,Basal,Weakened
HALLMARK_PANCREAS_BETA_CELLS,HALLMARK_UV_RESPONSE_UP,0.1936961587106977,0.007412824257928179,0.0,0.04970097975654838,0.09684807935534885,0.09967239856382629,0.0009627699156376069,0.003267017026748112,0.0,0.04983619928191314,0.09402376014687142,0.04701188007343571,0.04701188007343571,Basal,Strengthened
HALLMARK_PANCREAS_BETA_CELLS,HALLMARK_WNT_BETA_CATENIN_SIGNALING,0.0518819517527766,0.4771442691118253,0.0,0.6910614489968789,0.0259409758763883,-0.02805927458054476,0.353822230820991,0.4562444555323305,0.0,0.01402963729027238,0.07994122633332136,0.01191133858611592,0.01191133858611592,Basal,Strengthened
HALLMARK_PANCREAS_BETA_CELLS,HALLMARK_XENOBIOTIC_METABOLISM,-0.0849022417993022,0.24414930875621083,0.0,0.479252367755635,0.0424511208996511,-0.03597405917642405,0.23448267705407475,0.32838587353179455,0.0,0.017987029588212026,-0.048928182622878146,0.024464091311439073,0.024464091311439073,Basal,Strengthened
HALLMARK_PEROXISOME,HALLMARK_PI3K_AKT_MTOR_SIGNALING,0.07568578608887565,0.29933448932069107,0.0048076923076923,0.5447554639453005,0.040246739198283976,0.0938549784644035,0.0018859446307683005,0.005676368974671175,0.0048076923076923,0.0493313353860479,-0.018169192375527846,-0.009084596187763923,0.009084596187763923,Basal,Weakened
HALLMARK_PEROXISOME,HALLMARK_PROTEIN_SECRETION,-0.09388572960866634,0.19759513273921392,0.0101010101010101,0.4281438037860604,0.05199336985483822,-0.05562196191268412,0.06590719446492165,0.11700914959352031,0.0101010101010101,0.03286148600684711,-0.03826376769598222,0.01913188384799111,0.01913188384799111,Basal,Strengthened
HALLMARK_PEROXISOME,HALLMARK_REACTIVE_OXYGEN_SPECIES_PATHWAY,-0.02616599456093248,0.7200779245963648,0.0268456375838926,0.8724979798521729,0.02650581607241254,-0.022080144148320626,0.4656532937910647,0.5642188772443661,0.0268456375838926,0.02446289086610661,-0.004085850412611853,0.002042925206305928,0.002042925206305928,Basal,Strengthened
HALLMARK_PEROXISOME,HALLMARK_SPERMATOGENESIS,-0.020581330899911564,0.7780571148960291,0.0042016806722689,0.9077410068955869,0.012391505786090232,-0.006024845258679732,0.8422237942789716,0.8848406071970328,0.0042016806722689,0.0051132629654743154,-0.014556485641231832,0.007278242820615916,0.007278242820615916,Basal,Strengthened
HALLMARK_PEROXISOME,HALLMARK_TGF_BETA_SIGNALING,0.1908183949673852,0.008360095573891554,0.0,0.0537083876173752,0.0954091974836926,0.06153247249337922,0.04186803090411094,0.08102423042264756,0.0,0.03076623624668961,0.129285922474006,0.064642961237003,0.064642961237003,Basal,Strengthened
HALLMARK_PEROXISOME,HALLMARK_TNFA_SIGNALING_VIA_NFKB,0.055683486693904195,0.44542093333562705,0.0033003300330033,0.6647206946167521,0.029491908363453747,0.06897082464549421,0.022526830896873316,0.0485833940997708,0.0033003300330033,0.036135577339248756,-0.013287337951590018,-0.006643668975795009,0.006643668975795009,Basal,Weakened
HALLMARK_PEROXISOME,HALLMARK_UNFOLDED_PROTEIN_RESPONSE,-0.01748879430078207,0.8107226051511988,0.0,0.9197263585250419,0.008744397150391036,-0.04030964952475639,0.18276622424651406,0.26974533096624065,0.0,0.020154824762378194,0.022820855223974316,-0.011410427611987158,0.011410427611987158,Basal,Weakened
HALLMARK_PEROXISOME,HALLMARK_UV_RESPONSE_DN,-0.0741333025811057,0.30938499420332216,0.008130081300813,0.5549723082857976,0.04113169194095935,0.039173480214579656,0.19542205938964513,0.28533018206473815,0.008130081300813,0.023651780757696327,-0.11330678279568536,0.017479911183263024,0.017479911183263024,Basal,Strengthened
HALLMARK_PEROXISOME,HALLMARK_UV_RESPONSE_UP,-0.12519173845791315,0.08524373401111014,0.0194552529182879,0.2546916443014876,0.07232349568810052,-0.05778755924983482,0.056033615881711886,0.10199283722897036,0.0194552529182879,0.03862140608406136,-0.06740417920807833,0.033702089604039163,0.033702089604039163,Basal,Strengthened
HALLMARK_PEROXISOME,HALLMARK_WNT_BETA_CATENIN_SIGNALING,-0.049180994765782256,0.5004081817678097,0.0,0.7152859074277327,0.024590497382891128,-0.07174103774461944,0.017633340669748313,0.03981538464696467,0.0,0.03587051887230972,0.022560042978837187,-0.011280021489418594,0.011280021489418594,Basal,Weakened
HALLMARK_PEROXISOME,HALLMARK_XENOBIOTIC_METABOLISM,-0.03469431090115924,0.634633466269464,0.0305084745762711,0.8192054754268635,0.032601392738715165,0.08868918746602551,0.003325945415418121,0.009519353116558875,0.0305084745762711,0.05959883102114831,-0.12338349836718475,-0.026997438282433145,0.026997438282433145,Basal,Weakened
HALLMARK_PI3K_AKT_MTOR_SIGNALING,HALLMARK_PROTEIN_SECRETION,0.11217506640259262,0.12334343579147017,0.0307692307692307,0.3170108733487182,0.07147214858591167,0.05261982903761223,0.08192018552997056,0.14246778796315362,0.0307692307692307,0.04169452990342147,0.05955523736498038,0.029777618682490195,0.029777618682490195,Basal,Strengthened
HALLMARK_PI3K_AKT_MTOR_SIGNALING,HALLMARK_REACTIVE_OXYGEN_SPECIES_PATHWAY,0.004722157966673837,0.9484436871496061,0.0,0.9779915531467083,0.0023610789833369184,-0.05107233768135907,0.0913301317910939,0.1541038725125207,0.0,0.025536168840679534,0.055794495648032905,-0.023175089857342616,0.023175089857342616,Basal,Weakened
HALLMARK_PI3K_AKT_MTOR_SIGNALING,HALLMARK_SPERMATOGENESIS,-0.14802520230493346,0.0415335201543393,0.0126582278481012,0.15417746117898679,0.08034171507651733,-0.15035972705681025,5.853424143334776e-07,3.918275724363443e-06,0.0126582278481012,0.08150897745245572,0.0023345247518767875,-0.0011672623759383938,0.0011672623759383938,Basal,Weakened
HALLMARK_PI3K_AKT_MTOR_SIGNALING,HALLMARK_TGF_BETA_SIGNALING,0.07307359341867568,0.3163709387218425,0.0192307692307692,0.5592415583466913,0.046152181324722444,0.05833523160578815,0.053741548754512106,0.09870074546368415,0.0192307692307692,0.038783000418278674,0.014738361812887533,0.00736918090644377,0.00736918090644377,Basal,Strengthened
HALLMARK_PI3K_AKT_MTOR_SIGNALING,HALLMARK_TNFA_SIGNALING_VIA_NFKB,-0.26478589804812896,0.00022262724717657135,0.009933774834437,0.003134693997601148,0.137359836441283,-0.22605824132647184,3.830085213720887e-14,7.331022479387635e-13,0.009933774834437,0.11799600808045442,-0.03872765672165712,0.019363828360828575,0.019363828360828575,Basal,Strengthened
HALLMARK_PI3K_AKT_MTOR_SIGNALING,HALLMARK_UNFOLDED_PROTEIN_RESPONSE,0.037952508477782934,0.6031511075301784,0.013953488372093,0.7974508846630679,0.025952998424937968,0.018877242046396746,0.5328119898531819,0.6239910971033917,0.013953488372093,0.016415365209244873,0.019075266431386188,0.009537633215693096,0.009537633215693096,Basal,Strengthened
HALLMARK_PI3K_AKT_MTOR_SIGNALING,HALLMARK_UV_RESPONSE_DN,0.16605233762135435,0.02203936071604715,0.0121951219512195,0.10389355994802359,0.08912372978628692,0.09432635853161304,0.0017883114530299424,0.005422479034558612,0.0121951219512195,0.05326074024141627,0.0717259790897413,0.03586298954487065,0.03586298954487065,Basal,Strengthened
HALLMARK_PI3K_AKT_MTOR_SIGNALING,HALLMARK_UV_RESPONSE_UP,0.18134553077411017,0.012280595443793745,0.0076628352490421,0.0703749925825651,0.09450418301157613,0.13839574422895634,4.339449666756577e-06,2.6057969812631408e-05,0.0076628352490421,0.07302928973899922,0.04294978654515383,0.021474893272576914,0.021474893272576914,Basal,Strengthened
HALLMARK_PI3K_AKT_MTOR_SIGNALING,HALLMARK_WNT_BETA_CATENIN_SIGNALING,-0.06269617566346031,0.39014739136558096,0.0,0.6223054094047353,0.031348087831730154,-0.03394334340255112,0.26197358949867966,0.3581670168927261,0.0,0.01697167170127556,-0.02875283226090919,0.014376416130454595,0.014376416130454595,Basal,Strengthened
HALLMARK_PI3K_AKT_MTOR_SIGNALING,HALLMARK_XENOBIOTIC_METABOLISM,0.04021245288343602,0.5817326932647391,0.0032894736842105,0.7848265960895434,0.02175096328382326,0.08466367225434548,0.005076503342709212,0.013548402167361187,0.0032894736842105,0.04397657296927799,-0.04445121937090946,-0.022225609685454728,0.022225609685454728,Basal,Weakened
HALLMARK_PROTEIN_SECRETION,HALLMARK_REACTIVE_OXYGEN_SPECIES_PATHWAY,0.08578086169129387,0.2392851944453017,0.0069444444444444,0.4778623075402954,0.04636265306786914,0.11687893330941039,0.00010674883856972987,0.0004737946639417358,0.0069444444444444,0.0619116888769274,-0.03109807161811652,-0.01554903580905826,0.01554903580905826,Basal,Weakened
HALLMARK_PROTEIN_SECRETION,HALLMARK_SPERMATOGENESIS,-0.006924000229390267,0.9244640890408248,0.0,0.9692614913593072,0.0034620001146951334,-0.03031266949069388,0.31649049811231905,0.4186834343278519,0.0,0.01515633474534694,0.02338866926130361,-0.011694334630651806,0.011694334630651806,Basal,Weakened
HALLMARK_PROTEIN_SECRETION,HALLMARK_TGF_BETA_SIGNALING,0.3114410378964889,1.2206508323748392e-05,0.0,0.000332288282146484,0.15572051894824446,0.18972352659603892,2.522580729101067e-10,2.835010452430098e-09,0.0,0.09486176329801946,0.12171751130045,0.060858755650225,0.060858755650225,Basal,Strengthened
HALLMARK_PROTEIN_SECRETION,HALLMARK_TNFA_SIGNALING_VIA_NFKB,0.11038977260436653,0.12946509831890882,0.0033898305084745,0.3249242082935495,0.05688980155642051,0.09348736497164979,0.0019654526860039302,0.005886747042432309,0.0033898305084745,0.04843859774006214,0.016902407632716734,0.008451203816358367,0.008451203816358367,Basal,Strengthened
HALLMARK_PROTEIN_SECRETION,HALLMARK_UNFOLDED_PROTEIN_RESPONSE,0.4139857041750461,2.8978236568249826e-09,0.0096618357487922,1.314753325781705e-07,0.21182376996191915,0.318706084858834,3.0015935111183355e-27,1.1861135648774068e-25,0.0096618357487922,0.1641839603038131,0.0952796193162121,0.04763980965810605,0.04763980965810605,Basal,Strengthened
HALLMARK_PROTEIN_SECRETION,HALLMARK_UV_RESPONSE_DN,0.07116879771319941,0.32918412310624057,0.00418410041841,0.570634563695321,0.0376764490658047,-0.038250819985208274,0.20616261467801983,0.2974666701773549,0.00418410041841,0.021217460201809136,0.10941961769840769,0.016458988863995567,0.016458988863995567,Basal,Strengthened
HALLMARK_PROTEIN_SECRETION,HALLMARK_UV_RESPONSE_UP,-0.13913231519525995,0.05555973695206446,0.0119521912350597,0.18667759146117202,0.07554225321515982,-0.08532206008755178,0.004742703586386401,0.012825191817490821,0.0119521912350597,0.048637125661305736,-0.05381025510770818,0.02690512755385409,0.02690512755385409,Basal,Strengthened
HALLMARK_PROTEIN_SECRETION,HALLMARK_WNT_BETA_CATENIN_SIGNALING,-0.08265544359191467,0.2568996634947018,0.0,0.4948146034292605,0.04132772179595733,0.005557488995040322,0.8543202378170641,0.8929541734862658,0.0,0.002778744497520161,-0.08821293258695499,0.03854897729843717,0.03854897729843717,Basal,Strengthened
HALLMARK_PROTEIN_SECRETION,HALLMARK_XENOBIOTIC_METABOLISM,-0.18975415618019725,0.008736726614080193,0.0,0.05516747475385689,0.09487707809009863,-0.14387716768772008,1.7680566740125696e-06,1.1164275390027822e-05,0.0,0.07193858384386004,-0.04587698849247718,0.02293849424623859,0.02293849424623859,Basal,Strengthened
HALLMARK_REACTIVE_OXYGEN_SPECIES_PATHWAY,HALLMARK_SPERMATOGENESIS,0.1616799087021456,0.025841836857905906,0.0,0.11469655851787947,0.0808399543510728,0.030167795650545812,0.31881000757135125,0.4208429518048548,0.0,0.015083897825272906,0.1315121130515998,0.0657560565257999,0.0657560565257999,Basal,Strengthened
HALLMARK_REACTIVE_OXYGEN_SPECIES_PATHWAY,HALLMARK_TGF_BETA_SIGNALING,0.031604443083253476,0.6651087790703915,0.0098039215686274,0.8434350459225979,0.02070418232594044,-0.05207235720042577,0.08515520229797133,0.14589527666435648,0.0098039215686274,0.030938139384526588,0.08367680028367924,-0.010233957058586148,0.010233957058586148,Basal,Weakened
HALLMARK_REACTIVE_OXYGEN_SPECIES_PATHWAY,HALLMARK_TNFA_SIGNALING_VIA_NFKB,0.08632116965931552,0.2363278901800965,0.0080971659919028,0.4759074430164403,0.04720916782560916,-0.07172414630744796,0.017660105723924065,0.03981538464696467,0.0080971659919028,0.03991065614967538,0.15804531596676347,0.007298511675933782,0.007298511675933782,Basal,Strengthened
HALLMARK_REACTIVE_OXYGEN_SPECIES_PATHWAY,HALLMARK_UNFOLDED_PROTEIN_RESPONSE,-0.16071170247741612,0.026756086560650254,0.0,0.11565419774650097,0.08035585123870806,-0.10633187398575612,0.00042674074698318055,0.0015841133789527156,0.0,0.05316593699287806,-0.054379828491659996,0.027189914245829998,0.027189914245829998,Basal,Strengthened
HALLMARK_REACTIVE_OXYGEN_SPECIES_PATHWAY,HALLMARK_UV_RESPONSE_DN,-0.20225881080801253,0.005133567234499139,0.0052083333333333,0.03834524306256979,0.10373357207067291,-0.06106211983578361,0.04346164494054154,0.08344908315386111,0.0052083333333333,0.033135226584558454,-0.14119669097222892,0.07059834548611446,0.07059834548611446,Basal,Strengthened
HALLMARK_REACTIVE_OXYGEN_SPECIES_PATHWAY,HALLMARK_UV_RESPONSE_UP,0.021130088322202686,0.7722994109590964,0.0197044334975369,0.905082291020592,0.020417260909869794,0.07170391968497071,0.017692202269047476,0.03981538464696467,0.0197044334975369,0.04570417659125381,-0.050573831362768024,-0.025286915681384015,0.025286915681384015,Basal,Weakened
HALLMARK_REACTIVE_OXYGEN_SPECIES_PATHWAY,HALLMARK_WNT_BETA_CATENIN_SIGNALING,0.004685375373073955,0.9488447294398613,0.0,0.9779915531467083,0.0023426876865369774,-0.06610741219853959,0.028783475632224293,0.059560401434923575,0.0,0.033053706099269796,0.07079278757161354,-0.03071101841273282,0.03071101841273282,Basal,Weakened
HALLMARK_REACTIVE_OXYGEN_SPECIES_PATHWAY,HALLMARK_XENOBIOTIC_METABOLISM,0.3937498203972061,1.9056175923681347e-08,0.0163265306122449,8.33707696661059e-07,0.20503817550472547,0.33843224045559617,1.0126399490228845e-30,5.16868307313764e-29,0.0163265306122449,0.17737938553392052,0.05531757994160991,0.027658789970804953,0.027658789970804953,Basal,Strengthened
HALLMARK_SPERMATOGENESIS,HALLMARK_TGF_BETA_SIGNALING,-0.07051242133262753,0.3336756524276116,0.0,0.5719542736609592,0.035256210666313764,-0.07768026963340383,0.010161801087565531,0.024463367065583608,0.0,0.03884013481670191,0.007167848300776297,-0.0035839241503881486,0.0035839241503881486,Basal,Weakened
HALLMARK_SPERMATOGENESIS,HALLMARK_TNFA_SIGNALING_VIA_NFKB,-0.10873930329965548,0.13533021766299738,0.0,0.33222348023481324,0.05436965164982774,-0.05504518878350983,0.06876584218635723,0.12138062921943459,0.0,0.027522594391754914,-0.05369411451614565,0.026847057258072824,0.026847057258072824,Basal,Strengthened
HALLMARK_SPERMATOGENESIS,HALLMARK_UNFOLDED_PROTEIN_RESPONSE,-0.08036638925920934,0.2703538660844898,0.0,0.5118755578879444,0.04018319462960467,-0.12450324298178216,3.637154994852509e-05,0.00017965785760864207,0.0,0.06225162149089108,0.04413685372257281,-0.022068426861286405,0.022068426861286405,Basal,Weakened
HALLMARK_SPERMATOGENESIS,HALLMARK_UV_RESPONSE_DN,0.11745820088271336,0.10653669380410963,0.0,0.29474423573540875,0.05872910044135668,-0.03088070229242007,0.30750292975823557,0.4081160227018836,0.0,0.015440351146210035,0.14833890317513343,0.043288749295146645,0.043288749295146645,Basal,Strengthened
HALLMARK_SPERMATOGENESIS,HALLMARK_UV_RESPONSE_UP,0.08733474003003003,0.23084961603121193,0.0103448275862068,0.4691449540643204,0.04883978380811842,0.09041718546036065,0.0027595740592119902,0.008010611901740966,0.0103448275862068,0.05038100652328373,-0.0030824454303306215,-0.0015412227151653107,0.0015412227151653107,Basal,Weakened
HALLMARK_SPERMATOGENESIS,HALLMARK_WNT_BETA_CATENIN_SIGNALING,0.037920314438275746,0.6034587510878889,0.0,0.7974508846630679,0.018960157219137873,0.05986780535833524,0.047739501391329424,0.08955725758710345,0.0,0.02993390267916762,-0.021947490920059494,-0.010973745460029747,0.010973745460029747,Basal,Weakened
HALLMARK_SPERMATOGENESIS,HALLMARK_XENOBIOTIC_METABOLISM,-0.15424299761720633,0.03360370882736741,0.0029940119760479,0.13408646030464194,0.07861850479662712,-0.016767981117674774,0.5795671146540603,0.6653886742748115,0.0029940119760479,0.009880996546861337,-0.13747501649953156,0.06873750824976578,0.06873750824976578,Basal,Strengthened
HALLMARK_TGF_BETA_SIGNALING,HALLMARK_TNFA_SIGNALING_VIA_NFKB,-0.11182914865287638,0.1245117148279154,0.040983606557377,0.31776427221707576,0.0764063776051267,-0.10537332766029055,0.00048115837314124574,0.0017594597226806747,0.040983606557377,0.07317846710883377,-0.006455820992585834,0.003227910496292924,0.003227910496292924,Basal,Strengthened
HALLMARK_TGF_BETA_SIGNALING,HALLMARK_UNFOLDED_PROTEIN_RESPONSE,-0.06121146639372456,0.4014911461861975,0.0,0.6313564237202721,0.03060573319686228,-0.0091516581524719,0.7623795332165894,0.8164853129355742,0.0,0.00457582907623595,-0.052059808241252656,0.026029904120626328,0.026029904120626328,Basal,Strengthened
HALLMARK_TGF_BETA_SIGNALING,HALLMARK_UV_RESPONSE_DN,0.28097678742312476,8.606796218868051e-05,0.03125,0.0015736306519572184,0.15611339371156238,0.30470574134717393,6.151728439962475e-25,2.093296483042787e-23,0.03125,0.16797787067358697,-0.023728953924049168,-0.011864476962024584,0.011864476962024584,Basal,Weakened
HALLMARK_TGF_BETA_SIGNALING,HALLMARK_UV_RESPONSE_UP,0.09353446506877014,0.19928489965207183,0.0192307692307692,0.42885072196797486,0.05638261714976967,0.1290644551255097,1.852761491514653e-05,9.563137646744045e-05,0.0192307692307692,0.07414761217813945,-0.03552999005673957,-0.017764995028369777,0.017764995028369777,Basal,Weakened
HALLMARK_TGF_BETA_SIGNALING,HALLMARK_WNT_BETA_CATENIN_SIGNALING,0.16872769467114968,0.019959253772056457,0.0212765957446808,0.09780034348307663,0.09500214520791524,0.16029899605862316,9.797461381984653e-08,7.230054333091085e-07,0.0212765957446808,0.09078779590165198,0.008428698612526514,0.004214349306263257,0.004214349306263257,Basal,Strengthened
HALLMARK_TGF_BETA_SIGNALING,HALLMARK_XENOBIOTIC_METABOLISM,0.006129159823636665,0.9331137447908616,0.0079365079365079,0.9719934841571476,0.007032833880072283,0.0650183133581792,0.031528218592624904,0.06394382082113495,0.0079365079365079,0.03647741064734355,-0.058889153534542535,-0.029444576767271267,0.029444576767271267,Basal,Weakened
HALLMARK_TNFA_SIGNALING_VIA_NFKB,HALLMARK_UNFOLDED_PROTEIN_RESPONSE,-0.018469125062117987,0.8003293076219935,0.0162337662337662,0.916673372061156,0.017351445647942096,-0.06730944833412326,0.02599508658888159,0.05452736484825334,0.0162337662337662,0.04177160728394473,0.04884032327200528,-0.024420161636002635,0.024420161636002635,Basal,Weakened
HALLMARK_TNFA_SIGNALING_VIA_NFKB,HALLMARK_UV_RESPONSE_DN,0.071222792999075,0.3288163759716972,0.036144578313253,0.570634563695321,0.05368368565616399,0.0949123409225232,0.0016734150504504148,0.005150586524627533,0.036144578313253,0.0655284596178881,-0.023689547923448198,-0.011844773961724106,0.011844773961724106,Basal,Weakened
HALLMARK_TNFA_SIGNALING_VIA_NFKB,HALLMARK_UV_RESPONSE_UP,0.5462237588809786,3.600956774313395e-16,0.059171597633136,4.010156407758099e-14,0.3026976782570573,0.5974624162070865,8.001192881905837e-107,1.633576880055775e-104,0.059171597633136,0.32831700692011123,-0.051238657326107884,-0.025619328663053942,0.025619328663053942,Basal,Weakened
HALLMARK_TNFA_SIGNALING_VIA_NFKB,HALLMARK_WNT_BETA_CATENIN_SIGNALING,-0.103372375093828,0.15581383991887743,0.0083333333333333,0.3656550841008139,0.055852854213580654,-0.017291848922641146,0.5677770687184299,0.6561574614906384,0.0083333333333333,0.012812591127987223,-0.08608052617118686,0.04304026308559343,0.04304026308559343,Basal,Strengthened
HALLMARK_TNFA_SIGNALING_VIA_NFKB,HALLMARK_XENOBIOTIC_METABOLISM,-0.1127247929321361,0.12150431701275113,0.0178117048346055,0.3145047086879805,0.0652682488833708,-0.10417963478851265,0.0005579611021822132,0.0019985448835474007,0.0178117048346055,0.06099566981155907,-0.008545158143623444,0.004272579071811722,0.004272579071811722,Basal,Strengthened
HALLMARK_UNFOLDED_PROTEIN_RESPONSE,HALLMARK_UV_RESPONSE_DN,-0.07148349230374061,0.3270445430555142,0.0,0.5703869178438785,0.035741746151870306,0.02889585968419258,0.3396501614714587,0.4426291997899329,0.0,0.01444792984209629,-0.10037935198793319,0.021293816309774016,0.021293816309774016,Basal,Strengthened
HALLMARK_UNFOLDED_PROTEIN_RESPONSE,HALLMARK_UV_RESPONSE_UP,0.11024554561388356,0.12996968331741982,0.018796992481203,0.3249242082935495,0.06452126904754328,0.09484453312402007,0.0016863545075614004,0.0051774041898814925,0.018796992481203,0.05682076280261153,0.015401012489863489,0.007700506244931751,0.007700506244931751,Basal,Strengthened
HALLMARK_UNFOLDED_PROTEIN_RESPONSE,HALLMARK_WNT_BETA_CATENIN_SIGNALING,0.07411301507773811,0.3095177792371408,0.0,0.5549723082857976,0.037056507538869056,-0.0008854776416551323,0.9766617817530359,0.9838903640193001,0.0,0.00044273882082756616,0.07499849271939324,0.03661376871804149,0.03661376871804149,Basal,Strengthened
HALLMARK_UNFOLDED_PROTEIN_RESPONSE,HALLMARK_XENOBIOTIC_METABOLISM,0.10136171319672568,0.1640612865631381,0.0032051282051282,0.37641502385031195,0.05228342070092694,0.06351248993827861,0.03569036965648589,0.07086013424504897,0.0032051282051282,0.0333588090717034,0.03784922325844707,0.018924611629223535,0.018924611629223535,Basal,Strengthened
HALLMARK_UV_RESPONSE_DN,HALLMARK_UV_RESPONSE_UP,-0.11728074939871892,0.10707035502225054,0.0,0.29474423573540875,0.05864037469935946,-0.16743956464978485,2.529608022308655e-08,2.0937633968433123e-07,0.0,0.08371978232489242,0.05015881525106593,-0.025079407625532964,0.025079407625532964,Basal,Weakened
HALLMARK_UV_RESPONSE_DN,HALLMARK_WNT_BETA_CATENIN_SIGNALING,-0.055521593328607725,0.4467471287279171,0.0054054054054054,0.6647206946167521,0.030463499367006562,0.026985654598896337,0.37254805173140226,0.47489215751401437,0.0054054054054054,0.01619553000215087,-0.08250724792750407,0.014267969364855693,0.014267969364855693,Basal,Strengthened
HALLMARK_UV_RESPONSE_DN,HALLMARK_XENOBIOTIC_METABOLISM,0.2130007690280565,0.0031718434899248257,0.0058479532163742,0.027362734332097967,0.10942436112221536,0.08920495234234532,0.0031467192756829813,0.00904866458383017,0.0058479532163742,0.04752645277935976,0.12379581668571119,0.0618979083428556,0.0618979083428556,Basal,Strengthened
HALLMARK_UV_RESPONSE_UP,HALLMARK_WNT_BETA_CATENIN_SIGNALING,0.01596741109151443,0.8269171585878679,0.0,0.9270598254476614,0.007983705545757214,-0.00573608397471824,0.8496935167960185,0.8896913641340602,0.0,0.00286804198735912,0.02170349506623267,0.005115663558398095,0.005115663558398095,Basal,Strengthened
HALLMARK_UV_RESPONSE_UP,HALLMARK_XENOBIOTIC_METABOLISM,0.044885224132733124,0.5386026817107051,0.031700288184438,0.7506123834989917,0.03829275615858556,0.07684182035270529,0.01100786455257737,0.026285836407226662,0.031700288184438,0.05427105426857164,-0.03195659621997216,-0.015978298109986085,0.015978298109986085,Basal,Weakened
HALLMARK_WNT_BETA_CATENIN_SIGNALING,HALLMARK_XENOBIOTIC_METABOLISM,0.013538430494104602,0.8529220350976267,0.0041493775933609,0.9386775667457229,0.00884390404373275,-0.02234760732460305,0.46026575930221225,0.5593507491519941,0.0041493775933609,0.013248492458981975,0.03588603781870765,-0.004404588415249225,0.004404588415249225,Basal,Weakened
