pathway_a,pathway_b,partial_corr,p_value,jaccard,FDR,weight
HALLMARK_ADIPOGENESIS,HALLMARK_ALLOGRAFT_REJECTION,0.06585294636101746,0.029405678829142662,0.0025062656641604,0.060237385561370836,0.03417960601258893
HALLMARK_ADIPOGENESIS,HALLMARK_ANDROGEN_RESPONSE,-0.19214306151322336,1.476422395424957e-10,0.0066889632107023,1.790710331084725e-09,0.09941601236196283
HALLMARK_ADIPOGENESIS,HALLMARK_ANGIOGENESIS,0.06110453356830393,0.04331587305957398,0.0042553191489361,0.0834307303427329,0.032679926358620014
HALLMARK_ADIPOGENESIS,HALLMARK_APICAL_JUNCTION,-0.022807747183995725,0.4510791371990384,0.0050251256281407,0.5498228289242011,0.013916436406068213
HALLMARK_ADIPOGENESIS,HALLMARK_APICAL_SURFACE,0.00021203112494133696,0.9944108209199807,0.0041152263374485,0.9968520913477712,0.0021636287311949188
HALLMARK_ADIPOGENESIS,HALLMARK_APOPTOSIS,-0.1066090436545697,0.0004121096169762532,0.019774011299435,0.0015391289048655799,0.06319152747700235
HALLMARK_ADIPOGENESIS,HALLMARK_BILE_ACID_METABOLISM,-0.051013534321742195,0.09170413945842278,0.0297029702970297,0.15430985005023062,0.040358252309385945
HALLMARK_ADIPOGENESIS,HALLMARK_CHOLESTEROL_HOMEOSTASIS,0.20949195904422246,2.578525906340687e-12,0.0148148148148148,4.0496079939324895e-11,0.11215338692951864
HALLMARK_ADIPOGENESIS,HALLMARK_COAGULATION,0.028529766833462547,0.3458065885328978,0.0029673590504451,0.4477939439247355,0.015748562941953825
HALLMARK_ADIPOGENESIS,HALLMARK_COMPLEMENT,0.07307535892740777,0.015628134010204558,0.0101010101010101,0.03574847041820816,0.04158818451420893
HALLMARK_ADIPOGENESIS,HALLMARK_DNA_REPAIR,-0.07384564135335417,0.014564202835201812,0.0057471264367816,0.03376513920355502,0.039796383895067886
HALLMARK_ADIPOGENESIS,HALLMARK_E2F_TARGETS,0.05118019425402694,0.09064731391216681,0.0050251256281407,0.15337425351160822,0.028102659941083817
HALLMARK_ADIPOGENESIS,HALLMARK_EPITHELIAL_MESENCHYMAL_TRANSITION,-0.16067724427569505,9.132767988630029e-08,0.0075566750629722,6.863583304338518e-07,0.08411695966933362
HALLMARK_ADIPOGENESIS,HALLMARK_ESTROGEN_RESPONSE_EARLY,0.01678327220369127,0.5792213575763151,0.0101010101010101,0.6653886742748115,0.013442141152350685
HALLMARK_ADIPOGENESIS,HALLMARK_ESTROGEN_RESPONSE_LATE,-0.04725773488807914,0.11824860474155703,0.0204081632653061,0.1893272376514712,0.03383294907669262
HALLMARK_ADIPOGENESIS,HALLMARK_FATTY_ACID_METABOLISM,0.2900227662701483,1.2069756443928542e-22,0.0881458966565349,3.890908327319069e-21,0.18908433146334158
HALLMARK_ADIPOGENESIS,HALLMARK_G2M_CHECKPOINT,-0.022731716468668384,0.4525898936007613,0.0025062656641604,0.5511159241162352,0.012618991066414393
HALLMARK_ADIPOGENESIS,HALLMARK_GLYCOLYSIS,-0.045820111415865825,0.12987528163395362,0.0256410256410256,0.20397079487383743,0.03573056852844571
HALLMARK_ADIPOGENESIS,HALLMARK_HEDGEHOG_SIGNALING,0.020016249438821233,0.5083812926697525,0.0,0.6041663389496491,0.010008124719410616
HALLMARK_ADIPOGENESIS,HALLMARK_HEME_METABOLISM,-0.052316674897135665,0.08369900213107069,0.0126582278481012,0.14502302349442941,0.03248745137261843
HALLMARK_ADIPOGENESIS,HALLMARK_HYPOXIA,0.11676113559143964,0.00010848565282674918,0.0282776349614395,0.0004780392975279415,0.07251938527643957
HALLMARK_ADIPOGENESIS,HALLMARK_IL2_STAT5_SIGNALING,-0.04830328528385554,0.11031715869004934,0.0178571428571428,0.17922880556407217,0.03308021407049917
HALLMARK_ADIPOGENESIS,HALLMARK_IL6_JAK_STAT3_SIGNALING,0.11864338217111574,8.367453467321018e-05,0.0070175438596491,0.0003810457434003066,0.06283046301538242
HALLMARK_ADIPOGENESIS,HALLMARK_INFLAMMATORY_RESPONSE,-0.047688842409469995,0.114925772386437,0.0025062656641604,0.18499877946568374,0.025097554036815198
HALLMARK_ADIPOGENESIS,HALLMARK_INTERFERON_ALPHA_RESPONSE,0.10259330738686333,0.0006777282448322423,0.0,0.002378845558508587,0.051296653693431664
HALLMARK_ADIPOGENESIS,HALLMARK_INTERFERON_GAMMA_RESPONSE,-0.10304147287398571,0.000641673726177813,0.0050251256281407,0.002271821718404107,0.054033299251063205
HALLMARK_ADIPOGENESIS,HALLMARK_KRAS_SIGNALING_DN,-0.11261020034396857,0.00018975653400037318,0.0,0.0007960676512001957,0.056305100171984285
HALLMARK_ADIPOGENESIS,HALLMARK_KRAS_SIGNALING_UP,0.04421306353590527,0.14390032325051302,0.0101010101010101,0.22201246345324743,0.027157036818457686
HALLMARK_ADIPOGENESIS,HALLMARK_MITOTIC_SPINDLE,0.0871042131994918,0.003936347765958201,0.0025125628140703,0.011059692691052286,0.04480838800678105
HALLMARK_ADIPOGENESIS,HALLMARK_MTORC1_SIGNALING,-0.10648347819252599,0.0004186789710838217,0.0362694300518134,0.0015589110625461448,0.0713764541221697
HALLMARK_ADIPOGENESIS,HALLMARK_MYC_TARGETS_V1,-0.03536619061486924,0.24248871614416104,0.0075566750629722,0.33793933706097523,0.02146143283892072
HALLMARK_ADIPOGENESIS,HALLMARK_MYC_TARGETS_V2,0.0799695874989689,0.0081386516501775,0.0038910505836575,0.020305189962255474,0.041930319041313203
HALLMARK_ADIPOGENESIS,HALLMARK_MYOGENESIS,0.12160066037726593,5.521060899578805e-05,0.0230179028132992,0.00026092622979901426,0.07230928159528256
HALLMARK_ADIPOGENESIS,HALLMARK_NOTCH_SIGNALING,0.026181585330199254,0.3869664432028191,0.0,0.48886529071030443,0.013090792665099627
HALLMARK_ADIPOGENESIS,HALLMARK_OXIDATIVE_PHOSPHORYLATION,0.3126739921588672,3.0802182359802805e-26,0.1142061281337047,1.143414345174498e-24,0.21344006014628597
HALLMARK_ADIPOGENESIS,HALLMARK_P53_PATHWAY,-0.12287103703347553,4.604496356331265e-05,0.0101010101010101,0.0002220672455317244,0.06648602356724281
HALLMARK_ADIPOGENESIS,HALLMARK_PANCREAS_BETA_CELLS,-0.035063031553794234,0.24655248036994346,0.0,0.3420461930387098,0.017531515776897117
HALLMARK_ADIPOGENESIS,HALLMARK_PEROXISOME,0.07121748681528066,0.018479625795393438,0.0340136054421768,0.041234137703746745,0.05261554612872873
HALLMARK_ADIPOGENESIS,HALLMARK_PI3K_AKT_MTOR_SIGNALING,-0.04271286907071565,0.15801296968187442,0.0,0.23984723820230167,0.021356434535357825
HALLMARK_ADIPOGENESIS,HALLMARK_PROTEIN_SECRETION,0.0036436121941382056,0.9041840787093275,0.0102389078498293,0.9320409625105414,0.006941260021983753
HALLMARK_ADIPOGENESIS,HALLMARK_REACTIVE_OXYGEN_SPECIES_PATHWAY,0.30792659606087647,1.854263275328281e-25,0.0163265306122449,6.489921463648983e-24,0.16212656333656067
HALLMARK_ADIPOGENESIS,HALLMARK_SPERMATOGENESIS,-0.08841744618367282,0.003424063647140018,0.006006006006006,0.009731967442567336,0.04721172609483941
HALLMARK_ADIPOGENESIS,HALLMARK_TGF_BETA_SIGNALING,-0.020916786732136435,0.48948921797518335,0.0,0.5861430029517103,0.010458393366068217
HALLMARK_ADIPOGENESIS,HALLMARK_TNFA_SIGNALING_VIA_NFKB,-0.061305106064968896,0.04263210115720558,0.015228426395939,0.08224302979145959,0.03826676623045395
HALLMARK_ADIPOGENESIS,HALLMARK_UNFOLDED_PROTEIN_RESPONSE,-0.0726357789885288,0.01626540567992385,0.0096774193548387,0.036904293904814416,0.04115659917168375
HALLMARK_ADIPOGENESIS,HALLMARK_UV_RESPONSE_DN,0.20517837790984186,7.29894392687879e-12,0.0087976539589442,1.0277248632674159e-10,0.10698801593439303
HALLMARK_ADIPOGENESIS,HALLMARK_UV_RESPONSE_UP,0.19060286068602678,2.0780208941814909e-10,0.0170454545454545,2.379042612497501e-09,0.10382415761574064
HALLMARK_ADIPOGENESIS,HALLMARK_WNT_BETA_CATENIN_SIGNALING,-0.006513967506612575,0.8296037335793474,0.0,0.8753355500729547,0.0032569837533062873
HALLMARK_ADIPOGENESIS,HALLMARK_XENOBIOTIC_METABOLISM,0.1662509965327261,3.1820745529416396e-08,0.0416666666666666,2.581484322750668e-07,0.10395883159969635
HALLMARK_ALLOGRAFT_REJECTION,HALLMARK_ANDROGEN_RESPONSE,-0.051767035314323535,0.08700368793985566,0.0134680134680134,0.1479670790585236,0.03261752439116847
HALLMARK_ALLOGRAFT_REJECTION,HALLMARK_ANGIOGENESIS,-0.1443031124444853,1.64657962692698e-06,0.0128755364806866,1.0451088305624613e-05,0.07858932446258594
HALLMARK_ALLOGRAFT_REJECTION,HALLMARK_APICAL_JUNCTION,-0.05774063125957064,0.05623374050325094,0.0178117048346055,0.10220524052890563,0.03777616804708807
HALLMARK_ALLOGRAFT_REJECTION,HALLMARK_APICAL_SURFACE,0.06853303743833501,0.02339936629941627,0.0209205020920502,0.05020004153552528,0.0447267697651926
HALLMARK_ALLOGRAFT_REJECTION,HALLMARK_APOPTOSIS,0.0440976730673324,0.1449503421041588,0.0524781341107871,0.22307056416783233,0.04828790358905975
HALLMARK_ALLOGRAFT_REJECTION,HALLMARK_BILE_ACID_METABOLISM,0.012019302070804296,0.6912890387392899,0.0032154340836012,0.7615369356615379,0.007617368077202748
HALLMARK_ALLOGRAFT_REJECTION,HALLMARK_CHOLESTEROL_HOMEOSTASIS,0.04235188996295063,0.16156008157022705,0.0,0.24373288167922186,0.021175944981475316
HALLMARK_ALLOGRAFT_REJECTION,HALLMARK_COAGULATION,-0.1981309534999154,3.8051919424491044e-11,0.0180722891566265,4.958893754787396e-10,0.10810162132827096
HALLMARK_ALLOGRAFT_REJECTION,HALLMARK_COMPLEMENT,0.25721988697793896,5.43545369210238e-18,0.0389610389610389,1.358863423025595e-16,0.14809046296948894
HALLMARK_ALLOGRAFT_REJECTION,HALLMARK_DNA_REPAIR,0.05792772409674777,0.05543940587237588,0.0057471264367816,0.10136309282635887,0.03183742526676468
HALLMARK_ALLOGRAFT_REJECTION,HALLMARK_E2F_TARGETS,-0.05201300480444855,0.08551202993593339,0.0075566750629722,0.14623312474132824,0.029784839933710377
HALLMARK_ALLOGRAFT_REJECTION,HALLMARK_EPITHELIAL_MESENCHYMAL_TRANSITION,0.0980322310536261,0.0011679331578567918,0.0230179028132992,0.0038152483156655196,0.06052506693346265
HALLMARK_ALLOGRAFT_REJECTION,HALLMARK_ESTROGEN_RESPONSE_EARLY,0.04558565565131447,0.13185274797411878,0.0050251256281407,0.20601991870956057,0.025305390639727584
HALLMARK_ALLOGRAFT_REJECTION,HALLMARK_ESTROGEN_RESPONSE_LATE,0.01962468366450935,0.5167133568371418,0.0050251256281407,0.6103894523871732,0.012324904646325026
HALLMARK_ALLOGRAFT_REJECTION,HALLMARK_FATTY_ACID_METABOLISM,0.000527363294863132,0.986099196263109,0.0028011204481792,0.9893296604605313,0.0016642418715211661
HALLMARK_ALLOGRAFT_REJECTION,HALLMARK_G2M_CHECKPOINT,0.06323130952700681,0.03651732112937511,0.0075566750629722,0.07215115868303955,0.035393992294989504
HALLMARK_ALLOGRAFT_REJECTION,HALLMARK_GLYCOLYSIS,-0.06657353393165981,0.02767307419008063,0.0050251256281407,0.05755435633760403,0.03579932977990025
HALLMARK_ALLOGRAFT_REJECTION,HALLMARK_HEDGEHOG_SIGNALING,-0.07062920445228754,0.019472701564483146,0.0085470085470085,0.04313573131372849,0.03958810649964802
HALLMARK_ALLOGRAFT_REJECTION,HALLMARK_HEME_METABOLISM,-0.02867145260785082,0.34341554590412626,0.0025062656641604,0.4461124535870145,0.01558885913600561
HALLMARK_ALLOGRAFT_REJECTION,HALLMARK_HYPOXIA,-0.04268007509956282,0.15833276206202415,0.0101010101010101,0.23984723820230167,0.026390542600286462
HALLMARK_ALLOGRAFT_REJECTION,HALLMARK_IL2_STAT5_SIGNALING,0.37462291070570586,8.881449156074058e-38,0.0445026178010471,4.945352370995782e-36,0.20956276425337647
HALLMARK_ALLOGRAFT_REJECTION,HALLMARK_IL6_JAK_STAT3_SIGNALING,-0.07383308046535018,0.014581027460147434,0.0830188679245283,0.03376513920355502,0.07842597419493924
HALLMARK_ALLOGRAFT_REJECTION,HALLMARK_INFLAMMATORY_RESPONSE,0.25002918086835385,4.69464475298555e-17,0.1019283746556473,1.0649888560013516e-15,0.17597877776200058
HALLMARK_ALLOGRAFT_REJECTION,HALLMARK_INTERFERON_ALPHA_RESPONSE,-0.5822365359934053,2.7994785075947757e-100,0.0421052631578947,4.8990873882908573e-98,0.31217089957565003
HALLMARK_ALLOGRAFT_REJECTION,HALLMARK_INTERFERON_GAMMA_RESPONSE,0.5760767279967162,9.943359907053938e-98,0.1019283746556473,1.522576985767634e-95,0.33900255132618173
HALLMARK_ALLOGRAFT_REJECTION,HALLMARK_KRAS_SIGNALING_DN,0.10451058303820478,0.0005355975333760781,0.015228426395939,0.001924067385295295,0.05986950471707189
HALLMARK_ALLOGRAFT_REJECTION,HALLMARK_KRAS_SIGNALING_UP,0.22646935707065674,3.435184427782428e-14,0.0335917312661498,6.7872595548927e-13,0.13003054416840326
HALLMARK_ALLOGRAFT_REJECTION,HALLMARK_MITOTIC_SPINDLE,-0.10211048686383928,0.0007186692841239301,0.0075757575757575,0.002501050775715382,0.05484312221979839
HALLMARK_ALLOGRAFT_REJECTION,HALLMARK_MTORC1_SIGNALING,-0.03760556433002418,0.21392424083205333,0.0101010101010101,0.30562492593216006,0.02385328721551714
HALLMARK_ALLOGRAFT_REJECTION,HALLMARK_MYC_TARGETS_V1,0.10058186546222789,0.0008639141367364712,0.0126582278481012,0.0029561307751457466,0.05662004665516454
HALLMARK_ALLOGRAFT_REJECTION,HALLMARK_MYC_TARGETS_V2,-0.08233077580046193,0.006436788240864247,0.0038910505836575,0.016635159483246207,0.043110913192059716
HALLMARK_ALLOGRAFT_REJECTION,HALLMARK_MYOGENESIS,0.06299129907337735,0.03723603580093065,0.0050251256281407,0.07333463642466245,0.03400821235075902
HALLMARK_ALLOGRAFT_REJECTION,HALLMARK_NOTCH_SIGNALING,-0.13792435164971992,4.680448378601697e-06,0.0,2.76983056221598e-05,0.06896217582485996
HALLMARK_ALLOGRAFT_REJECTION,HALLMARK_OXIDATIVE_PHOSPHORYLATION,0.010076982115111613,0.7391868476794956,0.0,0.7970984933163575,0.0050384910575558065
HALLMARK_ALLOGRAFT_REJECTION,HALLMARK_P53_PATHWAY,0.08022225028701999,0.007939054008592539,0.0256410256410256,0.019969899713605462,0.052931637964022796
HALLMARK_ALLOGRAFT_REJECTION,HALLMARK_PANCREAS_BETA_CELLS,0.06472622436718922,0.0323013982298723,0.0,0.06518815952486584,0.03236311218359461
HALLMARK_ALLOGRAFT_REJECTION,HALLMARK_PEROXISOME,-0.045778683049275605,0.130223017910825,0.0033003300330033,0.20425505370135802,0.024539506541139452
HALLMARK_ALLOGRAFT_REJECTION,HALLMARK_PI3K_AKT_MTOR_SIGNALING,0.19195413776194054,1.5398724769070695e-10,0.0374149659863945,1.8493566511874119e-09,0.11468455187416751
HALLMARK_ALLOGRAFT_REJECTION,HALLMARK_PROTEIN_SECRETION,-0.08914400193950048,0.0031674312773075724,0.0068027210884353,0.009086893008669265,0.04797336151396789
HALLMARK_ALLOGRAFT_REJECTION,HALLMARK_REACTIVE_OXYGEN_SPECIES_PATHWAY,-0.059793279764269985,0.04801776607885243,0.0,0.08980421900243393,0.029896639882134993
HALLMARK_ALLOGRAFT_REJECTION,HALLMARK_SPERMATOGENESIS,0.04440926133687028,0.1421283658808307,0.0,0.21983238409598183,0.02220463066843514
HALLMARK_ALLOGRAFT_REJECTION,HALLMARK_TGF_BETA_SIGNALING,-0.10728422701942412,0.0003784033095628597,0.0119521912350597,0.0014262893975830865,0.05961820912724191
HALLMARK_ALLOGRAFT_REJECTION,HALLMARK_TNFA_SIGNALING_VIA_NFKB,-0.2383672904803951,1.3428515581113568e-15,0.0498687664041994,2.937487783368593e-14,0.14411802844229724
HALLMARK_ALLOGRAFT_REJECTION,HALLMARK_UNFOLDED_PROTEIN_RESPONSE,-0.04890390281530191,0.10595437613582141,0.0064308681672025,0.1744544499548135,0.027667385491252205
HALLMARK_ALLOGRAFT_REJECTION,HALLMARK_UV_RESPONSE_DN,-0.023354978372985096,0.4402899180008481,0.0058479532163742,0.5393551495510389,0.014601465794679648
HALLMARK_ALLOGRAFT_REJECTION,HALLMARK_UV_RESPONSE_UP,-0.036823546727332984,0.2236103484762692,0.0141643059490084,0.3170401352817474,0.025493926338170693
HALLMARK_ALLOGRAFT_REJECTION,HALLMARK_WNT_BETA_CATENIN_SIGNALING,0.0032160954195164047,0.9153814772594376,0.0041493775933609,0.940723414129875,0.003682736506438652
HALLMARK_ALLOGRAFT_REJECTION,HALLMARK_XENOBIOTIC_METABOLISM,-0.0328638113639,0.2774598294311513,0.015228426395939,0.37432631173255543,0.0240461188799195
HALLMARK_ANDROGEN_RESPONSE,HALLMARK_ANGIOGENESIS,-0.05717357175335449,0.05869929040576012,0.0073529411764705,0.10621363478147142,0.032263256464912494
HALLMARK_ANDROGEN_RESPONSE,HALLMARK_APICAL_JUNCTION,-0.1498137331877491,6.43635884276439e-07,0.0100671140939597,4.26191328777642e-06,0.0799404236408544
HALLMARK_ANDROGEN_RESPONSE,HALLMARK_APICAL_SURFACE,0.0606466906783202,0.044911438608226814,0.0069444444444444,0.0852969182869424,0.0337955675613823
HALLMARK_ANDROGEN_RESPONSE,HALLMARK_APOPTOSIS,0.13330863672338794,9.689397631593721e-06,0.0194552529182879,5.2988893297778164e-05,0.07638194482083792
HALLMARK_ANDROGEN_RESPONSE,HALLMARK_BILE_ACID_METABOLISM,-0.0010599939631148643,0.9720638402240255,0.0142857142857142,0.9808716674418708,0.007672854124414532
HALLMARK_ANDROGEN_RESPONSE,HALLMARK_CHOLESTEROL_HOMEOSTASIS,0.5086254049614374,4.920262680577532e-73,0.023391812865497,5.022768153089564e-71,0.26600860891346717
HALLMARK_ANDROGEN_RESPONSE,HALLMARK_COAGULATION,0.10874067385020432,0.0003142648175277981,0.0,0.0012287467291640273,0.05437033692510216
HALLMARK_ANDROGEN_RESPONSE,HALLMARK_COMPLEMENT,0.01171936388255185,0.6986111219097565,0.0033333333333333,0.7689116121648263,0.007526348607942575
HALLMARK_ANDROGEN_RESPONSE,HALLMARK_DNA_REPAIR,-0.05935469685168663,0.0496830628368833,0.004,0.09249506379206997,0.03167734842584331
HALLMARK_ANDROGEN_RESPONSE,HALLMARK_E2F_TARGETS,-0.03507873277483006,0.24634084670174253,0.0066889632107023,0.3420461930387098,0.020883847992766182
HALLMARK_ANDROGEN_RESPONSE,HALLMARK_EPITHELIAL_MESENCHYMAL_TRANSITION,-0.09692515556370802,0.0013284609509858442,0.0100671140939597,0.0042269212076822315,0.05349613482883386
HALLMARK_ANDROGEN_RESPONSE,HALLMARK_ESTROGEN_RESPONSE_EARLY,0.11353960768204623,0.00016769877700174035,0.0308219178082191,0.0007108339163568579,0.07218076274513266
HALLMARK_ANDROGEN_RESPONSE,HALLMARK_ESTROGEN_RESPONSE_LATE,-0.004959107496970743,0.8698576522222939,0.0308219178082191,0.903796118721213,0.01789051265259492
HALLMARK_ANDROGEN_RESPONSE,HALLMARK_FATTY_ACID_METABOLISM,0.16598141693760762,3.351312083926347e-08,0.0277777777777777,2.696946228835992e-07,0.09687959735769267
HALLMARK_ANDROGEN_RESPONSE,HALLMARK_G2M_CHECKPOINT,0.026958180547010758,0.37303515761620354,0.0033333333333333,0.47501878178778517,0.015145756940172029
HALLMARK_ANDROGEN_RESPONSE,HALLMARK_GLYCOLYSIS,-0.14181281086893024,2.489235909808052e-06,0.0066889632107023,1.5557724436300326e-05,0.07425088703981628
HALLMARK_ANDROGEN_RESPONSE,HALLMARK_HEDGEHOG_SIGNALING,0.023627233234596274,0.4349776795373754,0.0073529411764705,0.533915488410105,0.015490087205533387
HALLMARK_ANDROGEN_RESPONSE,HALLMARK_HEME_METABOLISM,-0.06250493529871415,0.03872938534461569,0.0134680134680134,0.07566745940534962,0.03798647438336378
HALLMARK_ANDROGEN_RESPONSE,HALLMARK_HYPOXIA,0.09268635596451348,0.002149444506609515,0.0100671140939597,0.006395399102246462,0.05137673502923659
HALLMARK_ANDROGEN_RESPONSE,HALLMARK_IL2_STAT5_SIGNALING,-0.055746697229018545,0.06530201363609418,0.0135135135135135,0.11610299957070447,0.034630105371266026
HALLMARK_ANDROGEN_RESPONSE,HALLMARK_IL6_JAK_STAT3_SIGNALING,0.06476178034604445,0.03220642011497135,0.0,0.06510373703108896,0.032380890173022224
HALLMARK_ANDROGEN_RESPONSE,HALLMARK_INFLAMMATORY_RESPONSE,0.09764593709603843,0.0012217933199131473,0.0066889632107023,0.003951923772114445,0.05216745015337036
HALLMARK_ANDROGEN_RESPONSE,HALLMARK_INTERFERON_ALPHA_RESPONSE,0.08719922233730878,0.0038970749236166865,0.0050761421319796,0.010974521336621704,0.04613768223464419
HALLMARK_ANDROGEN_RESPONSE,HALLMARK_INTERFERON_GAMMA_RESPONSE,-0.08340529348101046,0.005774070433526405,0.0066889632107023,0.015146116233554274,0.04504712834585638
HALLMARK_ANDROGEN_RESPONSE,HALLMARK_KRAS_SIGNALING_DN,-0.06748144612253844,0.025615819390759752,0.0100671140939597,0.05400925775160188,0.03877428010824907
HALLMARK_ANDROGEN_RESPONSE,HALLMARK_KRAS_SIGNALING_UP,0.04820926839359432,0.11101273009681069,0.0168918918918918,0.17964411409325376,0.03255058014274306
HALLMARK_ANDROGEN_RESPONSE,HALLMARK_MITOTIC_SPINDLE,-0.007704048495077958,0.7990868692659973,0.0033444816053511,0.8482174386291288,0.005524265050214529
HALLMARK_ANDROGEN_RESPONSE,HALLMARK_MTORC1_SIGNALING,0.2811080281350491,2.567505262726083e-21,0.0379310344827586,7.671204748388906e-20,0.15951953130890384
HALLMARK_ANDROGEN_RESPONSE,HALLMARK_MYC_TARGETS_V1,-0.00547899917009675,0.8563552059896522,0.0066889632107023,0.8935563265224225,0.006083981190399525
HALLMARK_ANDROGEN_RESPONSE,HALLMARK_MYC_TARGETS_V2,-0.08528034337163114,0.004763250006700323,0.0192307692307692,0.01285238162600858,0.05225555630120017
HALLMARK_ANDROGEN_RESPONSE,HALLMARK_MYOGENESIS,0.04223763919605472,0.16269516834942085,0.0066889632107023,0.24514339634445334,0.024463301203378512
HALLMARK_ANDROGEN_RESPONSE,HALLMARK_NOTCH_SIGNALING,0.14138232660573707,2.6716903661536096e-06,0.0075757575757575,1.661330303826483e-05,0.0744790420907473
HALLMARK_ANDROGEN_RESPONSE,HALLMARK_OXIDATIVE_PHOSPHORYLATION,-0.026324485273433052,0.3843794493022775,0.0,0.4874377074485403,0.013162242636716526
HALLMARK_ANDROGEN_RESPONSE,HALLMARK_P53_PATHWAY,-0.05312230377465911,0.07903935799443351,0.0134680134680134,0.13831887649025865,0.03329515862133625
HALLMARK_ANDROGEN_RESPONSE,HALLMARK_PANCREAS_BETA_CELLS,0.028709368770096704,0.34277747820268856,0.0,0.4457562747327956,0.014354684385048352
HALLMARK_ANDROGEN_RESPONSE,HALLMARK_PEROXISOME,0.05787034420666275,0.05568202319482042,0.0199004975124378,0.10165496037802535,0.038885420859550275
HALLMARK_ANDROGEN_RESPONSE,HALLMARK_PI3K_AKT_MTOR_SIGNALING,0.09206094291030405,0.00230392145990606,0.0098039215686274,0.006800732020204634,0.050932432239465725
HALLMARK_ANDROGEN_RESPONSE,HALLMARK_PROTEIN_SECRETION,-0.01638976693282487,0.58814978278105,0.0207253886010362,0.6714664342094933,0.018557577766930535
HALLMARK_ANDROGEN_RESPONSE,HALLMARK_REACTIVE_OXYGEN_SPECIES_PATHWAY,-0.07289923717543188,0.015880780199560875,0.0067114093959731,0.03615976904175106,0.03980532328570249
HALLMARK_ANDROGEN_RESPONSE,HALLMARK_SPERMATOGENESIS,-0.016294118181258498,0.5903295611744481,0.0042553191489361,0.673327478993202,0.010274718665097299
HALLMARK_ANDROGEN_RESPONSE,HALLMARK_TGF_BETA_SIGNALING,0.0653770943607777,0.03060024339865741,0.0064935064935064,0.062371544364983905,0.03593530042714205
HALLMARK_ANDROGEN_RESPONSE,HALLMARK_TNFA_SIGNALING_VIA_NFKB,-0.13298713349356595,1.0184165005301561e-05,0.0308219178082191,5.5447120584419606e-05,0.08190452565089253
HALLMARK_ANDROGEN_RESPONSE,HALLMARK_UNFOLDED_PROTEIN_RESPONSE,-0.025193940932692508,0.40513467735424746,0.0094339622641509,0.5064183466928093,0.017313951598421702
HALLMARK_ANDROGEN_RESPONSE,HALLMARK_UV_RESPONSE_DN,0.12320042957291313,4.391519434969139e-05,0.0208333333333333,0.0002143271437385337,0.07201688145312321
HALLMARK_ANDROGEN_RESPONSE,HALLMARK_UV_RESPONSE_UP,0.06466790531236105,0.03245770062386109,0.003875968992248,0.06539586063195696,0.034271937152304525
HALLMARK_ANDROGEN_RESPONSE,HALLMARK_WNT_BETA_CATENIN_SIGNALING,-0.07309141599578782,0.015605276806407,0.0,0.03574847041820816,0.03654570799789391
HALLMARK_ANDROGEN_RESPONSE,HALLMARK_XENOBIOTIC_METABOLISM,0.014196838684345476,0.6390290440155728,0.0100671140939597,0.7181748430450244,0.012131976389152588
HALLMARK_ANGIOGENESIS,HALLMARK_APICAL_JUNCTION,-0.15262247058746303,3.935285683459494e-07,0.0128755364806866,2.6781805345766e-06,0.08274900353407481
HALLMARK_ANGIOGENESIS,HALLMARK_APICAL_SURFACE,0.03991196291079017,0.18712518321028382,0.0126582278481012,0.27452496938035653,0.026285095379445685
HALLMARK_ANGIOGENESIS,HALLMARK_APOPTOSIS,0.11015050259510947,0.00026198592733835444,0.0260416666666666,0.0010453835862849648,0.06809608463088804
HALLMARK_ANGIOGENESIS,HALLMARK_BILE_ACID_METABOLISM,0.04760513901965451,0.11556512599469489,0.0,0.18578383115945044,0.023802569509827256
HALLMARK_ANGIOGENESIS,HALLMARK_CHOLESTEROL_HOMEOSTASIS,0.0017399521274936497,0.9541593833532798,0.0185185185185185,0.9687497274181275,0.010129235323006075
HALLMARK_ANGIOGENESIS,HALLMARK_COAGULATION,-0.13367669981948566,9.151131792723495e-06,0.0235294117647058,5.026967016182189e-05,0.07860305579209573
HALLMARK_ANGIOGENESIS,HALLMARK_COMPLEMENT,-0.04113873011838923,0.17392133962302447,0.0085470085470085,0.2591893443287165,0.024842869332698865
HALLMARK_ANGIOGENESIS,HALLMARK_DNA_REPAIR,-0.03929583405201178,0.19402910290836073,0.0,0.283973298760743,0.01964791702600589
HALLMARK_ANGIOGENESIS,HALLMARK_E2F_TARGETS,-0.016129519418597606,0.5940893395088649,0.0,0.6751015221691646,0.008064759709298803
HALLMARK_ANGIOGENESIS,HALLMARK_EPITHELIAL_MESENCHYMAL_TRANSITION,0.7055314856028645,1.6766889662133842e-165,0.0535714285714285,4.107887967222791e-163,0.3795514570871465
HALLMARK_ANGIOGENESIS,HALLMARK_ESTROGEN_RESPONSE_EARLY,0.0045283588912656885,0.8810738577112377,0.0,0.9123545863873763,0.0022641794456328443
HALLMARK_ANGIOGENESIS,HALLMARK_ESTROGEN_RESPONSE_LATE,-0.012026398217328949,0.6911161531882547,0.0042553191489361,0.7615369356615379,0.008140858683132524
HALLMARK_ANGIOGENESIS,HALLMARK_FATTY_ACID_METABOLISM,0.008756349227483067,0.7723544328121532,0.0,0.8241586935495537,0.004378174613741534
HALLMARK_ANGIOGENESIS,HALLMARK_G2M_CHECKPOINT,0.021121896060339533,0.4852396873905507,0.0,0.5821925730200045,0.010560948030169767
HALLMARK_ANGIOGENESIS,HALLMARK_GLYCOLYSIS,-0.0947063549293455,0.0017130073609676647,0.0128755364806866,0.005233002536621918,0.053790945705016045
HALLMARK_ANGIOGENESIS,HALLMARK_HEDGEHOG_SIGNALING,0.017681190060326608,0.5590895780085513,0.0285714285714285,0.6485650881254501,0.023126309315877554
HALLMARK_ANGIOGENESIS,HALLMARK_HEME_METABOLISM,-0.018288493133180414,0.5456686754888193,0.0,0.6347997411906967,0.009144246566590207
HALLMARK_ANGIOGENESIS,HALLMARK_HYPOXIA,0.002257752630027508,0.9405398107607624,0.0128755364806866,0.9585368287703278,0.007566644555357054
HALLMARK_ANGIOGENESIS,HALLMARK_IL2_STAT5_SIGNALING,0.010566968146912211,0.7269994111225863,0.0217391304347826,0.7895162044549363,0.016153049290847404
HALLMARK_ANGIOGENESIS,HALLMARK_IL6_JAK_STAT3_SIGNALING,0.019977746218327385,0.5091974657933488,0.0165289256198347,0.6044252864310584,0.018253335919081043
HALLMARK_ANGIOGENESIS,HALLMARK_INFLAMMATORY_RESPONSE,0.06665329859194702,0.027486802043978638,0.0128755364806866,0.05736172487883106,0.03976441753631681
HALLMARK_ANGIOGENESIS,HALLMARK_INTERFERON_ALPHA_RESPONSE,0.07162300752969408,0.017821108598663402,0.0,0.03991016093850579,0.03581150376484704
HALLMARK_ANGIOGENESIS,HALLMARK_INTERFERON_GAMMA_RESPONSE,-0.0640210627898659,0.03423514709672146,0.0,0.0683030214877586,0.03201053139493295
HALLMARK_ANGIOGENESIS,HALLMARK_KRAS_SIGNALING_DN,0.023286966653180603,0.44162274053844364,0.0,0.5404474097498436,0.011643483326590301
HALLMARK_ANGIOGENESIS,HALLMARK_KRAS_SIGNALING_UP,0.39849158328082407,5.977049434095873e-43,0.0128755364806866,3.660942778383722e-41,0.20568355988075535
HALLMARK_ANGIOGENESIS,HALLMARK_MITOTIC_SPINDLE,0.005512007703994272,0.8554992924908181,0.0,0.8934242398135142,0.002756003851997136
HALLMARK_ANGIOGENESIS,HALLMARK_MTORC1_SIGNALING,0.07826526743463191,0.009606238881009158,0.0042553191489361,0.023441519181745456,0.041260293291784
HALLMARK_ANGIOGENESIS,HALLMARK_MYC_TARGETS_V1,0.07647927668191755,0.01139266091703434,0.0,0.027151769695266666,0.038239638340958775
HALLMARK_ANGIOGENESIS,HALLMARK_MYC_TARGETS_V2,-0.047449470149740054,0.11676159820041389,0.0,0.18721591334490445,0.023724735074870027
HALLMARK_ANGIOGENESIS,HALLMARK_MYOGENESIS,-0.07848865155925029,0.009401335857911801,0.0085470085470085,0.02307943171531454,0.0435178300531294
HALLMARK_ANGIOGENESIS,HALLMARK_NOTCH_SIGNALING,-0.02295382534940655,0.44818452780214363,0.0149253731343283,0.5473838948730069,0.018939599241867423
HALLMARK_ANGIOGENESIS,HALLMARK_OXIDATIVE_PHOSPHORYLATION,-0.0637347872446839,0.03504793398190763,0.0,0.06981092541111682,0.03186739362234195
HALLMARK_ANGIOGENESIS,HALLMARK_P53_PATHWAY,0.0121968159454777,0.6869690644711962,0.0216450216450216,0.7596360510266906,0.01692091879524965
HALLMARK_ANGIOGENESIS,HALLMARK_PANCREAS_BETA_CELLS,0.03472742350074335,0.25110652088466434,0.0,0.3471845237965167,0.017363711750371675
HALLMARK_ANGIOGENESIS,HALLMARK_PEROXISOME,-0.024634142729206263,0.41565477574310483,0.0,0.5165371319138492,0.012317071364603131
HALLMARK_ANGIOGENESIS,HALLMARK_PI3K_AKT_MTOR_SIGNALING,0.009146981860545363,0.7624973044884057,0.0,0.8164853129355742,0.004573490930272681
HALLMARK_ANGIOGENESIS,HALLMARK_PROTEIN_SECRETION,0.09998222710129111,0.0009279743869226256,0.0,0.00316648641777219,0.049991113550645554
HALLMARK_ANGIOGENESIS,HALLMARK_REACTIVE_OXYGEN_SPECIES_PATHWAY,-0.04918612279239195,0.10395212770766331,0.0,0.17185068345733812,0.024593061396195975
HALLMARK_ANGIOGENESIS,HALLMARK_SPERMATOGENESIS,-0.023940616920781907,0.428908921887603,0.0,0.5300807707756938,0.011970308460390953
HALLMARK_ANGIOGENESIS,HALLMARK_TGF_BETA_SIGNALING,-0.04830783744961457,0.11028356756149041,0.0,0.17922880556407217,0.024153918724807284
HALLMARK_ANGIOGENESIS,HALLMARK_TNFA_SIGNALING_VIA_NFKB,-0.17420695394602415,6.638318186418435e-09,0.0172413793103448,6.30382928555239e-08,0.09572416662818448
HALLMARK_ANGIOGENESIS,HALLMARK_UNFOLDED_PROTEIN_RESPONSE,0.04445976548655115,0.14167495779884462,0.0067567567567567,0.21940812048493638,0.025608261121653927
HALLMARK_ANGIOGENESIS,HALLMARK_UV_RESPONSE_DN,0.12301079188040882,4.512966493854474e-05,0.0227272727272727,0.00021851319980125417,0.07286903230384076
HALLMARK_ANGIOGENESIS,HALLMARK_UV_RESPONSE_UP,0.03860907398182445,0.2019424709024445,0.005181347150259,0.29379991313004095,0.021895210566041726
HALLMARK_ANGIOGENESIS,HALLMARK_WNT_BETA_CATENIN_SIGNALING,-0.06750665405581363,0.02556063771279511,0.04,0.05398582965202415,0.05375332702790682
HALLMARK_ANGIOGENESIS,HALLMARK_XENOBIOTIC_METABOLISM,-0.006641953934000735,0.8263085937700645,0.0042553191489361,0.8729961828258274,0.005448636541468418
HALLMARK_APICAL_JUNCTION,HALLMARK_APICAL_SURFACE,0.17093437741158915,1.2761604081365381e-08,0.0209205020920502,1.1166403571194708e-07,0.09592743975181968
HALLMARK_APICAL_JUNCTION,HALLMARK_APOPTOSIS,-0.022371603039013335,0.4597841197197957,0.0055710306406685,0.5593203045250742,0.013971316839840917
HALLMARK_APICAL_JUNCTION,HALLMARK_BILE_ACID_METABOLISM,-0.01984183318490943,0.512083956777463,0.0,0.606675867555505,0.009920916592454716
HALLMARK_APICAL_JUNCTION,HALLMARK_CHOLESTEROL_HOMEOSTASIS,0.21047155075879115,2.0294159007134603e-12,0.011070110701107,3.3147126378319853e-11,0.11077083072994907
HALLMARK_APICAL_JUNCTION,HALLMARK_COAGULATION,0.2247316719373568,5.4333873776003126e-14,0.0242424242424242,1.0084696269030884e-12,0.1244870480898905
HALLMARK_APICAL_JUNCTION,HALLMARK_COMPLEMENT,-0.038497592652901105,0.20324889855263623,0.015228426395939,0.2949998823779376,0.026863009524420053
HALLMARK_APICAL_JUNCTION,HALLMARK_DNA_REPAIR,-0.09914397651673386,0.0010249113994182375,0.0028653295128939,0.0034397711350338104,0.051004653014813876
HALLMARK_APICAL_JUNCTION,HALLMARK_E2F_TARGETS,0.03660246046337137,0.2264046738071653,0.0025062656641604,0.32049372362913203,0.019554363063765887
HALLMARK_APICAL_JUNCTION,HALLMARK_EPITHELIAL_MESENCHYMAL_TRANSITION,-0.024606344344173116,0.41618134628487274,0.0443864229765013,0.5165371319138492,0.03449638366033721
HALLMARK_APICAL_JUNCTION,HALLMARK_ESTROGEN_RESPONSE_EARLY,-0.13055160468066204,1.4796477437090438e-05,0.0075566750629722,7.796385736443025e-05,0.06905413987181712
HALLMARK_APICAL_JUNCTION,HALLMARK_ESTROGEN_RESPONSE_LATE,0.17328111745534014,7.996701177543937e-09,0.0101010101010101,7.256265883326905e-08,0.09169106377817512
HALLMARK_APICAL_JUNCTION,HALLMARK_FATTY_ACID_METABOLISM,-0.17754369513187826,3.365498194169799e-09,0.0084507042253521,3.298188230286403e-08,0.09299719967861518
HALLMARK_APICAL_JUNCTION,HALLMARK_G2M_CHECKPOINT,-0.15142667847221183,4.857542769881547e-07,0.0050251256281407,3.279666973528852e-06,0.07822590205017627
HALLMARK_APICAL_JUNCTION,HALLMARK_GLYCOLYSIS,0.2138088111148179,8.896446725719523e-13,0.015228426395939,1.534950315353016e-11,0.11451861875537844
HALLMARK_APICAL_JUNCTION,HALLMARK_HEDGEHOG_SIGNALING,-0.0015361561928648165,0.9595236648512225,0.0172413793103448,0.972222075635027,0.009388767751604809
HALLMARK_APICAL_JUNCTION,HALLMARK_HEME_METABOLISM,-0.022899112136609855,0.44926746053088773,0.0025062656641604,0.5481599991537226,0.012702688900385128
HALLMARK_APICAL_JUNCTION,HALLMARK_HYPOXIA,-0.10191770369286751,0.000735648338962205,0.0101010101010101,0.002552887295265442,0.056009356896938804
HALLMARK_APICAL_JUNCTION,HALLMARK_IL2_STAT5_SIGNALING,-0.03453512764203668,0.25374214130611017,0.0050377833753148,0.3496446829021203,0.01978645550867574
HALLMARK_APICAL_JUNCTION,HALLMARK_IL6_JAK_STAT3_SIGNALING,0.04350890855977852,0.15039938293156438,0.0,0.2305872892254898,0.02175445427988926
HALLMARK_APICAL_JUNCTION,HALLMARK_INFLAMMATORY_RESPONSE,-0.04849564594513523,0.10890472034609763,0.0075566750629722,0.17791003967709138,0.028026160504053717
HALLMARK_APICAL_JUNCTION,HALLMARK_INTERFERON_ALPHA_RESPONSE,-0.04987067741249476,0.09922011697082149,0.0,0.16514217838214174,0.02493533870624738
HALLMARK_APICAL_JUNCTION,HALLMARK_INTERFERON_GAMMA_RESPONSE,0.049336115587561784,0.10290026704300582,0.0101010101010101,0.17043396411140616,0.029718562844285944
HALLMARK_APICAL_JUNCTION,HALLMARK_KRAS_SIGNALING_DN,0.10406175559829255,0.0005661342967252292,0.0101010101010101,0.002021908202590104,0.05708138284965132
HALLMARK_APICAL_JUNCTION,HALLMARK_KRAS_SIGNALING_UP,0.15447405285603405,2.8313668198205303e-07,0.0178117048346055,2.0048695689480634e-06,0.08614287884531978
HALLMARK_APICAL_JUNCTION,HALLMARK_MITOTIC_SPINDLE,0.22378641841383157,6.961386389379362e-14,0.0363636363636363,1.2727907950730923e-12,0.13007502738873394
HALLMARK_APICAL_JUNCTION,HALLMARK_MTORC1_SIGNALING,-0.013306196871633707,0.6602067637742454,0.0101010101010101,0.7338959034695559,0.011703603486321903
HALLMARK_APICAL_JUNCTION,HALLMARK_MYC_TARGETS_V1,0.1287853557581395,1.9321015907459178e-05,0.0,9.90303116595711e-05,0.06439267787906976
HALLMARK_APICAL_JUNCTION,HALLMARK_MYC_TARGETS_V2,0.027912382191176994,0.3563486243521065,0.0,0.4585368328060194,0.013956191095588497
HALLMARK_APICAL_JUNCTION,HALLMARK_MYOGENESIS,0.33161815044177007,1.7128234721166227e-29,0.0309278350515463,7.771143530899492e-28,0.18127299274665817
HALLMARK_APICAL_JUNCTION,HALLMARK_NOTCH_SIGNALING,0.0359188667932845,0.2352017851300526,0.0,0.32890660591816717,0.01795943339664225
HALLMARK_APICAL_JUNCTION,HALLMARK_OXIDATIVE_PHOSPHORYLATION,0.005301152876721497,0.8609696514636292,0.0,0.8960814129506762,0.0026505764383607487
HALLMARK_APICAL_JUNCTION,HALLMARK_P53_PATHWAY,0.07380513234217534,0.014618523855521572,0.0101010101010101,0.03378809759059231,0.04195307122159272
HALLMARK_APICAL_JUNCTION,HALLMARK_PANCREAS_BETA_CELLS,0.0804907276989195,0.007731771333501269,0.00418410041841,0.019562653311642683,0.04233741405866475
HALLMARK_APICAL_JUNCTION,HALLMARK_PEROXISOME,0.021515777386804453,0.4771353554375624,0.0099667774086378,0.5752862307195019,0.015741277397721125
HALLMARK_APICAL_JUNCTION,HALLMARK_PI3K_AKT_MTOR_SIGNALING,0.2640604305780594,6.56050118143551e-19,0.020066889632107,1.7470899885344566e-17,0.1420636601050832
HALLMARK_APICAL_JUNCTION,HALLMARK_PROTEIN_SECRETION,0.06964562400162298,0.021237240282694074,0.0033898305084745,0.04629339455207388,0.03651772725504874
HALLMARK_APICAL_JUNCTION,HALLMARK_REACTIVE_OXYGEN_SPECIES_PATHWAY,-0.05217386069296265,0.08454774866954248,0.0,0.1454611168056385,0.026086930346481324
HALLMARK_APICAL_JUNCTION,HALLMARK_SPERMATOGENESIS,-0.08647912099869921,0.004203810092192018,0.006006006006006,0.011598349916520768,0.046242563502352604
HALLMARK_APICAL_JUNCTION,HALLMARK_TGF_BETA_SIGNALING,0.036841119120350464,0.223389311144329,0.0079365079365079,0.3170401352817474,0.022388813528429183
HALLMARK_APICAL_JUNCTION,HALLMARK_TNFA_SIGNALING_VIA_NFKB,0.03802528414715034,0.20885197232073144,0.0101010101010101,0.30099254834458355,0.02406314712408022
HALLMARK_APICAL_JUNCTION,HALLMARK_UNFOLDED_PROTEIN_RESPONSE,-0.049735396001456864,0.10014138911107097,0.0032051282051282,0.16644939167036898,0.026470262103292532
HALLMARK_APICAL_JUNCTION,HALLMARK_UV_RESPONSE_DN,0.09785571362927,0.0011922668167238652,0.026865671641791,0.003884379921507273,0.0623606926355305
HALLMARK_APICAL_JUNCTION,HALLMARK_UV_RESPONSE_UP,-0.05488775119341751,0.06956358521593077,0.0056179775280898,0.12261207466117294,0.030252864360753653
HALLMARK_APICAL_JUNCTION,HALLMARK_WNT_BETA_CATENIN_SIGNALING,0.1083036056093001,0.0003323567737426986,0.0041493775933609,0.0012843439994788828,0.056226491601330496
HALLMARK_APICAL_JUNCTION,HALLMARK_XENOBIOTIC_METABOLISM,0.03195117292605931,0.2910285629060173,0.0025062656641604,0.3898267065998174,0.017228719295109857
HALLMARK_APICAL_SURFACE,HALLMARK_APOPTOSIS,0.12493099447280967,3.4175202006458284e-05,0.0148514851485148,0.0001694923986150259,0.06989123981066224
HALLMARK_APICAL_SURFACE,HALLMARK_BILE_ACID_METABOLISM,0.05124908359944727,0.09021333983652266,0.0,0.1528510944671373,0.025624541799723635
HALLMARK_APICAL_SURFACE,HALLMARK_CHOLESTEROL_HOMEOSTASIS,-0.041016739367353075,0.17520235662908928,0.0085470085470085,0.2604646685323233,0.02478187395718079
HALLMARK_APICAL_SURFACE,HALLMARK_COAGULATION,0.08664640445935765,0.004130665445441867,0.0,0.011448111245851328,0.04332320222967882
HALLMARK_APICAL_SURFACE,HALLMARK_COMPLEMENT,0.03412022570164007,0.2594941608955623,0.0166666666666666,0.35517357217549034,0.025393446184153335
HALLMARK_APICAL_SURFACE,HALLMARK_DNA_REPAIR,-0.03384431893616299,0.26336876909431417,0.0,0.35967306816113137,0.016922159468081496
HALLMARK_APICAL_SURFACE,HALLMARK_E2F_TARGETS,0.0219005365983029,0.4692906927382582,0.0041152263374485,0.5669438842252132,0.013007881467875699
HALLMARK_APICAL_SURFACE,HALLMARK_EPITHELIAL_MESENCHYMAL_TRANSITION,-0.1675928737850427,2.455540488848653e-08,0.0124481327800829,2.0602993827668494e-07,0.0900205032825628
HALLMARK_APICAL_SURFACE,HALLMARK_ESTROGEN_RESPONSE_EARLY,-0.1081653646378311,0.00033827873106308866,0.0041152263374485,0.001299032744678005,0.056140295487639796
HALLMARK_APICAL_SURFACE,HALLMARK_ESTROGEN_RESPONSE_LATE,0.11117039641213311,0.0002293704189434045,0.0,0.000936595877352235,0.055585198206066555
HALLMARK_APICAL_SURFACE,HALLMARK_FATTY_ACID_METABOLISM,-0.06539193545705395,0.030562367317451468,0.0049751243781094,0.062371544364983905,0.035183529917581675
HALLMARK_APICAL_SURFACE,HALLMARK_G2M_CHECKPOINT,-0.029663818219349276,0.3269653201504763,0.0041152263374485,0.4289455253057404,0.016889522278398888
HALLMARK_APICAL_SURFACE,HALLMARK_GLYCOLYSIS,0.0587143811056445,0.05220099261792546,0.0041152263374485,0.0964497978234671,0.0314148037215465
HALLMARK_APICAL_SURFACE,HALLMARK_HEDGEHOG_SIGNALING,0.10720854049166187,0.00038204943127532196,0.0126582278481012,0.0014356151942094152,0.05993338416988153
HALLMARK_APICAL_SURFACE,HALLMARK_HEME_METABOLISM,0.0183644770061008,0.5440007944422954,0.0,0.633461001132901,0.0091822385030504
HALLMARK_APICAL_SURFACE,HALLMARK_HYPOXIA,-0.00842396503284582,0.7807707886548396,0.0082644628099173,0.8316906226975466,0.008344213921381561
HALLMARK_APICAL_SURFACE,HALLMARK_IL2_STAT5_SIGNALING,-0.030792511011024256,0.3088871411544482,0.0041322314049586,0.40950946743960936,0.017462371207991427
HALLMARK_APICAL_SURFACE,HALLMARK_IL6_JAK_STAT3_SIGNALING,-0.08441070704691275,0.005210295607522683,0.0076923076923076,0.013815177747219236,0.046051507369610174
HALLMARK_APICAL_SURFACE,HALLMARK_INFLAMMATORY_RESPONSE,0.11507768121020062,0.0001364040568860736,0.0209205020920502,0.0005883625693149301,0.06799909165112542
HALLMARK_APICAL_SURFACE,HALLMARK_INTERFERON_ALPHA_RESPONSE,0.01667718639600164,0.5816221245571745,0.0,0.6669194526159749,0.00833859319800082
HALLMARK_APICAL_SURFACE,HALLMARK_INTERFERON_GAMMA_RESPONSE,-0.02437041080747566,0.4206663206969928,0.0041152263374485,0.5210477683051731,0.01424281857246208
HALLMARK_APICAL_SURFACE,HALLMARK_KRAS_SIGNALING_DN,-0.0006836589607938499,0.9819800081384379,0.0041152263374485,0.9860045163685135,0.002399442649121175
HALLMARK_APICAL_SURFACE,HALLMARK_KRAS_SIGNALING_UP,-0.1169118282792697,0.00010626853405908276,0.0124481327800829,0.0004733780153540959,0.0646799805296763
HALLMARK_APICAL_SURFACE,HALLMARK_MITOTIC_SPINDLE,0.004876940850431501,0.8719952327962581,0.0041322314049586,0.905249288284251,0.00450458612769505
HALLMARK_APICAL_SURFACE,HALLMARK_MTORC1_SIGNALING,0.019775885816556066,0.513487597467159,0.0041152263374485,0.6077177662349497,0.011945556077002283
HALLMARK_APICAL_SURFACE,HALLMARK_MYC_TARGETS_V1,-0.023680466066969885,0.4339433354758252,0.0,0.5331801263368966,0.011840233033484943
HALLMARK_APICAL_SURFACE,HALLMARK_MYC_TARGETS_V2,0.016225118196709878,0.5919043325617289,0.0,0.6744956347796446,0.008112559098354939
HALLMARK_APICAL_SURFACE,HALLMARK_MYOGENESIS,-0.03200544110644853,0.29020947443671247,0.0041152263374485,0.38938292024641047,0.018060333721948516
HALLMARK_APICAL_SURFACE,HALLMARK_NOTCH_SIGNALING,0.18242790470259151,1.2161432579950275e-09,0.0,1.2733123855076144e-08,0.09121395235129576
HALLMARK_APICAL_SURFACE,HALLMARK_OXIDATIVE_PHOSPHORYLATION,0.06575315614078103,0.02965281464587162,0.0,0.060642233624695716,0.032876578070390516
HALLMARK_APICAL_SURFACE,HALLMARK_P53_PATHWAY,0.052730491602522314,0.08127853025823341,0.0041152263374485,0.14163044035040673,0.028422858969985407
HALLMARK_APICAL_SURFACE,HALLMARK_PANCREAS_BETA_CELLS,-0.010779111242620529,0.7217438845662368,0.0,0.7852009401364477,0.005389555621310264
HALLMARK_APICAL_SURFACE,HALLMARK_PEROXISOME,-0.004232146977615099,0.8888008672527454,0.0,0.9195785999870043,0.0021160734888075496
HALLMARK_APICAL_SURFACE,HALLMARK_PI3K_AKT_MTOR_SIGNALING,-0.056463880497335535,0.06191063224125463,0.0067567567567567,0.11087795978879667,0.031610318627046115
HALLMARK_APICAL_SURFACE,HALLMARK_PROTEIN_SECRETION,0.00767815135321985,0.7997478707074642,0.0071942446043165,0.8482174386291288,0.007436197978768175
HALLMARK_APICAL_SURFACE,HALLMARK_REACTIVE_OXYGEN_SPECIES_PATHWAY,-0.05642496664813916,0.06209083560792298,0.0,0.11103835564920532,0.02821248332406958
HALLMARK_APICAL_SURFACE,HALLMARK_SPERMATOGENESIS,0.019007135285038106,0.5299962212180468,0.0056179775280898,0.6212874363560835,0.012312556406563953
HALLMARK_APICAL_SURFACE,HALLMARK_TGF_BETA_SIGNALING,-0.08684646476538561,0.004044704559276247,0.0,0.01127036106316291,0.04342323238269281
HALLMARK_APICAL_SURFACE,HALLMARK_TNFA_SIGNALING_VIA_NFKB,0.01759557188956111,0.5609944639623333,0.0082644628099173,0.6501591469762141,0.012930017349739205
HALLMARK_APICAL_SURFACE,HALLMARK_UNFOLDED_PROTEIN_RESPONSE,0.03598499559615702,0.23434036996283034,0.0,0.32838587353179455,0.01799249779807851
HALLMARK_APICAL_SURFACE,HALLMARK_UV_RESPONSE_DN,0.026987772668108364,0.3725105154101503,0.0,0.47489215751401437,0.013493886334054182
HALLMARK_APICAL_SURFACE,HALLMARK_UV_RESPONSE_UP,-0.08254806737660117,0.006297504628640694,0.0049751243781094,0.01630960501075021,0.043761595877355286
HALLMARK_APICAL_SURFACE,HALLMARK_WNT_BETA_CATENIN_SIGNALING,-0.010867261187605995,0.7195639372602773,0.0,0.7840377628777435,0.005433630593802997
HALLMARK_APICAL_SURFACE,HALLMARK_XENOBIOTIC_METABOLISM,-0.013869602461184169,0.646777145744475,0.0,0.7228271237329185,0.0069348012305920845
HALLMARK_APOPTOSIS,HALLMARK_BILE_ACID_METABOLISM,0.13959519317091829,3.575656134530551e-06,0.0111111111111111,2.1791934153233458e-05,0.07535315214101469
HALLMARK_APOPTOSIS,HALLMARK_CHOLESTEROL_HOMEOSTASIS,-0.06589657288001971,0.029298192552278123,0.0352422907488986,0.06021523061174156,0.05056943181445915
HALLMARK_APOPTOSIS,HALLMARK_COAGULATION,-0.011604229811033347,0.7014292718028667,0.0310344827586206,0.7706285721601002,0.021319356284826972
HALLMARK_APOPTOSIS,HALLMARK_COMPLEMENT,0.06208228121174593,0.040068093284956356,0.0403458213256484,0.07791018138741515,0.051214051268697165
HALLMARK_APOPTOSIS,HALLMARK_DNA_REPAIR,0.19069545779988809,2.0359190828244447e-10,0.0064724919093851,2.35283101552825e-09,0.09858397485463659
HALLMARK_APOPTOSIS,HALLMARK_E2F_TARGETS,-0.08015313516864717,0.007993213668548152,0.019774011299435,0.020064931852400585,0.04996357323404108
HALLMARK_APOPTOSIS,HALLMARK_EPITHELIAL_MESENCHYMAL_TRANSITION,0.06942332539477292,0.021654790351736595,0.0524781341107871,0.04695065164757049,0.06095072975278001
HALLMARK_APOPTOSIS,HALLMARK_ESTROGEN_RESPONSE_EARLY,0.07495039192193775,0.013149705448728127,0.0169014084507042,0.030977671489792222,0.04592590018632098
HALLMARK_APOPTOSIS,HALLMARK_ESTROGEN_RESPONSE_LATE,-0.0056337906430371665,0.852342928623267,0.0255681818181818,0.8916482387391136,0.015600986230609484
HALLMARK_APOPTOSIS,HALLMARK_FATTY_ACID_METABOLISM,0.06788920075485992,0.02473574028252027,0.0063091482649842,0.05278968962732984,0.03709917450992206
HALLMARK_APOPTOSIS,HALLMARK_G2M_CHECKPOINT,0.05628184541538387,0.06275733761079172,0.011204481792717,0.11206667430498521,0.033743163604050434
HALLMARK_APOPTOSIS,HALLMARK_GLYCOLYSIS,0.11479568020781403,0.00014169583543118626,0.0255681818181818,0.0006090435031691339,0.07018193101299791
HALLMARK_APOPTOSIS,HALLMARK_HEDGEHOG_SIGNALING,-0.08352969717234233,0.005701453877427667,0.0,0.015019959139459985,0.04176484858617117
HALLMARK_APOPTOSIS,HALLMARK_HEME_METABOLISM,-0.021189744356710265,0.48383838495011,0.0140449438202247,0.5810804132979263,0.017617344088467483
HALLMARK_APOPTOSIS,HALLMARK_HYPOXIA,-0.16290474829820886,6.018304414023168e-08,0.0433526011560693,4.695810768903427e-07,0.10312867472713907
HALLMARK_APOPTOSIS,HALLMARK_IL2_STAT5_SIGNALING,-0.04595966863793456,0.12870917852979394,0.0374639769452449,0.20239890076893144,0.041711822791589734
HALLMARK_APOPTOSIS,HALLMARK_IL6_JAK_STAT3_SIGNALING,0.18551815941487065,6.294659276478708e-10,0.0508474576271186,6.647377253177946e-09,0.11818280852099462
HALLMARK_APOPTOSIS,HALLMARK_INFLAMMATORY_RESPONSE,-0.06531280143234451,0.03076479120646405,0.0463768115942029,0.06260277280385126,0.055844806513273705
HALLMARK_APOPTOSIS,HALLMARK_INTERFERON_ALPHA_RESPONSE,-0.008261403931667953,0.7848964519604149,0.0278884462151394,0.8353589519126917,0.018074925073403678
HALLMARK_APOPTOSIS,HALLMARK_INTERFERON_GAMMA_RESPONSE,0.006627757866878996,0.8266739363901713,0.0524781341107871,0.8729961828258274,0.029552945988833047
HALLMARK_APOPTOSIS,HALLMARK_KRAS_SIGNALING_DN,0.041227765692152044,0.17299080277755396,0.0083798882681564,0.2581166058495781,0.024803826980154223
HALLMARK_APOPTOSIS,HALLMARK_KRAS_SIGNALING_UP,-0.0646179200300173,0.03259218195229524,0.0255681818181818,0.06545151293698635,0.04509305092409955
HALLMARK_APOPTOSIS,HALLMARK_MITOTIC_SPINDLE,0.059481997050392435,0.04919479503106197,0.0198300283286118,0.09172545496659196,0.03965601268950212
HALLMARK_APOPTOSIS,HALLMARK_MTORC1_SIGNALING,-0.09810782718940621,0.001157652769546233,0.0284900284900284,0.003791777119503036,0.0632989278397173
HALLMARK_APOPTOSIS,HALLMARK_MYC_TARGETS_V1,0.0335995470281226,0.2668393615654094,0.0055710306406685,0.3631366759458106,0.019585288834395552
HALLMARK_APOPTOSIS,HALLMARK_MYC_TARGETS_V2,-0.17537094851461912,5.245534309797799e-09,0.0,5.059668920867956e-08,0.08768547425730956
HALLMARK_APOPTOSIS,HALLMARK_MYOGENESIS,-0.013124437812600285,0.6645629572748117,0.0255681818181818,0.7380685608899767,0.019346309815391042
HALLMARK_APOPTOSIS,HALLMARK_NOTCH_SIGNALING,0.0678220998587071,0.024878744475995095,0.0104712041884816,0.05298854024077893,0.03914665202359435
HALLMARK_APOPTOSIS,HALLMARK_OXIDATIVE_PHOSPHORYLATION,0.027696015783298358,0.3600905205454348,0.0169014084507042,0.4614130624143908,0.02229871211700128
HALLMARK_APOPTOSIS,HALLMARK_P53_PATHWAY,0.10273565297405828,0.0006660777801901015,0.0617647058823529,0.0023446703469335466,0.08225017942820559
HALLMARK_APOPTOSIS,HALLMARK_PANCREAS_BETA_CELLS,-0.012134438814598624,0.688485918921473,0.0,0.7605006768970284,0.006067219407299312
HALLMARK_APOPTOSIS,HALLMARK_PEROXISOME,-0.08476201052679723,0.0050253353853966,0.0231660231660231,0.013495585351881816,0.05396401684641017
HALLMARK_APOPTOSIS,HALLMARK_PI3K_AKT_MTOR_SIGNALING,0.13696420264900552,5.455951927309877e-06,0.023076923076923,3.1526137315823584e-05,0.08002056286296426
HALLMARK_APOPTOSIS,HALLMARK_PROTEIN_SECRETION,0.02390014147187087,0.42968996357572564,0.0198412698412698,0.5300807707756938,0.021870705656570334
HALLMARK_APOPTOSIS,HALLMARK_REACTIVE_OXYGEN_SPECIES_PATHWAY,0.1780866677257354,3.0095925897226524e-09,0.024390243902439,2.973186227750201e-08,0.10123845581408719
HALLMARK_APOPTOSIS,HALLMARK_SPERMATOGENESIS,-0.07785242963726172,0.00999540962036006,0.0068027210884353,0.02424629066324965,0.04232757536284851
HALLMARK_APOPTOSIS,HALLMARK_TGF_BETA_SIGNALING,0.0928777880384928,0.002104092255184575,0.0238095238095238,0.006286617103905132,0.058343655924008295
HALLMARK_APOPTOSIS,HALLMARK_TNFA_SIGNALING_VIA_NFKB,0.32662020302573014,1.3033936120218618e-28,0.0873493975903614,5.505714395609589e-27,0.20698480030804578
HALLMARK_APOPTOSIS,HALLMARK_UNFOLDED_PROTEIN_RESPONSE,0.027441558663615192,0.36452256560958646,0.0073529411764705,0.4666041200331697,0.017397249920042844
HALLMARK_APOPTOSIS,HALLMARK_UV_RESPONSE_DN,0.03628293033286958,0.2304870610621083,0.023489932885906,0.32432064292211926,0.029886431609387788
HALLMARK_APOPTOSIS,HALLMARK_UV_RESPONSE_UP,-0.025234329815473147,0.4043818605066703,0.0668896321070234,0.5059936456799501,0.04606198096124827
HALLMARK_APOPTOSIS,HALLMARK_WNT_BETA_CATENIN_SIGNALING,0.008683186425749972,0.7742047445056081,0.0201005025125628,0.8254141096774325,0.014391844469156386
HALLMARK_APOPTOSIS,HALLMARK_XENOBIOTIC_METABOLISM,-0.01384761804965419,0.6472990650898053,0.019774011299435,0.7228271237329185,0.016810814674544594
HALLMARK_BILE_ACID_METABOLISM,HALLMARK_CHOLESTEROL_HOMEOSTASIS,0.09185194195149717,0.00235776647356998,0.0163934426229508,0.006942942139719291,0.05412269228722398
HALLMARK_BILE_ACID_METABOLISM,HALLMARK_COAGULATION,0.097334875540915,0.0012668191289756114,0.0040160642570281,0.004083824823671379,0.05067546989897155
HALLMARK_BILE_ACID_METABOLISM,HALLMARK_COMPLEMENT,-0.13742431328499133,5.0701298903743045e-06,0.0032154340836012,2.957575769385011e-05,0.07031987368429626
HALLMARK_BILE_ACID_METABOLISM,HALLMARK_DNA_REPAIR,0.05607334884416464,0.06373884812394641,0.0,0.11348850138348017,0.02803667442208232
HALLMARK_BILE_ACID_METABOLISM,HALLMARK_E2F_TARGETS,0.09002342593766265,0.0028802812872321813,0.0,0.008321567398253354,0.04501171296883132
HALLMARK_BILE_ACID_METABOLISM,HALLMARK_EPITHELIAL_MESENCHYMAL_TRANSITION,-0.05220052698666814,0.08438874472202122,0.0,0.1454611168056385,0.02610026349333407
HALLMARK_BILE_ACID_METABOLISM,HALLMARK_ESTROGEN_RESPONSE_EARLY,0.12341189162850978,4.2597482126219596e-05,0.01628664495114,0.000209544350416868,0.06984926828982489
HALLMARK_BILE_ACID_METABOLISM,HALLMARK_ESTROGEN_RESPONSE_LATE,-0.08502006142263083,0.004893271676208199,0.01628664495114,0.013174192974406689,0.050653353186885415
HALLMARK_BILE_ACID_METABOLISM,HALLMARK_FATTY_ACID_METABOLISM,-0.08699128148448021,0.003983495739398214,0.0424710424710424,0.011141055435531533,0.0647311619777613
HALLMARK_BILE_ACID_METABOLISM,HALLMARK_G2M_CHECKPOINT,-0.09088592023491623,0.00262190835983611,0.0,0.0076654838682559305,0.04544296011745812
HALLMARK_BILE_ACID_METABOLISM,HALLMARK_GLYCOLYSIS,0.03800199625435953,0.20913110347593203,0.0097087378640776,0.3010406601151783,0.023855367059218563
HALLMARK_BILE_ACID_METABOLISM,HALLMARK_HEDGEHOG_SIGNALING,-0.06892695703190252,0.022612969604065253,0.0,0.04860223241425914,0.03446347851595126
HALLMARK_BILE_ACID_METABOLISM,HALLMARK_HEME_METABOLISM,0.13802258696047767,4.6073373646267785e-06,0.0129870129870129,2.7531650105696602e-05,0.07550479997374529
HALLMARK_BILE_ACID_METABOLISM,HALLMARK_HYPOXIA,-0.0442312745201607,0.14373514220497563,0.0064516129032258,0.22201246345324743,0.02534144371169325
HALLMARK_BILE_ACID_METABOLISM,HALLMARK_IL2_STAT5_SIGNALING,0.14212237766120198,2.365479143893165e-06,0.0032258064516129,1.4860061288559627e-05,0.07267409205640744
HALLMARK_BILE_ACID_METABOLISM,HALLMARK_IL6_JAK_STAT3_SIGNALING,-0.0238062914020319,0.43150412934092397,0.0,0.5316517959920487,0.01190314570101595
HALLMARK_BILE_ACID_METABOLISM,HALLMARK_INFLAMMATORY_RESPONSE,0.0023259735652033206,0.9387466208813674,0.0097087378640776,0.9583038421497292,0.00601735571464046
HALLMARK_BILE_ACID_METABOLISM,HALLMARK_INTERFERON_ALPHA_RESPONSE,0.049328133826774985,0.10295602729995149,0.0,0.17043396411140616,0.024664066913387492
HALLMARK_BILE_ACID_METABOLISM,HALLMARK_INTERFERON_GAMMA_RESPONSE,-0.05215433858304154,0.08466430716932265,0.0032154340836012,0.1454611168056385,0.02768488633332137
HALLMARK_BILE_ACID_METABOLISM,HALLMARK_KRAS_SIGNALING_DN,-0.0008490172373876133,0.977622498560343,0.0097087378640776,0.9840489406215449,0.005278877550732607
HALLMARK_BILE_ACID_METABOLISM,HALLMARK_KRAS_SIGNALING_UP,-0.037933307198114476,0.20995598954790662,0.0097087378640776,0.30187334177956054,0.02382102253109604
HALLMARK_BILE_ACID_METABOLISM,HALLMARK_MITOTIC_SPINDLE,0.013895845608770331,0.6461543493280808,0.0,0.7228271237329185,0.006947922804385166
HALLMARK_BILE_ACID_METABOLISM,HALLMARK_MTORC1_SIGNALING,-0.11106975874355214,0.00023241092000914716,0.0196078431372549,0.000945858395386064,0.06533880094040352
HALLMARK_BILE_ACID_METABOLISM,HALLMARK_MYC_TARGETS_V1,-0.14961193782280602,6.665635330529913e-07,0.0,4.390001763386637e-06,0.07480596891140301
HALLMARK_BILE_ACID_METABOLISM,HALLMARK_MYC_TARGETS_V2,-0.0451506291033964,0.13558351187150694,0.0,0.21151549063939976,0.0225753145516982
HALLMARK_BILE_ACID_METABOLISM,HALLMARK_MYOGENESIS,0.04657356396236278,0.12367587006694568,0.0064516129032258,0.1959934551513693,0.02651258843279429
HALLMARK_BILE_ACID_METABOLISM,HALLMARK_NOTCH_SIGNALING,0.017198752547454947,0.5698638757636267,0.0,0.6579483956743098,0.008599376273727474
HALLMARK_BILE_ACID_METABOLISM,HALLMARK_OXIDATIVE_PHOSPHORYLATION,0.06273748980517882,0.03800911811307306,0.0129870129870129,0.0744978715016232,0.03786225139609586
HALLMARK_BILE_ACID_METABOLISM,HALLMARK_P53_PATHWAY,-0.023686289552618336,0.4338302680629297,0.0097087378640776,0.5331801263368966,0.016697513708347968
HALLMARK_BILE_ACID_METABOLISM,HALLMARK_PANCREAS_BETA_CELLS,0.05216109804247674,0.08462393452964793,0.0,0.1454611168056385,0.02608054902123837
HALLMARK_BILE_ACID_METABOLISM,HALLMARK_PEROXISOME,0.7135611622203031,5.991319842674463e-171,0.2203389830508474,1.8348417018190544e-168,0.46695007263557525
HALLMARK_BILE_ACID_METABOLISM,HALLMARK_PI3K_AKT_MTOR_SIGNALING,-0.05047178333017218,0.09520795649711922,0.0046296296296296,0.1595482171121355,0.02755070647990089
HALLMARK_BILE_ACID_METABOLISM,HALLMARK_PROTEIN_SECRETION,0.15299819413395185,3.6821344542063814e-07,0.0097087378640776,2.5340532058442792e-06,0.08135346599901473
HALLMARK_BILE_ACID_METABOLISM,HALLMARK_REACTIVE_OXYGEN_SPECIES_PATHWAY,0.02780892139774484,0.3581348382200815,0.0189873417721519,0.4602556041627885,0.02339813158494837
HALLMARK_BILE_ACID_METABOLISM,HALLMARK_SPERMATOGENESIS,0.05104885790252418,0.09147932337180761,0.0,0.1541432890377776,0.02552442895126209
HALLMARK_BILE_ACID_METABOLISM,HALLMARK_TGF_BETA_SIGNALING,-0.10600903172511464,0.0004443930197810242,0.006060606060606,0.0016397031603366107,0.05603481889286032
HALLMARK_BILE_ACID_METABOLISM,HALLMARK_TNFA_SIGNALING_VIA_NFKB,-0.01510294488373999,0.6177812016905954,0.0032154340836012,0.6981383506189847,0.009159189483670595
HALLMARK_BILE_ACID_METABOLISM,HALLMARK_UNFOLDED_PROTEIN_RESPONSE,0.016187353800592164,0.5927670358016349,0.0,0.6748509468931253,0.008093676900296082
HALLMARK_BILE_ACID_METABOLISM,HALLMARK_UV_RESPONSE_DN,-0.022207384490280476,0.4630859273394825,0.0118577075098814,0.5622202784845055,0.017032546000080938
HALLMARK_BILE_ACID_METABOLISM,HALLMARK_UV_RESPONSE_UP,0.052607544778878135,0.08199166572573331,0.0,0.14246778796315362,0.026303772389439067
HALLMARK_BILE_ACID_METABOLISM,HALLMARK_WNT_BETA_CATENIN_SIGNALING,0.030717651350524625,0.31006532818801064,0.0,0.4106270562489871,0.015358825675262313
HALLMARK_BILE_ACID_METABOLISM,HALLMARK_XENOBIOTIC_METABOLISM,0.04511554415846093,0.13588791112914908,0.04,0.21151549063939976,0.04255777207923046
HALLMARK_CHOLESTEROL_HOMEOSTASIS,HALLMARK_COAGULATION,-0.096426840459959,0.001407153030225786,0.0143540669856459,0.004454166568544154,0.05539045372280245
HALLMARK_CHOLESTEROL_HOMEOSTASIS,HALLMARK_COMPLEMENT,-0.029328934998817353,0.3324585312114427,0.0223880597014925,0.4351086546303604,0.025858497350154927
HALLMARK_CHOLESTEROL_HOMEOSTASIS,HALLMARK_DNA_REPAIR,0.19107892853923608,1.870249937511079e-10,0.0,2.1819582604295924e-09,0.09553946426961804
HALLMARK_CHOLESTEROL_HOMEOSTASIS,HALLMARK_E2F_TARGETS,-0.09959236480605553,0.0009719522405431573,0.0,0.0032831541100322706,0.049796182403027765
HALLMARK_CHOLESTEROL_HOMEOSTASIS,HALLMARK_EPITHELIAL_MESENCHYMAL_TRANSITION,0.1227403014773136,4.6917083302552375e-05,0.0073529411764705,0.0002253859884142222,0.06504662132689205
HALLMARK_CHOLESTEROL_HOMEOSTASIS,HALLMARK_ESTROGEN_RESPONSE_EARLY,-0.08421561322423134,0.005315643986025721,0.0148148148148148,0.014064068861515138,0.049515214019523066
HALLMARK_CHOLESTEROL_HOMEOSTASIS,HALLMARK_ESTROGEN_RESPONSE_LATE,0.042827754639128,0.15689650917213493,0.0185873605947955,0.23875555743585752,0.030707557616961752
HALLMARK_CHOLESTEROL_HOMEOSTASIS,HALLMARK_FATTY_ACID_METABOLISM,0.10295112117335176,0.0006487958290712197,0.0311111111111111,0.002290417552196669,0.06703111614223142
HALLMARK_CHOLESTEROL_HOMEOSTASIS,HALLMARK_G2M_CHECKPOINT,0.10351802452684802,0.0006052955587082973,0.0073529411764705,0.002153719350700043,0.055435482851659265
HALLMARK_CHOLESTEROL_HOMEOSTASIS,HALLMARK_GLYCOLYSIS,-0.1346581044008552,7.85182312931736e-06,0.011070110701107,4.352254901997179e-05,0.0728641075509811
HALLMARK_CHOLESTEROL_HOMEOSTASIS,HALLMARK_HEDGEHOG_SIGNALING,0.0009766027524368383,0.9742608230616143,0.0,0.9822794306588293,0.0004883013762184192
HALLMARK_CHOLESTEROL_HOMEOSTASIS,HALLMARK_HEME_METABOLISM,0.09607293934704726,0.0014656221301363485,0.0,0.0046035566908128895,0.04803646967352363
HALLMARK_CHOLESTEROL_HOMEOSTASIS,HALLMARK_HYPOXIA,-0.16793316459554172,2.298570897414806e-08,0.0262172284644194,1.9553814925924565e-07,0.09707519652998056
HALLMARK_CHOLESTEROL_HOMEOSTASIS,HALLMARK_IL2_STAT5_SIGNALING,0.17361351490534904,7.480537370668052e-09,0.0111111111111111,6.838550954528631e-08,0.09236231300823007
HALLMARK_CHOLESTEROL_HOMEOSTASIS,HALLMARK_IL6_JAK_STAT3_SIGNALING,-0.20282693984433542,1.2748020995559582e-11,0.0125786163522012,1.7745824681318736e-10,0.10770277809826831
HALLMARK_CHOLESTEROL_HOMEOSTASIS,HALLMARK_INFLAMMATORY_RESPONSE,-0.006048980032906413,0.8416001039586521,0.0073529411764705,0.8848406071970328,0.006700960604688456
HALLMARK_CHOLESTEROL_HOMEOSTASIS,HALLMARK_INTERFERON_ALPHA_RESPONSE,2.241706149279021e-05,0.9994090774030258,0.0058823529411764,0.9994090774030258,0.0029523850013345953
HALLMARK_CHOLESTEROL_HOMEOSTASIS,HALLMARK_INTERFERON_GAMMA_RESPONSE,-0.009388069715179075,0.7564327803394842,0.0036630036630036,0.8120261192435244,0.006525536689091337
HALLMARK_CHOLESTEROL_HOMEOSTASIS,HALLMARK_KRAS_SIGNALING_DN,0.08850142455872723,0.0033934640369007365,0.0,0.009689961410730542,0.04425071227936361
HALLMARK_CHOLESTEROL_HOMEOSTASIS,HALLMARK_KRAS_SIGNALING_UP,-0.10584612266343048,0.0004535566850489872,0.0073529411764705,0.0016684893068618898,0.056599531919950485
HALLMARK_CHOLESTEROL_HOMEOSTASIS,HALLMARK_MITOTIC_SPINDLE,-0.03168024013843288,0.29514105367156024,0.0,0.3938429093111779,0.01584012006921644
HALLMARK_CHOLESTEROL_HOMEOSTASIS,HALLMARK_MTORC1_SIGNALING,0.3953208938249793,3.078568475191394e-42,0.0745098039215686,1.7958316105283131e-40,0.23491534887327395
HALLMARK_CHOLESTEROL_HOMEOSTASIS,HALLMARK_MYC_TARGETS_V1,-0.20916997667043835,2.7889696014100487e-12,0.0,4.270609702159137e-11,0.10458498833521918
HALLMARK_CHOLESTEROL_HOMEOSTASIS,HALLMARK_MYC_TARGETS_V2,0.07696736729085608,0.010877325251300996,0.0076335877862595,0.026024850454772888,0.04230047753855779
HALLMARK_CHOLESTEROL_HOMEOSTASIS,HALLMARK_MYOGENESIS,0.03476863844163245,0.25054411766153084,0.011070110701107,0.3467983549552263,0.022919374571369725
HALLMARK_CHOLESTEROL_HOMEOSTASIS,HALLMARK_NOTCH_SIGNALING,-0.008204945749544711,0.7863307326052835,0.0095238095238095,0.8361589821540558,0.008864377636677107
HALLMARK_CHOLESTEROL_HOMEOSTASIS,HALLMARK_OXIDATIVE_PHOSPHORYLATION,-0.14637534131189453,1.1612447977272705e-06,0.0036630036630036,7.486973037978454e-06,0.07501917248744906
HALLMARK_CHOLESTEROL_HOMEOSTASIS,HALLMARK_P53_PATHWAY,0.0960119782392847,0.0014759166048577044,0.0073529411764705,0.004612239390180326,0.051682459707877604
HALLMARK_CHOLESTEROL_HOMEOSTASIS,HALLMARK_PANCREAS_BETA_CELLS,0.020122442855401684,0.5061338100580097,0.0,0.6025402500690592,0.010061221427700842
HALLMARK_CHOLESTEROL_HOMEOSTASIS,HALLMARK_PEROXISOME,-0.13117309392738852,1.3459564768401678e-05,0.0171428571428571,7.168681235344371e-05,0.07415797553512281
HALLMARK_CHOLESTEROL_HOMEOSTASIS,HALLMARK_PI3K_AKT_MTOR_SIGNALING,-0.04704905295292489,0.11988385561512652,0.0056179775280898,0.19097233176661896,0.026333515240507345
HALLMARK_CHOLESTEROL_HOMEOSTASIS,HALLMARK_PROTEIN_SECRETION,-0.13792839456255698,4.6774176932778395e-06,0.0,2.76983056221598e-05,0.06896419728127849
HALLMARK_CHOLESTEROL_HOMEOSTASIS,HALLMARK_REACTIVE_OXYGEN_SPECIES_PATHWAY,0.010253628189920112,0.7347853944067698,0.0,0.7944502278449188,0.005126814094960056
HALLMARK_CHOLESTEROL_HOMEOSTASIS,HALLMARK_SPERMATOGENESIS,-0.050298725362450336,0.09634952144029772,0.0,0.16080131303046963,0.025149362681225168
HALLMARK_CHOLESTEROL_HOMEOSTASIS,HALLMARK_TGF_BETA_SIGNALING,-0.034171614155481735,0.25877688094930895,0.0078740157480314,0.3546223455865695,0.021022814951756567
HALLMARK_CHOLESTEROL_HOMEOSTASIS,HALLMARK_TNFA_SIGNALING_VIA_NFKB,0.20926392378184638,2.725887769089176e-12,0.0223880597014925,4.226851287511697e-11,0.11582599174166944
HALLMARK_CHOLESTEROL_HOMEOSTASIS,HALLMARK_UNFOLDED_PROTEIN_RESPONSE,-0.08604534476298238,0.004398976027628941,0.0053763440860215,0.0121095407502145,0.04571084442450194
HALLMARK_CHOLESTEROL_HOMEOSTASIS,HALLMARK_UV_RESPONSE_DN,-0.08156212909687964,0.006951973708504014,0.0092592592592592,0.01777905593510943,0.04541069417806942
HALLMARK_CHOLESTEROL_HOMEOSTASIS,HALLMARK_UV_RESPONSE_UP,-0.13574734689287618,6.616295857003888e-06,0.008695652173913,3.769749965037099e-05,0.07222149953339459
HALLMARK_CHOLESTEROL_HOMEOSTASIS,HALLMARK_WNT_BETA_CATENIN_SIGNALING,-0.01916201630480618,0.526648675560369,0.0265486725663716,0.6185143454642337,0.02285534443558889
HALLMARK_CHOLESTEROL_HOMEOSTASIS,HALLMARK_XENOBIOTIC_METABOLISM,-0.04862378537912394,0.10797179021685803,0.0073529411764705,0.17711345210964982,0.02798836327779722
HALLMARK_COAGULATION,HALLMARK_COMPLEMENT,0.4011585551082169,1.484888240626545e-43,0.2028469750889679,1.0105489415375099e-41,0.3020027650985924
HALLMARK_COAGULATION,HALLMARK_DNA_REPAIR,0.04207219422629247,0.16434950580826557,0.0034843205574912,0.24713129616133486,0.022778257391891835
HALLMARK_COAGULATION,HALLMARK_E2F_TARGETS,-0.07012738617002455,0.020356299570849522,0.0,0.04484348150290298,0.035063693085012275
HALLMARK_COAGULATION,HALLMARK_EPITHELIAL_MESENCHYMAL_TRANSITION,0.5450968785731815,1.0936305949267084e-85,0.05625,1.3396974787852175e-83,0.30067343928659074
HALLMARK_COAGULATION,HALLMARK_ESTROGEN_RESPONSE_EARLY,0.04861947625345953,0.10800306018441504,0.0029673590504451,0.17711345210964982,0.025793417651952318
HALLMARK_COAGULATION,HALLMARK_ESTROGEN_RESPONSE_LATE,0.016973893256764086,0.5749192350186122,0.0180722891566265,0.6619135929490602,0.01752309120669529
HALLMARK_COAGULATION,HALLMARK_FATTY_ACID_METABOLISM,0.039104490148098775,0.19621070856244752,0.0033898305084745,0.28580037810820236,0.02124716032828664
HALLMARK_COAGULATION,HALLMARK_G2M_CHECKPOINT,0.07612432914279965,0.01178089957132994,0.0,0.02796822088154879,0.038062164571399826
HALLMARK_COAGULATION,HALLMARK_GLYCOLYSIS,-0.09077632990619602,0.002653520951177347,0.0059523809523809,0.007721052648912707,0.048364355429288464
HALLMARK_COAGULATION,HALLMARK_HEDGEHOG_SIGNALING,-0.03649946389019177,0.22771491528244864,0.0057803468208092,0.3213718562453913,0.021139905355500484
HALLMARK_COAGULATION,HALLMARK_HEME_METABOLISM,-0.04909702035787475,0.10458100809156524,0.0119760479041916,0.1726573246794709,0.030536534131033174
HALLMARK_COAGULATION,HALLMARK_HYPOXIA,0.01644380852992801,0.5869198515798546,0.015015015015015,0.6706873303967555,0.015729411772471502
HALLMARK_COAGULATION,HALLMARK_IL2_STAT5_SIGNALING,0.04609297617671318,0.12760289908482939,0.0150602409638554,0.20091716115541902,0.03057660857028429
HALLMARK_COAGULATION,HALLMARK_IL6_JAK_STAT3_SIGNALING,-0.11564219367129283,0.0001263646337751306,0.0180995475113122,0.0005528452727661963,0.06687087059130252
HALLMARK_COAGULATION,HALLMARK_INFLAMMATORY_RESPONSE,0.11007151991696917,0.00026468495921845575,0.0273556231003039,0.0010493173949598974,0.06871357150863654
HALLMARK_COAGULATION,HALLMARK_INTERFERON_ALPHA_RESPONSE,-0.0032960121745419417,0.9132869776097234,0.0042735042735042,0.9393589820083218,0.003784758224023071
HALLMARK_COAGULATION,HALLMARK_INTERFERON_GAMMA_RESPONSE,0.0017741915599263044,0.9532583357159444,0.015015015015015,0.9687497274181275,0.008394603287470652
HALLMARK_COAGULATION,HALLMARK_KRAS_SIGNALING_DN,0.08452171786755364,0.005151195520037118,0.008955223880597,0.01368810089380796,0.046738470874075316
HALLMARK_COAGULATION,HALLMARK_KRAS_SIGNALING_UP,0.23756776736859506,1.6791544279417255e-15,0.0304878048780487,3.5464899555665755e-14,0.1340277861233219
HALLMARK_COAGULATION,HALLMARK_MITOTIC_SPINDLE,-0.06778473566173286,0.0249586838521873,0.0029761904761904,0.05298854024077893,0.03538046306896163
HALLMARK_COAGULATION,HALLMARK_MTORC1_SIGNALING,0.04142093040318931,0.17098476967975634,0.008955223880597,0.25605909884804584,0.025188077141893153
HALLMARK_COAGULATION,HALLMARK_MYC_TARGETS_V1,-0.042506836847652114,0.1600302310947038,0.0,0.2417226055376229,0.021253418423826057
HALLMARK_COAGULATION,HALLMARK_MYC_TARGETS_V2,0.02581030011222286,0.3937374302406239,0.0,0.49469574568693775,0.01290515005611143
HALLMARK_COAGULATION,HALLMARK_MYOGENESIS,-0.05177163751971961,0.08697558701117125,0.015015015015015,0.1479670790585236,0.0333933262673673
HALLMARK_COAGULATION,HALLMARK_NOTCH_SIGNALING,-0.12312829680136206,4.437345004478202e-05,0.0,0.00021570427105102371,0.06156414840068103
HALLMARK_COAGULATION,HALLMARK_OXIDATIVE_PHOSPHORYLATION,-0.021301213289898917,0.48154093276997284,0.0029673590504451,0.5788887562740106,0.012134286170172008
HALLMARK_COAGULATION,HALLMARK_P53_PATHWAY,0.02860017440939822,0.3446170922030859,0.0059523809523809,0.4467258602632595,0.01727627768088956
HALLMARK_COAGULATION,HALLMARK_PANCREAS_BETA_CELLS,0.04080415891737132,0.1774514297784905,0.0056497175141242,0.26253381821093097,0.02322693821574776
HALLMARK_COAGULATION,HALLMARK_PEROXISOME,-0.11537428967670754,0.00013103911648491327,0.0,0.0005712559348541593,0.05768714483835377
HALLMARK_COAGULATION,HALLMARK_PI3K_AKT_MTOR_SIGNALING,-0.031220936276474473,0.3022012469906701,0.0041322314049586,0.40195062710485435,0.017676583840716537
HALLMARK_COAGULATION,HALLMARK_PROTEIN_SECRETION,-0.15710958784104267,1.7601639291817246e-07,0.0042918454935622,1.2758584693772858e-06,0.08070071666730244
HALLMARK_COAGULATION,HALLMARK_REACTIVE_OXYGEN_SPECIES_PATHWAY,0.10993235044965084,0.0002695041680077727,0.0,0.0010649761477726503,0.05496617522482542
HALLMARK_COAGULATION,HALLMARK_SPERMATOGENESIS,0.029112386642371563,0.33604215969938495,0.0,0.438861029458152,0.014556193321185781
HALLMARK_COAGULATION,HALLMARK_TGF_BETA_SIGNALING,0.08086872520395869,0.007448141408530805,0.0212765957446808,0.018968759304470346,0.05107266047431974
HALLMARK_COAGULATION,HALLMARK_TNFA_SIGNALING_VIA_NFKB,-0.0517530388181843,0.08708919510301674,0.0211480362537764,0.1479670790585236,0.03645053753598035
HALLMARK_COAGULATION,HALLMARK_UNFOLDED_PROTEIN_RESPONSE,0.06593227108700328,0.02921049121373651,0.0,0.06014972929214236,0.03296613554350164
HALLMARK_COAGULATION,HALLMARK_UV_RESPONSE_DN,-0.10350105020686846,0.0006065576946869508,0.014388489208633,0.002153719350700043,0.058944769707750734
HALLMARK_COAGULATION,HALLMARK_UV_RESPONSE_UP,-0.0763458623107332,0.011537237661289971,0.0102389078498293,0.027442943951612068,0.04329238508028125
HALLMARK_COAGULATION,HALLMARK_WNT_BETA_CATENIN_SIGNALING,0.006143728115576915,0.8391525891797139,0.0,0.8831287987501285,0.0030718640577884573
HALLMARK_COAGULATION,HALLMARK_XENOBIOTIC_METABOLISM,-0.04305381784841523,0.15471707497731557,0.0336391437308868,0.23602542571259225,0.038346480789651013
HALLMARK_COMPLEMENT,HALLMARK_DNA_REPAIR,0.016478114624475286,0.5861396980084788,0.0028653295128939,0.6704212232123122,0.009671722068684593
HALLMARK_COMPLEMENT,HALLMARK_E2F_TARGETS,-0.010532237930039576,0.7278610309842622,0.0,0.7897517829545804,0.005266118965019788
HALLMARK_COMPLEMENT,HALLMARK_EPITHELIAL_MESENCHYMAL_TRANSITION,0.007764646428759832,0.797540723546787,0.0309278350515463,0.8473437869425967,0.019346240740153064
HALLMARK_COMPLEMENT,HALLMARK_ESTROGEN_RESPONSE_EARLY,-0.04637380623245973,0.12529655590595104,0.0050251256281407,0.1980493948190839,0.025699465930300213
HALLMARK_COMPLEMENT,HALLMARK_ESTROGEN_RESPONSE_LATE,0.0344414790565154,0.2550326347340185,0.015228426395939,0.35063409377011523,0.0248349527262272
HALLMARK_COMPLEMENT,HALLMARK_FATTY_ACID_METABOLISM,-0.021755451940343264,0.4722403564274348,0.0112994350282485,0.5699452577572488,0.016527443484295884
HALLMARK_COMPLEMENT,HALLMARK_G2M_CHECKPOINT,0.024616342133391096,0.41599191803394847,0.0,0.5165371319138492,0.012308171066695548
HALLMARK_COMPLEMENT,HALLMARK_GLYCOLYSIS,0.1612190895997082,8.256016323633295e-08,0.0126582278481012,6.242975306451103e-07,0.0869386587239047
HALLMARK_COMPLEMENT,HALLMARK_HEDGEHOG_SIGNALING,0.0038204212991249696,0.899558571771481,0.0085470085470085,0.9283565715417559,0.006183714923066734
HALLMARK_COMPLEMENT,HALLMARK_HEME_METABOLISM,0.0875607305874763,0.003750870242390776,0.0126582278481012,0.010587133748683643,0.050109479217788744
HALLMARK_COMPLEMENT,HALLMARK_HYPOXIA,-0.08455568851113011,0.005133231461826685,0.0282776349614395,0.013670018566821063,0.056416661736284804
HALLMARK_COMPLEMENT,HALLMARK_IL2_STAT5_SIGNALING,-0.02617414135336143,0.38710149550122064,0.015267175572519,0.48886529071030443,0.020720658462940213
HALLMARK_COMPLEMENT,HALLMARK_IL6_JAK_STAT3_SIGNALING,0.19294743828570945,1.2336656645234233e-10,0.025,1.5265054939810037e-09,0.10897371914285472
HALLMARK_COMPLEMENT,HALLMARK_INFLAMMATORY_RESPONSE,-0.005374205955701302,0.8590736146099112,0.0554089709762532,0.8948683485519908,0.03039158846597725
HALLMARK_COMPLEMENT,HALLMARK_INTERFERON_ALPHA_RESPONSE,-0.0649383296004614,0.031738348630749605,0.0276816608996539,0.06426359846722028,0.046309995250057655
HALLMARK_COMPLEMENT,HALLMARK_INTERFERON_GAMMA_RESPONSE,0.0694292431914709,0.021643582990146768,0.0610079575596817,0.04695065164757049,0.0652186003755763
HALLMARK_COMPLEMENT,HALLMARK_KRAS_SIGNALING_DN,-0.09227116962068262,0.002250897499022166,0.0075566750629722,0.006676390886930153,0.049913922341827406
HALLMARK_COMPLEMENT,HALLMARK_KRAS_SIGNALING_UP,0.19747919771399397,4.419542762044811e-11,0.0256410256410256,5.698884087899888e-10,0.11156011167750979
HALLMARK_COMPLEMENT,HALLMARK_MITOTIC_SPINDLE,0.010848218112982722,0.7200346801938461,0.0025125628140703,0.7840377628777435,0.006680390463526511
HALLMARK_COMPLEMENT,HALLMARK_MTORC1_SIGNALING,-0.08042708898286217,0.007780461881005994,0.0126582278481012,0.019611246510766137,0.046542658415481684
HALLMARK_COMPLEMENT,HALLMARK_MYC_TARGETS_V1,-0.07488609543669393,0.013228575917305105,0.0,0.03110365738713772,0.037443047718346965
HALLMARK_COMPLEMENT,HALLMARK_MYC_TARGETS_V2,-0.03358190383181787,0.2670907306344289,0.0,0.3631366759458106,0.016790951915908934
HALLMARK_COMPLEMENT,HALLMARK_MYOGENESIS,0.026897952314644407,0.3741043617031688,0.0126582278481012,0.475885610681601,0.019778090081372803
HALLMARK_COMPLEMENT,HALLMARK_NOTCH_SIGNALING,0.05475240321297746,0.07025545066271657,0.0,0.12365363083595948,0.02737620160648873
HALLMARK_COMPLEMENT,HALLMARK_OXIDATIVE_PHOSPHORYLATION,-0.011290878675520455,0.7091199045632939,0.0075566750629722,0.776293014378941,0.009423776869246328
HALLMARK_COMPLEMENT,HALLMARK_P53_PATHWAY,0.09667669266153538,0.0013671759464421755,0.0101010101010101,0.004338835581325557,0.05338885138127274
HALLMARK_COMPLEMENT,HALLMARK_PANCREAS_BETA_CELLS,-0.01390129846207704,0.6460249745025685,0.00418410041841,0.7228271237329185,0.00904269944024352
HALLMARK_COMPLEMENT,HALLMARK_PEROXISOME,0.09697042156515176,0.001321517426567549,0.0,0.004215778248815749,0.04848521078257588
HALLMARK_COMPLEMENT,HALLMARK_PI3K_AKT_MTOR_SIGNALING,-0.10941091967927388,0.00028830052520068667,0.0132890365448504,0.0011319491774706447,0.061349978112062144
HALLMARK_COMPLEMENT,HALLMARK_PROTEIN_SECRETION,0.09968419188655059,0.0009614236625932063,0.0068027210884353,0.003267017026748112,0.05324345648749294
HALLMARK_COMPLEMENT,HALLMARK_REACTIVE_OXYGEN_SPECIES_PATHWAY,0.0741626728039168,0.014145178826632611,0.0040322580645161,0.03294266932057975,0.039097465434216445
HALLMARK_COMPLEMENT,HALLMARK_SPERMATOGENESIS,-0.05695451913982465,0.05967542276459134,0.0029940119760479,0.10736507349001838,0.029974265557936274
HALLMARK_COMPLEMENT,HALLMARK_TGF_BETA_SIGNALING,-0.09516605449874262,0.0016258050146339422,0.0039525691699604,0.005042053526396403,0.049559311834351506
HALLMARK_COMPLEMENT,HALLMARK_TNFA_SIGNALING_VIA_NFKB,-0.09631894249989112,0.0014247475161399373,0.0416666666666666,0.004498236358946967,0.06899280458327886
HALLMARK_COMPLEMENT,HALLMARK_UNFOLDED_PROTEIN_RESPONSE,0.0068796531658163905,0.8201969269967436,0.0064308681672025,0.867652189612272,0.006655260666509445
HALLMARK_COMPLEMENT,HALLMARK_UV_RESPONSE_DN,0.07777507431105357,0.010069870846906668,0.0087976539589442,0.02437863989616733,0.04328636413499889
HALLMARK_COMPLEMENT,HALLMARK_UV_RESPONSE_UP,0.11915493161661284,7.792088951204722e-05,0.028735632183908,0.00035884620170021747,0.07394528190026042
HALLMARK_COMPLEMENT,HALLMARK_WNT_BETA_CATENIN_SIGNALING,-0.042752244262560864,0.1576296458501789,0.0041493775933609,0.2395735932586466,0.02345081092796088
HALLMARK_COMPLEMENT,HALLMARK_XENOBIOTIC_METABOLISM,0.12566403188629735,3.070094643978668e-05,0.0256410256410256,0.00015350473219893337,0.07565252876366148
HALLMARK_DNA_REPAIR,HALLMARK_E2F_TARGETS,0.4010180471458698,1.598434936687958e-43,0.044776119402985,1.0305698933909202e-41,0.2228970832744274
HALLMARK_DNA_REPAIR,HALLMARK_EPITHELIAL_MESENCHYMAL_TRANSITION,0.003397140185222131,0.9106374260688268,0.0,0.9374208797767335,0.0016985700926110655
HALLMARK_DNA_REPAIR,HALLMARK_ESTROGEN_RESPONSE_EARLY,0.018476066427727957,0.5415559535747536,0.0028653295128939,0.6318152791705459,0.010670697970310929
HALLMARK_DNA_REPAIR,HALLMARK_ESTROGEN_RESPONSE_LATE,0.05547732062119835,0.0666147252578721,0.0028653295128939,0.11809412220100336,0.029171325067046127
HALLMARK_DNA_REPAIR,HALLMARK_FATTY_ACID_METABOLISM,-0.15324411287656373,3.5250198726011643e-07,0.0,2.453493945418424e-06,0.07662205643828186
HALLMARK_DNA_REPAIR,HALLMARK_G2M_CHECKPOINT,-0.16770890551983575,2.4008844415362875e-08,0.0057471264367816,2.0283334075047947e-07,0.08672801597830868
HALLMARK_DNA_REPAIR,HALLMARK_GLYCOLYSIS,0.07241412293706638,0.016595311225553657,0.0028653295128939,0.03757718345897085,0.03763972622498014
HALLMARK_DNA_REPAIR,HALLMARK_HEDGEHOG_SIGNALING,-0.01913991546621119,0.5271256952364571,0.0,0.6185143454642337,0.009569957733105596
HALLMARK_DNA_REPAIR,HALLMARK_HEME_METABOLISM,0.22996912291453497,1.3486597587016733e-14,0.0057471264367816,2.7535136740159166e-13,0.11785812467565829
HALLMARK_DNA_REPAIR,HALLMARK_HYPOXIA,0.025947062464283566,0.39123505614389875,0.0,0.4930688721978148,0.012973531232141783
HALLMARK_DNA_REPAIR,HALLMARK_IL2_STAT5_SIGNALING,-0.11044405932123164,0.000252178590273775,0.0086705202312138,0.0010095384741352104,0.05955728977622272
HALLMARK_DNA_REPAIR,HALLMARK_IL6_JAK_STAT3_SIGNALING,0.03327619460126941,0.27147211208824024,0.0,0.3677359626024698,0.016638097300634706
HALLMARK_DNA_REPAIR,HALLMARK_INFLAMMATORY_RESPONSE,-0.01570934513466121,0.6037362272211997,0.0057471264367816,0.6843118482419637,0.010728235785721404
HALLMARK_DNA_REPAIR,HALLMARK_INTERFERON_ALPHA_RESPONSE,0.084723573170497,0.005045279646099601,0.0040650406504065,0.013495585351881816,0.04439430691045175
HALLMARK_DNA_REPAIR,HALLMARK_INTERFERON_GAMMA_RESPONSE,-0.06134681297141543,0.04249106873053403,0.0086455331412103,0.08210025109606339,0.03499617305631286
HALLMARK_DNA_REPAIR,HALLMARK_KRAS_SIGNALING_DN,-0.153403898221468,3.4264198569637877e-07,0.0028653295128939,2.3984938998746517e-06,0.07813461386718094
HALLMARK_DNA_REPAIR,HALLMARK_KRAS_SIGNALING_UP,0.03132603088491534,0.3005759656754116,0.0,0.40022343255693393,0.01566301544245767
HALLMARK_DNA_REPAIR,HALLMARK_MITOTIC_SPINDLE,-0.13265372041522652,1.072266581861342e-05,0.0028735632183908,5.786460628987419e-05,0.06776364181680866
HALLMARK_DNA_REPAIR,HALLMARK_MTORC1_SIGNALING,-0.25195960159725334,2.649220861590936e-17,0.0086455331412103,6.240952991247877e-16,0.13030256736923182
HALLMARK_DNA_REPAIR,HALLMARK_MYC_TARGETS_V1,0.11706820223792185,0.00010401301377142399,0.023391812865497,0.0004667250617948512,0.07023000755170943
HALLMARK_DNA_REPAIR,HALLMARK_MYC_TARGETS_V2,0.33436670973182575,5.520707351322927e-30,0.0,2.7051466021482345e-28,0.16718335486591288
HALLMARK_DNA_REPAIR,HALLMARK_MYOGENESIS,0.1347864468525543,7.695540657956046e-06,0.0028653295128939,4.3045832447471034e-05,0.0688258881827241
HALLMARK_DNA_REPAIR,HALLMARK_NOTCH_SIGNALING,-0.05211897964352727,0.08487575134739456,0.005524861878453,0.14562016162543184,0.028821920760990133
HALLMARK_DNA_REPAIR,HALLMARK_OXIDATIVE_PHOSPHORYLATION,0.468882126716972,6.908461937577198e-61,0.0115606936416184,5.641910582354712e-59,0.2402214101792952
HALLMARK_DNA_REPAIR,HALLMARK_P53_PATHWAY,-0.04821917453923628,0.11093927823668924,0.0294117647058823,0.17964411409325376,0.03881546962255929
HALLMARK_DNA_REPAIR,HALLMARK_PANCREAS_BETA_CELLS,0.043348634949590535,0.15190939685538288,0.0,0.23232086285623477,0.021674317474795268
HALLMARK_DNA_REPAIR,HALLMARK_PEROXISOME,0.08327993725655265,0.0058480843531814155,0.0079365079365079,0.015307485753519732,0.04560822259653027
HALLMARK_DNA_REPAIR,HALLMARK_PI3K_AKT_MTOR_SIGNALING,0.19051411877362454,2.1191662574455443e-10,0.0,2.4036839494174e-09,0.09525705938681227
HALLMARK_DNA_REPAIR,HALLMARK_PROTEIN_SECRETION,0.058408792636837466,0.05343972778867844,0.0081967213114754,0.09829379360530194,0.03330275697415643
HALLMARK_DNA_REPAIR,HALLMARK_REACTIVE_OXYGEN_SPECIES_PATHWAY,-0.057966326549413985,0.0552766800157394,0.0101522842639593,0.10121664128442566,0.03405930540668664
HALLMARK_DNA_REPAIR,HALLMARK_SPERMATOGENESIS,0.03332829332852367,0.2707219859200271,0.0035211267605633,0.36725850803104454,0.018424710044543484
HALLMARK_DNA_REPAIR,HALLMARK_TGF_BETA_SIGNALING,0.21039166614554017,2.069528160216149e-12,0.0,3.335752626664188e-11,0.10519583307277008
HALLMARK_DNA_REPAIR,HALLMARK_TNFA_SIGNALING_VIA_NFKB,-0.11695985913996708,0.00010557088436922696,0.0028653295128939,0.00047198661807409866,0.059912594326430486
HALLMARK_DNA_REPAIR,HALLMARK_UNFOLDED_PROTEIN_RESPONSE,0.0671993543811504,0.02624038806237307,0.0,0.0549478211562513,0.0335996771905752
HALLMARK_DNA_REPAIR,HALLMARK_UV_RESPONSE_DN,-0.2065904937722676,5.204932179089884e-12,0.0,7.590526094506081e-11,0.1032952468861338
HALLMARK_DNA_REPAIR,HALLMARK_UV_RESPONSE_UP,0.0604339257063958,0.04566959702319739,0.0098360655737704,0.08620224399601972,0.0351349956400831
HALLMARK_DNA_REPAIR,HALLMARK_WNT_BETA_CATENIN_SIGNALING,0.1022884158287883,0.0007033218325221812,0.0052356020942408,0.0024546132331614585,0.05376200896151455
HALLMARK_DNA_REPAIR,HALLMARK_XENOBIOTIC_METABOLISM,-0.037563028555253425,0.21444319123702285,0.0057471264367816,0.30581246713079513,0.021655077496017514
HALLMARK_E2F_TARGETS,HALLMARK_EPITHELIAL_MESENCHYMAL_TRANSITION,0.082767700893526,0.006159478759063755,0.0025062656641604,0.01598593533867182,0.0426369832788432
HALLMARK_E2F_TARGETS,HALLMARK_ESTROGEN_RESPONSE_EARLY,-0.06746088631382144,0.02566090221178355,0.0025062656641604,0.05401134915710455,0.03498357598899092
HALLMARK_E2F_TARGETS,HALLMARK_ESTROGEN_RESPONSE_LATE,0.004099375304497895,0.8922678332436825,0.0101010101010101,0.9223865786696296,0.007100192702753997
HALLMARK_E2F_TARGETS,HALLMARK_FATTY_ACID_METABOLISM,0.20649773286126896,5.32223023425885e-12,0.0056179775280898,7.613767796260954e-11,0.10605785519467938
HALLMARK_E2F_TARGETS,HALLMARK_G2M_CHECKPOINT,0.7594290832024948,4.302105589639075e-206,0.2232415902140672,1.7566931157692888e-203,0.491335336708281
HALLMARK_E2F_TARGETS,HALLMARK_GLYCOLYSIS,-0.046172469126983605,0.12694673479973256,0.0178117048346055,0.20032124594621872,0.03199208698079455
HALLMARK_E2F_TARGETS,HALLMARK_HEDGEHOG_SIGNALING,0.03226318951792557,0.2863403573806278,0.0,0.3846128703851634,0.016131594758962784
HALLMARK_E2F_TARGETS,HALLMARK_HEME_METABOLISM,0.07302303908386114,0.01570281539838481,0.0025062656641604,0.03582113382313108,0.03776465237401077
HALLMARK_E2F_TARGETS,HALLMARK_HYPOXIA,-0.046804825251480706,0.121820049050767,0.0050251256281407,0.193553255625408,0.0259149754398107
HALLMARK_E2F_TARGETS,HALLMARK_IL2_STAT5_SIGNALING,0.04849293665425346,0.10892451408801514,0.0050377833753148,0.17791003967709138,0.026765360014784127
HALLMARK_E2F_TARGETS,HALLMARK_IL6_JAK_STAT3_SIGNALING,0.10677484596481333,0.00040358237996316395,0.0,0.0015118911787610882,0.05338742298240667
HALLMARK_E2F_TARGETS,HALLMARK_INFLAMMATORY_RESPONSE,0.06157424695664485,0.04172891299901471,0.0050251256281407,0.08088278231612821,0.03329968629239278
HALLMARK_E2F_TARGETS,HALLMARK_INTERFERON_ALPHA_RESPONSE,0.023528966068882058,0.43689079479876,0.0,0.5357269505790601,0.011764483034441029
HALLMARK_E2F_TARGETS,HALLMARK_INTERFERON_GAMMA_RESPONSE,-0.042653438780572775,0.15859286770927702,0.0050251256281407,0.23984723820230167,0.023839282204356736
HALLMARK_E2F_TARGETS,HALLMARK_KRAS_SIGNALING_DN,0.04467525261731171,0.1397528519197588,0.0025062656641604,0.2169800299134405,0.023590759140736054
HALLMARK_E2F_TARGETS,HALLMARK_KRAS_SIGNALING_UP,0.014058603956348233,0.6422973481014534,0.0,0.7211862982807337,0.007029301978174116
HALLMARK_E2F_TARGETS,HALLMARK_MITOTIC_SPINDLE,-0.04088671443158457,0.17657546655780895,0.05,0.26156235905590725,0.04544335721579229
HALLMARK_E2F_TARGETS,HALLMARK_MTORC1_SIGNALING,0.17392794651090174,7.022138701809025e-09,0.0362694300518134,6.516757507360649e-08,0.10509868828135757
HALLMARK_E2F_TARGETS,HALLMARK_MYC_TARGETS_V1,0.1214924293498917,5.606657882740672e-05,0.0958904109589041,0.0002631477358757595,0.1086914201543979
HALLMARK_E2F_TARGETS,HALLMARK_MYC_TARGETS_V2,-0.16646605686884278,3.053028987959513e-08,0.048780487804878,2.493307006833602e-07,0.10762327233686039
HALLMARK_E2F_TARGETS,HALLMARK_MYOGENESIS,-0.09874011250804206,0.0010748819793639723,0.0025062656641604,0.0035491386111074553,0.05062318908610123
HALLMARK_E2F_TARGETS,HALLMARK_NOTCH_SIGNALING,-0.13663263296339195,5.751222706183585e-06,0.0,3.2921718762032205e-05,0.06831631648169598
HALLMARK_E2F_TARGETS,HALLMARK_OXIDATIVE_PHOSPHORYLATION,-0.25964179754652095,2.5893809292910574e-18,0.0,6.608315913294887e-17,0.12982089877326047
HALLMARK_E2F_TARGETS,HALLMARK_P53_PATHWAY,0.33356155615074673,7.701149851374075e-30,0.0178117048346055,3.6284263722820157e-28,0.1756866304926761
HALLMARK_E2F_TARGETS,HALLMARK_PANCREAS_BETA_CELLS,-0.12201879587922274,5.201843332216849e-05,0.0,0.0002489163313267828,0.06100939793961137
HALLMARK_E2F_TARGETS,HALLMARK_PEROXISOME,-0.10747441347536513,0.0003693841215569819,0.0099667774086378,0.001405265679836344,0.058720595442001464
HALLMARK_E2F_TARGETS,HALLMARK_PI3K_AKT_MTOR_SIGNALING,-0.025484365687656246,0.39974002113669366,0.0132890365448504,0.5012093407292219,0.019386701116253322
HALLMARK_E2F_TARGETS,HALLMARK_PROTEIN_SECRETION,-0.059744357640210285,0.04820117114338956,0.0068027210884353,0.09000980891867714,0.03327353936432279
HALLMARK_E2F_TARGETS,HALLMARK_REACTIVE_OXYGEN_SPECIES_PATHWAY,-0.07087863949673183,0.01904608401192686,0.0040322580645161,0.0422671248453087,0.037455448780623964
HALLMARK_E2F_TARGETS,HALLMARK_SPERMATOGENESIS,-0.033262167217111706,0.27167432339202874,0.0182370820668693,0.3677359626024698,0.0257496246419905
HALLMARK_E2F_TARGETS,HALLMARK_TGF_BETA_SIGNALING,-0.11898973299584162,7.97368196728595e-05,0.0,0.00036583372321817565,0.05949486649792081
HALLMARK_E2F_TARGETS,HALLMARK_TNFA_SIGNALING_VIA_NFKB,-0.11947624008286124,7.450019648443054e-05,0.0050251256281407,0.0003443877007299147,0.06225068285550097
HALLMARK_E2F_TARGETS,HALLMARK_UNFOLDED_PROTEIN_RESPONSE,-0.06102906221244073,0.04357554756926768,0.019543973941368,0.08353684784405775,0.040286518076904365
HALLMARK_E2F_TARGETS,HALLMARK_UV_RESPONSE_DN,0.060682050639427276,0.04478647119820792,0.0058479532163742,0.0851916571705042,0.03326500192790074
HALLMARK_E2F_TARGETS,HALLMARK_UV_RESPONSE_UP,0.07962368367279386,0.008419179049092453,0.0084507042253521,0.020825282916474428,0.04403719394907298
HALLMARK_E2F_TARGETS,HALLMARK_WNT_BETA_CATENIN_SIGNALING,0.026198165878217543,0.38666573390769043,0.0083333333333333,0.48886529071030443,0.01726574960577542
HALLMARK_E2F_TARGETS,HALLMARK_XENOBIOTIC_METABOLISM,-0.07767721174742576,0.010164778641944535,0.0,0.024463367065583608,0.03883860587371288
HALLMARK_EPITHELIAL_MESENCHYMAL_TRANSITION,HALLMARK_ESTROGEN_RESPONSE_EARLY,0.02025683864197238,0.5032969521427922,0.015228426395939,0.5997458816876658,0.017742632518955692
HALLMARK_EPITHELIAL_MESENCHYMAL_TRANSITION,HALLMARK_ESTROGEN_RESPONSE_LATE,-0.05616055993398207,0.06332676679238108,0.0204081632653061,0.11291890730810311,0.03828436159964409
HALLMARK_EPITHELIAL_MESENCHYMAL_TRANSITION,HALLMARK_FATTY_ACID_METABOLISM,-0.06964506807185462,0.021238275704706547,0.0056179775280898,0.04629339455207388,0.037631522799972214
HALLMARK_EPITHELIAL_MESENCHYMAL_TRANSITION,HALLMARK_G2M_CHECKPOINT,-0.0897828282419502,0.0029563859547957925,0.0050251256281407,0.008521347752058461,0.04740397693504545
HALLMARK_EPITHELIAL_MESENCHYMAL_TRANSITION,HALLMARK_GLYCOLYSIS,0.22255472582809488,9.598536493567447e-14,0.0362694300518134,1.704088000669583e-12,0.12941207793995413
HALLMARK_EPITHELIAL_MESENCHYMAL_TRANSITION,HALLMARK_HEDGEHOG_SIGNALING,0.006448463414673927,0.8312913651376448,0.0128755364806866,0.8763613789101676,0.009661999947680263
HALLMARK_EPITHELIAL_MESENCHYMAL_TRANSITION,HALLMARK_HEME_METABOLISM,-0.08004170979629288,0.008081224208708715,0.0025062656641604,0.02024437557396355,0.04127398773022664
HALLMARK_EPITHELIAL_MESENCHYMAL_TRANSITION,HALLMARK_HYPOXIA,-0.02741164237850056,0.36504586432663044,0.0471204188481675,0.4667862043842612,0.03726603061333403
HALLMARK_EPITHELIAL_MESENCHYMAL_TRANSITION,HALLMARK_IL2_STAT5_SIGNALING,-0.06347802495085249,0.03579086563496197,0.0257069408740359,0.07094467702723044,0.04459248291244419
HALLMARK_EPITHELIAL_MESENCHYMAL_TRANSITION,HALLMARK_IL6_JAK_STAT3_SIGNALING,-0.001726438031700442,0.9545150375458612,0.028673835125448,0.9687497274181275,0.015200136578574221
HALLMARK_EPITHELIAL_MESENCHYMAL_TRANSITION,HALLMARK_INFLAMMATORY_RESPONSE,-0.044538843130485714,0.14096725736255464,0.0335917312661498,0.21858846869510057,0.039065287198317755
HALLMARK_EPITHELIAL_MESENCHYMAL_TRANSITION,HALLMARK_INTERFERON_ALPHA_RESPONSE,-0.07010859398067022,0.020390056487442416,0.0033783783783783,0.04484348150290298,0.03674348617952426
HALLMARK_EPITHELIAL_MESENCHYMAL_TRANSITION,HALLMARK_INTERFERON_GAMMA_RESPONSE,0.06604391540387902,0.02893766430467284,0.0126582278481012,0.05977848022466144,0.03935107162599011
HALLMARK_EPITHELIAL_MESENCHYMAL_TRANSITION,HALLMARK_KRAS_SIGNALING_DN,-0.14598314463557371,1.2410472958922459e-06,0.0025062656641604,7.95959653124608e-06,0.07424470514986706
HALLMARK_EPITHELIAL_MESENCHYMAL_TRANSITION,HALLMARK_KRAS_SIGNALING_UP,-0.3121885393611591,3.706420607251815e-26,0.0230179028132992,1.3354015423186686e-24,0.16760322108722914
HALLMARK_EPITHELIAL_MESENCHYMAL_TRANSITION,HALLMARK_MITOTIC_SPINDLE,0.06106790157191786,0.04344174934482241,0.0075757575757575,0.08344908315386111,0.034321829573837684
HALLMARK_EPITHELIAL_MESENCHYMAL_TRANSITION,HALLMARK_MTORC1_SIGNALING,-0.04836463350197836,0.1098651388387947,0.0050251256281407,0.17920745016980494,0.026694879565059528
HALLMARK_EPITHELIAL_MESENCHYMAL_TRANSITION,HALLMARK_MYC_TARGETS_V1,-0.03732917443184797,0.21731248325874564,0.0025062656641604,0.30954394417670167,0.019917720048004184
HALLMARK_EPITHELIAL_MESENCHYMAL_TRANSITION,HALLMARK_MYC_TARGETS_V2,0.04892650155051177,0.10579292955111885,0.0,0.17442306689114484,0.024463250775255886
HALLMARK_EPITHELIAL_MESENCHYMAL_TRANSITION,HALLMARK_MYOGENESIS,0.2569907384634874,5.828154334294367e-18,0.0526315789473684,1.42789781190212e-16,0.15481115870542791
HALLMARK_EPITHELIAL_MESENCHYMAL_TRANSITION,HALLMARK_NOTCH_SIGNALING,0.1265975877017951,2.6759975947457783e-05,0.008695652173913,0.00013434823990014666,0.06764661993785405
HALLMARK_EPITHELIAL_MESENCHYMAL_TRANSITION,HALLMARK_OXIDATIVE_PHOSPHORYLATION,0.11129351601515662,0.00022570138804442382,0.0,0.0009277993300483865,0.05564675800757831
HALLMARK_EPITHELIAL_MESENCHYMAL_TRANSITION,HALLMARK_P53_PATHWAY,-0.01953619643448378,0.5186060030353422,0.0178117048346055,0.611213054289756,0.01867395063454464
HALLMARK_EPITHELIAL_MESENCHYMAL_TRANSITION,HALLMARK_PANCREAS_BETA_CELLS,-0.00014250313168001426,0.9962435746670403,0.0,0.9978727546746724,7.125156584000713e-05
HALLMARK_EPITHELIAL_MESENCHYMAL_TRANSITION,HALLMARK_PEROXISOME,0.0438468919927552,0.14725257582774726,0.0033003300330033,0.22632924139145594,0.02357361101287925
HALLMARK_EPITHELIAL_MESENCHYMAL_TRANSITION,HALLMARK_PI3K_AKT_MTOR_SIGNALING,-0.09216731150642887,0.00227695172630174,0.0,0.0067373571611585295,0.046083655753214436
HALLMARK_EPITHELIAL_MESENCHYMAL_TRANSITION,HALLMARK_PROTEIN_SECRETION,-0.003920476510809689,0.8969425236024621,0.0033898305084745,0.9264372608878719,0.0036551535096420945
HALLMARK_EPITHELIAL_MESENCHYMAL_TRANSITION,HALLMARK_REACTIVE_OXYGEN_SPECIES_PATHWAY,-0.10531991106765386,0.00048437332418719507,0.0,0.0017659444110991486,0.05265995553382693
HALLMARK_EPITHELIAL_MESENCHYMAL_TRANSITION,HALLMARK_SPERMATOGENESIS,-0.01993572088435389,0.5100890807010763,0.0,0.6048975061556809,0.009967860442176945
HALLMARK_EPITHELIAL_MESENCHYMAL_TRANSITION,HALLMARK_TGF_BETA_SIGNALING,-0.02873411890881708,0.3423613818652248,0.0200803212851405,0.4456883026407018,0.02440722009697879
HALLMARK_EPITHELIAL_MESENCHYMAL_TRANSITION,HALLMARK_TNFA_SIGNALING_VIA_NFKB,0.032728114754696155,0.2794496118195179,0.0582010582010582,0.37651347924840645,0.04546458647787718
HALLMARK_EPITHELIAL_MESENCHYMAL_TRANSITION,HALLMARK_UNFOLDED_PROTEIN_RESPONSE,-0.12160523723939612,5.517468570525356e-05,0.0032051282051282,0.00026092622979901426,0.062405182722262156
HALLMARK_EPITHELIAL_MESENCHYMAL_TRANSITION,HALLMARK_UV_RESPONSE_DN,0.2285809104406244,1.957796900661548e-14,0.0617283950617283,3.931641316902289e-13,0.14515465275117634
HALLMARK_EPITHELIAL_MESENCHYMAL_TRANSITION,HALLMARK_UV_RESPONSE_UP,0.06967564090249372,0.021181398804702822,0.0199430199430199,0.04629339455207388,0.04480933042275681
HALLMARK_EPITHELIAL_MESENCHYMAL_TRANSITION,HALLMARK_WNT_BETA_CATENIN_SIGNALING,-0.005734055524396036,0.8497460375811025,0.0083333333333333,0.8896913641340602,0.007033694428864668
HALLMARK_EPITHELIAL_MESENCHYMAL_TRANSITION,HALLMARK_XENOBIOTIC_METABOLISM,0.04487701818005115,0.13797136640002938,0.0126582278481012,0.21448594395943651,0.028767623014076177
HALLMARK_ESTROGEN_RESPONSE_EARLY,HALLMARK_ESTROGEN_RESPONSE_LATE,0.8712596845026659,0.0,0.3377926421404682,0.0,0.6045261633215671
HALLMARK_ESTROGEN_RESPONSE_EARLY,HALLMARK_FATTY_ACID_METABOLISM,-0.059005721104338806,0.05104243553102951,0.0084507042253521,0.09459452878292154,0.03372821266484545
HALLMARK_ESTROGEN_RESPONSE_EARLY,HALLMARK_G2M_CHECKPOINT,-0.06773181434162562,0.025072287172788643,0.0075566750629722,0.053137632848903264,0.03764424470229891
HALLMARK_ESTROGEN_RESPONSE_EARLY,HALLMARK_GLYCOLYSIS,-0.08161093461532025,0.006918193944447906,0.0204081632653061,0.01777905593510943,0.051009548940313176
HALLMARK_ESTROGEN_RESPONSE_EARLY,HALLMARK_HEDGEHOG_SIGNALING,-0.016910098176926458,0.5763573439112928,0.0042553191489361,0.6629462406491397,0.010582708662931279
HALLMARK_ESTROGEN_RESPONSE_EARLY,HALLMARK_HEME_METABOLISM,0.04808429845807715,0.11194265053290345,0.0101010101010101,0.18090995633615664,0.029092654279543627
HALLMARK_ESTROGEN_RESPONSE_EARLY,HALLMARK_HYPOXIA,0.047055806610320036,0.11983065782383705,0.0335917312661498,0.19097233176661896,0.040323768938234916
HALLMARK_ESTROGEN_RESPONSE_EARLY,HALLMARK_IL2_STAT5_SIGNALING,0.12784442375187588,2.2240706627609816e-05,0.0310077519379844,0.0001125820893339753,0.07942608784493013
HALLMARK_ESTROGEN_RESPONSE_EARLY,HALLMARK_IL6_JAK_STAT3_SIGNALING,-0.03456579457723958,0.2533205341395523,0.0105633802816901,0.34962230209049033,0.02256458742946484
HALLMARK_ESTROGEN_RESPONSE_EARLY,HALLMARK_INFLAMMATORY_RESPONSE,-0.05662406466295627,0.06117339257947843,0.0126582278481012,0.10971801743757112,0.034641146255528735
HALLMARK_ESTROGEN_RESPONSE_EARLY,HALLMARK_INTERFERON_ALPHA_RESPONSE,0.09706484548504939,0.0013071408949131436,0.0033783783783783,0.004180803123416713,0.050221611931713844
HALLMARK_ESTROGEN_RESPONSE_EARLY,HALLMARK_INTERFERON_GAMMA_RESPONSE,-0.0865833497835211,0.004158099570802789,0.0025062656641604,0.011498130867344055,0.04454480772384075
HALLMARK_ESTROGEN_RESPONSE_EARLY,HALLMARK_KRAS_SIGNALING_DN,-0.08315777749196615,0.005921031553450924,0.0075566750629722,0.015432475857398686,0.04535722627746917
HALLMARK_ESTROGEN_RESPONSE_EARLY,HALLMARK_KRAS_SIGNALING_UP,-0.0664647290501262,0.027928915366643138,0.0050251256281407,0.05798800224430143,0.035744927339133446
HALLMARK_ESTROGEN_RESPONSE_EARLY,HALLMARK_MITOTIC_SPINDLE,0.20033901810629903,2.2830005815044503e-11,0.0075757575757575,3.0398649047205996e-10,0.10395738784102826
HALLMARK_ESTROGEN_RESPONSE_EARLY,HALLMARK_MTORC1_SIGNALING,-0.016557171157913966,0.5843437078253202,0.0256410256410256,0.6689916281177731,0.02109909839946978
HALLMARK_ESTROGEN_RESPONSE_EARLY,HALLMARK_MYC_TARGETS_V1,0.017130398320865988,0.5713983959666115,0.0025062656641604,0.6590989030688316,0.009818331992513194
HALLMARK_ESTROGEN_RESPONSE_EARLY,HALLMARK_MYC_TARGETS_V2,0.049670291960540895,0.1005871714806019,0.0117647058823529,0.16696380089937307,0.030717498921446897
HALLMARK_ESTROGEN_RESPONSE_EARLY,HALLMARK_MYOGENESIS,-0.09394592806291917,0.0018667345547259222,0.0256410256410256,0.005632388742707524,0.05979347685197238
HALLMARK_ESTROGEN_RESPONSE_EARLY,HALLMARK_NOTCH_SIGNALING,-0.1390791396719147,3.887008899682429e-06,0.008695652173913,2.3572207436192945e-05,0.07388739592291385
HALLMARK_ESTROGEN_RESPONSE_EARLY,HALLMARK_OXIDATIVE_PHOSPHORYLATION,0.03022488171784708,0.3178947048200597,0.0,0.42008739310094195,0.01511244085892354
HALLMARK_ESTROGEN_RESPONSE_EARLY,HALLMARK_P53_PATHWAY,-0.07530153961125995,0.01272624735875074,0.0204081632653061,0.030037867079903004,0.047854851438283025
HALLMARK_ESTROGEN_RESPONSE_EARLY,HALLMARK_PANCREAS_BETA_CELLS,-0.027696634749936517,0.3600797809614774,0.0,0.4614130624143908,0.013848317374968258
HALLMARK_ESTROGEN_RESPONSE_EARLY,HALLMARK_PEROXISOME,-0.02567555842206651,0.39621227200371106,0.0167224080267558,0.49729511598826437,0.021198983224411154
HALLMARK_ESTROGEN_RESPONSE_EARLY,HALLMARK_PI3K_AKT_MTOR_SIGNALING,0.009879338973115898,0.7441216080119915,0.009933774834437,0.8017141335221544,0.00990655690377645
HALLMARK_ESTROGEN_RESPONSE_EARLY,HALLMARK_PROTEIN_SECRETION,-0.1489495711677268,7.474758550997159e-07,0.0068027210884353,4.896566430466054e-06,0.07787614612808105
HALLMARK_ESTROGEN_RESPONSE_EARLY,HALLMARK_REACTIVE_OXYGEN_SPECIES_PATHWAY,-0.007115262471384626,0.8141497363386291,0.0,0.8627451790785645,0.003557631235692313
HALLMARK_ESTROGEN_RESPONSE_EARLY,HALLMARK_SPERMATOGENESIS,-0.11722280921100214,0.00010182739406185987,0.0,0.0004602898809069312,0.05861140460550107
HALLMARK_ESTROGEN_RESPONSE_EARLY,HALLMARK_TGF_BETA_SIGNALING,-0.201836180384879,1.6092010172301414e-11,0.0119521912350597,2.190301384563248e-10,0.10689418580996934
HALLMARK_ESTROGEN_RESPONSE_EARLY,HALLMARK_TNFA_SIGNALING_VIA_NFKB,0.07117463012711138,0.01855044716126852,0.0335917312661498,0.04131690504100716,0.05238318069663059
HALLMARK_ESTROGEN_RESPONSE_EARLY,HALLMARK_UNFOLDED_PROTEIN_RESPONSE,0.2005642353563958,2.166365913352501e-11,0.0162337662337662,2.916261806436059e-10,0.10839900079508101
HALLMARK_ESTROGEN_RESPONSE_EARLY,HALLMARK_UV_RESPONSE_DN,0.14863231182016473,7.895010433067415e-07,0.0207715133531157,5.144355202397651e-06,0.08470191258664021
HALLMARK_ESTROGEN_RESPONSE_EARLY,HALLMARK_UV_RESPONSE_UP,-0.11248947847988729,0.00019281371155619484,0.0257879656160458,0.0008061324117963777,0.06913872204796655
HALLMARK_ESTROGEN_RESPONSE_EARLY,HALLMARK_WNT_BETA_CATENIN_SIGNALING,0.18648001639496808,5.116186317619449e-10,0.0083333333333333,5.449850642681587e-09,0.0974066748641507
HALLMARK_ESTROGEN_RESPONSE_EARLY,HALLMARK_XENOBIOTIC_METABOLISM,0.01455266743548597,0.6306483919674208,0.0126582278481012,0.710059081029495,0.013605447641793585
HALLMARK_ESTROGEN_RESPONSE_LATE,HALLMARK_FATTY_ACID_METABOLISM,0.07700669697159307,0.01083671521645742,0.0170454545454545,0.026024850454772888,0.047026075758523786
HALLMARK_ESTROGEN_RESPONSE_LATE,HALLMARK_G2M_CHECKPOINT,0.12538847229548233,3.1965692654733134e-05,0.0204081632653061,0.00015917875407336622,0.07289831778039421
HALLMARK_ESTROGEN_RESPONSE_LATE,HALLMARK_GLYCOLYSIS,0.0028148574611684524,0.9259059067404749,0.0204081632653061,0.9483568024724763,0.011611510363237276
HALLMARK_ESTROGEN_RESPONSE_LATE,HALLMARK_HEDGEHOG_SIGNALING,0.04195542222267243,0.16552474198740422,0.0,0.2484899619296203,0.020977711111336214
HALLMARK_ESTROGEN_RESPONSE_LATE,HALLMARK_HEME_METABOLISM,-0.0742544184284688,0.014025916533204133,0.0050251256281407,0.032852290159034535,0.03963977202830475
HALLMARK_ESTROGEN_RESPONSE_LATE,HALLMARK_HYPOXIA,-0.0097253484176759,0.7479737465643158,0.0309278350515463,0.8037437188958657,0.0203265917346111
HALLMARK_ESTROGEN_RESPONSE_LATE,HALLMARK_IL2_STAT5_SIGNALING,-0.06892596731705414,0.02261491630704303,0.0204603580562659,0.04860223241425914,0.044693162686660015
HALLMARK_ESTROGEN_RESPONSE_LATE,HALLMARK_IL6_JAK_STAT3_SIGNALING,0.022033691140038867,0.46659255423060964,0.0141342756183745,0.564240749192988,0.018083983379206685
HALLMARK_ESTROGEN_RESPONSE_LATE,HALLMARK_INFLAMMATORY_RESPONSE,-0.023919163842207367,0.42932279231012666,0.0025062656641604,0.5300807707756938,0.013212714753183884
HALLMARK_ESTROGEN_RESPONSE_LATE,HALLMARK_INTERFERON_ALPHA_RESPONSE,-0.0011625139801233057,0.9693631912994435,0.0033783783783783,0.9802982388246019,0.0022704461792508028
HALLMARK_ESTROGEN_RESPONSE_LATE,HALLMARK_INTERFERON_GAMMA_RESPONSE,-0.0054198760075653265,0.8578886947296315,0.0075566750629722,0.8943945966330201,0.006488275535268763
HALLMARK_ESTROGEN_RESPONSE_LATE,HALLMARK_KRAS_SIGNALING_DN,0.06039919105260179,0.04579438595471192,0.0126582278481012,0.08630480429926476,0.03652870945035149
HALLMARK_ESTROGEN_RESPONSE_LATE,HALLMARK_KRAS_SIGNALING_UP,0.03964645183528356,0.19007777492510314,0.0204081632653061,0.27852305536274086,0.030027307550294827
HALLMARK_ESTROGEN_RESPONSE_LATE,HALLMARK_MITOTIC_SPINDLE,-0.21026085015275242,2.136897670239978e-12,0.010126582278481,3.399609929927238e-11,0.11019371621561672
HALLMARK_ESTROGEN_RESPONSE_LATE,HALLMARK_MTORC1_SIGNALING,-0.013990972253371262,0.6438989031332727,0.0282776349614395,0.7216616251951135,0.021134303607405383
HALLMARK_ESTROGEN_RESPONSE_LATE,HALLMARK_MYC_TARGETS_V1,-0.05186938782206787,0.08638045269005233,0.0050251256281407,0.14737612053664917,0.028447256725104283
HALLMARK_ESTROGEN_RESPONSE_LATE,HALLMARK_MYC_TARGETS_V2,-0.1057421204940819,0.0004594985995696142,0.0117647058823529,0.001685286779858615,0.0587534131882174
HALLMARK_ESTROGEN_RESPONSE_LATE,HALLMARK_MYOGENESIS,0.035648719548991056,0.23874405340742869,0.015228426395939,0.3330996189340548,0.025438572972465028
HALLMARK_ESTROGEN_RESPONSE_LATE,HALLMARK_NOTCH_SIGNALING,0.11465918954893964,0.00014432588455300785,0.0043290043290043,0.0006160251169945456,0.059494096938971966
HALLMARK_ESTROGEN_RESPONSE_LATE,HALLMARK_OXIDATIVE_PHOSPHORYLATION,-0.042956605249343055,0.15565145295359825,0.0075566750629722,0.237155509786266,0.02525664015615763
HALLMARK_ESTROGEN_RESPONSE_LATE,HALLMARK_P53_PATHWAY,0.08582534646840013,0.004501060634195726,0.0230179028132992,0.012345449347671475,0.05442162464084967
HALLMARK_ESTROGEN_RESPONSE_LATE,HALLMARK_PANCREAS_BETA_CELLS,-0.008816715266829624,0.7708287276553093,0.0,0.8232477692918517,0.004408357633414812
HALLMARK_ESTROGEN_RESPONSE_LATE,HALLMARK_PEROXISOME,0.052286261623729326,0.08387916882663497,0.0167224080267558,0.1451299178144461,0.034504334825242566
HALLMARK_ESTROGEN_RESPONSE_LATE,HALLMARK_PI3K_AKT_MTOR_SIGNALING,-0.01927942770131742,0.524118189997693,0.0066006600660066,0.6161658183754068,0.01294004388366201
HALLMARK_ESTROGEN_RESPONSE_LATE,HALLMARK_PROTEIN_SECRETION,0.1050249180952,0.0005024911508935909,0.0033898305084745,0.0018104460583666143,0.054207374301837245
HALLMARK_ESTROGEN_RESPONSE_LATE,HALLMARK_REACTIVE_OXYGEN_SPECIES_PATHWAY,-0.02132930593980185,0.48096286043072245,0.0,0.5787617917756729,0.010664652969900925
HALLMARK_ESTROGEN_RESPONSE_LATE,HALLMARK_SPERMATOGENESIS,0.14094059565412054,2.8722026863215964e-06,0.006006006006006,1.776994086234321e-05,0.07347330083006327
HALLMARK_ESTROGEN_RESPONSE_LATE,HALLMARK_TGF_BETA_SIGNALING,0.12941692919403672,1.7569860354382505e-05,0.016,9.158756993241944e-05,0.07270846459701835
HALLMARK_ESTROGEN_RESPONSE_LATE,HALLMARK_TNFA_SIGNALING_VIA_NFKB,-0.023789382411275126,0.4318314587853783,0.0309278350515463,0.5316517959920487,0.027358608731410713
HALLMARK_ESTROGEN_RESPONSE_LATE,HALLMARK_UNFOLDED_PROTEIN_RESPONSE,-0.05710481763179148,0.05900423352043277,0.0129449838187702,0.10660794404502971,0.03502490072528084
HALLMARK_ESTROGEN_RESPONSE_LATE,HALLMARK_UV_RESPONSE_DN,-0.03773469212770463,0.21235438269588888,0.0117647058823529,0.30425043134791097,0.024749699005028766
HALLMARK_ESTROGEN_RESPONSE_LATE,HALLMARK_UV_RESPONSE_UP,0.13434911342326655,8.240606105524293e-06,0.031700288184438,4.5471812969672334e-05,0.08302470080385227
HALLMARK_ESTROGEN_RESPONSE_LATE,HALLMARK_WNT_BETA_CATENIN_SIGNALING,-0.21277335171139408,1.1507459995391193e-12,0.0041493775933609,1.957866457549196e-11,0.10846136465237749
HALLMARK_ESTROGEN_RESPONSE_LATE,HALLMARK_XENOBIOTIC_METABOLISM,0.028324191991647055,0.3492945889504497,0.0282776349614395,0.4512289149393334,0.028300913476543278
HALLMARK_FATTY_ACID_METABOLISM,HALLMARK_G2M_CHECKPOINT,-0.27322569380953593,3.498861551760454e-20,0.0084507042253521,1.0205012859301323e-18,0.14083819901744402
HALLMARK_FATTY_ACID_METABOLISM,HALLMARK_GLYCOLYSIS,0.1804553362929513,1.840724136199616e-09,0.0376811594202898,1.8879986903004242e-08,0.10906824785662055
HALLMARK_FATTY_ACID_METABOLISM,HALLMARK_HEDGEHOG_SIGNALING,-0.0709931563871703,0.01885297043718756,0.0,0.04191449870336617,0.03549657819358515
HALLMARK_FATTY_ACID_METABOLISM,HALLMARK_HEME_METABOLISM,0.08683841992754376,0.0040481296879932085,0.0170454545454545,0.01127036106316291,0.05194193723649913
HALLMARK_FATTY_ACID_METABOLISM,HALLMARK_HYPOXIA,-0.04566963201130614,0.13114180645105838,0.0199430199430199,0.20517076999048087,0.03280632597716302
HALLMARK_FATTY_ACID_METABOLISM,HALLMARK_IL2_STAT5_SIGNALING,-0.07263401024554778,0.016268015272326356,0.0113314447592068,0.036904293904814416,0.04198272750237729
HALLMARK_FATTY_ACID_METABOLISM,HALLMARK_IL6_JAK_STAT3_SIGNALING,-0.09536416804844271,0.0015894975676675129,0.0040983606557377,0.004954540764358023,0.0497312643520902
HALLMARK_FATTY_ACID_METABOLISM,HALLMARK_INFLAMMATORY_RESPONSE,-0.01279567746690932,0.6724710369030807,0.0,0.745499565797533,0.00639783873345466
HALLMARK_FATTY_ACID_METABOLISM,HALLMARK_INTERFERON_ALPHA_RESPONSE,-0.13970443922168613,3.512878695747288e-06,0.0079051383399209,2.151638201145214e-05,0.07380478878080352
HALLMARK_FATTY_ACID_METABOLISM,HALLMARK_INTERFERON_GAMMA_RESPONSE,0.1378821545318959,4.712192890553666e-06,0.0056179775280898,2.775209755253962e-05,0.07175006602999284
HALLMARK_FATTY_ACID_METABOLISM,HALLMARK_KRAS_SIGNALING_DN,0.030006323957652764,0.3214083219620373,0.0028011204481792,0.4235439359582976,0.01640372220291598
HALLMARK_FATTY_ACID_METABOLISM,HALLMARK_KRAS_SIGNALING_UP,0.03759424983190743,0.21406219302023943,0.0084507042253521,0.30562492593216006,0.023022477028629765
HALLMARK_FATTY_ACID_METABOLISM,HALLMARK_MITOTIC_SPINDLE,0.16720108805315823,2.6491440553251382e-08,0.0,2.177987562263956e-07,0.08360054402657911
HALLMARK_FATTY_ACID_METABOLISM,HALLMARK_MTORC1_SIGNALING,-0.129215506061608,1.8111245727066133e-05,0.028735632183908,9.400964413413564e-05,0.07897556912275801
HALLMARK_FATTY_ACID_METABOLISM,HALLMARK_MYC_TARGETS_V1,0.09158188692004408,0.002429044551542449,0.0112994350282485,0.00711861142497488,0.05144066097414629
HALLMARK_FATTY_ACID_METABOLISM,HALLMARK_MYC_TARGETS_V2,0.05682483888045692,0.06025960836257418,0.0,0.10823756634040083,0.02841241944022846
HALLMARK_FATTY_ACID_METABOLISM,HALLMARK_MYOGENESIS,0.060472763369209634,0.04553040641504696,0.0112994350282485,0.08607214175684032,0.035886099198729066
HALLMARK_FATTY_ACID_METABOLISM,HALLMARK_NOTCH_SIGNALING,0.047239924785835545,0.1183874808498179,0.0,0.1893272376514712,0.023619962392917773
HALLMARK_FATTY_ACID_METABOLISM,HALLMARK_OXIDATIVE_PHOSPHORYLATION,0.2388871499466783,1.1607159021013906e-15,0.0948012232415902,2.5852308728621883e-14,0.16684418659413425
HALLMARK_FATTY_ACID_METABOLISM,HALLMARK_P53_PATHWAY,-0.04784300761631206,0.11375548404259801,0.0084507042253521,0.18335587888445073,0.02814685592083208
HALLMARK_FATTY_ACID_METABOLISM,HALLMARK_PANCREAS_BETA_CELLS,-0.06403982134457857,0.03418245446947303,0.0,0.0683030214877586,0.032019910672289285
HALLMARK_FATTY_ACID_METABOLISM,HALLMARK_PEROXISOME,0.272378426828752,4.6097154487601513e-20,0.1054852320675105,1.3132328894723688e-18,0.18893182944813125
HALLMARK_FATTY_ACID_METABOLISM,HALLMARK_PI3K_AKT_MTOR_SIGNALING,0.04513434085184189,0.13572476432706077,0.0,0.21151549063939976,0.022567170425920945
HALLMARK_FATTY_ACID_METABOLISM,HALLMARK_PROTEIN_SECRETION,0.1305371428168905,1.482904389054061e-05,0.0,7.796385736443025e-05,0.06526857140844525
HALLMARK_FATTY_ACID_METABOLISM,HALLMARK_REACTIVE_OXYGEN_SPECIES_PATHWAY,-0.1731485646826014,8.212040116970312e-09,0.0048543689320388,7.39687437006517e-08,0.0890014668073201
HALLMARK_FATTY_ACID_METABOLISM,HALLMARK_SPERMATOGENESIS,0.005070339005553595,0.8669654589780937,0.0034246575342465,0.9015557616707681,0.004247498269900047
HALLMARK_FATTY_ACID_METABOLISM,HALLMARK_TGF_BETA_SIGNALING,-0.1548773269364694,2.6340885032732086e-07,0.0,1.886993226029053e-06,0.0774386634682347
HALLMARK_FATTY_ACID_METABOLISM,HALLMARK_TNFA_SIGNALING_VIA_NFKB,-0.002226888477413449,0.9413511756499748,0.0028011204481792,0.9585478662615006,0.0025140044627963245
HALLMARK_FATTY_ACID_METABOLISM,HALLMARK_UNFOLDED_PROTEIN_RESPONSE,0.05730582225110014,0.05811639813721655,0.0,0.10531447887291462,0.02865291112555007
HALLMARK_FATTY_ACID_METABOLISM,HALLMARK_UV_RESPONSE_DN,0.015364627476063613,0.6117027767666862,0.0066666666666666,0.6925470439364053,0.011015647071365106
HALLMARK_FATTY_ACID_METABOLISM,HALLMARK_UV_RESPONSE_UP,-0.029129493355088028,0.33575816324178864,0.0293159609120521,0.438861029458152,0.02922272713357006
HALLMARK_FATTY_ACID_METABOLISM,HALLMARK_WNT_BETA_CATENIN_SIGNALING,0.12157908359851606,5.5380261018566294e-05,0.0,0.00026092622979901426,0.06078954179925803
HALLMARK_FATTY_ACID_METABOLISM,HALLMARK_XENOBIOTIC_METABOLISM,0.32568972906454347,1.8938760877527208e-28,0.075075075075075,7.73332735832361e-27,0.20038240206980923
HALLMARK_G2M_CHECKPOINT,HALLMARK_GLYCOLYSIS,0.019522120133600704,0.518907409356201,0.0178117048346055,0.611213054289756,0.018666912484103102
HALLMARK_G2M_CHECKPOINT,HALLMARK_HEDGEHOG_SIGNALING,-0.09911933110737552,0.0010278982008409205,0.0085470085470085,0.003440369661284502,0.05383316982719201
HALLMARK_G2M_CHECKPOINT,HALLMARK_HEME_METABOLISM,-0.12689770435188286,2.5598597848678415e-05,0.0075566750629722,0.00012904642948407844,0.06722718970742753
HALLMARK_G2M_CHECKPOINT,HALLMARK_HYPOXIA,0.0025039279937988878,0.9340705643381277,0.0075566750629722,0.9551222381587701,0.005030301528385544
HALLMARK_G2M_CHECKPOINT,HALLMARK_IL2_STAT5_SIGNALING,-0.00294710565559416,0.9224355285001972,0.010126582278481,0.946384859642162,0.006536843967037581
HALLMARK_G2M_CHECKPOINT,HALLMARK_IL6_JAK_STAT3_SIGNALING,-0.1738096314449657,7.191330993713496e-09,0.0034965034965034,6.623594336315062e-08,0.08865306747073455
HALLMARK_G2M_CHECKPOINT,HALLMARK_INFLAMMATORY_RESPONSE,-0.058472852145617565,0.05317804442170265,0.0075566750629722,0.09795955551366278,0.03301476360429488
HALLMARK_G2M_CHECKPOINT,HALLMARK_INTERFERON_ALPHA_RESPONSE,-0.02142135728423538,0.4790713346277595,0.0,0.5770524925457281,0.01071067864211769
HALLMARK_G2M_CHECKPOINT,HALLMARK_INTERFERON_GAMMA_RESPONSE,0.041304649231358716,0.17219026536237067,0.0075566750629722,0.257422071228145,0.02443066214716546
HALLMARK_G2M_CHECKPOINT,HALLMARK_KRAS_SIGNALING_DN,-0.032405073335975,0.2842254251737342,0.0050251256281407,0.3821911589877326,0.018715099482057847
HALLMARK_G2M_CHECKPOINT,HALLMARK_KRAS_SIGNALING_UP,0.01928253973468648,0.5240512032874358,0.0,0.6161658183754068,0.00964126986734324
HALLMARK_G2M_CHECKPOINT,HALLMARK_MITOTIC_SPINDLE,0.5167335492757947,1.0250918923119823e-75,0.1083333333333333,1.1415796073474349e-73,0.312533441304564
HALLMARK_G2M_CHECKPOINT,HALLMARK_MTORC1_SIGNALING,-0.039113953123981894,0.1961023964454877,0.0230179028132992,0.28580037810820236,0.031065927968640546
HALLMARK_G2M_CHECKPOINT,HALLMARK_MYC_TARGETS_V1,-0.010133917475777885,0.7377672611199831,0.0781671159029649,0.7969708067654139,0.044150516689371394
HALLMARK_G2M_CHECKPOINT,HALLMARK_MYC_TARGETS_V2,0.10246419047862894,0.0006884593342332144,0.0238095238095238,0.002409607669816251,0.06313685714407637
HALLMARK_G2M_CHECKPOINT,HALLMARK_MYOGENESIS,0.0937002378486296,0.0019190456045665794,0.0050251256281407,0.005761840356848185,0.04936268173838515
HALLMARK_G2M_CHECKPOINT,HALLMARK_NOTCH_SIGNALING,0.09506659860918629,0.0016443178338132638,0.0175438596491228,0.005086589258639516,0.056305229129154546
HALLMARK_G2M_CHECKPOINT,HALLMARK_OXIDATIVE_PHOSPHORYLATION,0.21194283434967234,1.4132110921963e-12,0.0,2.371484367041736e-11,0.10597141717483617
HALLMARK_G2M_CHECKPOINT,HALLMARK_P53_PATHWAY,-0.3470243519142977,2.5838342326814924e-32,0.0025062656641604,1.3761725804499254e-30,0.17476530878922905
HALLMARK_G2M_CHECKPOINT,HALLMARK_PANCREAS_BETA_CELLS,0.09601200196206505,0.001475912585893162,0.0,0.004612239390180326,0.048006000981032526
HALLMARK_G2M_CHECKPOINT,HALLMARK_PEROXISOME,0.01030242090750831,0.7335711611063397,0.0066225165562913,0.793838049783804,0.008462468731899805
HALLMARK_G2M_CHECKPOINT,HALLMARK_PI3K_AKT_MTOR_SIGNALING,0.022149963112021748,0.46424355890577196,0.0132890365448504,0.5630676828312581,0.017719499828436073
HALLMARK_G2M_CHECKPOINT,HALLMARK_PROTEIN_SECRETION,-0.06975161310389338,0.021040635506021373,0.0,0.0461087271822472,0.03487580655194669
HALLMARK_G2M_CHECKPOINT,HALLMARK_REACTIVE_OXYGEN_SPECIES_PATHWAY,0.060783857106742646,0.04442830633758226,0.0,0.08477363748214685,0.030391928553371323
HALLMARK_G2M_CHECKPOINT,HALLMARK_SPERMATOGENESIS,0.2366947178381071,2.1412812067866143e-15,0.0339506172839506,4.4458804717179704e-14,0.13532266756102884
HALLMARK_G2M_CHECKPOINT,HALLMARK_TGF_BETA_SIGNALING,-0.021064631753139246,0.486424099379395,0.0079365079365079,0.5830425848725626,0.014500569844823574
HALLMARK_G2M_CHECKPOINT,HALLMARK_TNFA_SIGNALING_VIA_NFKB,0.12786730546760403,2.2164978331357783e-05,0.0126582278481012,0.0001125820893339753,0.07026276665785261
HALLMARK_G2M_CHECKPOINT,HALLMARK_UNFOLDED_PROTEIN_RESPONSE,0.016136451619835904,0.5939307732061946,0.019543973941368,0.6751015221691646,0.017840212780601952
HALLMARK_G2M_CHECKPOINT,HALLMARK_UV_RESPONSE_DN,-0.03651870353814996,0.2274697546391209,0.026865671641791,0.3213718562453913,0.03169218758997048
HALLMARK_G2M_CHECKPOINT,HALLMARK_UV_RESPONSE_UP,-0.025375673237297943,0.4017539185744967,0.0084507042253521,0.5032193765375853,0.01691318873132502
HALLMARK_G2M_CHECKPOINT,HALLMARK_WNT_BETA_CATENIN_SIGNALING,0.07386709690530902,0.014535503824051029,0.0083333333333333,0.03376513920355502,0.04110021511932116
HALLMARK_G2M_CHECKPOINT,HALLMARK_XENOBIOTIC_METABOLISM,0.17412513462370877,6.74871079523956e-09,0.0025062656641604,6.310817346693482e-08,0.08831570014393458
HALLMARK_GLYCOLYSIS,HALLMARK_HEDGEHOG_SIGNALING,0.09780921530188301,0.001198754187872782,0.0085470085470085,0.0038951561807537343,0.053178111924445756
HALLMARK_GLYCOLYSIS,HALLMARK_HEME_METABOLISM,0.038414175608092606,0.20423045851727248,0.015228426395939,0.29570362146972734,0.026821301002015803
HALLMARK_GLYCOLYSIS,HALLMARK_HYPOXIA,0.555229488708552,1.735425323431062e-89,0.1940298507462686,2.3621066902256125e-87,0.3746296697274103
HALLMARK_GLYCOLYSIS,HALLMARK_IL2_STAT5_SIGNALING,0.17470258873675845,6.006144934110284e-09,0.0126903553299492,5.748068393972733e-08,0.09369647203335382
HALLMARK_GLYCOLYSIS,HALLMARK_IL6_JAK_STAT3_SIGNALING,-0.0024173692333887527,0.9363447699135139,0.0105633802816901,0.9566491602535901,0.006490374757539427
HALLMARK_GLYCOLYSIS,HALLMARK_INFLAMMATORY_RESPONSE,0.05464862676789636,0.07078974058061945,0.0126582278481012,0.12423700889865162,0.03365342730799878
HALLMARK_GLYCOLYSIS,HALLMARK_INTERFERON_ALPHA_RESPONSE,0.20781448423653454,3.875050511785024e-12,0.0033783783783783,5.78894741089836e-11,0.10559643130745641
HALLMARK_GLYCOLYSIS,HALLMARK_INTERFERON_GAMMA_RESPONSE,-0.2064798214593681,5.345175759007689e-12,0.0075566750629722,7.613767796260954e-11,0.10701824826117015
HALLMARK_GLYCOLYSIS,HALLMARK_KRAS_SIGNALING_DN,0.041292634658370464,0.17231518237312562,0.0050251256281407,0.257422071228145,0.02315888014325558
HALLMARK_GLYCOLYSIS,HALLMARK_KRAS_SIGNALING_UP,-0.06668317869739777,0.027417302502703796,0.015228426395939,0.057314326904116294,0.04095580254666839
HALLMARK_GLYCOLYSIS,HALLMARK_MITOTIC_SPINDLE,-0.017429964097897932,0.5646878861298481,0.0050377833753148,0.6538210401786994,0.011233873736606366
HALLMARK_GLYCOLYSIS,HALLMARK_MTORC1_SIGNALING,0.4995641401083703,4.018892878618883e-70,0.0723860589812332,3.787033674083178e-68,0.28597509954480177
HALLMARK_GLYCOLYSIS,HALLMARK_MYC_TARGETS_V1,-0.1078917175593548,0.0003502930438781488,0.0126582278481012,0.001340965558596038,0.060274972703727996
HALLMARK_GLYCOLYSIS,HALLMARK_MYC_TARGETS_V2,0.08818435097769715,0.003510316577642518,0.0038910505836575,0.009931034197718439,0.04603770078067733
HALLMARK_GLYCOLYSIS,HALLMARK_MYOGENESIS,-0.16748058957046388,2.5095783488533438e-08,0.0204081632653061,2.09131529071112e-07,0.09394437641788499
HALLMARK_GLYCOLYSIS,HALLMARK_NOTCH_SIGNALING,0.09717172413037381,0.0012910420550584136,0.0043290043290043,0.004150988234767865,0.05075036422968905
HALLMARK_GLYCOLYSIS,HALLMARK_OXIDATIVE_PHOSPHORYLATION,-0.013813917733353373,0.6480994613025001,0.0204081632653061,0.7230617851507856,0.017111040499329738
HALLMARK_GLYCOLYSIS,HALLMARK_P53_PATHWAY,-0.07960798322545262,0.008432114552303116,0.0126582278481012,0.020825282916474428,0.04613310553677691
HALLMARK_GLYCOLYSIS,HALLMARK_PANCREAS_BETA_CELLS,-0.014015411532705564,0.6433199768106757,0.0,0.7216616251951135,0.007007705766352782
HALLMARK_GLYCOLYSIS,HALLMARK_PEROXISOME,0.02408718778789851,0.42608749781682737,0.0133333333333333,0.5272294796218319,0.018710260560615904
HALLMARK_GLYCOLYSIS,HALLMARK_PI3K_AKT_MTOR_SIGNALING,0.0695528573161846,0.021410627538238143,0.009933774834437,0.04658617892423041,0.0397433160753108
HALLMARK_GLYCOLYSIS,HALLMARK_PROTEIN_SECRETION,-0.027791521497936955,0.35843579295616346,0.0171821305841924,0.4602556041627885,0.022486826041064677
HALLMARK_GLYCOLYSIS,HALLMARK_REACTIVE_OXYGEN_SPECIES_PATHWAY,0.060739995688088265,0.044582317974370386,0.0246913580246913,0.08493520920467143,0.042715676856389787
HALLMARK_GLYCOLYSIS,HALLMARK_SPERMATOGENESIS,0.0944219182614462,0.0017690935541838718,0.0182370820668693,0.005377517627481993,0.056329500164157754
HALLMARK_GLYCOLYSIS,HALLMARK_TGF_BETA_SIGNALING,-0.10098840891603046,0.0008228388358360116,0.0,0.002831397679491894,0.05049420445801523
HALLMARK_GLYCOLYSIS,HALLMARK_TNFA_SIGNALING_VIA_NFKB,-0.06778644278784383,0.024955026680049994,0.0126582278481012,0.05298854024077893,0.040222335317972514
HALLMARK_GLYCOLYSIS,HALLMARK_UNFOLDED_PROTEIN_RESPONSE,-0.0815989163806182,0.0069264984322324015,0.019543973941368,0.01777905593510943,0.0505714451609931
HALLMARK_GLYCOLYSIS,HALLMARK_UV_RESPONSE_DN,-0.1912158391845926,1.8143485230660132e-10,0.0147492625368731,2.1370932122652558e-09,0.10298255086073285
HALLMARK_GLYCOLYSIS,HALLMARK_UV_RESPONSE_UP,-0.1937202633564609,1.0373545338344954e-10,0.0084507042253521,1.2966931672931191e-09,0.1010854837909065
HALLMARK_GLYCOLYSIS,HALLMARK_WNT_BETA_CATENIN_SIGNALING,-0.06000165658106439,0.04724312442510811,0.0,0.08889835241283783,0.030000828290532196
HALLMARK_GLYCOLYSIS,HALLMARK_XENOBIOTIC_METABOLISM,-0.010891865622085835,0.7189558753119779,0.0204081632653061,0.7840377628777435,0.015650014443695966
HALLMARK_HEDGEHOG_SIGNALING,HALLMARK_HEME_METABOLISM,0.11718485301878859,0.00010235992097578473,0.0,0.00046099596762991284,0.058592426509394294
HALLMARK_HEDGEHOG_SIGNALING,HALLMARK_HYPOXIA,-0.04343659181263777,0.15107929241045956,0.0128755364806866,0.23134016650351621,0.028156064146662187
HALLMARK_HEDGEHOG_SIGNALING,HALLMARK_IL2_STAT5_SIGNALING,0.00936520880785897,0.7570072066743713,0.0085836909871244,0.8120261192435244,0.008974449897491684
HALLMARK_HEDGEHOG_SIGNALING,HALLMARK_IL6_JAK_STAT3_SIGNALING,-0.048241176385965194,0.11077627651254934,0.0081967213114754,0.17964411409325376,0.028218948848720296
HALLMARK_HEDGEHOG_SIGNALING,HALLMARK_INFLAMMATORY_RESPONSE,-0.07768840461690113,0.01015388358796829,0.0,0.024463367065583608,0.038844202308450565
HALLMARK_HEDGEHOG_SIGNALING,HALLMARK_INTERFERON_ALPHA_RESPONSE,-0.11242210298777337,0.00019453997474348016,0.0,0.0008083302361521291,0.056211051493886686
HALLMARK_HEDGEHOG_SIGNALING,HALLMARK_INTERFERON_GAMMA_RESPONSE,0.12162865106098293,5.499125882845773e-05,0.0042553191489361,0.00026092622979901426,0.06294198510495952
HALLMARK_HEDGEHOG_SIGNALING,HALLMARK_KRAS_SIGNALING_DN,-0.08157227462085326,0.00694493953066148,0.0042553191489361,0.01777905593510943,0.042913796884894675
HALLMARK_HEDGEHOG_SIGNALING,HALLMARK_KRAS_SIGNALING_UP,0.1445341494263587,1.584082911140164e-06,0.0042553191489361,1.0106778990347401e-05,0.0743947342876474
HALLMARK_HEDGEHOG_SIGNALING,HALLMARK_MITOTIC_SPINDLE,0.04572380418779482,0.13068476371165838,0.0173160173160173,0.20471718100611447,0.03151991075190606
HALLMARK_HEDGEHOG_SIGNALING,HALLMARK_MTORC1_SIGNALING,-0.05224754232847035,0.08410899351815605,0.0042553191489361,0.14532230897001577,0.028251430738703225
HALLMARK_HEDGEHOG_SIGNALING,HALLMARK_MYC_TARGETS_V1,-0.026994515410732358,0.372391036432437,0.0,0.47489215751401437,0.013497257705366179
HALLMARK_HEDGEHOG_SIGNALING,HALLMARK_MYC_TARGETS_V2,-0.012192126481031119,0.6870830567653659,0.0,0.7596360510266906,0.006096063240515559
HALLMARK_HEDGEHOG_SIGNALING,HALLMARK_MYOGENESIS,0.06161674761997062,0.04158777792482201,0.0085470085470085,0.08073696982235652,0.03508187808348956
HALLMARK_HEDGEHOG_SIGNALING,HALLMARK_NOTCH_SIGNALING,0.041513050379394074,0.17003424449590837,0.0,0.25494730661871207,0.020756525189697037
HALLMARK_HEDGEHOG_SIGNALING,HALLMARK_OXIDATIVE_PHOSPHORYLATION,-0.04088616531136847,0.17658128239937573,0.0,0.26156235905590725,0.020443082655684234
HALLMARK_HEDGEHOG_SIGNALING,HALLMARK_P53_PATHWAY,-0.018731972578855775,0.5359700059940836,0.0042553191489361,0.6258944302600118,0.011493645863895938
HALLMARK_HEDGEHOG_SIGNALING,HALLMARK_PANCREAS_BETA_CELLS,0.11154975448817243,0.00021824102822068633,0.0133333333333333,0.0009001523891257264,0.062441543910752864
HALLMARK_HEDGEHOG_SIGNALING,HALLMARK_PEROXISOME,-0.04834295026029967,0.11002473584248025,0.0,0.17922880556407217,0.024171475130149837
HALLMARK_HEDGEHOG_SIGNALING,HALLMARK_PI3K_AKT_MTOR_SIGNALING,0.12958051336260212,1.7141545424711727e-05,0.0,8.973672284304216e-05,0.06479025668130106
HALLMARK_HEDGEHOG_SIGNALING,HALLMARK_PROTEIN_SECRETION,0.03194137028941549,0.2911766828888432,0.0,0.3898267065998174,0.015970685144707744
HALLMARK_HEDGEHOG_SIGNALING,HALLMARK_REACTIVE_OXYGEN_SPECIES_PATHWAY,0.08047312264433591,0.007745213760119756,0.0,0.019562653311642683,0.040236561322167956
HALLMARK_HEDGEHOG_SIGNALING,HALLMARK_SPERMATOGENESIS,0.09466554471243338,0.0017209528314416787,0.0,0.005244197060985215,0.04733277235621669
HALLMARK_HEDGEHOG_SIGNALING,HALLMARK_TGF_BETA_SIGNALING,0.051999872700417844,0.08559114321594478,0.0,0.14623312474132824,0.025999936350208922
HALLMARK_HEDGEHOG_SIGNALING,HALLMARK_TNFA_SIGNALING_VIA_NFKB,-0.028308351515765575,0.34956427777749177,0.0085470085470085,0.4512289149393334,0.018427680031387037
HALLMARK_HEDGEHOG_SIGNALING,HALLMARK_UNFOLDED_PROTEIN_RESPONSE,-0.04801233027349756,0.11248095460533661,0.0067567567567567,0.18154040763048399,0.02738454351512713
HALLMARK_HEDGEHOG_SIGNALING,HALLMARK_UV_RESPONSE_DN,0.15263479332212815,3.9267232517641594e-07,0.0112359550561797,2.6781805345766e-06,0.08193537418915392
HALLMARK_HEDGEHOG_SIGNALING,HALLMARK_UV_RESPONSE_UP,0.050506075101484894,0.09498304260223674,0.0,0.1593893523119726,0.025253037550742447
HALLMARK_HEDGEHOG_SIGNALING,HALLMARK_WNT_BETA_CATENIN_SIGNALING,0.2233199277530915,7.863763392902301e-14,0.04,1.416633846515488e-12,0.13165996387654574
HALLMARK_HEDGEHOG_SIGNALING,HALLMARK_XENOBIOTIC_METABOLISM,-0.026574879951498303,0.37987197230143555,0.0085470085470085,0.4822208974810969,0.0175609442492534
HALLMARK_HEME_METABOLISM,HALLMARK_HYPOXIA,0.085405932773894,0.004701636664000803,0.0178117048346055,0.012770520872285994,0.05160881880424975
HALLMARK_HEME_METABOLISM,HALLMARK_IL2_STAT5_SIGNALING,0.09880278874556292,0.0010669822307233414,0.0075757575757575,0.003542149681940632,0.05318927316066021
HALLMARK_HEME_METABOLISM,HALLMARK_IL6_JAK_STAT3_SIGNALING,0.0628805982524351,0.037571562152504075,0.0,0.07375827505900238,0.03144029912621755
HALLMARK_HEME_METABOLISM,HALLMARK_INFLAMMATORY_RESPONSE,-0.11047085943641417,0.00025130057527125683,0.0075566750629722,0.0010093219826468513,0.059013767249693184
HALLMARK_HEME_METABOLISM,HALLMARK_INTERFERON_ALPHA_RESPONSE,-0.018825003551431598,0.5339465202907978,0.0,0.6247225285159764,0.009412501775715799
HALLMARK_HEME_METABOLISM,HALLMARK_INTERFERON_GAMMA_RESPONSE,0.028937236868386146,0.3389587805829279,0.0025062656641604,0.4421986221662265,0.015721751266273273
HALLMARK_HEME_METABOLISM,HALLMARK_KRAS_SIGNALING_DN,-0.005877507033291929,0.8460334355295209,0.0050251256281407,0.8880813697717764,0.005451316330716315
HALLMARK_HEME_METABOLISM,HALLMARK_KRAS_SIGNALING_UP,0.12338480517507779,4.2764153146299596e-05,0.0075566750629722,0.000209544350416868,0.065470740119025
HALLMARK_HEME_METABOLISM,HALLMARK_MITOTIC_SPINDLE,0.16595488689700422,3.368430800097198e-08,0.0075757575757575,2.696946228835992e-07,0.08676532223638087
HALLMARK_HEME_METABOLISM,HALLMARK_MTORC1_SIGNALING,-0.10822797211257959,0.0003355846461698938,0.0256410256410256,0.0012927395960947166,0.0669344988768026
HALLMARK_HEME_METABOLISM,HALLMARK_MYC_TARGETS_V1,0.07367328224661279,0.014796566792862976,0.0025062656641604,0.03413520587807372,0.0380897739553866
HALLMARK_HEME_METABOLISM,HALLMARK_MYC_TARGETS_V2,-0.07531366694597542,0.012711840505860002,0.0038910505836575,0.030037867079903004,0.039602358764816464
HALLMARK_HEME_METABOLISM,HALLMARK_MYOGENESIS,0.09475061043677761,0.0017044292042795526,0.0075566750629722,0.00521981443810613,0.051153642749874904
HALLMARK_HEME_METABOLISM,HALLMARK_NOTCH_SIGNALING,-0.0046619651588475485,0.8775922442900891,0.0,0.9102883143567816,0.0023309825794237743
HALLMARK_HEME_METABOLISM,HALLMARK_OXIDATIVE_PHOSPHORYLATION,0.033225162107038346,0.2722082635548386,0.0126582278481012,0.36805201198088006,0.022941694977569774
HALLMARK_HEME_METABOLISM,HALLMARK_P53_PATHWAY,-0.08557702050083589,0.004618861437167192,0.0101010101010101,0.012573567245621801,0.047839015300922993
HALLMARK_HEME_METABOLISM,HALLMARK_PANCREAS_BETA_CELLS,-0.1051865256485883,0.0004924888718504732,0.00418410041841,0.0017902043561330257,0.05468531303349915
HALLMARK_HEME_METABOLISM,HALLMARK_PEROXISOME,0.017892685477840148,0.5543975834676266,0.0033003300330033,0.6437317912301825,0.010596507755421723
HALLMARK_HEME_METABOLISM,HALLMARK_PI3K_AKT_MTOR_SIGNALING,-0.017047251594701104,0.5732676429310212,0.0066006600660066,0.6606329845630301,0.011823955830353852
HALLMARK_HEME_METABOLISM,HALLMARK_PROTEIN_SECRETION,0.1367762046339076,5.621540623689994e-06,0.0068027210884353,3.2330456638592685e-05,0.07178946286117145
HALLMARK_HEME_METABOLISM,HALLMARK_REACTIVE_OXYGEN_SPECIES_PATHWAY,0.03790104915210746,0.2103441866688754,0.0163265306122449,0.3020769386510813,0.02711378988217618
HALLMARK_HEME_METABOLISM,HALLMARK_SPERMATOGENESIS,-0.08138550485088787,0.0070754606149706035,0.0029940119760479,0.018057165111122896,0.042189758413467886
HALLMARK_HEME_METABOLISM,HALLMARK_TGF_BETA_SIGNALING,0.019753918621025292,0.5139555965872717,0.0,0.6077177662349497,0.009876959310512646
HALLMARK_HEME_METABOLISM,HALLMARK_TNFA_SIGNALING_VIA_NFKB,-0.033675285750468346,0.26576213074415966,0.0050251256281407,0.36253742779687703,0.019350205689304522
HALLMARK_HEME_METABOLISM,HALLMARK_UNFOLDED_PROTEIN_RESPONSE,-0.014318802907676216,0.6361512244906397,0.0032051282051282,0.7155971074389657,0.008761965556402207
HALLMARK_HEME_METABOLISM,HALLMARK_UV_RESPONSE_DN,0.03502365853235391,0.24708374100264022,0.0058479532163742,0.3423954555749256,0.020435805874364055
HALLMARK_HEME_METABOLISM,HALLMARK_UV_RESPONSE_UP,0.052551817134972416,0.08231657089131739,0.0257879656160458,0.14282974411028865,0.03916989137550911
HALLMARK_HEME_METABOLISM,HALLMARK_WNT_BETA_CATENIN_SIGNALING,0.11680764140525413,0.00010779681236432488,0.0,0.00047671875504078694,0.05840382070262706
HALLMARK_HEME_METABOLISM,HALLMARK_XENOBIOTIC_METABOLISM,0.03839488551714696,0.2044579325590686,0.0230179028132992,0.29570362146972734,0.03070639416522308
HALLMARK_HYPOXIA,HALLMARK_IL2_STAT5_SIGNALING,0.03768679186171053,0.21293575290710462,0.04177545691906,0.30472698284019056,0.03973112439038526
HALLMARK_HYPOXIA,HALLMARK_IL6_JAK_STAT3_SIGNALING,-0.08319638413501516,0.005897889732238305,0.0141342756183745,0.015404935867786617,0.048665329876694835
HALLMARK_HYPOXIA,HALLMARK_INFLAMMATORY_RESPONSE,-0.08060499763738863,0.007645026367200461,0.0282776349614395,0.01938955962695769,0.054441316299414066
HALLMARK_HYPOXIA,HALLMARK_INTERFERON_ALPHA_RESPONSE,-0.11724751322434827,0.00010148219986071571,0.0033783783783783,0.0004602898809069312,0.06031294580136329
HALLMARK_HYPOXIA,HALLMARK_INTERFERON_GAMMA_RESPONSE,0.11012144413734921,0.0002629759157949963,0.0204081632653061,0.0010459269378210079,0.06526480370132766
HALLMARK_HYPOXIA,HALLMARK_KRAS_SIGNALING_DN,0.001689613009639828,0.9554842175225677,0.0075566750629722,0.9689306013784318,0.004623144036306014
HALLMARK_HYPOXIA,HALLMARK_KRAS_SIGNALING_UP,0.07306578272713728,0.01564177970951802,0.0282776349614395,0.03574847041820816,0.050671708844288385
HALLMARK_HYPOXIA,HALLMARK_MITOTIC_SPINDLE,-0.03449431199476994,0.25430402866835805,0.0025125628140703,0.35002520799858267,0.01850343740442012
HALLMARK_HYPOXIA,HALLMARK_MTORC1_SIGNALING,0.10743451319532694,0.00037125950539938644,0.084010840108401,0.0014080275359574254,0.09572267665186397
HALLMARK_HYPOXIA,HALLMARK_MYC_TARGETS_V1,0.03708332328187755,0.22035859611087666,0.0050251256281407,0.31315461744295114,0.021054224455009124
HALLMARK_HYPOXIA,HALLMARK_MYC_TARGETS_V2,-0.15796006265156562,1.5073002475271263e-07,0.0038910505836575,1.0990730971551963e-06,0.08092555661761155
HALLMARK_HYPOXIA,HALLMARK_MYOGENESIS,0.2647230665882452,5.327758636819739e-19,0.0335917312661498,1.4503342955787065e-17,0.14915739892719748
HALLMARK_HYPOXIA,HALLMARK_NOTCH_SIGNALING,-0.06344617894396247,0.03588393909771405,0.008695652173913,0.07101425750355365,0.03607091555893774
HALLMARK_HYPOXIA,HALLMARK_OXIDATIVE_PHOSPHORYLATION,-0.07812298234254068,0.009738816283608284,0.0050251256281407,0.023670734022659023,0.04157405398534069
HALLMARK_HYPOXIA,HALLMARK_P53_PATHWAY,0.19248049552350885,1.36938411630078e-10,0.0362694300518134,1.6774955424684555e-09,0.11437496278766113
HALLMARK_HYPOXIA,HALLMARK_PANCREAS_BETA_CELLS,-0.011048594683684207,0.7150867338346385,0.0084033613445378,0.7807319509335403,0.009725978014111004
HALLMARK_HYPOXIA,HALLMARK_PEROXISOME,-0.11241747358340008,0.00019465911809377802,0.0066225165562913,0.0008083302361521291,0.05951999506984569
HALLMARK_HYPOXIA,HALLMARK_PI3K_AKT_MTOR_SIGNALING,0.1284688786370627,2.025975113711745e-05,0.023489932885906,0.000103409146429037,0.07597940576148435
HALLMARK_HYPOXIA,HALLMARK_PROTEIN_SECRETION,-0.0784049049897349,0.009477693164629224,0.0136986301369863,0.0232203482533416,0.0460517675633606
HALLMARK_HYPOXIA,HALLMARK_REACTIVE_OXYGEN_SPECIES_PATHWAY,-0.0652133173587753,0.031020900410124227,0.0080971659919028,0.06301924212670344,0.03665524167533905
HALLMARK_HYPOXIA,HALLMARK_SPERMATOGENESIS,-0.008965989013415575,0.7670597600150922,0.0120845921450151,0.8206534550379808,0.010525290579215339
HALLMARK_HYPOXIA,HALLMARK_TGF_BETA_SIGNALING,-8.955684687333679e-05,0.9976392493605414,0.0119521912350597,0.998454314106751,0.006020874040966518
HALLMARK_HYPOXIA,HALLMARK_TNFA_SIGNALING_VIA_NFKB,0.2862599977605166,4.446261192564254e-22,0.0781671159029649,1.3965820412541568e-20,0.18221355683174073
HALLMARK_HYPOXIA,HALLMARK_UNFOLDED_PROTEIN_RESPONSE,-0.025051212710886794,0.4078017126868299,0.0262295081967213,0.5081964374785012,0.025640360453804047
HALLMARK_HYPOXIA,HALLMARK_UV_RESPONSE_DN,0.1892445248272118,2.8024657005808753e-10,0.0455927051671732,3.1209277120105206e-09,0.1174186149971925
HALLMARK_HYPOXIA,HALLMARK_UV_RESPONSE_UP,0.21188503790439706,1.4335166263716515e-12,0.0228571428571428,2.3730511720341528e-11,0.11737109038076993
HALLMARK_HYPOXIA,HALLMARK_WNT_BETA_CATENIN_SIGNALING,0.029709264054861725,0.3262244178564457,0.0041493775933609,0.4289314212286283,0.01692932082411131
HALLMARK_HYPOXIA,HALLMARK_XENOBIOTIC_METABOLISM,-0.05528217816977719,0.06757917596069277,0.0204081632653061,0.11963076669342289,0.03784517071754164
HALLMARK_IL2_STAT5_SIGNALING,HALLMARK_IL6_JAK_STAT3_SIGNALING,0.2254310232481812,4.5199159137080554e-14,0.0592592592592592,8.518303068142105e-13,0.1423451412537202
HALLMARK_IL2_STAT5_SIGNALING,HALLMARK_INFLAMMATORY_RESPONSE,-0.025918194096429887,0.39176246326740033,0.0527704485488126,0.4932261228186695,0.039344321322621244
HALLMARK_IL2_STAT5_SIGNALING,HALLMARK_INTERFERON_ALPHA_RESPONSE,0.029997690098636707,0.3215476411765035,0.0242214532871972,0.4235439359582976,0.027109571692916952
HALLMARK_IL2_STAT5_SIGNALING,HALLMARK_INTERFERON_GAMMA_RESPONSE,-0.033085491476528894,0.27423000635015543,0.05,0.3703768001972882,0.04154274573826445
HALLMARK_IL2_STAT5_SIGNALING,HALLMARK_KRAS_SIGNALING_DN,0.04680724518901092,0.12180074517265856,0.0,0.193553255625408,0.02340362259450546
HALLMARK_IL2_STAT5_SIGNALING,HALLMARK_KRAS_SIGNALING_UP,0.1563917780959242,2.0050291250194876e-07,0.0445026178010471,1.4448003989111013e-06,0.10044719794848564
HALLMARK_IL2_STAT5_SIGNALING,HALLMARK_MITOTIC_SPINDLE,0.020605937661743547,0.4959674549959656,0.005050505050505,0.5921638717057094,0.012828221356124273
HALLMARK_IL2_STAT5_SIGNALING,HALLMARK_MTORC1_SIGNALING,-0.16148620439774458,7.854322559324987e-08,0.023076923076923,5.976114990790752e-07,0.09228156373733379
HALLMARK_IL2_STAT5_SIGNALING,HALLMARK_MYC_TARGETS_V1,0.013529208643206142,0.6548775566021853,0.0050377833753148,0.7292954607615245,0.009283496009260471
HALLMARK_IL2_STAT5_SIGNALING,HALLMARK_MYC_TARGETS_V2,0.09038178800409123,0.0027702333143636237,0.0198412698412698,0.008022543286277634,0.055111528922680515
HALLMARK_IL2_STAT5_SIGNALING,HALLMARK_MYOGENESIS,-0.00883730286836083,0.7703085939654518,0.015267175572519,0.8232477692918517,0.012052239220439916
HALLMARK_IL2_STAT5_SIGNALING,HALLMARK_NOTCH_SIGNALING,-0.06080877280403023,0.044341019100979505,0.0,0.08473907706505444,0.030404386402015114
HALLMARK_IL2_STAT5_SIGNALING,HALLMARK_OXIDATIVE_PHOSPHORYLATION,0.050393719511340945,0.09572155256359637,0.0025125628140703,0.15997121676726542,0.026453141162705623
HALLMARK_IL2_STAT5_SIGNALING,HALLMARK_P53_PATHWAY,-0.03359816715717529,0.26685901523156885,0.023076923076923,0.3631366759458106,0.028337545117049147
HALLMARK_IL2_STAT5_SIGNALING,HALLMARK_PANCREAS_BETA_CELLS,0.014852223466673128,0.6236296436306946,0.0,0.7040979847443327,0.007426111733336564
HALLMARK_IL2_STAT5_SIGNALING,HALLMARK_PEROXISOME,-0.082963746460415,0.006038580846893875,0.0066445182724252,0.01570543850837579,0.0448041323664201
HALLMARK_IL2_STAT5_SIGNALING,HALLMARK_PI3K_AKT_MTOR_SIGNALING,-0.09909157746674949,0.0010312713209546926,0.0033003300330033,0.0034422544091811946,0.05119595374987639
HALLMARK_IL2_STAT5_SIGNALING,HALLMARK_PROTEIN_SECRETION,-0.07831850444553871,0.009557048685035575,0.0034013605442176,0.02336803321191333,0.040859932494878154
HALLMARK_IL2_STAT5_SIGNALING,HALLMARK_REACTIVE_OXYGEN_SPECIES_PATHWAY,0.029428689645769546,0.3308160294601395,0.008130081300813,0.4334220706830704,0.018779385473291273
HALLMARK_IL2_STAT5_SIGNALING,HALLMARK_SPERMATOGENESIS,-0.0598292818661937,0.04788317146628503,0.0060240963855421,0.0896894266761455,0.0329266891258679
HALLMARK_IL2_STAT5_SIGNALING,HALLMARK_TGF_BETA_SIGNALING,0.0986661113032234,0.0010842786729716263,0.0201612903225806,0.0035705413290060277,0.059413700812902
HALLMARK_IL2_STAT5_SIGNALING,HALLMARK_TNFA_SIGNALING_VIA_NFKB,-0.05702263393056961,0.059370462364485274,0.0555555555555555,0.10711165890499921,0.056289094743062554
HALLMARK_IL2_STAT5_SIGNALING,HALLMARK_UNFOLDED_PROTEIN_RESPONSE,0.17666727162967927,4.0279535914621096e-09,0.0032154340836012,3.916065991699273e-08,0.08994135285664023
HALLMARK_IL2_STAT5_SIGNALING,HALLMARK_UV_RESPONSE_DN,0.13757939480136025,4.9460715156880144e-06,0.014792899408284,2.8990132089558938e-05,0.07618614710482212
HALLMARK_IL2_STAT5_SIGNALING,HALLMARK_UV_RESPONSE_UP,0.003625795250559894,0.9046503709592112,0.0258620689655172,0.9320409625105414,0.014743932108038546
HALLMARK_IL2_STAT5_SIGNALING,HALLMARK_WNT_BETA_CATENIN_SIGNALING,0.07969061774963751,0.008364231092900264,0.0126050420168067,0.02074126131336604,0.04614782988322211
HALLMARK_IL2_STAT5_SIGNALING,HALLMARK_XENOBIOTIC_METABOLISM,-0.03191333727913781,0.29160054713345285,0.0178571428571428,0.38996798060969406,0.024885240068140305
HALLMARK_IL6_JAK_STAT3_SIGNALING,HALLMARK_INFLAMMATORY_RESPONSE,0.2823046058475743,1.714215124578796e-21,0.0871212121212121,5.2497838190225626e-20,0.1847129089843932
HALLMARK_IL6_JAK_STAT3_SIGNALING,HALLMARK_INTERFERON_ALPHA_RESPONSE,-0.16455426514959878,4.402973271787387e-08,0.0454545454545454,3.5023651025581484e-07,0.10500440530207208
HALLMARK_IL6_JAK_STAT3_SIGNALING,HALLMARK_INTERFERON_GAMMA_RESPONSE,0.1916423440523685,1.6504532609918743e-10,0.0830188679245283,1.9629177133155786e-09,0.1373306059884484
HALLMARK_IL6_JAK_STAT3_SIGNALING,HALLMARK_KRAS_SIGNALING_DN,0.0796980954611886,0.008358112378365236,0.0034965034965034,0.02074126131336604,0.041597299478846
HALLMARK_IL6_JAK_STAT3_SIGNALING,HALLMARK_KRAS_SIGNALING_UP,-0.0345570653589988,0.2534404932704942,0.025,0.34962230209049033,0.0297785326794994
HALLMARK_IL6_JAK_STAT3_SIGNALING,HALLMARK_MITOTIC_SPINDLE,0.1147231015652403,0.00014308869470362615,0.0,0.000612879898643154,0.05736155078262015
HALLMARK_IL6_JAK_STAT3_SIGNALING,HALLMARK_MTORC1_SIGNALING,0.13529507053399908,7.104907323154569e-06,0.0034965034965034,4.029403458733494e-05,0.06939578701525125
HALLMARK_IL6_JAK_STAT3_SIGNALING,HALLMARK_MYC_TARGETS_V1,-0.047464979036354014,0.11664196275688923,0.0,0.18721591334490445,0.023732489518177007
HALLMARK_IL6_JAK_STAT3_SIGNALING,HALLMARK_MYC_TARGETS_V2,0.04092444190385749,0.17617622867876798,0.0,0.26156235905590725,0.020462220951928744
HALLMARK_IL6_JAK_STAT3_SIGNALING,HALLMARK_MYOGENESIS,-0.013748355677824542,0.6496577502305154,0.0070175438596491,0.7241408043970713,0.010382949768736821
HALLMARK_IL6_JAK_STAT3_SIGNALING,HALLMARK_NOTCH_SIGNALING,-0.029702291020495104,0.3263380282327197,0.0,0.4289314212286283,0.014851145510247552
HALLMARK_IL6_JAK_STAT3_SIGNALING,HALLMARK_OXIDATIVE_PHOSPHORYLATION,-0.1627340406655939,6.215024475448758e-08,0.0,4.818610748370081e-07,0.08136702033279695
HALLMARK_IL6_JAK_STAT3_SIGNALING,HALLMARK_P53_PATHWAY,-0.16196947470069636,7.175087027815045e-08,0.025,5.493426005670893e-07,0.09348473735034818
HALLMARK_IL6_JAK_STAT3_SIGNALING,HALLMARK_PANCREAS_BETA_CELLS,0.10959357530518356,0.00028158088883098274,0.0,0.0011091208643664112,0.05479678765259178
HALLMARK_IL6_JAK_STAT3_SIGNALING,HALLMARK_PEROXISOME,0.03780489923370393,0.21150434258241188,0.0,0.303387376655099,0.018902449616851964
HALLMARK_IL6_JAK_STAT3_SIGNALING,HALLMARK_PI3K_AKT_MTOR_SIGNALING,0.054690479384522525,0.07057386460608003,0.032258064516129,0.12403584525458829,0.04347427195032576
HALLMARK_IL6_JAK_STAT3_SIGNALING,HALLMARK_PROTEIN_SECRETION,-0.1143854035488917,0.00014974048673741552,0.0,0.0006369170008796321,0.05719270177444585
HALLMARK_IL6_JAK_STAT3_SIGNALING,HALLMARK_REACTIVE_OXYGEN_SPECIES_PATHWAY,-0.09530580034712478,0.0016001161525555883,0.0,0.004974980423554811,0.04765290017356239
HALLMARK_IL6_JAK_STAT3_SIGNALING,HALLMARK_SPERMATOGENESIS,0.0286208612590406,0.34426809560611377,0.004524886877828,0.4467258602632595,0.0165728740684343
HALLMARK_IL6_JAK_STAT3_SIGNALING,HALLMARK_TGF_BETA_SIGNALING,0.036589485044704474,0.22656944054108438,0.014388489208633,0.32049372362913203,0.025488987126668736
HALLMARK_IL6_JAK_STAT3_SIGNALING,HALLMARK_TNFA_SIGNALING_VIA_NFKB,0.2647742401306077,5.242677846888727e-19,0.0669144981412639,1.4503342955787065e-17,0.1658443691359358
HALLMARK_IL6_JAK_STAT3_SIGNALING,HALLMARK_UNFOLDED_PROTEIN_RESPONSE,0.0011423220362535222,0.9698950738411571,0.0,0.9802982388246019,0.0005711610181267611
HALLMARK_IL6_JAK_STAT3_SIGNALING,HALLMARK_UV_RESPONSE_DN,-0.1719089719471673,1.0518180698996724e-08,0.0043478260869565,9.269619680770494e-08,0.0881283990170619
HALLMARK_IL6_JAK_STAT3_SIGNALING,HALLMARK_UV_RESPONSE_UP,-0.11349779680287547,0.00016863700325227575,0.0208333333333333,0.0007123459620139234,0.0671655650681044
HALLMARK_IL6_JAK_STAT3_SIGNALING,HALLMARK_WNT_BETA_CATENIN_SIGNALING,0.11593094425474554,0.0001215023882363108,0.0,0.0005334782279192858,0.05796547212737277
HALLMARK_IL6_JAK_STAT3_SIGNALING,HALLMARK_XENOBIOTIC_METABOLISM,0.10505851205375617,0.0005003964975104921,0.0213523131672597,0.0018082174320069404,0.06320541261050794
HALLMARK_INFLAMMATORY_RESPONSE,HALLMARK_INTERFERON_ALPHA_RESPONSE,-0.17061443014794558,1.359455943330445e-08,0.0607142857142857,1.1810876103402801e-07,0.11566435793111564
HALLMARK_INFLAMMATORY_RESPONSE,HALLMARK_INTERFERON_GAMMA_RESPONSE,0.18684865560024222,4.72407465200524e-10,0.1019283746556473,5.076308288338964e-09,0.14438851512794476
HALLMARK_INFLAMMATORY_RESPONSE,HALLMARK_KRAS_SIGNALING_DN,0.09500927419020341,0.0016550760652905496,0.015228426395939,0.0051069727455438875,0.0551188502930712
HALLMARK_INFLAMMATORY_RESPONSE,HALLMARK_KRAS_SIGNALING_UP,0.20811290708244162,3.6050829623741295e-12,0.0416666666666666,5.452131640627541e-11,0.12488978687455411
HALLMARK_INFLAMMATORY_RESPONSE,HALLMARK_MITOTIC_SPINDLE,-0.08562529451775257,0.004595745216642775,0.0050377833753148,0.012538503096631178,0.04533153894653368
HALLMARK_INFLAMMATORY_RESPONSE,HALLMARK_MTORC1_SIGNALING,-0.01955860984890193,0.5181262662506944,0.0126582278481012,0.611213054289756,0.016108418848501563
HALLMARK_INFLAMMATORY_RESPONSE,HALLMARK_MYC_TARGETS_V1,0.066629138356136,0.027543108388300826,0.0025062656641604,0.05738147580896005,0.0345677020101482
HALLMARK_INFLAMMATORY_RESPONSE,HALLMARK_MYC_TARGETS_V2,-0.015703527314540507,0.6038702922037247,0.0038910505836575,0.6843118482419637,0.009797288949099004
HALLMARK_INFLAMMATORY_RESPONSE,HALLMARK_MYOGENESIS,-0.020516206615777507,0.49784595290639333,0.0101010101010101,0.5938279379847438,0.015308608358393804
HALLMARK_INFLAMMATORY_RESPONSE,HALLMARK_NOTCH_SIGNALING,-0.01734347180307024,0.5666214895469827,0.0043290043290043,0.6554403443768213,0.010836238066037271
HALLMARK_INFLAMMATORY_RESPONSE,HALLMARK_OXIDATIVE_PHOSPHORYLATION,-0.01163071772516033,0.7007805590300217,0.0,0.7706069881613793,0.005815358862580165
HALLMARK_INFLAMMATORY_RESPONSE,HALLMARK_P53_PATHWAY,-0.07817117249910958,0.00969373273533526,0.0309278350515463,0.023607997218261817,0.05454950377532794
HALLMARK_INFLAMMATORY_RESPONSE,HALLMARK_PANCREAS_BETA_CELLS,-0.009736800827082908,0.7476870419845014,0.0,0.8037437188958657,0.004868400413541454
HALLMARK_INFLAMMATORY_RESPONSE,HALLMARK_PEROXISOME,-0.051101394364331205,0.09114577480374388,0.0,0.15400492984080863,0.025550697182165603
HALLMARK_INFLAMMATORY_RESPONSE,HALLMARK_PI3K_AKT_MTOR_SIGNALING,0.06915593863706225,0.022166469373187184,0.009933774834437,0.04789052025071305,0.039544856735749624
HALLMARK_INFLAMMATORY_RESPONSE,HALLMARK_PROTEIN_SECRETION,0.024805450479963468,0.4124184628960521,0.0068027210884353,0.5134274563492519,0.015804085784199385
HALLMARK_INFLAMMATORY_RESPONSE,HALLMARK_REACTIVE_OXYGEN_SPECIES_PATHWAY,0.05881347760253667,0.05180448014427046,0.0040322580645161,0.0958617646174189,0.03142286783352639
HALLMARK_INFLAMMATORY_RESPONSE,HALLMARK_SPERMATOGENESIS,0.15004558707308996,6.182297704928289e-07,0.0,4.1159318959441055e-06,0.07502279353654498
HALLMARK_INFLAMMATORY_RESPONSE,HALLMARK_TGF_BETA_SIGNALING,0.04024198544710172,0.18350252116214105,0.0079365079365079,0.270506123253457,0.02408924669180481
HALLMARK_INFLAMMATORY_RESPONSE,HALLMARK_TNFA_SIGNALING_VIA_NFKB,0.4683195945745949,1.000201474686657e-60,0.1461318051575931,7.657792540569717e-59,0.307225699866094
HALLMARK_INFLAMMATORY_RESPONSE,HALLMARK_UNFOLDED_PROTEIN_RESPONSE,0.036243710171375065,0.23099172444229826,0.0032051282051282,0.3245009890387791,0.019724419188251633
HALLMARK_INFLAMMATORY_RESPONSE,HALLMARK_UV_RESPONSE_DN,0.048721990806875615,0.1072610827530013,0.0455927051671732,0.176368894459633,0.04715734798702441
HALLMARK_INFLAMMATORY_RESPONSE,HALLMARK_UV_RESPONSE_UP,-0.18038847371529235,1.8666170946914264e-09,0.028735632183908,1.8897569760305763e-08,0.10456205294960018
HALLMARK_INFLAMMATORY_RESPONSE,HALLMARK_WNT_BETA_CATENIN_SIGNALING,-0.07607147127325552,0.011839706591423103,0.0041493775933609,0.028053463393604063,0.04011042443330821
HALLMARK_INFLAMMATORY_RESPONSE,HALLMARK_XENOBIOTIC_METABOLISM,0.10182888055397125,0.0007435958415068786,0.0126582278481012,0.0025731777001297353,0.057243554201036224
HALLMARK_INTERFERON_ALPHA_RESPONSE,HALLMARK_INTERFERON_GAMMA_RESPONSE,0.9938972356032353,0.0,0.3258928571428571,0.0,0.6598950463730462
HALLMARK_INTERFERON_ALPHA_RESPONSE,HALLMARK_KRAS_SIGNALING_DN,0.12120802698657099,5.837607090196251e-05,0.010204081632653,0.00027294155288131323,0.06570605430961199
HALLMARK_INTERFERON_ALPHA_RESPONSE,HALLMARK_KRAS_SIGNALING_UP,0.22637774770026062,3.519562541416963e-14,0.0067796610169491,6.843593830532983e-13,0.11657870435860486
HALLMARK_INTERFERON_ALPHA_RESPONSE,HALLMARK_MITOTIC_SPINDLE,-0.08819616710280864,0.0035058971546516925,0.0,0.009931034197718439,0.04409808355140432
HALLMARK_INTERFERON_ALPHA_RESPONSE,HALLMARK_MTORC1_SIGNALING,-0.1532052516554761,3.549410571856583e-07,0.010204081632653,2.4565129663979174e-06,0.08170466664406455
HALLMARK_INTERFERON_ALPHA_RESPONSE,HALLMARK_MYC_TARGETS_V1,0.07166990986900389,0.017746285728361396,0.0,0.03981538464696467,0.03583495493450194
HALLMARK_INTERFERON_ALPHA_RESPONSE,HALLMARK_MYC_TARGETS_V2,-0.04014530728287662,0.184558343580991,0.0,0.2717355419311466,0.02007265364143831
HALLMARK_INTERFERON_ALPHA_RESPONSE,HALLMARK_MYOGENESIS,0.0818807512983734,0.006734089139326467,0.0,0.017366861464578786,0.0409403756491867
HALLMARK_INTERFERON_ALPHA_RESPONSE,HALLMARK_NOTCH_SIGNALING,-0.07698386956366855,0.010860269338112315,0.0,0.026024850454772888,0.038491934781834276
HALLMARK_INTERFERON_ALPHA_RESPONSE,HALLMARK_OXIDATIVE_PHOSPHORYLATION,0.006989254231225311,0.8173825350493124,0.0,0.8654223037471112,0.0034946271156126554
HALLMARK_INTERFERON_ALPHA_RESPONSE,HALLMARK_P53_PATHWAY,0.05865253406007428,0.052449741954176704,0.0206185567010309,0.09676345465943745,0.03963554538055259
HALLMARK_INTERFERON_ALPHA_RESPONSE,HALLMARK_PANCREAS_BETA_CELLS,0.05386528814198063,0.07493094956273766,0.0,0.1313167571020796,0.026932644070990316
HALLMARK_INTERFERON_ALPHA_RESPONSE,HALLMARK_PEROXISOME,-0.07419520243587995,0.014102790930965878,0.0,0.03294266932057975,0.03709760121793997
HALLMARK_INTERFERON_ALPHA_RESPONSE,HALLMARK_PI3K_AKT_MTOR_SIGNALING,0.0022707279435646953,0.94019873068732,0.0049751243781094,0.9585368287703278,0.0036229261608370475
HALLMARK_INTERFERON_ALPHA_RESPONSE,HALLMARK_PROTEIN_SECRETION,-0.09923834035387664,0.0010135493525806766,0.0,0.003410983398108046,0.04961917017693832
HALLMARK_INTERFERON_ALPHA_RESPONSE,HALLMARK_REACTIVE_OXYGEN_SPECIES_PATHWAY,-0.06806616885668297,0.024361994799420604,0.0,0.05208279865495679,0.034033084428341485
HALLMARK_INTERFERON_ALPHA_RESPONSE,HALLMARK_SPERMATOGENESIS,0.09429084855411815,0.0017955015217719914,0.0,0.005430837936223924,0.047145424277059075
HALLMARK_INTERFERON_ALPHA_RESPONSE,HALLMARK_TGF_BETA_SIGNALING,0.011312274900560701,0.7085938197941407,0.0,0.776293014378941,0.005656137450280351
HALLMARK_INTERFERON_ALPHA_RESPONSE,HALLMARK_TNFA_SIGNALING_VIA_NFKB,-0.003153280880734825,0.9170281658218753,0.03125,0.9416257360702408,0.017201640440367413
HALLMARK_INTERFERON_ALPHA_RESPONSE,HALLMARK_UNFOLDED_PROTEIN_RESPONSE,0.03340210089888296,0.26966172282289025,0.0,0.3662257322151226,0.01670105044944148
HALLMARK_INTERFERON_ALPHA_RESPONSE,HALLMARK_UV_RESPONSE_DN,-0.03582697440965387,0.2364025178282475,0.0,0.3302087620748041,0.017913487204826935
HALLMARK_INTERFERON_ALPHA_RESPONSE,HALLMARK_UV_RESPONSE_UP,-0.08581731156399994,0.004504829272170734,0.0119047619047619,0.012345449347671475,0.04886103673438092
HALLMARK_INTERFERON_ALPHA_RESPONSE,HALLMARK_WNT_BETA_CATENIN_SIGNALING,0.012199255126725407,0.6869097752510647,0.0,0.7596360510266906,0.0060996275633627035
HALLMARK_INTERFERON_ALPHA_RESPONSE,HALLMARK_XENOBIOTIC_METABOLISM,0.11121177734887262,0.0002281310528357473,0.0,0.0009346506345277272,0.05560588867443631
HALLMARK_INTERFERON_GAMMA_RESPONSE,HALLMARK_KRAS_SIGNALING_DN,-0.07928252667273533,0.008704284129818642,0.0075566750629722,0.021454221446736088,0.043419600867853764
HALLMARK_INTERFERON_GAMMA_RESPONSE,HALLMARK_KRAS_SIGNALING_UP,-0.23827472833226418,1.3781081774694016e-15,0.0256410256410256,2.961723714736872e-14,0.13195787698664488
HALLMARK_INTERFERON_GAMMA_RESPONSE,HALLMARK_MITOTIC_SPINDLE,0.08342718066871195,0.0057612344469622195,0.0025125628140703,0.015144875960362058,0.04296987174139112
HALLMARK_INTERFERON_GAMMA_RESPONSE,HALLMARK_MTORC1_SIGNALING,0.1622580978465291,6.79690889545677e-08,0.0204081632653061,5.236612199329902e-07,0.09133313055591759
HALLMARK_INTERFERON_GAMMA_RESPONSE,HALLMARK_MYC_TARGETS_V1,-0.09882727035900489,0.001063911147321829,0.0050251256281407,0.0035415520529055453,0.051926197993572794
HALLMARK_INTERFERON_GAMMA_RESPONSE,HALLMARK_MYC_TARGETS_V2,0.04073970750769662,0.1781375409244513,0.0,0.26323098628763913,0.02036985375384831
HALLMARK_INTERFERON_GAMMA_RESPONSE,HALLMARK_MYOGENESIS,-0.08842704556792576,0.0034205532196015134,0.0050251256281407,0.009731967442567336,0.04672608559803323
HALLMARK_INTERFERON_GAMMA_RESPONSE,HALLMARK_NOTCH_SIGNALING,0.07030863309933504,0.020033212060862803,0.0,0.044297264936023345,0.03515431654966752
HALLMARK_INTERFERON_GAMMA_RESPONSE,HALLMARK_OXIDATIVE_PHOSPHORYLATION,0.002197811397699738,0.9421156171255891,0.0025062656641604,0.9585478662615006,0.002352038530930069
HALLMARK_INTERFERON_GAMMA_RESPONSE,HALLMARK_P53_PATHWAY,-0.04009258597142671,0.18513600168137048,0.0282776349614395,0.2722588260020154,0.034185110466433105
HALLMARK_INTERFERON_GAMMA_RESPONSE,HALLMARK_PANCREAS_BETA_CELLS,-0.057811429010286276,0.05593205065522497,0.0,0.10195946734025384,0.028905714505143138
HALLMARK_INTERFERON_GAMMA_RESPONSE,HALLMARK_PEROXISOME,0.07021261122847268,0.02020381783668677,0.0099667774086378,0.04459401234223657,0.04008969431855524
HALLMARK_INTERFERON_GAMMA_RESPONSE,HALLMARK_PI3K_AKT_MTOR_SIGNALING,-0.014567774966118965,0.6302936098507415,0.0166666666666666,0.710059081029495,0.015617220816392783
HALLMARK_INTERFERON_GAMMA_RESPONSE,HALLMARK_PROTEIN_SECRETION,0.10144294993982361,0.0007790605713441082,0.0033898305084745,0.0026883076053423457,0.052416390224149054
HALLMARK_INTERFERON_GAMMA_RESPONSE,HALLMARK_REACTIVE_OXYGEN_SPECIES_PATHWAY,0.06765519476309892,0.0252375542999004,0.0080971659919028,0.0533955164376131,0.03787618037750086
HALLMARK_INTERFERON_GAMMA_RESPONSE,HALLMARK_SPERMATOGENESIS,-0.09875709139571104,0.0010727366320642836,0.0029940119760479,0.0035491386111074553,0.05087555168587947
HALLMARK_INTERFERON_GAMMA_RESPONSE,HALLMARK_TGF_BETA_SIGNALING,-0.015200396528391454,0.6155144864098588,0.0,0.696219063575325,0.007600198264195727
HALLMARK_INTERFERON_GAMMA_RESPONSE,HALLMARK_TNFA_SIGNALING_VIA_NFKB,-0.013476513523859136,0.6561352165774152,0.0723860589812332,0.7300323708513475,0.042931286252546164
HALLMARK_INTERFERON_GAMMA_RESPONSE,HALLMARK_UNFOLDED_PROTEIN_RESPONSE,-0.022991307021855794,0.4474435125006979,0.0096774193548387,0.5470242543047454,0.016334363188347245
HALLMARK_INTERFERON_GAMMA_RESPONSE,HALLMARK_UV_RESPONSE_DN,0.04413258908434448,0.14463200013666072,0.0058479532163742,0.22286062914139546,0.02499027115035934
HALLMARK_INTERFERON_GAMMA_RESPONSE,HALLMARK_UV_RESPONSE_UP,0.08701068252579319,0.003975359727391024,0.0257879656160458,0.011141055435531533,0.05639932407091949
HALLMARK_INTERFERON_GAMMA_RESPONSE,HALLMARK_WNT_BETA_CATENIN_SIGNALING,-0.02608686139953099,0.38868711223638946,0.0,0.49036221677608355,0.013043430699765496
HALLMARK_INTERFERON_GAMMA_RESPONSE,HALLMARK_XENOBIOTIC_METABOLISM,-0.11963679394299191,7.284453769722039e-05,0.0178117048346055,0.00033800969196626885,0.0687242493887987
HALLMARK_KRAS_SIGNALING_DN,HALLMARK_KRAS_SIGNALING_UP,-0.17198493296112125,1.0360391035007028e-08,0.0,9.196723926002616e-08,0.08599246648056062
HALLMARK_KRAS_SIGNALING_DN,HALLMARK_MITOTIC_SPINDLE,-0.024500209097156552,0.4181954250429208,0.0025125628140703,0.5185115340866173,0.013506385955613426
HALLMARK_KRAS_SIGNALING_DN,HALLMARK_MTORC1_SIGNALING,-0.048583780031959505,0.10826237178538768,0.0025062656641604,0.17730134416724588,0.025545022848059953
HALLMARK_KRAS_SIGNALING_DN,HALLMARK_MYC_TARGETS_V1,0.062215536712558805,0.03964185330869379,0.0,0.07720392734999983,0.031107768356279403
HALLMARK_KRAS_SIGNALING_DN,HALLMARK_MYC_TARGETS_V2,0.050143937731573426,0.09737980885117467,0.0,0.16229968141862447,0.025071968865786713
HALLMARK_KRAS_SIGNALING_DN,HALLMARK_MYOGENESIS,0.2516213048910354,2.929657394717903e-17,0.0178117048346055,6.771377940621568e-16,0.13471650486282044
HALLMARK_KRAS_SIGNALING_DN,HALLMARK_NOTCH_SIGNALING,0.17287567802473558,8.673229755279906e-09,0.0043290043290043,7.755260182640792e-08,0.08860234117686994
HALLMARK_KRAS_SIGNALING_DN,HALLMARK_OXIDATIVE_PHOSPHORYLATION,0.06587727026160138,0.029345708306293645,0.0,0.06021523061174156,0.03293863513080069
HALLMARK_KRAS_SIGNALING_DN,HALLMARK_P53_PATHWAY,0.03160864047487354,0.29623432836331315,0.0101010101010101,0.39487165641464483,0.020854825287941817
HALLMARK_KRAS_SIGNALING_DN,HALLMARK_PANCREAS_BETA_CELLS,-0.050394772017814636,0.09571461323059154,0.0084033613445378,0.15997121676726542,0.029399066681176218
HALLMARK_KRAS_SIGNALING_DN,HALLMARK_PEROXISOME,0.032711376141104774,0.27969572744167337,0.0099667774086378,0.37651347924840645,0.021339076774871287
HALLMARK_KRAS_SIGNALING_DN,HALLMARK_PI3K_AKT_MTOR_SIGNALING,-0.010079288769071002,0.7391293178869629,0.0032894736842105,0.7970984933163575,0.006684381226640751
HALLMARK_KRAS_SIGNALING_DN,HALLMARK_PROTEIN_SECRETION,0.011492091411089136,0.7041780452379377,0.0033898305084745,0.7729552915918223,0.007440960959781818
HALLMARK_KRAS_SIGNALING_DN,HALLMARK_REACTIVE_OXYGEN_SPECIES_PATHWAY,-0.06051143046825641,0.04539218191949782,0.0,0.08594346654000747,0.030255715234128205
HALLMARK_KRAS_SIGNALING_DN,HALLMARK_SPERMATOGENESIS,0.06253679057458661,0.038630043813385015,0.0182370820668693,0.07559393557731092,0.040386936320727956
HALLMARK_KRAS_SIGNALING_DN,HALLMARK_TGF_BETA_SIGNALING,-0.020011302426262163,0.5084861187404802,0.0039525691699604,0.6041663389496491,0.011981935798111281
HALLMARK_KRAS_SIGNALING_DN,HALLMARK_TNFA_SIGNALING_VIA_NFKB,-0.08472277144853595,0.005045696400948467,0.0204081632653061,0.013495585351881816,0.052565467356921025
HALLMARK_KRAS_SIGNALING_DN,HALLMARK_UNFOLDED_PROTEIN_RESPONSE,-0.15391675724042503,3.1275840546602073e-07,0.0,2.201891072964801e-06,0.07695837862021251
HALLMARK_KRAS_SIGNALING_DN,HALLMARK_UV_RESPONSE_DN,0.029658684838643336,0.3270490780698462,0.0029154518950437,0.4289455253057404,0.01628706836684352
HALLMARK_KRAS_SIGNALING_DN,HALLMARK_UV_RESPONSE_UP,0.11512153277488195,0.0001355980751092086,0.0112994350282485,0.0005869527986175991,0.06321048390156522
HALLMARK_KRAS_SIGNALING_DN,HALLMARK_WNT_BETA_CATENIN_SIGNALING,0.03639491544658445,0.22905040795734005,0.0,0.3228846372240985,0.018197457723292225
HALLMARK_KRAS_SIGNALING_DN,HALLMARK_XENOBIOTIC_METABOLISM,0.04354573530222473,0.15005404080448342,0.0025062656641604,0.23034611527004034,0.023026000483192567
HALLMARK_KRAS_SIGNALING_UP,HALLMARK_MITOTIC_SPINDLE,-0.018769714105616425,0.5351486379889993,0.0050377833753148,0.6255315663516451,0.011903748740465613
HALLMARK_KRAS_SIGNALING_UP,HALLMARK_MTORC1_SIGNALING,0.10607110223675394,0.0004409471698534331,0.0126582278481012,0.0016319041784605907,0.059364665042427565
HALLMARK_KRAS_SIGNALING_UP,HALLMARK_MYC_TARGETS_V1,-0.11515189237996278,0.00013504269955697917,0.0,0.0005866216558769485,0.05757594618998139
HALLMARK_KRAS_SIGNALING_UP,HALLMARK_MYC_TARGETS_V2,0.0007482795488500263,0.9802770599010548,0.0,0.9851020495314128,0.00037413977442501316
HALLMARK_KRAS_SIGNALING_UP,HALLMARK_MYOGENESIS,-0.05134511257961408,0.08961118498571384,0.0126582278481012,0.15204113796052557,0.032001670213857636
HALLMARK_KRAS_SIGNALING_UP,HALLMARK_NOTCH_SIGNALING,0.1348897265364301,7.571938262822273e-06,0.0,4.2548735651180204e-05,0.06744486326821506
HALLMARK_KRAS_SIGNALING_UP,HALLMARK_OXIDATIVE_PHOSPHORYLATION,0.02064148418307724,0.4952243429527772,0.0,0.591853483041124,0.01032074209153862
HALLMARK_KRAS_SIGNALING_UP,HALLMARK_P53_PATHWAY,-0.03856143317245558,0.20250001415706417,0.0230179028132992,0.2942615864085452,0.030789667992877388
HALLMARK_KRAS_SIGNALING_UP,HALLMARK_PANCREAS_BETA_CELLS,-0.03917828356585762,0.19536723717284374,0.00418410041841,0.28533018206473815,0.021681191992133808
HALLMARK_KRAS_SIGNALING_UP,HALLMARK_PEROXISOME,0.012068396860771375,0.69009325717289,0.0033003300330033,0.7615369356615379,0.0076843634468873375
HALLMARK_KRAS_SIGNALING_UP,HALLMARK_PI3K_AKT_MTOR_SIGNALING,-0.09080650896976125,0.002644780921204736,0.0132890365448504,0.007713944353513813,0.05204777275730583
HALLMARK_KRAS_SIGNALING_UP,HALLMARK_PROTEIN_SECRETION,-0.014809418014486188,0.6246305292469346,0.0,0.7045786356606768,0.007404709007243094
HALLMARK_KRAS_SIGNALING_UP,HALLMARK_REACTIVE_OXYGEN_SPECIES_PATHWAY,-0.07418104439129469,0.014121225862710723,0.0040322580645161,0.03294266932057975,0.039106651227905395
HALLMARK_KRAS_SIGNALING_UP,HALLMARK_SPERMATOGENESIS,-0.025083890726269896,0.407190167165173,0.0182370820668693,0.5081964374785012,0.021660486396569596
HALLMARK_KRAS_SIGNALING_UP,HALLMARK_TGF_BETA_SIGNALING,0.11098101240418075,0.00023512345620434826,0.016,0.0009523200028687983,0.06349050620209037
HALLMARK_KRAS_SIGNALING_UP,HALLMARK_TNFA_SIGNALING_VIA_NFKB,0.16793599784898297,2.297305717899934e-08,0.0610079575596817,1.9553814925924565e-07,0.11447197770433233
HALLMARK_KRAS_SIGNALING_UP,HALLMARK_UNFOLDED_PROTEIN_RESPONSE,-0.06288320522777208,0.03756363115496688,0.0032051282051282,0.07375827505900238,0.033044166716450135
HALLMARK_KRAS_SIGNALING_UP,HALLMARK_UV_RESPONSE_DN,-0.15140897565156092,4.872648074957151e-07,0.0058479532163742,3.279666973528852e-06,0.07862846443396757
HALLMARK_KRAS_SIGNALING_UP,HALLMARK_UV_RESPONSE_UP,-0.10837590067497319,0.00032929851883315505,0.0084507042253521,0.0012806053510178252,0.058413302450162644
HALLMARK_KRAS_SIGNALING_UP,HALLMARK_WNT_BETA_CATENIN_SIGNALING,-0.006295335287181658,0.8352395401382277,0.0083333333333333,0.879766497566061,0.007314334310257479
HALLMARK_KRAS_SIGNALING_UP,HALLMARK_XENOBIOTIC_METABOLISM,-0.06443872016031392,0.03307822842395043,0.0256410256410256,0.06631887040808393,0.045039872900669756
HALLMARK_MITOTIC_SPINDLE,HALLMARK_MTORC1_SIGNALING,-0.059184275341130715,0.05034307319795917,0.010126582278481,0.0935815852314112,0.034655428809805856
HALLMARK_MITOTIC_SPINDLE,HALLMARK_MYC_TARGETS_V1,-0.10776779105156206,0.0003558640582914423,0.0025125628140703,0.0013580481975296475,0.055140176932816184
HALLMARK_MITOTIC_SPINDLE,HALLMARK_MYC_TARGETS_V2,0.06732336292827508,0.025964224708460264,0.00390625,0.05452736484825334,0.03561480646413754
HALLMARK_MITOTIC_SPINDLE,HALLMARK_MYOGENESIS,-0.047076136204354,0.11967063535857826,0.010126582278481,0.19097233176661896,0.028601359241417497
HALLMARK_MITOTIC_SPINDLE,HALLMARK_NOTCH_SIGNALING,0.0467054146899225,0.12261511508739378,0.0043478260869565,0.19456413987313131,0.025526620388439503
HALLMARK_MITOTIC_SPINDLE,HALLMARK_OXIDATIVE_PHOSPHORYLATION,-0.1938819653439167,1.0003193871098558e-10,0.0050377833753148,1.2632899476387353e-09,0.09945987435961574
HALLMARK_MITOTIC_SPINDLE,HALLMARK_P53_PATHWAY,0.11194087978204544,0.00020729791799804664,0.0,0.0008579052349581322,0.05597043989102272
HALLMARK_MITOTIC_SPINDLE,HALLMARK_PANCREAS_BETA_CELLS,-0.132419391579502,1.1117265866944414e-05,0.0,5.9730924065819766e-05,0.066209695789751
HALLMARK_MITOTIC_SPINDLE,HALLMARK_PEROXISOME,0.06313070270569297,0.03681713985251991,0.0033112582781456,0.07262640309071963,0.03322098049191929
HALLMARK_MITOTIC_SPINDLE,HALLMARK_PI3K_AKT_MTOR_SIGNALING,0.13211004424929668,1.1659434553569274e-05,0.0133333333333333,6.237033767739023e-05,0.07272168879131499
HALLMARK_MITOTIC_SPINDLE,HALLMARK_PROTEIN_SECRETION,0.20233182984939896,1.432397955607669e-11,0.0102739726027397,1.9715589838420166e-10,0.10630290122606934
HALLMARK_MITOTIC_SPINDLE,HALLMARK_REACTIVE_OXYGEN_SPECIES_PATHWAY,-0.06056596761874219,0.04519782677390767,0.0,0.08570795324773514,0.030282983809371094
HALLMARK_MITOTIC_SPINDLE,HALLMARK_SPERMATOGENESIS,0.32915510013594396,4.6785478624891137e-29,0.0214067278287461,2.0468646898389874e-27,0.17528091398234502
HALLMARK_MITOTIC_SPINDLE,HALLMARK_TGF_BETA_SIGNALING,0.187152731781578,4.4228208629625745e-10,0.0079681274900398,4.794650935512526e-09,0.09756042963580891
HALLMARK_MITOTIC_SPINDLE,HALLMARK_TNFA_SIGNALING_VIA_NFKB,-0.02792253884802968,0.3561735760577508,0.0050377833753148,0.4585368328060194,0.01648016111167224
HALLMARK_MITOTIC_SPINDLE,HALLMARK_UNFOLDED_PROTEIN_RESPONSE,0.05901111364275654,0.051021195639274604,0.0064516129032258,0.09459452878292154,0.03273136327299117
HALLMARK_MITOTIC_SPINDLE,HALLMARK_UV_RESPONSE_DN,0.03519509380280748,0.24477640153906394,0.014792899408284,0.3403531122421718,0.02499399660554574
HALLMARK_MITOTIC_SPINDLE,HALLMARK_UV_RESPONSE_UP,-0.06464197704469271,0.0325273991433608,0.0056338028169014,0.06542867643779471,0.035137889930797056
HALLMARK_MITOTIC_SPINDLE,HALLMARK_WNT_BETA_CATENIN_SIGNALING,-0.18019676392557663,1.942838250656265e-09,0.0,1.950800702503217e-08,0.09009838196278831
HALLMARK_MITOTIC_SPINDLE,HALLMARK_XENOBIOTIC_METABOLISM,-0.18043265523823956,1.8494681047840889e-09,0.0050377833753148,1.8879986903004242e-08,0.09273521930677718
HALLMARK_MTORC1_SIGNALING,HALLMARK_MYC_TARGETS_V1,0.1405990159087283,3.0370595035484414e-06,0.0498687664041994,1.8695466793200203e-05,0.09523389115646386
HALLMARK_MTORC1_SIGNALING,HALLMARK_MYC_TARGETS_V2,0.08367778087348676,0.005616087864420811,0.036144578313253,0.014826956107576493,0.059911179593369876
HALLMARK_MTORC1_SIGNALING,HALLMARK_MYOGENESIS,-0.1328137883220377,1.0460834470287617e-05,0.0126582278481012,5.670142577921385e-05,0.07273600808506944
HALLMARK_MTORC1_SIGNALING,HALLMARK_NOTCH_SIGNALING,-0.13850743305825317,4.262210978206159e-06,0.0,2.5720238661588892e-05,0.06925371652912658
HALLMARK_MTORC1_SIGNALING,HALLMARK_OXIDATIVE_PHOSPHORYLATION,0.2626415916467229,1.0224192868846421e-18,0.0178117048346055,2.6648162264546523e-17,0.1402266482406642
HALLMARK_MTORC1_SIGNALING,HALLMARK_P53_PATHWAY,-0.056952113611322484,0.05968621636465511,0.0282776349614395,0.10736507349001838,0.04261487428638099
HALLMARK_MTORC1_SIGNALING,HALLMARK_PANCREAS_BETA_CELLS,-0.09763973241588463,0.0012226768241888773,0.00418410041841,0.003951923772114445,0.05091191641714731
HALLMARK_MTORC1_SIGNALING,HALLMARK_PEROXISOME,0.18115958987951408,1.588370608166638e-09,0.0235690235690235,1.6489440635628232e-08,0.10236430672426879
HALLMARK_MTORC1_SIGNALING,HALLMARK_PI3K_AKT_MTOR_SIGNALING,0.020709042951158125,0.49381364273080597,0.0739436619718309,0.5907438597121458,0.04732635246149451
HALLMARK_MTORC1_SIGNALING,HALLMARK_PROTEIN_SECRETION,0.1890990829076824,2.893286765348489e-10,0.0171821305841924,3.193041700497206e-09,0.1031406067459374
HALLMARK_MTORC1_SIGNALING,HALLMARK_REACTIVE_OXYGEN_SPECIES_PATHWAY,0.15813204657255092,1.4606152582500493e-07,0.0246913580246913,1.0714093960217427e-06,0.09141170229862111
HALLMARK_MTORC1_SIGNALING,HALLMARK_SPERMATOGENESIS,0.026225828685883853,0.38616435084083983,0.0090361445783132,0.48886529071030443,0.017630986632098528
HALLMARK_MTORC1_SIGNALING,HALLMARK_TGF_BETA_SIGNALING,0.07973702299558147,0.00832632406460641,0.0079365079365079,0.02073119304703832,0.04383676546604468
HALLMARK_MTORC1_SIGNALING,HALLMARK_TNFA_SIGNALING_VIA_NFKB,-0.16316741711381266,5.7273270318958805e-08,0.0256410256410256,4.49742026543106e-07,0.09440422137741913
HALLMARK_MTORC1_SIGNALING,HALLMARK_UNFOLDED_PROTEIN_RESPONSE,0.2996081667930349,3.981559238829522e-24,0.0574324324324324,1.3182189371800443e-22,0.17852029961273366
HALLMARK_MTORC1_SIGNALING,HALLMARK_UV_RESPONSE_DN,-0.05065793428076943,0.09399212877278158,0.0207715133531157,0.15794287756743133,0.035714723816942566
HALLMARK_MTORC1_SIGNALING,HALLMARK_UV_RESPONSE_UP,0.11264348445926291,0.00018892167808585707,0.031700288184438,0.000795288851048711,0.07217188632185045
HALLMARK_MTORC1_SIGNALING,HALLMARK_WNT_BETA_CATENIN_SIGNALING,0.0007888274106643723,0.9792085462558798,0.0,0.9848361815791894,0.00039441370533218614
HALLMARK_MTORC1_SIGNALING,HALLMARK_XENOBIOTIC_METABOLISM,-0.010488677532223647,0.7289422039590869,0.0309278350515463,0.7899738631677807,0.020708256291884972
HALLMARK_MYC_TARGETS_V1,HALLMARK_MYC_TARGETS_V2,0.4748363096516733,1.3178321952406317e-62,0.075,1.1531031708355528e-60,0.27491815482583665
HALLMARK_MYC_TARGETS_V1,HALLMARK_MYOGENESIS,-0.16058214599769807,9.295658799215559e-08,0.0025062656641604,6.943403676243329e-07,0.08154420583092924
HALLMARK_MYC_TARGETS_V1,HALLMARK_NOTCH_SIGNALING,0.05511305763820254,0.06842427115660417,0.0043290043290043,0.12095199446874474,0.02972103098360342
HALLMARK_MYC_TARGETS_V1,HALLMARK_OXIDATIVE_PHOSPHORYLATION,0.17924478244017641,2.3684807233478328e-09,0.0282776349614395,2.3588527529277198e-08,0.10376120870080796
HALLMARK_MYC_TARGETS_V1,HALLMARK_P53_PATHWAY,0.03596801601307979,0.23456133823699613,0.0075566750629722,0.32838587353179455,0.021762345538025998
HALLMARK_MYC_TARGETS_V1,HALLMARK_PANCREAS_BETA_CELLS,0.21842905397482273,2.776590865835135e-13,0.0,4.859034015211486e-12,0.10921452698741137
HALLMARK_MYC_TARGETS_V1,HALLMARK_PEROXISOME,0.07169012952940673,0.017714114388221406,0.0133333333333333,0.03981538464696467,0.04251173143137001
HALLMARK_MYC_TARGETS_V1,HALLMARK_PI3K_AKT_MTOR_SIGNALING,0.026582873107288522,0.3797286201226596,0.009933774834437,0.4822208974810969,0.01825832397086276
HALLMARK_MYC_TARGETS_V1,HALLMARK_PROTEIN_SECRETION,-0.0982192151648203,0.0011426571327368875,0.0033898305084745,0.003752694336736427,0.050804522836647395
HALLMARK_MYC_TARGETS_V1,HALLMARK_REACTIVE_OXYGEN_SPECIES_PATHWAY,0.1544743444999807,2.8312191294279093e-07,0.0040322580645161,2.0048695689480634e-06,0.0792533012822484
HALLMARK_MYC_TARGETS_V1,HALLMARK_SPERMATOGENESIS,0.11094181842684193,0.0002363308415282569,0.006006006006006,0.0009523200028687983,0.058473912216423965
HALLMARK_MYC_TARGETS_V1,HALLMARK_TGF_BETA_SIGNALING,0.016103720710249476,0.5946796257292608,0.0,0.6751460069678819,0.008051860355124738
HALLMARK_MYC_TARGETS_V1,HALLMARK_TNFA_SIGNALING_VIA_NFKB,0.06915900575941318,0.022160541015346223,0.0025062656641604,0.04789052025071305,0.03583263571178679
HALLMARK_MYC_TARGETS_V1,HALLMARK_UNFOLDED_PROTEIN_RESPONSE,0.18832696346492453,3.4256343403612123e-10,0.033003300330033,3.7467875597700756e-09,0.11066513189747876
HALLMARK_MYC_TARGETS_V1,HALLMARK_UV_RESPONSE_DN,0.19735493222425354,4.5472130379439406e-11,0.0029154518950437,5.802433303626383e-10,0.10013519205964862
HALLMARK_MYC_TARGETS_V1,HALLMARK_UV_RESPONSE_UP,-0.10513843031373342,0.0004954460584738766,0.0170454545454545,0.0017956255077825412,0.06109194242959396
HALLMARK_MYC_TARGETS_V1,HALLMARK_WNT_BETA_CATENIN_SIGNALING,-0.041079974199216766,0.17453745682544597,0.0125523012552301,0.259791475833744,0.02681613772722343
HALLMARK_MYC_TARGETS_V1,HALLMARK_XENOBIOTIC_METABOLISM,-0.1347312987288155,7.762327062202284e-06,0.0101010101010101,4.322204841453544e-05,0.07241615441491281
HALLMARK_MYC_TARGETS_V2,HALLMARK_MYOGENESIS,0.08679184737837996,0.00406800989557183,0.0,0.011300027487699529,0.04339592368918998
HALLMARK_MYC_TARGETS_V2,HALLMARK_NOTCH_SIGNALING,0.010615965094531134,0.7257844351009596,0.0,0.7888961251097386,0.005307982547265567
HALLMARK_MYC_TARGETS_V2,HALLMARK_OXIDATIVE_PHOSPHORYLATION,-0.20723208033584278,4.460130371816599e-12,0.0038910505836575,6.582722536717269e-11,0.10556156545975014
HALLMARK_MYC_TARGETS_V2,HALLMARK_P53_PATHWAY,-0.03627425710506828,0.23059859590625784,0.0,0.32432064292211926,0.01813712855253414
HALLMARK_MYC_TARGETS_V2,HALLMARK_PANCREAS_BETA_CELLS,-0.10831682045855495,0.00033179577897698607,0.0,0.0012843439994788828,0.054158410229277476
HALLMARK_MYC_TARGETS_V2,HALLMARK_PEROXISOME,-0.025839337887407852,0.39320531132016057,0.0,0.4945344007876763,0.012919668943703926
HALLMARK_MYC_TARGETS_V2,HALLMARK_PI3K_AKT_MTOR_SIGNALING,-0.08578769386595796,0.004518745628857285,0.0061728395061728,0.012355945078906638,0.04598026668606538
HALLMARK_MYC_TARGETS_V2,HALLMARK_PROTEIN_SECRETION,-0.11993932454230348,6.981879939322918e-05,0.0,0.0003252016321547747,0.05996966227115174
HALLMARK_MYC_TARGETS_V2,HALLMARK_REACTIVE_OXYGEN_SPECIES_PATHWAY,-0.04324817673917334,0.15286172182025395,0.0,0.23348579704465225,0.02162408836958667
HALLMARK_MYC_TARGETS_V2,HALLMARK_SPERMATOGENESIS,-0.13515489600953953,7.263212208149913e-06,0.0,4.100200440084629e-05,0.06757744800476977
HALLMARK_MYC_TARGETS_V2,HALLMARK_TGF_BETA_SIGNALING,-0.11094965751914435,0.00023608889151060264,0.0,0.0009523200028687983,0.05547482875957217
HALLMARK_MYC_TARGETS_V2,HALLMARK_TNFA_SIGNALING_VIA_NFKB,0.11864370792392576,8.367074637320001e-05,0.0078125,0.0003810457434003066,0.06322810396196288
HALLMARK_MYC_TARGETS_V2,HALLMARK_UNFOLDED_PROTEIN_RESPONSE,0.19842625357771163,3.55510533527163e-11,0.0301204819277108,4.682800038395427e-10,0.11427336775271121
HALLMARK_MYC_TARGETS_V2,HALLMARK_UV_RESPONSE_DN,-0.052854681171089254,0.08056329851931655,0.0049751243781094,0.1405841035415424,0.02891490277459933
HALLMARK_MYC_TARGETS_V2,HALLMARK_UV_RESPONSE_UP,0.04003717697060906,0.18574454672080107,0.0,0.27282622270141643,0.02001858848530453
HALLMARK_MYC_TARGETS_V2,HALLMARK_WNT_BETA_CATENIN_SIGNALING,0.17415649252221302,6.706192843586722e-09,0.0101010101010101,6.310817346693482e-08,0.09212875131161156
HALLMARK_MYC_TARGETS_V2,HALLMARK_XENOBIOTIC_METABOLISM,0.009785575807443981,0.7464663786994887,0.0038910505836575,0.8035336677564795,0.006838313195550741
HALLMARK_MYOGENESIS,HALLMARK_NOTCH_SIGNALING,-0.046158614787498324,0.12706090457160157,0.008695652173913,0.20032124594621872,0.027427133480705662
HALLMARK_MYOGENESIS,HALLMARK_OXIDATIVE_PHOSPHORYLATION,-0.031198122630852844,0.3025548284907287,0.0025062656641604,0.40198445217043666,0.016852194147506622
HALLMARK_MYOGENESIS,HALLMARK_P53_PATHWAY,0.0012313337310355219,0.9675504915778563,0.0335917312661498,0.9795449191594,0.017411532498592664
HALLMARK_MYOGENESIS,HALLMARK_PANCREAS_BETA_CELLS,0.016660979512697772,0.5819893019154916,0.0,0.6669194526159749,0.008330489756348886
HALLMARK_MYOGENESIS,HALLMARK_PEROXISOME,-0.04652210727431272,0.12409178062154179,0.0099667774086378,0.19639849000179416,0.02824444234147526
HALLMARK_MYOGENESIS,HALLMARK_PI3K_AKT_MTOR_SIGNALING,-0.06842218107859106,0.023624903483931103,0.009933774834437,0.05059529155212518,0.03917797795651403
HALLMARK_MYOGENESIS,HALLMARK_PROTEIN_SECRETION,-0.09625860609620705,0.0014346744030337367,0.0033898305084745,0.004517933531404441,0.049824218302340774
HALLMARK_MYOGENESIS,HALLMARK_REACTIVE_OXYGEN_SPECIES_PATHWAY,0.062365764964928905,0.03916593772970723,0.0163265306122449,0.07639852503008178,0.0393461477885869
HALLMARK_MYOGENESIS,HALLMARK_SPERMATOGENESIS,0.04206537495850952,0.1644179643848881,0.006006006006006,0.24713129616133486,0.02403569048225776
HALLMARK_MYOGENESIS,HALLMARK_TGF_BETA_SIGNALING,0.022036717276331802,0.4665313350649364,0.0079365079365079,0.564240749192988,0.014986612606419852
HALLMARK_MYOGENESIS,HALLMARK_TNFA_SIGNALING_VIA_NFKB,-0.06625662182120197,0.02842392922838247,0.0126582278481012,0.05891592775764556,0.03945742483465158
HALLMARK_MYOGENESIS,HALLMARK_UNFOLDED_PROTEIN_RESPONSE,0.08532684019640012,0.004740354398122457,0.0064308681672025,0.012825191817490821,0.04587885418180131
HALLMARK_MYOGENESIS,HALLMARK_UV_RESPONSE_DN,0.025071718734658965,0.40741789336481754,0.0117647058823529,0.5081964374785012,0.018418212308505932
HALLMARK_MYOGENESIS,HALLMARK_UV_RESPONSE_UP,0.0010930652354292653,0.9711926188300228,0.0084507042253521,0.98080046007154,0.0047718847303906825
HALLMARK_MYOGENESIS,HALLMARK_WNT_BETA_CATENIN_SIGNALING,0.0025220113220375123,0.9335955184052205,0.0125523012552301,0.9551222381587701,0.007537156288633806
HALLMARK_MYOGENESIS,HALLMARK_XENOBIOTIC_METABOLISM,0.03416981715028944,0.2588019403709332,0.0101010101010101,0.3546223455865695,0.022135413625649768
HALLMARK_NOTCH_SIGNALING,HALLMARK_OXIDATIVE_PHOSPHORYLATION,0.06370684881303153,0.0351281300628851,0.0,0.06985707682960104,0.031853424406515764
HALLMARK_NOTCH_SIGNALING,HALLMARK_P53_PATHWAY,-0.028349831846494936,0.34885834244932745,0.0043290043290043,0.4512289149393334,0.016339418087749618
HALLMARK_NOTCH_SIGNALING,HALLMARK_PANCREAS_BETA_CELLS,-0.011315824803721381,0.708506549124309,0.0,0.776293014378941,0.005657912401860691
HALLMARK_NOTCH_SIGNALING,HALLMARK_PEROXISOME,-0.07867742604358151,0.009231224124044557,0.0,0.022707328417579484,0.039338713021790754
HALLMARK_NOTCH_SIGNALING,HALLMARK_PI3K_AKT_MTOR_SIGNALING,0.1008806500265316,0.0008335463760200724,0.0,0.0028602081530100525,0.0504403250132658
HALLMARK_NOTCH_SIGNALING,HALLMARK_PROTEIN_SECRETION,0.031720314972698734,0.2945303197698988,0.0,0.39345653404375797,0.015860157486349367
HALLMARK_NOTCH_SIGNALING,HALLMARK_REACTIVE_OXYGEN_SPECIES_PATHWAY,0.004548441694807753,0.8805503764937603,0.0,0.9123545863873763,0.0022742208474038766
HALLMARK_NOTCH_SIGNALING,HALLMARK_SPERMATOGENESIS,-0.05294922042802807,0.08002225778387802,0.0,0.13983918086341024,0.026474610214014035
HALLMARK_NOTCH_SIGNALING,HALLMARK_TGF_BETA_SIGNALING,0.012938732193768654,0.669025452130846,0.0,0.7423516112864912,0.006469366096884327
HALLMARK_NOTCH_SIGNALING,HALLMARK_TNFA_SIGNALING_VIA_NFKB,0.01047203317988048,0.7293554606063347,0.0131004366812227,0.7899738631677807,0.01178623493055159
HALLMARK_NOTCH_SIGNALING,HALLMARK_UNFOLDED_PROTEIN_RESPONSE,-0.002910831162953055,0.9233872781661406,0.0,0.9465685487477173,0.0014554155814765276
HALLMARK_NOTCH_SIGNALING,HALLMARK_UV_RESPONSE_DN,0.034365487469686075,0.256083155864009,0.0114942528735632,0.3516837062033756,0.022929870171624636
HALLMARK_NOTCH_SIGNALING,HALLMARK_UV_RESPONSE_UP,-0.03718115396248016,0.21914282355538225,0.0,0.3117885700991211,0.01859057698124008
HALLMARK_NOTCH_SIGNALING,HALLMARK_WNT_BETA_CATENIN_SIGNALING,0.428751876040436,3.8153299922072516e-50,0.1212121212121212,2.749281906149343e-48,0.2749819986262786
HALLMARK_NOTCH_SIGNALING,HALLMARK_XENOBIOTIC_METABOLISM,-0.005827538113819835,0.8473262749884406,0.0043290043290043,0.8886769579288012,0.005078271221412068
HALLMARK_OXIDATIVE_PHOSPHORYLATION,HALLMARK_P53_PATHWAY,0.1087234403901098,0.00031496038608775886,0.0101010101010101,0.0012287467291640273,0.059412225245559946
HALLMARK_OXIDATIVE_PHOSPHORYLATION,HALLMARK_PANCREAS_BETA_CELLS,0.16037737710648062,9.65599126357559e-08,0.0,7.16884199871521e-07,0.08018868855324031
HALLMARK_OXIDATIVE_PHOSPHORYLATION,HALLMARK_PEROXISOME,-0.09958426819639109,0.0009728856668911953,0.0201342281879194,0.0032831541100322706,0.05985924819215524
HALLMARK_OXIDATIVE_PHOSPHORYLATION,HALLMARK_PI3K_AKT_MTOR_SIGNALING,-0.09173787555501367,0.002387636467744207,0.0,0.007014039983181424,0.045868937777506835
HALLMARK_OXIDATIVE_PHOSPHORYLATION,HALLMARK_PROTEIN_SECRETION,-0.12904574789018572,1.8579810285102717e-05,0.0033898305084745,9.563137646744045e-05,0.06621778919933011
HALLMARK_OXIDATIVE_PHOSPHORYLATION,HALLMARK_REACTIVE_OXYGEN_SPECIES_PATHWAY,0.018449763534564335,0.5421317365760936,0.0163265306122449,0.631885230547778,0.017388147073404615
HALLMARK_OXIDATIVE_PHOSPHORYLATION,HALLMARK_SPERMATOGENESIS,0.07998927477257088,0.008122939555436512,0.0029940119760479,0.020305189962255474,0.04149164337430939
HALLMARK_OXIDATIVE_PHOSPHORYLATION,HALLMARK_TGF_BETA_SIGNALING,0.011065153205480233,0.7146783812808032,0.0,0.7807319509335403,0.0055325766027401165
HALLMARK_OXIDATIVE_PHOSPHORYLATION,HALLMARK_TNFA_SIGNALING_VIA_NFKB,0.059962910250343525,0.047386364436923484,0.0,0.08903112950188843,0.029981455125171762
HALLMARK_OXIDATIVE_PHOSPHORYLATION,HALLMARK_UNFOLDED_PROTEIN_RESPONSE,-0.038269263241766015,0.20594380783584415,0.0032051282051282,0.2974666701773549,0.020737195723447108
HALLMARK_OXIDATIVE_PHOSPHORYLATION,HALLMARK_UV_RESPONSE_DN,-0.13113146018837277,1.3545403252633435e-05,0.0,7.183168391548033e-05,0.06556573009418638
HALLMARK_OXIDATIVE_PHOSPHORYLATION,HALLMARK_UV_RESPONSE_UP,-0.011145990291639148,0.7126860168805532,0.0170454545454545,0.7795003309631051,0.014095722418546824
HALLMARK_OXIDATIVE_PHOSPHORYLATION,HALLMARK_WNT_BETA_CATENIN_SIGNALING,-0.13708859428401224,5.348962400274675e-06,0.0,3.105440256083638e-05,0.06854429714200612
HALLMARK_OXIDATIVE_PHOSPHORYLATION,HALLMARK_XENOBIOTIC_METABOLISM,-0.08082393775414004,0.007481253827029754,0.0230179028132992,0.01901356003757562,0.05192092028371962
HALLMARK_P53_PATHWAY,HALLMARK_PANCREAS_BETA_CELLS,0.06989108150624421,0.02078434253849456,0.00418410041841,0.04562870897787784,0.0370375909623271
HALLMARK_P53_PATHWAY,HALLMARK_PEROXISOME,0.05740567048097039,0.05767950731800319,0.0099667774086378,0.10467762439193173,0.0336862239448041
HALLMARK_P53_PATHWAY,HALLMARK_PI3K_AKT_MTOR_SIGNALING,0.09268009669256981,0.002150942391939218,0.020066889632107,0.006395399102246462,0.0563734931623384
HALLMARK_P53_PATHWAY,HALLMARK_PROTEIN_SECRETION,-0.07122510015001493,0.018467069385692366,0.0,0.041234137703746745,0.035612550075007465
HALLMARK_P53_PATHWAY,HALLMARK_REACTIVE_OXYGEN_SPECIES_PATHWAY,0.07324321006763179,0.0153906455093634,0.0,0.03537249671476579,0.036621605033815896
HALLMARK_P53_PATHWAY,HALLMARK_SPERMATOGENESIS,0.03519877592824068,0.24472701019500692,0.0029940119760479,0.3403531122421718,0.01909639395214429
HALLMARK_P53_PATHWAY,HALLMARK_TGF_BETA_SIGNALING,-0.04265499436892934,0.15857766839642012,0.0119521912350597,0.23984723820230167,0.02730359280199452
HALLMARK_P53_PATHWAY,HALLMARK_TNFA_SIGNALING_VIA_NFKB,0.164192012573429,4.717047112938382e-08,0.0695187165775401,3.72798884732227e-07,0.11685536457548454
HALLMARK_P53_PATHWAY,HALLMARK_UNFOLDED_PROTEIN_RESPONSE,0.038424520618291644,0.20410854309245594,0.0096774193548387,0.29570362146972734,0.024050969986565172
HALLMARK_P53_PATHWAY,HALLMARK_UV_RESPONSE_DN,-0.0735643228074394,0.014945136765586084,0.0029154518950437,0.03441314386812585,0.03823988735124155
HALLMARK_P53_PATHWAY,HALLMARK_UV_RESPONSE_UP,0.06593019607686448,0.029215582799040574,0.0376811594202898,0.06014972929214236,0.05180567774857714
HALLMARK_P53_PATHWAY,HALLMARK_WNT_BETA_CATENIN_SIGNALING,0.2527552435125477,2.0897118028005656e-17,0.0168067226890756,5.019405800844496e-16,0.13478098310081166
HALLMARK_P53_PATHWAY,HALLMARK_XENOBIOTIC_METABOLISM,0.07458523499796356,0.01360320774709448,0.0282776349614395,0.03192323657124662,0.051431434979701526
HALLMARK_PANCREAS_BETA_CELLS,HALLMARK_PEROXISOME,0.0582616726029969,0.05404478122864559,0.0069930069930069,0.09910906737289049,0.0326273397980019
HALLMARK_PANCREAS_BETA_CELLS,HALLMARK_PI3K_AKT_MTOR_SIGNALING,-0.10737491819016895,0.0003740771356838022,0.0,0.0014143348494217829,0.053687459095084475
HALLMARK_PANCREAS_BETA_CELLS,HALLMARK_PROTEIN_SECRETION,0.31268376610580845,3.068751648113597e-26,0.0,1.143414345174498e-24,0.15634188305290422
HALLMARK_PANCREAS_BETA_CELLS,HALLMARK_REACTIVE_OXYGEN_SPECIES_PATHWAY,0.060878733389057874,0.04409669825469279,0.0,0.08440383650312291,0.030439366694528937
HALLMARK_PANCREAS_BETA_CELLS,HALLMARK_SPERMATOGENESIS,0.1484821070681392,8.101816569404692e-07,0.0,5.251177406095634e-06,0.0742410535340696
HALLMARK_PANCREAS_BETA_CELLS,HALLMARK_TGF_BETA_SIGNALING,-0.06427578630934691,0.03352552064968594,0.0,0.06710582156187136,0.032137893154673455
HALLMARK_PANCREAS_BETA_CELLS,HALLMARK_TNFA_SIGNALING_VIA_NFKB,-0.09706814305347433,0.0013066414376158673,0.0,0.004180803123416713,0.048534071526737166
HALLMARK_PANCREAS_BETA_CELLS,HALLMARK_UNFOLDED_PROTEIN_RESPONSE,0.01818896678530983,0.5478571495613566,0.02,0.6367409945091668,0.019094483392654914
HALLMARK_PANCREAS_BETA_CELLS,HALLMARK_UV_RESPONSE_DN,0.17035570378952503,1.4306481457657154e-08,0.0054644808743169,1.23418590039648e-07,0.08791009233192096
HALLMARK_PANCREAS_BETA_CELLS,HALLMARK_UV_RESPONSE_UP,0.09967239856382629,0.0009627699156376069,0.0,0.003267017026748112,0.04983619928191314
HALLMARK_PANCREAS_BETA_CELLS,HALLMARK_WNT_BETA_CATENIN_SIGNALING,-0.02805927458054476,0.353822230820991,0.0,0.4562444555323305,0.01402963729027238
HALLMARK_PANCREAS_BETA_CELLS,HALLMARK_XENOBIOTIC_METABOLISM,-0.03597405917642405,0.23448267705407475,0.0,0.32838587353179455,0.017987029588212026
HALLMARK_PEROXISOME,HALLMARK_PI3K_AKT_MTOR_SIGNALING,0.0938549784644035,0.0018859446307683005,0.0048076923076923,0.005676368974671175,0.0493313353860479
HALLMARK_PEROXISOME,HALLMARK_PROTEIN_SECRETION,-0.05562196191268412,0.06590719446492165,0.0101010101010101,0.11700914959352031,0.03286148600684711
HALLMARK_PEROXISOME,HALLMARK_REACTIVE_OXYGEN_SPECIES_PATHWAY,-0.022080144148320626,0.4656532937910647,0.0268456375838926,0.5642188772443661,0.02446289086610661
HALLMARK_PEROXISOME,HALLMARK_SPERMATOGENESIS,-0.006024845258679732,0.8422237942789716,0.0042016806722689,0.8848406071970328,0.0051132629654743154
HALLMARK_PEROXISOME,HALLMARK_TGF_BETA_SIGNALING,0.06153247249337922,0.04186803090411094,0.0,0.08102423042264756,0.03076623624668961
HALLMARK_PEROXISOME,HALLMARK_TNFA_SIGNALING_VIA_NFKB,0.06897082464549421,0.022526830896873316,0.0033003300330033,0.0485833940997708,0.036135577339248756
HALLMARK_PEROXISOME,HALLMARK_UNFOLDED_PROTEIN_RESPONSE,-0.04030964952475639,0.18276622424651406,0.0,0.26974533096624065,0.020154824762378194
HALLMARK_PEROXISOME,HALLMARK_UV_RESPONSE_DN,0.039173480214579656,0.19542205938964513,0.008130081300813,0.28533018206473815,0.023651780757696327
HALLMARK_PEROXISOME,HALLMARK_UV_RESPONSE_UP,-0.05778755924983482,0.056033615881711886,0.0194552529182879,0.10199283722897036,0.03862140608406136
HALLMARK_PEROXISOME,HALLMARK_WNT_BETA_CATENIN_SIGNALING,-0.07174103774461944,0.017633340669748313,0.0,0.03981538464696467,0.03587051887230972
HALLMARK_PEROXISOME,HALLMARK_XENOBIOTIC_METABOLISM,0.08868918746602551,0.003325945415418121,0.0305084745762711,0.009519353116558875,0.05959883102114831
HALLMARK_PI3K_AKT_MTOR_SIGNALING,HALLMARK_PROTEIN_SECRETION,0.05261982903761223,0.08192018552997056,0.0307692307692307,0.14246778796315362,0.04169452990342147
HALLMARK_PI3K_AKT_MTOR_SIGNALING,HALLMARK_REACTIVE_OXYGEN_SPECIES_PATHWAY,-0.05107233768135907,0.0913301317910939,0.0,0.1541038725125207,0.025536168840679534
HALLMARK_PI3K_AKT_MTOR_SIGNALING,HALLMARK_SPERMATOGENESIS,-0.15035972705681025,5.853424143334776e-07,0.0126582278481012,3.918275724363443e-06,0.08150897745245572
HALLMARK_PI3K_AKT_MTOR_SIGNALING,HALLMARK_TGF_BETA_SIGNALING,0.05833523160578815,0.053741548754512106,0.0192307692307692,0.09870074546368415,0.038783000418278674
HALLMARK_PI3K_AKT_MTOR_SIGNALING,HALLMARK_TNFA_SIGNALING_VIA_NFKB,-0.22605824132647184,3.830085213720887e-14,0.009933774834437,7.331022479387635e-13,0.11799600808045442
HALLMARK_PI3K_AKT_MTOR_SIGNALING,HALLMARK_UNFOLDED_PROTEIN_RESPONSE,0.018877242046396746,0.5328119898531819,0.013953488372093,0.6239910971033917,0.016415365209244873
HALLMARK_PI3K_AKT_MTOR_SIGNALING,HALLMARK_UV_RESPONSE_DN,0.09432635853161304,0.0017883114530299424,0.0121951219512195,0.005422479034558612,0.05326074024141627
HALLMARK_PI3K_AKT_MTOR_SIGNALING,HALLMARK_UV_RESPONSE_UP,0.13839574422895634,4.339449666756577e-06,0.0076628352490421,2.6057969812631408e-05,0.07302928973899922
HALLMARK_PI3K_AKT_MTOR_SIGNALING,HALLMARK_WNT_BETA_CATENIN_SIGNALING,-0.03394334340255112,0.26197358949867966,0.0,0.3581670168927261,0.01697167170127556
HALLMARK_PI3K_AKT_MTOR_SIGNALING,HALLMARK_XENOBIOTIC_METABOLISM,0.08466367225434548,0.005076503342709212,0.0032894736842105,0.013548402167361187,0.04397657296927799
HALLMARK_PROTEIN_SECRETION,HALLMARK_REACTIVE_OXYGEN_SPECIES_PATHWAY,0.11687893330941039,0.00010674883856972987,0.0069444444444444,0.0004737946639417358,0.0619116888769274
HALLMARK_PROTEIN_SECRETION,HALLMARK_SPERMATOGENESIS,-0.03031266949069388,0.31649049811231905,0.0,0.4186834343278519,0.01515633474534694
HALLMARK_PROTEIN_SECRETION,HALLMARK_TGF_BETA_SIGNALING,0.18972352659603892,2.522580729101067e-10,0.0,2.835010452430098e-09,0.09486176329801946
HALLMARK_PROTEIN_SECRETION,HALLMARK_TNFA_SIGNALING_VIA_NFKB,0.09348736497164979,0.0019654526860039302,0.0033898305084745,0.005886747042432309,0.04843859774006214
HALLMARK_PROTEIN_SECRETION,HALLMARK_UNFOLDED_PROTEIN_RESPONSE,0.318706084858834,3.0015935111183355e-27,0.0096618357487922,1.1861135648774068e-25,0.1641839603038131
HALLMARK_PROTEIN_SECRETION,HALLMARK_UV_RESPONSE_DN,-0.038250819985208274,0.20616261467801983,0.00418410041841,0.2974666701773549,0.021217460201809136
HALLMARK_PROTEIN_SECRETION,HALLMARK_UV_RESPONSE_UP,-0.08532206008755178,0.004742703586386401,0.0119521912350597,0.012825191817490821,0.048637125661305736
HALLMARK_PROTEIN_SECRETION,HALLMARK_WNT_BETA_CATENIN_SIGNALING,0.005557488995040322,0.8543202378170641,0.0,0.8929541734862658,0.002778744497520161
HALLMARK_PROTEIN_SECRETION,HALLMARK_XENOBIOTIC_METABOLISM,-0.14387716768772008,1.7680566740125696e-06,0.0,1.1164275390027822e-05,0.07193858384386004
HALLMARK_REACTIVE_OXYGEN_SPECIES_PATHWAY,HALLMARK_SPERMATOGENESIS,0.030167795650545812,0.31881000757135125,0.0,0.4208429518048548,0.015083897825272906
HALLMARK_REACTIVE_OXYGEN_SPECIES_PATHWAY,HALLMARK_TGF_BETA_SIGNALING,-0.05207235720042577,0.08515520229797133,0.0098039215686274,0.14589527666435648,0.030938139384526588
HALLMARK_REACTIVE_OXYGEN_SPECIES_PATHWAY,HALLMARK_TNFA_SIGNALING_VIA_NFKB,-0.07172414630744796,0.017660105723924065,0.0080971659919028,0.03981538464696467,0.03991065614967538
HALLMARK_REACTIVE_OXYGEN_SPECIES_PATHWAY,HALLMARK_UNFOLDED_PROTEIN_RESPONSE,-0.10633187398575612,0.00042674074698318055,0.0,0.0015841133789527156,0.05316593699287806
HALLMARK_REACTIVE_OXYGEN_SPECIES_PATHWAY,HALLMARK_UV_RESPONSE_DN,-0.06106211983578361,0.04346164494054154,0.0052083333333333,0.08344908315386111,0.033135226584558454
HALLMARK_REACTIVE_OXYGEN_SPECIES_PATHWAY,HALLMARK_UV_RESPONSE_UP,0.07170391968497071,0.017692202269047476,0.0197044334975369,0.03981538464696467,0.04570417659125381
HALLMARK_REACTIVE_OXYGEN_SPECIES_PATHWAY,HALLMARK_WNT_BETA_CATENIN_SIGNALING,-0.06610741219853959,0.028783475632224293,0.0,0.059560401434923575,0.033053706099269796
HALLMARK_REACTIVE_OXYGEN_SPECIES_PATHWAY,HALLMARK_XENOBIOTIC_METABOLISM,0.33843224045559617,1.0126399490228845e-30,0.0163265306122449,5.16868307313764e-29,0.17737938553392052
HALLMARK_SPERMATOGENESIS,HALLMARK_TGF_BETA_SIGNALING,-0.07768026963340383,0.010161801087565531,0.0,0.024463367065583608,0.03884013481670191
HALLMARK_SPERMATOGENESIS,HALLMARK_TNFA_SIGNALING_VIA_NFKB,-0.05504518878350983,0.06876584218635723,0.0,0.12138062921943459,0.027522594391754914
HALLMARK_SPERMATOGENESIS,HALLMARK_UNFOLDED_PROTEIN_RESPONSE,-0.12450324298178216,3.637154994852509e-05,0.0,0.00017965785760864207,0.06225162149089108
HALLMARK_SPERMATOGENESIS,HALLMARK_UV_RESPONSE_DN,-0.03088070229242007,0.30750292975823557,0.0,0.4081160227018836,0.015440351146210035
HALLMARK_SPERMATOGENESIS,HALLMARK_UV_RESPONSE_UP,0.09041718546036065,0.0027595740592119902,0.0103448275862068,0.008010611901740966,0.05038100652328373
HALLMARK_SPERMATOGENESIS,HALLMARK_WNT_BETA_CATENIN_SIGNALING,0.05986780535833524,0.047739501391329424,0.0,0.08955725758710345,0.02993390267916762
HALLMARK_SPERMATOGENESIS,HALLMARK_XENOBIOTIC_METABOLISM,-0.016767981117674774,0.5795671146540603,0.0029940119760479,0.6653886742748115,0.009880996546861337
HALLMARK_TGF_BETA_SIGNALING,HALLMARK_TNFA_SIGNALING_VIA_NFKB,-0.10537332766029055,0.00048115837314124574,0.040983606557377,0.0017594597226806747,0.07317846710883377
HALLMARK_TGF_BETA_SIGNALING,HALLMARK_UNFOLDED_PROTEIN_RESPONSE,-0.0091516581524719,0.7623795332165894,0.0,0.8164853129355742,0.00457582907623595
HALLMARK_TGF_BETA_SIGNALING,HALLMARK_UV_RESPONSE_DN,0.30470574134717393,6.151728439962475e-25,0.03125,2.093296483042787e-23,0.16797787067358697
HALLMARK_TGF_BETA_SIGNALING,HALLMARK_UV_RESPONSE_UP,0.1290644551255097,1.852761491514653e-05,0.0192307692307692,9.563137646744045e-05,0.07414761217813945
HALLMARK_TGF_BETA_SIGNALING,HALLMARK_WNT_BETA_CATENIN_SIGNALING,0.16029899605862316,9.797461381984653e-08,0.0212765957446808,7.230054333091085e-07,0.09078779590165198
HALLMARK_TGF_BETA_SIGNALING,HALLMARK_XENOBIOTIC_METABOLISM,0.0650183133581792,0.031528218592624904,0.0079365079365079,0.06394382082113495,0.03647741064734355
HALLMARK_TNFA_SIGNALING_VIA_NFKB,HALLMARK_UNFOLDED_PROTEIN_RESPONSE,-0.06730944833412326,0.02599508658888159,0.0162337662337662,0.05452736484825334,0.04177160728394473
HALLMARK_TNFA_SIGNALING_VIA_NFKB,HALLMARK_UV_RESPONSE_DN,0.0949123409225232,0.0016734150504504148,0.036144578313253,0.005150586524627533,0.0655284596178881
HALLMARK_TNFA_SIGNALING_VIA_NFKB,HALLMARK_UV_RESPONSE_UP,0.5974624162070865,8.001192881905837e-107,0.059171597633136,1.633576880055775e-104,0.32831700692011123
HALLMARK_TNFA_SIGNALING_VIA_NFKB,HALLMARK_WNT_BETA_CATENIN_SIGNALING,-0.017291848922641146,0.5677770687184299,0.0083333333333333,0.6561574614906384,0.012812591127987223
HALLMARK_TNFA_SIGNALING_VIA_NFKB,HALLMARK_XENOBIOTIC_METABOLISM,-0.10417963478851265,0.0005579611021822132,0.0178117048346055,0.0019985448835474007,0.06099566981155907
HALLMARK_UNFOLDED_PROTEIN_RESPONSE,HALLMARK_UV_RESPONSE_DN,0.02889585968419258,0.3396501614714587,0.0,0.4426291997899329,0.01444792984209629
HALLMARK_UNFOLDED_PROTEIN_RESPONSE,HALLMARK_UV_RESPONSE_UP,0.09484453312402007,0.0016863545075614004,0.018796992481203,0.0051774041898814925,0.05682076280261153
HALLMARK_UNFOLDED_PROTEIN_RESPONSE,HALLMARK_WNT_BETA_CATENIN_SIGNALING,-0.0008854776416551323,0.9766617817530359,0.0,0.9838903640193001,0.00044273882082756616
HALLMARK_UNFOLDED_PROTEIN_RESPONSE,HALLMARK_XENOBIOTIC_METABOLISM,0.06351248993827861,0.03569036965648589,0.0032051282051282,0.07086013424504897,0.0333588090717034
HALLMARK_UV_RESPONSE_DN,HALLMARK_UV_RESPONSE_UP,-0.16743956464978485,2.529608022308655e-08,0.0,2.0937633968433123e-07,0.08371978232489242
HALLMARK_UV_RESPONSE_DN,HALLMARK_WNT_BETA_CATENIN_SIGNALING,0.026985654598896337,0.37254805173140226,0.0054054054054054,0.47489215751401437,0.01619553000215087
HALLMARK_UV_RESPONSE_DN,HALLMARK_XENOBIOTIC_METABOLISM,0.08920495234234532,0.0031467192756829813,0.0058479532163742,0.00904866458383017,0.04752645277935976
HALLMARK_UV_RESPONSE_UP,HALLMARK_WNT_BETA_CATENIN_SIGNALING,-0.00573608397471824,0.8496935167960185,0.0,0.8896913641340602,0.00286804198735912
HALLMARK_UV_RESPONSE_UP,HALLMARK_XENOBIOTIC_METABOLISM,0.07684182035270529,0.01100786455257737,0.031700288184438,0.026285836407226662,0.05427105426857164
HALLMARK_WNT_BETA_CATENIN_SIGNALING,HALLMARK_XENOBIOTIC_METABOLISM,-0.02234760732460305,0.46026575930221225,0.0041493775933609,0.5593507491519941,0.013248492458981975
