pathway_a,pathway_b,partial_corr_subtype,p_value_subtype,jaccard_subtype,FDR_subtype,weight_subtype,partial_corr_global,p_value_global,FDR_global,jaccard_global,weight_global,delta_partial_corr,delta_weight,abs_delta_weight,subtype,rewiring_direction
HALLMARK_ADIPOGENESIS,HALLMARK_ALLOGRAFT_REJECTION,0.006727842815267934,0.9521647265382176,0.0025062656641604,0.9728121684814984,0.0046170542397141676,0.06585294636101746,0.029405678829142662,0.060237385561370836,0.0025062656641604,0.03417960601258893,-0.05912510354574953,-0.029562551772874764,0.029562551772874764,Her2,Weakened
HALLMARK_ADIPOGENESIS,HALLMARK_ANDROGEN_RESPONSE,-0.2247367071867016,0.04236868441277492,0.0066889632107023,0.13877443423970395,0.11571283519870196,-0.19214306151322336,1.476422395424957e-10,1.790710331084725e-09,0.0066889632107023,0.09941601236196283,-0.03259364567347825,0.016296822836739125,0.016296822836739125,Her2,Strengthened
HALLMARK_ADIPOGENESIS,HALLMARK_ANGIOGENESIS,0.1218612598831758,0.27543551561562396,0.0042553191489361,0.462203433738547,0.06305828951605595,0.06110453356830393,0.04331587305957398,0.0834307303427329,0.0042553191489361,0.032679926358620014,0.06075672631487187,0.030378363157435938,0.030378363157435938,Her2,Strengthened
HALLMARK_ADIPOGENESIS,HALLMARK_APICAL_JUNCTION,0.058180505896035635,0.6036220360569079,0.0050251256281407,0.7545275450711348,0.03160281576208817,-0.022807747183995725,0.4510791371990384,0.5498228289242011,0.0050251256281407,0.013916436406068213,0.08098825308003135,0.01768637935601996,0.01768637935601996,Her2,Strengthened
HALLMARK_ADIPOGENESIS,HALLMARK_APICAL_SURFACE,-0.06050400634799573,0.589216997977022,0.0041152263374485,0.7418199614818622,0.032309616342722114,0.00021203112494133696,0.9944108209199807,0.9968520913477712,0.0041152263374485,0.0021636287311949188,-0.060716037472937065,0.030145987611527196,0.030145987611527196,Her2,Strengthened
HALLMARK_ADIPOGENESIS,HALLMARK_APOPTOSIS,-0.06195536963958893,0.5802986852540718,0.019774011299435,0.7375547444333932,0.040864690469511966,-0.1066090436545697,0.0004121096169762532,0.0015391289048655799,0.019774011299435,0.06319152747700235,0.04465367401498078,-0.022326837007490385,0.022326837007490385,Her2,Weakened
HALLMARK_ADIPOGENESIS,HALLMARK_BILE_ACID_METABOLISM,0.04309202861237921,0.7006797706135829,0.0297029702970297,0.8174597323825135,0.036397499454704454,-0.051013534321742195,0.09170413945842278,0.15430985005023062,0.0297029702970297,0.040358252309385945,0.0941055629341214,-0.00396075285468149,0.00396075285468149,Her2,Weakened
HALLMARK_ADIPOGENESIS,HALLMARK_CHOLESTEROL_HOMEOSTASIS,0.0646684893810878,0.5637957580042727,0.0148148148148148,0.7284196807439264,0.039741652097951295,0.20949195904422246,2.578525906340687e-12,4.0496079939324895e-11,0.0148148148148148,0.11215338692951864,-0.14482346966313467,-0.07241173483156735,0.07241173483156735,Her2,Weakened
HALLMARK_ADIPOGENESIS,HALLMARK_COAGULATION,-0.263031921256127,0.016963697965330416,0.0029673590504451,0.07501996392610022,0.13299964015328605,0.028529766833462547,0.3458065885328978,0.4477939439247355,0.0029673590504451,0.015748562941953825,-0.29156168808958954,0.11725107721133222,0.11725107721133222,Her2,Strengthened
HALLMARK_ADIPOGENESIS,HALLMARK_COMPLEMENT,0.24851337109312066,0.02436781584498017,0.0101010101010101,0.09819267898059443,0.12930719059706539,0.07307535892740777,0.015628134010204558,0.03574847041820816,0.0101010101010101,0.04158818451420893,0.1754380121657129,0.08771900608285646,0.08771900608285646,Her2,Strengthened
HALLMARK_ADIPOGENESIS,HALLMARK_DNA_REPAIR,-0.2511686998260213,0.02283812190702984,0.0057471264367816,0.09463066223615636,0.12845791313140145,-0.07384564135335417,0.014564202835201812,0.03376513920355502,0.0057471264367816,0.039796383895067886,-0.17732305847266713,0.08866152923633357,0.08866152923633357,Her2,Strengthened
HALLMARK_ADIPOGENESIS,HALLMARK_E2F_TARGETS,0.0028821823548854653,0.9794977050413648,0.0050251256281407,0.9883101590699033,0.003953653991513083,0.05118019425402694,0.09064731391216681,0.15337425351160822,0.0050251256281407,0.028102659941083817,-0.04829801189914147,-0.024149005949570736,0.024149005949570736,Her2,Weakened
HALLMARK_ADIPOGENESIS,HALLMARK_EPITHELIAL_MESENCHYMAL_TRANSITION,-0.10813689360345746,0.3335301672414242,0.0075566750629722,0.5198148280798278,0.05784678433321483,-0.16067724427569505,9.132767988630029e-08,6.863583304338518e-07,0.0075566750629722,0.08411695966933362,0.052540350672237585,-0.026270175336118792,0.026270175336118792,Her2,Weakened
HALLMARK_ADIPOGENESIS,HALLMARK_ESTROGEN_RESPONSE_EARLY,0.058597300854675044,0.6010266188454683,0.0101010101010101,0.7535901822780948,0.03434915547784257,0.01678327220369127,0.5792213575763151,0.6653886742748115,0.0101010101010101,0.013442141152350685,0.04181402865098377,0.020907014325491885,0.020907014325491885,Her2,Strengthened
HALLMARK_ADIPOGENESIS,HALLMARK_ESTROGEN_RESPONSE_LATE,-0.10188749014201878,0.36237987023744245,0.0204081632653061,0.5500809678325489,0.06114782670366244,-0.04725773488807914,0.11824860474155703,0.1893272376514712,0.0204081632653061,0.03383294907669262,-0.05462975525393964,0.027314877626969825,0.027314877626969825,Her2,Strengthened
HALLMARK_ADIPOGENESIS,HALLMARK_FATTY_ACID_METABOLISM,0.40059822042547494,0.00019198120410115124,0.0881458966565349,0.002939712187798878,0.2443720585410049,0.2900227662701483,1.2069756443928542e-22,3.890908327319069e-21,0.0881458966565349,0.18908433146334158,0.11057545415532666,0.05528772707766333,0.05528772707766333,Her2,Strengthened
HALLMARK_ADIPOGENESIS,HALLMARK_G2M_CHECKPOINT,0.07421866874024483,0.5075382300261873,0.0025062656641604,0.6855466807771816,0.03836246720220261,-0.022731716468668384,0.4525898936007613,0.5511159241162352,0.0025062656641604,0.012618991066414393,0.0969503852089132,0.025743476135788222,0.025743476135788222,Her2,Strengthened
HALLMARK_ADIPOGENESIS,HALLMARK_GLYCOLYSIS,0.0767317412228048,0.4932306059936784,0.0256410256410256,0.6728368511606415,0.0511863834319152,-0.045820111415865825,0.12987528163395362,0.20397079487383743,0.0256410256410256,0.03573056852844571,0.12255185263867062,0.015455814903469492,0.015455814903469492,Her2,Strengthened
HALLMARK_ADIPOGENESIS,HALLMARK_HEDGEHOG_SIGNALING,-0.36993265954533444,0.0006246956535710914,0.0,0.006874283508666295,0.18496632977266722,0.020016249438821233,0.5083812926697525,0.6041663389496491,0.0,0.010008124719410616,-0.3899489089841557,0.1749582050532566,0.1749582050532566,Her2,Strengthened
HALLMARK_ADIPOGENESIS,HALLMARK_HEME_METABOLISM,-0.03251498841115123,0.7718221521830914,0.0126582278481012,0.8674148040589789,0.022586608129626217,-0.052316674897135665,0.08369900213107069,0.14502302349442941,0.0126582278481012,0.03248745137261843,0.019801686485984432,-0.009900843242992213,0.009900843242992213,Her2,Weakened
HALLMARK_ADIPOGENESIS,HALLMARK_HYPOXIA,-0.2752138076430984,0.012334252097083994,0.0282776349614395,0.05902132351143708,0.15174572130226893,0.11676113559143964,0.00010848565282674918,0.0004780392975279415,0.0282776349614395,0.07251938527643957,-0.391974943234538,0.07922633602582936,0.07922633602582936,Her2,Strengthened
HALLMARK_ADIPOGENESIS,HALLMARK_IL2_STAT5_SIGNALING,-0.028163914466631065,0.8016829685130358,0.0178571428571428,0.887916315993885,0.023010528661886933,-0.04830328528385554,0.11031715869004934,0.17922880556407217,0.0178571428571428,0.03308021407049917,0.020139370817224472,-0.01006968540861224,0.01006968540861224,Her2,Weakened
HALLMARK_ADIPOGENESIS,HALLMARK_IL6_JAK_STAT3_SIGNALING,-0.034733766914658105,0.7567187363832314,0.0070175438596491,0.8575212322566683,0.020875655387153604,0.11864338217111574,8.367453467321018e-05,0.0003810457434003066,0.0070175438596491,0.06283046301538242,-0.15337714908577385,-0.04195480762822881,0.04195480762822881,Her2,Weakened
HALLMARK_ADIPOGENESIS,HALLMARK_INFLAMMATORY_RESPONSE,0.13448238386549272,0.22836735047102458,0.0025062656641604,0.40474996044731315,0.06849432476482656,-0.047688842409469995,0.114925772386437,0.18499877946568374,0.0025062656641604,0.025097554036815198,0.1821712262749627,0.04339677072801136,0.04339677072801136,Her2,Strengthened
HALLMARK_ADIPOGENESIS,HALLMARK_INTERFERON_ALPHA_RESPONSE,0.18428830695174442,0.09743639375067097,0.0,0.23729539233513308,0.09214415347587221,0.10259330738686333,0.0006777282448322423,0.002378845558508587,0.0,0.051296653693431664,0.08169499956488109,0.040847499782440545,0.040847499782440545,Her2,Strengthened
HALLMARK_ADIPOGENESIS,HALLMARK_INTERFERON_GAMMA_RESPONSE,-0.1775514586777897,0.11052865535438575,0.0050251256281407,0.2556934101416384,0.0912882921529652,-0.10304147287398571,0.000641673726177813,0.002271821718404107,0.0050251256281407,0.054033299251063205,-0.074509985803804,0.037254992901902,0.037254992901902,Her2,Strengthened
HALLMARK_ADIPOGENESIS,HALLMARK_KRAS_SIGNALING_DN,-0.31035761112599053,0.004544075099408115,0.0,0.03041798905341498,0.15517880556299526,-0.11261020034396857,0.00018975653400037318,0.0007960676512001957,0.0,0.056305100171984285,-0.19774741078202196,0.09887370539101098,0.09887370539101098,Her2,Strengthened
HALLMARK_ADIPOGENESIS,HALLMARK_KRAS_SIGNALING_UP,0.03552428726746861,0.751359220161689,0.0101010101010101,0.8530259913791186,0.022812648684239357,0.04421306353590527,0.14390032325051302,0.22201246345324743,0.0101010101010101,0.027157036818457686,-0.008688776268436657,-0.0043443881342183285,0.0043443881342183285,Her2,Weakened
HALLMARK_ADIPOGENESIS,HALLMARK_MITOTIC_SPINDLE,0.014122963073897807,0.8997859214029553,0.0025125628140703,0.9460710695374572,0.008317762943984053,0.0871042131994918,0.003936347765958201,0.011059692691052286,0.0025125628140703,0.04480838800678105,-0.07298125012559399,-0.036490625062797,0.036490625062797,Her2,Weakened
HALLMARK_ADIPOGENESIS,HALLMARK_MTORC1_SIGNALING,0.048041546315120975,0.6682116442174546,0.0362694300518134,0.7937006669933659,0.04215548818346719,-0.10648347819252599,0.0004186789710838217,0.0015589110625461448,0.0362694300518134,0.0713764541221697,0.15452502450764696,-0.029220965938702506,0.029220965938702506,Her2,Weakened
HALLMARK_ADIPOGENESIS,HALLMARK_MYC_TARGETS_V1,-0.008437623514955313,0.9400283141461819,0.0075566750629722,0.9672282921288342,0.007997149288963756,-0.03536619061486924,0.24248871614416104,0.33793933706097523,0.0075566750629722,0.02146143283892072,0.026928567099913925,-0.013464283549956964,0.013464283549956964,Her2,Weakened
HALLMARK_ADIPOGENESIS,HALLMARK_MYC_TARGETS_V2,0.07421062626265375,0.5075843587468601,0.0038910505836575,0.6855466807771816,0.039050838423155626,0.0799695874989689,0.0081386516501775,0.020305189962255474,0.0038910505836575,0.041930319041313203,-0.005758961236315155,-0.0028794806181575774,0.0028794806181575774,Her2,Weakened
HALLMARK_ADIPOGENESIS,HALLMARK_MYOGENESIS,0.46743599065862185,9.534472010740378e-06,0.0230179028132992,0.00029948021059376825,0.24522694673596052,0.12160066037726593,5.521060899578805e-05,0.00026092622979901426,0.0230179028132992,0.07230928159528256,0.34583533028135593,0.17291766514067797,0.17291766514067797,Her2,Strengthened
HALLMARK_ADIPOGENESIS,HALLMARK_NOTCH_SIGNALING,0.11968421667996121,0.2841677478716589,0.0,0.46977799074599474,0.059842108339980604,0.026181585330199254,0.3869664432028191,0.48886529071030443,0.0,0.013090792665099627,0.09350263134976196,0.04675131567488098,0.04675131567488098,Her2,Strengthened
HALLMARK_ADIPOGENESIS,HALLMARK_OXIDATIVE_PHOSPHORYLATION,0.4178705189015495,9.375964743879536e-05,0.1142061281337047,0.0016645734509061494,0.26603832351762713,0.3126739921588672,3.0802182359802805e-26,1.143414345174498e-24,0.1142061281337047,0.21344006014628597,0.10519652674268232,0.05259826337134116,0.05259826337134116,Her2,Strengthened
HALLMARK_ADIPOGENESIS,HALLMARK_P53_PATHWAY,-0.1617291431442696,0.14660957450042297,0.0101010101010101,0.3006117659518703,0.08591507662263985,-0.12287103703347553,4.604496356331265e-05,0.0002220672455317244,0.0101010101010101,0.06648602356724281,-0.03885810611079406,0.019429053055397036,0.019429053055397036,Her2,Strengthened
HALLMARK_ADIPOGENESIS,HALLMARK_PANCREAS_BETA_CELLS,-0.06328634879917397,0.5721750826372818,0.0,0.731643503372307,0.031643174399586985,-0.035063031553794234,0.24655248036994346,0.3420461930387098,0.0,0.017531515776897117,-0.028223317245379735,0.014111658622689868,0.014111658622689868,Her2,Strengthened
HALLMARK_ADIPOGENESIS,HALLMARK_PEROXISOME,-0.04757086350263975,0.671274328353595,0.0340136054421768,0.7952718106703616,0.040792234472408276,0.07121748681528066,0.018479625795393438,0.041234137703746745,0.0340136054421768,0.05261554612872873,-0.1187883503179204,-0.011823311656320452,0.011823311656320452,Her2,Weakened
HALLMARK_ADIPOGENESIS,HALLMARK_PI3K_AKT_MTOR_SIGNALING,0.12227408818646472,0.27380012698164435,0.0,0.46105536032087885,0.06113704409323236,-0.04271286907071565,0.15801296968187442,0.23984723820230167,0.0,0.021356434535357825,0.16498695725718038,0.03978060955787453,0.03978060955787453,Her2,Strengthened
HALLMARK_ADIPOGENESIS,HALLMARK_PROTEIN_SECRETION,-0.1753503655555828,0.11508949987255122,0.0102389078498293,0.2610852938329628,0.09279463670270606,0.0036436121941382056,0.9041840787093275,0.9320409625105414,0.0102389078498293,0.006941260021983753,-0.178993977749721,0.08585337668072231,0.08585337668072231,Her2,Strengthened
HALLMARK_ADIPOGENESIS,HALLMARK_REACTIVE_OXYGEN_SPECIES_PATHWAY,0.5694553963247773,2.3650405171884343e-08,0.0163265306122449,1.931449755703888e-06,0.29289096346851107,0.30792659606087647,1.854263275328281e-25,6.489921463648983e-24,0.0163265306122449,0.16212656333656067,0.2615288002639008,0.1307644001319504,0.1307644001319504,Her2,Strengthened
HALLMARK_ADIPOGENESIS,HALLMARK_SPERMATOGENESIS,-0.2812391718969464,0.010481782365033141,0.006006006006006,0.05262370244739999,0.1436225889514762,-0.08841744618367282,0.003424063647140018,0.009731967442567336,0.006006006006006,0.04721172609483941,-0.1928217257132736,0.09641086285663679,0.09641086285663679,Her2,Strengthened
HALLMARK_ADIPOGENESIS,HALLMARK_TGF_BETA_SIGNALING,0.1944609729628021,0.08000810061063855,0.0,0.20903169409565267,0.09723048648140105,-0.020916786732136435,0.48948921797518335,0.5861430029517103,0.0,0.010458393366068217,0.21537775969493853,0.08677209311533284,0.08677209311533284,Her2,Strengthened
HALLMARK_ADIPOGENESIS,HALLMARK_TNFA_SIGNALING_VIA_NFKB,-0.0997373221644477,0.37265009876712624,0.015228426395939,0.5587470881147242,0.057482874280193344,-0.061305106064968896,0.04263210115720558,0.08224302979145959,0.015228426395939,0.03826676623045395,-0.0384322160994788,0.019216108049739396,0.019216108049739396,Her2,Strengthened
HALLMARK_ADIPOGENESIS,HALLMARK_UNFOLDED_PROTEIN_RESPONSE,-0.026087452807038905,0.8160371638743392,0.0096774193548387,0.8966314359693449,0.017882436080938802,-0.0726357789885288,0.01626540567992385,0.036904293904814416,0.0096774193548387,0.04115659917168375,0.046548326181489894,-0.02327416309074495,0.02327416309074495,Her2,Weakened
HALLMARK_ADIPOGENESIS,HALLMARK_UV_RESPONSE_DN,0.0855378190897499,0.444814463894031,0.0087976539589442,0.6306686554053101,0.047167736524347054,0.20517837790984186,7.29894392687879e-12,1.0277248632674159e-10,0.0087976539589442,0.10698801593439303,-0.11964055882009196,-0.05982027941004597,0.05982027941004597,Her2,Weakened
HALLMARK_ADIPOGENESIS,HALLMARK_UV_RESPONSE_UP,0.3378971398117901,0.0019048817190452341,0.0170454545454545,0.01545351063463849,0.17747129717862228,0.19060286068602678,2.0780208941814909e-10,2.379042612497501e-09,0.0170454545454545,0.10382415761574064,0.14729427912576332,0.07364713956288164,0.07364713956288164,Her2,Strengthened
HALLMARK_ADIPOGENESIS,HALLMARK_WNT_BETA_CATENIN_SIGNALING,0.21205163582900394,0.05580678531037576,0.0,0.16838254188475446,0.10602581791450197,-0.006513967506612575,0.8296037335793474,0.8753355500729547,0.0,0.0032569837533062873,0.2185656033356165,0.10276883416119569,0.10276883416119569,Her2,Strengthened
HALLMARK_ADIPOGENESIS,HALLMARK_XENOBIOTIC_METABOLISM,-0.16430461496892837,0.14020041547725406,0.0416666666666666,0.2945892091932011,0.10298564081779749,0.1662509965327261,3.1820745529416396e-08,2.581484322750668e-07,0.0416666666666666,0.10395883159969635,-0.33055561150165447,-0.0009731907818988639,0.0009731907818988639,Her2,Weakened
HALLMARK_ALLOGRAFT_REJECTION,HALLMARK_ANDROGEN_RESPONSE,0.5324947903512472,2.6160110110375856e-07,0.0134680134680134,1.526006423105258e-05,0.27298140190963033,-0.051767035314323535,0.08700368793985566,0.1479670790585236,0.0134680134680134,0.03261752439116847,0.5842618256655708,0.24036387751846186,0.24036387751846186,Her2,Strengthened
HALLMARK_ALLOGRAFT_REJECTION,HALLMARK_ANGIOGENESIS,-0.09670245972751583,0.3874436297684363,0.0128755364806866,0.572519235785687,0.05478899810410121,-0.1443031124444853,1.64657962692698e-06,1.0451088305624613e-05,0.0128755364806866,0.07858932446258594,0.04760065271696946,-0.02380032635848473,0.02380032635848473,Her2,Weakened
HALLMARK_ALLOGRAFT_REJECTION,HALLMARK_APICAL_JUNCTION,0.2159378680477015,0.0513628906884201,0.0178117048346055,0.16072491866106844,0.1168747864411535,-0.05774063125957064,0.05623374050325094,0.10220524052890563,0.0178117048346055,0.03777616804708807,0.2736784993072721,0.07909861839406543,0.07909861839406543,Her2,Strengthened
HALLMARK_ALLOGRAFT_REJECTION,HALLMARK_APICAL_SURFACE,-0.26999552108768876,0.014162202789061912,0.0209205020920502,0.06497639856404809,0.14545801158986948,0.06853303743833501,0.02339936629941627,0.05020004153552528,0.0209205020920502,0.0447267697651926,-0.33852855852602376,0.10073124182467688,0.10073124182467688,Her2,Strengthened
HALLMARK_ALLOGRAFT_REJECTION,HALLMARK_APOPTOSIS,0.22922504303954894,0.03830985977451966,0.0524781341107871,0.13072305911918267,0.14085158857516802,0.0440976730673324,0.1449503421041588,0.22307056416783233,0.0524781341107871,0.04828790358905975,0.18512736997221654,0.09256368498610827,0.09256368498610827,Her2,Strengthened
HALLMARK_ALLOGRAFT_REJECTION,HALLMARK_BILE_ACID_METABOLISM,0.12353185545795212,0.26885777645377346,0.0032154340836012,0.45553357697907676,0.06337364477077666,0.012019302070804296,0.6912890387392899,0.7615369356615379,0.0032154340836012,0.007617368077202748,0.11151255338714783,0.05575627669357391,0.05575627669357391,Her2,Strengthened
HALLMARK_ALLOGRAFT_REJECTION,HALLMARK_CHOLESTEROL_HOMEOSTASIS,-0.5732734229588173,1.813850478998545e-08,0.0,1.5871191691237267e-06,0.28663671147940867,0.04235188996295063,0.16156008157022705,0.24373288167922186,0.0,0.021175944981475316,-0.6156253129217679,0.2654607664979334,0.2654607664979334,Her2,Strengthened
HALLMARK_ALLOGRAFT_REJECTION,HALLMARK_COAGULATION,-0.24852042883425715,0.02436363729360041,0.0180722891566265,0.09819267898059443,0.13329635899544182,-0.1981309534999154,3.8051919424491044e-11,4.958893754787396e-10,0.0180722891566265,0.10810162132827096,-0.05038947533434174,0.025194737667170855,0.025194737667170855,Her2,Strengthened
HALLMARK_ALLOGRAFT_REJECTION,HALLMARK_COMPLEMENT,0.12557368838469887,0.26096314272124665,0.0389610389610389,0.44710468508185613,0.08226736367286888,0.25721988697793896,5.43545369210238e-18,1.358863423025595e-16,0.0389610389610389,0.14809046296948894,-0.1316461985932401,-0.06582309929662006,0.06582309929662006,Her2,Weakened
HALLMARK_ALLOGRAFT_REJECTION,HALLMARK_DNA_REPAIR,0.03113536454074593,0.7812567295659654,0.0057471264367816,0.8732112168962661,0.018441245488763764,0.05792772409674777,0.05543940587237588,0.10136309282635887,0.0057471264367816,0.03183742526676468,-0.02679235955600184,-0.013396179778000918,0.013396179778000918,Her2,Weakened
HALLMARK_ALLOGRAFT_REJECTION,HALLMARK_E2F_TARGETS,-0.08047394957836486,0.47232445417874597,0.0075566750629722,0.6588551074829214,0.04401531232066853,-0.05201300480444855,0.08551202993593339,0.14623312474132824,0.0075566750629722,0.029784839933710377,-0.028460944773916308,0.01423047238695815,0.01423047238695815,Her2,Strengthened
HALLMARK_ALLOGRAFT_REJECTION,HALLMARK_EPITHELIAL_MESENCHYMAL_TRANSITION,0.21785345704329145,0.04928179936064238,0.0230179028132992,0.1563994927896034,0.12043567992829532,0.0980322310536261,0.0011679331578567918,0.0038152483156655196,0.0230179028132992,0.06052506693346265,0.11982122598966535,0.05991061299483267,0.05991061299483267,Her2,Strengthened
HALLMARK_ALLOGRAFT_REJECTION,HALLMARK_ESTROGEN_RESPONSE_EARLY,-0.20790267538272847,0.060892908647152195,0.0050251256281407,0.17592880446406,0.10646390050543458,0.04558565565131447,0.13185274797411878,0.20601991870956057,0.0050251256281407,0.025305390639727584,-0.25348833103404295,0.081158509865707,0.081158509865707,Her2,Strengthened
HALLMARK_ALLOGRAFT_REJECTION,HALLMARK_ESTROGEN_RESPONSE_LATE,0.3183036915423705,0.003564673082127446,0.0050251256281407,0.024952711574892122,0.1616644085852556,0.01962468366450935,0.5167133568371418,0.6103894523871732,0.0050251256281407,0.012324904646325026,0.2986790078778611,0.14933950393893058,0.14933950393893058,Her2,Strengthened
HALLMARK_ALLOGRAFT_REJECTION,HALLMARK_FATTY_ACID_METABOLISM,0.19212745223327443,0.0837682120943153,0.0028011204481792,0.21422976996980425,0.09746428634072682,0.000527363294863132,0.986099196263109,0.9893296604605313,0.0028011204481792,0.0016642418715211661,0.1916000889384113,0.09580004446920565,0.09580004446920565,Her2,Strengthened
HALLMARK_ALLOGRAFT_REJECTION,HALLMARK_G2M_CHECKPOINT,0.18776819387669968,0.09116745754603037,0.0075566750629722,0.2279186438650759,0.09766243446983594,0.06323130952700681,0.03651732112937511,0.07215115868303955,0.0075566750629722,0.035393992294989504,0.12453688434969287,0.062268442174846436,0.062268442174846436,Her2,Strengthened
HALLMARK_ALLOGRAFT_REJECTION,HALLMARK_GLYCOLYSIS,-0.438352308517493,3.8052779822611095e-05,0.0050251256281407,0.0008475391869581562,0.22168871707281687,-0.06657353393165981,0.02767307419008063,0.05755435633760403,0.0050251256281407,0.03579932977990025,-0.3717787745858332,0.18588938729291662,0.18588938729291662,Her2,Strengthened
HALLMARK_ALLOGRAFT_REJECTION,HALLMARK_HEDGEHOG_SIGNALING,-0.07242680202664795,0.517868830683174,0.0085470085470085,0.6948404354730429,0.040486905286828224,-0.07062920445228754,0.019472701564483146,0.04313573131372849,0.0085470085470085,0.03958810649964802,-0.0017975975743604045,0.0008987987871802022,0.0008987987871802022,Her2,Strengthened
HALLMARK_ALLOGRAFT_REJECTION,HALLMARK_HEME_METABOLISM,0.34346161204482856,0.0015824500728597085,0.0025062656641604,0.01340168953514907,0.17298393885449448,-0.02867145260785082,0.34341554590412626,0.4461124535870145,0.0025062656641604,0.01558885913600561,0.37213306465267937,0.15739507971848887,0.15739507971848887,Her2,Strengthened
HALLMARK_ALLOGRAFT_REJECTION,HALLMARK_HYPOXIA,-0.005293922819979155,0.9623515310542125,0.0101010101010101,0.9779390352860424,0.007697466460494628,-0.04268007509956282,0.15833276206202415,0.23984723820230167,0.0101010101010101,0.026390542600286462,0.03738615227958367,-0.018693076139791834,0.018693076139791834,Her2,Weakened
HALLMARK_ALLOGRAFT_REJECTION,HALLMARK_IL2_STAT5_SIGNALING,0.6829210527183014,1.577780881835795e-12,0.0445026178010471,2.761116543212641e-10,0.36371183525967427,0.37462291070570586,8.881449156074058e-38,4.945352370995782e-36,0.0445026178010471,0.20956276425337647,0.30829814201259553,0.1541490710062978,0.1541490710062978,Her2,Strengthened
HALLMARK_ALLOGRAFT_REJECTION,HALLMARK_IL6_JAK_STAT3_SIGNALING,-0.2531711001435136,0.021739404958173048,0.0830188679245283,0.09151467722942264,0.16809498403402096,-0.07383308046535018,0.014581027460147434,0.03376513920355502,0.0830188679245283,0.07842597419493924,-0.17933801967816343,0.08966900983908171,0.08966900983908171,Her2,Strengthened
HALLMARK_ALLOGRAFT_REJECTION,HALLMARK_INFLAMMATORY_RESPONSE,0.5539231036438328,6.728316888776314e-08,0.1019283746556473,4.848345993382933e-06,0.32792573914974005,0.25002918086835385,4.69464475298555e-17,1.0649888560013516e-15,0.1019283746556473,0.17597877776200058,0.30389392277547894,0.15194696138773947,0.15194696138773947,Her2,Strengthened
HALLMARK_ALLOGRAFT_REJECTION,HALLMARK_INTERFERON_ALPHA_RESPONSE,-0.44294454589676907,3.083732825804458e-05,0.0421052631578947,0.0007264562906943194,0.24252490452733189,-0.5822365359934053,2.7994785075947757e-100,4.8990873882908573e-98,0.0421052631578947,0.31217089957565003,0.13929199009663623,-0.06964599504831814,0.06964599504831814,Her2,Weakened
HALLMARK_ALLOGRAFT_REJECTION,HALLMARK_INTERFERON_GAMMA_RESPONSE,0.4369034224719233,4.06372123787862e-05,0.1019283746556473,0.0008889390207859481,0.26941589856378534,0.5760767279967162,9.943359907053938e-98,1.522576985767634e-95,0.1019283746556473,0.33900255132618173,-0.13917330552479285,-0.0695866527623964,0.0695866527623964,Her2,Weakened
HALLMARK_ALLOGRAFT_REJECTION,HALLMARK_KRAS_SIGNALING_DN,-0.31640558241262007,0.0037797073544845843,0.015228426395939,0.026158991577647544,0.16581700440427954,0.10451058303820478,0.0005355975333760781,0.001924067385295295,0.015228426395939,0.05986950471707189,-0.42091616545082483,0.10594749968720765,0.10594749968720765,Her2,Strengthened
HALLMARK_ALLOGRAFT_REJECTION,HALLMARK_KRAS_SIGNALING_UP,-0.06570206349960915,0.5575677985735411,0.0335917312661498,0.7258454338497214,0.049646897382879474,0.22646935707065674,3.435184427782428e-14,6.7872595548927e-13,0.0335917312661498,0.13003054416840326,-0.2921714205702659,-0.08038364678552379,0.08038364678552379,Her2,Weakened
HALLMARK_ALLOGRAFT_REJECTION,HALLMARK_MITOTIC_SPINDLE,-0.22567788200894245,0.041489234648418694,0.0075757575757575,0.13808779627968765,0.11662681979234998,-0.10211048686383928,0.0007186692841239301,0.002501050775715382,0.0075757575757575,0.05484312221979839,-0.12356739514510318,0.061783697572551595,0.061783697572551595,Her2,Strengthened
HALLMARK_ALLOGRAFT_REJECTION,HALLMARK_MTORC1_SIGNALING,0.05042532015559589,0.6527846512100031,0.0101010101010101,0.7833924393411604,0.030263165128302995,-0.03760556433002418,0.21392424083205333,0.30562492593216006,0.0101010101010101,0.02385328721551714,0.08803088448562008,0.006409877912785855,0.006409877912785855,Her2,Strengthened
HALLMARK_ALLOGRAFT_REJECTION,HALLMARK_MYC_TARGETS_V1,0.1940594421600316,0.08064534270045653,0.0126582278481012,0.2093102526694501,0.1033588350040664,0.10058186546222789,0.0008639141367364712,0.0029561307751457466,0.0126582278481012,0.05662004665516454,0.09347757669780371,0.046738788348901855,0.046738788348901855,Her2,Strengthened
HALLMARK_ALLOGRAFT_REJECTION,HALLMARK_MYC_TARGETS_V2,-0.4507088860715065,2.1462350057115113e-05,0.0038910505836575,0.0005509469591079513,0.227299968327582,-0.08233077580046193,0.006436788240864247,0.016635159483246207,0.0038910505836575,0.043110913192059716,-0.36837811027104456,0.1841890551355223,0.1841890551355223,Her2,Strengthened
HALLMARK_ALLOGRAFT_REJECTION,HALLMARK_MYOGENESIS,0.1132032376541303,0.3112411142448242,0.0050251256281407,0.4990449803009288,0.0591141816411355,0.06299129907337735,0.03723603580093065,0.07333463642466245,0.0050251256281407,0.03400821235075902,0.05021193858075296,0.02510596929037648,0.02510596929037648,Her2,Strengthened
HALLMARK_ALLOGRAFT_REJECTION,HALLMARK_NOTCH_SIGNALING,-0.23984362411087956,0.02998269423930253,0.0,0.11336049519489381,0.11992181205543978,-0.13792435164971992,4.680448378601697e-06,2.76983056221598e-05,0.0,0.06896217582485996,-0.10191927246115964,0.05095963623057982,0.05095963623057982,Her2,Strengthened
HALLMARK_ALLOGRAFT_REJECTION,HALLMARK_OXIDATIVE_PHOSPHORYLATION,0.30242030079733145,0.005754190766942728,0.0,0.03421788198788758,0.15121015039866573,0.010076982115111613,0.7391868476794956,0.7970984933163575,0.0,0.0050384910575558065,0.29234331868221985,0.14617165934110993,0.14617165934110993,Her2,Strengthened
HALLMARK_ALLOGRAFT_REJECTION,HALLMARK_P53_PATHWAY,-0.15031605497016368,0.17767579127954541,0.0256410256410256,0.33902312198978685,0.08797854030559464,0.08022225028701999,0.007939054008592539,0.019969899713605462,0.0256410256410256,0.052931637964022796,-0.23053830525718366,0.035046902341571845,0.035046902341571845,Her2,Strengthened
HALLMARK_ALLOGRAFT_REJECTION,HALLMARK_PANCREAS_BETA_CELLS,-0.1521472251102503,0.1723915280313581,0.0,0.3341449712633128,0.07607361255512515,0.06472622436718922,0.0323013982298723,0.06518815952486584,0.0,0.03236311218359461,-0.21687344947743953,0.04371050037153054,0.04371050037153054,Her2,Strengthened
HALLMARK_ALLOGRAFT_REJECTION,HALLMARK_PEROXISOME,-0.1696379770176303,0.1276035305824333,0.0033003300330033,0.27603081364254806,0.08646915352531681,-0.045778683049275605,0.130223017910825,0.20425505370135802,0.0033003300330033,0.024539506541139452,-0.12385929396835471,0.061929646984177356,0.061929646984177356,Her2,Strengthened
HALLMARK_ALLOGRAFT_REJECTION,HALLMARK_PI3K_AKT_MTOR_SIGNALING,0.17719738269449575,0.11125272457591286,0.0374149659863945,0.2556934101416384,0.10730617434044512,0.19195413776194054,1.5398724769070695e-10,1.8493566511874119e-09,0.0374149659863945,0.11468455187416751,-0.014756755067444782,-0.007378377533722391,0.007378377533722391,Her2,Weakened
HALLMARK_ALLOGRAFT_REJECTION,HALLMARK_PROTEIN_SECRETION,-0.3571282682901146,0.0009890769703898884,0.0068027210884353,0.009320148374827796,0.18196549468927498,-0.08914400193950048,0.0031674312773075724,0.009086893008669265,0.0068027210884353,0.04797336151396789,-0.2679842663506141,0.1339921331753071,0.1339921331753071,Her2,Strengthened
HALLMARK_ALLOGRAFT_REJECTION,HALLMARK_REACTIVE_OXYGEN_SPECIES_PATHWAY,-0.089328742708411,0.42482104338774057,0.0,0.61008883722155,0.0446643713542055,-0.059793279764269985,0.04801776607885243,0.08980421900243393,0.0,0.029896639882134993,-0.029535462944141014,0.014767731472070507,0.014767731472070507,Her2,Strengthened
HALLMARK_ALLOGRAFT_REJECTION,HALLMARK_SPERMATOGENESIS,0.0017419047555712018,0.9876081772029203,0.0,0.9932840862673048,0.0008709523777856009,0.04440926133687028,0.1421283658808307,0.21983238409598183,0.0,0.02220463066843514,-0.04266735658129908,-0.02133367829064954,0.02133367829064954,Her2,Weakened
HALLMARK_ALLOGRAFT_REJECTION,HALLMARK_TGF_BETA_SIGNALING,-0.1812703753211247,0.10314248315063057,0.0119521912350597,0.24677644894437978,0.0966112832780922,-0.10728422701942412,0.0003784033095628597,0.0014262893975830865,0.0119521912350597,0.05961820912724191,-0.07398614830170057,0.036993074150850284,0.036993074150850284,Her2,Strengthened
HALLMARK_ALLOGRAFT_REJECTION,HALLMARK_TNFA_SIGNALING_VIA_NFKB,-0.3413594985532352,0.0016979590696137633,0.0498687664041994,0.014149658913448028,0.1956141324787173,-0.2383672904803951,1.3428515581113568e-15,2.937487783368593e-14,0.0498687664041994,0.14411802844229724,-0.10299220807284012,0.051496104036420076,0.051496104036420076,Her2,Strengthened
HALLMARK_ALLOGRAFT_REJECTION,HALLMARK_UNFOLDED_PROTEIN_RESPONSE,-0.002103849466414275,0.9850335915542031,0.0064308681672025,0.9923241362285352,0.004267358816808387,-0.04890390281530191,0.10595437613582141,0.1744544499548135,0.0064308681672025,0.027667385491252205,0.046800053348887635,-0.023400026674443818,0.023400026674443818,Her2,Weakened
HALLMARK_ALLOGRAFT_REJECTION,HALLMARK_UV_RESPONSE_DN,-0.16011062007312984,0.15074835310199822,0.0058479532163742,0.30726577795332416,0.08297928664475203,-0.023354978372985096,0.4402899180008481,0.5393551495510389,0.0058479532163742,0.014601465794679648,-0.13675564170014476,0.06837782085007238,0.06837782085007238,Her2,Strengthened
HALLMARK_ALLOGRAFT_REJECTION,HALLMARK_UV_RESPONSE_UP,-0.06408499041095449,0.5673261807353589,0.0141643059490084,0.7284196807439264,0.039124648179981444,-0.036823546727332984,0.2236103484762692,0.3170401352817474,0.0141643059490084,0.025493926338170693,-0.027261443683621503,0.013630721841810751,0.013630721841810751,Her2,Strengthened
HALLMARK_ALLOGRAFT_REJECTION,HALLMARK_WNT_BETA_CATENIN_SIGNALING,0.18714391306985628,0.09226803523398487,0.0041493775933609,0.22853257000444122,0.09564664533160859,0.0032160954195164047,0.9153814772594376,0.940723414129875,0.0041493775933609,0.003682736506438652,0.1839278176503399,0.09196390882516994,0.09196390882516994,Her2,Strengthened
HALLMARK_ALLOGRAFT_REJECTION,HALLMARK_XENOBIOTIC_METABOLISM,-0.11609097822182486,0.29897845701510434,0.015228426395939,0.4838158650508624,0.06565970230888193,-0.0328638113639,0.2774598294311513,0.37432631173255543,0.015228426395939,0.0240461188799195,-0.08322716685792486,0.04161358342896243,0.04161358342896243,Her2,Strengthened
HALLMARK_ANDROGEN_RESPONSE,HALLMARK_ANGIOGENESIS,0.00901277605519291,0.9359486819239742,0.0073529411764705,0.965380979712294,0.008182858615831705,-0.05717357175335449,0.05869929040576012,0.10621363478147142,0.0073529411764705,0.032263256464912494,0.0661863478085474,-0.024080397849080788,0.024080397849080788,Her2,Weakened
HALLMARK_ANDROGEN_RESPONSE,HALLMARK_APICAL_JUNCTION,-0.13615323413810793,0.22258570103784928,0.0100671140939597,0.39714076641006285,0.07311017411603381,-0.1498137331877491,6.43635884276439e-07,4.26191328777642e-06,0.0100671140939597,0.0799404236408544,0.013660499049641173,-0.006830249524820586,0.006830249524820586,Her2,Weakened
HALLMARK_ANDROGEN_RESPONSE,HALLMARK_APICAL_SURFACE,0.1795491629199598,0.10651164812863409,0.0069444444444444,0.24963382182342442,0.09324680368220209,0.0606466906783202,0.044911438608226814,0.0852969182869424,0.0069444444444444,0.0337955675613823,0.11890247224163958,0.05945123612081979,0.05945123612081979,Her2,Strengthened
HALLMARK_ANDROGEN_RESPONSE,HALLMARK_APOPTOSIS,-0.06399525541160592,0.5678700368248569,0.0194552529182879,0.7284196807439264,0.04172525416494691,0.13330863672338794,9.689397631593721e-06,5.2988893297778164e-05,0.0194552529182879,0.07638194482083792,-0.19730389213499386,-0.03465669065589101,0.03465669065589101,Her2,Weakened
HALLMARK_ANDROGEN_RESPONSE,HALLMARK_BILE_ACID_METABOLISM,0.07180071549996284,0.5215033796004226,0.0142857142857142,0.6965821869821768,0.04304321489283852,-0.0010599939631148643,0.9720638402240255,0.9808716674418708,0.0142857142857142,0.007672854124414532,0.0728607094630777,0.03537036076842399,0.03537036076842399,Her2,Strengthened
HALLMARK_ANDROGEN_RESPONSE,HALLMARK_CHOLESTEROL_HOMEOSTASIS,0.7914194802256707,8.838267699669159e-19,0.023391812865497,5.41343896604736e-16,0.4074056465455838,0.5086254049614374,4.920262680577532e-73,5.022768153089564e-71,0.023391812865497,0.26600860891346717,0.2827940752642333,0.14139703763211664,0.14139703763211664,Her2,Strengthened
HALLMARK_ANDROGEN_RESPONSE,HALLMARK_COAGULATION,0.019125572075337185,0.8645806015701623,0.0,0.9225707638706,0.009562786037668592,0.10874067385020432,0.0003142648175277981,0.0012287467291640273,0.0,0.05437033692510216,-0.08961510177486713,-0.044807550887433566,0.044807550887433566,Her2,Weakened
HALLMARK_ANDROGEN_RESPONSE,HALLMARK_COMPLEMENT,0.0234760212695519,0.8341752848494635,0.0033333333333333,0.902783239438116,0.0134046773014426,0.01171936388255185,0.6986111219097565,0.7689116121648263,0.0033333333333333,0.007526348607942575,0.011756657387000052,0.005878328693500025,0.005878328693500025,Her2,Strengthened
HALLMARK_ANDROGEN_RESPONSE,HALLMARK_DNA_REPAIR,-0.19217896712794133,0.08368371481699415,0.004,0.21422976996980425,0.09808948356397067,-0.05935469685168663,0.0496830628368833,0.09249506379206997,0.004,0.03167734842584331,-0.1328242702762547,0.06641213513812735,0.06641213513812735,Her2,Strengthened
HALLMARK_ANDROGEN_RESPONSE,HALLMARK_E2F_TARGETS,-0.03481734829279432,0.756151528999798,0.0066889632107023,0.8575212322566683,0.02075315575174831,-0.03507873277483006,0.24634084670174253,0.3420461930387098,0.0066889632107023,0.020883847992766182,0.0002613844820357411,-0.00013069224101787055,0.00013069224101787055,Her2,Weakened
HALLMARK_ANDROGEN_RESPONSE,HALLMARK_EPITHELIAL_MESENCHYMAL_TRANSITION,-0.1493099887134445,0.18062890917645713,0.0100671140939597,0.3425238602804334,0.0796885514037021,-0.09692515556370802,0.0013284609509858442,0.0042269212076822315,0.0100671140939597,0.05349613482883386,-0.05238483314973648,0.026192416574868232,0.026192416574868232,Her2,Strengthened
HALLMARK_ANDROGEN_RESPONSE,HALLMARK_ESTROGEN_RESPONSE_EARLY,0.20360176689727116,0.06655662569408657,0.0308219178082191,0.18572179151538964,0.11721184235274514,0.11353960768204623,0.00016769877700174035,0.0007108339163568579,0.0308219178082191,0.07218076274513266,0.09006215921522494,0.045031079607612476,0.045031079607612476,Her2,Strengthened
HALLMARK_ANDROGEN_RESPONSE,HALLMARK_ESTROGEN_RESPONSE_LATE,-0.24286511394259697,0.02791324640999421,0.0308219178082191,0.10685539641325908,0.13684351587540802,-0.004959107496970743,0.8698576522222939,0.903796118721213,0.0308219178082191,0.01789051265259492,-0.23790600644562623,0.1189530032228131,0.1189530032228131,Her2,Strengthened
HALLMARK_ANDROGEN_RESPONSE,HALLMARK_FATTY_ACID_METABOLISM,0.01837000078364882,0.8698827069946766,0.0277777777777777,0.9239256436296186,0.02307388928071326,0.16598141693760762,3.351312083926347e-08,2.696946228835992e-07,0.0277777777777777,0.09687959735769267,-0.1476114161539588,-0.0738057080769794,0.0738057080769794,Her2,Weakened
HALLMARK_ANDROGEN_RESPONSE,HALLMARK_G2M_CHECKPOINT,-0.0730420965524283,0.5143094993544189,0.0033333333333333,0.6921129159769938,0.0381877149428808,0.026958180547010758,0.37303515761620354,0.47501878178778517,0.0033333333333333,0.015145756940172029,-0.10000027709943905,0.023041958002708772,0.023041958002708772,Her2,Strengthened
HALLMARK_ANDROGEN_RESPONSE,HALLMARK_GLYCOLYSIS,0.3044102334355147,0.0054266834284183935,0.0066889632107023,0.033224461732001664,0.1555495983231085,-0.14181281086893024,2.489235909808052e-06,1.5557724436300326e-05,0.0066889632107023,0.07425088703981628,0.4462230443044449,0.08129871128329222,0.08129871128329222,Her2,Strengthened
HALLMARK_ANDROGEN_RESPONSE,HALLMARK_HEDGEHOG_SIGNALING,-0.17503993433017542,0.11574425691693528,0.0073529411764705,0.2610852938329628,0.09119643775332296,0.023627233234596274,0.4349776795373754,0.533915488410105,0.0073529411764705,0.015490087205533387,-0.1986671675647717,0.07570635054778958,0.07570635054778958,Her2,Strengthened
HALLMARK_ANDROGEN_RESPONSE,HALLMARK_HEME_METABOLISM,-0.38242516286352995,0.0003916765449014775,0.0134680134680134,0.005050565973729578,0.19794658816577168,-0.06250493529871415,0.03872938534461569,0.07566745940534962,0.0134680134680134,0.03798647438336378,-0.3199202275648158,0.1599601137824079,0.1599601137824079,Her2,Strengthened
HALLMARK_ANDROGEN_RESPONSE,HALLMARK_HYPOXIA,-0.14173939731429278,0.20400467601821332,0.0100671140939597,0.37299362406315123,0.07590325570412623,0.09268635596451348,0.002149444506609515,0.006395399102246462,0.0100671140939597,0.05137673502923659,-0.23442575327880627,0.02452652067488964,0.02452652067488964,Her2,Strengthened
HALLMARK_ANDROGEN_RESPONSE,HALLMARK_IL2_STAT5_SIGNALING,-0.45413422064881037,1.823950470855608e-05,0.0135135135135135,0.0004890610240338857,0.23382386708116193,-0.055746697229018545,0.06530201363609418,0.11610299957070447,0.0135135135135135,0.034630105371266026,-0.39838752341979183,0.1991937617098959,0.1991937617098959,Her2,Strengthened
HALLMARK_ANDROGEN_RESPONSE,HALLMARK_IL6_JAK_STAT3_SIGNALING,0.3491732100855006,0.0013035582724825019,0.0,0.011406134884221892,0.1745866050427503,0.06476178034604445,0.03220642011497135,0.06510373703108896,0.0,0.032380890173022224,0.28441142973945616,0.14220571486972808,0.14220571486972808,Her2,Strengthened
HALLMARK_ANDROGEN_RESPONSE,HALLMARK_INFLAMMATORY_RESPONSE,-0.3703811538179391,0.0006145099083020532,0.0066889632107023,0.006843405797000138,0.1885350585143207,0.09764593709603843,0.0012217933199131473,0.003951923772114445,0.0066889632107023,0.05216745015337036,-0.46802709091397754,0.13636760836095035,0.13636760836095035,Her2,Strengthened
HALLMARK_ANDROGEN_RESPONSE,HALLMARK_INTERFERON_ALPHA_RESPONSE,0.38159981282424765,0.00040417782792058835,0.0050761421319796,0.005157477491695008,0.19333797747811363,0.08719922233730878,0.0038970749236166865,0.010974521336621704,0.0050761421319796,0.04613768223464419,0.2944005904869389,0.14720029524346945,0.14720029524346945,Her2,Strengthened
HALLMARK_ANDROGEN_RESPONSE,HALLMARK_INTERFERON_GAMMA_RESPONSE,-0.3583341358525387,0.000947948201029452,0.0066889632107023,0.009072160517664676,0.1825115495316205,-0.08340529348101046,0.005774070433526405,0.015146116233554274,0.0066889632107023,0.04504712834585638,-0.27492884237152826,0.13746442118576413,0.13746442118576413,Her2,Strengthened
HALLMARK_ANDROGEN_RESPONSE,HALLMARK_KRAS_SIGNALING_DN,0.00762891357571207,0.945767188458715,0.0100671140939597,0.9686814294681586,0.008848013834835885,-0.06748144612253844,0.025615819390759752,0.05400925775160188,0.0100671140939597,0.03877428010824907,0.07511035969825051,-0.029926266273413188,0.029926266273413188,Her2,Weakened
HALLMARK_ANDROGEN_RESPONSE,HALLMARK_KRAS_SIGNALING_UP,0.20167995353927648,0.06922138951921346,0.0168918918918918,0.18986255375556843,0.10928592271558414,0.04820926839359432,0.11101273009681069,0.17964411409325376,0.0168918918918918,0.03255058014274306,0.15347068514568216,0.07673534257284108,0.07673534257284108,Her2,Strengthened
HALLMARK_ANDROGEN_RESPONSE,HALLMARK_MITOTIC_SPINDLE,0.1168975959475276,0.29561051544742645,0.0033444816053511,0.4829857620156783,0.06012103877643935,-0.007704048495077958,0.7990868692659973,0.8482174386291288,0.0033444816053511,0.005524265050214529,0.12460164444260556,0.054596773726224825,0.054596773726224825,Her2,Strengthened
HALLMARK_ANDROGEN_RESPONSE,HALLMARK_MTORC1_SIGNALING,0.14781662982028915,0.1850780802934551,0.0379310344827586,0.3466676580420222,0.09287383215152387,0.2811080281350491,2.567505262726083e-21,7.671204748388906e-20,0.0379310344827586,0.15951953130890384,-0.13329139831475995,-0.06664569915737997,0.06664569915737997,Her2,Weakened
HALLMARK_ANDROGEN_RESPONSE,HALLMARK_MYC_TARGETS_V1,-0.028061938813594846,0.8023864178001883,0.0066889632107023,0.887916315993885,0.017375451012148574,-0.00547899917009675,0.8563552059896522,0.8935563265224225,0.0066889632107023,0.006083981190399525,-0.022582939643498095,0.01129146982174905,0.01129146982174905,Her2,Strengthened
HALLMARK_ANDROGEN_RESPONSE,HALLMARK_MYC_TARGETS_V2,0.36203818936095583,0.0008311429850486991,0.0192307692307692,0.008277643550281759,0.19063447929586252,-0.08528034337163114,0.004763250006700323,0.01285238162600858,0.0192307692307692,0.05225555630120017,0.447318532732587,0.13837892299466237,0.13837892299466237,Her2,Strengthened
HALLMARK_ANDROGEN_RESPONSE,HALLMARK_MYOGENESIS,0.12419127454253684,0.2662907753107339,0.0066889632107023,0.45369429729575667,0.06544011887661957,0.04223763919605472,0.16269516834942085,0.24514339634445334,0.0066889632107023,0.024463301203378512,0.08195363534648212,0.04097681767324106,0.04097681767324106,Her2,Strengthened
HALLMARK_ANDROGEN_RESPONSE,HALLMARK_NOTCH_SIGNALING,0.2068804121854423,0.0622022738349173,0.0075757575757575,0.17803220899012542,0.1072280848805999,0.14138232660573707,2.6716903661536096e-06,1.661330303826483e-05,0.0075757575757575,0.0744790420907473,0.06549808557970521,0.032749042789852606,0.032749042789852606,Her2,Strengthened
HALLMARK_ANDROGEN_RESPONSE,HALLMARK_OXIDATIVE_PHOSPHORYLATION,-0.13197709618077175,0.23723167263047676,0.0,0.4160532815266128,0.06598854809038587,-0.026324485273433052,0.3843794493022775,0.4874377074485403,0.0,0.013162242636716526,-0.1056526109073387,0.05282630545366935,0.05282630545366935,Her2,Strengthened
HALLMARK_ANDROGEN_RESPONSE,HALLMARK_P53_PATHWAY,0.10981550399638682,0.3260359346789872,0.0134680134680134,0.5146665005486786,0.06164175873220011,-0.05312230377465911,0.07903935799443351,0.13831887649025865,0.0134680134680134,0.03329515862133625,0.16293780777104594,0.02834660011086386,0.02834660011086386,Her2,Strengthened
HALLMARK_ANDROGEN_RESPONSE,HALLMARK_PANCREAS_BETA_CELLS,0.05446653489562052,0.6269638590223713,0.0,0.7702921882748032,0.02723326744781026,0.028709368770096704,0.34277747820268856,0.4457562747327956,0.0,0.014354684385048352,0.025757166125523815,0.012878583062761908,0.012878583062761908,Her2,Strengthened
HALLMARK_ANDROGEN_RESPONSE,HALLMARK_PEROXISOME,0.05274495112424214,0.6379112743498618,0.0199004975124378,0.7753248964688667,0.03632272431833997,0.05787034420666275,0.05568202319482042,0.10165496037802535,0.0199004975124378,0.038885420859550275,-0.005125393082420604,-0.002562696541210302,0.002562696541210302,Her2,Weakened
HALLMARK_ANDROGEN_RESPONSE,HALLMARK_PI3K_AKT_MTOR_SIGNALING,-0.0449788684628419,0.6882351129093728,0.0098039215686274,0.8098828177848046,0.027391395015734652,0.09206094291030405,0.00230392145990606,0.006800732020204634,0.0098039215686274,0.050932432239465725,-0.13703981137314594,-0.023541037223731073,0.023541037223731073,Her2,Weakened
HALLMARK_ANDROGEN_RESPONSE,HALLMARK_PROTEIN_SECRETION,0.22479894965458835,0.04231005014882214,0.0207253886010362,0.13877443423970395,0.12276216912781228,-0.01638976693282487,0.58814978278105,0.6714664342094933,0.0207253886010362,0.018557577766930535,0.24118871658741323,0.10420459136088174,0.10420459136088174,Her2,Strengthened
HALLMARK_ANDROGEN_RESPONSE,HALLMARK_REACTIVE_OXYGEN_SPECIES_PATHWAY,0.15449860766064785,0.1657764010986772,0.0067114093959731,0.3249217461534073,0.08060500852831047,-0.07289923717543188,0.015880780199560875,0.03615976904175106,0.0067114093959731,0.03980532328570249,0.22739784483607972,0.04079968524260798,0.04079968524260798,Her2,Strengthened
HALLMARK_ANDROGEN_RESPONSE,HALLMARK_SPERMATOGENESIS,0.042551733176327974,0.7042580303249699,0.0042553191489361,0.8201709800166992,0.023403526162632037,-0.016294118181258498,0.5903295611744481,0.673327478993202,0.0042553191489361,0.010274718665097299,0.05884585135758647,0.013128807497534738,0.013128807497534738,Her2,Strengthened
HALLMARK_ANDROGEN_RESPONSE,HALLMARK_TGF_BETA_SIGNALING,0.23262074470828123,0.03545921944945753,0.0064935064935064,0.1255420341779927,0.11955712560089382,0.0653770943607777,0.03060024339865741,0.062371544364983905,0.0064935064935064,0.03593530042714205,0.16724365034750355,0.08362182517375177,0.08362182517375177,Her2,Strengthened
HALLMARK_ANDROGEN_RESPONSE,HALLMARK_TNFA_SIGNALING_VIA_NFKB,0.09370344439185382,0.402402133300113,0.0308219178082191,0.587535891886339,0.062262681100036465,-0.13298713349356595,1.0184165005301561e-05,5.5447120584419606e-05,0.0308219178082191,0.08190452565089253,0.22669057788541977,-0.01964184455085606,0.01964184455085606,Her2,Weakened
HALLMARK_ANDROGEN_RESPONSE,HALLMARK_UNFOLDED_PROTEIN_RESPONSE,-0.09356320066096974,0.40310985464969035,0.0094339622641509,0.5878685380307984,0.05149858146256032,-0.025193940932692508,0.40513467735424746,0.5064183466928093,0.0094339622641509,0.017313951598421702,-0.06836925972827723,0.034184629864138616,0.034184629864138616,Her2,Strengthened
HALLMARK_ANDROGEN_RESPONSE,HALLMARK_UV_RESPONSE_DN,0.19301913266345674,0.0823151679716062,0.0208333333333333,0.21160287303840036,0.10692623299839502,0.12320042957291313,4.391519434969139e-05,0.0002143271437385337,0.0208333333333333,0.07201688145312321,0.06981870309054361,0.034909351545271805,0.034909351545271805,Her2,Strengthened
HALLMARK_ANDROGEN_RESPONSE,HALLMARK_UV_RESPONSE_UP,0.1408263120728019,0.20696359831711791,0.003875968992248,0.3756006043532881,0.07235114053252496,0.06466790531236105,0.03245770062386109,0.06539586063195696,0.003875968992248,0.034271937152304525,0.07615840676044086,0.03807920338022044,0.03807920338022044,Her2,Strengthened
HALLMARK_ANDROGEN_RESPONSE,HALLMARK_WNT_BETA_CATENIN_SIGNALING,-0.11660175020663463,0.2968428801232949,0.0,0.4829857620156783,0.058300875103317315,-0.07309141599578782,0.015605276806407,0.03574847041820816,0.0,0.03654570799789391,-0.04351033421084681,0.021755167105423405,0.021755167105423405,Her2,Strengthened
HALLMARK_ANDROGEN_RESPONSE,HALLMARK_XENOBIOTIC_METABOLISM,-0.010226599918642554,0.9273444108135268,0.0100671140939597,0.9602678810199242,0.010146857006301127,0.014196838684345476,0.6390290440155728,0.7181748430450244,0.0100671140939597,0.012131976389152588,-0.02442343860298803,-0.001985119382851461,0.001985119382851461,Her2,Weakened
HALLMARK_ANGIOGENESIS,HALLMARK_APICAL_JUNCTION,0.18334570142555423,0.09919137544656317,0.0128755364806866,0.24061274241988095,0.09811061895312041,-0.15262247058746303,3.935285683459494e-07,2.6781805345766e-06,0.0128755364806866,0.08274900353407481,0.33596817201301726,0.015361615419045599,0.015361615419045599,Her2,Strengthened
HALLMARK_ANGIOGENESIS,HALLMARK_APICAL_SURFACE,-0.03956934938388011,0.7241235683458489,0.0126582278481012,0.8340519268702331,0.026113788615990657,0.03991196291079017,0.18712518321028382,0.27452496938035653,0.0126582278481012,0.026285095379445685,-0.07948131229467029,-0.0001713067634550279,0.0001713067634550279,Her2,Weakened
HALLMARK_ANGIOGENESIS,HALLMARK_APOPTOSIS,0.39137284012071194,0.00027713083258339676,0.0260416666666666,0.0037720585546073444,0.20870725339368926,0.11015050259510947,0.00026198592733835444,0.0010453835862849648,0.0260416666666666,0.06809608463088804,0.28122233752560244,0.14061116876280122,0.14061116876280122,Her2,Strengthened
HALLMARK_ANGIOGENESIS,HALLMARK_BILE_ACID_METABOLISM,0.12103573296905681,0.2787253581078818,0.0,0.4663010457305021,0.06051786648452841,0.04760513901965451,0.11556512599469489,0.18578383115945044,0.0,0.023802569509827256,0.0734305939494023,0.03671529697470115,0.03671529697470115,Her2,Strengthened
HALLMARK_ANGIOGENESIS,HALLMARK_CHOLESTEROL_HOMEOSTASIS,-0.03673722942251447,0.7431587082620876,0.0185185185185185,0.8492252030047177,0.027627873970516484,0.0017399521274936497,0.9541593833532798,0.9687497274181275,0.0185185185185185,0.010129235323006075,-0.03847718155000812,0.01749863864751041,0.01749863864751041,Her2,Strengthened
HALLMARK_ANGIOGENESIS,HALLMARK_COAGULATION,-0.018424398000386224,0.869500788213547,0.0235294117647058,0.9239256436296186,0.020976904882546013,-0.13367669981948566,9.151131792723495e-06,5.026967016182189e-05,0.0235294117647058,0.07860305579209573,0.11525230181909943,-0.057626150909549714,0.057626150909549714,Her2,Weakened
HALLMARK_ANGIOGENESIS,HALLMARK_COMPLEMENT,-0.10407376234523256,0.35211745770520364,0.0085470085470085,0.5398546754554123,0.056310385446120534,-0.04113873011838923,0.17392133962302447,0.2591893443287165,0.0085470085470085,0.024842869332698865,-0.06293503222684334,0.03146751611342167,0.03146751611342167,Her2,Strengthened
HALLMARK_ANGIOGENESIS,HALLMARK_DNA_REPAIR,-0.005939880826069848,0.957761694306309,0.0,0.976088249189042,0.002969940413034924,-0.03929583405201178,0.19402910290836073,0.283973298760743,0.0,0.01964791702600589,0.03335595322594193,-0.016677976612970966,0.016677976612970966,Her2,Weakened
HALLMARK_ANGIOGENESIS,HALLMARK_E2F_TARGETS,-0.017077121306001176,0.8789684896034378,0.0,0.9322393071551612,0.008538560653000588,-0.016129519418597606,0.5940893395088649,0.6751015221691646,0.0,0.008064759709298803,-0.0009476018874035701,0.00047380094370178504,0.00047380094370178504,Her2,Strengthened
HALLMARK_ANGIOGENESIS,HALLMARK_EPITHELIAL_MESENCHYMAL_TRANSITION,0.6609538736956271,1.4026106797731642e-11,0.0535714285714285,2.1477476034026577e-09,0.3572626511335278,0.7055314856028645,1.6766889662133842e-165,4.107887967222791e-163,0.0535714285714285,0.3795514570871465,-0.04457761190723741,-0.022288805953618707,0.022288805953618707,Her2,Weakened
HALLMARK_ANGIOGENESIS,HALLMARK_ESTROGEN_RESPONSE_EARLY,-0.21089204664620195,0.057192034368083504,0.0,0.16983793134639755,0.10544602332310098,0.0045283588912656885,0.8810738577112377,0.9123545863873763,0.0,0.0022641794456328443,-0.21542040553746764,0.10318184387746814,0.10318184387746814,Her2,Strengthened
HALLMARK_ANGIOGENESIS,HALLMARK_ESTROGEN_RESPONSE_LATE,0.10962843704811517,0.32686574483826275,0.0042553191489361,0.5146665005486786,0.05694187809852563,-0.012026398217328949,0.6911161531882547,0.7615369356615379,0.0042553191489361,0.008140858683132524,0.12165483526544413,0.04880101941539311,0.04880101941539311,Her2,Strengthened
HALLMARK_ANGIOGENESIS,HALLMARK_FATTY_ACID_METABOLISM,-0.17872948955199733,0.10814589857268854,0.0,0.2513288909922352,0.08936474477599866,0.008756349227483067,0.7723544328121532,0.8241586935495537,0.0,0.004378174613741534,-0.18748583877948038,0.08498657016225714,0.08498657016225714,Her2,Strengthened
HALLMARK_ANGIOGENESIS,HALLMARK_G2M_CHECKPOINT,-0.06186209771295458,0.5808699507421271,0.0,0.7375547444333932,0.03093104885647729,0.021121896060339533,0.4852396873905507,0.5821925730200045,0.0,0.010560948030169767,-0.08298399377329412,0.020370100826307524,0.020370100826307524,Her2,Strengthened
HALLMARK_ANGIOGENESIS,HALLMARK_GLYCOLYSIS,-0.24589180022258725,0.025962666517531128,0.0128755364806866,0.1029713589616424,0.12938366835163692,-0.0947063549293455,0.0017130073609676647,0.005233002536621918,0.0128755364806866,0.053790945705016045,-0.15118544529324174,0.07559272264662087,0.07559272264662087,Her2,Strengthened
HALLMARK_ANGIOGENESIS,HALLMARK_HEDGEHOG_SIGNALING,0.20264926729917135,0.06786680043288863,0.0285714285714285,0.1868243382703114,0.11561034793529992,0.017681190060326608,0.5590895780085513,0.6485650881254501,0.0285714285714285,0.023126309315877554,0.18496807723884473,0.09248403861942237,0.09248403861942237,Her2,Strengthened
HALLMARK_ANGIOGENESIS,HALLMARK_HEME_METABOLISM,0.06538335516041238,0.5594847172018335,0.0,0.7267961596736436,0.03269167758020619,-0.018288493133180414,0.5456686754888193,0.6347997411906967,0.0,0.009144246566590207,0.0836718482935928,0.023547431013615984,0.023547431013615984,Her2,Strengthened
HALLMARK_ANGIOGENESIS,HALLMARK_HYPOXIA,0.08142863789774074,0.4670687564826705,0.0128755364806866,0.6524050475385078,0.04715208718921367,0.002257752630027508,0.9405398107607624,0.9585368287703278,0.0128755364806866,0.007566644555357054,0.07917088526771324,0.03958544263385661,0.03958544263385661,Her2,Strengthened
HALLMARK_ANGIOGENESIS,HALLMARK_IL2_STAT5_SIGNALING,-0.031640325431302636,0.7777998014516991,0.0217391304347826,0.8709367063787307,0.02668972793304262,0.010566968146912211,0.7269994111225863,0.7895162044549363,0.0217391304347826,0.016153049290847404,-0.042207293578214844,0.010536678642195214,0.010536678642195214,Her2,Strengthened
HALLMARK_ANGIOGENESIS,HALLMARK_IL6_JAK_STAT3_SIGNALING,0.17085881563074484,0.12484543714864663,0.0165289256198347,0.27287917112148896,0.09369387062528978,0.019977746218327385,0.5091974657933488,0.6044252864310584,0.0165289256198347,0.018253335919081043,0.15088106941241747,0.07544053470620873,0.07544053470620873,Her2,Strengthened
HALLMARK_ANGIOGENESIS,HALLMARK_INFLAMMATORY_RESPONSE,-0.16918109179465124,0.1286475887952951,0.0128755364806866,0.2769653713079727,0.09102831413766892,0.06665329859194702,0.027486802043978638,0.05736172487883106,0.0128755364806866,0.03976441753631681,-0.23583439038659826,0.05126389660135211,0.05126389660135211,Her2,Strengthened
HALLMARK_ANGIOGENESIS,HALLMARK_INTERFERON_ALPHA_RESPONSE,0.03846534645353968,0.7315245978909737,0.0,0.8398478279441826,0.01923267322676984,0.07162300752969408,0.017821108598663402,0.03991016093850579,0.0,0.03581150376484704,-0.0331576610761544,-0.0165788305380772,0.0165788305380772,Her2,Weakened
HALLMARK_ANGIOGENESIS,HALLMARK_INTERFERON_GAMMA_RESPONSE,-0.05273392705707148,0.6379816290943817,0.0,0.7753248964688667,0.02636696352853574,-0.0640210627898659,0.03423514709672146,0.0683030214877586,0.0,0.03201053139493295,0.011287135732794419,-0.0056435678663972096,0.0056435678663972096,Her2,Weakened
HALLMARK_ANGIOGENESIS,HALLMARK_KRAS_SIGNALING_DN,-0.15368509310753017,0.16804351744111315,0.0,0.3277918930977127,0.07684254655376509,0.023286966653180603,0.44162274053844364,0.5404474097498436,0.0,0.011643483326590301,-0.1769720597607108,0.06519906322717478,0.06519906322717478,Her2,Strengthened
HALLMARK_ANGIOGENESIS,HALLMARK_KRAS_SIGNALING_UP,0.3239062424210552,0.0029922012844999946,0.0128755364806866,0.02241011514203897,0.1683908894508709,0.39849158328082407,5.977049434095873e-43,3.660942778383722e-41,0.0128755364806866,0.20568355988075535,-0.07458534085976887,-0.037292670429884434,0.037292670429884434,Her2,Weakened
HALLMARK_ANGIOGENESIS,HALLMARK_MITOTIC_SPINDLE,0.028454751425024963,0.7996775826502392,0.0,0.8877835874839654,0.014227375712512482,0.005512007703994272,0.8554992924908181,0.8934242398135142,0.0,0.002756003851997136,0.02294274372103069,0.011471371860515346,0.011471371860515346,Her2,Strengthened
HALLMARK_ANGIOGENESIS,HALLMARK_MTORC1_SIGNALING,0.29275124096951743,0.007607215743865695,0.0042553191489361,0.04216669360287546,0.14850328005922678,0.07826526743463191,0.009606238881009158,0.023441519181745456,0.0042553191489361,0.041260293291784,0.21448597353488552,0.10724298676744277,0.10724298676744277,Her2,Strengthened
HALLMARK_ANGIOGENESIS,HALLMARK_MYC_TARGETS_V1,0.3340343449796486,0.0021623251565463754,0.0,0.01708934397915684,0.1670171724898243,0.07647927668191755,0.01139266091703434,0.027151769695266666,0.0,0.038239638340958775,0.25755506829773106,0.12877753414886553,0.12877753414886553,Her2,Strengthened
HALLMARK_ANGIOGENESIS,HALLMARK_MYC_TARGETS_V2,-0.17484526476877715,0.11615631439915489,0.0,0.2610852938329628,0.08742263238438858,-0.047449470149740054,0.11676159820041389,0.18721591334490445,0.0,0.023724735074870027,-0.1273957946190371,0.06369789730951855,0.06369789730951855,Her2,Strengthened
HALLMARK_ANGIOGENESIS,HALLMARK_MYOGENESIS,-0.2901664193614425,0.008183984179245877,0.0085470085470085,0.04436009123706283,0.1493567139542255,-0.07848865155925029,0.009401335857911801,0.02307943171531454,0.0085470085470085,0.0435178300531294,-0.21167776780219222,0.10583888390109611,0.10583888390109611,Her2,Strengthened
HALLMARK_ANGIOGENESIS,HALLMARK_NOTCH_SIGNALING,-0.11649636912162892,0.297282664946793,0.0149253731343283,0.4829857620156783,0.0657108711279786,-0.02295382534940655,0.44818452780214363,0.5473838948730069,0.0149253731343283,0.018939599241867423,-0.09354254377222238,0.04677127188611118,0.04677127188611118,Her2,Strengthened
HALLMARK_ANGIOGENESIS,HALLMARK_OXIDATIVE_PHOSPHORYLATION,0.10188862434113624,0.36237449908870994,0.0,0.5500809678325489,0.05094431217056812,-0.0637347872446839,0.03504793398190763,0.06981092541111682,0.0,0.03186739362234195,0.16562341158582014,0.01907691854822617,0.01907691854822617,Her2,Strengthened
HALLMARK_ANGIOGENESIS,HALLMARK_P53_PATHWAY,-0.30963954441124425,0.004643388993013113,0.0216450216450216,0.030913866937179693,0.16564228302813291,0.0121968159454777,0.6869690644711962,0.7596360510266906,0.0216450216450216,0.01692091879524965,-0.321836360356722,0.14872136423288326,0.14872136423288326,Her2,Strengthened
HALLMARK_ANGIOGENESIS,HALLMARK_PANCREAS_BETA_CELLS,-0.1874790705586912,0.09167587403664343,0.0,0.22825801970505732,0.0937395352793456,0.03472742350074335,0.25110652088466434,0.3471845237965167,0.0,0.017363711750371675,-0.22220649405943455,0.07637582352897393,0.07637582352897393,Her2,Strengthened
HALLMARK_ANGIOGENESIS,HALLMARK_PEROXISOME,-0.1208551862749915,0.2794483431442025,0.0,0.4663817715962508,0.06042759313749575,-0.024634142729206263,0.41565477574310483,0.5165371319138492,0.0,0.012317071364603131,-0.09622104354578524,0.04811052177289262,0.04811052177289262,Her2,Strengthened
HALLMARK_ANGIOGENESIS,HALLMARK_PI3K_AKT_MTOR_SIGNALING,-0.23343351209835336,0.03480390421999487,0.0,0.1242996579285531,0.11671675604917668,0.009146981860545363,0.7624973044884057,0.8164853129355742,0.0,0.004573490930272681,-0.24258049395889872,0.112143265118904,0.112143265118904,Her2,Strengthened
HALLMARK_ANGIOGENESIS,HALLMARK_PROTEIN_SECRETION,0.18610531552327328,0.09412220168520269,0.0,0.2315254961131994,0.09305265776163664,0.09998222710129111,0.0009279743869226256,0.00316648641777219,0.0,0.049991113550645554,0.08612308842198217,0.043061544210991086,0.043061544210991086,Her2,Strengthened
HALLMARK_ANGIOGENESIS,HALLMARK_REACTIVE_OXYGEN_SPECIES_PATHWAY,-0.1291723538354409,0.2474352930838548,0.0,0.4293317762432325,0.06458617691772045,-0.04918612279239195,0.10395212770766331,0.17185068345733812,0.0,0.024593061396195975,-0.07998623104304894,0.03999311552152447,0.03999311552152447,Her2,Strengthened
HALLMARK_ANGIOGENESIS,HALLMARK_SPERMATOGENESIS,0.15513121022372808,0.16402911691837002,0.0,0.32201228882212063,0.07756560511186404,-0.023940616920781907,0.428908921887603,0.5300807707756938,0.0,0.011970308460390953,0.17907182714450998,0.0655952966514731,0.0655952966514731,Her2,Strengthened
HALLMARK_ANGIOGENESIS,HALLMARK_TGF_BETA_SIGNALING,-0.08848075176579394,0.4292480691867447,0.0,0.6142860803198157,0.04424037588289697,-0.04830783744961457,0.11028356756149041,0.17922880556407217,0.0,0.024153918724807284,-0.04017291431617937,0.020086457158089686,0.020086457158089686,Her2,Strengthened
HALLMARK_ANGIOGENESIS,HALLMARK_TNFA_SIGNALING_VIA_NFKB,0.10005435863444462,0.3711247613822917,0.0172413793103448,0.5571419518300336,0.05864786897239471,-0.17420695394602415,6.638318186418435e-09,6.30382928555239e-08,0.0172413793103448,0.09572416662818448,0.27426131258046876,-0.037076297655789764,0.037076297655789764,Her2,Weakened
HALLMARK_ANGIOGENESIS,HALLMARK_UNFOLDED_PROTEIN_RESPONSE,-0.07175976039265362,0.5217415795415021,0.0067567567567567,0.6965821869821768,0.03925825857470516,0.04445976548655115,0.14167495779884462,0.21940812048493638,0.0067567567567567,0.025608261121653927,-0.11621952587920478,0.013649997453051236,0.013649997453051236,Her2,Strengthened
HALLMARK_ANGIOGENESIS,HALLMARK_UV_RESPONSE_DN,0.07938069963565254,0.47838199532976505,0.0227272727272727,0.6598738155421505,0.05105398618146262,0.12301079188040882,4.512966493854474e-05,0.00021851319980125417,0.0227272727272727,0.07286903230384076,-0.04363009224475628,-0.02181504612237814,0.02181504612237814,Her2,Weakened
HALLMARK_ANGIOGENESIS,HALLMARK_UV_RESPONSE_UP,-0.313505640293807,0.004130602029382974,0.005181347150259,0.02811104158885635,0.159343493722033,0.03860907398182445,0.2019424709024445,0.29379991313004095,0.005181347150259,0.021895210566041726,-0.35211471427563146,0.13744828315599128,0.13744828315599128,Her2,Strengthened
HALLMARK_ANGIOGENESIS,HALLMARK_WNT_BETA_CATENIN_SIGNALING,-0.058827765721431315,0.5995936211847517,0.04,0.7525637151140582,0.04941388286071566,-0.06750665405581363,0.02556063771279511,0.05398582965202415,0.04,0.05375332702790682,0.008678888334382316,-0.0043394441671911615,0.0043394441671911615,Her2,Weakened
HALLMARK_ANGIOGENESIS,HALLMARK_XENOBIOTIC_METABOLISM,0.07045954250306483,0.5293322393030552,0.0042553191489361,0.7017662263487473,0.03735743082600046,-0.006641953934000735,0.8263085937700645,0.8729961828258274,0.0042553191489361,0.005448636541468418,0.07710149643706556,0.03190879428453204,0.03190879428453204,Her2,Strengthened
HALLMARK_APICAL_JUNCTION,HALLMARK_APICAL_SURFACE,0.2552737527059571,0.020634575678686574,0.0209205020920502,0.08869247440838966,0.13809712739900365,0.17093437741158915,1.2761604081365381e-08,1.1166403571194708e-07,0.0209205020920502,0.09592743975181968,0.08433937529436794,0.04216968764718397,0.04216968764718397,Her2,Strengthened
HALLMARK_APICAL_JUNCTION,HALLMARK_APOPTOSIS,-0.39603008315796767,0.00023055932440434909,0.0055710306406685,0.0032680436629849282,0.20080055689931808,-0.022371603039013335,0.4597841197197957,0.5593203045250742,0.0055710306406685,0.013971316839840917,-0.37365848011895436,0.18682924005947715,0.18682924005947715,Her2,Strengthened
HALLMARK_APICAL_JUNCTION,HALLMARK_BILE_ACID_METABOLISM,-0.25352591627662485,0.021549501131346644,0.0,0.09102806512379186,0.12676295813831243,-0.01984183318490943,0.512083956777463,0.606675867555505,0.0,0.009920916592454716,-0.23368408309171543,0.11684204154585771,0.11684204154585771,Her2,Strengthened
HALLMARK_APICAL_JUNCTION,HALLMARK_CHOLESTEROL_HOMEOSTASIS,0.2044877864458583,0.06535631517225675,0.011070110701107,0.18460425310022338,0.10777894857348265,0.21047155075879115,2.0294159007134603e-12,3.3147126378319853e-11,0.011070110701107,0.11077083072994907,-0.005983764312932849,-0.0029918821564664244,0.0029918821564664244,Her2,Weakened
HALLMARK_APICAL_JUNCTION,HALLMARK_COAGULATION,-0.009685581095583266,0.9311784883844635,0.0242424242424242,0.963423689418047,0.016964002669003733,0.2247316719373568,5.4333873776003126e-14,1.0084696269030884e-12,0.0242424242424242,0.1244870480898905,-0.23441725303294006,-0.10752304542088677,0.10752304542088677,Her2,Weakened
HALLMARK_APICAL_JUNCTION,HALLMARK_COMPLEMENT,0.050136874740326264,0.6546438082921788,0.015228426395939,0.7836548919963182,0.03268265056813263,-0.038497592652901105,0.20324889855263623,0.2949998823779376,0.015228426395939,0.026863009524420053,0.08863446739322736,0.005819641043712579,0.005819641043712579,Her2,Strengthened
HALLMARK_APICAL_JUNCTION,HALLMARK_DNA_REPAIR,0.20471620651690073,0.06504972566128371,0.0028653295128939,0.18449579319479634,0.10379076801489731,-0.09914397651673386,0.0010249113994182375,0.0034397711350338104,0.0028653295128939,0.051004653014813876,0.3038601830336346,0.052786115000083435,0.052786115000083435,Her2,Strengthened
HALLMARK_APICAL_JUNCTION,HALLMARK_E2F_TARGETS,-0.13692130891646015,0.21996271692950264,0.0025062656641604,0.39393907637228176,0.06971378729031028,0.03660246046337137,0.2264046738071653,0.32049372362913203,0.0025062656641604,0.019554363063765887,-0.17352376937983152,0.05015942422654439,0.05015942422654439,Her2,Strengthened
HALLMARK_APICAL_JUNCTION,HALLMARK_EPITHELIAL_MESENCHYMAL_TRANSITION,-0.11115787412318553,0.3201207735774695,0.0443864229765013,0.5079636627362696,0.07777214854984342,-0.024606344344173116,0.41618134628487274,0.5165371319138492,0.0443864229765013,0.03449638366033721,-0.08655152977901243,0.04327576488950621,0.04327576488950621,Her2,Strengthened
HALLMARK_APICAL_JUNCTION,HALLMARK_ESTROGEN_RESPONSE_EARLY,0.35410614836477294,0.0010993695997304185,0.0075566750629722,0.009902409997571785,0.18083141171387257,-0.13055160468066204,1.4796477437090438e-05,7.796385736443025e-05,0.0075566750629722,0.06905413987181712,0.484657753045435,0.11177727184205545,0.11177727184205545,Her2,Strengthened
HALLMARK_APICAL_JUNCTION,HALLMARK_ESTROGEN_RESPONSE_LATE,-0.2167204607320629,0.05050412720161864,0.0101010101010101,0.15945246345871864,0.1134107354165365,0.17328111745534014,7.996701177543937e-09,7.256265883326905e-08,0.0101010101010101,0.09169106377817512,-0.390001578187403,0.021719671638361374,0.021719671638361374,Her2,Strengthened
HALLMARK_APICAL_JUNCTION,HALLMARK_FATTY_ACID_METABOLISM,-0.21409800409600022,0.05342913447403193,0.0084507042253521,0.1644489691725857,0.11127435416067616,-0.17754369513187826,3.365498194169799e-09,3.298188230286403e-08,0.0084507042253521,0.09299719967861518,-0.036554308964121957,0.018277154482060978,0.018277154482060978,Her2,Strengthened
HALLMARK_APICAL_JUNCTION,HALLMARK_G2M_CHECKPOINT,-0.12575178312655763,0.2602820866653254,0.0050251256281407,0.44656240359247,0.06538845437734916,-0.15142667847221183,4.857542769881547e-07,3.279666973528852e-06,0.0050251256281407,0.07822590205017627,0.025674895345654203,-0.012837447672827101,0.012837447672827101,Her2,Weakened
HALLMARK_APICAL_JUNCTION,HALLMARK_GLYCOLYSIS,0.12296241057924098,0.27108789380608667,0.015228426395939,0.4580450619482154,0.06909541848758999,0.2138088111148179,8.896446725719523e-13,1.534950315353016e-11,0.015228426395939,0.11451861875537844,-0.09084640053557691,-0.045423200267788455,0.045423200267788455,Her2,Weakened
HALLMARK_APICAL_JUNCTION,HALLMARK_HEDGEHOG_SIGNALING,0.2527580545979892,0.02196227233538682,0.0172413793103448,0.09213624524263307,0.13499971695416702,-0.0015361561928648165,0.9595236648512225,0.972222075635027,0.0172413793103448,0.009388767751604809,0.254294210790854,0.12561094920256222,0.12561094920256222,Her2,Strengthened
HALLMARK_APICAL_JUNCTION,HALLMARK_HEME_METABOLISM,-0.199267294595105,0.07268775087120856,0.0025062656641604,0.19743346966126496,0.1008867801296327,-0.022899112136609855,0.44926746053088773,0.5481599991537226,0.0025062656641604,0.012702688900385128,-0.17636818245849514,0.08818409122924757,0.08818409122924757,Her2,Strengthened
HALLMARK_APICAL_JUNCTION,HALLMARK_HYPOXIA,0.0911127655562752,0.4155933111796103,0.0101010101010101,0.6010495451732953,0.05060688782864265,-0.10191770369286751,0.000735648338962205,0.002552887295265442,0.0101010101010101,0.056009356896938804,0.19303046924914272,-0.0054024690682961535,0.0054024690682961535,Her2,Weakened
HALLMARK_APICAL_JUNCTION,HALLMARK_IL2_STAT5_SIGNALING,-0.21908208953618868,0.047983924586059094,0.0050377833753148,0.15383551044003602,0.11205993645575174,-0.03453512764203668,0.25374214130611017,0.3496446829021203,0.0050377833753148,0.01978645550867574,-0.184546961894152,0.092273480947076,0.092273480947076,Her2,Strengthened
HALLMARK_APICAL_JUNCTION,HALLMARK_IL6_JAK_STAT3_SIGNALING,-0.0976259601452397,0.3829052560957456,0.0,0.5692462848510782,0.04881298007261985,0.04350890855977852,0.15039938293156438,0.2305872892254898,0.0,0.02175445427988926,-0.14113486870501823,0.027058525792730593,0.027058525792730593,Her2,Strengthened
HALLMARK_APICAL_JUNCTION,HALLMARK_INFLAMMATORY_RESPONSE,-0.026345482084852316,0.8142500524605767,0.0075566750629722,0.8961871646578674,0.01695107857391226,-0.04849564594513523,0.10890472034609763,0.17791003967709138,0.0075566750629722,0.028026160504053717,0.022150163860282915,-0.011075081930141457,0.011075081930141457,Her2,Weakened
HALLMARK_APICAL_JUNCTION,HALLMARK_INTERFERON_ALPHA_RESPONSE,0.032611507934021455,0.7711633217877504,0.0,0.8674148040589789,0.016305753967010728,-0.04987067741249476,0.09922011697082149,0.16514217838214174,0.0,0.02493533870624738,0.08248218534651622,-0.008629584739236654,0.008629584739236654,Her2,Weakened
HALLMARK_APICAL_JUNCTION,HALLMARK_INTERFERON_GAMMA_RESPONSE,-0.04398912995862775,0.69475286242202,0.0101010101010101,0.8132210910991572,0.027045070029818923,0.049336115587561784,0.10290026704300582,0.17043396411140616,0.0101010101010101,0.029718562844285944,-0.09332524554618954,-0.002673492814467021,0.002673492814467021,Her2,Weakened
HALLMARK_APICAL_JUNCTION,HALLMARK_KRAS_SIGNALING_DN,0.3773782714772651,0.0004740309676052922,0.0101010101010101,0.005865534700166495,0.1937396407891376,0.10406175559829255,0.0005661342967252292,0.002021908202590104,0.0101010101010101,0.05708138284965132,0.27331651587897254,0.13665825793948627,0.13665825793948627,Her2,Strengthened
HALLMARK_APICAL_JUNCTION,HALLMARK_KRAS_SIGNALING_UP,0.15526318366189537,0.16366632140736148,0.0178117048346055,0.3218158005200928,0.08653744424825044,0.15447405285603405,2.8313668198205303e-07,2.0048695689480634e-06,0.0178117048346055,0.08614287884531978,0.0007891308058613211,0.00039456540293066056,0.00039456540293066056,Her2,Strengthened
HALLMARK_APICAL_JUNCTION,HALLMARK_MITOTIC_SPINDLE,0.2857722933825104,0.009252889623536443,0.0363636363636363,0.048439272601846765,0.16106796487307337,0.22378641841383157,6.961386389379362e-14,1.2727907950730923e-12,0.0363636363636363,0.13007502738873394,0.061985874968678856,0.030992937484339428,0.030992937484339428,Her2,Strengthened
HALLMARK_APICAL_JUNCTION,HALLMARK_MTORC1_SIGNALING,-0.02607584340889654,0.8161175927394446,0.0101010101010101,0.8966314359693449,0.01808842675495332,-0.013306196871633707,0.6602067637742454,0.7338959034695559,0.0101010101010101,0.011703603486321903,-0.012769646537262832,0.006384823268631417,0.006384823268631417,Her2,Strengthened
HALLMARK_APICAL_JUNCTION,HALLMARK_MYC_TARGETS_V1,-0.23834298799315562,0.03105766508130583,0.0,0.11494150974199287,0.11917149399657781,0.1287853557581395,1.9321015907459178e-05,9.90303116595711e-05,0.0,0.06439267787906976,-0.3671283437512951,0.05477881611750805,0.05477881611750805,Her2,Strengthened
HALLMARK_APICAL_JUNCTION,HALLMARK_MYC_TARGETS_V2,0.14851008190548623,0.18300228323998893,0.0,0.3448889184138253,0.07425504095274311,0.027912382191176994,0.3563486243521065,0.4585368328060194,0.0,0.013956191095588497,0.12059769971430924,0.06029884985715462,0.06029884985715462,Her2,Strengthened
HALLMARK_APICAL_JUNCTION,HALLMARK_MYOGENESIS,0.19296946853434221,0.08239556770556487,0.0309278350515463,0.21160287303840036,0.11194865179294426,0.33161815044177007,1.7128234721166227e-29,7.771143530899492e-28,0.0309278350515463,0.18127299274665817,-0.13864868190742785,-0.06932434095371391,0.06932434095371391,Her2,Weakened
HALLMARK_APICAL_JUNCTION,HALLMARK_NOTCH_SIGNALING,0.08735392881725194,0.4351712732259936,0.0,0.6213109670184641,0.04367696440862597,0.0359188667932845,0.2352017851300526,0.32890660591816717,0.0,0.01795943339664225,0.05143506202396744,0.02571753101198372,0.02571753101198372,Her2,Strengthened
HALLMARK_APICAL_JUNCTION,HALLMARK_OXIDATIVE_PHOSPHORYLATION,-0.20550434085495947,0.064000802808023,0.0,0.1823278684647167,0.10275217042747974,0.005301152876721497,0.8609696514636292,0.8960814129506762,0.0,0.0026505764383607487,-0.21080549373168098,0.10010159398911898,0.10010159398911898,Her2,Strengthened
HALLMARK_APICAL_JUNCTION,HALLMARK_P53_PATHWAY,0.2461646356506767,0.025792660243600312,0.0101010101010101,0.1029713589616424,0.1281328228758434,0.07380513234217534,0.014618523855521572,0.03378809759059231,0.0101010101010101,0.04195307122159272,0.17235950330850136,0.08617975165425068,0.08617975165425068,Her2,Strengthened
HALLMARK_APICAL_JUNCTION,HALLMARK_PANCREAS_BETA_CELLS,0.1748841741437006,0.11607386453898243,0.00418410041841,0.2610852938329628,0.0895341372810553,0.0804907276989195,0.007731771333501269,0.019562653311642683,0.00418410041841,0.04233741405866475,0.0943934464447811,0.04719672322239055,0.04719672322239055,Her2,Strengthened
HALLMARK_APICAL_JUNCTION,HALLMARK_PEROXISOME,0.14567876236590915,0.1915850924819501,0.0099667774086378,0.3543568542060878,0.07782276988727348,0.021515777386804453,0.4771353554375624,0.5752862307195019,0.0099667774086378,0.015741277397721125,0.1241629849791047,0.06208149248955235,0.06208149248955235,Her2,Strengthened
HALLMARK_APICAL_JUNCTION,HALLMARK_PI3K_AKT_MTOR_SIGNALING,0.37741069242334413,0.00047345481903342994,0.020066889632107,0.005865534700166495,0.19873879102772557,0.2640604305780594,6.56050118143551e-19,1.7470899885344566e-17,0.020066889632107,0.1420636601050832,0.11335026184528474,0.05667513092264237,0.05667513092264237,Her2,Strengthened
HALLMARK_APICAL_JUNCTION,HALLMARK_PROTEIN_SECRETION,0.1184872636348354,0.2890462702823748,0.0033898305084745,0.47468511952410136,0.06093854707165495,0.06964562400162298,0.021237240282694074,0.04629339455207388,0.0033898305084745,0.03651772725504874,0.04884163963321242,0.02442081981660621,0.02442081981660621,Her2,Strengthened
HALLMARK_APICAL_JUNCTION,HALLMARK_REACTIVE_OXYGEN_SPECIES_PATHWAY,-0.09863696148617282,0.377973693498269,0.0,0.5653452680529664,0.04931848074308641,-0.05217386069296265,0.08454774866954248,0.1454611168056385,0.0,0.026086930346481324,-0.04646310079321017,0.023231550396605086,0.023231550396605086,Her2,Strengthened
HALLMARK_APICAL_JUNCTION,HALLMARK_SPERMATOGENESIS,0.18902913292115517,0.08897607793885165,0.006006006006006,0.22335183498994524,0.09751756946358059,-0.08647912099869921,0.004203810092192018,0.011598349916520768,0.006006006006006,0.046242563502352604,0.2755082539198544,0.051275005961227985,0.051275005961227985,Her2,Strengthened
HALLMARK_APICAL_JUNCTION,HALLMARK_TGF_BETA_SIGNALING,0.1123193206933138,0.3150587681568742,0.0079365079365079,0.5029196593428663,0.060127914314910845,0.036841119120350464,0.223389311144329,0.3170401352817474,0.0079365079365079,0.022388813528429183,0.07547820157296334,0.03773910078648166,0.03773910078648166,Her2,Strengthened
HALLMARK_APICAL_JUNCTION,HALLMARK_TNFA_SIGNALING_VIA_NFKB,0.14508247444034705,0.1934291072911814,0.0101010101010101,0.3563167765890184,0.07759174227067858,0.03802528414715034,0.20885197232073144,0.30099254834458355,0.0101010101010101,0.02406314712408022,0.10705719029319671,0.053528595146598364,0.053528595146598364,Her2,Strengthened
HALLMARK_APICAL_JUNCTION,HALLMARK_UNFOLDED_PROTEIN_RESPONSE,0.09672819003862393,0.38731674877401906,0.0032051282051282,0.572519235785687,0.04996665912187606,-0.049735396001456864,0.10014138911107097,0.16644939167036898,0.0032051282051282,0.026470262103292532,0.1464635860400808,0.02349639701858353,0.02349639701858353,Her2,Strengthened
HALLMARK_APICAL_JUNCTION,HALLMARK_UV_RESPONSE_DN,-0.000978892411291464,0.9930360206956635,0.026865671641791,0.9954739160001538,0.013922282026541232,0.09785571362927,0.0011922668167238652,0.003884379921507273,0.026865671641791,0.0623606926355305,-0.09883460604056146,-0.04843841060898926,0.04843841060898926,Her2,Weakened
HALLMARK_APICAL_JUNCTION,HALLMARK_UV_RESPONSE_UP,-0.09168614420647016,0.412652402312952,0.0056179775280898,0.6002391574879861,0.04865206086727998,-0.05488775119341751,0.06956358521593077,0.12261207466117294,0.0056179775280898,0.030252864360753653,-0.03679839301305265,0.018399196506526327,0.018399196506526327,Her2,Strengthened
HALLMARK_APICAL_JUNCTION,HALLMARK_WNT_BETA_CATENIN_SIGNALING,0.05516060113571398,0.6225728677085891,0.0041493775933609,0.7664841838623333,0.029654989364537438,0.1083036056093001,0.0003323567737426986,0.0012843439994788828,0.0041493775933609,0.056226491601330496,-0.053143004473586115,-0.026571502236793058,0.026571502236793058,Her2,Weakened
HALLMARK_APICAL_JUNCTION,HALLMARK_XENOBIOTIC_METABOLISM,0.17509122973979088,0.11563586770011708,0.0025062656641604,0.2610852938329628,0.08879874770197564,0.03195117292605931,0.2910285629060173,0.3898267065998174,0.0025062656641604,0.017228719295109857,0.14314005681373157,0.07157002840686578,0.07157002840686578,Her2,Strengthened
HALLMARK_APICAL_SURFACE,HALLMARK_APOPTOSIS,0.14713386983164795,0.18713851589097408,0.0148514851485148,0.3491063609162302,0.08099267749008138,0.12493099447280967,3.4175202006458284e-05,0.0001694923986150259,0.0148514851485148,0.06989123981066224,0.022202875358838275,0.011101437679419138,0.011101437679419138,Her2,Strengthened
HALLMARK_APICAL_SURFACE,HALLMARK_BILE_ACID_METABOLISM,-0.1065064508595646,0.3409128786351967,0.0,0.5272958034445909,0.0532532254297823,0.05124908359944727,0.09021333983652266,0.1528510944671373,0.0,0.025624541799723635,-0.15775553445901186,0.027628683630058666,0.027628683630058666,Her2,Strengthened
HALLMARK_APICAL_SURFACE,HALLMARK_CHOLESTEROL_HOMEOSTASIS,-0.2389120981106918,0.030646227582041302,0.0085470085470085,0.11376251147878967,0.12372955332885015,-0.041016739367353075,0.17520235662908928,0.2604646685323233,0.0085470085470085,0.02478187395718079,-0.19789535874333875,0.09894767937166936,0.09894767937166936,Her2,Strengthened
HALLMARK_APICAL_SURFACE,HALLMARK_COAGULATION,0.07435453845151686,0.5067592573971504,0.0,0.6855466807771816,0.03717726922575843,0.08664640445935765,0.004130665445441867,0.011448111245851328,0.0,0.04332320222967882,-0.012291866007840782,-0.006145933003920391,0.006145933003920391,Her2,Weakened
HALLMARK_APICAL_SURFACE,HALLMARK_COMPLEMENT,-0.047198594546510576,0.6737004460932039,0.0166666666666666,0.7973749241199756,0.03193263060658859,0.03412022570164007,0.2594941608955623,0.35517357217549034,0.0166666666666666,0.025393446184153335,-0.08131882024815065,0.006539184422435253,0.006539184422435253,Her2,Strengthened
HALLMARK_APICAL_SURFACE,HALLMARK_DNA_REPAIR,0.023662776751131688,0.8328751465169749,0.0,0.902783239438116,0.011831388375565844,-0.03384431893616299,0.26336876909431417,0.35967306816113137,0.0,0.016922159468081496,0.05750709568729468,-0.005090771092515652,0.005090771092515652,Her2,Weakened
HALLMARK_APICAL_SURFACE,HALLMARK_E2F_TARGETS,-0.0752358369101131,0.5017215776655827,0.0041152263374485,0.6806300472207517,0.0396755316237808,0.0219005365983029,0.4692906927382582,0.5669438842252132,0.0041152263374485,0.013007881467875699,-0.097136373508416,0.0266676501559051,0.0266676501559051,Her2,Strengthened
HALLMARK_APICAL_SURFACE,HALLMARK_EPITHELIAL_MESENCHYMAL_TRANSITION,0.0052844524195831116,0.9624188321940076,0.0124481327800829,0.9779390352860424,0.008866292599833006,-0.1675928737850427,2.455540488848653e-08,2.0602993827668494e-07,0.0124481327800829,0.0900205032825628,0.17287732620462581,-0.0811542106827298,0.0811542106827298,Her2,Weakened
HALLMARK_APICAL_SURFACE,HALLMARK_ESTROGEN_RESPONSE_EARLY,-0.14644134766028788,0.1892453374476475,0.0041152263374485,0.3512508157172245,0.0752782869988682,-0.1081653646378311,0.00033827873106308866,0.001299032744678005,0.0041152263374485,0.056140295487639796,-0.038275983022456786,0.0191379915112284,0.0191379915112284,Her2,Strengthened
HALLMARK_APICAL_SURFACE,HALLMARK_ESTROGEN_RESPONSE_LATE,0.23968616329918122,0.030093996371844692,0.0,0.11343121709387614,0.11984308164959061,0.11117039641213311,0.0002293704189434045,0.000936595877352235,0.0,0.055585198206066555,0.1285157668870481,0.06425788344352405,0.06425788344352405,Her2,Strengthened
HALLMARK_APICAL_SURFACE,HALLMARK_FATTY_ACID_METABOLISM,0.32952004509328126,0.0025025386969854,0.0049751243781094,0.01904105530314978,0.16724758473569531,-0.06539193545705395,0.030562367317451468,0.062371544364983905,0.0049751243781094,0.035183529917581675,0.3949119805503352,0.13206405481811365,0.13206405481811365,Her2,Strengthened
HALLMARK_APICAL_SURFACE,HALLMARK_G2M_CHECKPOINT,0.3678452085172893,0.0006741618620656127,0.0041152263374485,0.007181289400264136,0.1859802174273689,-0.029663818219349276,0.3269653201504763,0.4289455253057404,0.0041152263374485,0.016889522278398888,0.39750902673663857,0.16909069514897002,0.16909069514897002,Her2,Strengthened
HALLMARK_APICAL_SURFACE,HALLMARK_GLYCOLYSIS,-0.3188041258020193,0.0035098296842018283,0.0041152263374485,0.02485284024940601,0.16145967606973388,0.0587143811056445,0.05220099261792546,0.0964497978234671,0.0041152263374485,0.0314148037215465,-0.37751850690766375,0.13004487234818737,0.13004487234818737,Her2,Strengthened
HALLMARK_APICAL_SURFACE,HALLMARK_HEDGEHOG_SIGNALING,-0.17682632573215845,0.11201545495427219,0.0126582278481012,0.2569642927321787,0.09474227679012982,0.10720854049166187,0.00038204943127532196,0.0014356151942094152,0.0126582278481012,0.05993338416988153,-0.28403486622382035,0.03480889262024829,0.03480889262024829,Her2,Strengthened
HALLMARK_APICAL_SURFACE,HALLMARK_HEME_METABOLISM,0.07992730575372148,0.47534813526686226,0.0,0.6598738155421505,0.03996365287686074,0.0183644770061008,0.5440007944422954,0.633461001132901,0.0,0.0091822385030504,0.061562828747620674,0.030781414373810337,0.030781414373810337,Her2,Strengthened
HALLMARK_APICAL_SURFACE,HALLMARK_HYPOXIA,0.1509049445945025,0.17596366488623688,0.0082644628099173,0.33716658750519707,0.0795847037022099,-0.00842396503284582,0.7807707886548396,0.8316906226975466,0.0082644628099173,0.008344213921381561,0.1593289096273483,0.07124048978082834,0.07124048978082834,Her2,Strengthened
HALLMARK_APICAL_SURFACE,HALLMARK_IL2_STAT5_SIGNALING,0.39647354337280233,0.0002265233267280478,0.0041322314049586,0.003264600885198336,0.20030288738888047,-0.030792511011024256,0.3088871411544482,0.40950946743960936,0.0041322314049586,0.017462371207991427,0.4272660543838266,0.18284051618088903,0.18284051618088903,Her2,Strengthened
HALLMARK_APICAL_SURFACE,HALLMARK_IL6_JAK_STAT3_SIGNALING,-0.3679096705173884,0.0006725823520376732,0.0076923076923076,0.007181289400264136,0.187800989104848,-0.08441070704691275,0.005210295607522683,0.013815177747219236,0.0076923076923076,0.046051507369610174,-0.28349896347047565,0.14174948173523783,0.14174948173523783,Her2,Strengthened
HALLMARK_APICAL_SURFACE,HALLMARK_INFLAMMATORY_RESPONSE,0.3660740107490741,0.0007189071583607736,0.0209205020920502,0.007591907491309893,0.19349725642056215,0.11507768121020062,0.0001364040568860736,0.0005883625693149301,0.0209205020920502,0.06799909165112542,0.25099632953887346,0.12549816476943673,0.12549816476943673,Her2,Strengthened
HALLMARK_APICAL_SURFACE,HALLMARK_INTERFERON_ALPHA_RESPONSE,-0.051962136276868125,0.6429150601181188,0.0,0.7791661830370992,0.025981068138434062,0.01667718639600164,0.5816221245571745,0.6669194526159749,0.0,0.00833859319800082,-0.06863932267286976,0.017642474940433243,0.017642474940433243,Her2,Strengthened
HALLMARK_APICAL_SURFACE,HALLMARK_INTERFERON_GAMMA_RESPONSE,0.06038616287281278,0.5899438352475341,0.0041152263374485,0.7419724827291883,0.03225069460513064,-0.02437041080747566,0.4206663206969928,0.5210477683051731,0.0041152263374485,0.01424281857246208,0.08475657368028844,0.01800787603266856,0.01800787603266856,Her2,Strengthened
HALLMARK_APICAL_SURFACE,HALLMARK_KRAS_SIGNALING_DN,-0.08676462392708911,0.4382873217574184,0.0041152263374485,0.6235795228255954,0.045439925132268806,-0.0006836589607938499,0.9819800081384379,0.9860045163685135,0.0041152263374485,0.002399442649121175,-0.08608096496629526,0.04304048248314763,0.04304048248314763,Her2,Strengthened
HALLMARK_APICAL_SURFACE,HALLMARK_KRAS_SIGNALING_UP,-0.18546875335129712,0.09527303785173802,0.0124481327800829,0.23388671616909634,0.09895844306569,-0.1169118282792697,0.00010626853405908276,0.0004733780153540959,0.0124481327800829,0.0646799805296763,-0.06855692507202742,0.0342784625360137,0.0342784625360137,Her2,Strengthened
HALLMARK_APICAL_SURFACE,HALLMARK_MITOTIC_SPINDLE,-0.34062148292869415,0.0017402823290880657,0.0041322314049586,0.014404363872519463,0.17237685716682638,0.004876940850431501,0.8719952327962581,0.905249288284251,0.0041322314049586,0.00450458612769505,-0.34549842377912565,0.16787227103913133,0.16787227103913133,Her2,Strengthened
HALLMARK_APICAL_SURFACE,HALLMARK_MTORC1_SIGNALING,0.0618388277985808,0.5810125129618159,0.0041152263374485,0.7375547444333932,0.03297702706801465,0.019775885816556066,0.513487597467159,0.6077177662349497,0.0041152263374485,0.011945556077002283,0.04206294198202473,0.021031470991012366,0.021031470991012366,Her2,Strengthened
HALLMARK_APICAL_SURFACE,HALLMARK_MYC_TARGETS_V1,-0.05738030518732106,0.6086187501938174,0.0,0.756143984774266,0.02869015259366053,-0.023680466066969885,0.4339433354758252,0.5331801263368966,0.0,0.011840233033484943,-0.033699839120351176,0.016849919560175588,0.016849919560175588,Her2,Strengthened
HALLMARK_APICAL_SURFACE,HALLMARK_MYC_TARGETS_V2,-0.45014831598024596,2.2037878364318053e-05,0.0,0.0005509469591079513,0.22507415799012298,0.016225118196709878,0.5919043325617289,0.6744956347796446,0.0,0.008112559098354939,-0.4663734341769558,0.21696159889176805,0.21696159889176805,Her2,Strengthened
HALLMARK_APICAL_SURFACE,HALLMARK_MYOGENESIS,0.07156737941357592,0.5228612252024281,0.0041152263374485,0.6969586516572083,0.03784130287551221,-0.03200544110644853,0.29020947443671247,0.38938292024641047,0.0041152263374485,0.018060333721948516,0.10357282052002445,0.019780969153563695,0.019780969153563695,Her2,Strengthened
HALLMARK_APICAL_SURFACE,HALLMARK_NOTCH_SIGNALING,-0.04011327037801303,0.7204864566671249,0.0,0.8318528835223638,0.020056635189006515,0.18242790470259151,1.2161432579950275e-09,1.2733123855076144e-08,0.0,0.09121395235129576,-0.22254117508060456,-0.07115731716228924,0.07115731716228924,Her2,Weakened
HALLMARK_APICAL_SURFACE,HALLMARK_OXIDATIVE_PHOSPHORYLATION,0.057487766174959126,0.6079466790708208,0.0,0.7560758191489904,0.028743883087479563,0.06575315614078103,0.02965281464587162,0.060642233624695716,0.0,0.032876578070390516,-0.008265389965821907,-0.004132694982910953,0.004132694982910953,Her2,Weakened
HALLMARK_APICAL_SURFACE,HALLMARK_P53_PATHWAY,0.007398826213758312,0.9474004822938474,0.0041152263374485,0.9687525799749275,0.005757026275603407,0.052730491602522314,0.08127853025823341,0.14163044035040673,0.0041152263374485,0.028422858969985407,-0.045331665388764,-0.022665832694382,0.022665832694382,Her2,Weakened
HALLMARK_APICAL_SURFACE,HALLMARK_PANCREAS_BETA_CELLS,0.04965856020215524,0.6577313867739697,0.0,0.7845384116826806,0.02482928010107762,-0.010779111242620529,0.7217438845662368,0.7852009401364477,0.0,0.005389555621310264,0.06043767144477577,0.019439724479767356,0.019439724479767356,Her2,Strengthened
HALLMARK_APICAL_SURFACE,HALLMARK_PEROXISOME,0.2334463344571786,0.03479364771063878,0.0,0.1242996579285531,0.1167231672285893,-0.004232146977615099,0.8888008672527454,0.9195785999870043,0.0,0.0021160734888075496,0.2376784814347937,0.11460709373978176,0.11460709373978176,Her2,Strengthened
HALLMARK_APICAL_SURFACE,HALLMARK_PI3K_AKT_MTOR_SIGNALING,0.025404105876556393,0.8207745402448995,0.0067567567567567,0.8977221533928589,0.016080431316656547,-0.056463880497335535,0.06191063224125463,0.11087795978879667,0.0067567567567567,0.031610318627046115,0.08186798637389192,-0.015529887310389567,0.015529887310389567,Her2,Weakened
HALLMARK_APICAL_SURFACE,HALLMARK_PROTEIN_SECRETION,-0.23899100526874023,0.030589545880766164,0.0071942446043165,0.11376251147878967,0.12309262493652837,0.00767815135321985,0.7997478707074642,0.8482174386291288,0.0071942446043165,0.007436197978768175,-0.2466691566219601,0.1156564269577602,0.1156564269577602,Her2,Strengthened
HALLMARK_APICAL_SURFACE,HALLMARK_REACTIVE_OXYGEN_SPECIES_PATHWAY,0.09764000283777888,0.3828364934764709,0.0,0.5692462848510782,0.04882000141888944,-0.05642496664813916,0.06209083560792298,0.11103835564920532,0.0,0.02821248332406958,0.15406496948591802,0.02060751809481986,0.02060751809481986,Her2,Strengthened
HALLMARK_APICAL_SURFACE,HALLMARK_SPERMATOGENESIS,-0.27136444015738315,0.013661317163569943,0.0056179775280898,0.06315137179386106,0.13849120884273647,0.019007135285038106,0.5299962212180468,0.6212874363560835,0.0056179775280898,0.012312556406563953,-0.29037157544242126,0.12617865243617252,0.12617865243617252,Her2,Strengthened
HALLMARK_APICAL_SURFACE,HALLMARK_TGF_BETA_SIGNALING,0.07962028762038628,0.47705091975092684,0.0,0.6598738155421505,0.03981014381019314,-0.08684646476538561,0.004044704559276247,0.01127036106316291,0.0,0.04342323238269281,0.1664667523857719,-0.003613088572499666,0.003613088572499666,Her2,Weakened
HALLMARK_APICAL_SURFACE,HALLMARK_TNFA_SIGNALING_VIA_NFKB,-0.06825323368729153,0.5423374901959612,0.0082644628099173,0.7143692747204866,0.03825884824860441,0.01759557188956111,0.5609944639623333,0.6501591469762141,0.0082644628099173,0.012930017349739205,-0.08584880557685264,0.025328830898865208,0.025328830898865208,Her2,Strengthened
HALLMARK_APICAL_SURFACE,HALLMARK_UNFOLDED_PROTEIN_RESPONSE,0.29441696078522106,0.007254758413594743,0.0,0.04120725724244616,0.14720848039261053,0.03598499559615702,0.23434036996283034,0.32838587353179455,0.0,0.01799249779807851,0.25843196518906403,0.12921598259453201,0.12921598259453201,Her2,Strengthened
HALLMARK_APICAL_SURFACE,HALLMARK_UV_RESPONSE_DN,-0.12405396573185937,0.2668239250900726,0.0,0.4539712614379707,0.06202698286592968,0.026987772668108364,0.3725105154101503,0.47489215751401437,0.0,0.013493886334054182,-0.15104173839996773,0.0485330965318755,0.0485330965318755,Her2,Strengthened
HALLMARK_APICAL_SURFACE,HALLMARK_UV_RESPONSE_UP,-0.11652974711394332,0.2971433230063361,0.0049751243781094,0.4829857620156783,0.06075243574602636,-0.08254806737660117,0.006297504628640694,0.01630960501075021,0.0049751243781094,0.043761595877355286,-0.033981679737342146,0.016990839868671073,0.016990839868671073,Her2,Strengthened
HALLMARK_APICAL_SURFACE,HALLMARK_WNT_BETA_CATENIN_SIGNALING,0.3550698242559163,0.001063045059664802,0.0,0.009731893340418933,0.17753491212795816,-0.010867261187605995,0.7195639372602773,0.7840377628777435,0.0,0.005433630593802997,0.3659370854435223,0.17210128153415516,0.17210128153415516,Her2,Strengthened
HALLMARK_APICAL_SURFACE,HALLMARK_XENOBIOTIC_METABOLISM,-0.3768079055831957,0.000484272363586919,0.0,0.005932336453939758,0.18840395279159786,-0.013869602461184169,0.646777145744475,0.7228271237329185,0.0,0.0069348012305920845,-0.36293830312201153,0.18146915156100576,0.18146915156100576,Her2,Strengthened
HALLMARK_APOPTOSIS,HALLMARK_BILE_ACID_METABOLISM,-0.06629216289019703,0.5540268599841434,0.0111111111111111,0.7227719951869815,0.038701637000654064,0.13959519317091829,3.575656134530551e-06,2.1791934153233458e-05,0.0111111111111111,0.07535315214101469,-0.2058873560611153,-0.03665151514036063,0.03665151514036063,Her2,Weakened
HALLMARK_APOPTOSIS,HALLMARK_CHOLESTEROL_HOMEOSTASIS,0.07870049134975976,0.4821718457200139,0.0352422907488986,0.6622145965981636,0.056971391049329176,-0.06589657288001971,0.029298192552278123,0.06021523061174156,0.0352422907488986,0.05056943181445915,0.14459706422977947,0.006401959234870025,0.006401959234870025,Her2,Strengthened
HALLMARK_APOPTOSIS,HALLMARK_COAGULATION,-0.07640266912060194,0.49509196465032973,0.0310344827586206,0.6746247571709164,0.05371857593961127,-0.011604229811033347,0.7014292718028667,0.7706285721601002,0.0310344827586206,0.021319356284826972,-0.06479843930956859,0.032399219654784296,0.032399219654784296,Her2,Strengthened
HALLMARK_APOPTOSIS,HALLMARK_COMPLEMENT,0.37045557156334397,0.0006128345481392889,0.0403458213256484,0.006843405797000138,0.20540069644449618,0.06208228121174593,0.040068093284956356,0.07791018138741515,0.0403458213256484,0.051214051268697165,0.30837329035159805,0.15418664517579903,0.15418664517579903,Her2,Strengthened
HALLMARK_APOPTOSIS,HALLMARK_DNA_REPAIR,0.33152604177896206,0.002345836711277301,0.0064724919093851,0.018187658046295532,0.16899926684417357,0.19069545779988809,2.0359190828244447e-10,2.35283101552825e-09,0.0064724919093851,0.09858397485463659,0.14083058397907397,0.07041529198953698,0.07041529198953698,Her2,Strengthened
HALLMARK_APOPTOSIS,HALLMARK_E2F_TARGETS,-0.3305375699819094,0.002421916161496671,0.019774011299435,0.018593270402401448,0.17515579064067222,-0.08015313516864717,0.007993213668548152,0.020064931852400585,0.019774011299435,0.04996357323404108,-0.2503844348132622,0.12519221740663114,0.12519221740663114,Her2,Strengthened
HALLMARK_APOPTOSIS,HALLMARK_EPITHELIAL_MESENCHYMAL_TRANSITION,-0.19719863477002145,0.07576965540003011,0.0524781341107871,0.20319986916215882,0.12483838444040427,0.06942332539477292,0.021654790351736595,0.04695065164757049,0.0524781341107871,0.06095072975278001,-0.26662196016479434,0.06388765468762425,0.06388765468762425,Her2,Strengthened
HALLMARK_APOPTOSIS,HALLMARK_ESTROGEN_RESPONSE_EARLY,0.2973846447278647,0.006662310728114077,0.0169014084507042,0.03878409732904072,0.15714302658928445,0.07495039192193775,0.013149705448728127,0.030977671489792222,0.0169014084507042,0.04592590018632098,0.22243425280592694,0.11121712640296347,0.11121712640296347,Her2,Strengthened
HALLMARK_APOPTOSIS,HALLMARK_ESTROGEN_RESPONSE_LATE,-0.15015539410814363,0.178144999449973,0.0255681818181818,0.33938977344668264,0.08786178796316271,-0.0056337906430371665,0.852342928623267,0.8916482387391136,0.0255681818181818,0.015600986230609484,-0.14452160346510645,0.07226080173255323,0.07226080173255323,Her2,Strengthened
HALLMARK_APOPTOSIS,HALLMARK_FATTY_ACID_METABOLISM,0.22649346999631514,0.04073945052092993,0.0063091482649842,0.13654471427574802,0.11640130913064967,0.06788920075485992,0.02473574028252027,0.05278968962732984,0.0063091482649842,0.03709917450992206,0.1586042692414552,0.0793021346207276,0.0793021346207276,Her2,Strengthened
HALLMARK_APOPTOSIS,HALLMARK_G2M_CHECKPOINT,0.16409748351663092,0.1407079160651925,0.011204481792717,0.29464478150403556,0.08765098265467396,0.05628184541538387,0.06275733761079172,0.11206667430498521,0.011204481792717,0.033743163604050434,0.10781563810124706,0.05390781905062352,0.05390781905062352,Her2,Strengthened
HALLMARK_APOPTOSIS,HALLMARK_GLYCOLYSIS,0.23382657728100237,0.034490643312365975,0.0255681818181818,0.12390333741245842,0.1296973795495921,0.11479568020781403,0.00014169583543118626,0.0006090435031691339,0.0255681818181818,0.07018193101299791,0.11903089707318834,0.059515448536594184,0.059515448536594184,Her2,Strengthened
HALLMARK_APOPTOSIS,HALLMARK_HEDGEHOG_SIGNALING,-0.06852357292625515,0.5407355918842826,0.0,0.7130259419356794,0.03426178646312757,-0.08352969717234233,0.005701453877427667,0.015019959139459985,0.0,0.04176484858617117,0.015006124246087188,-0.007503062123043594,0.007503062123043594,Her2,Weakened
HALLMARK_APOPTOSIS,HALLMARK_HEME_METABOLISM,-0.28371085497033444,0.009795149149024542,0.0140449438202247,0.050628935474915884,0.14887789939527957,-0.021189744356710265,0.48383838495011,0.5810804132979263,0.0140449438202247,0.017617344088467483,-0.26252111061362415,0.13126055530681208,0.13126055530681208,Her2,Strengthened
HALLMARK_APOPTOSIS,HALLMARK_HYPOXIA,-0.15831870704747966,0.15543174167910884,0.0433526011560693,0.31306029357437004,0.10083565410177447,-0.16290474829820886,6.018304414023168e-08,4.695810768903427e-07,0.0433526011560693,0.10312867472713907,0.0045860412507292,-0.0022930206253646,0.0022930206253646,Her2,Weakened
HALLMARK_APOPTOSIS,HALLMARK_IL2_STAT5_SIGNALING,-0.15741012811677418,0.15784743059559306,0.0374639769452449,0.3159527818294142,0.09743705253100954,-0.04595966863793456,0.12870917852979394,0.20239890076893144,0.0374639769452449,0.041711822791589734,-0.11145045947883962,0.055725229739419804,0.055725229739419804,Her2,Strengthened
HALLMARK_APOPTOSIS,HALLMARK_IL6_JAK_STAT3_SIGNALING,0.05517968983124377,0.6224522885720842,0.0508474576271186,0.7664841838623333,0.05301357372918118,0.18551815941487065,6.294659276478708e-10,6.647377253177946e-09,0.0508474576271186,0.11818280852099462,-0.13033846958362688,-0.06516923479181344,0.06516923479181344,Her2,Weakened
HALLMARK_APOPTOSIS,HALLMARK_INFLAMMATORY_RESPONSE,-0.10141919830110203,0.36460170642982,0.0463768115942029,0.550723909218902,0.07389800494765247,-0.06531280143234451,0.03076479120646405,0.06260277280385126,0.0463768115942029,0.055844806513273705,-0.03610639686875752,0.01805319843437877,0.01805319843437877,Her2,Strengthened
HALLMARK_APOPTOSIS,HALLMARK_INTERFERON_ALPHA_RESPONSE,0.15269863870017836,0.17082312296336544,0.0278884462151394,0.3316296761174686,0.09029354245765887,-0.008261403931667953,0.7848964519604149,0.8353589519126917,0.0278884462151394,0.018074925073403678,0.16096004263184632,0.0722186173842552,0.0722186173842552,Her2,Strengthened
HALLMARK_APOPTOSIS,HALLMARK_INTERFERON_GAMMA_RESPONSE,-0.14908772174297968,0.18128612749991818,0.0524781341107871,0.3432388039990723,0.1007829279268834,0.006627757866878996,0.8266739363901713,0.8729961828258274,0.0524781341107871,0.029552945988833047,-0.15571547960985868,0.07122998193805036,0.07122998193805036,Her2,Strengthened
HALLMARK_APOPTOSIS,HALLMARK_KRAS_SIGNALING_DN,0.3017589596273865,0.005866842716616568,0.0083798882681564,0.03471923829881785,0.15506942394777146,0.041227765692152044,0.17299080277755396,0.2581166058495781,0.0083798882681564,0.024803826980154223,0.2605311939352345,0.13026559696761725,0.13026559696761725,Her2,Strengthened
HALLMARK_APOPTOSIS,HALLMARK_KRAS_SIGNALING_UP,-0.08204114483691634,0.46371364786186386,0.0255681818181818,0.6495955297371634,0.05380466332754907,-0.0646179200300173,0.03259218195229524,0.06545151293698635,0.0255681818181818,0.04509305092409955,-0.017423224806899035,0.008711612403449517,0.008711612403449517,Her2,Strengthened
HALLMARK_APOPTOSIS,HALLMARK_MITOTIC_SPINDLE,0.06492723305031596,0.5622335768766147,0.0198300283286118,0.7284196807439264,0.04237863068946388,0.059481997050392435,0.04919479503106197,0.09172545496659196,0.0198300283286118,0.03965601268950212,0.005445235999923526,0.002722617999961763,0.002722617999961763,Her2,Strengthened
HALLMARK_APOPTOSIS,HALLMARK_MTORC1_SIGNALING,-0.27827757730978175,0.01135952756734003,0.0284900284900284,0.055916830943312484,0.15338380289990508,-0.09810782718940621,0.001157652769546233,0.003791777119503036,0.0284900284900284,0.0632989278397173,-0.18016975012037556,0.09008487506018778,0.09008487506018778,Her2,Strengthened
HALLMARK_APOPTOSIS,HALLMARK_MYC_TARGETS_V1,-0.23016211507063822,0.03750473788399411,0.0055710306406685,0.13015100257193424,0.11786657285565336,0.0335995470281226,0.2668393615654094,0.3631366759458106,0.0055710306406685,0.019585288834395552,-0.26376166209876084,0.0982812840212578,0.0982812840212578,Her2,Strengthened
HALLMARK_APOPTOSIS,HALLMARK_MYC_TARGETS_V2,-0.07026732433219449,0.5304590639722984,0.0,0.7024998414768276,0.03513366216609724,-0.17537094851461912,5.245534309797799e-09,5.059668920867956e-08,0.0,0.08768547425730956,0.10510362418242464,-0.05255181209121232,0.05255181209121232,Her2,Weakened
HALLMARK_APOPTOSIS,HALLMARK_MYOGENESIS,0.10275737507138945,0.3582747940888168,0.0255681818181818,0.5457863474056491,0.06416277844478563,-0.013124437812600285,0.6645629572748117,0.7380685608899767,0.0255681818181818,0.019346309815391042,0.11588181288398973,0.04481646862939459,0.04481646862939459,Her2,Strengthened
HALLMARK_APOPTOSIS,HALLMARK_NOTCH_SIGNALING,-0.126196531578948,0.2585865874124582,0.0104712041884816,0.44427569366095554,0.0683338678837148,0.0678220998587071,0.024878744475995095,0.05298854024077893,0.0104712041884816,0.03914665202359435,-0.1940186314376551,0.02918721586012045,0.02918721586012045,Her2,Strengthened
HALLMARK_APOPTOSIS,HALLMARK_OXIDATIVE_PHOSPHORYLATION,-0.3426442098913028,0.0016264944580295737,0.0169014084507042,0.013646956925248135,0.1797728091710035,0.027696015783298358,0.3600905205454348,0.4614130624143908,0.0169014084507042,0.02229871211700128,-0.3703402256746011,0.15747409705400223,0.15747409705400223,Her2,Strengthened
HALLMARK_APOPTOSIS,HALLMARK_P53_PATHWAY,0.546636996532083,1.0790846186153212e-07,0.0617647058823529,7.3437703211320475e-06,0.30420085120721796,0.10273565297405828,0.0006660777801901015,0.0023446703469335466,0.0617647058823529,0.08225017942820559,0.4439013435580247,0.22195067177901237,0.22195067177901237,Her2,Strengthened
HALLMARK_APOPTOSIS,HALLMARK_PANCREAS_BETA_CELLS,0.10974217448353865,0.32636105677444294,0.0,0.5146665005486786,0.054871087241769326,-0.012134438814598624,0.688485918921473,0.7605006768970284,0.0,0.006067219407299312,0.12187661329813727,0.048803867834470015,0.048803867834470015,Her2,Strengthened
HALLMARK_APOPTOSIS,HALLMARK_PEROXISOME,-0.028394588928994602,0.8000923106794268,0.0231660231660231,0.8877835874839654,0.02578030604750885,-0.08476201052679723,0.0050253353853966,0.013495585351881816,0.0231660231660231,0.05396401684641017,0.05636742159780263,-0.028183710798901317,0.028183710798901317,Her2,Weakened
HALLMARK_APOPTOSIS,HALLMARK_PI3K_AKT_MTOR_SIGNALING,0.49579274122893596,2.1775889660464887e-06,0.023076923076923,9.198436149679133e-05,0.2594348321529295,0.13696420264900552,5.455951927309877e-06,3.1526137315823584e-05,0.023076923076923,0.08002056286296426,0.35882853857993047,0.17941426928996523,0.17941426928996523,Her2,Strengthened
HALLMARK_APOPTOSIS,HALLMARK_PROTEIN_SECRETION,-0.10814759067210501,0.33348206716238016,0.0198412698412698,0.5198148280798278,0.06399443025668741,0.02390014147187087,0.42968996357572564,0.5300807707756938,0.0198412698412698,0.021870705656570334,-0.1320477321439759,0.04212372460011708,0.04212372460011708,Her2,Strengthened
HALLMARK_APOPTOSIS,HALLMARK_REACTIVE_OXYGEN_SPECIES_PATHWAY,0.18195924607803543,0.10181759087804347,0.024390243902439,0.24450906148591076,0.10317474499023721,0.1780866677257354,3.0095925897226524e-09,2.973186227750201e-08,0.024390243902439,0.10123845581408719,0.003872578352300038,0.001936289176150019,0.001936289176150019,Her2,Strengthened
HALLMARK_APOPTOSIS,HALLMARK_SPERMATOGENESIS,0.004381955450347257,0.968833539762267,0.0068027210884353,0.9824677865966699,0.005592338269391279,-0.07785242963726172,0.00999540962036006,0.02424629066324965,0.0068027210884353,0.04232757536284851,0.08223438508760897,-0.03673523709345723,0.03673523709345723,Her2,Weakened
HALLMARK_APOPTOSIS,HALLMARK_TGF_BETA_SIGNALING,0.3208903606684126,0.0032892229815982945,0.0238095238095238,0.02371476602957435,0.17234994223896818,0.0928777880384928,0.002104092255184575,0.006286617103905132,0.0238095238095238,0.058343655924008295,0.2280125726299198,0.11400628631495989,0.11400628631495989,Her2,Strengthened
HALLMARK_APOPTOSIS,HALLMARK_TNFA_SIGNALING_VIA_NFKB,0.2781803996578272,0.011389382096236337,0.0873493975903614,0.055916830943312484,0.18276489862409429,0.32662020302573014,1.3033936120218618e-28,5.505714395609589e-27,0.0873493975903614,0.20698480030804578,-0.048439803367902934,-0.024219901683951495,0.024219901683951495,Her2,Weakened
HALLMARK_APOPTOSIS,HALLMARK_UNFOLDED_PROTEIN_RESPONSE,0.4000218176768257,0.0001964971640852171,0.0073529411764705,0.0029717163704245796,0.2036873794266481,0.027441558663615192,0.36452256560958646,0.4666041200331697,0.0073529411764705,0.017397249920042844,0.3725802590132105,0.18629012950660526,0.18629012950660526,Her2,Strengthened
HALLMARK_APOPTOSIS,HALLMARK_UV_RESPONSE_DN,0.1285677453125248,0.24967376314301956,0.023489932885906,0.43260305495077644,0.0760288390992154,0.03628293033286958,0.2304870610621083,0.32432064292211926,0.023489932885906,0.029886431609387788,0.09228481497965521,0.04614240748982761,0.04614240748982761,Her2,Strengthened
HALLMARK_APOPTOSIS,HALLMARK_UV_RESPONSE_UP,0.011486304528965978,0.9184237298840344,0.0668896321070234,0.9583211832265266,0.03918796831799469,-0.025234329815473147,0.4043818605066703,0.5059936456799501,0.0668896321070234,0.04606198096124827,0.036720634344439125,-0.006874012643253581,0.006874012643253581,Her2,Weakened
HALLMARK_APOPTOSIS,HALLMARK_WNT_BETA_CATENIN_SIGNALING,0.20270357373777498,0.06779154601263337,0.0201005025125628,0.1868243382703114,0.11140203812516888,0.008683186425749972,0.7742047445056081,0.8254141096774325,0.0201005025125628,0.014391844469156386,0.194020387312025,0.0970101936560125,0.0970101936560125,Her2,Strengthened
HALLMARK_APOPTOSIS,HALLMARK_XENOBIOTIC_METABOLISM,-0.0642382032827905,0.5663981710449468,0.019774011299435,0.7284196807439264,0.042006107291112746,-0.01384761804965419,0.6472990650898053,0.7228271237329185,0.019774011299435,0.016810814674544594,-0.050390585233136304,0.025195292616568152,0.025195292616568152,Her2,Strengthened
HALLMARK_BILE_ACID_METABOLISM,HALLMARK_CHOLESTEROL_HOMEOSTASIS,0.016885847981250333,0.8803140317188086,0.0163934426229508,0.9328587273836856,0.01663964530210057,0.09185194195149717,0.00235776647356998,0.006942942139719291,0.0163934426229508,0.05412269228722398,-0.07496609397024684,-0.03748304698512341,0.03748304698512341,Her2,Weakened
HALLMARK_BILE_ACID_METABOLISM,HALLMARK_COAGULATION,0.2779603273304975,0.01145724454430321,0.0040160642570281,0.055916830943312484,0.14098819579376282,0.097334875540915,0.0012668191289756114,0.004083824823671379,0.0040160642570281,0.05067546989897155,0.18062545178958253,0.09031272589479127,0.09031272589479127,Her2,Strengthened
HALLMARK_BILE_ACID_METABOLISM,HALLMARK_COMPLEMENT,-0.0440353404834686,0.694448053418728,0.0032154340836012,0.8132210910991572,0.023625387283534898,-0.13742431328499133,5.0701298903743045e-06,2.957575769385011e-05,0.0032154340836012,0.07031987368429626,0.09338897280152272,-0.04669448640076136,0.04669448640076136,Her2,Weakened
HALLMARK_BILE_ACID_METABOLISM,HALLMARK_DNA_REPAIR,0.0019807368637347732,0.9859093004583465,0.0,0.9923902161556897,0.0009903684318673866,0.05607334884416464,0.06373884812394641,0.11348850138348017,0.0,0.02803667442208232,-0.05409261198042987,-0.027046305990214934,0.027046305990214934,Her2,Weakened
HALLMARK_BILE_ACID_METABOLISM,HALLMARK_E2F_TARGETS,0.18028510810373916,0.10506075578027649,0.0,0.24872968964644965,0.09014255405186958,0.09002342593766265,0.0028802812872321813,0.008321567398253354,0.0,0.04501171296883132,0.09026168216607651,0.045130841083038255,0.045130841083038255,Her2,Strengthened
HALLMARK_BILE_ACID_METABOLISM,HALLMARK_EPITHELIAL_MESENCHYMAL_TRANSITION,-0.17271642246168842,0.12073656512473675,0.0,0.2684252128453766,0.08635821123084421,-0.05220052698666814,0.08438874472202122,0.1454611168056385,0.0,0.02610026349333407,-0.12051589547502028,0.06025794773751014,0.06025794773751014,Her2,Strengthened
HALLMARK_BILE_ACID_METABOLISM,HALLMARK_ESTROGEN_RESPONSE_EARLY,-0.04437102152942453,0.6922353270100636,0.01628664495114,0.8130280686359808,0.030328833240282266,0.12341189162850978,4.2597482126219596e-05,0.000209544350416868,0.01628664495114,0.06984926828982489,-0.1677829131579343,-0.03952043504954263,0.03952043504954263,Her2,Weakened
HALLMARK_BILE_ACID_METABOLISM,HALLMARK_ESTROGEN_RESPONSE_LATE,0.16710579848386767,0.13347212024710028,0.01628664495114,0.28484903711271403,0.09169622171750383,-0.08502006142263083,0.004893271676208199,0.013174192974406689,0.01628664495114,0.050653353186885415,0.2521258599064985,0.041042868530618414,0.041042868530618414,Her2,Strengthened
HALLMARK_BILE_ACID_METABOLISM,HALLMARK_FATTY_ACID_METABOLISM,-0.059289145124758594,0.5967294012523741,0.0424710424710424,0.7497369400350341,0.0508800937979005,-0.08699128148448021,0.003983495739398214,0.011141055435531533,0.0424710424710424,0.0647311619777613,0.027702136359721616,-0.013851068179860801,0.013851068179860801,Her2,Weakened
HALLMARK_BILE_ACID_METABOLISM,HALLMARK_G2M_CHECKPOINT,-0.07546354244931389,0.5004242084318413,0.0,0.6796226777483433,0.03773177122465694,-0.09088592023491623,0.00262190835983611,0.0076654838682559305,0.0,0.04544296011745812,0.015422377785602348,-0.007711188892801174,0.007711188892801174,Her2,Weakened
HALLMARK_BILE_ACID_METABOLISM,HALLMARK_GLYCOLYSIS,0.015094427611858783,0.892932010107533,0.0097087378640776,0.9421547910264667,0.012401582737968191,0.03800199625435953,0.20913110347593203,0.3010406601151783,0.0097087378640776,0.023855367059218563,-0.022907568642500747,-0.011453784321250372,0.011453784321250372,Her2,Weakened
HALLMARK_BILE_ACID_METABOLISM,HALLMARK_HEDGEHOG_SIGNALING,0.12659807283193095,0.25706227038128837,0.0,0.4433121514908985,0.06329903641596547,-0.06892695703190252,0.022612969604065253,0.04860223241425914,0.0,0.03446347851595126,0.19552502986383347,0.028835557900014214,0.028835557900014214,Her2,Strengthened
HALLMARK_BILE_ACID_METABOLISM,HALLMARK_HEME_METABOLISM,0.20994032664927584,0.05834981399527368,0.0129870129870129,0.17223740275713315,0.11146366981814437,0.13802258696047767,4.6073373646267785e-06,2.7531650105696602e-05,0.0129870129870129,0.07550479997374529,0.07191773968879817,0.03595886984439908,0.03595886984439908,Her2,Strengthened
HALLMARK_BILE_ACID_METABOLISM,HALLMARK_HYPOXIA,0.2278864759672987,0.03948490256821261,0.0064516129032258,0.1336160376962996,0.11716904443526224,-0.0442312745201607,0.14373514220497563,0.22201246345324743,0.0064516129032258,0.02534144371169325,0.2721177504874594,0.09182760072356899,0.09182760072356899,Her2,Strengthened
HALLMARK_BILE_ACID_METABOLISM,HALLMARK_IL2_STAT5_SIGNALING,-0.01120353063241225,0.9204253746665056,0.0032258064516129,0.959592411886357,0.007214668542012576,0.14212237766120198,2.365479143893165e-06,1.4860061288559627e-05,0.0032258064516129,0.07267409205640744,-0.15332590829361423,-0.06545942351439486,0.06545942351439486,Her2,Weakened
HALLMARK_BILE_ACID_METABOLISM,HALLMARK_IL6_JAK_STAT3_SIGNALING,-0.05774434406156362,0.60634333141039,0.0,0.7556160538939245,0.02887217203078181,-0.0238062914020319,0.43150412934092397,0.5316517959920487,0.0,0.01190314570101595,-0.03393805265953172,0.01696902632976586,0.01696902632976586,Her2,Strengthened
HALLMARK_BILE_ACID_METABOLISM,HALLMARK_INFLAMMATORY_RESPONSE,-0.09101681594216605,0.4160866285414092,0.0097087378640776,0.6010495451732953,0.050362776903121825,0.0023259735652033206,0.9387466208813674,0.9583038421497292,0.0097087378640776,0.00601735571464046,-0.09334278950736938,0.044345421188481365,0.044345421188481365,Her2,Strengthened
HALLMARK_BILE_ACID_METABOLISM,HALLMARK_INTERFERON_ALPHA_RESPONSE,-0.012413570687711742,0.9118636025837035,0.0,0.9555456913302282,0.006206785343855871,0.049328133826774985,0.10295602729995149,0.17043396411140616,0.0,0.024664066913387492,-0.061741704514486725,-0.018457281569531622,0.018457281569531622,Her2,Weakened
HALLMARK_BILE_ACID_METABOLISM,HALLMARK_INTERFERON_GAMMA_RESPONSE,-0.004134778357050782,0.9705907709915432,0.0032154340836012,0.9826877768165474,0.003675106220325991,-0.05215433858304154,0.08466430716932265,0.1454611168056385,0.0032154340836012,0.02768488633332137,0.04801956022599076,-0.02400978011299538,0.02400978011299538,Her2,Weakened
HALLMARK_BILE_ACID_METABOLISM,HALLMARK_KRAS_SIGNALING_DN,0.29353575706117985,0.0074393829844270915,0.0097087378640776,0.04142383707237813,0.15162224746262873,-0.0008490172373876133,0.977622498560343,0.9840489406215449,0.0097087378640776,0.005278877550732607,0.29438477429856746,0.14634336991189612,0.14634336991189612,Her2,Strengthened
HALLMARK_BILE_ACID_METABOLISM,HALLMARK_KRAS_SIGNALING_UP,-0.07995524702247181,0.47519332994777663,0.0097087378640776,0.6598738155421505,0.0448319924432747,-0.037933307198114476,0.20995598954790662,0.30187334177956054,0.0097087378640776,0.02382102253109604,-0.042021939824357334,0.021010969912178663,0.021010969912178663,Her2,Strengthened
HALLMARK_BILE_ACID_METABOLISM,HALLMARK_MITOTIC_SPINDLE,-0.050429469056530625,0.652757925120128,0.0,0.7833924393411604,0.025214734528265313,0.013895845608770331,0.6461543493280808,0.7228271237329185,0.0,0.006947922804385166,-0.06432531466530096,0.018266811723880148,0.018266811723880148,Her2,Strengthened
HALLMARK_BILE_ACID_METABOLISM,HALLMARK_MTORC1_SIGNALING,-0.11669028704923842,0.29647372120752813,0.0196078431372549,0.4829857620156783,0.06814906509324667,-0.11106975874355214,0.00023241092000914716,0.000945858395386064,0.0196078431372549,0.06533880094040352,-0.0056205283056862815,0.0028102641528431477,0.0028102641528431477,Her2,Strengthened
HALLMARK_BILE_ACID_METABOLISM,HALLMARK_MYC_TARGETS_V1,-0.2849863151973498,0.009456459103638709,0.0,0.049294308093435824,0.1424931575986749,-0.14961193782280602,6.665635330529913e-07,4.390001763386637e-06,0.0,0.07480596891140301,-0.13537437737454378,0.06768718868727189,0.06768718868727189,Her2,Strengthened
HALLMARK_BILE_ACID_METABOLISM,HALLMARK_MYC_TARGETS_V2,-0.048010415824766825,0.6684140405023433,0.0,0.7937006669933659,0.024005207912383413,-0.0451506291033964,0.13558351187150694,0.21151549063939976,0.0,0.0225753145516982,-0.0028597867213704248,0.0014298933606852124,0.0014298933606852124,Her2,Strengthened
HALLMARK_BILE_ACID_METABOLISM,HALLMARK_MYOGENESIS,-0.09160603930747223,0.41306253858152836,0.0064516129032258,0.6002391574879861,0.04902882610534901,0.04657356396236278,0.12367587006694568,0.1959934551513693,0.0064516129032258,0.02651258843279429,-0.138179603269835,0.02251623767255472,0.02251623767255472,Her2,Strengthened
HALLMARK_BILE_ACID_METABOLISM,HALLMARK_NOTCH_SIGNALING,0.15181427570578288,0.17334365017563672,0.0,0.3345168017998556,0.07590713785289144,0.017198752547454947,0.5698638757636267,0.6579483956743098,0.0,0.008599376273727474,0.13461552315832792,0.06730776157916396,0.06730776157916396,Her2,Strengthened
HALLMARK_BILE_ACID_METABOLISM,HALLMARK_OXIDATIVE_PHOSPHORYLATION,-0.00412576305584184,0.9706548652636917,0.0129870129870129,0.9826877768165474,0.00855638802142737,0.06273748980517882,0.03800911811307306,0.0744978715016232,0.0129870129870129,0.03786225139609586,-0.06686325286102066,-0.029305863374668485,0.029305863374668485,Her2,Weakened
HALLMARK_BILE_ACID_METABOLISM,HALLMARK_P53_PATHWAY,-0.026845181700964782,0.8107918351329712,0.0097087378640776,0.8947927910251259,0.01827695978252119,-0.023686289552618336,0.4338302680629297,0.5331801263368966,0.0097087378640776,0.016697513708347968,-0.003158892148346446,0.0015794460741732214,0.0015794460741732214,Her2,Strengthened
HALLMARK_BILE_ACID_METABOLISM,HALLMARK_PANCREAS_BETA_CELLS,0.1330767122677943,0.23331202730530803,0.0,0.41182598479683336,0.06653835613389715,0.05216109804247674,0.08462393452964793,0.1454611168056385,0.0,0.02608054902123837,0.08091561422531757,0.040457807112658783,0.040457807112658783,Her2,Strengthened
HALLMARK_BILE_ACID_METABOLISM,HALLMARK_PEROXISOME,0.7243724353254772,1.4539516352405534e-14,0.2203389830508474,4.452726882924194e-12,0.47235570918816233,0.7135611622203031,5.991319842674463e-171,1.8348417018190544e-168,0.2203389830508474,0.46695007263557525,0.010811273105174157,0.005405636552587079,0.005405636552587079,Her2,Strengthened
HALLMARK_BILE_ACID_METABOLISM,HALLMARK_PI3K_AKT_MTOR_SIGNALING,0.04230533110755995,0.70589203837375,0.0046296296296296,0.8205069031318557,0.023467480368594775,-0.05047178333017218,0.09520795649711922,0.1595482171121355,0.0046296296296296,0.02755070647990089,0.09277711443773212,-0.004083226111306116,0.004083226111306116,Her2,Weakened
HALLMARK_BILE_ACID_METABOLISM,HALLMARK_PROTEIN_SECRETION,0.024457604654556184,0.8273468370585254,0.0097087378640776,0.900088699286584,0.017083171259316892,0.15299819413395185,3.6821344542063814e-07,2.5340532058442792e-06,0.0097087378640776,0.08135346599901473,-0.12854058947939567,-0.06427029473969784,0.06427029473969784,Her2,Weakened
HALLMARK_BILE_ACID_METABOLISM,HALLMARK_REACTIVE_OXYGEN_SPECIES_PATHWAY,-0.16817757684395587,0.13096363525754887,0.0189873417721519,0.28096401609544197,0.09358245930805388,0.02780892139774484,0.3581348382200815,0.4602556041627885,0.0189873417721519,0.02339813158494837,-0.19598649824170072,0.07018432772310551,0.07018432772310551,Her2,Strengthened
HALLMARK_BILE_ACID_METABOLISM,HALLMARK_SPERMATOGENESIS,0.07318961633678259,0.5134579914285229,0.0,0.691953838833818,0.03659480816839129,0.05104885790252418,0.09147932337180761,0.1541432890377776,0.0,0.02552442895126209,0.022140758434258404,0.011070379217129202,0.011070379217129202,Her2,Strengthened
HALLMARK_BILE_ACID_METABOLISM,HALLMARK_TGF_BETA_SIGNALING,-0.1419536079533549,0.20331490585706016,0.006060606060606,0.37228813105366027,0.07400710700698045,-0.10600903172511464,0.0004443930197810242,0.0016397031603366107,0.006060606060606,0.05603481889286032,-0.035944576228240266,0.017972288114120126,0.017972288114120126,Her2,Strengthened
HALLMARK_BILE_ACID_METABOLISM,HALLMARK_TNFA_SIGNALING_VIA_NFKB,0.12523810518648557,0.26224973719813055,0.0032154340836012,0.44868146378171775,0.06422676963504338,-0.01510294488373999,0.6177812016905954,0.6981383506189847,0.0032154340836012,0.009159189483670595,0.14034105007022554,0.05506758015137279,0.05506758015137279,Her2,Strengthened
HALLMARK_BILE_ACID_METABOLISM,HALLMARK_UNFOLDED_PROTEIN_RESPONSE,0.27560152561091267,0.012207015335313149,0.0,0.05870217686637315,0.13780076280545633,0.016187353800592164,0.5927670358016349,0.6748509468931253,0.0,0.008093676900296082,0.2594141718103205,0.12970708590516025,0.12970708590516025,Her2,Strengthened
HALLMARK_BILE_ACID_METABOLISM,HALLMARK_UV_RESPONSE_DN,-0.09075093240920343,0.4174554183709801,0.0118577075098814,0.6016269264758243,0.05130431995954241,-0.022207384490280476,0.4630859273394825,0.5622202784845055,0.0118577075098814,0.017032546000080938,-0.06854354791892295,0.034271773959461474,0.034271773959461474,Her2,Strengthened
HALLMARK_BILE_ACID_METABOLISM,HALLMARK_UV_RESPONSE_UP,-0.2392844455845672,0.030379532118376726,0.0,0.11349044936366876,0.1196422227922836,0.052607544778878135,0.08199166572573331,0.14246778796315362,0.0,0.026303772389439067,-0.2918919903634454,0.09333845040284454,0.09333845040284454,Her2,Strengthened
HALLMARK_BILE_ACID_METABOLISM,HALLMARK_WNT_BETA_CATENIN_SIGNALING,0.14055336230371568,0.20785401646600596,0.0,0.37665853575570607,0.07027668115185784,0.030717651350524625,0.31006532818801064,0.4106270562489871,0.0,0.015358825675262313,0.10983571095319106,0.05491785547659553,0.05491785547659553,Her2,Strengthened
HALLMARK_BILE_ACID_METABOLISM,HALLMARK_XENOBIOTIC_METABOLISM,0.08883303759915155,0.4274057381128529,0.04,0.6130820013913872,0.06441651879957577,0.04511554415846093,0.13588791112914908,0.21151549063939976,0.04,0.04255777207923046,0.04371749344069062,0.02185874672034531,0.02185874672034531,Her2,Strengthened
HALLMARK_CHOLESTEROL_HOMEOSTASIS,HALLMARK_COAGULATION,-0.2550009578560728,0.02077514647842419,0.0143540669856459,0.08898445607017355,0.13467751242085935,-0.096426840459959,0.001407153030225786,0.004454166568544154,0.0143540669856459,0.05539045372280245,-0.1585741173961138,0.0792870586980569,0.0792870586980569,Her2,Strengthened
HALLMARK_CHOLESTEROL_HOMEOSTASIS,HALLMARK_COMPLEMENT,0.12953241843162724,0.2461087785162272,0.0223880597014925,0.42885242344577285,0.07596023906655987,-0.029328934998817353,0.3324585312114427,0.4351086546303604,0.0223880597014925,0.025858497350154927,0.1588613534304446,0.05010174171640494,0.05010174171640494,Her2,Strengthened
HALLMARK_CHOLESTEROL_HOMEOSTASIS,HALLMARK_DNA_REPAIR,0.19652786576220588,0.07679113447708412,0.0,0.20382185807645056,0.09826393288110294,0.19107892853923608,1.870249937511079e-10,2.1819582604295924e-09,0.0,0.09553946426961804,0.005448937222969796,0.002724468611484898,0.002724468611484898,Her2,Strengthened
HALLMARK_CHOLESTEROL_HOMEOSTASIS,HALLMARK_E2F_TARGETS,-0.07182015725161013,0.5213903232013808,0.0,0.6965821869821768,0.035910078625805066,-0.09959236480605553,0.0009719522405431573,0.0032831541100322706,0.0,0.049796182403027765,0.0277722075544454,-0.0138861037772227,0.0138861037772227,Her2,Weakened
HALLMARK_CHOLESTEROL_HOMEOSTASIS,HALLMARK_EPITHELIAL_MESENCHYMAL_TRANSITION,0.2780171216303793,0.01143969758873718,0.0073529411764705,0.055916830943312484,0.1426850314034249,0.1227403014773136,4.6917083302552375e-05,0.0002253859884142222,0.0073529411764705,0.06504662132689205,0.15527682015306568,0.07763841007653284,0.07763841007653284,Her2,Strengthened
HALLMARK_CHOLESTEROL_HOMEOSTASIS,HALLMARK_ESTROGEN_RESPONSE_EARLY,-0.05831473660636826,0.6027856306452933,0.0148148148148148,0.7545275450711348,0.03656477571059153,-0.08421561322423134,0.005315643986025721,0.014064068861515138,0.0148148148148148,0.049515214019523066,0.025900876617863076,-0.012950438308931535,0.012950438308931535,Her2,Weakened
HALLMARK_CHOLESTEROL_HOMEOSTASIS,HALLMARK_ESTROGEN_RESPONSE_LATE,0.2264312871882201,0.04079621667340716,0.0185873605947955,0.13654471427574802,0.12250932389150779,0.042827754639128,0.15689650917213493,0.23875555743585752,0.0185873605947955,0.030707557616961752,0.1836035325490921,0.09180176627454603,0.09180176627454603,Her2,Strengthened
HALLMARK_CHOLESTEROL_HOMEOSTASIS,HALLMARK_FATTY_ACID_METABOLISM,0.22658134920773162,0.04065933835415197,0.0311111111111111,0.13654471427574802,0.12884623015942137,0.10295112117335176,0.0006487958290712197,0.002290417552196669,0.0311111111111111,0.06703111614223142,0.12363022803437987,0.06181511401718995,0.06181511401718995,Her2,Strengthened
HALLMARK_CHOLESTEROL_HOMEOSTASIS,HALLMARK_G2M_CHECKPOINT,0.19031137983526145,0.08679057711276247,0.0073529411764705,0.219666233394905,0.09883216050586598,0.10351802452684802,0.0006052955587082973,0.002153719350700043,0.0073529411764705,0.055435482851659265,0.08679335530841342,0.04339667765420671,0.04339667765420671,Her2,Strengthened
HALLMARK_CHOLESTEROL_HOMEOSTASIS,HALLMARK_GLYCOLYSIS,-0.4254507815677717,6.760783773950977e-05,0.011070110701107,0.0012741477112446073,0.21826044613443935,-0.1346581044008552,7.85182312931736e-06,4.352254901997179e-05,0.011070110701107,0.0728641075509811,-0.2907926771669165,0.14539633858345824,0.14539633858345824,Her2,Strengthened
HALLMARK_CHOLESTEROL_HOMEOSTASIS,HALLMARK_HEDGEHOG_SIGNALING,0.06468351696487533,0.5637049719311731,0.0,0.7284196807439264,0.032341758482437664,0.0009766027524368383,0.9742608230616143,0.9822794306588293,0.0,0.0004883013762184192,0.06370691421243849,0.03185345710621924,0.03185345710621924,Her2,Strengthened
HALLMARK_CHOLESTEROL_HOMEOSTASIS,HALLMARK_HEME_METABOLISM,0.4341672054888345,4.5969002413140915e-05,0.0,0.000970897033725821,0.21708360274441724,0.09607293934704726,0.0014656221301363485,0.0046035566908128895,0.0,0.04803646967352363,0.3380942661417872,0.1690471330708936,0.1690471330708936,Her2,Strengthened
HALLMARK_CHOLESTEROL_HOMEOSTASIS,HALLMARK_HYPOXIA,-0.014458811289713911,0.8974155777091467,0.0262172284644194,0.9454564376208435,0.020338019877066654,-0.16793316459554172,2.298570897414806e-08,1.9553814925924565e-07,0.0262172284644194,0.09707519652998056,0.15347435330582782,-0.07673717665291391,0.07673717665291391,Her2,Weakened
HALLMARK_CHOLESTEROL_HOMEOSTASIS,HALLMARK_IL2_STAT5_SIGNALING,0.4817733704310982,4.594008720476568e-06,0.0111111111111111,0.0001655699936932508,0.24644224077110466,0.17361351490534904,7.480537370668052e-09,6.838550954528631e-08,0.0111111111111111,0.09236231300823007,0.30815985552574915,0.1540799277628746,0.1540799277628746,Her2,Strengthened
HALLMARK_CHOLESTEROL_HOMEOSTASIS,HALLMARK_IL6_JAK_STAT3_SIGNALING,-0.4268282338908342,6.3653975140223e-05,0.0125786163522012,0.001234835415190194,0.2197034251215177,-0.20282693984433542,1.2748020995559582e-11,1.7745824681318736e-10,0.0125786163522012,0.10770277809826831,-0.22400129404649877,0.11200064702324938,0.11200064702324938,Her2,Strengthened
HALLMARK_CHOLESTEROL_HOMEOSTASIS,HALLMARK_INFLAMMATORY_RESPONSE,0.505736686786204,1.2564546219491377e-06,0.0073529411764705,5.700581155139606e-05,0.2565448139813372,-0.006048980032906413,0.8416001039586521,0.8848406071970328,0.0073529411764705,0.006700960604688456,0.5117856668191104,0.24984385337664877,0.24984385337664877,Her2,Strengthened
HALLMARK_CHOLESTEROL_HOMEOSTASIS,HALLMARK_INTERFERON_ALPHA_RESPONSE,-0.17735550482194126,0.11092891946820128,0.0058823529411764,0.2556934101416384,0.09161892888155883,2.241706149279021e-05,0.9994090774030258,0.9994090774030258,0.0058823529411764,0.0029523850013345953,-0.17737792188343404,0.08866654388022423,0.08866654388022423,Her2,Strengthened
HALLMARK_CHOLESTEROL_HOMEOSTASIS,HALLMARK_INTERFERON_GAMMA_RESPONSE,0.16043349862462955,0.1499158107243566,0.0036630036630036,0.3060781135622281,0.08204825114381657,-0.009388069715179075,0.7564327803394842,0.8120261192435244,0.0036630036630036,0.006525536689091337,0.16982156833980863,0.07552271445472523,0.07552271445472523,Her2,Strengthened
HALLMARK_CHOLESTEROL_HOMEOSTASIS,HALLMARK_KRAS_SIGNALING_DN,-0.14146140549929495,0.2049023137911359,0.0,0.37407650431317657,0.07073070274964748,0.08850142455872723,0.0033934640369007365,0.009689961410730542,0.0,0.04425071227936361,-0.22996283005802218,0.026479990470283862,0.026479990470283862,Her2,Strengthened
HALLMARK_CHOLESTEROL_HOMEOSTASIS,HALLMARK_KRAS_SIGNALING_UP,-0.15412883514424242,0.16680407486016338,0.0073529411764705,0.32615327095370594,0.08074088816035646,-0.10584612266343048,0.0004535566850489872,0.0016684893068618898,0.0073529411764705,0.056599531919950485,-0.04828271248081194,0.024141356240405976,0.024141356240405976,Her2,Strengthened
HALLMARK_CHOLESTEROL_HOMEOSTASIS,HALLMARK_MITOTIC_SPINDLE,-0.18012241344413804,0.1053801705522509,0.0,0.24872968964644965,0.09006120672206902,-0.03168024013843288,0.29514105367156024,0.3938429093111779,0.0,0.01584012006921644,-0.14844217330570517,0.07422108665285258,0.07422108665285258,Her2,Strengthened
HALLMARK_CHOLESTEROL_HOMEOSTASIS,HALLMARK_MTORC1_SIGNALING,0.21650990450712482,0.0507340082091749,0.0745098039215686,0.15976647829367419,0.1455098542143467,0.3953208938249793,3.078568475191394e-42,1.7958316105283131e-40,0.0745098039215686,0.23491534887327395,-0.1788109893178545,-0.08940549465892725,0.08940549465892725,Her2,Weakened
HALLMARK_CHOLESTEROL_HOMEOSTASIS,HALLMARK_MYC_TARGETS_V1,-0.008276375902430251,0.9411723463000574,0.0,0.9672282921288342,0.0041381879512151255,-0.20916997667043835,2.7889696014100487e-12,4.270609702159137e-11,0.0,0.10458498833521918,0.2008936007680081,-0.10044680038400405,0.10044680038400405,Her2,Weakened
HALLMARK_CHOLESTEROL_HOMEOSTASIS,HALLMARK_MYC_TARGETS_V2,-0.48214194018448114,4.506612179327886e-06,0.0076335877862595,0.0001655699936932508,0.24488776398537032,0.07696736729085608,0.010877325251300996,0.026024850454772888,0.0076335877862595,0.04230047753855779,-0.5591093074753373,0.20258728644681254,0.20258728644681254,Her2,Strengthened
HALLMARK_CHOLESTEROL_HOMEOSTASIS,HALLMARK_MYOGENESIS,0.08393488243136633,0.4534241746168568,0.011070110701107,0.6403390706937818,0.04750249656623667,0.03476863844163245,0.25054411766153084,0.3467983549552263,0.011070110701107,0.022919374571369725,0.049166243989733883,0.024583121994866942,0.024583121994866942,Her2,Strengthened
HALLMARK_CHOLESTEROL_HOMEOSTASIS,HALLMARK_NOTCH_SIGNALING,-0.1668968611708087,0.1339653561732007,0.0095238095238095,0.2854044544559493,0.0882103353473091,-0.008204945749544711,0.7863307326052835,0.8361589821540558,0.0095238095238095,0.008864377636677107,-0.15869191542126398,0.07934595771063199,0.07934595771063199,Her2,Strengthened
HALLMARK_CHOLESTEROL_HOMEOSTASIS,HALLMARK_OXIDATIVE_PHOSPHORYLATION,0.034253121743529895,0.759983021073214,0.0036630036630036,0.859818372928894,0.018958062703266748,-0.14637534131189453,1.1612447977272705e-06,7.486973037978454e-06,0.0036630036630036,0.07501917248744906,0.18062846305542443,-0.056061109784182314,0.056061109784182314,Her2,Weakened
HALLMARK_CHOLESTEROL_HOMEOSTASIS,HALLMARK_P53_PATHWAY,-0.21843396478520777,0.04866501930521596,0.0073529411764705,0.15506174858147956,0.11289345298083914,0.0960119782392847,0.0014759166048577044,0.004612239390180326,0.0073529411764705,0.051682459707877604,-0.31444594302449247,0.061210993272961534,0.061210993272961534,Her2,Strengthened
HALLMARK_CHOLESTEROL_HOMEOSTASIS,HALLMARK_PANCREAS_BETA_CELLS,-0.07347059911904565,0.511838107907171,0.0,0.6905304869893001,0.03673529955952282,0.020122442855401684,0.5061338100580097,0.6025402500690592,0.0,0.010061221427700842,-0.09359304197444733,0.02667407813182198,0.02667407813182198,Her2,Strengthened
HALLMARK_CHOLESTEROL_HOMEOSTASIS,HALLMARK_PEROXISOME,-0.15101294601494203,0.17565097789716555,0.0171428571428571,0.33716658750519707,0.08407790157889956,-0.13117309392738852,1.3459564768401678e-05,7.168681235344371e-05,0.0171428571428571,0.07415797553512281,-0.01983985208755351,0.009919926043776756,0.009919926043776756,Her2,Strengthened
HALLMARK_CHOLESTEROL_HOMEOSTASIS,HALLMARK_PI3K_AKT_MTOR_SIGNALING,0.04229345359049198,0.7059708374701844,0.0056179775280898,0.8205069031318557,0.02395571555929089,-0.04704905295292489,0.11988385561512652,0.19097233176661896,0.0056179775280898,0.026333515240507345,0.08934250654341688,-0.0023777996812164547,0.0023777996812164547,Her2,Weakened
HALLMARK_CHOLESTEROL_HOMEOSTASIS,HALLMARK_PROTEIN_SECRETION,-0.3621771239767982,0.0008270283357081598,0.0,0.008277643550281759,0.1810885619883991,-0.13792839456255698,4.6774176932778395e-06,2.76983056221598e-05,0.0,0.06896419728127849,-0.2242487294142412,0.1121243647071206,0.1121243647071206,Her2,Strengthened
HALLMARK_CHOLESTEROL_HOMEOSTASIS,HALLMARK_REACTIVE_OXYGEN_SPECIES_PATHWAY,-0.025102667532076656,0.822866345482225,0.0,0.8988823658199926,0.012551333766038328,0.010253628189920112,0.7347853944067698,0.7944502278449188,0.0,0.005126814094960056,-0.035356295721996764,0.007424519671078272,0.007424519671078272,Her2,Strengthened
HALLMARK_CHOLESTEROL_HOMEOSTASIS,HALLMARK_SPERMATOGENESIS,-0.10733442499815211,0.33715103884507425,0.0,0.5234601046707427,0.05366721249907606,-0.050298725362450336,0.09634952144029772,0.16080131303046963,0.0,0.025149362681225168,-0.05703569963570178,0.02851784981785089,0.02851784981785089,Her2,Strengthened
HALLMARK_CHOLESTEROL_HOMEOSTASIS,HALLMARK_TGF_BETA_SIGNALING,-0.03613643376100093,0.7472170851944738,0.0078740157480314,0.8506885960624818,0.022005224754516165,-0.034171614155481735,0.25877688094930895,0.3546223455865695,0.0078740157480314,0.021022814951756567,-0.001964819605519197,0.0009824098027595984,0.0009824098027595984,Her2,Strengthened
HALLMARK_CHOLESTEROL_HOMEOSTASIS,HALLMARK_TNFA_SIGNALING_VIA_NFKB,-0.08871308856829087,0.42803252142211806,0.0223880597014925,0.6132629692889995,0.055550574134891686,0.20926392378184638,2.725887769089176e-12,4.226851287511697e-11,0.0223880597014925,0.11582599174166944,-0.29797701235013724,-0.06027541760677775,0.06027541760677775,Her2,Weakened
HALLMARK_CHOLESTEROL_HOMEOSTASIS,HALLMARK_UNFOLDED_PROTEIN_RESPONSE,0.17667714144792565,0.11232325043272648,0.0053763440860215,0.2571887509908223,0.09102674276697358,-0.08604534476298238,0.004398976027628941,0.0121095407502145,0.0053763440860215,0.04571084442450194,0.26272248621090805,0.045315898342471635,0.045315898342471635,Her2,Strengthened
HALLMARK_CHOLESTEROL_HOMEOSTASIS,HALLMARK_UV_RESPONSE_DN,-0.42652204035887886,6.451385026299789e-05,0.0092592592592592,0.001234835415190194,0.21789064980906903,-0.08156212909687964,0.006951973708504014,0.01777905593510943,0.0092592592592592,0.04541069417806942,-0.3449599112619992,0.1724799556309996,0.1724799556309996,Her2,Strengthened
HALLMARK_CHOLESTEROL_HOMEOSTASIS,HALLMARK_UV_RESPONSE_UP,-0.15810078507221936,0.1560086173703561,0.008695652173913,0.3132959938994856,0.08339821862306618,-0.13574734689287618,6.616295857003888e-06,3.769749965037099e-05,0.008695652173913,0.07222149953339459,-0.022353438179343182,0.011176719089671591,0.011176719089671591,Her2,Strengthened
HALLMARK_CHOLESTEROL_HOMEOSTASIS,HALLMARK_WNT_BETA_CATENIN_SIGNALING,0.20403306267814883,0.06597013342357544,0.0265486725663716,0.18492771955121262,0.11529086762226022,-0.01916201630480618,0.526648675560369,0.6185143454642337,0.0265486725663716,0.02285534443558889,0.22319507898295501,0.09243552318667134,0.09243552318667134,Her2,Strengthened
HALLMARK_CHOLESTEROL_HOMEOSTASIS,HALLMARK_XENOBIOTIC_METABOLISM,-0.09048054031759067,0.4188500851376697,0.0073529411764705,0.6022326425234837,0.04891674074703059,-0.04862378537912394,0.10797179021685803,0.17711345210964982,0.0073529411764705,0.02798836327779722,-0.04185675493846673,0.02092837746923337,0.02092837746923337,Her2,Strengthened
HALLMARK_COAGULATION,HALLMARK_COMPLEMENT,0.4753173159060851,6.408422137810304e-06,0.2028469750889679,0.00021217073294101682,0.3390821454975265,0.4011585551082169,1.484888240626545e-43,1.0105489415375099e-41,0.2028469750889679,0.3020027650985924,0.0741587607978682,0.0370793803989341,0.0370793803989341,Her2,Strengthened
HALLMARK_COAGULATION,HALLMARK_DNA_REPAIR,-0.07287567011567635,0.5152710035681782,0.0034843205574912,0.6921129159769938,0.038179995336583776,0.04207219422629247,0.16434950580826557,0.24713129616133486,0.0034843205574912,0.022778257391891835,-0.11494786434196883,0.015401737944691941,0.015401737944691941,Her2,Strengthened
HALLMARK_COAGULATION,HALLMARK_E2F_TARGETS,-0.36555053771815255,0.0007326403642086399,0.0,0.007647581159630053,0.18277526885907627,-0.07012738617002455,0.020356299570849522,0.04484348150290298,0.0,0.035063693085012275,-0.295423151548128,0.147711575774064,0.147711575774064,Her2,Strengthened
HALLMARK_COAGULATION,HALLMARK_EPITHELIAL_MESENCHYMAL_TRANSITION,0.6071801484502853,1.4702476286880557e-09,0.05625,1.500877787619057e-07,0.3317150742251427,0.5450968785731815,1.0936305949267084e-85,1.3396974787852175e-83,0.05625,0.30067343928659074,0.062083269877103886,0.031041634938551943,0.031041634938551943,Her2,Strengthened
HALLMARK_COAGULATION,HALLMARK_ESTROGEN_RESPONSE_EARLY,0.22078276787711854,0.04623401995117838,0.0029673590504451,0.14943713572610426,0.11187506346378182,0.04861947625345953,0.10800306018441504,0.17711345210964982,0.0029673590504451,0.025793417651952318,0.172163291623659,0.0860816458118295,0.0860816458118295,Her2,Strengthened
HALLMARK_COAGULATION,HALLMARK_ESTROGEN_RESPONSE_LATE,0.0009962334942729362,0.9929126569301173,0.0180722891566265,0.9954739160001538,0.009534261325449718,0.016973893256764086,0.5749192350186122,0.6619135929490602,0.0180722891566265,0.01752309120669529,-0.01597765976249115,-0.007988829881245572,0.007988829881245572,Her2,Weakened
HALLMARK_COAGULATION,HALLMARK_FATTY_ACID_METABOLISM,0.27834915108977376,0.011337582565582151,0.0033898305084745,0.055916830943312484,0.14086949079912414,0.039104490148098775,0.19621070856244752,0.28580037810820236,0.0033898305084745,0.02124716032828664,0.23924466094167499,0.1196223304708375,0.1196223304708375,Her2,Strengthened
HALLMARK_COAGULATION,HALLMARK_G2M_CHECKPOINT,0.2496964761105262,0.023675811852953976,0.0,0.09732506550291484,0.1248482380552631,0.07612432914279965,0.01178089957132994,0.02796822088154879,0.0,0.038062164571399826,0.17357214696772655,0.08678607348386327,0.08678607348386327,Her2,Strengthened
HALLMARK_COAGULATION,HALLMARK_GLYCOLYSIS,-0.0799289287871948,0.47533914229789354,0.0059523809523809,0.6598738155421505,0.042940654869787855,-0.09077632990619602,0.002653520951177347,0.007721052648912707,0.0059523809523809,0.048364355429288464,0.010847401119001218,-0.005423700559500609,0.005423700559500609,Her2,Weakened
HALLMARK_COAGULATION,HALLMARK_HEDGEHOG_SIGNALING,-0.30270537876493425,0.005706224121176172,0.0057803468208092,0.03421788198788758,0.15424286279287172,-0.03649946389019177,0.22771491528244864,0.3213718562453913,0.0057803468208092,0.021139905355500484,-0.2662059148747425,0.13310295743737124,0.13310295743737124,Her2,Strengthened
HALLMARK_COAGULATION,HALLMARK_HEME_METABOLISM,0.1826195416626229,0.10056016934815674,0.0119760479041916,0.24249253435333074,0.09729779478340725,-0.04909702035787475,0.10458100809156524,0.1726573246794709,0.0119760479041916,0.030536534131033174,0.23171656202049765,0.06676126065237407,0.06676126065237407,Her2,Strengthened
HALLMARK_COAGULATION,HALLMARK_HYPOXIA,-0.3441795130603846,0.0015446587467919533,0.015015015015015,0.013232216537203797,0.1795972640376998,0.01644380852992801,0.5869198515798546,0.6706873303967555,0.015015015015015,0.015729411772471502,-0.3606233215903126,0.1638678522652283,0.1638678522652283,Her2,Strengthened
HALLMARK_COAGULATION,HALLMARK_IL2_STAT5_SIGNALING,0.13411489932904772,0.22965290941327063,0.0150602409638554,0.40595211259921576,0.07458757014645157,0.04609297617671318,0.12760289908482939,0.20091716115541902,0.0150602409638554,0.03057660857028429,0.08802192315233454,0.044010961576167275,0.044010961576167275,Her2,Strengthened
HALLMARK_COAGULATION,HALLMARK_IL6_JAK_STAT3_SIGNALING,-0.31230669357393886,0.004283952080006809,0.0180995475113122,0.028993598331537796,0.16520312054262554,-0.11564219367129283,0.0001263646337751306,0.0005528452727661963,0.0180995475113122,0.06687087059130252,-0.19666449990264603,0.09833224995132302,0.09833224995132302,Her2,Strengthened
HALLMARK_COAGULATION,HALLMARK_INFLAMMATORY_RESPONSE,0.36944263796894145,0.0006360004923383856,0.0273556231003039,0.006894695602783384,0.19839913053462266,0.11007151991696917,0.00026468495921845575,0.0010493173949598974,0.0273556231003039,0.06871357150863654,0.25937111805197227,0.1296855590259861,0.1296855590259861,Her2,Strengthened
HALLMARK_COAGULATION,HALLMARK_INTERFERON_ALPHA_RESPONSE,0.1810496138007123,0.10356990320316027,0.0042735042735042,0.24728492380757203,0.09266155903710825,-0.0032960121745419417,0.9132869776097234,0.9393589820083218,0.0042735042735042,0.003784758224023071,0.18434562597525425,0.08887680081308517,0.08887680081308517,Her2,Strengthened
HALLMARK_COAGULATION,HALLMARK_INTERFERON_GAMMA_RESPONSE,-0.15594666274594482,0.16179692369181317,0.015015015015015,0.32019585060173045,0.08548083888047991,0.0017741915599263044,0.9532583357159444,0.9687497274181275,0.015015015015015,0.008394603287470652,-0.15772085430587113,0.07708623559300926,0.07708623559300926,Her2,Strengthened
HALLMARK_COAGULATION,HALLMARK_KRAS_SIGNALING_DN,-0.3046855991714218,0.005382688633715682,0.008955223880597,0.033224461732001664,0.1568204115260094,0.08452171786755364,0.005151195520037118,0.01368810089380796,0.008955223880597,0.046738470874075316,-0.38920731703897543,0.11008194065193408,0.11008194065193408,Her2,Strengthened
HALLMARK_COAGULATION,HALLMARK_KRAS_SIGNALING_UP,0.16246829126368686,0.14474808995340394,0.0304878048780487,0.3001073187306584,0.09647804807086778,0.23756776736859506,1.6791544279417255e-15,3.5464899555665755e-14,0.0304878048780487,0.1340277861233219,-0.07509947610490819,-0.03754973805245411,0.03754973805245411,Her2,Weakened
HALLMARK_COAGULATION,HALLMARK_MITOTIC_SPINDLE,-0.06683346045993913,0.5507882874230271,0.0029761904761904,0.7193130619330578,0.03490482546806476,-0.06778473566173286,0.0249586838521873,0.05298854024077893,0.0029761904761904,0.03538046306896163,0.0009512752017937359,-0.00047563760089686796,0.00047563760089686796,Her2,Weakened
HALLMARK_COAGULATION,HALLMARK_MTORC1_SIGNALING,0.21673635148310283,0.05048681280813789,0.008955223880597,0.15945246345871864,0.11284578768184991,0.04142093040318931,0.17098476967975634,0.25605909884804584,0.008955223880597,0.025188077141893153,0.17531542107991352,0.08765771053995676,0.08765771053995676,Her2,Strengthened
HALLMARK_COAGULATION,HALLMARK_MYC_TARGETS_V1,0.030641689550701103,0.7846405003770363,0.0,0.8761938130919503,0.015320844775350551,-0.042506836847652114,0.1600302310947038,0.2417226055376229,0.0,0.021253418423826057,0.07314852639835322,-0.005932573648475506,0.005932573648475506,Her2,Weakened
HALLMARK_COAGULATION,HALLMARK_MYC_TARGETS_V2,0.02086939521185803,0.8523667806411901,0.0,0.9129289654814418,0.010434697605929015,0.02581030011222286,0.3937374302406239,0.49469574568693775,0.0,0.01290515005611143,-0.004940904900364831,-0.0024704524501824154,0.0024704524501824154,Her2,Weakened
HALLMARK_COAGULATION,HALLMARK_MYOGENESIS,0.4336969839646276,4.6948321909372244e-05,0.015015015015015,0.0009747744803217118,0.2243559994898213,-0.05177163751971961,0.08697558701117125,0.1479670790585236,0.015015015015015,0.0333933262673673,0.4854686214843472,0.190962673222454,0.190962673222454,Her2,Strengthened
HALLMARK_COAGULATION,HALLMARK_NOTCH_SIGNALING,-0.2343274886903265,0.03409486020635681,0.0,0.12284177574349145,0.11716374434516325,-0.12312829680136206,4.437345004478202e-05,0.00021570427105102371,0.0,0.06156414840068103,-0.11119919188896443,0.055599595944482216,0.055599595944482216,Her2,Strengthened
HALLMARK_COAGULATION,HALLMARK_OXIDATIVE_PHOSPHORYLATION,-0.1896059362927655,0.0879876339664351,0.0029673590504451,0.22223680744099586,0.0962866476716053,-0.021301213289898917,0.48154093276997284,0.5788887562740106,0.0029673590504451,0.012134286170172008,-0.16830472300286659,0.08415236150143329,0.08415236150143329,Her2,Strengthened
HALLMARK_COAGULATION,HALLMARK_P53_PATHWAY,-0.1297497420464453,0.24531050728949397,0.0059523809523809,0.42837780777690293,0.0678510614994131,0.02860017440939822,0.3446170922030859,0.4467258602632595,0.0059523809523809,0.01727627768088956,-0.1583499164558435,0.05057478381852354,0.05057478381852354,Her2,Strengthened
HALLMARK_COAGULATION,HALLMARK_PANCREAS_BETA_CELLS,0.13809052440666558,0.2160117339577487,0.0056497175141242,0.38856736284617055,0.07187012096039488,0.04080415891737132,0.1774514297784905,0.26253381821093097,0.0056497175141242,0.02322693821574776,0.09728636548929426,0.04864318274464713,0.04864318274464713,Her2,Strengthened
HALLMARK_COAGULATION,HALLMARK_PEROXISOME,-0.3395673399866529,0.0018023855569265293,0.0,0.014719482048233323,0.16978366999332645,-0.11537428967670754,0.00013103911648491327,0.0005712559348541593,0.0,0.05768714483835377,-0.22419305030994535,0.11209652515497268,0.11209652515497268,Her2,Strengthened
HALLMARK_COAGULATION,HALLMARK_PI3K_AKT_MTOR_SIGNALING,0.31176153466751,0.004355339810216114,0.0041322314049586,0.029314787184146922,0.1579468830362343,-0.031220936276474473,0.3022012469906701,0.40195062710485435,0.0041322314049586,0.017676583840716537,0.3429824709439845,0.14027029919551776,0.14027029919551776,Her2,Strengthened
HALLMARK_COAGULATION,HALLMARK_PROTEIN_SECRETION,-0.318539403802629,0.003538746433427866,0.0042918454935622,0.024913588396259397,0.1614156246480956,-0.15710958784104267,1.7601639291817246e-07,1.2758584693772858e-06,0.0042918454935622,0.08070071666730244,-0.16142981596158634,0.08071490798079317,0.08071490798079317,Her2,Strengthened
HALLMARK_COAGULATION,HALLMARK_REACTIVE_OXYGEN_SPECIES_PATHWAY,0.41539046110063405,0.00010417224408064822,0.0,0.001796485584400314,0.20769523055031702,0.10993235044965084,0.0002695041680077727,0.0010649761477726503,0.0,0.05496617522482542,0.3054581106509832,0.1527290553254916,0.1527290553254916,Her2,Strengthened
HALLMARK_COAGULATION,HALLMARK_SPERMATOGENESIS,0.03594982396280798,0.7484790417575319,0.0,0.8513341004205911,0.01797491198140399,0.029112386642371563,0.33604215969938495,0.438861029458152,0.0,0.014556193321185781,0.006837437320436415,0.0034187186602182076,0.0034187186602182076,Her2,Strengthened
HALLMARK_COAGULATION,HALLMARK_TGF_BETA_SIGNALING,0.3365098335339154,0.001993977675290428,0.0212765957446808,0.01596485393614885,0.17889321463929808,0.08086872520395869,0.007448141408530805,0.018968759304470346,0.0212765957446808,0.05107266047431974,0.2556411083299567,0.12782055416497834,0.12782055416497834,Her2,Strengthened
HALLMARK_COAGULATION,HALLMARK_TNFA_SIGNALING_VIA_NFKB,-0.17535802147839244,0.11507338830152546,0.0211480362537764,0.2610852938329628,0.09825302886608442,-0.0517530388181843,0.08708919510301674,0.1479670790585236,0.0211480362537764,0.03645053753598035,-0.12360498266020814,0.06180249133010407,0.06180249133010407,Her2,Strengthened
HALLMARK_COAGULATION,HALLMARK_UNFOLDED_PROTEIN_RESPONSE,-0.05034054324452288,0.6533308566892742,0.0,0.7833924393411604,0.02517027162226144,0.06593227108700328,0.02921049121373651,0.06014972929214236,0.0,0.03296613554350164,-0.11627281433152617,-0.007795863921240199,0.007795863921240199,Her2,Weakened
HALLMARK_COAGULATION,HALLMARK_UV_RESPONSE_DN,-0.35792291891392536,0.0009617956761807393,0.014388489208633,0.009133331033499269,0.18615570406127918,-0.10350105020686846,0.0006065576946869508,0.002153719350700043,0.014388489208633,0.058944769707750734,-0.2544218687070569,0.12721093435352845,0.12721093435352845,Her2,Strengthened
HALLMARK_COAGULATION,HALLMARK_UV_RESPONSE_UP,0.1482922749557219,0.18365244028285463,0.0102389078498293,0.3455825489193501,0.0792655914027756,-0.0763458623107332,0.011537237661289971,0.027442943951612068,0.0102389078498293,0.04329238508028125,0.2246381372664551,0.03597320632249435,0.03597320632249435,Her2,Strengthened
HALLMARK_COAGULATION,HALLMARK_WNT_BETA_CATENIN_SIGNALING,0.21116351176019782,0.05686525162878801,0.0,0.16974918022395968,0.10558175588009891,0.006143728115576915,0.8391525891797139,0.8831287987501285,0.0,0.0030718640577884573,0.2050197836446209,0.10250989182231045,0.10250989182231045,Her2,Strengthened
HALLMARK_COAGULATION,HALLMARK_XENOBIOTIC_METABOLISM,-0.20294545965938549,0.06745717338806635,0.0336391437308868,0.1868243382703114,0.11829230169513615,-0.04305381784841523,0.15471707497731557,0.23602542571259225,0.0336391437308868,0.038346480789651013,-0.15989164181097026,0.07994582090548513,0.07994582090548513,Her2,Strengthened
HALLMARK_COMPLEMENT,HALLMARK_DNA_REPAIR,-0.08039470213607626,0.47276215467550037,0.0028653295128939,0.6588551074829214,0.04163001582448508,0.016478114624475286,0.5861396980084788,0.6704212232123122,0.0028653295128939,0.009671722068684593,-0.09687281676055154,0.03195829375580048,0.03195829375580048,Her2,Strengthened
HALLMARK_COMPLEMENT,HALLMARK_E2F_TARGETS,0.27449093017419857,0.012574557509211525,0.0,0.05993709318593043,0.13724546508709928,-0.010532237930039576,0.7278610309842622,0.7897517829545804,0.0,0.005266118965019788,0.28502316810423817,0.13197934612207948,0.13197934612207948,Her2,Strengthened
HALLMARK_COMPLEMENT,HALLMARK_EPITHELIAL_MESENCHYMAL_TRANSITION,-0.1830876649137013,0.09967608750039368,0.0309278350515463,0.24131068614225742,0.1070077499826238,0.007764646428759832,0.797540723546787,0.8473437869425967,0.0309278350515463,0.019346240740153064,-0.1908523113424611,0.08766150924247074,0.08766150924247074,Her2,Strengthened
HALLMARK_COMPLEMENT,HALLMARK_ESTROGEN_RESPONSE_EARLY,-0.12646290987842185,0.2575746866465133,0.0050251256281407,0.4433121514908985,0.06574401775328127,-0.04637380623245973,0.12529655590595104,0.1980493948190839,0.0050251256281407,0.025699465930300213,-0.08008910364596211,0.040044551822981056,0.040044551822981056,Her2,Strengthened
HALLMARK_COMPLEMENT,HALLMARK_ESTROGEN_RESPONSE_LATE,0.044155195809061965,0.6936577023253632,0.015228426395939,0.8132210910991572,0.029691811102500482,0.0344414790565154,0.2550326347340185,0.35063409377011523,0.015228426395939,0.0248349527262272,0.009713716752546564,0.004856858376273282,0.004856858376273282,Her2,Strengthened
HALLMARK_COMPLEMENT,HALLMARK_FATTY_ACID_METABOLISM,-0.3968517606728224,0.00022313262228332962,0.0112994350282485,0.003254017408298557,0.20407559785053545,-0.021755451940343264,0.4722403564274348,0.5699452577572488,0.0112994350282485,0.016527443484295884,-0.3750963087324791,0.18754815436623956,0.18754815436623956,Her2,Strengthened
HALLMARK_COMPLEMENT,HALLMARK_G2M_CHECKPOINT,-0.2578838939794544,0.019330212043295603,0.0,0.08456967768941827,0.1289419469897272,0.024616342133391096,0.41599191803394847,0.5165371319138492,0.0,0.012308171066695548,-0.28250023611284547,0.11663377592303165,0.11663377592303165,Her2,Strengthened
HALLMARK_COMPLEMENT,HALLMARK_GLYCOLYSIS,0.0608910271126861,0.586832780234959,0.0126582278481012,0.7411032533895101,0.036774627480393646,0.1612190895997082,8.256016323633295e-08,6.242975306451103e-07,0.0126582278481012,0.0869386587239047,-0.10032806248702211,-0.050164031243511056,0.050164031243511056,Her2,Weakened
HALLMARK_COMPLEMENT,HALLMARK_HEDGEHOG_SIGNALING,0.38590914397464954,0.00034271533128205843,0.0085470085470085,0.004466237030005548,0.19722807626082903,0.0038204212991249696,0.899558571771481,0.9283565715417559,0.0085470085470085,0.006183714923066734,0.3820887226755246,0.1910443613377623,0.1910443613377623,Her2,Strengthened
HALLMARK_COMPLEMENT,HALLMARK_HEME_METABOLISM,0.0162152076919544,0.8850344098306042,0.0126582278481012,0.9370502610566034,0.0144367177700278,0.0875607305874763,0.003750870242390776,0.010587133748683643,0.0126582278481012,0.050109479217788744,-0.0713455228955219,-0.035672761447760944,0.035672761447760944,Her2,Weakened
HALLMARK_COMPLEMENT,HALLMARK_HYPOXIA,0.06910637442131598,0.5372901074886344,0.0282776349614395,0.7092461009413547,0.048692004691377744,-0.08455568851113011,0.005133231461826685,0.013670018566821063,0.0282776349614395,0.056416661736284804,0.1536620629324461,-0.00772465704490706,0.00772465704490706,Her2,Weakened
HALLMARK_COMPLEMENT,HALLMARK_IL2_STAT5_SIGNALING,0.05109071022647657,0.6485039975476498,0.015267175572519,0.7821493524424932,0.033178942899497785,-0.02617414135336143,0.38710149550122064,0.48886529071030443,0.015267175572519,0.020720658462940213,0.077264851579838,0.012458284436557571,0.012458284436557571,Her2,Strengthened
HALLMARK_COMPLEMENT,HALLMARK_IL6_JAK_STAT3_SIGNALING,0.2647634524837829,0.016225906658070045,0.025,0.07227903874958475,0.14488172624189147,0.19294743828570945,1.2336656645234233e-10,1.5265054939810037e-09,0.025,0.10897371914285472,0.07181601419807346,0.03590800709903674,0.03590800709903674,Her2,Strengthened
HALLMARK_COMPLEMENT,HALLMARK_INFLAMMATORY_RESPONSE,-0.224760983106312,0.0423458077551806,0.0554089709762532,0.13877443423970395,0.14008497704128262,-0.005374205955701302,0.8590736146099112,0.8948683485519908,0.0554089709762532,0.03039158846597725,-0.21938677715061072,0.10969338857530536,0.10969338857530536,Her2,Strengthened
HALLMARK_COMPLEMENT,HALLMARK_INTERFERON_ALPHA_RESPONSE,-0.3025031516880869,0.005740213809128276,0.0276816608996539,0.03421788198788758,0.1650924062938704,-0.0649383296004614,0.031738348630749605,0.06426359846722028,0.0276816608996539,0.046309995250057655,-0.23756482208762547,0.11878241104381274,0.11878241104381274,Her2,Strengthened
HALLMARK_COMPLEMENT,HALLMARK_INTERFERON_GAMMA_RESPONSE,0.30653623511529215,0.005095124342722606,0.0610079575596817,0.03258697665338783,0.18377209633748692,0.0694292431914709,0.021643582990146768,0.04695065164757049,0.0610079575596817,0.0652186003755763,0.23710699192382126,0.11855349596191063,0.11855349596191063,Her2,Strengthened
HALLMARK_COMPLEMENT,HALLMARK_KRAS_SIGNALING_DN,0.047888668514776925,0.6692058131190064,0.0075566750629722,0.7937006669933659,0.027722671788874564,-0.09227116962068262,0.002250897499022166,0.006676390886930153,0.0075566750629722,0.049913922341827406,0.14015983813545954,-0.022191250552952842,0.022191250552952842,Her2,Weakened
HALLMARK_COMPLEMENT,HALLMARK_KRAS_SIGNALING_UP,0.325106095911694,0.0028808708994727196,0.0256410256410256,0.021784363283049887,0.1753735607763598,0.19747919771399397,4.419542762044811e-11,5.698884087899888e-10,0.0256410256410256,0.11156011167750979,0.1276268981977,0.06381344909885,0.06381344909885,Her2,Strengthened
HALLMARK_COMPLEMENT,HALLMARK_MITOTIC_SPINDLE,0.10771170311842489,0.33544562036712083,0.0025125628140703,0.5221358131508551,0.05511213296624759,0.010848218112982722,0.7200346801938461,0.7840377628777435,0.0025125628140703,0.006680390463526511,0.09686348500544216,0.04843174250272108,0.04843174250272108,Her2,Strengthened
HALLMARK_COMPLEMENT,HALLMARK_MTORC1_SIGNALING,0.11848060817529205,0.28907355033875887,0.0126582278481012,0.47468511952410136,0.06556941801169662,-0.08042708898286217,0.007780461881005994,0.019611246510766137,0.0126582278481012,0.046542658415481684,0.1989076971581542,0.019026759596214936,0.019026759596214936,Her2,Strengthened
HALLMARK_COMPLEMENT,HALLMARK_MYC_TARGETS_V1,0.16793116698270785,0.13153715481550912,0.0,0.28120944964921235,0.08396558349135393,-0.07488609543669393,0.013228575917305105,0.03110365738713772,0.0,0.037443047718346965,0.24281726241940177,0.04652253577300696,0.04652253577300696,Her2,Strengthened
HALLMARK_COMPLEMENT,HALLMARK_MYC_TARGETS_V2,0.00046079214184011,0.9967218276303224,0.0,0.9967218276303224,0.000230396070920055,-0.03358190383181787,0.2670907306344289,0.3631366759458106,0.0,0.016790951915908934,0.03404269597365798,-0.01656055584498888,0.01656055584498888,Her2,Weakened
HALLMARK_COMPLEMENT,HALLMARK_MYOGENESIS,-0.09689569356627678,0.3864913652552609,0.0126582278481012,0.572519235785687,0.05477696070718899,0.026897952314644407,0.3741043617031688,0.475885610681601,0.0126582278481012,0.019778090081372803,-0.12379364588092119,0.034998870625816185,0.034998870625816185,Her2,Strengthened
HALLMARK_COMPLEMENT,HALLMARK_NOTCH_SIGNALING,0.05558023076231372,0.6199244544137376,0.0,0.7647607821317508,0.02779011538115686,0.05475240321297746,0.07025545066271657,0.12365363083595948,0.0,0.02737620160648873,0.0008278275493362602,0.0004139137746681301,0.0004139137746681301,Her2,Strengthened
HALLMARK_COMPLEMENT,HALLMARK_OXIDATIVE_PHOSPHORYLATION,0.13192873599426316,0.23740509696906312,0.0075566750629722,0.4160532815266128,0.06974270552861768,-0.011290878675520455,0.7091199045632939,0.776293014378941,0.0075566750629722,0.009423776869246328,0.1432196146697836,0.06031892865937135,0.06031892865937135,Her2,Strengthened
HALLMARK_COMPLEMENT,HALLMARK_P53_PATHWAY,-0.06246145751155689,0.57720354530702,0.0101010101010101,0.7373037987498431,0.036281233806283494,0.09667669266153538,0.0013671759464421755,0.004338835581325557,0.0101010101010101,0.05338885138127274,-0.15913815017309227,-0.017107617574989242,0.017107617574989242,Her2,Weakened
HALLMARK_COMPLEMENT,HALLMARK_PANCREAS_BETA_CELLS,-0.06731903247761008,0.5478909179179059,0.00418410041841,0.7190021245458316,0.03575156644801004,-0.01390129846207704,0.6460249745025685,0.7228271237329185,0.00418410041841,0.00904269944024352,-0.05341773401553304,0.026708867007766517,0.026708867007766517,Her2,Strengthened
HALLMARK_COMPLEMENT,HALLMARK_PEROXISOME,0.1918991336767774,0.08414352762594278,0.0,0.2147412944620415,0.0959495668383887,0.09697042156515176,0.001321517426567549,0.004215778248815749,0.0,0.04848521078257588,0.09492871211162565,0.047464356055812826,0.047464356055812826,Her2,Strengthened
HALLMARK_COMPLEMENT,HALLMARK_PI3K_AKT_MTOR_SIGNALING,-0.49002226951556926,2.972783358491404e-06,0.0132890365448504,0.0001174728907790958,0.2516556530302098,-0.10941091967927388,0.00028830052520068667,0.0011319491774706447,0.0132890365448504,0.061349978112062144,-0.3806113498362954,0.19030567491814768,0.19030567491814768,Her2,Strengthened
HALLMARK_COMPLEMENT,HALLMARK_PROTEIN_SECRETION,0.23467589101319955,0.03382183002321463,0.0068027210884353,0.12221752737002337,0.12073930605081742,0.09968419188655059,0.0009614236625932063,0.003267017026748112,0.0068027210884353,0.05324345648749294,0.13499169912664896,0.06749584956332448,0.06749584956332448,Her2,Strengthened
HALLMARK_COMPLEMENT,HALLMARK_REACTIVE_OXYGEN_SPECIES_PATHWAY,-0.32117279987062036,0.0032603293534744877,0.0040322580645161,0.02371476602957435,0.16260252896756824,0.0741626728039168,0.014145178826632611,0.03294266932057975,0.0040322580645161,0.039097465434216445,-0.39533547267453717,0.1235050635333518,0.1235050635333518,Her2,Strengthened
HALLMARK_COMPLEMENT,HALLMARK_SPERMATOGENESIS,0.0392270855638817,0.7264153732623074,0.0029940119760479,0.8347643829702877,0.0211105487699648,-0.05695451913982465,0.05967542276459134,0.10736507349001838,0.0029940119760479,0.029974265557936274,0.09618160470370635,-0.008863716787971473,0.008863716787971473,Her2,Weakened
HALLMARK_COMPLEMENT,HALLMARK_TGF_BETA_SIGNALING,-0.30797903521357034,0.004880469344813571,0.0039525691699604,0.03163267167934722,0.15596580219176537,-0.09516605449874262,0.0016258050146339422,0.005042053526396403,0.0039525691699604,0.049559311834351506,-0.21281298071482774,0.10640649035741387,0.10640649035741387,Her2,Strengthened
HALLMARK_COMPLEMENT,HALLMARK_TNFA_SIGNALING_VIA_NFKB,0.00770613291931418,0.9452190904580978,0.0416666666666666,0.9686814294681586,0.02468639979299039,-0.09631894249989112,0.0014247475161399373,0.004498236358946967,0.0416666666666666,0.06899280458327886,0.1040250754192053,-0.04430640479028847,0.04430640479028847,Her2,Weakened
HALLMARK_COMPLEMENT,HALLMARK_UNFOLDED_PROTEIN_RESPONSE,-0.28606214825181703,0.009178790925346155,0.0064308681672025,0.04825759177488858,0.14624650820950977,0.0068796531658163905,0.8201969269967436,0.867652189612272,0.0064308681672025,0.006655260666509445,-0.29294180141763343,0.1395912475430003,0.1395912475430003,Her2,Strengthened
HALLMARK_COMPLEMENT,HALLMARK_UV_RESPONSE_DN,0.2399468788500326,0.029909896611705455,0.0087976539589442,0.11336049519489381,0.1243722664044884,0.07777507431105357,0.010069870846906668,0.02437863989616733,0.0087976539589442,0.04328636413499889,0.16217180453897903,0.0810859022694895,0.0810859022694895,Her2,Strengthened
HALLMARK_COMPLEMENT,HALLMARK_UV_RESPONSE_UP,0.03181852615252118,0.776580876900832,0.028735632183908,0.8709367063787307,0.030277079168214593,0.11915493161661284,7.792088951204722e-05,0.00035884620170021747,0.028735632183908,0.07394528190026042,-0.08733640546409166,-0.04366820273204583,0.04366820273204583,Her2,Weakened
HALLMARK_COMPLEMENT,HALLMARK_WNT_BETA_CATENIN_SIGNALING,-0.2871877948083158,0.008895934168986118,0.0041493775933609,0.04717540847189608,0.14566858620083836,-0.042752244262560864,0.1576296458501789,0.2395735932586466,0.0041493775933609,0.02345081092796088,-0.24443555054575494,0.12221777527287749,0.12221777527287749,Her2,Strengthened
HALLMARK_COMPLEMENT,HALLMARK_XENOBIOTIC_METABOLISM,0.2899465065442329,0.008234782286508407,0.0256410256410256,0.044438803087985895,0.15779376609262924,0.12566403188629735,3.070094643978668e-05,0.00015350473219893337,0.0256410256410256,0.07565252876366148,0.16428247465793552,0.08214123732896776,0.08214123732896776,Her2,Strengthened
HALLMARK_DNA_REPAIR,HALLMARK_E2F_TARGETS,0.35008791983315896,0.0012632819126746706,0.044776119402985,0.011133239877888284,0.19743201961807197,0.4010180471458698,1.598434936687958e-43,1.0305698933909202e-41,0.044776119402985,0.2228970832744274,-0.05093012731271085,-0.025465063656355424,0.025465063656355424,Her2,Weakened
HALLMARK_DNA_REPAIR,HALLMARK_EPITHELIAL_MESENCHYMAL_TRANSITION,0.03942131211184489,0.7251145323402435,0.0,0.8340519268702331,0.019710656055922444,0.003397140185222131,0.9106374260688268,0.9374208797767335,0.0,0.0016985700926110655,0.03602417192662276,0.01801208596331138,0.01801208596331138,Her2,Strengthened
HALLMARK_DNA_REPAIR,HALLMARK_ESTROGEN_RESPONSE_EARLY,-0.13611319769818853,0.2227230257336434,0.0028653295128939,0.39714076641006285,0.06948926360554121,0.018476066427727957,0.5415559535747536,0.6318152791705459,0.0028653295128939,0.010670697970310929,-0.15458926412591648,0.05881856563523028,0.05881856563523028,Her2,Strengthened
HALLMARK_DNA_REPAIR,HALLMARK_ESTROGEN_RESPONSE_LATE,0.09776680007199584,0.3822159437768092,0.0028653295128939,0.5692462848510782,0.05031606479244487,0.05547732062119835,0.0666147252578721,0.11809412220100336,0.0028653295128939,0.029171325067046127,0.04228947945079749,0.02114473972539874,0.02114473972539874,Her2,Strengthened
HALLMARK_DNA_REPAIR,HALLMARK_FATTY_ACID_METABOLISM,0.13692529239253345,0.2199491702784587,0.0,0.39393907637228176,0.06846264619626673,-0.15324411287656373,3.5250198726011643e-07,2.453493945418424e-06,0.0,0.07662205643828186,0.2901694052690972,-0.008159410242015136,0.008159410242015136,Her2,Weakened
HALLMARK_DNA_REPAIR,HALLMARK_G2M_CHECKPOINT,-0.010388187004421784,0.9261995967442676,0.0057471264367816,0.9602678810199242,0.008067656720601692,-0.16770890551983575,2.4008844415362875e-08,2.0283334075047947e-07,0.0057471264367816,0.08672801597830868,0.15732071851541396,-0.07866035925770698,0.07866035925770698,Her2,Weakened
HALLMARK_DNA_REPAIR,HALLMARK_GLYCOLYSIS,0.18733200855616644,0.09193533536991258,0.0028653295128939,0.22843972784613167,0.09509866903453017,0.07241412293706638,0.016595311225553657,0.03757718345897085,0.0028653295128939,0.03763972622498014,0.11491788561910006,0.05745894280955003,0.05745894280955003,Her2,Strengthened
HALLMARK_DNA_REPAIR,HALLMARK_HEDGEHOG_SIGNALING,-0.395862921116819,0.00023209779484056228,0.0,0.0032680436629849282,0.1979314605584095,-0.01913991546621119,0.5271256952364571,0.6185143454642337,0.0,0.009569957733105596,-0.3767230056506078,0.1883615028253039,0.1883615028253039,Her2,Strengthened
HALLMARK_DNA_REPAIR,HALLMARK_HEME_METABOLISM,0.5011983856396698,1.6183749969485397e-06,0.0057471264367816,7.080390611649861e-05,0.25347275603822567,0.22996912291453497,1.3486597587016733e-14,2.7535136740159166e-13,0.0057471264367816,0.11785812467565829,0.2712292627251348,0.13561463136256738,0.13561463136256738,Her2,Strengthened
HALLMARK_DNA_REPAIR,HALLMARK_HYPOXIA,-0.12341507419273563,0.26931411663256694,0.0,0.45567650949571065,0.061707537096367816,0.025947062464283566,0.39123505614389875,0.4930688721978148,0.0,0.012973531232141783,-0.1493621366570192,0.048734005864226035,0.048734005864226035,Her2,Strengthened
HALLMARK_DNA_REPAIR,HALLMARK_IL2_STAT5_SIGNALING,-0.10120191551160664,0.3656354468208617,0.0086705202312138,0.5510166404010842,0.05493621787141022,-0.11044405932123164,0.000252178590273775,0.0010095384741352104,0.0086705202312138,0.05955728977622272,0.009242143809625,-0.0046210719048125,0.0046210719048125,Her2,Weakened
HALLMARK_DNA_REPAIR,HALLMARK_IL6_JAK_STAT3_SIGNALING,0.0759582034872313,0.49761186645311756,0.0,0.6765533145450267,0.03797910174361565,0.03327619460126941,0.27147211208824024,0.3677359626024698,0.0,0.016638097300634706,0.04268200888596189,0.021341004442980944,0.021341004442980944,Her2,Strengthened
HALLMARK_DNA_REPAIR,HALLMARK_INFLAMMATORY_RESPONSE,0.17385266192596177,0.11827496670074539,0.0057471264367816,0.2643920332270312,0.08979989418137169,-0.01570934513466121,0.6037362272211997,0.6843118482419637,0.0057471264367816,0.010728235785721404,0.18956200706062298,0.07907165839565028,0.07907165839565028,Her2,Strengthened
HALLMARK_DNA_REPAIR,HALLMARK_INTERFERON_ALPHA_RESPONSE,0.1315858564170587,0.23863721685686046,0.0040650406504065,0.4176151294995058,0.0678254485337326,0.084723573170497,0.005045279646099601,0.013495585351881816,0.0040650406504065,0.04439430691045175,0.04686228324656169,0.023431141623280846,0.023431141623280846,Her2,Strengthened
HALLMARK_DNA_REPAIR,HALLMARK_INTERFERON_GAMMA_RESPONSE,-0.09875379533190837,0.3774062749622812,0.0086455331412103,0.5651866587149076,0.053699664236559336,-0.06134681297141543,0.04249106873053403,0.08210025109606339,0.0086455331412103,0.03499617305631286,-0.03740698236049294,0.018703491180246473,0.018703491180246473,Her2,Strengthened
HALLMARK_DNA_REPAIR,HALLMARK_KRAS_SIGNALING_DN,-0.2837590956904067,0.009782148729955595,0.0028653295128939,0.050628935474915884,0.1433122126016503,-0.153403898221468,3.4264198569637877e-07,2.3984938998746517e-06,0.0028653295128939,0.07813461386718094,-0.1303551974689387,0.06517759873446936,0.06517759873446936,Her2,Strengthened
HALLMARK_DNA_REPAIR,HALLMARK_KRAS_SIGNALING_UP,-0.16291896996831773,0.14362184433832534,0.0,0.29870417540653404,0.08145948498415886,0.03132603088491534,0.3005759656754116,0.40022343255693393,0.0,0.01566301544245767,-0.19424500085323307,0.0657964695417012,0.0657964695417012,Her2,Strengthened
HALLMARK_DNA_REPAIR,HALLMARK_MITOTIC_SPINDLE,-0.3341291211648558,0.002155651581691606,0.0028735632183908,0.01708934397915684,0.1685013421916233,-0.13265372041522652,1.072266581861342e-05,5.786460628987419e-05,0.0028735632183908,0.06776364181680866,-0.2014754007496293,0.10073770037481464,0.10073770037481464,Her2,Strengthened
HALLMARK_DNA_REPAIR,HALLMARK_MTORC1_SIGNALING,-0.1956446663694376,0.07815287743268295,0.0086455331412103,0.2055722577056772,0.10214509975532395,-0.25195960159725334,2.649220861590936e-17,6.240952991247877e-16,0.0086455331412103,0.13030256736923182,0.05631493522781575,-0.028157467613907874,0.028157467613907874,Her2,Weakened
HALLMARK_DNA_REPAIR,HALLMARK_MYC_TARGETS_V1,0.1480142328541477,0.18448483712176186,0.023391812865497,0.3465235412810947,0.08570302285982234,0.11706820223792185,0.00010401301377142399,0.0004667250617948512,0.023391812865497,0.07023000755170943,0.030946030616225847,0.015473015308112917,0.015473015308112917,Her2,Strengthened
HALLMARK_DNA_REPAIR,HALLMARK_MYC_TARGETS_V2,0.4615760713736917,1.2730666563580153e-05,0.0,0.0003713111081044211,0.23078803568684586,0.33436670973182575,5.520707351322927e-30,2.7051466021482345e-28,0.0,0.16718335486591288,0.12720936164186597,0.06360468082093299,0.06360468082093299,Her2,Strengthened
HALLMARK_DNA_REPAIR,HALLMARK_MYOGENESIS,0.32114736360105545,0.0032629221662569137,0.0028653295128939,0.02371476602957435,0.16200634655697468,0.1347864468525543,7.695540657956046e-06,4.3045832447471034e-05,0.0028653295128939,0.0688258881827241,0.18636091674850114,0.09318045837425058,0.09318045837425058,Her2,Strengthened
HALLMARK_DNA_REPAIR,HALLMARK_NOTCH_SIGNALING,0.13756103191282626,0.21779472522222945,0.005524861878453,0.3912002029284913,0.07154294689563963,-0.05211897964352727,0.08487575134739456,0.14562016162543184,0.005524861878453,0.028821920760990133,0.18968001155635353,0.042721026134649495,0.042721026134649495,Her2,Strengthened
HALLMARK_DNA_REPAIR,HALLMARK_OXIDATIVE_PHOSPHORYLATION,0.2538029766848806,0.021402200348784307,0.0115606936416184,0.09071866929848019,0.1326818351632495,0.468882126716972,6.908461937577198e-61,5.641910582354712e-59,0.0115606936416184,0.2402214101792952,-0.21507915003209138,-0.10753957501604569,0.10753957501604569,Her2,Weakened
HALLMARK_DNA_REPAIR,HALLMARK_P53_PATHWAY,-0.10563765769315617,0.34488841376789414,0.0294117647058823,0.5311522315662209,0.06752471119951924,-0.04821917453923628,0.11093927823668924,0.17964411409325376,0.0294117647058823,0.03881546962255929,-0.05741848315391989,0.02870924157695995,0.02870924157695995,Her2,Strengthened
HALLMARK_DNA_REPAIR,HALLMARK_PANCREAS_BETA_CELLS,0.1772289220197322,0.11118807945830539,0.0,0.2556934101416384,0.0886144610098661,0.043348634949590535,0.15190939685538288,0.23232086285623477,0.0,0.021674317474795268,0.13388028707014166,0.06694014353507083,0.06694014353507083,Her2,Strengthened
HALLMARK_DNA_REPAIR,HALLMARK_PEROXISOME,0.13471733994605345,0.22754805148819943,0.0079365079365079,0.404566564692372,0.07132692394128068,0.08327993725655265,0.0058480843531814155,0.015307485753519732,0.0079365079365079,0.04560822259653027,0.0514374026895008,0.025718701344750405,0.025718701344750405,Her2,Strengthened
HALLMARK_DNA_REPAIR,HALLMARK_PI3K_AKT_MTOR_SIGNALING,-0.028694535380782753,0.7980251921653444,0.0,0.887096969512293,0.014347267690391376,0.19051411877362454,2.1191662574455443e-10,2.4036839494174e-09,0.0,0.09525705938681227,-0.2192086541544073,-0.08090979169642089,0.08090979169642089,Her2,Weakened
HALLMARK_DNA_REPAIR,HALLMARK_PROTEIN_SECRETION,-0.16805102109993567,0.13125795594905681,0.0081967213114754,0.28110313992586466,0.08812387120570553,0.058408792636837466,0.05343972778867844,0.09829379360530194,0.0081967213114754,0.03330275697415643,-0.22645981373677312,0.054821114231549097,0.054821114231549097,Her2,Strengthened
HALLMARK_DNA_REPAIR,HALLMARK_REACTIVE_OXYGEN_SPECIES_PATHWAY,0.21608775408536207,0.051197494031378334,0.0101522842639593,0.16072491866106844,0.11312001917466069,-0.057966326549413985,0.0552766800157394,0.10121664128442566,0.0101522842639593,0.03405930540668664,0.27405408063477604,0.07906071376797405,0.07906071376797405,Her2,Strengthened
HALLMARK_DNA_REPAIR,HALLMARK_SPERMATOGENESIS,0.02423805485966277,0.8288730568732189,0.0035211267605633,0.9009489748621944,0.013879590810113035,0.03332829332852367,0.2707219859200271,0.36725850803104454,0.0035211267605633,0.018424710044543484,-0.009090238468860899,-0.004545119234430449,0.004545119234430449,Her2,Weakened
HALLMARK_DNA_REPAIR,HALLMARK_TGF_BETA_SIGNALING,0.24264108271026547,0.02806242578939155,0.0,0.10709181181309861,0.12132054135513273,0.21039166614554017,2.069528160216149e-12,3.335752626664188e-11,0.0,0.10519583307277008,0.0322494165647253,0.01612470828236265,0.01612470828236265,Her2,Strengthened
HALLMARK_DNA_REPAIR,HALLMARK_TNFA_SIGNALING_VIA_NFKB,-0.4606665813411851,1.3308587712983352e-05,0.0028653295128939,0.00037913999880010715,0.2317659554270395,-0.11695985913996708,0.00010557088436922696,0.00047198661807409866,0.0028653295128939,0.059912594326430486,-0.343706722201218,0.17185336110060903,0.17185336110060903,Her2,Strengthened
HALLMARK_DNA_REPAIR,HALLMARK_UNFOLDED_PROTEIN_RESPONSE,-0.24387682042734543,0.02724789128926335,0.0,0.10562869249793545,0.12193841021367272,0.0671993543811504,0.02624038806237307,0.0549478211562513,0.0,0.0335996771905752,-0.3110761748084958,0.08833873302309751,0.08833873302309751,Her2,Strengthened
HALLMARK_DNA_REPAIR,HALLMARK_UV_RESPONSE_DN,-0.12429012370477371,0.26590740425395754,0.0,0.4536721033580752,0.06214506185238686,-0.2065904937722676,5.204932179089884e-12,7.590526094506081e-11,0.0,0.1032952468861338,0.08230037006749388,-0.04115018503374694,0.04115018503374694,Her2,Weakened
HALLMARK_DNA_REPAIR,HALLMARK_UV_RESPONSE_UP,0.4218914830119186,7.890462217110718e-05,0.0098360655737704,0.001442659136710542,0.2158637742928445,0.0604339257063958,0.04566959702319739,0.08620224399601972,0.0098360655737704,0.0351349956400831,0.36145755730552276,0.1807287786527614,0.1807287786527614,Her2,Strengthened
HALLMARK_DNA_REPAIR,HALLMARK_WNT_BETA_CATENIN_SIGNALING,-0.015957371609815158,0.8868502936677972,0.0052356020942408,0.9381620118679201,0.010596486852027978,0.1022884158287883,0.0007033218325221812,0.0024546132331614585,0.0052356020942408,0.05376200896151455,-0.11824578743860345,-0.04316552210948657,0.04316552210948657,Her2,Weakened
HALLMARK_DNA_REPAIR,HALLMARK_XENOBIOTIC_METABOLISM,-0.309137700572499,0.004713937636391077,0.0057471264367816,0.031213911376103073,0.1574424135046403,-0.037563028555253425,0.21444319123702285,0.30581246713079513,0.0057471264367816,0.021655077496017514,-0.2715746720172456,0.1357873360086228,0.1357873360086228,Her2,Strengthened
HALLMARK_E2F_TARGETS,HALLMARK_EPITHELIAL_MESENCHYMAL_TRANSITION,0.2557088590618407,0.020412049850056554,0.0025062656641604,0.08804493333211014,0.12910756236300056,0.082767700893526,0.006159478759063755,0.01598593533867182,0.0025062656641604,0.0426369832788432,0.1729411581683147,0.08647057908415735,0.08647057908415735,Her2,Strengthened
HALLMARK_E2F_TARGETS,HALLMARK_ESTROGEN_RESPONSE_EARLY,0.2249836227878071,0.042136478734243095,0.0025062656641604,0.13877443423970395,0.11374494422598375,-0.06746088631382144,0.02566090221178355,0.05401134915710455,0.0025062656641604,0.03498357598899092,0.29244450910162856,0.07876136823699283,0.07876136823699283,Her2,Strengthened
HALLMARK_E2F_TARGETS,HALLMARK_ESTROGEN_RESPONSE_LATE,-0.11212266204784502,0.31591222856551243,0.0101010101010101,0.5032411963494834,0.06111183607442756,0.004099375304497895,0.8922678332436825,0.9223865786696296,0.0101010101010101,0.007100192702753997,-0.11622203735234292,0.05401164337167356,0.05401164337167356,Her2,Strengthened
HALLMARK_E2F_TARGETS,HALLMARK_FATTY_ACID_METABOLISM,0.300135255836224,0.0061517338928118994,0.0056179775280898,0.036230163551416235,0.1528766166821569,0.20649773286126896,5.32223023425885e-12,7.613767796260954e-11,0.0056179775280898,0.10605785519467938,0.09363752297495506,0.04681876148747753,0.04681876148747753,Her2,Strengthened
HALLMARK_E2F_TARGETS,HALLMARK_G2M_CHECKPOINT,0.71362126741399,5.3067527480325356e-14,0.2232415902140672,1.300154423267971e-11,0.4684314288140286,0.7594290832024948,4.302105589639075e-206,1.7566931157692888e-203,0.2232415902140672,0.491335336708281,-0.04580781578850479,-0.022903907894252395,0.022903907894252395,Her2,Weakened
HALLMARK_E2F_TARGETS,HALLMARK_GLYCOLYSIS,-0.051038662494808956,0.6488384280006848,0.0178117048346055,0.7821493524424932,0.03442518366470723,-0.046172469126983605,0.12694673479973256,0.20032124594621872,0.0178117048346055,0.03199208698079455,-0.004866193367825351,0.002433096683912679,0.002433096683912679,Her2,Strengthened
HALLMARK_E2F_TARGETS,HALLMARK_HEDGEHOG_SIGNALING,-0.1030434042646712,0.35693128803036966,0.0,0.544509125575595,0.0515217021323356,0.03226318951792557,0.2863403573806278,0.3846128703851634,0.0,0.016131594758962784,-0.13530659378259677,0.03539010737337282,0.03539010737337282,Her2,Strengthened
HALLMARK_E2F_TARGETS,HALLMARK_HEME_METABOLISM,-0.20001479972431319,0.07159918998361736,0.0025062656641604,0.19516745261618448,0.1012605326942368,0.07302303908386114,0.01570281539838481,0.03582113382313108,0.0025062656641604,0.03776465237401077,-0.27303783880817434,0.06349588032022602,0.06349588032022602,Her2,Strengthened
HALLMARK_E2F_TARGETS,HALLMARK_HYPOXIA,-0.04507837984294101,0.687581043646635,0.0050251256281407,0.8098828177848046,0.025051752735540854,-0.046804825251480706,0.121820049050767,0.193553255625408,0.0050251256281407,0.0259149754398107,0.0017264454085396952,-0.0008632227042698476,0.0008632227042698476,Her2,Weakened
HALLMARK_E2F_TARGETS,HALLMARK_IL2_STAT5_SIGNALING,0.16630664240493098,0.13536615128334636,0.0050377833753148,0.2868871921786329,0.08567221289012289,0.04849293665425346,0.10892451408801514,0.17791003967709138,0.0050377833753148,0.026765360014784127,0.11781370575067752,0.05890685287533876,0.05890685287533876,Her2,Strengthened
HALLMARK_E2F_TARGETS,HALLMARK_IL6_JAK_STAT3_SIGNALING,-0.12480644727177892,0.26391098452501893,0.0,0.4508939414827729,0.06240322363588946,0.10677484596481333,0.00040358237996316395,0.0015118911787610882,0.0,0.05338742298240667,-0.23158129323659227,0.009015800653482793,0.009015800653482793,Her2,Strengthened
HALLMARK_E2F_TARGETS,HALLMARK_INFLAMMATORY_RESPONSE,0.19449110814622966,0.07996043753385951,0.0050251256281407,0.20903169409565267,0.09975811688718518,0.06157424695664485,0.04172891299901471,0.08088278231612821,0.0050251256281407,0.03329968629239278,0.13291686118958482,0.0664584305947924,0.0664584305947924,Her2,Strengthened
HALLMARK_E2F_TARGETS,HALLMARK_INTERFERON_ALPHA_RESPONSE,0.18213092989144583,0.10148947274706559,0.0,0.2442526603441166,0.09106546494572292,0.023528966068882058,0.43689079479876,0.5357269505790601,0.0,0.011764483034441029,0.15860196382256378,0.07930098191128189,0.07930098191128189,Her2,Strengthened
HALLMARK_E2F_TARGETS,HALLMARK_INTERFERON_GAMMA_RESPONSE,-0.17403484722923354,0.11788389105828942,0.0050251256281407,0.2639995732109772,0.08952998642868712,-0.042653438780572775,0.15859286770927702,0.23984723820230167,0.0050251256281407,0.023839282204356736,-0.13138140844866075,0.06569070422433038,0.06569070422433038,Her2,Strengthened
HALLMARK_E2F_TARGETS,HALLMARK_KRAS_SIGNALING_DN,-0.11340783302365204,0.3103617476131612,0.0025062656641604,0.49830517073638797,0.05795704934390622,0.04467525261731171,0.1397528519197588,0.2169800299134405,0.0025062656641604,0.023590759140736054,-0.15808308564096374,0.03436629020317017,0.03436629020317017,Her2,Strengthened
HALLMARK_E2F_TARGETS,HALLMARK_KRAS_SIGNALING_UP,0.05801210645053546,0.6046720734904253,0.0,0.7550696126664331,0.02900605322526773,0.014058603956348233,0.6422973481014534,0.7211862982807337,0.0,0.007029301978174116,0.043953502494187224,0.021976751247093612,0.021976751247093612,Her2,Strengthened
HALLMARK_E2F_TARGETS,HALLMARK_MITOTIC_SPINDLE,-0.0215592962939624,0.8475440868029201,0.05,0.9115377579750458,0.0357796481469812,-0.04088671443158457,0.17657546655780895,0.26156235905590725,0.05,0.04544335721579229,0.01932741813762217,-0.009663709068811088,0.009663709068811088,Her2,Weakened
HALLMARK_E2F_TARGETS,HALLMARK_MTORC1_SIGNALING,0.011676741952621087,0.9170759835438507,0.0362694300518134,0.9583211832265266,0.023973086002217245,0.17392794651090174,7.022138701809025e-09,6.516757507360649e-08,0.0362694300518134,0.10509868828135757,-0.16225120455828065,-0.08112560227914033,0.08112560227914033,Her2,Weakened
HALLMARK_E2F_TARGETS,HALLMARK_MYC_TARGETS_V1,0.0006650199101748127,0.9952689224039177,0.0958904109589041,0.9967218276303224,0.04827771543453946,0.1214924293498917,5.606657882740672e-05,0.0002631477358757595,0.0958904109589041,0.1086914201543979,-0.12082740943971688,-0.060413704719858435,0.060413704719858435,Her2,Weakened
HALLMARK_E2F_TARGETS,HALLMARK_MYC_TARGETS_V2,-0.2939409465861382,0.007353982827458964,0.048780487804878,0.04120725724244616,0.17136071719550808,-0.16646605686884278,3.053028987959513e-08,2.493307006833602e-07,0.048780487804878,0.10762327233686039,-0.1274748897172954,0.06373744485864768,0.06373744485864768,Her2,Strengthened
HALLMARK_E2F_TARGETS,HALLMARK_MYOGENESIS,0.034150350262783645,0.760681536741784,0.0025062656641604,0.859818372928894,0.018328307963472023,-0.09874011250804206,0.0010748819793639723,0.0035491386111074553,0.0025062656641604,0.05062318908610123,0.1328904627708257,-0.03229488112262921,0.03229488112262921,Her2,Weakened
HALLMARK_E2F_TARGETS,HALLMARK_NOTCH_SIGNALING,-0.3557269891768771,0.0010389024211098614,0.0,0.009641329286815001,0.17786349458843856,-0.13663263296339195,5.751222706183585e-06,3.2921718762032205e-05,0.0,0.06831631648169598,-0.21909435621348516,0.10954717810674258,0.10954717810674258,Her2,Strengthened
HALLMARK_E2F_TARGETS,HALLMARK_OXIDATIVE_PHOSPHORYLATION,-0.30404840093736824,0.005484976927337528,0.0,0.0332628551286558,0.15202420046868412,-0.25964179754652095,2.5893809292910574e-18,6.608315913294887e-17,0.0,0.12982089877326047,-0.04440660339084729,0.022203301695423644,0.022203301695423644,Her2,Strengthened
HALLMARK_E2F_TARGETS,HALLMARK_P53_PATHWAY,0.45399090716784124,1.8364740494333666e-05,0.0178117048346055,0.0004890610240338857,0.23590130600122336,0.33356155615074673,7.701149851374075e-30,3.6284263722820157e-28,0.0178117048346055,0.1756866304926761,0.12042935101709451,0.060214675508547255,0.060214675508547255,Her2,Strengthened
HALLMARK_E2F_TARGETS,HALLMARK_PANCREAS_BETA_CELLS,-0.05781254703995716,0.6059174453425873,0.0,0.7556160538939245,0.02890627351997858,-0.12201879587922274,5.201843332216849e-05,0.0002489163313267828,0.0,0.06100939793961137,0.06420624883926557,-0.032103124419632784,0.032103124419632784,Her2,Weakened
HALLMARK_E2F_TARGETS,HALLMARK_PEROXISOME,-0.12096228608167345,0.27901931960853715,0.0099667774086378,0.4663010457305021,0.06546453174515562,-0.10747441347536513,0.0003693841215569819,0.001405265679836344,0.0099667774086378,0.058720595442001464,-0.013487872606308321,0.0067439363031541605,0.0067439363031541605,Her2,Strengthened
HALLMARK_E2F_TARGETS,HALLMARK_PI3K_AKT_MTOR_SIGNALING,0.2873512375369118,0.00885550528938756,0.0132890365448504,0.047165191215216354,0.1503201370408811,-0.025484365687656246,0.39974002113669366,0.5012093407292219,0.0132890365448504,0.019386701116253322,0.31283560322456805,0.13093343592462778,0.13093343592462778,Her2,Strengthened
HALLMARK_E2F_TARGETS,HALLMARK_PROTEIN_SECRETION,-0.17507578351120143,0.11566849794725535,0.0068027210884353,0.2610852938329628,0.09093925229981836,-0.059744357640210285,0.04820117114338956,0.09000980891867714,0.0068027210884353,0.03327353936432279,-0.11533142587099114,0.05766571293549557,0.05766571293549557,Her2,Strengthened
HALLMARK_E2F_TARGETS,HALLMARK_REACTIVE_OXYGEN_SPECIES_PATHWAY,0.16958316713275856,0.12772843781332027,0.0040322580645161,0.27603081364254806,0.08680771259863733,-0.07087863949673183,0.01904608401192686,0.0422671248453087,0.0040322580645161,0.037455448780623964,0.2404618066294904,0.049352263818013366,0.049352263818013366,Her2,Strengthened
HALLMARK_E2F_TARGETS,HALLMARK_SPERMATOGENESIS,-0.04955462235679922,0.6584030788912447,0.0182370820668693,0.78457565334803,0.03389585221183426,-0.033262167217111706,0.27167432339202874,0.3677359626024698,0.0182370820668693,0.0257496246419905,-0.016292455139687516,0.008146227569843761,0.008146227569843761,Her2,Strengthened
HALLMARK_E2F_TARGETS,HALLMARK_TGF_BETA_SIGNALING,0.1506994214846531,0.17655982227121872,0.0,0.33741931713298434,0.07534971074232655,-0.11898973299584162,7.97368196728595e-05,0.00036583372321817565,0.0,0.05949486649792081,0.2696891544804947,0.01585484424440574,0.01585484424440574,Her2,Strengthened
HALLMARK_E2F_TARGETS,HALLMARK_TNFA_SIGNALING_VIA_NFKB,-0.10635564044052365,0.34160090301538987,0.0050251256281407,0.5276937026404194,0.05569038303433217,-0.11947624008286124,7.450019648443054e-05,0.0003443877007299147,0.0050251256281407,0.06225068285550097,0.013120599642337596,-0.006560299821168798,0.006560299821168798,Her2,Weakened
HALLMARK_E2F_TARGETS,HALLMARK_UNFOLDED_PROTEIN_RESPONSE,0.19309527297711251,0.08219202794607318,0.019543973941368,0.21160287303840036,0.10631962345924026,-0.06102906221244073,0.04357554756926768,0.08353684784405775,0.019543973941368,0.040286518076904365,0.25412433518955324,0.0660331053823359,0.0660331053823359,Her2,Strengthened
HALLMARK_E2F_TARGETS,HALLMARK_UV_RESPONSE_DN,-0.0455713881821917,0.6843439842636093,0.0058479532163742,0.8084102032043601,0.025709670699282948,0.060682050639427276,0.04478647119820792,0.0851916571705042,0.0058479532163742,0.03326500192790074,-0.10625343882161897,-0.00755533122861779,0.00755533122861779,Her2,Weakened
HALLMARK_E2F_TARGETS,HALLMARK_UV_RESPONSE_UP,0.041043964896640535,0.7142774611622793,0.0084507042253521,0.8262416335446573,0.024747334560996318,0.07962368367279386,0.008419179049092453,0.020825282916474428,0.0084507042253521,0.04403719394907298,-0.03857971877615333,-0.019289859388076664,0.019289859388076664,Her2,Weakened
HALLMARK_E2F_TARGETS,HALLMARK_WNT_BETA_CATENIN_SIGNALING,0.4109678075283902,0.00012543923465263408,0.0083333333333333,0.0020389994381346996,0.20965057043086174,0.026198165878217543,0.38666573390769043,0.48886529071030443,0.0083333333333333,0.01726574960577542,0.38476964165017263,0.19238482082508632,0.19238482082508632,Her2,Strengthened
HALLMARK_E2F_TARGETS,HALLMARK_XENOBIOTIC_METABOLISM,-0.2079987038434046,0.0607710704273914,0.0,0.17592880446406,0.1039993519217023,-0.07767721174742576,0.010164778641944535,0.024463367065583608,0.0,0.03883860587371288,-0.13032149209597885,0.06516074604798942,0.06516074604798942,Her2,Strengthened
HALLMARK_EPITHELIAL_MESENCHYMAL_TRANSITION,HALLMARK_ESTROGEN_RESPONSE_EARLY,0.047874153251208286,0.6693002359217527,0.015228426395939,0.7937006669933659,0.03155128982357364,0.02025683864197238,0.5032969521427922,0.5997458816876658,0.015228426395939,0.017742632518955692,0.027617314609235905,0.013808657304617951,0.013808657304617951,Her2,Strengthened
HALLMARK_EPITHELIAL_MESENCHYMAL_TRANSITION,HALLMARK_ESTROGEN_RESPONSE_LATE,-0.19705826960916079,0.07598250522909115,0.0204081632653061,0.20319986916215882,0.10873321643723344,-0.05616055993398207,0.06332676679238108,0.11291890730810311,0.0204081632653061,0.03828436159964409,-0.14089770967517873,0.07044885483758935,0.07044885483758935,Her2,Strengthened
HALLMARK_EPITHELIAL_MESENCHYMAL_TRANSITION,HALLMARK_FATTY_ACID_METABOLISM,-0.08658574080242618,0.4392356803129471,0.0056179775280898,0.6242038380317403,0.04610185916525799,-0.06964506807185462,0.021238275704706547,0.04629339455207388,0.0056179775280898,0.037631522799972214,-0.01694067273057155,0.008470336365285776,0.008470336365285776,Her2,Strengthened
HALLMARK_EPITHELIAL_MESENCHYMAL_TRANSITION,HALLMARK_G2M_CHECKPOINT,-0.15842800910997118,0.1551429998749931,0.0050251256281407,0.31306029357437004,0.08172656736905594,-0.0897828282419502,0.0029563859547957925,0.008521347752058461,0.0050251256281407,0.04740397693504545,-0.06864518086802097,0.03432259043401049,0.03432259043401049,Her2,Strengthened
HALLMARK_EPITHELIAL_MESENCHYMAL_TRANSITION,HALLMARK_GLYCOLYSIS,0.23223168161443922,0.03577654871246669,0.0362694300518134,0.12593756371486117,0.1342505558331263,0.22255472582809488,9.598536493567447e-14,1.704088000669583e-12,0.0362694300518134,0.12941207793995413,0.009676955786344338,0.004838477893172183,0.004838477893172183,Her2,Strengthened
HALLMARK_EPITHELIAL_MESENCHYMAL_TRANSITION,HALLMARK_HEDGEHOG_SIGNALING,0.038282240394233225,0.7327545011511586,0.0128755364806866,0.8404721572192596,0.025578888437459913,0.006448463414673927,0.8312913651376448,0.8763613789101676,0.0128755364806866,0.009661999947680263,0.031833776979559296,0.01591688848977965,0.01591688848977965,Her2,Strengthened
HALLMARK_EPITHELIAL_MESENCHYMAL_TRANSITION,HALLMARK_HEME_METABOLISM,-0.3141775769360458,0.004046812521759085,0.0025062656641604,0.02769466669918927,0.1583419213001031,-0.08004170979629288,0.008081224208708715,0.02024437557396355,0.0025062656641604,0.04127398773022664,-0.23413586713975293,0.11706793356987646,0.11706793356987646,Her2,Strengthened
HALLMARK_EPITHELIAL_MESENCHYMAL_TRANSITION,HALLMARK_HYPOXIA,0.1556369566263936,0.16264203830380905,0.0471204188481675,0.32134918858413886,0.10137868773728055,-0.02741164237850056,0.36504586432663044,0.4667862043842612,0.0471204188481675,0.03726603061333403,0.18304859900489415,0.06411265712394652,0.06411265712394652,Her2,Strengthened
HALLMARK_EPITHELIAL_MESENCHYMAL_TRANSITION,HALLMARK_IL2_STAT5_SIGNALING,-0.1191767921840744,0.286229182506923,0.0257069408740359,0.47254817866708976,0.07244186652905515,-0.06347802495085249,0.03579086563496197,0.07094467702723044,0.0257069408740359,0.04459248291244419,-0.05569876723322191,0.027849383616610962,0.027849383616610962,Her2,Strengthened
HALLMARK_EPITHELIAL_MESENCHYMAL_TRANSITION,HALLMARK_IL6_JAK_STAT3_SIGNALING,0.1721968370916202,0.1218752402265988,0.028673835125448,0.2693311617586717,0.1004353361085341,-0.001726438031700442,0.9545150375458612,0.9687497274181275,0.028673835125448,0.015200136578574221,0.17392327512332065,0.08523519952995988,0.08523519952995988,Her2,Strengthened
HALLMARK_EPITHELIAL_MESENCHYMAL_TRANSITION,HALLMARK_INFLAMMATORY_RESPONSE,-0.16844561854001455,0.13034193019626725,0.0335917312661498,0.2801208148954866,0.10101867490308218,-0.044538843130485714,0.14096725736255464,0.21858846869510057,0.0335917312661498,0.039065287198317755,-0.12390677540952884,0.061953387704764426,0.061953387704764426,Her2,Strengthened
HALLMARK_EPITHELIAL_MESENCHYMAL_TRANSITION,HALLMARK_INTERFERON_ALPHA_RESPONSE,-0.11226373800660197,0.31529983540842554,0.0033783783783783,0.5029196593428663,0.057821058192490137,-0.07010859398067022,0.020390056487442416,0.04484348150290298,0.0033783783783783,0.03674348617952426,-0.04215514402593175,0.021077572012965874,0.021077572012965874,Her2,Strengthened
HALLMARK_EPITHELIAL_MESENCHYMAL_TRANSITION,HALLMARK_INTERFERON_GAMMA_RESPONSE,0.10461507026660223,0.3496047049796635,0.0126582278481012,0.5366738892231676,0.05863664905735171,0.06604391540387902,0.02893766430467284,0.05977848022466144,0.0126582278481012,0.03935107162599011,0.03857115486272321,0.019285577431361604,0.019285577431361604,Her2,Strengthened
HALLMARK_EPITHELIAL_MESENCHYMAL_TRANSITION,HALLMARK_KRAS_SIGNALING_DN,0.2332594012222413,0.034943425111916296,0.0025062656641604,0.12443516209912053,0.11788283344320086,-0.14598314463557371,1.2410472958922459e-06,7.95959653124608e-06,0.0025062656641604,0.07424470514986706,0.379242545857815,0.0436381282933338,0.0436381282933338,Her2,Strengthened
HALLMARK_EPITHELIAL_MESENCHYMAL_TRANSITION,HALLMARK_KRAS_SIGNALING_UP,-0.15830188090536512,0.15547622659862226,0.0230179028132992,0.31306029357437004,0.09065989185933215,-0.3121885393611591,3.706420607251815e-26,1.3354015423186686e-24,0.0230179028132992,0.16760322108722914,0.15388665845579397,-0.07694332922789698,0.07694332922789698,Her2,Weakened
HALLMARK_EPITHELIAL_MESENCHYMAL_TRANSITION,HALLMARK_MITOTIC_SPINDLE,0.07937665227784203,0.47840449826748804,0.0075757575757575,0.6598738155421505,0.043476204926799766,0.06106790157191786,0.04344174934482241,0.08344908315386111,0.0075757575757575,0.034321829573837684,0.018308750705924172,0.009154375352962082,0.009154375352962082,Her2,Strengthened
HALLMARK_EPITHELIAL_MESENCHYMAL_TRANSITION,HALLMARK_MTORC1_SIGNALING,-0.2819072964442374,0.010292155216007641,0.0050251256281407,0.05240749641705625,0.14346621103618906,-0.04836463350197836,0.1098651388387947,0.17920745016980494,0.0050251256281407,0.026694879565059528,-0.23354266294225903,0.11677133147112953,0.11677133147112953,Her2,Strengthened
HALLMARK_EPITHELIAL_MESENCHYMAL_TRANSITION,HALLMARK_MYC_TARGETS_V1,-0.21153973988008773,0.056414879379402705,0.0025062656641604,0.16938290990139293,0.10702300277212407,-0.03732917443184797,0.21731248325874564,0.30954394417670167,0.0025062656641604,0.019917720048004184,-0.17421056544823976,0.08710528272411988,0.08710528272411988,Her2,Strengthened
HALLMARK_EPITHELIAL_MESENCHYMAL_TRANSITION,HALLMARK_MYC_TARGETS_V2,0.14136140132955297,0.20522591612139496,0.0,0.37410974292962623,0.07068070066477648,0.04892650155051177,0.10579292955111885,0.17442306689114484,0.0,0.024463250775255886,0.0924348997790412,0.0462174498895206,0.0462174498895206,Her2,Strengthened
HALLMARK_EPITHELIAL_MESENCHYMAL_TRANSITION,HALLMARK_MYOGENESIS,0.0708287495921698,0.5271712228609597,0.0526315789473684,0.7013678829740122,0.0617301642697691,0.2569907384634874,5.828154334294367e-18,1.42789781190212e-16,0.0526315789473684,0.15481115870542791,-0.18616198887131763,-0.09308099443565881,0.09308099443565881,Her2,Weakened
HALLMARK_EPITHELIAL_MESENCHYMAL_TRANSITION,HALLMARK_NOTCH_SIGNALING,0.2512986573038056,0.02276540528834923,0.008695652173913,0.09463066223615636,0.12999715473885928,0.1265975877017951,2.6759975947457783e-05,0.00013434823990014666,0.008695652173913,0.06764661993785405,0.12470106960201047,0.062350534801005233,0.062350534801005233,Her2,Strengthened
HALLMARK_EPITHELIAL_MESENCHYMAL_TRANSITION,HALLMARK_OXIDATIVE_PHOSPHORYLATION,0.17533813413961236,0.11511524399064597,0.0,0.2610852938329628,0.08766906706980618,0.11129351601515662,0.00022570138804442382,0.0009277993300483865,0.0,0.05564675800757831,0.06404461812445573,0.03202230906222787,0.03202230906222787,Her2,Strengthened
HALLMARK_EPITHELIAL_MESENCHYMAL_TRANSITION,HALLMARK_P53_PATHWAY,0.2726244669681973,0.013213916832633012,0.0178117048346055,0.06154771148279635,0.1452180859014014,-0.01953619643448378,0.5186060030353422,0.611213054289756,0.0178117048346055,0.01867395063454464,0.2921606634026811,0.12654413526685676,0.12654413526685676,Her2,Strengthened
HALLMARK_EPITHELIAL_MESENCHYMAL_TRANSITION,HALLMARK_PANCREAS_BETA_CELLS,-0.04394331839241431,0.6950550876578103,0.0,0.8132210910991572,0.021971659196207156,-0.00014250313168001426,0.9962435746670403,0.9978727546746724,0.0,7.125156584000713e-05,-0.043800815260734295,0.021900407630367148,0.021900407630367148,Her2,Strengthened
HALLMARK_EPITHELIAL_MESENCHYMAL_TRANSITION,HALLMARK_PEROXISOME,0.2316405439979522,0.03626324048335811,0.0033003300330033,0.12728501315791887,0.11747043701547775,0.0438468919927552,0.14725257582774726,0.22632924139145594,0.0033003300330033,0.02357361101287925,0.187793652005197,0.09389682600259851,0.09389682600259851,Her2,Strengthened
HALLMARK_EPITHELIAL_MESENCHYMAL_TRANSITION,HALLMARK_PI3K_AKT_MTOR_SIGNALING,-0.1067561324884259,0.33977570146610336,0.0,0.5267360607173198,0.05337806624421295,-0.09216731150642887,0.00227695172630174,0.0067373571611585295,0.0,0.046083655753214436,-0.014588820981997028,0.007294410490998514,0.007294410490998514,Her2,Strengthened
HALLMARK_EPITHELIAL_MESENCHYMAL_TRANSITION,HALLMARK_PROTEIN_SECRETION,0.15408104870659614,0.16693722521467236,0.0033898305084745,0.32615327095370594,0.07873543960753532,-0.003920476510809689,0.8969425236024621,0.9264372608878719,0.0033898305084745,0.0036551535096420945,0.15800152521740582,0.07508028609789322,0.07508028609789322,Her2,Strengthened
HALLMARK_EPITHELIAL_MESENCHYMAL_TRANSITION,HALLMARK_REACTIVE_OXYGEN_SPECIES_PATHWAY,-0.09170831443451391,0.4125389328198124,0.0,0.6002391574879861,0.045854157217256955,-0.10531991106765386,0.00048437332418719507,0.0017659444110991486,0.0,0.05265995553382693,0.013611596633139947,-0.006805798316569973,0.006805798316569973,Her2,Weakened
HALLMARK_EPITHELIAL_MESENCHYMAL_TRANSITION,HALLMARK_SPERMATOGENESIS,-0.16154448672498492,0.1470774092392863,0.0,0.3007843511154019,0.08077224336249246,-0.01993572088435389,0.5100890807010763,0.6048975061556809,0.0,0.009967860442176945,-0.14160876584063103,0.07080438292031552,0.07080438292031552,Her2,Strengthened
HALLMARK_EPITHELIAL_MESENCHYMAL_TRANSITION,HALLMARK_TGF_BETA_SIGNALING,-0.1574466079314104,0.15774990517961268,0.0200803212851405,0.3159527818294142,0.08876346460827546,-0.02873411890881708,0.3423613818652248,0.4456883026407018,0.0200803212851405,0.02440722009697879,-0.12871248902259333,0.06435624451129666,0.06435624451129666,Her2,Strengthened
HALLMARK_EPITHELIAL_MESENCHYMAL_TRANSITION,HALLMARK_TNFA_SIGNALING_VIA_NFKB,-0.005147178905304856,0.9633943919120471,0.0582010582010582,0.9779390352860424,0.03167411855318153,0.032728114754696155,0.2794496118195179,0.37651347924840645,0.0582010582010582,0.04546458647787718,-0.03787529366000101,-0.013790467924695647,0.013790467924695647,Her2,Weakened
HALLMARK_EPITHELIAL_MESENCHYMAL_TRANSITION,HALLMARK_UNFOLDED_PROTEIN_RESPONSE,0.0609828022568383,0.5862680489676224,0.0032051282051282,0.7411032533895101,0.03209396523098325,-0.12160523723939612,5.517468570525356e-05,0.00026092622979901426,0.0032051282051282,0.062405182722262156,0.18258803949623442,-0.030311217491278908,0.030311217491278908,Her2,Weakened
HALLMARK_EPITHELIAL_MESENCHYMAL_TRANSITION,HALLMARK_UV_RESPONSE_DN,0.3547382629767772,0.0010754180586207164,0.0617283950617283,0.009758423124521316,0.20823332901925273,0.2285809104406244,1.957796900661548e-14,3.931641316902289e-13,0.0617283950617283,0.14515465275117634,0.1261573525361528,0.0630786762680764,0.0630786762680764,Her2,Strengthened
HALLMARK_EPITHELIAL_MESENCHYMAL_TRANSITION,HALLMARK_UV_RESPONSE_UP,0.18706344793268406,0.0924106499141112,0.0199430199430199,0.22853257000444122,0.10350323393785198,0.06967564090249372,0.021181398804702822,0.04629339455207388,0.0199430199430199,0.04480933042275681,0.11738780703019035,0.05869390351509517,0.05869390351509517,Her2,Strengthened
HALLMARK_EPITHELIAL_MESENCHYMAL_TRANSITION,HALLMARK_WNT_BETA_CATENIN_SIGNALING,-0.10836759810412418,0.33249376317667156,0.0083333333333333,0.5195215049635493,0.05835046571872874,-0.005734055524396036,0.8497460375811025,0.8896913641340602,0.0083333333333333,0.007033694428864668,-0.10263354257972813,0.051316771289864074,0.051316771289864074,Her2,Strengthened
HALLMARK_EPITHELIAL_MESENCHYMAL_TRANSITION,HALLMARK_XENOBIOTIC_METABOLISM,0.15890084199664897,0.15389852534974724,0.0126582278481012,0.31212863171099403,0.08577953492237508,0.04487701818005115,0.13797136640002938,0.21448594395943651,0.0126582278481012,0.028767623014076177,0.11402382381659781,0.05701191190829891,0.05701191190829891,Her2,Strengthened
HALLMARK_ESTROGEN_RESPONSE_EARLY,HALLMARK_ESTROGEN_RESPONSE_LATE,0.7664404666318277,4.794887119796466e-17,0.3377926421404682,1.957912240583557e-14,0.5521165543861479,0.8712596845026659,0.0,0.0,0.3377926421404682,0.6045261633215671,-0.10481921787083814,-0.05240960893541913,0.05240960893541913,Her2,Weakened
HALLMARK_ESTROGEN_RESPONSE_EARLY,HALLMARK_FATTY_ACID_METABOLISM,-0.1929943595636319,0.08235526457817903,0.0084507042253521,0.21160287303840036,0.100722531894492,-0.059005721104338806,0.05104243553102951,0.09459452878292154,0.0084507042253521,0.03372821266484545,-0.1339886384592931,0.06699431922964655,0.06699431922964655,Her2,Strengthened
HALLMARK_ESTROGEN_RESPONSE_EARLY,HALLMARK_G2M_CHECKPOINT,-0.13618546224834177,0.2224752020654654,0.0075566750629722,0.39714076641006285,0.07187106865565698,-0.06773181434162562,0.025072287172788643,0.053137632848903264,0.0075566750629722,0.03764424470229891,-0.06845364790671615,0.034226823953358076,0.034226823953358076,Her2,Strengthened
HALLMARK_ESTROGEN_RESPONSE_EARLY,HALLMARK_GLYCOLYSIS,-0.15310362407195421,0.169677905487496,0.0204081632653061,0.3299292606701312,0.08675589366863015,-0.08161093461532025,0.006918193944447906,0.01777905593510943,0.0204081632653061,0.051009548940313176,-0.07149268945663396,0.035746344728316976,0.035746344728316976,Her2,Strengthened
HALLMARK_ESTROGEN_RESPONSE_EARLY,HALLMARK_HEDGEHOG_SIGNALING,-0.11671890126029957,0.29635447724483616,0.0042553191489361,0.4829857620156783,0.06048711020461783,-0.016910098176926458,0.5763573439112928,0.6629462406491397,0.0042553191489361,0.010582708662931279,-0.09980880308337312,0.04990440154168656,0.04990440154168656,Her2,Strengthened
HALLMARK_ESTROGEN_RESPONSE_EARLY,HALLMARK_HEME_METABOLISM,0.2116419287209338,0.056293056309314686,0.0101010101010101,0.16938290990139293,0.11087146941097195,0.04808429845807715,0.11194265053290345,0.18090995633615664,0.0101010101010101,0.029092654279543627,0.16355763026285663,0.08177881513142832,0.08177881513142832,Her2,Strengthened
HALLMARK_ESTROGEN_RESPONSE_EARLY,HALLMARK_HYPOXIA,0.12367174849797886,0.2683118096359025,0.0335917312661498,0.4552381811689482,0.07863173988206433,0.047055806610320036,0.11983065782383705,0.19097233176661896,0.0335917312661498,0.040323768938234916,0.07661594188765883,0.038307970943829414,0.038307970943829414,Her2,Strengthened
HALLMARK_ESTROGEN_RESPONSE_EARLY,HALLMARK_IL2_STAT5_SIGNALING,0.21563865277199318,0.05169438200200896,0.0310077519379844,0.16072491866106844,0.12332320235498878,0.12784442375187588,2.2240706627609816e-05,0.0001125820893339753,0.0310077519379844,0.07942608784493013,0.0877942290201173,0.04389711451005865,0.04389711451005865,Her2,Strengthened
HALLMARK_ESTROGEN_RESPONSE_EARLY,HALLMARK_IL6_JAK_STAT3_SIGNALING,0.21206468873268125,0.05579134975374281,0.0105633802816901,0.16838254188475446,0.11131403450718567,-0.03456579457723958,0.2533205341395523,0.34962230209049033,0.0105633802816901,0.02256458742946484,0.24663048330992082,0.08874944707772084,0.08874944707772084,Her2,Strengthened
HALLMARK_ESTROGEN_RESPONSE_EARLY,HALLMARK_INFLAMMATORY_RESPONSE,-0.18272257227292774,0.10036506486529373,0.0126582278481012,0.24249253435333074,0.09769040006051447,-0.05662406466295627,0.06117339257947843,0.10971801743757112,0.0126582278481012,0.034641146255528735,-0.12609850760997146,0.06304925380498573,0.06304925380498573,Her2,Strengthened
HALLMARK_ESTROGEN_RESPONSE_EARLY,HALLMARK_INTERFERON_ALPHA_RESPONSE,-0.19994921809725705,0.07169416626716982,0.0033783783783783,0.19516745261618448,0.10166379823781767,0.09706484548504939,0.0013071408949131436,0.004180803123416713,0.0033783783783783,0.050221611931713844,-0.2970140635823064,0.051442186306103824,0.051442186306103824,Her2,Strengthened
HALLMARK_ESTROGEN_RESPONSE_EARLY,HALLMARK_INTERFERON_GAMMA_RESPONSE,0.21261861953460814,0.05513951434378332,0.0025062656641604,0.1676077048911528,0.10756244259938427,-0.0865833497835211,0.004158099570802789,0.011498130867344055,0.0025062656641604,0.04454480772384075,0.29920196931812926,0.06301763487554352,0.06301763487554352,Her2,Strengthened
HALLMARK_ESTROGEN_RESPONSE_EARLY,HALLMARK_KRAS_SIGNALING_DN,-0.1696128559856597,0.12766076777748914,0.0075566750629722,0.27603081364254806,0.08858476552431595,-0.08315777749196615,0.005921031553450924,0.015432475857398686,0.0075566750629722,0.04535722627746917,-0.08645507849369355,0.043227539246846775,0.043227539246846775,Her2,Strengthened
HALLMARK_ESTROGEN_RESPONSE_EARLY,HALLMARK_KRAS_SIGNALING_UP,-0.1664092292144161,0.13512188318684037,0.0050251256281407,0.2868871921786329,0.08571717742127839,-0.0664647290501262,0.027928915366643138,0.05798800224430143,0.0050251256281407,0.035744927339133446,-0.09994450016428989,0.049972250082144946,0.049972250082144946,Her2,Strengthened
HALLMARK_ESTROGEN_RESPONSE_EARLY,HALLMARK_MITOTIC_SPINDLE,-0.05373698851212757,0.6315933316298735,0.0075757575757575,0.7721575162141667,0.030656373043942534,0.20033901810629903,2.2830005815044503e-11,3.0398649047205996e-10,0.0075757575757575,0.10395738784102826,-0.2540760066184266,-0.07330101479708573,0.07330101479708573,Her2,Weakened
HALLMARK_ESTROGEN_RESPONSE_EARLY,HALLMARK_MTORC1_SIGNALING,0.033830947845597155,0.7628536662212281,0.0256410256410256,0.8604933159493595,0.029735986743311377,-0.016557171157913966,0.5843437078253202,0.6689916281177731,0.0256410256410256,0.02109909839946978,0.05038811900351112,0.008636888343841596,0.008636888343841596,Her2,Strengthened
HALLMARK_ESTROGEN_RESPONSE_EARLY,HALLMARK_MYC_TARGETS_V1,0.29092015484642453,0.008011958688979684,0.0025062656641604,0.043620663973333834,0.14671321025529246,0.017130398320865988,0.5713983959666115,0.6590989030688316,0.0025062656641604,0.009818331992513194,0.27378975652555854,0.13689487826277927,0.13689487826277927,Her2,Strengthened
HALLMARK_ESTROGEN_RESPONSE_EARLY,HALLMARK_MYC_TARGETS_V2,0.05581612727326428,0.6184377563962458,0.0117647058823529,0.7644464412596128,0.03379041657780859,0.049670291960540895,0.1005871714806019,0.16696380089937307,0.0117647058823529,0.030717498921446897,0.006145835312723384,0.003072917656361692,0.003072917656361692,Her2,Strengthened
HALLMARK_ESTROGEN_RESPONSE_EARLY,HALLMARK_MYOGENESIS,-0.29598109961028957,0.006936965641075476,0.0256410256410256,0.03970926593606289,0.16081106262565759,-0.09394592806291917,0.0018667345547259222,0.005632388742707524,0.0256410256410256,0.05979347685197238,-0.20203517154737038,0.1010175857736852,0.1010175857736852,Her2,Strengthened
HALLMARK_ESTROGEN_RESPONSE_EARLY,HALLMARK_NOTCH_SIGNALING,0.13950130129137261,0.21131154879994146,0.008695652173913,0.38179446501464354,0.0740984767326428,-0.1390791396719147,3.887008899682429e-06,2.3572207436192945e-05,0.008695652173913,0.07388739592291385,0.2785804409632873,0.00021108080972895293,0.00021108080972895293,Her2,Strengthened
HALLMARK_ESTROGEN_RESPONSE_EARLY,HALLMARK_OXIDATIVE_PHOSPHORYLATION,0.18699484848199557,0.09253237120179825,0.0,0.22853257000444122,0.09349742424099779,0.03022488171784708,0.3178947048200597,0.42008739310094195,0.0,0.01511244085892354,0.1567699667641485,0.07838498338207425,0.07838498338207425,Her2,Strengthened
HALLMARK_ESTROGEN_RESPONSE_EARLY,HALLMARK_P53_PATHWAY,-0.17214105188013293,0.12199798191936459,0.0204081632653061,0.2693311617586717,0.09627460757271951,-0.07530153961125995,0.01272624735875074,0.030037867079903004,0.0204081632653061,0.047854851438283025,-0.09683951226887298,0.048419756134436484,0.048419756134436484,Her2,Strengthened
HALLMARK_ESTROGEN_RESPONSE_EARLY,HALLMARK_PANCREAS_BETA_CELLS,-0.248714679243319,0.02424886981278605,0.0,0.09819267898059443,0.1243573396216595,-0.027696634749936517,0.3600797809614774,0.4614130624143908,0.0,0.013848317374968258,-0.22101804449338247,0.11050902224669124,0.11050902224669124,Her2,Strengthened
HALLMARK_ESTROGEN_RESPONSE_EARLY,HALLMARK_PEROXISOME,-0.02989470163963322,0.7897681239964481,0.0167224080267558,0.881116531781101,0.02330855483319451,-0.02567555842206651,0.39621227200371106,0.49729511598826437,0.0167224080267558,0.021198983224411154,-0.004219143217566709,0.0021095716087833546,0.0021095716087833546,Her2,Strengthened
HALLMARK_ESTROGEN_RESPONSE_EARLY,HALLMARK_PI3K_AKT_MTOR_SIGNALING,-0.24475504584638239,0.026681254810839976,0.009933774834437,0.10409088262190755,0.1273444103404097,0.009879338973115898,0.7441216080119915,0.8017141335221544,0.009933774834437,0.00990655690377645,-0.2546343848194983,0.11743785343663324,0.11743785343663324,Her2,Strengthened
HALLMARK_ESTROGEN_RESPONSE_EARLY,HALLMARK_PROTEIN_SECRETION,0.07839303748042445,0.48389009716942444,0.0068027210884353,0.6631730503006793,0.042597879284429874,-0.1489495711677268,7.474758550997159e-07,4.896566430466054e-06,0.0068027210884353,0.07787614612808105,0.22734260864815126,-0.03527826684365118,0.03527826684365118,Her2,Weakened
HALLMARK_ESTROGEN_RESPONSE_EARLY,HALLMARK_REACTIVE_OXYGEN_SPECIES_PATHWAY,-0.13260636618449256,0.23498305322485127,0.0,0.41417876287833494,0.06630318309224628,-0.007115262471384626,0.8141497363386291,0.8627451790785645,0.0,0.003557631235692313,-0.12549110371310793,0.06274555185655396,0.06274555185655396,Her2,Strengthened
HALLMARK_ESTROGEN_RESPONSE_EARLY,HALLMARK_SPERMATOGENESIS,-0.09114199462338943,0.41544309961580717,0.0,0.6010495451732953,0.045570997311694714,-0.11722280921100214,0.00010182739406185987,0.0004602898809069312,0.0,0.05861140460550107,0.026080814587612716,-0.013040407293806358,0.013040407293806358,Her2,Weakened
HALLMARK_ESTROGEN_RESPONSE_EARLY,HALLMARK_TGF_BETA_SIGNALING,-0.32088140294116413,0.003290143092117868,0.0119521912350597,0.02371476602957435,0.1664167970881119,-0.201836180384879,1.6092010172301414e-11,2.190301384563248e-10,0.0119521912350597,0.10689418580996934,-0.11904522255628514,0.05952261127814257,0.05952261127814257,Her2,Strengthened
HALLMARK_ESTROGEN_RESPONSE_EARLY,HALLMARK_TNFA_SIGNALING_VIA_NFKB,0.04476117384801134,0.6896667753085338,0.0335917312661498,0.8107886753867121,0.03917645255708058,0.07117463012711138,0.01855044716126852,0.04131690504100716,0.0335917312661498,0.05238318069663059,-0.026413456279100037,-0.013206728139550011,0.013206728139550011,Her2,Weakened
HALLMARK_ESTROGEN_RESPONSE_EARLY,HALLMARK_UNFOLDED_PROTEIN_RESPONSE,-0.09132055894020819,0.4145261204301239,0.0162337662337662,0.6010495451732953,0.05377716258698719,0.2005642353563958,2.166365913352501e-11,2.916261806436059e-10,0.0162337662337662,0.10839900079508101,-0.29188479429660397,-0.05462183820809382,0.05462183820809382,Her2,Weakened
HALLMARK_ESTROGEN_RESPONSE_EARLY,HALLMARK_UV_RESPONSE_DN,0.2730488625263505,0.013066114428602657,0.0207715133531157,0.06109156555358112,0.14691018793973312,0.14863231182016473,7.895010433067415e-07,5.144355202397651e-06,0.0207715133531157,0.08470191258664021,0.12441655070618579,0.06220827535309291,0.06220827535309291,Her2,Strengthened
HALLMARK_ESTROGEN_RESPONSE_EARLY,HALLMARK_UV_RESPONSE_UP,-0.19703415649988948,0.07601911848730797,0.0257879656160458,0.20319986916215882,0.11141106105796764,-0.11248947847988729,0.00019281371155619484,0.0008061324117963777,0.0257879656160458,0.06913872204796655,-0.08454467802000219,0.04227233901000109,0.04227233901000109,Her2,Strengthened
HALLMARK_ESTROGEN_RESPONSE_EARLY,HALLMARK_WNT_BETA_CATENIN_SIGNALING,-0.16946932840684267,0.12798816501956514,0.0083333333333333,0.27603081364254806,0.08890133087008799,0.18648001639496808,5.116186317619449e-10,5.449850642681587e-09,0.0083333333333333,0.0974066748641507,-0.35594934480181073,-0.008505343994062706,0.008505343994062706,Her2,Weakened
HALLMARK_ESTROGEN_RESPONSE_EARLY,HALLMARK_XENOBIOTIC_METABOLISM,0.2142589029433244,0.053245762621372955,0.0126582278481012,0.1642973783656974,0.1134585653957128,0.01455266743548597,0.6306483919674208,0.710059081029495,0.0126582278481012,0.013605447641793585,0.19970623550783842,0.09985311775391921,0.09985311775391921,Her2,Strengthened
HALLMARK_ESTROGEN_RESPONSE_LATE,HALLMARK_FATTY_ACID_METABOLISM,0.09047882366691547,0.4188589481061291,0.0170454545454545,0.6022326425234837,0.053762139106184985,0.07700669697159307,0.01083671521645742,0.026024850454772888,0.0170454545454545,0.047026075758523786,0.013472126695322398,0.006736063347661199,0.006736063347661199,Her2,Strengthened
HALLMARK_ESTROGEN_RESPONSE_LATE,HALLMARK_G2M_CHECKPOINT,0.08506330740141253,0.44735358757022875,0.0204081632653061,0.6328038623250926,0.05273573533335932,0.12538847229548233,3.1965692654733134e-05,0.00015917875407336622,0.0204081632653061,0.07289831778039421,-0.0403251648940698,-0.020162582447034894,0.020162582447034894,Her2,Weakened
HALLMARK_ESTROGEN_RESPONSE_LATE,HALLMARK_GLYCOLYSIS,0.23311661002027165,0.0350581978809648,0.0204081632653061,0.12448200696864313,0.12676238664278888,0.0028148574611684524,0.9259059067404749,0.9483568024724763,0.0204081632653061,0.011611510363237276,0.2303017525591032,0.1151508762795516,0.1151508762795516,Her2,Strengthened
HALLMARK_ESTROGEN_RESPONSE_LATE,HALLMARK_HEDGEHOG_SIGNALING,0.07754657726022432,0.4886374528588449,0.0,0.6688054522369665,0.03877328863011216,0.04195542222267243,0.16552474198740422,0.2484899619296203,0.0,0.020977711111336214,0.03559115503755189,0.017795577518775946,0.017795577518775946,Her2,Strengthened
HALLMARK_ESTROGEN_RESPONSE_LATE,HALLMARK_HEME_METABOLISM,-0.37591838593690613,0.0005006490476352213,0.0050251256281407,0.006012696895619079,0.19047175578252343,-0.0742544184284688,0.014025916533204133,0.032852290159034535,0.0050251256281407,0.03963977202830475,-0.3016639675084373,0.1508319837542187,0.1508319837542187,Her2,Strengthened
HALLMARK_ESTROGEN_RESPONSE_LATE,HALLMARK_HYPOXIA,-0.05467532068204154,0.6256416078731923,0.0309278350515463,0.7694889253460448,0.04280157786679392,-0.0097253484176759,0.7479737465643158,0.8037437188958657,0.0309278350515463,0.0203265917346111,-0.04494997226436564,0.022474986132182823,0.022474986132182823,Her2,Strengthened
HALLMARK_ESTROGEN_RESPONSE_LATE,HALLMARK_IL2_STAT5_SIGNALING,-0.22956201569779902,0.03801869252165165,0.0204603580562659,0.13070917709212462,0.12501118687703247,-0.06892596731705414,0.02261491630704303,0.04860223241425914,0.0204603580562659,0.044693162686660015,-0.16063604838074488,0.08031802419037246,0.08031802419037246,Her2,Strengthened
HALLMARK_ESTROGEN_RESPONSE_LATE,HALLMARK_IL6_JAK_STAT3_SIGNALING,-0.032940724463628564,0.768917350833669,0.0141342756183745,0.8665351929818257,0.02353750004100153,0.022033691140038867,0.46659255423060964,0.564240749192988,0.0141342756183745,0.018083983379206685,-0.054974415603667434,0.005453516661794847,0.005453516661794847,Her2,Strengthened
HALLMARK_ESTROGEN_RESPONSE_LATE,HALLMARK_INFLAMMATORY_RESPONSE,-0.06555756442984159,0.5584365209727224,0.0025062656641604,0.7262046052989225,0.034031915047000996,-0.023919163842207367,0.42932279231012666,0.5300807707756938,0.0025062656641604,0.013212714753183884,-0.041638400587634225,0.020819200293817113,0.020819200293817113,Her2,Strengthened
HALLMARK_ESTROGEN_RESPONSE_LATE,HALLMARK_INTERFERON_ALPHA_RESPONSE,0.2648386666913238,0.01619449546152512,0.0033783783783783,0.07227903874958475,0.13410852253485103,-0.0011625139801233057,0.9693631912994435,0.9802982388246019,0.0033783783783783,0.0022704461792508028,0.26600118067144707,0.13183807635560024,0.13183807635560024,Her2,Strengthened
HALLMARK_ESTROGEN_RESPONSE_LATE,HALLMARK_INTERFERON_GAMMA_RESPONSE,-0.27326001845507236,0.012993111960230045,0.0075566750629722,0.06109156555358112,0.14040834675902228,-0.0054198760075653265,0.8578886947296315,0.8943945966330201,0.0075566750629722,0.006488275535268763,-0.26784014244750703,0.13392007122375352,0.13392007122375352,Her2,Strengthened
HALLMARK_ESTROGEN_RESPONSE_LATE,HALLMARK_KRAS_SIGNALING_DN,0.134410154470489,0.2286196302786985,0.0126582278481012,0.40474996044731315,0.0735341911592951,0.06039919105260179,0.04579438595471192,0.08630480429926476,0.0126582278481012,0.03652870945035149,0.07401096341788722,0.03700548170894361,0.03700548170894361,Her2,Strengthened
HALLMARK_ESTROGEN_RESPONSE_LATE,HALLMARK_KRAS_SIGNALING_UP,0.20163803430948707,0.06928045839080742,0.0204081632653061,0.18986255375556843,0.11102309878739658,0.03964645183528356,0.19007777492510314,0.27852305536274086,0.0204081632653061,0.030027307550294827,0.1619915824742035,0.08099579123710175,0.08099579123710175,Her2,Strengthened
HALLMARK_ESTROGEN_RESPONSE_LATE,HALLMARK_MITOTIC_SPINDLE,0.043211583844658424,0.6998888586123467,0.010126582278481,0.8173153973309101,0.02666908306156971,-0.21026085015275242,2.136897670239978e-12,3.399609929927238e-11,0.010126582278481,0.11019371621561672,0.2534724339974108,-0.08352463315404701,0.08352463315404701,Her2,Weakened
HALLMARK_ESTROGEN_RESPONSE_LATE,HALLMARK_MTORC1_SIGNALING,-0.16218084324125331,0.1454698818710986,0.0282776349614395,0.3001073187306584,0.09522923910134641,-0.013990972253371262,0.6438989031332727,0.7216616251951135,0.0282776349614395,0.021134303607405383,-0.14818987098788206,0.07409493549394103,0.07409493549394103,Her2,Strengthened
HALLMARK_ESTROGEN_RESPONSE_LATE,HALLMARK_MYC_TARGETS_V1,-0.15725137760211452,0.15827235726394923,0.0050251256281407,0.3162865214491644,0.08113825161512761,-0.05186938782206787,0.08638045269005233,0.14737612053664917,0.0050251256281407,0.028447256725104283,-0.10538198978004665,0.052690994890023324,0.052690994890023324,Her2,Strengthened
HALLMARK_ESTROGEN_RESPONSE_LATE,HALLMARK_MYC_TARGETS_V2,0.08821952506547609,0.43061711198964775,0.0117647058823529,0.6155262102535806,0.049992115473914495,-0.1057421204940819,0.0004594985995696142,0.001685286779858615,0.0117647058823529,0.0587534131882174,0.19396164555955797,-0.008761297714302903,0.008761297714302903,Her2,Weakened
HALLMARK_ESTROGEN_RESPONSE_LATE,HALLMARK_MYOGENESIS,0.21109084014244966,0.05695258209963056,0.015228426395939,0.16974918022395968,0.11315963326919433,0.035648719548991056,0.23874405340742869,0.3330996189340548,0.015228426395939,0.025438572972465028,0.1754421205934586,0.0877210602967293,0.0877210602967293,Her2,Strengthened
HALLMARK_ESTROGEN_RESPONSE_LATE,HALLMARK_NOTCH_SIGNALING,0.06339733731896113,0.5715000684775522,0.0043290043290043,0.7315439748014644,0.03386317082398271,0.11465918954893964,0.00014432588455300785,0.0006160251169945456,0.0043290043290043,0.059494096938971966,-0.051261852229978505,-0.025630926114989253,0.025630926114989253,Her2,Weakened
HALLMARK_ESTROGEN_RESPONSE_LATE,HALLMARK_OXIDATIVE_PHOSPHORYLATION,-0.09829026323374965,0.37966051065481027,0.0075566750629722,0.5671757628684665,0.05292346914836092,-0.042956605249343055,0.15565145295359825,0.237155509786266,0.0075566750629722,0.02525664015615763,-0.05533365798440659,0.027666828992203293,0.027666828992203293,Her2,Strengthened
HALLMARK_ESTROGEN_RESPONSE_LATE,HALLMARK_P53_PATHWAY,0.15126274329276218,0.17492932004105174,0.0230179028132992,0.33640253854048413,0.08714032305303068,0.08582534646840013,0.004501060634195726,0.012345449347671475,0.0230179028132992,0.05442162464084967,0.06543739682436205,0.032718698412181016,0.032718698412181016,Her2,Strengthened
HALLMARK_ESTROGEN_RESPONSE_LATE,HALLMARK_PANCREAS_BETA_CELLS,0.15200181653805572,0.17280687399454034,0.0,0.3344208856924359,0.07600090826902786,-0.008816715266829624,0.7708287276553093,0.8232477692918517,0.0,0.004408357633414812,0.16081853180488534,0.07159255063561305,0.07159255063561305,Her2,Strengthened
HALLMARK_ESTROGEN_RESPONSE_LATE,HALLMARK_PEROXISOME,-0.03654611726583139,0.7444489183509478,0.0167224080267558,0.8494200738574272,0.026634262646293594,0.052286261623729326,0.08387916882663497,0.1451299178144461,0.0167224080267558,0.034504334825242566,-0.08883237888956072,-0.007870072178948972,0.007870072178948972,Her2,Weakened
HALLMARK_ESTROGEN_RESPONSE_LATE,HALLMARK_PI3K_AKT_MTOR_SIGNALING,0.0832444648444084,0.45716078568944324,0.0066006600660066,0.6437034051374345,0.044922562455207496,-0.01927942770131742,0.524118189997693,0.6161658183754068,0.0066006600660066,0.01294004388366201,0.10252389254572582,0.031982518571545486,0.031982518571545486,Her2,Strengthened
HALLMARK_ESTROGEN_RESPONSE_LATE,HALLMARK_PROTEIN_SECRETION,0.1455196570331071,0.1920758785247692,0.0033898305084745,0.3543568542060878,0.0744547437707908,0.1050249180952,0.0005024911508935909,0.0018104460583666143,0.0033898305084745,0.054207374301837245,0.0404947389379071,0.02024736946895355,0.02024736946895355,Her2,Strengthened
HALLMARK_ESTROGEN_RESPONSE_LATE,HALLMARK_REACTIVE_OXYGEN_SPECIES_PATHWAY,0.156141536504443,0.16126682908480267,0.0,0.31966321299172046,0.0780707682522215,-0.02132930593980185,0.48096286043072245,0.5787617917756729,0.0,0.010664652969900925,0.17747084244424485,0.06740611528232059,0.06740611528232059,Her2,Strengthened
HALLMARK_ESTROGEN_RESPONSE_LATE,HALLMARK_SPERMATOGENESIS,0.07055762782953647,0.5287577024243153,0.006006006006006,0.7017640145934845,0.03828181691777123,0.14094059565412054,2.8722026863215964e-06,1.776994086234321e-05,0.006006006006006,0.07347330083006327,-0.07038296782458407,-0.03519148391229204,0.03519148391229204,Her2,Weakened
HALLMARK_ESTROGEN_RESPONSE_LATE,HALLMARK_TGF_BETA_SIGNALING,0.21568746179404574,0.051640188433162836,0.016,0.16072491866106844,0.11584373089702288,0.12941692919403672,1.7569860354382505e-05,9.158756993241944e-05,0.016,0.07270846459701835,0.08627053260000903,0.04313526630000453,0.04313526630000453,Her2,Strengthened
HALLMARK_ESTROGEN_RESPONSE_LATE,HALLMARK_TNFA_SIGNALING_VIA_NFKB,0.06434870344449073,0.5657293158364657,0.0309278350515463,0.7284196807439264,0.04763826924801851,-0.023789382411275126,0.4318314587853783,0.5316517959920487,0.0309278350515463,0.027358608731410713,0.08813808585576585,0.0202796605166078,0.0202796605166078,Her2,Strengthened
HALLMARK_ESTROGEN_RESPONSE_LATE,HALLMARK_UNFOLDED_PROTEIN_RESPONSE,-0.011833005542903185,0.9159702635802023,0.0129449838187702,0.9582097121142167,0.012388994680836693,-0.05710481763179148,0.05900423352043277,0.10660794404502971,0.0129449838187702,0.03502490072528084,0.045271812088888294,-0.022635906044444147,0.022635906044444147,Her2,Weakened
HALLMARK_ESTROGEN_RESPONSE_LATE,HALLMARK_UV_RESPONSE_DN,-0.022678351667631845,0.8397333998579647,0.0117647058823529,0.9068690341188014,0.017221528774992372,-0.03773469212770463,0.21235438269588888,0.30425043134791097,0.0117647058823529,0.024749699005028766,0.015056340460072787,-0.007528170230036393,0.007528170230036393,Her2,Weakened
HALLMARK_ESTROGEN_RESPONSE_LATE,HALLMARK_UV_RESPONSE_UP,0.18864775490481508,0.089634435414152,0.031700288184438,0.22454434229516607,0.11017402154462655,0.13434911342326655,8.240606105524293e-06,4.5471812969672334e-05,0.031700288184438,0.08302470080385227,0.05429864148154853,0.02714932074077428,0.02714932074077428,Her2,Strengthened
HALLMARK_ESTROGEN_RESPONSE_LATE,HALLMARK_WNT_BETA_CATENIN_SIGNALING,-0.14264161307834097,0.2011107635693751,0.0041493775933609,0.36935634988378485,0.07339549533585094,-0.21277335171139408,1.1507459995391193e-12,1.957866457549196e-11,0.0041493775933609,0.10846136465237749,0.07013173863305311,-0.035065869316526554,0.035065869316526554,Her2,Weakened
HALLMARK_ESTROGEN_RESPONSE_LATE,HALLMARK_XENOBIOTIC_METABOLISM,-0.10118938311073235,0.3656951254253726,0.0282776349614395,0.5510166404010842,0.06473350903608592,0.028324191991647055,0.3492945889504497,0.4512289149393334,0.0282776349614395,0.028300913476543278,-0.1295135751023794,0.036432595559542647,0.036432595559542647,Her2,Strengthened
HALLMARK_FATTY_ACID_METABOLISM,HALLMARK_G2M_CHECKPOINT,-0.5361043848939803,2.094820381287064e-07,0.0084507042253521,1.2830774835383266e-05,0.2722775445596662,-0.27322569380953593,3.498861551760454e-20,1.0205012859301323e-18,0.0084507042253521,0.14083819901744402,-0.26287869108444434,0.13143934554222217,0.13143934554222217,Her2,Strengthened
HALLMARK_FATTY_ACID_METABOLISM,HALLMARK_GLYCOLYSIS,0.010378498749842414,0.9262682320020287,0.0376811594202898,0.9602678810199242,0.02402982908506611,0.1804553362929513,1.840724136199616e-09,1.8879986903004242e-08,0.0376811594202898,0.10906824785662055,-0.17007683754310887,-0.08503841877155444,0.08503841877155444,Her2,Weakened
HALLMARK_FATTY_ACID_METABOLISM,HALLMARK_HEDGEHOG_SIGNALING,0.4504337628603784,2.174303790158875e-05,0.0,0.0005509469591079513,0.2252168814301892,-0.0709931563871703,0.01885297043718756,0.04191449870336617,0.0,0.03549657819358515,0.5214269192475487,0.18972030323660405,0.18972030323660405,Her2,Strengthened
HALLMARK_FATTY_ACID_METABOLISM,HALLMARK_HEME_METABOLISM,-0.057557049904644254,0.6075135443133575,0.0170454545454545,0.7560758191489904,0.037301252225049375,0.08683841992754376,0.0040481296879932085,0.01127036106316291,0.0170454545454545,0.05194193723649913,-0.144395469832188,-0.014640685011449758,0.014640685011449758,Her2,Weakened
HALLMARK_FATTY_ACID_METABOLISM,HALLMARK_HYPOXIA,0.14971872968546834,0.17942484306194173,0.0199430199430199,0.3412972558243457,0.08483087481424412,-0.04566963201130614,0.13114180645105838,0.20517076999048087,0.0199430199430199,0.03280632597716302,0.19538836169677448,0.052024548837081096,0.052024548837081096,Her2,Strengthened
HALLMARK_FATTY_ACID_METABOLISM,HALLMARK_IL2_STAT5_SIGNALING,-0.23927307562689218,0.030387646850027223,0.0113314447592068,0.11349044936366876,0.1253022601930495,-0.07263401024554778,0.016268015272326356,0.036904293904814416,0.0113314447592068,0.04198272750237729,-0.1666390653813444,0.0833195326906722,0.0833195326906722,Her2,Strengthened
HALLMARK_FATTY_ACID_METABOLISM,HALLMARK_IL6_JAK_STAT3_SIGNALING,0.20285522667879619,0.06758175152080659,0.0040983606557377,0.1868243382703114,0.10347679366726695,-0.09536416804844271,0.0015894975676675129,0.004954540764358023,0.0040983606557377,0.0497312643520902,0.2982193947272389,0.053745529315176746,0.053745529315176746,Her2,Strengthened
HALLMARK_FATTY_ACID_METABOLISM,HALLMARK_INFLAMMATORY_RESPONSE,-0.41507085667552035,0.0001055893567974062,0.0,0.001796485584400314,0.20753542833776017,-0.01279567746690932,0.6724710369030807,0.745499565797533,0.0,0.00639783873345466,-0.40227517920861106,0.20113758960430553,0.20113758960430553,Her2,Strengthened
HALLMARK_FATTY_ACID_METABOLISM,HALLMARK_INTERFERON_ALPHA_RESPONSE,-0.30448215593400296,0.005415161852536852,0.0079051383399209,0.033224461732001664,0.15619364713696193,-0.13970443922168613,3.512878695747288e-06,2.151638201145214e-05,0.0079051383399209,0.07380478878080352,-0.16477771671231684,0.08238885835615842,0.08238885835615842,Her2,Strengthened
HALLMARK_FATTY_ACID_METABOLISM,HALLMARK_INTERFERON_GAMMA_RESPONSE,0.28154032100929793,0.010395936023954831,0.0056179775280898,0.05240749641705625,0.14357914926869386,0.1378821545318959,4.712192890553666e-06,2.775209755253962e-05,0.0056179775280898,0.07175006602999284,0.14365816647740204,0.07182908323870102,0.07182908323870102,Her2,Strengthened
HALLMARK_FATTY_ACID_METABOLISM,HALLMARK_KRAS_SIGNALING_DN,0.2940915366498333,0.0073224641847062155,0.0028011204481792,0.04120725724244616,0.14844632854900625,0.030006323957652764,0.3214083219620373,0.4235439359582976,0.0028011204481792,0.01640372220291598,0.26408521269218055,0.13204260634609027,0.13204260634609027,Her2,Strengthened
HALLMARK_FATTY_ACID_METABOLISM,HALLMARK_KRAS_SIGNALING_UP,0.27363724300036646,0.012863575663138274,0.0084507042253521,0.06084123624457292,0.14104397361285928,0.03759424983190743,0.21406219302023943,0.30562492593216006,0.0084507042253521,0.023022477028629765,0.23604299316845903,0.11802149658422952,0.11802149658422952,Her2,Strengthened
HALLMARK_FATTY_ACID_METABOLISM,HALLMARK_MITOTIC_SPINDLE,0.3567471453018438,0.001002409136399213,0.0,0.00937367322205371,0.1783735726509219,0.16720108805315823,2.6491440553251382e-08,2.177987562263956e-07,0.0,0.08360054402657911,0.1895460572486856,0.0947730286243428,0.0947730286243428,Her2,Strengthened
HALLMARK_FATTY_ACID_METABOLISM,HALLMARK_MTORC1_SIGNALING,0.21565825912739728,0.05167260709149436,0.028735632183908,0.16072491866106844,0.12219694565565264,-0.129215506061608,1.8111245727066133e-05,9.400964413413564e-05,0.028735632183908,0.07897556912275801,0.34487376518900525,0.04322137653289464,0.04322137653289464,Her2,Strengthened
HALLMARK_FATTY_ACID_METABOLISM,HALLMARK_MYC_TARGETS_V1,0.007971909844122018,0.9433328187619004,0.0112994350282485,0.9686359622659917,0.00963567243618526,0.09158188692004408,0.002429044551542449,0.00711861142497488,0.0112994350282485,0.05144066097414629,-0.08360997707592206,-0.04180498853796103,0.04180498853796103,Her2,Weakened
HALLMARK_FATTY_ACID_METABOLISM,HALLMARK_MYC_TARGETS_V2,0.3238214639685128,0.0030002113333015435,0.0,0.02241011514203897,0.1619107319842564,0.05682483888045692,0.06025960836257418,0.10823756634040083,0.0,0.02841241944022846,0.2669966250880559,0.13349831254402794,0.13349831254402794,Her2,Strengthened
HALLMARK_FATTY_ACID_METABOLISM,HALLMARK_MYOGENESIS,-0.37071556740592493,0.0006070139619223129,0.0112994350282485,0.006843405797000138,0.1910075012170867,0.060472763369209634,0.04553040641504696,0.08607214175684032,0.0112994350282485,0.035886099198729066,-0.4311883307751346,0.15512140201835764,0.15512140201835764,Her2,Strengthened
HALLMARK_FATTY_ACID_METABOLISM,HALLMARK_NOTCH_SIGNALING,0.09609192111256,0.3904615995083505,0.0,0.5742082345711037,0.04804596055628,0.047239924785835545,0.1183874808498179,0.1893272376514712,0.0,0.023619962392917773,0.048851996326724455,0.024425998163362227,0.024425998163362227,Her2,Strengthened
HALLMARK_FATTY_ACID_METABOLISM,HALLMARK_OXIDATIVE_PHOSPHORYLATION,0.17125735864941502,0.12395500188892851,0.0948012232415902,0.2723988209496846,0.13302929094550262,0.2388871499466783,1.1607159021013906e-15,2.5852308728621883e-14,0.0948012232415902,0.16684418659413425,-0.06762979129726329,-0.03381489564863163,0.03381489564863163,Her2,Weakened
HALLMARK_FATTY_ACID_METABOLISM,HALLMARK_P53_PATHWAY,-0.19405744530689384,0.080648521844882,0.0084507042253521,0.2093102526694501,0.10125407476612297,-0.04784300761631206,0.11375548404259801,0.18335587888445073,0.0084507042253521,0.02814685592083208,-0.1462144376905818,0.0731072188452909,0.0731072188452909,Her2,Strengthened
HALLMARK_FATTY_ACID_METABOLISM,HALLMARK_PANCREAS_BETA_CELLS,-0.10343267968985677,0.3551078345914564,0.0,0.5424028645567757,0.051716339844928384,-0.06403982134457857,0.03418245446947303,0.0683030214877586,0.0,0.032019910672289285,-0.0393928583452782,0.0196964291726391,0.0196964291726391,Her2,Strengthened
HALLMARK_FATTY_ACID_METABOLISM,HALLMARK_PEROXISOME,0.06697160164253821,0.5499632577138319,0.1054852320675105,0.7190021245458316,0.08622841685502436,0.272378426828752,4.6097154487601513e-20,1.3132328894723688e-18,0.1054852320675105,0.18893182944813125,-0.2054068251862138,-0.10270341259310689,0.10270341259310689,Her2,Weakened
HALLMARK_FATTY_ACID_METABOLISM,HALLMARK_PI3K_AKT_MTOR_SIGNALING,-0.29391764169364953,0.007358871217363345,0.0,0.04120725724244616,0.14695882084682477,0.04513434085184189,0.13572476432706077,0.21151549063939976,0.0,0.022567170425920945,-0.3390519825454914,0.12439165042090382,0.12439165042090382,Her2,Strengthened
HALLMARK_FATTY_ACID_METABOLISM,HALLMARK_PROTEIN_SECRETION,0.5168506184949201,6.654886137410753e-07,0.0,3.396764799303405e-05,0.25842530924746004,0.1305371428168905,1.482904389054061e-05,7.796385736443025e-05,0.0,0.06526857140844525,0.3863134756780296,0.1931567378390148,0.1931567378390148,Her2,Strengthened
HALLMARK_FATTY_ACID_METABOLISM,HALLMARK_REACTIVE_OXYGEN_SPECIES_PATHWAY,-0.5314166939242129,2.7941029793855195e-07,0.0048543689320388,1.5558073407942098e-05,0.26813553142812585,-0.1731485646826014,8.212040116970312e-09,7.39687437006517e-08,0.0048543689320388,0.0890014668073201,-0.35826812924161144,0.17913406462080575,0.17913406462080575,Her2,Strengthened
HALLMARK_FATTY_ACID_METABOLISM,HALLMARK_SPERMATOGENESIS,0.2917542556891526,0.007825301151102648,0.0034246575342465,0.04318015274820154,0.14758945661169953,0.005070339005553595,0.8669654589780937,0.9015557616707681,0.0034246575342465,0.004247498269900047,0.286683916683599,0.1433419583417995,0.1433419583417995,Her2,Strengthened
HALLMARK_FATTY_ACID_METABOLISM,HALLMARK_TGF_BETA_SIGNALING,-0.38890677621888664,0.000305154317083269,0.0,0.004063196069858745,0.19445338810944332,-0.1548773269364694,2.6340885032732086e-07,1.886993226029053e-06,0.0,0.0774386634682347,-0.23402944928241723,0.11701472464120861,0.11701472464120861,Her2,Strengthened
HALLMARK_FATTY_ACID_METABOLISM,HALLMARK_TNFA_SIGNALING_VIA_NFKB,0.19058554753969262,0.08632884154727258,0.0028011204481792,0.21894996044598117,0.09669333399393591,-0.002226888477413449,0.9413511756499748,0.9585478662615006,0.0028011204481792,0.0025140044627963245,0.19281243601710607,0.09417932953113958,0.09417932953113958,Her2,Strengthened
HALLMARK_FATTY_ACID_METABOLISM,HALLMARK_UNFOLDED_PROTEIN_RESPONSE,-0.3516755351664211,0.0011960434536233135,0.0,0.01069454912911357,0.17583776758321054,0.05730582225110014,0.05811639813721655,0.10531447887291462,0.0,0.02865291112555007,-0.40898135741752123,0.14718485645766047,0.14718485645766047,Her2,Strengthened
HALLMARK_FATTY_ACID_METABOLISM,HALLMARK_UV_RESPONSE_DN,0.3597116871292627,0.000902869717800352,0.0066666666666666,0.008777900034170089,0.18318917689796466,0.015364627476063613,0.6117027767666862,0.6925470439364053,0.0066666666666666,0.011015647071365106,0.3443470596531991,0.17217352982659956,0.17217352982659956,Her2,Strengthened
HALLMARK_FATTY_ACID_METABOLISM,HALLMARK_UV_RESPONSE_UP,-0.1838304379489697,0.09828580724348586,0.0293159609120521,0.23888911482791703,0.1065731994305109,-0.029129493355088028,0.33575816324178864,0.438861029458152,0.0293159609120521,0.02922272713357006,-0.15470094459388167,0.07735047229694084,0.07735047229694084,Her2,Strengthened
HALLMARK_FATTY_ACID_METABOLISM,HALLMARK_WNT_BETA_CATENIN_SIGNALING,-0.4104519211147749,0.00012816567896846683,0.0,0.0020389994381346996,0.20522596055738745,0.12157908359851606,5.5380261018566294e-05,0.00026092622979901426,0.0,0.06078954179925803,-0.532031004713291,0.14443641875812943,0.14443641875812943,Her2,Strengthened
HALLMARK_FATTY_ACID_METABOLISM,HALLMARK_XENOBIOTIC_METABOLISM,0.6838299320995086,1.4355240233451331e-12,0.075075075075075,2.761116543212641e-10,0.3794525035872918,0.32568972906454347,1.8938760877527208e-28,7.73332735832361e-27,0.075075075075075,0.20038240206980923,0.35814020303496513,0.1790701015174826,0.1790701015174826,Her2,Strengthened
HALLMARK_G2M_CHECKPOINT,HALLMARK_GLYCOLYSIS,0.014241358042542287,0.898950214275447,0.0178117048346055,0.946060148185071,0.016026531438573893,0.019522120133600704,0.518907409356201,0.611213054289756,0.0178117048346055,0.018666912484103102,-0.005280762091058417,-0.0026403810455292095,0.0026403810455292095,Her2,Weakened
HALLMARK_G2M_CHECKPOINT,HALLMARK_HEDGEHOG_SIGNALING,0.35863686302509995,0.0009378700993175332,0.0085470085470085,0.009046384816251796,0.18359193578605423,-0.09911933110737552,0.0010278982008409205,0.003440369661284502,0.0085470085470085,0.05383316982719201,0.4577561941324755,0.1297587659588622,0.1297587659588622,Her2,Strengthened
HALLMARK_G2M_CHECKPOINT,HALLMARK_HEME_METABOLISM,-0.03959340160260821,0.7239626051643478,0.0075566750629722,0.8340519268702331,0.023575038332790205,-0.12689770435188286,2.5598597848678415e-05,0.00012904642948407844,0.0075566750629722,0.06722718970742753,0.08730430274927464,-0.04365215137463732,0.04365215137463732,Her2,Weakened
HALLMARK_G2M_CHECKPOINT,HALLMARK_HYPOXIA,0.056576814775475846,0.6136541038397211,0.0075566750629722,0.7608565558741481,0.032066744919224024,0.0025039279937988878,0.9340705643381277,0.9551222381587701,0.0075566750629722,0.005030301528385544,0.05407288678167696,0.02703644339083848,0.02703644339083848,Her2,Strengthened
HALLMARK_G2M_CHECKPOINT,HALLMARK_IL2_STAT5_SIGNALING,-0.31949115349635354,0.0034357642543184756,0.010126582278481,0.02446983262523333,0.16480886788741728,-0.00294710565559416,0.9224355285001972,0.946384859642162,0.010126582278481,0.006536843967037581,-0.3165440478407594,0.1582720239203797,0.1582720239203797,Her2,Strengthened
HALLMARK_G2M_CHECKPOINT,HALLMARK_IL6_JAK_STAT3_SIGNALING,0.22935298598640297,0.038199090121616826,0.0034965034965034,0.13070917709212462,0.11642474474145319,-0.1738096314449657,7.191330993713496e-09,6.623594336315062e-08,0.0034965034965034,0.08865306747073455,0.40316261743136866,0.027771677270718637,0.027771677270718637,Her2,Strengthened
HALLMARK_G2M_CHECKPOINT,HALLMARK_INFLAMMATORY_RESPONSE,-0.3550293105417348,0.0010645499654009282,0.0075566750629722,0.009731893340418933,0.1812929928023535,-0.058472852145617565,0.05317804442170265,0.09795955551366278,0.0075566750629722,0.03301476360429488,-0.2965564583961172,0.1482782291980586,0.1482782291980586,Her2,Strengthened
HALLMARK_G2M_CHECKPOINT,HALLMARK_INTERFERON_ALPHA_RESPONSE,-0.21083603886148883,0.057259645425356887,0.0,0.16983793134639755,0.10541801943074441,-0.02142135728423538,0.4790713346277595,0.5770524925457281,0.0,0.01071067864211769,-0.18941468157725344,0.09470734078862672,0.09470734078862672,Her2,Strengthened
HALLMARK_G2M_CHECKPOINT,HALLMARK_INTERFERON_GAMMA_RESPONSE,0.19904660703744387,0.07301165767363968,0.0075566750629722,0.19743770562959959,0.10330164105020803,0.041304649231358716,0.17219026536237067,0.257422071228145,0.0075566750629722,0.02443066214716546,0.15774195780608516,0.07887097890304257,0.07887097890304257,Her2,Strengthened
HALLMARK_G2M_CHECKPOINT,HALLMARK_KRAS_SIGNALING_DN,0.19736985092553508,0.0755106696322016,0.0050251256281407,0.20319986916215882,0.10119748827683789,-0.032405073335975,0.2842254251737342,0.3821911589877326,0.0050251256281407,0.018715099482057847,0.22977492426151008,0.08248238879478004,0.08248238879478004,Her2,Strengthened
HALLMARK_G2M_CHECKPOINT,HALLMARK_KRAS_SIGNALING_UP,0.10967082524917483,0.32667759721661904,0.0,0.5146665005486786,0.05483541262458742,0.01928253973468648,0.5240512032874358,0.6161658183754068,0.0,0.00964126986734324,0.09038828551448835,0.04519414275724418,0.04519414275724418,Her2,Strengthened
HALLMARK_G2M_CHECKPOINT,HALLMARK_MITOTIC_SPINDLE,0.574634087571689,1.6488366753745717e-08,0.1083333333333333,1.5537114825645002e-06,0.34148371045251114,0.5167335492757947,1.0250918923119823e-75,1.1415796073474349e-73,0.1083333333333333,0.312533441304564,0.057900538295894255,0.028950269147947127,0.028950269147947127,Her2,Strengthened
HALLMARK_G2M_CHECKPOINT,HALLMARK_MTORC1_SIGNALING,0.2132620702541176,0.05439017001446719,0.0230179028132992,0.1665698956693058,0.11813998653370841,-0.039113953123981894,0.1961023964454877,0.28580037810820236,0.0230179028132992,0.031065927968640546,0.2523760233780995,0.08707405856506786,0.08707405856506786,Her2,Strengthened
HALLMARK_G2M_CHECKPOINT,HALLMARK_MYC_TARGETS_V1,0.10352002085409207,0.35469950267723344,0.0781671159029649,0.5424028645567757,0.09084356837852849,-0.010133917475777885,0.7377672611199831,0.7969708067654139,0.0781671159029649,0.044150516689371394,0.11365393832986995,0.04669305168915709,0.04669305168915709,Her2,Strengthened
HALLMARK_G2M_CHECKPOINT,HALLMARK_MYC_TARGETS_V2,0.3511431919516846,0.0012182187996736464,0.0238095238095238,0.010813898765218962,0.18747635788060418,0.10246419047862894,0.0006884593342332144,0.002409607669816251,0.0238095238095238,0.06313685714407637,0.24867900147305566,0.12433950073652782,0.12433950073652782,Her2,Strengthened
HALLMARK_G2M_CHECKPOINT,HALLMARK_MYOGENESIS,-0.22835347862218536,0.039071587178119586,0.0050251256281407,0.13258364070137535,0.11668930212516303,0.0937002378486296,0.0019190456045665794,0.005761840356848185,0.0050251256281407,0.04936268173838515,-0.32205371647081493,0.06732662038677788,0.06732662038677788,Her2,Strengthened
HALLMARK_G2M_CHECKPOINT,HALLMARK_NOTCH_SIGNALING,0.25957190198099045,0.018524847254993832,0.0175438596491228,0.08162927297614189,0.13855788081505663,0.09506659860918629,0.0016443178338132638,0.005086589258639516,0.0175438596491228,0.056305229129154546,0.16450530337180416,0.08225265168590208,0.08225265168590208,Her2,Strengthened
HALLMARK_G2M_CHECKPOINT,HALLMARK_OXIDATIVE_PHOSPHORYLATION,0.19915180216398226,0.07285711681166815,0.0,0.19743770562959959,0.09957590108199113,0.21194283434967234,1.4132110921963e-12,2.371484367041736e-11,0.0,0.10597141717483617,-0.012791032185690082,-0.006395516092845041,0.006395516092845041,Her2,Weakened
HALLMARK_G2M_CHECKPOINT,HALLMARK_P53_PATHWAY,-0.3705230625992126,0.0006113187348744109,0.0025062656641604,0.006843405797000138,0.1865146641316865,-0.3470243519142977,2.5838342326814924e-32,1.3761725804499254e-30,0.0025062656641604,0.17476530878922905,-0.02349871068491488,0.01174935534245744,0.01174935534245744,Her2,Strengthened
HALLMARK_G2M_CHECKPOINT,HALLMARK_PANCREAS_BETA_CELLS,-0.08250150711775958,0.4612006321992069,0.0,0.6471601081833086,0.04125075355887979,0.09601200196206505,0.001475912585893162,0.004612239390180326,0.0,0.048006000981032526,-0.17851350907982463,-0.006755247422152735,0.006755247422152735,Her2,Weakened
HALLMARK_G2M_CHECKPOINT,HALLMARK_PEROXISOME,-0.08564798214686514,0.4442261343489576,0.0066225165562913,0.6305643274362376,0.04613524935157822,0.01030242090750831,0.7335711611063397,0.793838049783804,0.0066225165562913,0.008462468731899805,-0.09595040305437345,0.037672780619678416,0.037672780619678416,Her2,Strengthened
HALLMARK_G2M_CHECKPOINT,HALLMARK_PI3K_AKT_MTOR_SIGNALING,-0.20470629397313395,0.06506300625318533,0.0132890365448504,0.18449579319479634,0.10899766525899217,0.022149963112021748,0.46424355890577196,0.5630676828312581,0.0132890365448504,0.017719499828436073,-0.2268562570851557,0.0912781654305561,0.0912781654305561,Her2,Strengthened
HALLMARK_G2M_CHECKPOINT,HALLMARK_PROTEIN_SECRETION,0.2687808745939277,0.014619873765102704,0.0,0.06682591553078662,0.13439043729696384,-0.06975161310389338,0.021040635506021373,0.0461087271822472,0.0,0.03487580655194669,0.33853248769782107,0.09951463074501715,0.09951463074501715,Her2,Strengthened
HALLMARK_G2M_CHECKPOINT,HALLMARK_REACTIVE_OXYGEN_SPECIES_PATHWAY,-0.2441080939527752,0.027097692892968872,0.0,0.10537991680599007,0.1220540469763876,0.060783857106742646,0.04442830633758226,0.08477363748214685,0.0,0.030391928553371323,-0.30489195105951783,0.09166211842301628,0.09166211842301628,Her2,Strengthened
HALLMARK_G2M_CHECKPOINT,HALLMARK_SPERMATOGENESIS,0.3045822185409429,0.0053991684315387745,0.0339506172839506,0.033224461732001664,0.16926641791244676,0.2366947178381071,2.1412812067866143e-15,4.4458804717179704e-14,0.0339506172839506,0.13532266756102884,0.0678875007028358,0.03394375035141792,0.03394375035141792,Her2,Strengthened
HALLMARK_G2M_CHECKPOINT,HALLMARK_TGF_BETA_SIGNALING,-0.39078992468312373,0.0002835326094047965,0.0079365079365079,0.0038167851266030298,0.19936321630981582,-0.021064631753139246,0.486424099379395,0.5830425848725626,0.0079365079365079,0.014500569844823574,-0.36972529292998446,0.18486264646499226,0.18486264646499226,Her2,Strengthened
HALLMARK_G2M_CHECKPOINT,HALLMARK_TNFA_SIGNALING_VIA_NFKB,0.22938296946928935,0.03817316988431554,0.0126582278481012,0.13070917709212462,0.12102059865869527,0.12786730546760403,2.2164978331357783e-05,0.0001125820893339753,0.0126582278481012,0.07026276665785261,0.10151566400168532,0.05075783200084266,0.05075783200084266,Her2,Strengthened
HALLMARK_G2M_CHECKPOINT,HALLMARK_UNFOLDED_PROTEIN_RESPONSE,-0.34338892809111266,0.0015863224347727471,0.019543973941368,0.01340168953514907,0.18146645101624032,0.016136451619835904,0.5939307732061946,0.6751015221691646,0.019543973941368,0.017840212780601952,-0.35952537971094856,0.16362623823563838,0.16362623823563838,Her2,Strengthened
HALLMARK_G2M_CHECKPOINT,HALLMARK_UV_RESPONSE_DN,0.24291086439415405,0.027882864416100002,0.026865671641791,0.10685539641325908,0.13488826801797252,-0.03651870353814996,0.2274697546391209,0.3213718562453913,0.026865671641791,0.03169218758997048,0.279429567932304,0.10319608042800205,0.10319608042800205,Her2,Strengthened
HALLMARK_G2M_CHECKPOINT,HALLMARK_UV_RESPONSE_UP,-0.07057892720268606,0.5286329820655116,0.0084507042253521,0.7017640145934845,0.03951481571401908,-0.025375673237297943,0.4017539185744967,0.5032193765375853,0.0084507042253521,0.01691318873132502,-0.045203253965388115,0.02260162698269406,0.02260162698269406,Her2,Strengthened
HALLMARK_G2M_CHECKPOINT,HALLMARK_WNT_BETA_CATENIN_SIGNALING,-0.3948547901746416,0.00024157822132699208,0.0083333333333333,0.003343394373159464,0.20159406175398745,0.07386709690530902,0.014535503824051029,0.03376513920355502,0.0083333333333333,0.04110021511932116,-0.4687218870799506,0.1604938466346663,0.1604938466346663,Her2,Strengthened
HALLMARK_G2M_CHECKPOINT,HALLMARK_XENOBIOTIC_METABOLISM,0.5107776301935997,9.444257757728618e-07,0.0025062656641604,4.449698366622137e-05,0.25664194792888,0.17412513462370877,6.74871079523956e-09,6.310817346693482e-08,0.0025062656641604,0.08831570014393458,0.3366524955698909,0.16832624778494543,0.16832624778494543,Her2,Strengthened
HALLMARK_GLYCOLYSIS,HALLMARK_HEDGEHOG_SIGNALING,0.14873458094650677,0.18233390337801178,0.0085470085470085,0.3441587544500222,0.07864079474675763,0.09780921530188301,0.001198754187872782,0.0038951561807537343,0.0085470085470085,0.053178111924445756,0.05092536564462376,0.025462682822311872,0.025462682822311872,Her2,Strengthened
HALLMARK_GLYCOLYSIS,HALLMARK_HEME_METABOLISM,0.15179371008203932,0.17340258705543535,0.015228426395939,0.3345168017998556,0.08351106823898916,0.038414175608092606,0.20423045851727248,0.29570362146972734,0.015228426395939,0.026821301002015803,0.11337953447394672,0.05668976723697335,0.05668976723697335,Her2,Strengthened
HALLMARK_GLYCOLYSIS,HALLMARK_HYPOXIA,0.564060989641677,3.4212390704261164e-08,0.1940298507462686,2.6193861632949955e-06,0.3790454201939728,0.555229488708552,1.735425323431062e-89,2.3621066902256125e-87,0.1940298507462686,0.3746296697274103,0.008831500933124903,0.004415750466562507,0.004415750466562507,Her2,Strengthened
HALLMARK_GLYCOLYSIS,HALLMARK_IL2_STAT5_SIGNALING,0.3604023490762063,0.0008810102847786943,0.0126903553299492,0.008633900790831204,0.18654635220307775,0.17470258873675845,6.006144934110284e-09,5.748068393972733e-08,0.0126903553299492,0.09369647203335382,0.18569976033944782,0.09284988016972393,0.09284988016972393,Her2,Strengthened
HALLMARK_GLYCOLYSIS,HALLMARK_IL6_JAK_STAT3_SIGNALING,-0.2816476206726446,0.010365497547069322,0.0105633802816901,0.05240749641705625,0.14610550047716736,-0.0024173692333887527,0.9363447699135139,0.9566491602535901,0.0105633802816901,0.006490374757539427,-0.27923025143925584,0.13961512571962792,0.13961512571962792,Her2,Strengthened
HALLMARK_GLYCOLYSIS,HALLMARK_INFLAMMATORY_RESPONSE,0.4244105133479739,7.074362559222788e-05,0.0126582278481012,0.0013130445659163509,0.21853437059803757,0.05464862676789636,0.07078974058061945,0.12423700889865162,0.0126582278481012,0.03365342730799878,0.3697618865800776,0.1848809432900388,0.1848809432900388,Her2,Strengthened
HALLMARK_GLYCOLYSIS,HALLMARK_INTERFERON_ALPHA_RESPONSE,-0.03807044823477181,0.7341779258010547,0.0033783783783783,0.8405308029030766,0.020724413306575058,0.20781448423653454,3.875050511785024e-12,5.78894741089836e-11,0.0033783783783783,0.10559643130745641,-0.24588493247130636,-0.08487201800088136,0.08487201800088136,Her2,Weakened
HALLMARK_GLYCOLYSIS,HALLMARK_INTERFERON_GAMMA_RESPONSE,0.022169742595117975,0.8432814742774619,0.0075566750629722,0.9085486420315663,0.014863208829045087,-0.2064798214593681,5.345175759007689e-12,7.613767796260954e-11,0.0075566750629722,0.10701824826117015,0.22864956405448608,-0.09215503943212507,0.09215503943212507,Her2,Weakened
HALLMARK_GLYCOLYSIS,HALLMARK_KRAS_SIGNALING_DN,-0.14700806109881207,0.18751998814928936,0.0050251256281407,0.3491063609162302,0.07601659336347638,0.041292634658370464,0.17231518237312562,0.257422071228145,0.0050251256281407,0.02315888014325558,-0.18830069575718253,0.0528577132202208,0.0528577132202208,Her2,Strengthened
HALLMARK_GLYCOLYSIS,HALLMARK_KRAS_SIGNALING_UP,-0.14940570152758748,0.180346432579846,0.015228426395939,0.342518418465599,0.08231706396176323,-0.06668317869739777,0.027417302502703796,0.057314326904116294,0.015228426395939,0.04095580254666839,-0.0827225228301897,0.041361261415094844,0.041361261415094844,Her2,Strengthened
HALLMARK_GLYCOLYSIS,HALLMARK_MITOTIC_SPINDLE,-0.1161048231059617,0.2989204381734083,0.0050377833753148,0.4838158650508624,0.060571303240638245,-0.017429964097897932,0.5646878861298481,0.6538210401786994,0.0050377833753148,0.011233873736606366,-0.09867485900806376,0.04933742950403188,0.04933742950403188,Her2,Strengthened
HALLMARK_GLYCOLYSIS,HALLMARK_MTORC1_SIGNALING,0.537012025194772,1.9801860878844024e-07,0.0723860589812332,1.2766989250833647e-05,0.3046990420880026,0.4995641401083703,4.018892878618883e-70,3.787033674083178e-68,0.0723860589812332,0.28597509954480177,0.03744788508640168,0.01872394254320081,0.01872394254320081,Her2,Strengthened
HALLMARK_GLYCOLYSIS,HALLMARK_MYC_TARGETS_V1,-0.02668871929415226,0.8118742614706501,0.0126582278481012,0.8949632481546043,0.01967347357112673,-0.1078917175593548,0.0003502930438781488,0.001340965558596038,0.0126582278481012,0.060274972703727996,0.08120299826520254,-0.04060149913260126,0.04060149913260126,Her2,Weakened
HALLMARK_GLYCOLYSIS,HALLMARK_MYC_TARGETS_V2,-0.30588803236012924,0.0051942576110830035,0.0038910505836575,0.03279879161637463,0.15488954147189338,0.08818435097769715,0.003510316577642518,0.009931034197718439,0.0038910505836575,0.04603770078067733,-0.3940723833378264,0.10885184069121605,0.10885184069121605,Her2,Strengthened
HALLMARK_GLYCOLYSIS,HALLMARK_MYOGENESIS,0.0064179511997127445,0.9543656545889552,0.0204081632653061,0.973437074830533,0.013413057232509422,-0.16748058957046388,2.5095783488533438e-08,2.09131529071112e-07,0.0204081632653061,0.09394437641788499,0.17389854077017664,-0.08053131918537557,0.08053131918537557,Her2,Weakened
HALLMARK_GLYCOLYSIS,HALLMARK_NOTCH_SIGNALING,-0.1553887601463122,0.16332166236850265,0.0043290043290043,0.3216543993591893,0.07985888223765825,0.09717172413037381,0.0012910420550584136,0.004150988234767865,0.0043290043290043,0.05075036422968905,-0.252560484276686,0.029108518007969195,0.029108518007969195,Her2,Strengthened
HALLMARK_GLYCOLYSIS,HALLMARK_OXIDATIVE_PHOSPHORYLATION,0.16313729919311162,0.14307861652199175,0.0204081632653061,0.2980804510874828,0.09177273122920886,-0.013813917733353373,0.6480994613025001,0.7230617851507856,0.0204081632653061,0.017111040499329738,0.17695121692646498,0.07466169072987912,0.07466169072987912,Her2,Strengthened
HALLMARK_GLYCOLYSIS,HALLMARK_P53_PATHWAY,-0.241436650867169,0.028876044723400603,0.0126582278481012,0.10985451796945882,0.1270474393576351,-0.07960798322545262,0.008432114552303116,0.020825282916474428,0.0126582278481012,0.04613310553677691,-0.16182866764171638,0.08091433382085819,0.08091433382085819,Her2,Strengthened
HALLMARK_GLYCOLYSIS,HALLMARK_PANCREAS_BETA_CELLS,-0.2821210340064991,0.01023212796461642,0.0,0.05240749641705625,0.14106051700324956,-0.014015411532705564,0.6433199768106757,0.7216616251951135,0.0,0.007007705766352782,-0.26810562247379355,0.13405281123689677,0.13405281123689677,Her2,Strengthened
HALLMARK_GLYCOLYSIS,HALLMARK_PEROXISOME,0.02559550765806206,0.8194469720728992,0.0133333333333333,0.8970710820279728,0.01946442049569768,0.02408718778789851,0.42608749781682737,0.5272294796218319,0.0133333333333333,0.018710260560615904,0.0015083198701635499,0.0007541599350817767,0.0007541599350817767,Her2,Strengthened
HALLMARK_GLYCOLYSIS,HALLMARK_PI3K_AKT_MTOR_SIGNALING,0.07837679069727123,0.48398098528065897,0.009933774834437,0.6631730503006793,0.04415528276585411,0.0695528573161846,0.021410627538238143,0.04658617892423041,0.009933774834437,0.0397433160753108,0.008823933381086627,0.004411966690543313,0.004411966690543313,Her2,Strengthened
HALLMARK_GLYCOLYSIS,HALLMARK_PROTEIN_SECRETION,0.02454968659431233,0.8267069113432305,0.0171821305841924,0.900088699286584,0.020865908589252365,-0.027791521497936955,0.35843579295616346,0.4602556041627885,0.0171821305841924,0.022486826041064677,0.052341208092249285,-0.0016209174518123128,0.0016209174518123128,Her2,Weakened
HALLMARK_GLYCOLYSIS,HALLMARK_REACTIVE_OXYGEN_SPECIES_PATHWAY,-0.19647640249223675,0.0768699579031185,0.0246913580246913,0.20382185807645056,0.11058388025846402,0.060739995688088265,0.044582317974370386,0.08493520920467143,0.0246913580246913,0.042715676856389787,-0.257216398180325,0.06786820340207424,0.06786820340207424,Her2,Strengthened
HALLMARK_GLYCOLYSIS,HALLMARK_SPERMATOGENESIS,0.21897382825784853,0.048097143264109216,0.0182370820668693,0.15383551044003602,0.11860545516235892,0.0944219182614462,0.0017690935541838718,0.005377517627481993,0.0182370820668693,0.056329500164157754,0.12455190999640232,0.06227595499820116,0.06227595499820116,Her2,Strengthened
HALLMARK_GLYCOLYSIS,HALLMARK_TGF_BETA_SIGNALING,-0.19166077923129682,0.08453676373354471,0.0,0.2152963317538301,0.09583038961564841,-0.10098840891603046,0.0008228388358360116,0.002831397679491894,0.0,0.05049420445801523,-0.09067237031526636,0.04533618515763318,0.04533618515763318,Her2,Strengthened
HALLMARK_GLYCOLYSIS,HALLMARK_TNFA_SIGNALING_VIA_NFKB,-0.14876179738163386,0.182252995312988,0.0126582278481012,0.3441587544500222,0.08071001261486753,-0.06778644278784383,0.024955026680049994,0.05298854024077893,0.0126582278481012,0.040222335317972514,-0.08097535459379003,0.040487677296895015,0.040487677296895015,Her2,Strengthened
HALLMARK_GLYCOLYSIS,HALLMARK_UNFOLDED_PROTEIN_RESPONSE,0.05194096325862201,0.6430506212657202,0.019543973941368,0.7791661830370992,0.035742468599995005,-0.0815989163806182,0.0069264984322324015,0.01777905593510943,0.019543973941368,0.0505714451609931,0.13353987963924022,-0.014828976560998096,0.014828976560998096,Her2,Weakened
HALLMARK_GLYCOLYSIS,HALLMARK_UV_RESPONSE_DN,-0.12243919582817182,0.27314789182048693,0.0147492625368731,0.46089003785137256,0.06859422918252246,-0.1912158391845926,1.8143485230660132e-10,2.1370932122652558e-09,0.0147492625368731,0.10298255086073285,0.06877664335642077,-0.03438832167821039,0.03438832167821039,Her2,Weakened
HALLMARK_GLYCOLYSIS,HALLMARK_UV_RESPONSE_UP,-0.2679302921232714,0.014947932919333964,0.0084507042253521,0.06807144173302641,0.13819049817431175,-0.1937202633564609,1.0373545338344954e-10,1.2966931672931191e-09,0.0084507042253521,0.1010854837909065,-0.07421002876681052,0.03710501438340526,0.03710501438340526,Her2,Strengthened
HALLMARK_GLYCOLYSIS,HALLMARK_WNT_BETA_CATENIN_SIGNALING,0.19684709995658134,0.07630362433844332,0.0,0.20319986916215882,0.09842354997829067,-0.06000165658106439,0.04724312442510811,0.08889835241283783,0.0,0.030000828290532196,0.2568487565376457,0.06842272168775848,0.06842272168775848,Her2,Strengthened
HALLMARK_GLYCOLYSIS,HALLMARK_XENOBIOTIC_METABOLISM,0.028976089839994595,0.7960860874269974,0.0204081632653061,0.8857451926413005,0.024692126552650347,-0.010891865622085835,0.7189558753119779,0.7840377628777435,0.0204081632653061,0.015650014443695966,0.039867955462080426,0.009042112108954382,0.009042112108954382,Her2,Strengthened
HALLMARK_HEDGEHOG_SIGNALING,HALLMARK_HEME_METABOLISM,0.041880134651641546,0.7087148436033341,0.0,0.822136063839095,0.020940067325820773,0.11718485301878859,0.00010235992097578473,0.00046099596762991284,0.0,0.058592426509394294,-0.07530471836714704,-0.03765235918357352,0.03765235918357352,Her2,Weakened
HALLMARK_HEDGEHOG_SIGNALING,HALLMARK_HYPOXIA,-0.20825345717608468,0.06044880649251221,0.0128755364806866,0.17589023266823625,0.11056449682838564,-0.04343659181263777,0.15107929241045956,0.23134016650351621,0.0128755364806866,0.028156064146662187,-0.16481686536344692,0.08240843268172345,0.08240843268172345,Her2,Strengthened
HALLMARK_HEDGEHOG_SIGNALING,HALLMARK_IL2_STAT5_SIGNALING,0.17017850971038753,0.1263766886690467,0.0085836909871244,0.2754652021700751,0.08938110034875596,0.00936520880785897,0.7570072066743713,0.8120261192435244,0.0085836909871244,0.008974449897491684,0.16081330090252857,0.08040665045126427,0.08040665045126427,Her2,Strengthened
HALLMARK_HEDGEHOG_SIGNALING,HALLMARK_IL6_JAK_STAT3_SIGNALING,-0.09610221237819964,0.39041061263887084,0.0081967213114754,0.5742082345711037,0.052149466844837525,-0.048241176385965194,0.11077627651254934,0.17964411409325376,0.0081967213114754,0.028218948848720296,-0.04786103599223445,0.02393051799611723,0.02393051799611723,Her2,Strengthened
HALLMARK_HEDGEHOG_SIGNALING,HALLMARK_INFLAMMATORY_RESPONSE,0.2183690315275009,0.048733692411322145,0.0,0.15506174858147956,0.10918451576375045,-0.07768840461690113,0.01015388358796829,0.024463367065583608,0.0,0.038844202308450565,0.29605743614440205,0.07034031345529988,0.07034031345529988,Her2,Strengthened
HALLMARK_HEDGEHOG_SIGNALING,HALLMARK_INTERFERON_ALPHA_RESPONSE,0.254662863891164,0.020950501574762206,0.0,0.08911237648987397,0.127331431945582,-0.11242210298777337,0.00019453997474348016,0.0008083302361521291,0.0,0.056211051493886686,0.3670849668789374,0.0711203804516953,0.0711203804516953,Her2,Strengthened
HALLMARK_HEDGEHOG_SIGNALING,HALLMARK_INTERFERON_GAMMA_RESPONSE,-0.20761391352985784,0.0612604781734856,0.0042553191489361,0.1760261804243,0.10593461633939696,0.12162865106098293,5.499125882845773e-05,0.00026092622979901426,0.0042553191489361,0.06294198510495952,-0.3292425645908408,0.042992631234437445,0.042992631234437445,Her2,Strengthened
HALLMARK_HEDGEHOG_SIGNALING,HALLMARK_KRAS_SIGNALING_DN,-0.37350505284936997,0.0005476643652685111,0.0042553191489361,0.006450854302441597,0.18888018599915304,-0.08157227462085326,0.00694493953066148,0.01777905593510943,0.0042553191489361,0.042913796884894675,-0.2919327782285167,0.14596638911425835,0.14596638911425835,Her2,Strengthened
HALLMARK_HEDGEHOG_SIGNALING,HALLMARK_KRAS_SIGNALING_UP,-0.24655608885837063,0.025550392411949167,0.0042553191489361,0.10262042853979585,0.12540570400365336,0.1445341494263587,1.584082911140164e-06,1.0106778990347401e-05,0.0042553191489361,0.0743947342876474,-0.39109023828472933,0.051010969716005966,0.051010969716005966,Her2,Strengthened
HALLMARK_HEDGEHOG_SIGNALING,HALLMARK_MITOTIC_SPINDLE,-0.29102997173480816,0.007987162077845729,0.0173160173160173,0.043620663973333834,0.15417299452541272,0.04572380418779482,0.13068476371165838,0.20471718100611447,0.0173160173160173,0.03151991075190606,-0.33675377592260297,0.12265308377350666,0.12265308377350666,Her2,Strengthened
HALLMARK_HEDGEHOG_SIGNALING,HALLMARK_MTORC1_SIGNALING,-0.2261414484691699,0.04106167633041899,0.0042553191489361,0.13705872889581272,0.11519838380905299,-0.05224754232847035,0.08410899351815605,0.14532230897001577,0.0042553191489361,0.028251430738703225,-0.17389390614069955,0.08694695307034978,0.08694695307034978,Her2,Strengthened
HALLMARK_HEDGEHOG_SIGNALING,HALLMARK_MYC_TARGETS_V1,-0.09445538606934605,0.3986200434349368,0.0,0.5827082973840066,0.04722769303467302,-0.026994515410732358,0.372391036432437,0.47489215751401437,0.0,0.013497257705366179,-0.06746087065861368,0.03373043532930684,0.03373043532930684,Her2,Strengthened
HALLMARK_HEDGEHOG_SIGNALING,HALLMARK_MYC_TARGETS_V2,0.17966840298509773,0.10627551813987612,0.0,0.24963382182342442,0.08983420149254887,-0.012192126481031119,0.6870830567653659,0.7596360510266906,0.0,0.006096063240515559,0.19186052946612886,0.0837381382520333,0.0837381382520333,Her2,Strengthened
HALLMARK_HEDGEHOG_SIGNALING,HALLMARK_MYOGENESIS,0.36148003241743704,0.0008478616334816435,0.0085470085470085,0.00837605242754043,0.18501352048222278,0.06161674761997062,0.04158777792482201,0.08073696982235652,0.0085470085470085,0.03508187808348956,0.29986328479746643,0.14993164239873322,0.14993164239873322,Her2,Strengthened
HALLMARK_HEDGEHOG_SIGNALING,HALLMARK_NOTCH_SIGNALING,0.04253895255079406,0.7043427518184224,0.0,0.8201709800166992,0.02126947627539703,0.041513050379394074,0.17003424449590837,0.25494730661871207,0.0,0.020756525189697037,0.0010259021713999866,0.0005129510856999933,0.0005129510856999933,Her2,Strengthened
HALLMARK_HEDGEHOG_SIGNALING,HALLMARK_OXIDATIVE_PHOSPHORYLATION,0.06125212236638375,0.5846122376918582,0.0,0.7398243710459982,0.030626061183191874,-0.04088616531136847,0.17658128239937573,0.26156235905590725,0.0,0.020443082655684234,0.10213828767775221,0.01018297852750764,0.01018297852750764,Her2,Strengthened
HALLMARK_HEDGEHOG_SIGNALING,HALLMARK_P53_PATHWAY,0.09119391878298239,0.4151763329546664,0.0042553191489361,0.6010495451732953,0.04772461896595924,-0.018731972578855775,0.5359700059940836,0.6258944302600118,0.0042553191489361,0.011493645863895938,0.10992589136183817,0.0362309731020633,0.0362309731020633,Her2,Strengthened
HALLMARK_HEDGEHOG_SIGNALING,HALLMARK_PANCREAS_BETA_CELLS,0.15866627460465327,0.15451496226178202,0.0133333333333333,0.3128608740011289,0.08599980396899329,0.11154975448817243,0.00021824102822068633,0.0009001523891257264,0.0133333333333333,0.062441543910752864,0.047116520116480834,0.023558260058240424,0.023558260058240424,Her2,Strengthened
HALLMARK_HEDGEHOG_SIGNALING,HALLMARK_PEROXISOME,-0.03807910731661298,0.7341197117437728,0.0,0.8405308029030766,0.01903955365830649,-0.04834295026029967,0.11002473584248025,0.17922880556407217,0.0,0.024171475130149837,0.010263842943686693,-0.005131921471843347,0.005131921471843347,Her2,Weakened
HALLMARK_HEDGEHOG_SIGNALING,HALLMARK_PI3K_AKT_MTOR_SIGNALING,0.2723621949010561,0.013305980389639954,0.0,0.06174176506556418,0.13618109745052806,0.12958051336260212,1.7141545424711727e-05,8.973672284304216e-05,0.0,0.06479025668130106,0.142781681538454,0.071390840769227,0.071390840769227,Her2,Strengthened
HALLMARK_HEDGEHOG_SIGNALING,HALLMARK_PROTEIN_SECRETION,-0.2548584616750206,0.020848899619525255,0.0,0.0889892056930956,0.1274292308375103,0.03194137028941549,0.2911766828888432,0.3898267065998174,0.0,0.015970685144707744,-0.28679983196443604,0.11145854569280254,0.11145854569280254,Her2,Strengthened
HALLMARK_HEDGEHOG_SIGNALING,HALLMARK_REACTIVE_OXYGEN_SPECIES_PATHWAY,0.49069570146228336,2.8675638469200893e-06,0.0,0.00011709219041590365,0.24534785073114168,0.08047312264433591,0.007745213760119756,0.019562653311642683,0.0,0.040236561322167956,0.41022257881794744,0.20511128940897372,0.20511128940897372,Her2,Strengthened
HALLMARK_HEDGEHOG_SIGNALING,HALLMARK_SPERMATOGENESIS,-0.2961515798168932,0.0069030810873692,0.0,0.03970081846022192,0.1480757899084466,0.09466554471243338,0.0017209528314416787,0.005244197060985215,0.0,0.04733277235621669,-0.3908171245293266,0.10074301755222992,0.10074301755222992,Her2,Strengthened
HALLMARK_HEDGEHOG_SIGNALING,HALLMARK_TGF_BETA_SIGNALING,0.4632939827127564,1.1702586145279846e-05,0.0,0.00035315877044621443,0.2316469913563782,0.051999872700417844,0.08559114321594478,0.14623312474132824,0.0,0.025999936350208922,0.41129411001233857,0.20564705500616928,0.20564705500616928,Her2,Strengthened
HALLMARK_HEDGEHOG_SIGNALING,HALLMARK_TNFA_SIGNALING_VIA_NFKB,-0.2869789552619971,0.008947827619919944,0.0085470085470085,0.04724607256207729,0.14776298190450282,-0.028308351515765575,0.34956427777749177,0.4512289149393334,0.0085470085470085,0.018427680031387037,-0.2586706037462316,0.1293353018731158,0.1293353018731158,Her2,Strengthened
HALLMARK_HEDGEHOG_SIGNALING,HALLMARK_UNFOLDED_PROTEIN_RESPONSE,-0.019609916142236995,0.8611849198337255,0.0067567567567567,0.9205510705028915,0.013183336449496846,-0.04801233027349756,0.11248095460533661,0.18154040763048399,0.0067567567567567,0.02738454351512713,0.028402414131260562,-0.014201207065630283,0.014201207065630283,Her2,Weakened
HALLMARK_HEDGEHOG_SIGNALING,HALLMARK_UV_RESPONSE_DN,-0.056714338942794394,0.6127909824604028,0.0112359550561797,0.7605561839047552,0.033975146999487046,0.15263479332212815,3.9267232517641594e-07,2.6781805345766e-06,0.0112359550561797,0.08193537418915392,-0.20934913226492255,-0.047960227189666874,0.047960227189666874,Her2,Weakened
HALLMARK_HEDGEHOG_SIGNALING,HALLMARK_UV_RESPONSE_UP,0.33045323268802257,0.002428508787252434,0.0,0.018593270402401448,0.16522661634401128,0.050506075101484894,0.09498304260223674,0.1593893523119726,0.0,0.025253037550742447,0.27994715758653765,0.13997357879326883,0.13997357879326883,Her2,Strengthened
HALLMARK_HEDGEHOG_SIGNALING,HALLMARK_WNT_BETA_CATENIN_SIGNALING,0.20603275440771268,0.06330524518448657,0.04,0.18076672575989758,0.12301637720385634,0.2233199277530915,7.863763392902301e-14,1.416633846515488e-12,0.04,0.13165996387654574,-0.017287173345378826,-0.008643586672689399,0.008643586672689399,Her2,Weakened
HALLMARK_HEDGEHOG_SIGNALING,HALLMARK_XENOBIOTIC_METABOLISM,-0.47254847346026696,7.376599323313388e-06,0.0085470085470085,0.00023779826765944474,0.24054774100363774,-0.026574879951498303,0.37987197230143555,0.4822208974810969,0.0085470085470085,0.0175609442492534,-0.44597359350876864,0.22298679675438435,0.22298679675438435,Her2,Strengthened
HALLMARK_HEME_METABOLISM,HALLMARK_HYPOXIA,0.06059474511946924,0.5886576139835917,0.0178117048346055,0.7418199614818622,0.03920322497703737,0.085405932773894,0.004701636664000803,0.012770520872285994,0.0178117048346055,0.05160881880424975,-0.024811187654424756,-0.012405593827212381,0.012405593827212381,Her2,Weakened
HALLMARK_HEME_METABOLISM,HALLMARK_IL2_STAT5_SIGNALING,-0.20847019150227067,0.060175732032388025,0.0075757575757575,0.1757312505212551,0.10802297453901408,0.09880278874556292,0.0010669822307233414,0.003542149681940632,0.0075757575757575,0.05318927316066021,-0.30727298024783356,0.05483370137835387,0.05483370137835387,Her2,Strengthened
HALLMARK_HEME_METABOLISM,HALLMARK_IL6_JAK_STAT3_SIGNALING,0.22022625511710675,0.04680074339519058,0.0,0.15087081752396964,0.11011312755855338,0.0628805982524351,0.037571562152504075,0.07375827505900238,0.0,0.03144029912621755,0.15734565686467167,0.07867282843233583,0.07867282843233583,Her2,Strengthened
HALLMARK_HEME_METABOLISM,HALLMARK_INFLAMMATORY_RESPONSE,-0.4116826535131921,0.00012174987018312092,0.0075566750629722,0.0020389994381346996,0.20961966428808215,-0.11047085943641417,0.00025130057527125683,0.0010093219826468513,0.0075566750629722,0.059013767249693184,-0.30121179407677795,0.15060589703838898,0.15060589703838898,Her2,Strengthened
HALLMARK_HEME_METABOLISM,HALLMARK_INTERFERON_ALPHA_RESPONSE,0.11851328762458334,0.28893961691431785,0.0,0.47468511952410136,0.05925664381229167,-0.018825003551431598,0.5339465202907978,0.6247225285159764,0.0,0.009412501775715799,0.13733829117601493,0.04984414203657587,0.04984414203657587,Her2,Strengthened
HALLMARK_HEME_METABOLISM,HALLMARK_INTERFERON_GAMMA_RESPONSE,-0.12014735825595452,0.2822948417019025,0.0025062656641604,0.46977799074599474,0.06132681196005746,0.028937236868386146,0.3389587805829279,0.4421986221662265,0.0025062656641604,0.015721751266273273,-0.14908459512434066,0.045605060693784186,0.045605060693784186,Her2,Strengthened
HALLMARK_HEME_METABOLISM,HALLMARK_KRAS_SIGNALING_DN,0.20271913028147368,0.06777000115289143,0.0050251256281407,0.1868243382703114,0.10387212795480719,-0.005877507033291929,0.8460334355295209,0.8880813697717764,0.0050251256281407,0.005451316330716315,0.2085966373147656,0.09842081162409087,0.09842081162409087,Her2,Strengthened
HALLMARK_HEME_METABOLISM,HALLMARK_KRAS_SIGNALING_UP,0.3089397941360162,0.004742019757070804,0.0075566750629722,0.03123104409898782,0.1582482345994942,0.12338480517507779,4.2764153146299596e-05,0.000209544350416868,0.0075566750629722,0.065470740119025,0.18555498896093842,0.0927774944804692,0.0927774944804692,Her2,Strengthened
HALLMARK_HEME_METABOLISM,HALLMARK_MITOTIC_SPINDLE,0.36539882488508274,0.0007366649606827317,0.0075757575757575,0.007647581159630053,0.18648729123042013,0.16595488689700422,3.368430800097198e-08,2.696946228835992e-07,0.0075757575757575,0.08676532223638087,0.19944393798807852,0.09972196899403926,0.09972196899403926,Her2,Strengthened
HALLMARK_HEME_METABOLISM,HALLMARK_MTORC1_SIGNALING,-0.10143205018486832,0.3645406187352013,0.0256410256410256,0.550723909218902,0.06353653791294696,-0.10822797211257959,0.0003355846461698938,0.0012927395960947166,0.0256410256410256,0.0669344988768026,0.006795921927711265,-0.0033979609638556396,0.0033979609638556396,Her2,Weakened
HALLMARK_HEME_METABOLISM,HALLMARK_MYC_TARGETS_V1,-0.16219421219223906,0.14543625213282663,0.0025062656641604,0.3001073187306584,0.08235023892819973,0.07367328224661279,0.014796566792862976,0.03413520587807372,0.0025062656641604,0.0380897739553866,-0.23586749443885185,0.044260464972813135,0.044260464972813135,Her2,Strengthened
HALLMARK_HEME_METABOLISM,HALLMARK_MYC_TARGETS_V2,0.02254882314900877,0.8406366950228341,0.0038910505836575,0.9068690341188014,0.013219936866333135,-0.07531366694597542,0.012711840505860002,0.030037867079903004,0.0038910505836575,0.039602358764816464,0.0978624900949842,-0.02638242189848333,0.02638242189848333,Her2,Weakened
HALLMARK_HEME_METABOLISM,HALLMARK_MYOGENESIS,-0.04997141232344873,0.6557112361601847,0.0075566750629722,0.7836548919963182,0.028764043693210468,0.09475061043677761,0.0017044292042795526,0.00521981443810613,0.0075566750629722,0.051153642749874904,-0.14472202276022633,-0.022389599056664437,0.022389599056664437,Her2,Weakened
HALLMARK_HEME_METABOLISM,HALLMARK_NOTCH_SIGNALING,-0.054006089296663076,0.6298840393130389,0.0,0.7708371110474252,0.027003044648331538,-0.0046619651588475485,0.8775922442900891,0.9102883143567816,0.0,0.0023309825794237743,-0.049344124137815526,0.024672062068907763,0.024672062068907763,Her2,Strengthened
HALLMARK_HEME_METABOLISM,HALLMARK_OXIDATIVE_PHOSPHORYLATION,-0.08692138188228339,0.43745721140575494,0.0126582278481012,0.6231221906651742,0.04978980486519229,0.033225162107038346,0.2722082635548386,0.36805201198088006,0.0126582278481012,0.022941694977569774,-0.12014654398932173,0.02684810988762252,0.02684810988762252,Her2,Strengthened
HALLMARK_HEME_METABOLISM,HALLMARK_P53_PATHWAY,0.30645464212648127,0.005107509810163643,0.0101010101010101,0.03258697665338783,0.1582778261137457,-0.08557702050083589,0.004618861437167192,0.012573567245621801,0.0101010101010101,0.047839015300922993,0.39203166262731715,0.1104388108128227,0.1104388108128227,Her2,Strengthened
HALLMARK_HEME_METABOLISM,HALLMARK_PANCREAS_BETA_CELLS,-0.09092400449923127,0.416564133756839,0.00418410041841,0.6010495451732953,0.047554052458820634,-0.1051865256485883,0.0004924888718504732,0.0017902043561330257,0.00418410041841,0.05468531303349915,0.014262521149357027,-0.0071312605746785135,0.0071312605746785135,Her2,Weakened
HALLMARK_HEME_METABOLISM,HALLMARK_PEROXISOME,-0.07628929950441045,0.49573407855149265,0.0033003300330033,0.674749162472865,0.039794814768706874,0.017892685477840148,0.5543975834676266,0.6437317912301825,0.0033003300330033,0.010596507755421723,-0.0941819849822506,0.02919830701328515,0.02919830701328515,Her2,Strengthened
HALLMARK_HEME_METABOLISM,HALLMARK_PI3K_AKT_MTOR_SIGNALING,0.006540661204554796,0.9534940955773015,0.0066006600660066,0.9733585559018286,0.006570660635280699,-0.017047251594701104,0.5732676429310212,0.6606329845630301,0.0066006600660066,0.011823955830353852,0.0235879127992559,-0.005253295195073154,0.005253295195073154,Her2,Weakened
HALLMARK_HEME_METABOLISM,HALLMARK_PROTEIN_SECRETION,0.3720437719340942,0.000578058922961852,0.0068027210884353,0.006744020767888274,0.18942324651126477,0.1367762046339076,5.621540623689994e-06,3.2330456638592685e-05,0.0068027210884353,0.07178946286117145,0.2352675673001866,0.11763378365009332,0.11763378365009332,Her2,Strengthened
HALLMARK_HEME_METABOLISM,HALLMARK_REACTIVE_OXYGEN_SPECIES_PATHWAY,0.1038926114791826,0.35296085934511995,0.0163265306122449,0.540471315872215,0.06010957104571375,0.03790104915210746,0.2103441866688754,0.3020769386510813,0.0163265306122449,0.02711378988217618,0.06599156232707515,0.032995781163537574,0.032995781163537574,Her2,Strengthened
HALLMARK_HEME_METABOLISM,HALLMARK_SPERMATOGENESIS,-0.11170753629055553,0.31771867895321865,0.0029940119760479,0.5054615346983024,0.05735077413330172,-0.08138550485088787,0.0070754606149706035,0.018057165111122896,0.0029940119760479,0.042189758413467886,-0.030322031439667663,0.015161015719833831,0.015161015719833831,Her2,Strengthened
HALLMARK_HEME_METABOLISM,HALLMARK_TGF_BETA_SIGNALING,-0.028182716519979063,0.801553285236278,0.0,0.887916315993885,0.014091358259989532,0.019753918621025292,0.5139555965872717,0.6077177662349497,0.0,0.009876959310512646,-0.04793663514100435,0.004214398949476885,0.004214398949476885,Her2,Strengthened
HALLMARK_HEME_METABOLISM,HALLMARK_TNFA_SIGNALING_VIA_NFKB,0.29138262305260637,0.007907988816042629,0.0050251256281407,0.043440745738350765,0.14820387434037355,-0.033675285750468346,0.26576213074415966,0.36253742779687703,0.0050251256281407,0.019350205689304522,0.3250579088030747,0.12885366865106904,0.12885366865106904,Her2,Strengthened
HALLMARK_HEME_METABOLISM,HALLMARK_UNFOLDED_PROTEIN_RESPONSE,0.12970173003075278,0.2454867110688864,0.0032051282051282,0.42837780777690293,0.06645342911794049,-0.014318802907676216,0.6361512244906397,0.7155971074389657,0.0032051282051282,0.008761965556402207,0.14402053293842898,0.05769146356153828,0.05769146356153828,Her2,Strengthened
HALLMARK_HEME_METABOLISM,HALLMARK_UV_RESPONSE_DN,0.39471632351815716,0.0002429078360907692,0.0058479532163742,0.003343394373159464,0.2002821383672657,0.03502365853235391,0.24708374100264022,0.3423954555749256,0.0058479532163742,0.020435805874364055,0.35969266498580327,0.17984633249290163,0.17984633249290163,Her2,Strengthened
HALLMARK_HEME_METABOLISM,HALLMARK_UV_RESPONSE_UP,-0.023360120662282213,0.8349823757415391,0.0257879656160458,0.902783239438116,0.024574043139164007,0.052551817134972416,0.08231657089131739,0.14282974411028865,0.0257879656160458,0.03916989137550911,-0.07591193779725464,-0.014595848236345101,0.014595848236345101,Her2,Weakened
HALLMARK_HEME_METABOLISM,HALLMARK_WNT_BETA_CATENIN_SIGNALING,-0.07291013437445051,0.5150718162380237,0.0,0.6921129159769938,0.03645506718722526,0.11680764140525413,0.00010779681236432488,0.00047671875504078694,0.0,0.05840382070262706,-0.18971777577970464,-0.021948753515401806,0.021948753515401806,Her2,Weakened
HALLMARK_HEME_METABOLISM,HALLMARK_XENOBIOTIC_METABOLISM,0.12222389524997682,0.27399861413355087,0.0230179028132992,0.46105536032087885,0.07262089903163801,0.03839488551714696,0.2044579325590686,0.29570362146972734,0.0230179028132992,0.03070639416522308,0.08382900973282986,0.04191450486641493,0.04191450486641493,Her2,Strengthened
HALLMARK_HYPOXIA,HALLMARK_IL2_STAT5_SIGNALING,-0.07946288892335816,0.47792515322961576,0.04177545691906,0.6598738155421505,0.06061917292120908,0.03768679186171053,0.21293575290710462,0.30472698284019056,0.04177545691906,0.03973112439038526,-0.11714968078506868,0.020888048530823822,0.020888048530823822,Her2,Strengthened
HALLMARK_HYPOXIA,HALLMARK_IL6_JAK_STAT3_SIGNALING,0.09720450575423853,0.3849724385283763,0.0141342756183745,0.5716257420572861,0.05566939068630651,-0.08319638413501516,0.005897889732238305,0.015404935867786617,0.0141342756183745,0.048665329876694835,0.18040088988925368,0.007004060809611676,0.007004060809611676,Her2,Strengthened
HALLMARK_HYPOXIA,HALLMARK_INFLAMMATORY_RESPONSE,-0.13199872913150848,0.2371541231995804,0.0282776349614395,0.4160532815266128,0.080138182046474,-0.08060499763738863,0.007645026367200461,0.01938955962695769,0.0282776349614395,0.054441316299414066,-0.051393731494119854,0.025696865747059927,0.025696865747059927,Her2,Strengthened
HALLMARK_HYPOXIA,HALLMARK_INTERFERON_ALPHA_RESPONSE,0.005122565292309034,0.9635693188491863,0.0033783783783783,0.9779390352860424,0.004250471835343667,-0.11724751322434827,0.00010148219986071571,0.0004602898809069312,0.0033783783783783,0.06031294580136329,0.12237007851665731,-0.05606247396601962,0.05606247396601962,Her2,Weakened
HALLMARK_HYPOXIA,HALLMARK_INTERFERON_GAMMA_RESPONSE,0.01520195584491113,0.8921738457538899,0.0204081632653061,0.9421547910264667,0.017805059555108617,0.11012144413734921,0.0002629759157949963,0.0010459269378210079,0.0204081632653061,0.06526480370132766,-0.09491948829243808,-0.04745974414621904,0.04745974414621904,Her2,Weakened
HALLMARK_HYPOXIA,HALLMARK_KRAS_SIGNALING_DN,-0.2239448230893535,0.04312056726221241,0.0075566750629722,0.1408605197232272,0.11575074907616285,0.001689613009639828,0.9554842175225677,0.9689306013784318,0.0075566750629722,0.004623144036306014,-0.22563443609899334,0.11112760503985684,0.11112760503985684,Her2,Strengthened
HALLMARK_HYPOXIA,HALLMARK_KRAS_SIGNALING_UP,0.24575914716265734,0.026045666665548556,0.0282776349614395,0.1029713589616424,0.1370183910620484,0.07306578272713728,0.01564177970951802,0.03574847041820816,0.0282776349614395,0.050671708844288385,0.17269336443552008,0.08634668221776003,0.08634668221776003,Her2,Strengthened
HALLMARK_HYPOXIA,HALLMARK_MITOTIC_SPINDLE,-0.010431900881515964,0.9258899178224603,0.0025125628140703,0.9602678810199242,0.006472231847793132,-0.03449431199476994,0.25430402866835805,0.35002520799858267,0.0025125628140703,0.01850343740442012,0.024062411113253974,-0.012031205556626987,0.012031205556626987,Her2,Weakened
HALLMARK_HYPOXIA,HALLMARK_MTORC1_SIGNALING,0.026611666125140182,0.8124074546513632,0.084010840108401,0.8949632481546043,0.05531125311677059,0.10743451319532694,0.00037125950539938644,0.0014080275359574254,0.084010840108401,0.09572267665186397,-0.08082284707018676,-0.04041142353509338,0.04041142353509338,Her2,Weakened
HALLMARK_HYPOXIA,HALLMARK_MYC_TARGETS_V1,0.21283927242292164,0.05488160279182826,0.0050251256281407,0.16723871497509854,0.10893219902553117,0.03708332328187755,0.22035859611087666,0.31315461744295114,0.0050251256281407,0.021054224455009124,0.1757559491410441,0.08787797457052204,0.08787797457052204,Her2,Strengthened
HALLMARK_HYPOXIA,HALLMARK_MYC_TARGETS_V2,-0.018781608330996062,0.8669935871934179,0.0038910505836575,0.9235366472277712,0.011336329457326782,-0.15796006265156562,1.5073002475271263e-07,1.0990730971551963e-06,0.0038910505836575,0.08092555661761155,0.13917845432056955,-0.06958922716028478,0.06958922716028478,Her2,Weakened
HALLMARK_HYPOXIA,HALLMARK_MYOGENESIS,0.2491203892676108,0.024010649538560493,0.0335917312661498,0.09804348561578868,0.1413560602668803,0.2647230665882452,5.327758636819739e-19,1.4503342955787065e-17,0.0335917312661498,0.14915739892719748,-0.01560267732063439,-0.007801338660317181,0.007801338660317181,Her2,Weakened
HALLMARK_HYPOXIA,HALLMARK_NOTCH_SIGNALING,-0.04159452364066943,0.7106131742558133,0.008695652173913,0.8235583145348829,0.025145087907291214,-0.06344617894396247,0.03588393909771405,0.07101425750355365,0.008695652173913,0.03607091555893774,0.02185165530329304,-0.010925827651646524,0.010925827651646524,Her2,Weakened
HALLMARK_HYPOXIA,HALLMARK_OXIDATIVE_PHOSPHORYLATION,-0.10904455835216177,0.32946441922476477,0.0050251256281407,0.5180923152122424,0.057034841990151235,-0.07812298234254068,0.009738816283608284,0.023670734022659023,0.0050251256281407,0.04157405398534069,-0.030921576009621088,0.015460788004810544,0.015460788004810544,Her2,Strengthened
HALLMARK_HYPOXIA,HALLMARK_P53_PATHWAY,-0.053608131269894846,0.632412501117066,0.0362694300518134,0.7723881494201454,0.04493878066085412,0.19248049552350885,1.36938411630078e-10,1.6774955424684555e-09,0.0362694300518134,0.11437496278766113,-0.2460886267934037,-0.06943618212680701,0.06943618212680701,Her2,Weakened
HALLMARK_HYPOXIA,HALLMARK_PANCREAS_BETA_CELLS,0.2081021188105671,0.06064008210896423,0.0084033613445378,0.17592880446406,0.10825274007755245,-0.011048594683684207,0.7150867338346385,0.7807319509335403,0.0084033613445378,0.009725978014111004,0.2191507134942513,0.09852676206344145,0.09852676206344145,Her2,Strengthened
HALLMARK_HYPOXIA,HALLMARK_PEROXISOME,-0.2820986649590684,0.010238395855668393,0.0066225165562913,0.05240749641705625,0.14436059075767985,-0.11241747358340008,0.00019465911809377802,0.0008083302361521291,0.0066225165562913,0.05951999506984569,-0.16968119137566828,0.08484059568783416,0.08484059568783416,Her2,Strengthened
HALLMARK_HYPOXIA,HALLMARK_PI3K_AKT_MTOR_SIGNALING,0.16196589154688892,0.14601139752120196,0.023489932885906,0.3001073187306584,0.09272791221639747,0.1284688786370627,2.025975113711745e-05,0.000103409146429037,0.023489932885906,0.07597940576148435,0.033497012909826235,0.016748506454913117,0.016748506454913117,Her2,Strengthened
HALLMARK_HYPOXIA,HALLMARK_PROTEIN_SECRETION,-0.33964059122934487,0.0017980063309081633,0.0136986301369863,0.014719482048233323,0.17666961068316558,-0.0784049049897349,0.009477693164629224,0.0232203482533416,0.0136986301369863,0.0460517675633606,-0.26123568623960997,0.13061784311980498,0.13061784311980498,Her2,Strengthened
HALLMARK_HYPOXIA,HALLMARK_REACTIVE_OXYGEN_SPECIES_PATHWAY,0.2353038095289497,0.033334384514464216,0.0080971659919028,0.12151139458042781,0.12170048776042625,-0.0652133173587753,0.031020900410124227,0.06301924212670344,0.0080971659919028,0.03665524167533905,0.300517126887725,0.0850452460850872,0.0850452460850872,Her2,Strengthened
HALLMARK_HYPOXIA,HALLMARK_SPERMATOGENESIS,-0.15693462940969782,0.15912273390815407,0.0120845921450151,0.31744160476233935,0.08450961077735646,-0.008965989013415575,0.7670597600150922,0.8206534550379808,0.0120845921450151,0.010525290579215339,-0.14796864039628224,0.07398432019814112,0.07398432019814112,Her2,Strengthened
HALLMARK_HYPOXIA,HALLMARK_TGF_BETA_SIGNALING,0.2633972588872033,0.01680567102393819,0.0119521912350597,0.0745903876968271,0.1376747250611315,-8.955684687333679e-05,0.9976392493605414,0.998454314106751,0.0119521912350597,0.006020874040966518,0.2634868157340766,0.13165385102016497,0.13165385102016497,Her2,Strengthened
HALLMARK_HYPOXIA,HALLMARK_TNFA_SIGNALING_VIA_NFKB,0.22553060416023937,0.041625844195771214,0.0781671159029649,0.13808779627968765,0.15184886003160214,0.2862599977605166,4.446261192564254e-22,1.3965820412541568e-20,0.0781671159029649,0.18221355683174073,-0.06072939360027721,-0.03036469680013859,0.03036469680013859,Her2,Weakened
HALLMARK_HYPOXIA,HALLMARK_UNFOLDED_PROTEIN_RESPONSE,-0.14105501065439782,0.20621963064806398,0.0262295081967213,0.37536262636534673,0.08364225942555956,-0.025051212710886794,0.4078017126868299,0.5081964374785012,0.0262295081967213,0.025640360453804047,-0.11600379794351103,0.058001898971755506,0.058001898971755506,Her2,Strengthened
HALLMARK_HYPOXIA,HALLMARK_UV_RESPONSE_DN,-0.020841218125123455,0.8525638665394035,0.0455927051671732,0.9129289654814418,0.03321696164614833,0.1892445248272118,2.8024657005808753e-10,3.1209277120105206e-09,0.0455927051671732,0.1174186149971925,-0.21008574295233526,-0.08420165335104417,0.08420165335104417,Her2,Weakened
HALLMARK_HYPOXIA,HALLMARK_UV_RESPONSE_UP,0.2570595910205484,0.01973428229966994,0.0228571428571428,0.08574164288848575,0.13995836693884559,0.21188503790439706,1.4335166263716515e-12,2.3730511720341528e-11,0.0228571428571428,0.11737109038076993,0.04517455311615132,0.02258727655807566,0.02258727655807566,Her2,Strengthened
HALLMARK_HYPOXIA,HALLMARK_WNT_BETA_CATENIN_SIGNALING,-0.08382189516495105,0.45403451364208036,0.0041493775933609,0.6403390706937818,0.04398563637915597,0.029709264054861725,0.3262244178564457,0.4289314212286283,0.0041493775933609,0.01692932082411131,-0.11353115921981277,0.02705631555504466,0.02705631555504466,Her2,Strengthened
HALLMARK_HYPOXIA,HALLMARK_XENOBIOTIC_METABOLISM,-0.0954805145979151,0.39349786060044606,0.0204081632653061,0.5779794715054514,0.0579443389316106,-0.05528217816977719,0.06757917596069277,0.11963076669342289,0.0204081632653061,0.03784517071754164,-0.04019833642813791,0.020099168214068958,0.020099168214068958,Her2,Strengthened
HALLMARK_IL2_STAT5_SIGNALING,HALLMARK_IL6_JAK_STAT3_SIGNALING,0.30611695815826917,0.005159053131623062,0.0592592592592592,0.03274528542092358,0.18268810870876417,0.2254310232481812,4.5199159137080554e-14,8.518303068142105e-13,0.0592592592592592,0.1423451412537202,0.08068593491008796,0.04034296745504398,0.04034296745504398,Her2,Strengthened
HALLMARK_IL2_STAT5_SIGNALING,HALLMARK_INFLAMMATORY_RESPONSE,-0.48121044255317685,4.730571248378594e-06,0.0527704485488126,0.0001655699936932508,0.2669904455509947,-0.025918194096429887,0.39176246326740033,0.4932261228186695,0.0527704485488126,0.039344321322621244,-0.455292248456747,0.22764612422837346,0.22764612422837346,Her2,Strengthened
HALLMARK_IL2_STAT5_SIGNALING,HALLMARK_INTERFERON_ALPHA_RESPONSE,0.11698832153345244,0.29523326648902026,0.0242214532871972,0.4829857620156783,0.07060488741032482,0.029997690098636707,0.3215476411765035,0.4235439359582976,0.0242214532871972,0.027109571692916952,0.08699063143481574,0.04349531571740787,0.04349531571740787,Her2,Strengthened
HALLMARK_IL2_STAT5_SIGNALING,HALLMARK_INTERFERON_GAMMA_RESPONSE,-0.12694479363019,0.255750992912396,0.05,0.44188288620265886,0.088472396815095,-0.033085491476528894,0.27423000635015543,0.3703768001972882,0.05,0.04154274573826445,-0.09385930215366112,0.04692965107683055,0.04692965107683055,Her2,Strengthened
HALLMARK_IL2_STAT5_SIGNALING,HALLMARK_KRAS_SIGNALING_DN,0.40419054987455116,0.00016592507372812558,0.0,0.0025728888014804286,0.20209527493727558,0.04680724518901092,0.12180074517265856,0.193553255625408,0.0,0.02340362259450546,0.35738330468554025,0.17869165234277012,0.17869165234277012,Her2,Strengthened
HALLMARK_IL2_STAT5_SIGNALING,HALLMARK_KRAS_SIGNALING_UP,0.22989952897101207,0.03772891126402901,0.0445026178010471,0.13052360355282036,0.13720107338602958,0.1563917780959242,2.0050291250194876e-07,1.4448003989111013e-06,0.0445026178010471,0.10044719794848564,0.07350775087508787,0.03675387543754394,0.03675387543754394,Her2,Strengthened
HALLMARK_IL2_STAT5_SIGNALING,HALLMARK_MITOTIC_SPINDLE,0.30502727595715345,0.005328538828672456,0.005050505050505,0.033224461732001664,0.15503889050382924,0.020605937661743547,0.4959674549959656,0.5921638717057094,0.005050505050505,0.012828221356124273,0.2844213382954099,0.14221066914770497,0.14221066914770497,Her2,Strengthened
HALLMARK_IL2_STAT5_SIGNALING,HALLMARK_MTORC1_SIGNALING,-0.013331483036144568,0.9053754485594087,0.023076923076923,0.9495590106894483,0.018204203056533783,-0.16148620439774458,7.854322559324987e-08,5.976114990790752e-07,0.023076923076923,0.09228156373733379,0.14815472136160002,-0.07407736068080001,0.07407736068080001,Her2,Weakened
HALLMARK_IL2_STAT5_SIGNALING,HALLMARK_MYC_TARGETS_V1,-0.10558276874501184,0.34514055210343825,0.0050377833753148,0.5311522315662209,0.05531027606016332,0.013529208643206142,0.6548775566021853,0.7292954607615245,0.0050377833753148,0.009283496009260471,-0.11911197738821798,0.04602678005090285,0.04602678005090285,Her2,Strengthened
HALLMARK_IL2_STAT5_SIGNALING,HALLMARK_MYC_TARGETS_V2,0.4814590509068476,4.6697968963573254e-06,0.0198412698412698,0.0001655699936932508,0.2506501603740587,0.09038178800409123,0.0027702333143636237,0.008022543286277634,0.0198412698412698,0.055111528922680515,0.39107726290275635,0.19553863145137818,0.19553863145137818,Her2,Strengthened
HALLMARK_IL2_STAT5_SIGNALING,HALLMARK_MYOGENESIS,-0.16197944506301093,0.1459772082663261,0.015267175572519,0.3001073187306584,0.08862331031776496,-0.00883730286836083,0.7703085939654518,0.8232477692918517,0.015267175572519,0.012052239220439916,-0.1531421421946501,0.07657107109732506,0.07657107109732506,Her2,Strengthened
HALLMARK_IL2_STAT5_SIGNALING,HALLMARK_NOTCH_SIGNALING,0.17893875492981087,0.1077268295827424,0.0,0.25088472668984685,0.08946937746490544,-0.06080877280403023,0.044341019100979505,0.08473907706505444,0.0,0.030404386402015114,0.23974752773384111,0.05906499106289032,0.05906499106289032,Her2,Strengthened
HALLMARK_IL2_STAT5_SIGNALING,HALLMARK_OXIDATIVE_PHOSPHORYLATION,-0.10984121500615239,0.3259219883400037,0.0025125628140703,0.5146665005486786,0.05617688891011134,0.050393719511340945,0.09572155256359637,0.15997121676726542,0.0025125628140703,0.026453141162705623,-0.16023493451749332,0.02972374774740572,0.02972374774740572,Her2,Strengthened
HALLMARK_IL2_STAT5_SIGNALING,HALLMARK_P53_PATHWAY,0.010922178852193844,0.9224174438911663,0.023076923076923,0.9602678810199242,0.01699955096455842,-0.03359816715717529,0.26685901523156885,0.3631366759458106,0.023076923076923,0.028337545117049147,0.04452034600936913,-0.011337994152490725,0.011337994152490725,Her2,Weakened
HALLMARK_IL2_STAT5_SIGNALING,HALLMARK_PANCREAS_BETA_CELLS,0.15664869968547834,0.1598932805959277,0.0,0.3174542442949942,0.07832434984273917,0.014852223466673128,0.6236296436306946,0.7040979847443327,0.0,0.007426111733336564,0.1417964762188052,0.0708982381094026,0.0708982381094026,Her2,Strengthened
HALLMARK_IL2_STAT5_SIGNALING,HALLMARK_PEROXISOME,-0.10087500595543097,0.3671941231862761,0.0066445182724252,0.5519175471204764,0.053759762113928085,-0.082963746460415,0.006038580846893875,0.01570543850837579,0.0066445182724252,0.0448041323664201,-0.01791125949501597,0.008955629747507986,0.008955629747507986,Her2,Strengthened
HALLMARK_IL2_STAT5_SIGNALING,HALLMARK_PI3K_AKT_MTOR_SIGNALING,-0.10579228971532385,0.344178714757415,0.0033003300330033,0.5310062034985307,0.054546309874163576,-0.09909157746674949,0.0010312713209546926,0.0034422544091811946,0.0033003300330033,0.05119595374987639,-0.006700712248574367,0.0033503561242871835,0.0033503561242871835,Her2,Strengthened
HALLMARK_IL2_STAT5_SIGNALING,HALLMARK_PROTEIN_SECRETION,0.2524632884205908,0.022122509448261336,0.0034013605442176,0.09249172038948852,0.12793232448240419,-0.07831850444553871,0.009557048685035575,0.02336803321191333,0.0034013605442176,0.040859932494878154,0.3307817928661295,0.08707239198752603,0.08707239198752603,Her2,Strengthened
HALLMARK_IL2_STAT5_SIGNALING,HALLMARK_REACTIVE_OXYGEN_SPECIES_PATHWAY,-0.009098860269089706,0.935338214682503,0.008130081300813,0.965380979712294,0.008614470784951353,0.029428689645769546,0.3308160294601395,0.4334220706830704,0.008130081300813,0.018779385473291273,-0.03852754991485925,-0.01016491468833992,0.01016491468833992,Her2,Weakened
HALLMARK_IL2_STAT5_SIGNALING,HALLMARK_SPERMATOGENESIS,0.05276442170539401,0.6377870224226319,0.0060240963855421,0.7753248964688667,0.029394259045468055,-0.0598292818661937,0.04788317146628503,0.0896894266761455,0.0060240963855421,0.0329266891258679,0.11259370357158771,-0.003532430080399846,0.003532430080399846,Her2,Weakened
HALLMARK_IL2_STAT5_SIGNALING,HALLMARK_TGF_BETA_SIGNALING,-0.029433894505302833,0.7929357637491355,0.0201612903225806,0.88304210053881,0.024797592413941714,0.0986661113032234,0.0010842786729716263,0.0035705413290060277,0.0201612903225806,0.059413700812902,-0.12810000580852623,-0.03461610839896029,0.03461610839896029,Her2,Weakened
HALLMARK_IL2_STAT5_SIGNALING,HALLMARK_TNFA_SIGNALING_VIA_NFKB,0.22679248492131,0.0404673988451872,0.0555555555555555,0.13654471427574802,0.14117402023843273,-0.05702263393056961,0.059370462364485274,0.10711165890499921,0.0555555555555555,0.056289094743062554,0.2838151188518796,0.08488492549537018,0.08488492549537018,Her2,Strengthened
HALLMARK_IL2_STAT5_SIGNALING,HALLMARK_UNFOLDED_PROTEIN_RESPONSE,-0.002777483943574957,0.9802423210366796,0.0032154340836012,0.9883101590699033,0.0029964590135880785,0.17666727162967927,4.0279535914621096e-09,3.916065991699273e-08,0.0032154340836012,0.08994135285664023,-0.17944475557325423,-0.08694489384305215,0.08694489384305215,Her2,Weakened
HALLMARK_IL2_STAT5_SIGNALING,HALLMARK_UV_RESPONSE_DN,0.22544206375232712,0.041708150713048515,0.014792899408284,0.13808779627968765,0.12011748158030555,0.13757939480136025,4.9460715156880144e-06,2.8990132089558938e-05,0.014792899408284,0.07618614710482212,0.08786266895096687,0.04393133447548343,0.04393133447548343,Her2,Strengthened
HALLMARK_IL2_STAT5_SIGNALING,HALLMARK_UV_RESPONSE_UP,0.036506561709198415,0.7447160484268383,0.0258620689655172,0.8494200738574272,0.031184315337357806,0.003625795250559894,0.9046503709592112,0.9320409625105414,0.0258620689655172,0.014743932108038546,0.03288076645863852,0.01644038322931926,0.01644038322931926,Her2,Strengthened
HALLMARK_IL2_STAT5_SIGNALING,HALLMARK_WNT_BETA_CATENIN_SIGNALING,-0.17614841127146297,0.11341939188499991,0.0126050420168067,0.2592140952595614,0.09437672664413484,0.07969061774963751,0.008364231092900264,0.02074126131336604,0.0126050420168067,0.04614782988322211,-0.25583902902110045,0.04822889676091273,0.04822889676091273,Her2,Strengthened
HALLMARK_IL2_STAT5_SIGNALING,HALLMARK_XENOBIOTIC_METABOLISM,0.2674565587088221,0.015133389938533455,0.0178571428571428,0.06840738994355529,0.14265685078298246,-0.03191333727913781,0.29160054713345285,0.38996798060969406,0.0178571428571428,0.024885240068140305,0.29936989598795993,0.11777161071484216,0.11777161071484216,Her2,Strengthened
HALLMARK_IL6_JAK_STAT3_SIGNALING,HALLMARK_INFLAMMATORY_RESPONSE,0.6282558961306746,2.641127441271467e-10,0.0871212121212121,3.235381115557547e-08,0.35768855412594336,0.2823046058475743,1.714215124578796e-21,5.2497838190225626e-20,0.0871212121212121,0.1847129089843932,0.3459512902831003,0.17297564514155017,0.17297564514155017,Her2,Strengthened
HALLMARK_IL6_JAK_STAT3_SIGNALING,HALLMARK_INTERFERON_ALPHA_RESPONSE,-0.1724423187034987,0.12133624326495321,0.0454545454545454,0.26926974275284,0.10894843207902205,-0.16455426514959878,4.402973271787387e-08,3.5023651025581484e-07,0.0454545454545454,0.10500440530207208,-0.007888053553899904,0.003944026776949966,0.003944026776949966,Her2,Strengthened
HALLMARK_IL6_JAK_STAT3_SIGNALING,HALLMARK_INTERFERON_GAMMA_RESPONSE,0.1808484400649834,0.10396060062114253,0.0830188679245283,0.24728492380757203,0.13193365399475585,0.1916423440523685,1.6504532609918743e-10,1.9629177133155786e-09,0.0830188679245283,0.1373306059884484,-0.010793903987385084,-0.005396951993692556,0.005396951993692556,Her2,Weakened
HALLMARK_IL6_JAK_STAT3_SIGNALING,HALLMARK_KRAS_SIGNALING_DN,-0.010349566823602552,0.9264731999066512,0.0034965034965034,0.9602678810199242,0.006923035160052975,0.0796980954611886,0.008358112378365236,0.02074126131336604,0.0034965034965034,0.041597299478846,-0.09004766228479115,-0.03467426431879303,0.03467426431879303,Her2,Weakened
HALLMARK_IL6_JAK_STAT3_SIGNALING,HALLMARK_KRAS_SIGNALING_UP,-0.2360044712221476,0.0327974444163208,0.025,0.11993095346266561,0.1305022356110738,-0.0345570653589988,0.2534404932704942,0.34962230209049033,0.025,0.0297785326794994,-0.2014474058631488,0.1007237029315744,0.1007237029315744,Her2,Strengthened
HALLMARK_IL6_JAK_STAT3_SIGNALING,HALLMARK_MITOTIC_SPINDLE,-0.2236835397377789,0.04337106636896787,0.0,0.14130201144145116,0.11184176986888945,0.1147231015652403,0.00014308869470362615,0.000612879898643154,0.0,0.05736155078262015,-0.33840664130301923,0.0544802190862693,0.0544802190862693,Her2,Strengthened
HALLMARK_IL6_JAK_STAT3_SIGNALING,HALLMARK_MTORC1_SIGNALING,0.0614721270631957,0.583261209011462,0.0034965034965034,0.7388779535046959,0.03248431527984955,0.13529507053399908,7.104907323154569e-06,4.029403458733494e-05,0.0034965034965034,0.06939578701525125,-0.07382294347080338,-0.03691147173540169,0.03691147173540169,Her2,Weakened
HALLMARK_IL6_JAK_STAT3_SIGNALING,HALLMARK_MYC_TARGETS_V1,-0.1619848460224703,0.14596358581785604,0.0,0.3001073187306584,0.08099242301123515,-0.047464979036354014,0.11664196275688923,0.18721591334490445,0.0,0.023732489518177007,-0.11451986698611627,0.057259933493058135,0.057259933493058135,Her2,Strengthened
HALLMARK_IL6_JAK_STAT3_SIGNALING,HALLMARK_MYC_TARGETS_V2,-0.16167460955661847,0.14674762125650484,0.0,0.3006117659518703,0.08083730477830924,0.04092444190385749,0.17617622867876798,0.26156235905590725,0.0,0.020462220951928744,-0.20259905146047597,0.06037508382638049,0.06037508382638049,Her2,Strengthened
HALLMARK_IL6_JAK_STAT3_SIGNALING,HALLMARK_MYOGENESIS,0.19136158254331068,0.0850324403387162,0.0070175438596491,0.21610941787329324,0.09918956320147988,-0.013748355677824542,0.6496577502305154,0.7241408043970713,0.0070175438596491,0.010382949768736821,0.2051099382211352,0.08880661343274306,0.08880661343274306,Her2,Strengthened
HALLMARK_IL6_JAK_STAT3_SIGNALING,HALLMARK_NOTCH_SIGNALING,-0.012121911454863382,0.9139263891290308,0.0,0.9568887407547545,0.006060955727431691,-0.029702291020495104,0.3263380282327197,0.4289314212286283,0.0,0.014851145510247552,0.017580379565631722,-0.008790189782815861,0.008790189782815861,Her2,Weakened
HALLMARK_IL6_JAK_STAT3_SIGNALING,HALLMARK_OXIDATIVE_PHOSPHORYLATION,-0.11976907217151633,0.2838239833322918,0.0,0.46977799074599474,0.05988453608575817,-0.1627340406655939,6.215024475448758e-08,4.818610748370081e-07,0.0,0.08136702033279695,0.04296496849407758,-0.02148248424703879,0.02148248424703879,Her2,Weakened
HALLMARK_IL6_JAK_STAT3_SIGNALING,HALLMARK_P53_PATHWAY,-0.12393743052144725,0.26727697882898105,0.025,0.4541113717968125,0.07446871526072363,-0.16196947470069636,7.175087027815045e-08,5.493426005670893e-07,0.025,0.09348473735034818,0.038032044179249117,-0.01901602208962455,0.01901602208962455,Her2,Weakened
HALLMARK_IL6_JAK_STAT3_SIGNALING,HALLMARK_PANCREAS_BETA_CELLS,0.05429453272612516,0.6280540418965486,0.0,0.7702921882748032,0.02714726636306258,0.10959357530518356,0.00028158088883098274,0.0011091208643664112,0.0,0.05479678765259178,-0.0552990425790584,-0.0276495212895292,0.0276495212895292,Her2,Weakened
HALLMARK_IL6_JAK_STAT3_SIGNALING,HALLMARK_PEROXISOME,0.09478645693324846,0.3969615162272712,0.0,0.5809771294843575,0.04739322846662423,0.03780489923370393,0.21150434258241188,0.303387376655099,0.0,0.018902449616851964,0.05698155769954453,0.028490778849772264,0.028490778849772264,Her2,Strengthened
HALLMARK_IL6_JAK_STAT3_SIGNALING,HALLMARK_PI3K_AKT_MTOR_SIGNALING,0.3206848755887154,0.0033103877478018076,0.032258064516129,0.02371476602957435,0.1764714700524222,0.054690479384522525,0.07057386460608003,0.12403584525458829,0.032258064516129,0.04347427195032576,0.26599439620419285,0.13299719810209643,0.13299719810209643,Her2,Strengthened
HALLMARK_IL6_JAK_STAT3_SIGNALING,HALLMARK_PROTEIN_SECRETION,-0.19601080765193954,0.07758602789912926,0.0,0.2048338021043822,0.09800540382596977,-0.1143854035488917,0.00014974048673741552,0.0006369170008796321,0.0,0.05719270177444585,-0.08162540410304783,0.040812702051523916,0.040812702051523916,Her2,Strengthened
HALLMARK_IL6_JAK_STAT3_SIGNALING,HALLMARK_REACTIVE_OXYGEN_SPECIES_PATHWAY,0.14759383378867655,0.18574861705618415,0.0,0.3473924517462986,0.07379691689433827,-0.09530580034712478,0.0016001161525555883,0.004974980423554811,0.0,0.04765290017356239,0.24289963413580135,0.026144016720775883,0.026144016720775883,Her2,Strengthened
HALLMARK_IL6_JAK_STAT3_SIGNALING,HALLMARK_SPERMATOGENESIS,0.011571552408852145,0.9178203927149596,0.004524886877828,0.9583211832265266,0.008048219643340073,0.0286208612590406,0.34426809560611377,0.4467258602632595,0.004524886877828,0.0165728740684343,-0.017049308850188453,-0.008524654425094228,0.008524654425094228,Her2,Weakened
HALLMARK_IL6_JAK_STAT3_SIGNALING,HALLMARK_TGF_BETA_SIGNALING,0.1582415947686655,0.15563568880554396,0.014388489208633,0.31306029357437004,0.08631504198864925,0.036589485044704474,0.22656944054108438,0.32049372362913203,0.014388489208633,0.025488987126668736,0.12165210972396104,0.06082605486198052,0.06082605486198052,Her2,Strengthened
HALLMARK_IL6_JAK_STAT3_SIGNALING,HALLMARK_TNFA_SIGNALING_VIA_NFKB,-0.05417534413379534,0.6288099496120843,0.0669144981412639,0.7702921882748032,0.06054492113752963,0.2647742401306077,5.242677846888727e-19,1.4503342955787065e-17,0.0669144981412639,0.1658443691359358,-0.318949584264403,-0.10529944799840618,0.10529944799840618,Her2,Weakened
HALLMARK_IL6_JAK_STAT3_SIGNALING,HALLMARK_UNFOLDED_PROTEIN_RESPONSE,0.12044551394553159,0.2810934795039462,0.0,0.46848913250657703,0.060222756972765794,0.0011423220362535222,0.9698950738411571,0.9802982388246019,0.0,0.0005711610181267611,0.11930319190927807,0.059651595954639036,0.059651595954639036,Her2,Strengthened
HALLMARK_IL6_JAK_STAT3_SIGNALING,HALLMARK_UV_RESPONSE_DN,-0.43054593916195666,5.4028480055090194e-05,0.0043478260869565,0.0011030814677914249,0.21744688262445658,-0.1719089719471673,1.0518180698996724e-08,9.269619680770494e-08,0.0043478260869565,0.0881283990170619,-0.25863696721478935,0.12931848360739467,0.12931848360739467,Her2,Strengthened
HALLMARK_IL6_JAK_STAT3_SIGNALING,HALLMARK_UV_RESPONSE_UP,-0.06227149447945154,0.5783644294125898,0.0208333333333333,0.7375547444333932,0.041552413906392416,-0.11349779680287547,0.00016863700325227575,0.0007123459620139234,0.0208333333333333,0.0671655650681044,0.051226302323423935,-0.025613151161711978,0.025613151161711978,Her2,Weakened
HALLMARK_IL6_JAK_STAT3_SIGNALING,HALLMARK_WNT_BETA_CATENIN_SIGNALING,0.2666480379765129,0.015454502645541338,0.0,0.0693471272556342,0.13332401898825644,0.11593094425474554,0.0001215023882363108,0.0005334782279192858,0.0,0.05796547212737277,0.15071709372176734,0.07535854686088367,0.07535854686088367,Her2,Strengthened
HALLMARK_IL6_JAK_STAT3_SIGNALING,HALLMARK_XENOBIOTIC_METABOLISM,-0.27305907422905057,0.013062575787622318,0.0213523131672597,0.06109156555358112,0.14720569369815514,0.10505851205375617,0.0005003964975104921,0.0018082174320069404,0.0213523131672597,0.06320541261050794,-0.37811758628280673,0.0840002810876472,0.0840002810876472,Her2,Strengthened
HALLMARK_INFLAMMATORY_RESPONSE,HALLMARK_INTERFERON_ALPHA_RESPONSE,-0.05086075735401038,0.6499820741113943,0.0607142857142857,0.7821493524424932,0.05578752153414804,-0.17061443014794558,1.359455943330445e-08,1.1810876103402801e-07,0.0607142857142857,0.11566435793111564,0.1197536727939352,-0.0598768363969676,0.0598768363969676,Her2,Weakened
HALLMARK_INFLAMMATORY_RESPONSE,HALLMARK_INTERFERON_GAMMA_RESPONSE,0.05642576025652378,0.6146027493930041,0.1019283746556473,0.7612622527870879,0.07917706745608555,0.18684865560024222,4.72407465200524e-10,5.076308288338964e-09,0.1019283746556473,0.14438851512794476,-0.13042289534371843,-0.06521144767185921,0.06521144767185921,Her2,Weakened
HALLMARK_INFLAMMATORY_RESPONSE,HALLMARK_KRAS_SIGNALING_DN,0.2995524074477132,0.006256940914696919,0.015228426395939,0.03667345751437189,0.15739041692182612,0.09500927419020341,0.0016550760652905496,0.0051069727455438875,0.015228426395939,0.0551188502930712,0.2045431332575098,0.10227156662875492,0.10227156662875492,Her2,Strengthened
HALLMARK_INFLAMMATORY_RESPONSE,HALLMARK_KRAS_SIGNALING_UP,0.40680756217774133,0.0001490425921003636,0.0416666666666666,0.0023407330169608388,0.22423711442220395,0.20811290708244162,3.6050829623741295e-12,5.452131640627541e-11,0.0416666666666666,0.12488978687455411,0.1986946550952997,0.09934732754764984,0.09934732754764984,Her2,Strengthened
HALLMARK_INFLAMMATORY_RESPONSE,HALLMARK_MITOTIC_SPINDLE,0.3317381121300492,0.0023297967802435892,0.0050377833753148,0.018187658046295532,0.168387947752682,-0.08562529451775257,0.004595745216642775,0.012538503096631178,0.0050377833753148,0.04533153894653368,0.4173634066478018,0.12305640880614832,0.12305640880614832,Her2,Strengthened
HALLMARK_INFLAMMATORY_RESPONSE,HALLMARK_MTORC1_SIGNALING,-0.021069304322704,0.8509687677624682,0.0126582278481012,0.9128167605157825,0.0168637660854026,-0.01955860984890193,0.5181262662506944,0.611213054289756,0.0126582278481012,0.016108418848501563,-0.0015106944738020704,0.0007553472369010369,0.0007553472369010369,Her2,Strengthened
HALLMARK_INFLAMMATORY_RESPONSE,HALLMARK_MYC_TARGETS_V1,0.10267557290938584,0.3586595997237123,0.0025062656641604,0.5457863474056491,0.05259091928677312,0.066629138356136,0.027543108388300826,0.05738147580896005,0.0025062656641604,0.0345677020101482,0.03604643455324984,0.01802321727662492,0.01802321727662492,Her2,Strengthened
HALLMARK_INFLAMMATORY_RESPONSE,HALLMARK_MYC_TARGETS_V2,0.22978713173490004,0.03782520756020508,0.0038910505836575,0.13052360355282036,0.11683909115927876,-0.015703527314540507,0.6038702922037247,0.6843118482419637,0.0038910505836575,0.009797288949099004,0.24549065904944053,0.10704180221017975,0.10704180221017975,Her2,Strengthened
HALLMARK_INFLAMMATORY_RESPONSE,HALLMARK_MYOGENESIS,-0.3968600945694487,0.00022305843823755529,0.0101010101010101,0.003254017408298557,0.2034805523352294,-0.020516206615777507,0.49784595290639333,0.5938279379847438,0.0101010101010101,0.015308608358393804,-0.3763438879536712,0.1881719439768356,0.1881719439768356,Her2,Strengthened
HALLMARK_INFLAMMATORY_RESPONSE,HALLMARK_NOTCH_SIGNALING,0.19416371296544135,0.08047947421337416,0.0043290043290043,0.2093102526694501,0.09924635864722282,-0.01734347180307024,0.5666214895469827,0.6554403443768213,0.0043290043290043,0.010836238066037271,0.2115071847685116,0.08841012058118555,0.08841012058118555,Her2,Strengthened
HALLMARK_INFLAMMATORY_RESPONSE,HALLMARK_OXIDATIVE_PHOSPHORYLATION,-0.11854669844032122,0.28880272847599897,0.0,0.47468511952410136,0.05927334922016061,-0.01163071772516033,0.7007805590300217,0.7706069881613793,0.0,0.005815358862580165,-0.10691598071516088,0.05345799035758044,0.05345799035758044,Her2,Strengthened
HALLMARK_INFLAMMATORY_RESPONSE,HALLMARK_P53_PATHWAY,0.018658175853384716,0.8678597924775519,0.0309278350515463,0.9236561648870556,0.02479300545246551,-0.07817117249910958,0.00969373273533526,0.023607997218261817,0.0309278350515463,0.05454950377532794,0.0968293483524943,-0.02975649832286243,0.02975649832286243,Her2,Weakened
HALLMARK_INFLAMMATORY_RESPONSE,HALLMARK_PANCREAS_BETA_CELLS,0.06416920967325988,0.5668159765999493,0.0,0.7284196807439264,0.03208460483662994,-0.009736800827082908,0.7476870419845014,0.8037437188958657,0.0,0.004868400413541454,0.07390601050034279,0.02721620442308849,0.02721620442308849,Her2,Strengthened
HALLMARK_INFLAMMATORY_RESPONSE,HALLMARK_PEROXISOME,-0.0257157122322636,0.818613488975211,0.0,0.8969602182420694,0.0128578561161318,-0.051101394364331205,0.09114577480374388,0.15400492984080863,0.0,0.025550697182165603,0.025385682132067607,-0.012692841066033803,0.012692841066033803,Her2,Weakened
HALLMARK_INFLAMMATORY_RESPONSE,HALLMARK_PI3K_AKT_MTOR_SIGNALING,-0.3456212835250203,0.0014712148466807487,0.009933774834437,0.01269181821960505,0.17777752917972867,0.06915593863706225,0.022166469373187184,0.04789052025071305,0.009933774834437,0.039544856735749624,-0.41477722216208257,0.13823267244397905,0.13823267244397905,Her2,Strengthened
HALLMARK_INFLAMMATORY_RESPONSE,HALLMARK_PROTEIN_SECRETION,0.4153891859813135,0.00010417786275543594,0.0068027210884353,0.001796485584400314,0.21109595353487443,0.024805450479963468,0.4124184628960521,0.5134274563492519,0.0068027210884353,0.015804085784199385,0.39058373550135006,0.19529186775067503,0.19529186775067503,Her2,Strengthened
HALLMARK_INFLAMMATORY_RESPONSE,HALLMARK_REACTIVE_OXYGEN_SPECIES_PATHWAY,-0.12756749174966842,0.2534074513725526,0.0040322580645161,0.43845215809516513,0.06579987490709226,0.05881347760253667,0.05180448014427046,0.0958617646174189,0.0040322580645161,0.03142286783352639,-0.18638096935220508,0.03437700707356587,0.03437700707356587,Her2,Strengthened
HALLMARK_INFLAMMATORY_RESPONSE,HALLMARK_SPERMATOGENESIS,0.03946608780279619,0.7248147553725297,0.0,0.8340519268702331,0.019733043901398094,0.15004558707308996,6.182297704928289e-07,4.1159318959441055e-06,0.0,0.07502279353654498,-0.11057949927029377,-0.055289749635146886,0.055289749635146886,Her2,Weakened
HALLMARK_INFLAMMATORY_RESPONSE,HALLMARK_TGF_BETA_SIGNALING,-0.1786388111854178,0.10832788117869403,0.0079365079365079,0.2513288909922352,0.09328765956096285,0.04024198544710172,0.18350252116214105,0.270506123253457,0.0079365079365079,0.02408924669180481,-0.21888079663251953,0.06919841286915804,0.06919841286915804,Her2,Strengthened
HALLMARK_INFLAMMATORY_RESPONSE,HALLMARK_TNFA_SIGNALING_VIA_NFKB,0.6240101343554691,3.7712993772157165e-10,0.1461318051575931,4.1998561246265936e-08,0.3850709697565311,0.4683195945745949,1.000201474686657e-60,7.657792540569717e-59,0.1461318051575931,0.307225699866094,0.15569053978087427,0.07784526989043711,0.07784526989043711,Her2,Strengthened
HALLMARK_INFLAMMATORY_RESPONSE,HALLMARK_UNFOLDED_PROTEIN_RESPONSE,-0.12931909771222003,0.24689408202617005,0.0032051282051282,0.42900035529369973,0.06626211295867411,0.036243710171375065,0.23099172444229826,0.3245009890387791,0.0032051282051282,0.019724419188251633,-0.1655628078835951,0.04653769377042248,0.04653769377042248,Her2,Strengthened
HALLMARK_INFLAMMATORY_RESPONSE,HALLMARK_UV_RESPONSE_DN,0.4392373556742777,3.655026599060559e-05,0.0455927051671732,0.0008291495525646639,0.24241503042072543,0.048721990806875615,0.1072610827530013,0.176368894459633,0.0455927051671732,0.04715734798702441,0.39051536486740207,0.195257682433701,0.195257682433701,Her2,Strengthened
HALLMARK_INFLAMMATORY_RESPONSE,HALLMARK_UV_RESPONSE_UP,-0.26705752073393874,0.015291144396127833,0.028735632183908,0.06886636722520807,0.14789657645892337,-0.18038847371529235,1.8666170946914264e-09,1.8897569760305763e-08,0.028735632183908,0.10456205294960018,-0.08666904701864639,0.043334523509323195,0.043334523509323195,Her2,Strengthened
HALLMARK_INFLAMMATORY_RESPONSE,HALLMARK_WNT_BETA_CATENIN_SIGNALING,-0.4266735662642573,6.408698514404133e-05,0.0041493775933609,0.001234835415190194,0.2154114719288091,-0.07607147127325552,0.011839706591423103,0.028053463393604063,0.0041493775933609,0.04011042443330821,-0.35060209499100176,0.1753010474955009,0.1753010474955009,Her2,Strengthened
HALLMARK_INFLAMMATORY_RESPONSE,HALLMARK_XENOBIOTIC_METABOLISM,0.4630907774723622,1.1820007827179421e-05,0.0126582278481012,0.00035315877044621443,0.23787450266023172,0.10182888055397125,0.0007435958415068786,0.0025731777001297353,0.0126582278481012,0.057243554201036224,0.36126189691839095,0.1806309484591955,0.1806309484591955,Her2,Strengthened
HALLMARK_INTERFERON_ALPHA_RESPONSE,HALLMARK_INTERFERON_GAMMA_RESPONSE,0.9943276787542734,1.2409127364852975e-79,0.3258928571428571,1.5201181021944892e-76,0.6601102679485653,0.9938972356032353,0.0,0.0,0.3258928571428571,0.6598950463730462,0.000430443151038129,0.00021522157551912002,0.00021522157551912002,Her2,Strengthened
HALLMARK_INTERFERON_ALPHA_RESPONSE,HALLMARK_KRAS_SIGNALING_DN,0.09819352094482366,0.3801320073750853,0.010204081632653,0.5671884397496705,0.05419880128873833,0.12120802698657099,5.837607090196251e-05,0.00027294155288131323,0.010204081632653,0.06570605430961199,-0.023014506041747332,-0.011507253020873659,0.011507253020873659,Her2,Weakened
HALLMARK_INTERFERON_ALPHA_RESPONSE,HALLMARK_KRAS_SIGNALING_UP,0.10542842679149446,0.3458501564349616,0.0067796610169491,0.5315764637802107,0.05610404390422178,0.22637774770026062,3.519562541416963e-14,6.843593830532983e-13,0.0067796610169491,0.11657870435860486,-0.12094932090876616,-0.06047466045438308,0.06047466045438308,Her2,Weakened
HALLMARK_INTERFERON_ALPHA_RESPONSE,HALLMARK_MITOTIC_SPINDLE,0.08523772936972182,0.4464193128517983,0.0,0.6322123216687316,0.04261886468486091,-0.08819616710280864,0.0035058971546516925,0.009931034197718439,0.0,0.04409808355140432,0.17343389647253046,-0.0014792188665434108,0.0014792188665434108,Her2,Weakened
HALLMARK_INTERFERON_ALPHA_RESPONSE,HALLMARK_MTORC1_SIGNALING,-0.018865125606417857,0.8664075814266305,0.010204081632653,0.9235366472277712,0.014534603619535428,-0.1532052516554761,3.549410571856583e-07,2.4565129663979174e-06,0.010204081632653,0.08170466664406455,0.13434012604905826,-0.06717006302452912,0.06717006302452912,Her2,Weakened
HALLMARK_INTERFERON_ALPHA_RESPONSE,HALLMARK_MYC_TARGETS_V1,0.14093239222662166,0.20661827708848343,0.0,0.37553025138485485,0.07046619611331083,0.07166990986900389,0.017746285728361396,0.03981538464696467,0.0,0.03583495493450194,0.06926248235761777,0.034631241178808884,0.034631241178808884,Her2,Strengthened
HALLMARK_INTERFERON_ALPHA_RESPONSE,HALLMARK_MYC_TARGETS_V2,-0.10109388537310128,0.36615007628498664,0.0,0.5510243777016077,0.05054694268655064,-0.04014530728287662,0.184558343580991,0.2717355419311466,0.0,0.02007265364143831,-0.06094857809022466,0.03047428904511233,0.03047428904511233,Her2,Strengthened
HALLMARK_INTERFERON_ALPHA_RESPONSE,HALLMARK_MYOGENESIS,-0.20422202959882732,0.06571448891610432,0.0,0.18463359844547658,0.10211101479941366,0.0818807512983734,0.006734089139326467,0.017366861464578786,0.0,0.0409403756491867,-0.2861027808972007,0.06117063915022696,0.06117063915022696,Her2,Strengthened
HALLMARK_INTERFERON_ALPHA_RESPONSE,HALLMARK_NOTCH_SIGNALING,-0.024755757731762223,0.8252752245072352,0.0,0.900088699286584,0.012377878865881112,-0.07698386956366855,0.010860269338112315,0.026024850454772888,0.0,0.038491934781834276,0.05222811183190633,-0.026114055915953165,0.026114055915953165,Her2,Weakened
HALLMARK_INTERFERON_ALPHA_RESPONSE,HALLMARK_OXIDATIVE_PHOSPHORYLATION,0.2457393734710446,0.026058058186211545,0.0,0.1029713589616424,0.1228696867355223,0.006989254231225311,0.8173825350493124,0.8654223037471112,0.0,0.0034946271156126554,0.2387501192398193,0.11937505961990964,0.11937505961990964,Her2,Strengthened
HALLMARK_INTERFERON_ALPHA_RESPONSE,HALLMARK_P53_PATHWAY,-0.053268035863446084,0.634576675230826,0.0206185567010309,0.7737333556321198,0.03694329628223849,0.05865253406007428,0.052449741954176704,0.09676345465943745,0.0206185567010309,0.03963554538055259,-0.11192056992352037,-0.0026922490983141006,0.0026922490983141006,Her2,Weakened
HALLMARK_INTERFERON_ALPHA_RESPONSE,HALLMARK_PANCREAS_BETA_CELLS,-0.04940551585445787,0.6593671431307921,0.0,0.7849608846795145,0.024702757927228935,0.05386528814198063,0.07493094956273766,0.1313167571020796,0.0,0.026932644070990316,-0.10327080399643851,-0.0022298861437613816,0.0022298861437613816,Her2,Weakened
HALLMARK_INTERFERON_ALPHA_RESPONSE,HALLMARK_PEROXISOME,-0.14201351164404383,0.20312231108870504,0.0,0.37228813105366027,0.07100675582202191,-0.07419520243587995,0.014102790930965878,0.03294266932057975,0.0,0.03709760121793997,-0.06781830920816388,0.03390915460408194,0.03390915460408194,Her2,Strengthened
HALLMARK_INTERFERON_ALPHA_RESPONSE,HALLMARK_PI3K_AKT_MTOR_SIGNALING,-0.1264394017924735,0.2576638790706283,0.0049751243781094,0.4433121514908985,0.06570726308529146,0.0022707279435646953,0.94019873068732,0.9585368287703278,0.0049751243781094,0.0036229261608370475,-0.1287101297360382,0.062084336924454406,0.062084336924454406,Her2,Strengthened
HALLMARK_INTERFERON_ALPHA_RESPONSE,HALLMARK_PROTEIN_SECRETION,0.045163405375894194,0.6870223687144262,0.0,0.8098828177848046,0.022581702687947097,-0.09923834035387664,0.0010135493525806766,0.003410983398108046,0.0,0.04961917017693832,0.14440174572977083,-0.027037467488991225,0.027037467488991225,Her2,Weakened
HALLMARK_INTERFERON_ALPHA_RESPONSE,HALLMARK_REACTIVE_OXYGEN_SPECIES_PATHWAY,-0.28882552891090196,0.008498044100299572,0.0,0.045458969532170206,0.14441276445545098,-0.06806616885668297,0.024361994799420604,0.05208279865495679,0.0,0.034033084428341485,-0.22075936005421898,0.11037968002710949,0.11037968002710949,Her2,Strengthened
HALLMARK_INTERFERON_ALPHA_RESPONSE,HALLMARK_SPERMATOGENESIS,0.05159637806863021,0.6452584789741014,0.0,0.7802977657880298,0.025798189034315105,0.09429084855411815,0.0017955015217719914,0.005430837936223924,0.0,0.047145424277059075,-0.04269447048548794,-0.02134723524274397,0.02134723524274397,Her2,Weakened
HALLMARK_INTERFERON_ALPHA_RESPONSE,HALLMARK_TGF_BETA_SIGNALING,-0.44326316310670694,3.0387340778568408e-05,0.0,0.0007264562906943194,0.22163158155335347,0.011312274900560701,0.7085938197941407,0.776293014378941,0.0,0.005656137450280351,-0.45457543800726763,0.21597544410307312,0.21597544410307312,Her2,Strengthened
HALLMARK_INTERFERON_ALPHA_RESPONSE,HALLMARK_TNFA_SIGNALING_VIA_NFKB,0.024525574283045977,0.8268744695520593,0.03125,0.900088699286584,0.02788778714152299,-0.003153280880734825,0.9170281658218753,0.9416257360702408,0.03125,0.017201640440367413,0.027678855163780804,0.010686146701155575,0.010686146701155575,Her2,Strengthened
HALLMARK_INTERFERON_ALPHA_RESPONSE,HALLMARK_UNFOLDED_PROTEIN_RESPONSE,-0.16417079151879407,0.1405281431597931,0.0,0.29464478150403556,0.08208539575939704,0.03340210089888296,0.26966172282289025,0.3662257322151226,0.0,0.01670105044944148,-0.19757289241767703,0.06538434530995556,0.06538434530995556,Her2,Strengthened
HALLMARK_INTERFERON_ALPHA_RESPONSE,HALLMARK_UV_RESPONSE_DN,0.20769735214325719,0.06115408313268174,0.0,0.1760261804243,0.10384867607162859,-0.03582697440965387,0.2364025178282475,0.3302087620748041,0.0,0.017913487204826935,0.24352432655291106,0.08593518886680165,0.08593518886680165,Her2,Strengthened
HALLMARK_INTERFERON_ALPHA_RESPONSE,HALLMARK_UV_RESPONSE_UP,-0.1293640085722308,0.24672860748162642,0.0119047619047619,0.42900035529369973,0.07063438523849634,-0.08581731156399994,0.004504829272170734,0.012345449347671475,0.0119047619047619,0.04886103673438092,-0.043546697008230856,0.02177334850411542,0.02177334850411542,Her2,Strengthened
HALLMARK_INTERFERON_ALPHA_RESPONSE,HALLMARK_WNT_BETA_CATENIN_SIGNALING,-0.10756881081460692,0.33609089725818675,0.0,0.5224763313975619,0.05378440540730346,0.012199255126725407,0.6869097752510647,0.7596360510266906,0.0,0.0060996275633627035,-0.11976806594133232,0.04768477784394076,0.04768477784394076,Her2,Strengthened
HALLMARK_INTERFERON_ALPHA_RESPONSE,HALLMARK_XENOBIOTIC_METABOLISM,0.33682205941469645,0.001973604905421075,0.0,0.015905697428558005,0.16841102970734823,0.11121177734887262,0.0002281310528357473,0.0009346506345277272,0.0,0.05560588867443631,0.22561028206582384,0.11280514103291192,0.11280514103291192,Her2,Strengthened
HALLMARK_INTERFERON_GAMMA_RESPONSE,HALLMARK_KRAS_SIGNALING_DN,-0.05571964928283196,0.6190456079424783,0.0075566750629722,0.7644464412596128,0.03163816217290208,-0.07928252667273533,0.008704284129818642,0.021454221446736088,0.0075566750629722,0.043419600867853764,0.02356287738990337,-0.011781438694951685,0.011781438694951685,Her2,Weakened
HALLMARK_INTERFERON_GAMMA_RESPONSE,HALLMARK_KRAS_SIGNALING_UP,-0.11265344368205688,0.31361215068589837,0.0256410256410256,0.5015337918932449,0.06914723466154124,-0.23827472833226418,1.3781081774694016e-15,2.961723714736872e-14,0.0256410256410256,0.13195787698664488,0.1256212846502073,-0.06281064232510364,0.06281064232510364,Her2,Weakened
HALLMARK_INTERFERON_GAMMA_RESPONSE,HALLMARK_MITOTIC_SPINDLE,-0.07869538745632186,0.4822003429922954,0.0025125628140703,0.6622145965981636,0.04060397513519608,0.08342718066871195,0.0057612344469622195,0.015144875960362058,0.0025125628140703,0.04296987174139112,-0.1621225681250338,-0.002365896606195045,0.002365896606195045,Her2,Weakened
HALLMARK_INTERFERON_GAMMA_RESPONSE,HALLMARK_MTORC1_SIGNALING,0.02181159092929825,0.8457818308738948,0.0204081632653061,0.9104417775224263,0.021109877097302176,0.1622580978465291,6.79690889545677e-08,5.236612199329902e-07,0.0204081632653061,0.09133313055591759,-0.14044650691723085,-0.07022325345861541,0.07022325345861541,Her2,Weakened
HALLMARK_INTERFERON_GAMMA_RESPONSE,HALLMARK_MYC_TARGETS_V1,-0.16547660690133473,0.13735486218858622,0.0050251256281407,0.28960362509641674,0.08525086626473771,-0.09882727035900489,0.001063911147321829,0.0035415520529055453,0.0050251256281407,0.051926197993572794,-0.06664933654232984,0.03332466827116492,0.03332466827116492,Her2,Strengthened
HALLMARK_INTERFERON_GAMMA_RESPONSE,HALLMARK_MYC_TARGETS_V2,0.08174772919041066,0.4653192350210606,0.0,0.6507032681515973,0.04087386459520533,0.04073970750769662,0.1781375409244513,0.26323098628763913,0.0,0.02036985375384831,0.041008021682714044,0.020504010841357022,0.020504010841357022,Her2,Strengthened
HALLMARK_INTERFERON_GAMMA_RESPONSE,HALLMARK_MYOGENESIS,0.17732585055351904,0.1109895902898316,0.0050251256281407,0.2556934101416384,0.09117548809082987,-0.08842704556792576,0.0034205532196015134,0.009731967442567336,0.0050251256281407,0.04672608559803323,0.2657528961214448,0.04444940249279664,0.04444940249279664,Her2,Strengthened
HALLMARK_INTERFERON_GAMMA_RESPONSE,HALLMARK_NOTCH_SIGNALING,-0.0033406465841371736,0.9762373183697102,0.0,0.9867085107284612,0.0016703232920685868,0.07030863309933504,0.020033212060862803,0.044297264936023345,0.0,0.03515431654966752,-0.07364927968347221,-0.03348399325759893,0.03348399325759893,Her2,Weakened
HALLMARK_INTERFERON_GAMMA_RESPONSE,HALLMARK_OXIDATIVE_PHOSPHORYLATION,-0.21975754857870922,0.047282487253444735,0.0025062656641604,0.15202374510621994,0.11113190712143481,0.002197811397699738,0.9421156171255891,0.9585478662615006,0.0025062656641604,0.002352038530930069,-0.22195535997640894,0.10877986859050474,0.10877986859050474,Her2,Strengthened
HALLMARK_INTERFERON_GAMMA_RESPONSE,HALLMARK_P53_PATHWAY,0.04378196253446525,0.6961199529748731,0.0282776349614395,0.8136898305288354,0.036029798747952375,-0.04009258597142671,0.18513600168137048,0.2722588260020154,0.0282776349614395,0.034185110466433105,0.08387454850589196,0.0018446882815192703,0.0018446882815192703,Her2,Strengthened
HALLMARK_INTERFERON_GAMMA_RESPONSE,HALLMARK_PANCREAS_BETA_CELLS,0.03633954996044902,0.7458442587320919,0.0,0.8499155506481978,0.01816977498022451,-0.057811429010286276,0.05593205065522497,0.10195946734025384,0.0,0.028905714505143138,0.0941509789707353,-0.01073593952491863,0.01073593952491863,Her2,Weakened
HALLMARK_INTERFERON_GAMMA_RESPONSE,HALLMARK_PEROXISOME,0.15347578280243918,0.16863050379087233,0.0099667774086378,0.3284139382254667,0.08172128010553849,0.07021261122847268,0.02020381783668677,0.04459401234223657,0.0099667774086378,0.04008969431855524,0.0832631715739665,0.04163158578698325,0.04163158578698325,Her2,Strengthened
HALLMARK_INTERFERON_GAMMA_RESPONSE,HALLMARK_PI3K_AKT_MTOR_SIGNALING,0.12158626026044098,0.2765285280447664,0.0166666666666666,0.4634028000750189,0.06912646346355379,-0.014567774966118965,0.6302936098507415,0.710059081029495,0.0166666666666666,0.015617220816392783,0.13615403522655994,0.05350924264716101,0.05350924264716101,Her2,Strengthened
HALLMARK_INTERFERON_GAMMA_RESPONSE,HALLMARK_PROTEIN_SECRETION,-0.026914194361303916,0.8103145096414606,0.0033898305084745,0.8947927910251259,0.015152012434889207,0.10144294993982361,0.0007790605713441082,0.0026883076053423457,0.0033898305084745,0.052416390224149054,-0.12835714430112752,-0.037264377789259846,0.037264377789259846,Her2,Weakened
HALLMARK_INTERFERON_GAMMA_RESPONSE,HALLMARK_REACTIVE_OXYGEN_SPECIES_PATHWAY,0.24852534369329526,0.024360727800216815,0.0080971659919028,0.09819267898059443,0.12831125484259903,0.06765519476309892,0.0252375542999004,0.0533955164376131,0.0080971659919028,0.03787618037750086,0.18087014893019634,0.09043507446509817,0.09043507446509817,Her2,Strengthened
HALLMARK_INTERFERON_GAMMA_RESPONSE,HALLMARK_SPERMATOGENESIS,-0.04082736800898567,0.7157208177400664,0.0029940119760479,0.8271301903128124,0.021910689992516785,-0.09875709139571104,0.0010727366320642836,0.0035491386111074553,0.0029940119760479,0.05087555168587947,0.05792972338672537,-0.028964861693362685,0.028964861693362685,Her2,Weakened
HALLMARK_INTERFERON_GAMMA_RESPONSE,HALLMARK_TGF_BETA_SIGNALING,0.41069684360793396,0.00012686451196533555,0.0,0.0020389994381346996,0.20534842180396698,-0.015200396528391454,0.6155144864098588,0.696219063575325,0.0,0.007600198264195727,0.4258972401363254,0.19774822353977126,0.19774822353977126,Her2,Strengthened
HALLMARK_INTERFERON_GAMMA_RESPONSE,HALLMARK_TNFA_SIGNALING_VIA_NFKB,-0.022499283833764448,0.8409822226603741,0.0723860589812332,0.9068690341188014,0.04744267140749882,-0.013476513523859136,0.6561352165774152,0.7300323708513475,0.0723860589812332,0.042931286252546164,-0.009022770309905313,0.004511385154952655,0.004511385154952655,Her2,Strengthened
HALLMARK_INTERFERON_GAMMA_RESPONSE,HALLMARK_UNFOLDED_PROTEIN_RESPONSE,0.1936913468818103,0.08123306820598347,0.0096774193548387,0.2103816248463631,0.1016843831183245,-0.022991307021855794,0.4474435125006979,0.5470242543047454,0.0096774193548387,0.016334363188347245,0.2166826539036661,0.08535001992997726,0.08535001992997726,Her2,Strengthened
HALLMARK_INTERFERON_GAMMA_RESPONSE,HALLMARK_UV_RESPONSE_DN,-0.19635262173633009,0.07705981097751387,0.0058479532163742,0.20388394913057126,0.10110028747635215,0.04413258908434448,0.14463200013666072,0.22286062914139546,0.0058479532163742,0.02499027115035934,-0.24048521082067456,0.0761100163259928,0.0761100163259928,Her2,Strengthened
HALLMARK_INTERFERON_GAMMA_RESPONSE,HALLMARK_UV_RESPONSE_UP,0.10866831861251589,0.3311458903697273,0.0257879656160458,0.5188133574544215,0.06722814211428084,0.08701068252579319,0.003975359727391024,0.011141055435531533,0.0257879656160458,0.05639932407091949,0.021657636086722692,0.010828818043361346,0.010828818043361346,Her2,Strengthened
HALLMARK_INTERFERON_GAMMA_RESPONSE,HALLMARK_WNT_BETA_CATENIN_SIGNALING,0.11523169782178107,0.30259381812869546,0.0,0.48837605692707764,0.057615848910890534,-0.02608686139953099,0.38868711223638946,0.49036221677608355,0.0,0.013043430699765496,0.14131855922131206,0.04457241821112504,0.04457241821112504,Her2,Strengthened
HALLMARK_INTERFERON_GAMMA_RESPONSE,HALLMARK_XENOBIOTIC_METABOLISM,-0.3208121093408896,0.0032972684949842896,0.0178117048346055,0.02371476602957435,0.16931190708774754,-0.11963679394299191,7.284453769722039e-05,0.00033800969196626885,0.0178117048346055,0.0687242493887987,-0.20117531539789768,0.10058765769894884,0.10058765769894884,Her2,Strengthened
HALLMARK_KRAS_SIGNALING_DN,HALLMARK_KRAS_SIGNALING_UP,-0.06211695684523099,0.5793096188570839,0.0,0.7375547444333932,0.031058478422615495,-0.17198493296112125,1.0360391035007028e-08,9.196723926002616e-08,0.0,0.08599246648056062,0.10986797611589025,-0.054933988057945124,0.054933988057945124,Her2,Weakened
HALLMARK_KRAS_SIGNALING_DN,HALLMARK_MITOTIC_SPINDLE,-0.1846790225783788,0.0967161210590305,0.0025125628140703,0.2364815335275696,0.09359579269622455,-0.024500209097156552,0.4181954250429208,0.5185115340866173,0.0025125628140703,0.013506385955613426,-0.16017881348122223,0.08008940674061112,0.08008940674061112,Her2,Strengthened
HALLMARK_KRAS_SIGNALING_DN,HALLMARK_MTORC1_SIGNALING,0.1741325947365403,0.11767447872946785,0.0025062656641604,0.2639995732109772,0.08831943020035035,-0.048583780031959505,0.10826237178538768,0.17730134416724588,0.0025062656641604,0.025545022848059953,0.22271637476849981,0.0627744073522904,0.0627744073522904,Her2,Strengthened
HALLMARK_KRAS_SIGNALING_DN,HALLMARK_MYC_TARGETS_V1,0.3880116373610756,0.0003159541914872503,0.0,0.004161762199697652,0.1940058186805378,0.062215536712558805,0.03964185330869379,0.07720392734999983,0.0,0.031107768356279403,0.3257961006485168,0.1628980503242584,0.1628980503242584,Her2,Strengthened
HALLMARK_KRAS_SIGNALING_DN,HALLMARK_MYC_TARGETS_V2,-0.09642109654311289,0.38883270628283445,0.0,0.5738795966222556,0.04821054827155644,0.050143937731573426,0.09737980885117467,0.16229968141862447,0.0,0.025071968865786713,-0.1465650342746863,0.02313857940576973,0.02313857940576973,Her2,Strengthened
HALLMARK_KRAS_SIGNALING_DN,HALLMARK_MYOGENESIS,0.3646126735500455,0.0007578442559170498,0.0178117048346055,0.007801337928557866,0.1912121891923255,0.2516213048910354,2.929657394717903e-17,6.771377940621568e-16,0.0178117048346055,0.13471650486282044,0.1129913686590101,0.05649568432950505,0.05649568432950505,Her2,Strengthened
HALLMARK_KRAS_SIGNALING_DN,HALLMARK_NOTCH_SIGNALING,0.025781784791597886,0.8181554359031358,0.0043290043290043,0.8969602182420694,0.015055394560301093,0.17287567802473558,8.673229755279906e-09,7.755260182640792e-08,0.0043290043290043,0.08860234117686994,-0.1470938932331377,-0.07354694661656884,0.07354694661656884,Her2,Weakened
HALLMARK_KRAS_SIGNALING_DN,HALLMARK_OXIDATIVE_PHOSPHORYLATION,0.1621443772055384,0.14556164227091709,0.0,0.3001073187306584,0.0810721886027692,0.06587727026160138,0.029345708306293645,0.06021523061174156,0.0,0.03293863513080069,0.09626710694393702,0.04813355347196851,0.04813355347196851,Her2,Strengthened
HALLMARK_KRAS_SIGNALING_DN,HALLMARK_P53_PATHWAY,-0.164339058681932,0.14011615776706926,0.0101010101010101,0.2945892091932011,0.08722003439147105,0.03160864047487354,0.29623432836331315,0.39487165641464483,0.0101010101010101,0.020854825287941817,-0.19594769915680554,0.06636520910352924,0.06636520910352924,Her2,Strengthened
HALLMARK_KRAS_SIGNALING_DN,HALLMARK_PANCREAS_BETA_CELLS,-0.23247575246205754,0.035577202116826134,0.0084033613445378,0.1255967509887954,0.12043955690329766,-0.050394772017814636,0.09571461323059154,0.15997121676726542,0.0084033613445378,0.029399066681176218,-0.1820809804442429,0.09104049022212145,0.09104049022212145,Her2,Strengthened
HALLMARK_KRAS_SIGNALING_DN,HALLMARK_PEROXISOME,-0.18453946064301843,0.09697291815108962,0.0099667774086378,0.23663710106590596,0.09725311902582812,0.032711376141104774,0.27969572744167337,0.37651347924840645,0.0099667774086378,0.021339076774871287,-0.2172508367841232,0.07591404225095683,0.07591404225095683,Her2,Strengthened
HALLMARK_KRAS_SIGNALING_DN,HALLMARK_PI3K_AKT_MTOR_SIGNALING,-0.042066909372975594,0.7074743926584128,0.0032894736842105,0.8214750056934177,0.022678191528593048,-0.010079288769071002,0.7391293178869629,0.7970984933163575,0.0032894736842105,0.006684381226640751,-0.031987620603904594,0.015993810301952297,0.015993810301952297,Her2,Strengthened
HALLMARK_KRAS_SIGNALING_DN,HALLMARK_PROTEIN_SECRETION,-0.2511192234594022,0.02286585797706309,0.0033898305084745,0.09463066223615636,0.12725452698393835,0.011492091411089136,0.7041780452379377,0.7729552915918223,0.0033898305084745,0.007440960959781818,-0.26261131487049133,0.11981356602415653,0.11981356602415653,Her2,Strengthened
HALLMARK_KRAS_SIGNALING_DN,HALLMARK_REACTIVE_OXYGEN_SPECIES_PATHWAY,0.280710782317332,0.010633902220728764,0.0,0.05316951110364382,0.140355391158666,-0.06051143046825641,0.04539218191949782,0.08594346654000747,0.0,0.030255715234128205,0.3412222127855884,0.11009967592453779,0.11009967592453779,Her2,Strengthened
HALLMARK_KRAS_SIGNALING_DN,HALLMARK_SPERMATOGENESIS,-0.09537504274525749,0.39402305170368407,0.0182370820668693,0.5780577704634886,0.056806062406063396,0.06253679057458661,0.038630043813385015,0.07559393557731092,0.0182370820668693,0.040386936320727956,-0.1579118333198441,0.01641912608533544,0.01641912608533544,Her2,Strengthened
HALLMARK_KRAS_SIGNALING_DN,HALLMARK_TGF_BETA_SIGNALING,0.23051294625574054,0.0372069648255869,0.0039525691699604,0.12948446565722713,0.11723275771285047,-0.020011302426262163,0.5084861187404802,0.6041663389496491,0.0039525691699604,0.011981935798111281,0.2505242486820027,0.10525082191473918,0.10525082191473918,Her2,Strengthened
HALLMARK_KRAS_SIGNALING_DN,HALLMARK_TNFA_SIGNALING_VIA_NFKB,-0.29729084239331366,0.006680362886879667,0.0204081632653061,0.03878409732904072,0.15884950282930987,-0.08472277144853595,0.005045696400948467,0.013495585351881816,0.0204081632653061,0.052565467356921025,-0.2125680709447777,0.10628403547238885,0.10628403547238885,Her2,Strengthened
HALLMARK_KRAS_SIGNALING_DN,HALLMARK_UNFOLDED_PROTEIN_RESPONSE,-0.3457328284742279,0.0014656664833237456,0.0,0.01269181821960505,0.17286641423711396,-0.15391675724042503,3.1275840546602073e-07,2.201891072964801e-06,0.0,0.07695837862021251,-0.1918160712338029,0.09590803561690145,0.09590803561690145,Her2,Strengthened
HALLMARK_KRAS_SIGNALING_DN,HALLMARK_UV_RESPONSE_DN,-0.18765461131044667,0.09136692390370978,0.0029154518950437,0.22795210138909264,0.09528503160274518,0.029658684838643336,0.3270490780698462,0.4289455253057404,0.0029154518950437,0.01628706836684352,-0.21731329614909,0.07899796323590166,0.07899796323590166,Her2,Strengthened
HALLMARK_KRAS_SIGNALING_DN,HALLMARK_UV_RESPONSE_UP,0.23724979107853533,0.03186104503251621,0.0112994350282485,0.11741048010059864,0.12427461305339192,0.11512153277488195,0.0001355980751092086,0.0005869527986175991,0.0112994350282485,0.06321048390156522,0.12212825830365338,0.0610641291518267,0.0610641291518267,Her2,Strengthened
HALLMARK_KRAS_SIGNALING_DN,HALLMARK_WNT_BETA_CATENIN_SIGNALING,0.05133499801421997,0.646935266996007,0.0,0.7815539468147027,0.025667499007109986,0.03639491544658445,0.22905040795734005,0.3228846372240985,0.0,0.018197457723292225,0.014940082567635522,0.007470041283817761,0.007470041283817761,Her2,Strengthened
HALLMARK_KRAS_SIGNALING_DN,HALLMARK_XENOBIOTIC_METABOLISM,-0.2771069545997331,0.011723734985929492,0.0025062656641604,0.05699037840382392,0.13980661013194676,0.04354573530222473,0.15005404080448342,0.23034611527004034,0.0025062656641604,0.023026000483192567,-0.32065268990195783,0.1167806096487542,0.1167806096487542,Her2,Strengthened
HALLMARK_KRAS_SIGNALING_UP,HALLMARK_MITOTIC_SPINDLE,-0.24487496469504375,0.026604662713798754,0.0050377833753148,0.10409088262190755,0.12495637403517927,-0.018769714105616425,0.5351486379889993,0.6255315663516451,0.0050377833753148,0.011903748740465613,-0.22610525058942732,0.11305262529471366,0.11305262529471366,Her2,Strengthened
HALLMARK_KRAS_SIGNALING_UP,HALLMARK_MTORC1_SIGNALING,-0.20844336626355442,0.060209475989258965,0.0126582278481012,0.1757312505212551,0.1105507970558278,0.10607110223675394,0.0004409471698534331,0.0016319041784605907,0.0126582278481012,0.059364665042427565,-0.31451446850030834,0.05118613201340024,0.05118613201340024,Her2,Strengthened
HALLMARK_KRAS_SIGNALING_UP,HALLMARK_MYC_TARGETS_V1,-0.1468555108254684,0.18798330014504838,0.0,0.34943784928328414,0.0734277554127342,-0.11515189237996278,0.00013504269955697917,0.0005866216558769485,0.0,0.05757594618998139,-0.031703618445505635,0.015851809222752818,0.015851809222752818,Her2,Strengthened
HALLMARK_KRAS_SIGNALING_UP,HALLMARK_MYC_TARGETS_V2,0.010343258715677282,0.926517890262192,0.0,0.9602678810199242,0.005171629357838641,0.0007482795488500263,0.9802770599010548,0.9851020495314128,0.0,0.00037413977442501316,0.009594979166827257,0.0047974895834136284,0.0047974895834136284,Her2,Strengthened
HALLMARK_KRAS_SIGNALING_UP,HALLMARK_MYOGENESIS,-0.08313562481657885,0.4577513834425594,0.0126582278481012,0.6437949996752415,0.04789692633234002,-0.05134511257961408,0.08961118498571384,0.15204113796052557,0.0126582278481012,0.032001670213857636,-0.031790512236964774,0.015895256118482387,0.015895256118482387,Her2,Strengthened
HALLMARK_KRAS_SIGNALING_UP,HALLMARK_NOTCH_SIGNALING,0.03578907971652493,0.7495666117769664,0.0,0.8517802406556436,0.017894539858262466,0.1348897265364301,7.571938262822273e-06,4.2548735651180204e-05,0.0,0.06744486326821506,-0.09910064681990519,-0.04955032340995259,0.04955032340995259,Her2,Weakened
HALLMARK_KRAS_SIGNALING_UP,HALLMARK_OXIDATIVE_PHOSPHORYLATION,-0.010301859745775098,0.92681119061067,0.0,0.9602678810199242,0.005150929872887549,0.02064148418307724,0.4952243429527772,0.591853483041124,0.0,0.01032074209153862,-0.030943343928852337,-0.0051698122186510705,0.0051698122186510705,Her2,Weakened
HALLMARK_KRAS_SIGNALING_UP,HALLMARK_P53_PATHWAY,0.11969055494122903,0.2841420609081413,0.0230179028132992,0.46977799074599474,0.07135422887726411,-0.03856143317245558,0.20250001415706417,0.2942615864085452,0.0230179028132992,0.030789667992877388,0.1582519881136846,0.04056456088438673,0.04056456088438673,Her2,Strengthened
HALLMARK_KRAS_SIGNALING_UP,HALLMARK_PANCREAS_BETA_CELLS,0.00752002158356602,0.9465401396517436,0.00418410041841,0.9686814294681586,0.0058520610009880104,-0.03917828356585762,0.19536723717284374,0.28533018206473815,0.00418410041841,0.021681191992133808,0.046698305149423636,-0.015829130991145798,0.015829130991145798,Her2,Weakened
HALLMARK_KRAS_SIGNALING_UP,HALLMARK_PEROXISOME,0.06158844401637707,0.5825474948442015,0.0033003300330033,0.7387377652009802,0.032444387024690186,0.012068396860771375,0.69009325717289,0.7615369356615379,0.0033003300330033,0.0076843634468873375,0.0495200471556057,0.024760023577802846,0.024760023577802846,Her2,Strengthened
HALLMARK_KRAS_SIGNALING_UP,HALLMARK_PI3K_AKT_MTOR_SIGNALING,0.245221536928026,0.026384353769823427,0.0132890365448504,0.10392550922197331,0.1292552867364382,-0.09080650896976125,0.002644780921204736,0.007713944353513813,0.0132890365448504,0.05204777275730583,0.33602804589778723,0.07720751397913239,0.07720751397913239,Her2,Strengthened
HALLMARK_KRAS_SIGNALING_UP,HALLMARK_PROTEIN_SECRETION,-0.23149120280904778,0.0363870673675263,0.0,0.12735473578634207,0.11574560140452389,-0.014809418014486188,0.6246305292469346,0.7045786356606768,0.0,0.007404709007243094,-0.2166817847945616,0.1083408923972808,0.1083408923972808,Her2,Strengthened
HALLMARK_KRAS_SIGNALING_UP,HALLMARK_REACTIVE_OXYGEN_SPECIES_PATHWAY,0.013853993478542239,0.9016848839515711,0.0040322580645161,0.9464986999491641,0.00894312577152917,-0.07418104439129469,0.014121225862710723,0.03294266932057975,0.0040322580645161,0.039106651227905395,0.08803503786983694,-0.030163525456376225,0.030163525456376225,Her2,Weakened
HALLMARK_KRAS_SIGNALING_UP,HALLMARK_SPERMATOGENESIS,-0.045381961345214765,0.6855870789986062,0.0182370820668693,0.8090984313808214,0.03180952170604203,-0.025083890726269896,0.407190167165173,0.5081964374785012,0.0182370820668693,0.021660486396569596,-0.02029807061894487,0.010149035309472434,0.010149035309472434,Her2,Strengthened
HALLMARK_KRAS_SIGNALING_UP,HALLMARK_TGF_BETA_SIGNALING,0.0708043092049541,0.527314138954339,0.016,0.7013678829740122,0.04340215460247705,0.11098101240418075,0.00023512345620434826,0.0009523200028687983,0.016,0.06349050620209037,-0.04017670319922664,-0.02008835159961332,0.02008835159961332,Her2,Weakened
HALLMARK_KRAS_SIGNALING_UP,HALLMARK_TNFA_SIGNALING_VIA_NFKB,-0.23505447976281654,0.0335272256066813,0.0610079575596817,0.12151139458042781,0.14803121866124913,0.16793599784898297,2.297305717899934e-08,1.9553814925924565e-07,0.0610079575596817,0.11447197770433233,-0.4029904776117995,0.0335592409569168,0.0335592409569168,Her2,Strengthened
HALLMARK_KRAS_SIGNALING_UP,HALLMARK_UNFOLDED_PROTEIN_RESPONSE,0.11116110040324503,0.3201066404153424,0.0032051282051282,0.5079636627362696,0.057183114304186614,-0.06288320522777208,0.03756363115496688,0.07375827505900238,0.0032051282051282,0.033044166716450135,0.1740443056310171,0.02413894758773648,0.02413894758773648,Her2,Strengthened
HALLMARK_KRAS_SIGNALING_UP,HALLMARK_UV_RESPONSE_DN,-0.18483163243893577,0.09643592661357737,0.0058479532163742,0.23626802020326457,0.09533979282765499,-0.15140897565156092,4.872648074957151e-07,3.279666973528852e-06,0.0058479532163742,0.07862846443396757,-0.033422656787374855,0.016711328393687427,0.016711328393687427,Her2,Strengthened
HALLMARK_KRAS_SIGNALING_UP,HALLMARK_UV_RESPONSE_UP,0.10668026253094214,0.3401209992060408,0.0084507042253521,0.5267360607173198,0.05756548337814712,-0.10837590067497319,0.00032929851883315505,0.0012806053510178252,0.0084507042253521,0.058413302450162644,0.2150561632059153,-0.0008478190720155251,0.0008478190720155251,Her2,Weakened
HALLMARK_KRAS_SIGNALING_UP,HALLMARK_WNT_BETA_CATENIN_SIGNALING,0.2231886365204725,0.04384884909546081,0.0083333333333333,0.14247968207411005,0.1157609849269029,-0.006295335287181658,0.8352395401382277,0.879766497566061,0.0083333333333333,0.007314334310257479,0.22948397180765415,0.10844665061664542,0.10844665061664542,Her2,Strengthened
HALLMARK_KRAS_SIGNALING_UP,HALLMARK_XENOBIOTIC_METABOLISM,-0.3152033751276689,0.003921814524550383,0.0256410256410256,0.026990015688619213,0.17042220038434724,-0.06443872016031392,0.03307822842395043,0.06631887040808393,0.0256410256410256,0.045039872900669756,-0.25076465496735495,0.1253823274836775,0.1253823274836775,Her2,Strengthened
HALLMARK_MITOTIC_SPINDLE,HALLMARK_MTORC1_SIGNALING,-0.1695377747550236,0.12783195392727753,0.010126582278481,0.27603081364254806,0.0898321785167523,-0.059184275341130715,0.05034307319795917,0.0935815852314112,0.010126582278481,0.034655428809805856,-0.11035349941389289,0.05517674970694645,0.05517674970694645,Her2,Strengthened
HALLMARK_MITOTIC_SPINDLE,HALLMARK_MYC_TARGETS_V1,0.05094501507896951,0.6494403303697788,0.0025125628140703,0.7821493524424932,0.026728788946519904,-0.10776779105156206,0.0003558640582914423,0.0013580481975296475,0.0025125628140703,0.055140176932816184,0.15871280613053157,-0.02841138798629628,0.02841138798629628,Her2,Weakened
HALLMARK_MITOTIC_SPINDLE,HALLMARK_MYC_TARGETS_V2,-0.15543648463280632,0.16319081793086376,0.00390625,0.3216543993591893,0.07967136731640316,0.06732336292827508,0.025964224708460264,0.05452736484825334,0.00390625,0.03561480646413754,-0.22275984756108141,0.04405656085226562,0.04405656085226562,Her2,Strengthened
HALLMARK_MITOTIC_SPINDLE,HALLMARK_MYOGENESIS,0.27414231685790924,0.01269189296312436,0.010126582278481,0.060261894883051705,0.14213444956819513,-0.047076136204354,0.11967063535857826,0.19097233176661896,0.010126582278481,0.028601359241417497,0.32121845306226326,0.11353309032677764,0.11353309032677764,Her2,Strengthened
HALLMARK_MITOTIC_SPINDLE,HALLMARK_NOTCH_SIGNALING,-0.062141398437342156,0.5791600808379039,0.0043478260869565,0.7375547444333932,0.03324461226214933,0.0467054146899225,0.12261511508739378,0.19456413987313131,0.0043478260869565,0.025526620388439503,-0.10884681312726466,0.007717991873709827,0.007717991873709827,Her2,Strengthened
HALLMARK_MITOTIC_SPINDLE,HALLMARK_OXIDATIVE_PHOSPHORYLATION,-0.13440363046463988,0.22864242663635975,0.0050377833753148,0.40474996044731315,0.06972070691997734,-0.1938819653439167,1.0003193871098558e-10,1.2632899476387353e-09,0.0050377833753148,0.09945987435961574,0.05947833487927681,-0.029739167439638406,0.029739167439638406,Her2,Weakened
HALLMARK_MITOTIC_SPINDLE,HALLMARK_P53_PATHWAY,0.06520494587483605,0.5605591542043279,0.0,0.7274205126062517,0.032602472937418026,0.11194087978204544,0.00020729791799804664,0.0008579052349581322,0.0,0.05597043989102272,-0.046735933907209384,-0.023367966953604692,0.023367966953604692,Her2,Weakened
HALLMARK_MITOTIC_SPINDLE,HALLMARK_PANCREAS_BETA_CELLS,-0.034045015775935945,0.7613976713014702,0.0,0.859818372928894,0.017022507887967973,-0.132419391579502,1.1117265866944414e-05,5.9730924065819766e-05,0.0,0.066209695789751,0.09837437580356606,-0.04918718790178303,0.04918718790178303,Her2,Weakened
HALLMARK_MITOTIC_SPINDLE,HALLMARK_PEROXISOME,0.20434144790110795,0.06555334701926299,0.0033112582781456,0.18460425310022338,0.10382635308962677,0.06313070270569297,0.03681713985251991,0.07262640309071963,0.0033112582781456,0.03322098049191929,0.141210745195415,0.0706053725977075,0.0706053725977075,Her2,Strengthened
HALLMARK_MITOTIC_SPINDLE,HALLMARK_PI3K_AKT_MTOR_SIGNALING,0.17897357233949465,0.1076572277818725,0.0133333333333333,0.25088472668984685,0.09615345283641398,0.13211004424929668,1.1659434553569274e-05,6.237033767739023e-05,0.0133333333333333,0.07272168879131499,0.046863528090197976,0.023431764045098988,0.023431764045098988,Her2,Strengthened
HALLMARK_MITOTIC_SPINDLE,HALLMARK_PROTEIN_SECRETION,-0.11427058268842374,0.3066713006152438,0.0102739726027397,0.4936561672190192,0.06227227764558172,0.20233182984939896,1.432397955607669e-11,1.9715589838420166e-10,0.0102739726027397,0.10630290122606934,-0.31660241253782273,-0.044030623580487614,0.044030623580487614,Her2,Weakened
HALLMARK_MITOTIC_SPINDLE,HALLMARK_REACTIVE_OXYGEN_SPECIES_PATHWAY,0.09513753835016754,0.3952072143419513,0.0,0.5791014803455626,0.04756876917508377,-0.06056596761874219,0.04519782677390767,0.08570795324773514,0.0,0.030282983809371094,0.15570350596890972,0.017285785365712677,0.017285785365712677,Her2,Strengthened
HALLMARK_MITOTIC_SPINDLE,HALLMARK_SPERMATOGENESIS,0.15985176256083775,0.15141831042871168,0.0214067278287461,0.30811865494214585,0.09062924519479193,0.32915510013594396,4.6785478624891137e-29,2.0468646898389874e-27,0.0214067278287461,0.17528091398234502,-0.1693033375751062,-0.08465166878755309,0.08465166878755309,Her2,Weakened
HALLMARK_MITOTIC_SPINDLE,HALLMARK_TGF_BETA_SIGNALING,0.4109998201067545,0.0001252718291289973,0.0079681274900398,0.0020389994381346996,0.20948397379839714,0.187152731781578,4.4228208629625745e-10,4.794650935512526e-09,0.0079681274900398,0.09756042963580891,0.2238470883251765,0.11192354416258823,0.11192354416258823,Her2,Strengthened
HALLMARK_MITOTIC_SPINDLE,HALLMARK_TNFA_SIGNALING_VIA_NFKB,-0.16979723008653183,0.12724113477885754,0.0050377833753148,0.27603081364254806,0.08741750673092331,-0.02792253884802968,0.3561735760577508,0.4585368328060194,0.0050377833753148,0.01648016111167224,-0.14187469123850216,0.07093734561925108,0.07093734561925108,Her2,Strengthened
HALLMARK_MITOTIC_SPINDLE,HALLMARK_UNFOLDED_PROTEIN_RESPONSE,0.23515858507819462,0.03344659306789436,0.0064516129032258,0.12151139458042781,0.12080509899071021,0.05901111364275654,0.051021195639274604,0.09459452878292154,0.0064516129032258,0.03273136327299117,0.17614747143543807,0.08807373571771904,0.08807373571771904,Her2,Strengthened
HALLMARK_MITOTIC_SPINDLE,HALLMARK_UV_RESPONSE_DN,-0.24353488266519918,0.02747125054236963,0.014792899408284,0.10615861802650725,0.12916389103674158,0.03519509380280748,0.24477640153906394,0.3403531122421718,0.014792899408284,0.02499399660554574,-0.2787299764680067,0.10416989443119584,0.10416989443119584,Her2,Strengthened
HALLMARK_MITOTIC_SPINDLE,HALLMARK_UV_RESPONSE_UP,-0.08198935822323035,0.46399680695511675,0.0056338028169014,0.6495955297371634,0.043811580520065875,-0.06464197704469271,0.0325273991433608,0.06542867643779471,0.0056338028169014,0.035137889930797056,-0.017347381178537638,0.008673690589268819,0.008673690589268819,Her2,Strengthened
HALLMARK_MITOTIC_SPINDLE,HALLMARK_WNT_BETA_CATENIN_SIGNALING,0.10874887145015152,0.33078543048229553,0.0,0.5188133574544215,0.05437443572507576,-0.18019676392557663,1.942838250656265e-09,1.950800702503217e-08,0.0,0.09009838196278831,0.28894563537572815,-0.03572394623771255,0.03572394623771255,Her2,Weakened
HALLMARK_MITOTIC_SPINDLE,HALLMARK_XENOBIOTIC_METABOLISM,-0.44956288609926787,2.2654289254797835e-05,0.0050377833753148,0.000555030086742547,0.22730033473729133,-0.18043265523823956,1.8494681047840889e-09,1.8879986903004242e-08,0.0050377833753148,0.09273521930677718,-0.2691302308610283,0.13456511543051414,0.13456511543051414,Her2,Strengthened
HALLMARK_MTORC1_SIGNALING,HALLMARK_MYC_TARGETS_V1,-0.13974923409649137,0.21049308225455296,0.0498687664041994,0.3808774383483418,0.09480900025034539,0.1405990159087283,3.0370595035484414e-06,1.8695466793200203e-05,0.0498687664041994,0.09523389115646386,-0.2803482500052197,-0.00042489090611846914,0.00042489090611846914,Her2,Weakened
HALLMARK_MTORC1_SIGNALING,HALLMARK_MYC_TARGETS_V2,0.14557037658819677,0.1919193275032514,0.036144578313253,0.3543568542060878,0.09085747745072488,0.08367778087348676,0.005616087864420811,0.014826956107576493,0.036144578313253,0.059911179593369876,0.06189259571471001,0.030946297857355004,0.030946297857355004,Her2,Strengthened
HALLMARK_MTORC1_SIGNALING,HALLMARK_MYOGENESIS,-0.06458114328329836,0.564323578371961,0.0126582278481012,0.7284196807439264,0.03861968556569978,-0.1328137883220377,1.0460834470287617e-05,5.670142577921385e-05,0.0126582278481012,0.07273600808506944,0.06823264503873933,-0.03411632251936966,0.03411632251936966,Her2,Weakened
HALLMARK_MTORC1_SIGNALING,HALLMARK_NOTCH_SIGNALING,-0.06977325122049016,0.533360900177727,0.0,0.7048188810331344,0.03488662561024508,-0.13850743305825317,4.262210978206159e-06,2.5720238661588892e-05,0.0,0.06925371652912658,0.068734181837763,-0.0343670909188815,0.0343670909188815,Her2,Weakened
HALLMARK_MTORC1_SIGNALING,HALLMARK_OXIDATIVE_PHOSPHORYLATION,0.02115071942828091,0.8503995436040077,0.0178117048346055,0.9128167605157825,0.019481212131443205,0.2626415916467229,1.0224192868846421e-18,2.6648162264546523e-17,0.0178117048346055,0.1402266482406642,-0.241490872218442,-0.12074543610922099,0.12074543610922099,Her2,Weakened
HALLMARK_MTORC1_SIGNALING,HALLMARK_P53_PATHWAY,0.4405800029300479,3.437605279315301e-05,0.0282776349614395,0.0007945408428606121,0.2344288189457437,-0.056952113611322484,0.05968621636465511,0.10736507349001838,0.0282776349614395,0.04261487428638099,0.49753211654137036,0.1918139446593627,0.1918139446593627,Her2,Strengthened
HALLMARK_MTORC1_SIGNALING,HALLMARK_PANCREAS_BETA_CELLS,0.18186649002824487,0.10199520850555134,0.00418410041841,0.24450906148591076,0.09302529522332743,-0.09763973241588463,0.0012226768241888773,0.003951923772114445,0.00418410041841,0.05091191641714731,0.2795062224441295,0.04211337880618012,0.04211337880618012,Her2,Strengthened
HALLMARK_MTORC1_SIGNALING,HALLMARK_PEROXISOME,0.1708043421173601,0.12496752244829004,0.0235690235690235,0.27287917112148896,0.09718668284319179,0.18115958987951408,1.588370608166638e-09,1.6489440635628232e-08,0.0235690235690235,0.10236430672426879,-0.01035524776215399,-0.005177623881076995,0.005177623881076995,Her2,Weakened
HALLMARK_MTORC1_SIGNALING,HALLMARK_PI3K_AKT_MTOR_SIGNALING,0.1388234369744325,0.21356080589772172,0.0739436619718309,0.3852901137330031,0.1063835494731317,0.020709042951158125,0.49381364273080597,0.5907438597121458,0.0739436619718309,0.04732635246149451,0.11811439402327438,0.05905719701163718,0.05905719701163718,Her2,Strengthened
HALLMARK_MTORC1_SIGNALING,HALLMARK_PROTEIN_SECRETION,-0.01829979400243616,0.8703756675498611,0.0171821305841924,0.9239256436296186,0.01774096229331428,0.1890990829076824,2.893286765348489e-10,3.193041700497206e-09,0.0171821305841924,0.1031406067459374,-0.20739887691011857,-0.08539964445262313,0.08539964445262313,Her2,Weakened
HALLMARK_MTORC1_SIGNALING,HALLMARK_REACTIVE_OXYGEN_SPECIES_PATHWAY,0.16602290171258016,0.1360435054581874,0.0246913580246913,0.28733326583841307,0.09535712986863573,0.15813204657255092,1.4606152582500493e-07,1.0714093960217427e-06,0.0246913580246913,0.09141170229862111,0.00789085514002924,0.00394542757001462,0.00394542757001462,Her2,Strengthened
HALLMARK_MTORC1_SIGNALING,HALLMARK_SPERMATOGENESIS,-0.11303772924433078,0.3119536606479473,0.0090361445783132,0.4995336395996541,0.06103693691132199,0.026225828685883853,0.38616435084083983,0.48886529071030443,0.0090361445783132,0.017630986632098528,-0.13926355793021464,0.04340595027922346,0.04340595027922346,Her2,Strengthened
HALLMARK_MTORC1_SIGNALING,HALLMARK_TGF_BETA_SIGNALING,0.09688337847092396,0.38655201271879114,0.0079365079365079,0.572519235785687,0.05240994320371593,0.07973702299558147,0.00832632406460641,0.02073119304703832,0.0079365079365079,0.04383676546604468,0.01714635547534249,0.008573177737671245,0.008573177737671245,Her2,Strengthened
HALLMARK_MTORC1_SIGNALING,HALLMARK_TNFA_SIGNALING_VIA_NFKB,-0.17212945680431804,0.1220235059396431,0.0256410256410256,0.2693311617586717,0.09888524122267182,-0.16316741711381266,5.7273270318958805e-08,4.49742026543106e-07,0.0256410256410256,0.09440422137741913,-0.00896203969050538,0.00448101984525269,0.00448101984525269,Her2,Strengthened
HALLMARK_MTORC1_SIGNALING,HALLMARK_UNFOLDED_PROTEIN_RESPONSE,0.24500554134055713,0.026521475457614244,0.0574324324324324,0.10409088262190755,0.15121898688649477,0.2996081667930349,3.981559238829522e-24,1.3182189371800443e-22,0.0574324324324324,0.17852029961273366,-0.05460262545247779,-0.027301312726238897,0.027301312726238897,Her2,Weakened
HALLMARK_MTORC1_SIGNALING,HALLMARK_UV_RESPONSE_DN,0.06051845540190883,0.5891279067250491,0.0207715133531157,0.7418199614818622,0.04064498437751227,-0.05065793428076943,0.09399212877278158,0.15794287756743133,0.0207715133531157,0.035714723816942566,0.11117638968267826,0.004930260560569701,0.004930260560569701,Her2,Strengthened
HALLMARK_MTORC1_SIGNALING,HALLMARK_UV_RESPONSE_UP,0.20841059974940412,0.060250714464430324,0.031700288184438,0.1757312505212551,0.12005544396692105,0.11264348445926291,0.00018892167808585707,0.000795288851048711,0.031700288184438,0.07217188632185045,0.09576711529014122,0.0478835576450706,0.0478835576450706,Her2,Strengthened
HALLMARK_MTORC1_SIGNALING,HALLMARK_WNT_BETA_CATENIN_SIGNALING,0.052483765733670834,0.6395789982897537,0.0,0.7764958106094632,0.026241882866835417,0.0007888274106643723,0.9792085462558798,0.9848361815791894,0.0,0.00039441370533218614,0.051694938323006465,0.025847469161503232,0.025847469161503232,Her2,Strengthened
HALLMARK_MTORC1_SIGNALING,HALLMARK_XENOBIOTIC_METABOLISM,-0.27556290869233285,0.012219636817081757,0.0309278350515463,0.05870217686637315,0.15324537187193957,-0.010488677532223647,0.7289422039590869,0.7899738631677807,0.0309278350515463,0.020708256291884972,-0.2650742311601092,0.1325371155800546,0.1325371155800546,Her2,Strengthened
HALLMARK_MYC_TARGETS_V1,HALLMARK_MYC_TARGETS_V2,0.256181738931934,0.020172537338480585,0.075,0.08731928706586119,0.16559086946596702,0.4748363096516733,1.3178321952406317e-62,1.1531031708355528e-60,0.075,0.27491815482583665,-0.21865457071973926,-0.10932728535986963,0.10932728535986963,Her2,Weakened
HALLMARK_MYC_TARGETS_V1,HALLMARK_MYOGENESIS,-0.02362661862403619,0.8331268341800678,0.0025062656641604,0.902783239438116,0.013066442144098295,-0.16058214599769807,9.295658799215559e-08,6.943403676243329e-07,0.0025062656641604,0.08154420583092924,0.13695552737366187,-0.06847776368683094,0.06847776368683094,Her2,Weakened
HALLMARK_MYC_TARGETS_V1,HALLMARK_NOTCH_SIGNALING,-0.05002032502286648,0.6553956195627498,0.0043290043290043,0.7836548919963182,0.02717466467593539,0.05511305763820254,0.06842427115660417,0.12095199446874474,0.0043290043290043,0.02972103098360342,-0.10513338266106902,-0.0025463663076680312,0.0025463663076680312,Her2,Weakened
HALLMARK_MYC_TARGETS_V1,HALLMARK_OXIDATIVE_PHOSPHORYLATION,0.05421605566512328,0.6285517094323367,0.0282776349614395,0.7702921882748032,0.04124684531328139,0.17924478244017641,2.3684807233478328e-09,2.3588527529277198e-08,0.0282776349614395,0.10376120870080796,-0.12502872677505314,-0.06251436338752657,0.06251436338752657,Her2,Weakened
HALLMARK_MYC_TARGETS_V1,HALLMARK_P53_PATHWAY,0.13534906178649547,0.22535541736248962,0.0075566750629722,0.4012505614375724,0.07145286842473383,0.03596801601307979,0.23456133823699613,0.32838587353179455,0.0075566750629722,0.021762345538025998,0.09938104577341568,0.04969052288670783,0.04969052288670783,Her2,Strengthened
HALLMARK_MYC_TARGETS_V1,HALLMARK_PANCREAS_BETA_CELLS,0.41894936865514343,8.953831198797897e-05,0.0,0.0016130063556657978,0.20947468432757171,0.21842905397482273,2.776590865835135e-13,4.859034015211486e-12,0.0,0.10921452698741137,0.2005203146803207,0.10026015734016035,0.10026015734016035,Her2,Strengthened
HALLMARK_MYC_TARGETS_V1,HALLMARK_PEROXISOME,0.20753777395853812,0.061357697176470286,0.0133333333333333,0.1760261804243,0.11043555364593571,0.07169012952940673,0.017714114388221406,0.03981538464696467,0.0133333333333333,0.04251173143137001,0.1358476444291314,0.0679238222145657,0.0679238222145657,Her2,Strengthened
HALLMARK_MYC_TARGETS_V1,HALLMARK_PI3K_AKT_MTOR_SIGNALING,0.1712010813220174,0.12408044252238695,0.009933774834437,0.2723988209496846,0.0905674280782272,0.026582873107288522,0.3797286201226596,0.4822208974810969,0.009933774834437,0.01825832397086276,0.14461820821472887,0.07230910410736444,0.07230910410736444,Her2,Strengthened
HALLMARK_MYC_TARGETS_V1,HALLMARK_PROTEIN_SECRETION,0.008380788316060062,0.9404315392175232,0.0033898305084745,0.9672282921288342,0.005885309412267281,-0.0982192151648203,0.0011426571327368875,0.003752694336736427,0.0033898305084745,0.050804522836647395,0.10660000348088036,-0.044919213424380114,0.044919213424380114,Her2,Weakened
HALLMARK_MYC_TARGETS_V1,HALLMARK_REACTIVE_OXYGEN_SPECIES_PATHWAY,0.025902258998175862,0.8173203961068389,0.0040322580645161,0.8969602182420694,0.014967258531345982,0.1544743444999807,2.8312191294279093e-07,2.0048695689480634e-06,0.0040322580645161,0.0792533012822484,-0.12857208550180485,-0.06428604275090243,0.06428604275090243,Her2,Weakened
HALLMARK_MYC_TARGETS_V1,HALLMARK_SPERMATOGENESIS,-0.09625825988620713,0.3896379800845696,0.006006006006006,0.5742082345711037,0.051132132946106565,0.11094181842684193,0.0002363308415282569,0.0009523200028687983,0.006006006006006,0.058473912216423965,-0.20720007831304907,-0.0073417792703174,0.0073417792703174,Her2,Weakened
HALLMARK_MYC_TARGETS_V1,HALLMARK_TGF_BETA_SIGNALING,0.06471738948390107,0.5635003633871802,0.0,0.7284196807439264,0.032358694741950536,0.016103720710249476,0.5946796257292608,0.6751460069678819,0.0,0.008051860355124738,0.0486136687736516,0.0243068343868258,0.0243068343868258,Her2,Strengthened
HALLMARK_MYC_TARGETS_V1,HALLMARK_TNFA_SIGNALING_VIA_NFKB,-0.11340522780566992,0.31037293491580736,0.0025062656641604,0.49830517073638797,0.05795574673491516,0.06915900575941318,0.022160541015346223,0.04789052025071305,0.0025062656641604,0.03583263571178679,-0.1825642335650831,0.022123111023128368,0.022123111023128368,Her2,Strengthened
HALLMARK_MYC_TARGETS_V1,HALLMARK_UNFOLDED_PROTEIN_RESPONSE,0.36976660130899874,0.000628505920792347,0.033003300330033,0.006874283508666295,0.20138495081951588,0.18832696346492453,3.4256343403612123e-10,3.7467875597700756e-09,0.033003300330033,0.11066513189747876,0.18143963784407421,0.09071981892203712,0.09071981892203712,Her2,Strengthened
HALLMARK_MYC_TARGETS_V1,HALLMARK_UV_RESPONSE_DN,-0.037338219397996864,0.739106012370857,0.0029154518950437,0.8453826938882352,0.02012683564652028,0.19735493222425354,4.5472130379439406e-11,5.802433303626383e-10,0.0029154518950437,0.10013519205964862,-0.2346931516222504,-0.08000835641312834,0.08000835641312834,Her2,Weakened
HALLMARK_MYC_TARGETS_V1,HALLMARK_UV_RESPONSE_UP,0.12001314907461116,0.2828367254636932,0.0170454545454545,0.46977799074599474,0.06852930181003283,-0.10513843031373342,0.0004954460584738766,0.0017956255077825412,0.0170454545454545,0.06109194242959396,0.22515157938834457,0.007437359380438872,0.007437359380438872,Her2,Strengthened
HALLMARK_MYC_TARGETS_V1,HALLMARK_WNT_BETA_CATENIN_SIGNALING,0.15676552691899545,0.15957811128593222,0.0125523012552301,0.31744160476233935,0.08465891408711278,-0.041079974199216766,0.17453745682544597,0.259791475833744,0.0125523012552301,0.02681613772722343,0.19784550111821222,0.057842776359889346,0.057842776359889346,Her2,Strengthened
HALLMARK_MYC_TARGETS_V1,HALLMARK_XENOBIOTIC_METABOLISM,-0.023764741698357045,0.8321654846649733,0.0101010101010101,0.902783239438116,0.01693287589968357,-0.1347312987288155,7.762327062202284e-06,4.322204841453544e-05,0.0101010101010101,0.07241615441491281,0.11096655703045846,-0.05548327851522924,0.05548327851522924,Her2,Weakened
HALLMARK_MYC_TARGETS_V2,HALLMARK_MYOGENESIS,-0.03212742350507352,0.7744692439799996,0.0,0.8695919558895504,0.01606371175253676,0.08679184737837996,0.00406800989557183,0.011300027487699529,0.0,0.04339592368918998,-0.11891927088345347,-0.02733221193665322,0.02733221193665322,Her2,Weakened
HALLMARK_MYC_TARGETS_V2,HALLMARK_NOTCH_SIGNALING,-0.27085009009854544,0.013847687082726367,0.0,0.06377224314413459,0.13542504504927272,0.010615965094531134,0.7257844351009596,0.7888961251097386,0.0,0.005307982547265567,-0.28146605519307655,0.13011706250200716,0.13011706250200716,Her2,Strengthened
HALLMARK_MYC_TARGETS_V2,HALLMARK_OXIDATIVE_PHOSPHORYLATION,-0.031689241728446636,0.7774651517374821,0.0038910505836575,0.8709367063787307,0.017790146156052067,-0.20723208033584278,4.460130371816599e-12,6.582722536717269e-11,0.0038910505836575,0.10556156545975014,0.17554283860739614,-0.08777141930369807,0.08777141930369807,Her2,Weakened
HALLMARK_MYC_TARGETS_V2,HALLMARK_P53_PATHWAY,0.0052168739965602635,0.9628990839957745,0.0,0.9779390352860424,0.0026084369982801317,-0.03627425710506828,0.23059859590625784,0.32432064292211926,0.0,0.01813712855253414,0.04149113110162854,-0.015528691554254008,0.015528691554254008,Her2,Weakened
HALLMARK_MYC_TARGETS_V2,HALLMARK_PANCREAS_BETA_CELLS,-0.1861120595785079,0.0941100679608084,0.0,0.2315254961131994,0.09305602978925395,-0.10831682045855495,0.00033179577897698607,0.0012843439994788828,0.0,0.054158410229277476,-0.07779523911995295,0.038897619559976476,0.038897619559976476,Her2,Strengthened
HALLMARK_MYC_TARGETS_V2,HALLMARK_PEROXISOME,0.06698445364547297,0.5498865312319323,0.0,0.7190021245458316,0.03349222682273648,-0.025839337887407852,0.39320531132016057,0.4945344007876763,0.0,0.012919668943703926,0.09282379153288081,0.020572557879032557,0.020572557879032557,Her2,Strengthened
HALLMARK_MYC_TARGETS_V2,HALLMARK_PI3K_AKT_MTOR_SIGNALING,0.008306494175381226,0.940958651710217,0.0061728395061728,0.9672282921288342,0.007239666840777013,-0.08578769386595796,0.004518745628857285,0.012355945078906638,0.0061728395061728,0.04598026668606538,0.09409418804133918,-0.03874059984528837,0.03874059984528837,Her2,Weakened
HALLMARK_MYC_TARGETS_V2,HALLMARK_PROTEIN_SECRETION,-0.3214497097878931,0.003232221812929218,0.0,0.02371476602957435,0.16072485489394656,-0.11993932454230348,6.981879939322918e-05,0.0003252016321547747,0.0,0.05996966227115174,-0.20151038524558962,0.10075519262279481,0.10075519262279481,Her2,Strengthened
HALLMARK_MYC_TARGETS_V2,HALLMARK_REACTIVE_OXYGEN_SPECIES_PATHWAY,-0.14623798080148087,0.18986727476991996,0.0,0.35187202964168224,0.07311899040074044,-0.04324817673917334,0.15286172182025395,0.23348579704465225,0.0,0.02162408836958667,-0.10298980406230754,0.05149490203115377,0.05149490203115377,Her2,Strengthened
HALLMARK_MYC_TARGETS_V2,HALLMARK_SPERMATOGENESIS,-0.17975556310141913,0.10610317353034415,0.0,0.24963382182342442,0.08987778155070957,-0.13515489600953953,7.263212208149913e-06,4.100200440084629e-05,0.0,0.06757744800476977,-0.0446006670918796,0.0223003335459398,0.0223003335459398,Her2,Strengthened
HALLMARK_MYC_TARGETS_V2,HALLMARK_TGF_BETA_SIGNALING,-0.0340221115723403,0.7615534160227346,0.0,0.859818372928894,0.01701105578617015,-0.11094965751914435,0.00023608889151060264,0.0009523200028687983,0.0,0.05547482875957217,0.07692754594680404,-0.03846377297340202,0.03846377297340202,Her2,Weakened
HALLMARK_MYC_TARGETS_V2,HALLMARK_TNFA_SIGNALING_VIA_NFKB,0.14266007995843583,0.20105183838579405,0.0078125,0.36935634988378485,0.07523628997921791,0.11864370792392576,8.367074637320001e-05,0.0003810457434003066,0.0078125,0.06322810396196288,0.02401637203451007,0.012008186017255035,0.012008186017255035,Her2,Strengthened
HALLMARK_MYC_TARGETS_V2,HALLMARK_UNFOLDED_PROTEIN_RESPONSE,0.37439694621678316,0.0005298381584732824,0.0301204819277108,0.0063014732439783585,0.202258714072247,0.19842625357771163,3.55510533527163e-11,4.682800038395427e-10,0.0301204819277108,0.11427336775271121,0.17597069263907153,0.08798534631953578,0.08798534631953578,Her2,Strengthened
HALLMARK_MYC_TARGETS_V2,HALLMARK_UV_RESPONSE_DN,-0.17084714195874398,0.12487159233972818,0.0049751243781094,0.27287917112148896,0.08791113316842669,-0.052854681171089254,0.08056329851931655,0.1405841035415424,0.0049751243781094,0.02891490277459933,-0.11799246078765473,0.05899623039382736,0.05899623039382736,Her2,Strengthened
HALLMARK_MYC_TARGETS_V2,HALLMARK_UV_RESPONSE_UP,-0.2816544320004605,0.010363567957035346,0.0,0.05240749641705625,0.14082721600023024,0.04003717697060906,0.18574454672080107,0.27282622270141643,0.0,0.02001858848530453,-0.3216916089710695,0.12080862751492571,0.12080862751492571,Her2,Strengthened
HALLMARK_MYC_TARGETS_V2,HALLMARK_WNT_BETA_CATENIN_SIGNALING,0.37132418957429747,0.0005935854269250424,0.0101010101010101,0.006843405797000138,0.1907125998376538,0.17415649252221302,6.706192843586722e-09,6.310817346693482e-08,0.0101010101010101,0.09212875131161156,0.19716769705208445,0.09858384852604223,0.09858384852604223,Her2,Strengthened
HALLMARK_MYC_TARGETS_V2,HALLMARK_XENOBIOTIC_METABOLISM,-0.1802250431504009,0.10517859204917476,0.0038910505836575,0.24872968964644965,0.09205804686702919,0.009785575807443981,0.7464663786994887,0.8035336677564795,0.0038910505836575,0.006838313195550741,-0.19001061895784488,0.08521973367147845,0.08521973367147845,Her2,Strengthened
HALLMARK_MYOGENESIS,HALLMARK_NOTCH_SIGNALING,0.029734775522746767,0.7908670907069247,0.008695652173913,0.8815397507879734,0.019215213848329884,-0.046158614787498324,0.12706090457160157,0.20032124594621872,0.008695652173913,0.027427133480705662,0.07589339031024508,-0.008211919632375778,0.008211919632375778,Her2,Weakened
HALLMARK_MYOGENESIS,HALLMARK_OXIDATIVE_PHOSPHORYLATION,0.023412798118616972,0.834615527350255,0.0025062656641604,0.902783239438116,0.012959531891388687,-0.031198122630852844,0.3025548284907287,0.40198445217043666,0.0025062656641604,0.016852194147506622,0.05461092074946981,-0.0038926622561179357,0.0038926622561179357,Her2,Weakened
HALLMARK_MYOGENESIS,HALLMARK_P53_PATHWAY,0.00897416089909707,0.9362225337944532,0.0335917312661498,0.965380979712294,0.021282946082623436,0.0012313337310355219,0.9675504915778563,0.9795449191594,0.0335917312661498,0.017411532498592664,0.007742827168061548,0.0038714135840307723,0.0038714135840307723,Her2,Strengthened
HALLMARK_MYOGENESIS,HALLMARK_PANCREAS_BETA_CELLS,-0.0717135928701378,0.5220101613466435,0.0,0.6965821869821768,0.0358567964350689,0.016660979512697772,0.5819893019154916,0.6669194526159749,0.0,0.008330489756348886,-0.08837457238283558,0.027526306678720015,0.027526306678720015,Her2,Strengthened
HALLMARK_MYOGENESIS,HALLMARK_PEROXISOME,-0.03253725526521318,0.7716701470309387,0.0099667774086378,0.8674148040589789,0.02125201633692549,-0.04652210727431272,0.12409178062154179,0.19639849000179416,0.0099667774086378,0.02824444234147526,0.01398485200909954,-0.00699242600454977,0.00699242600454977,Her2,Weakened
HALLMARK_MYOGENESIS,HALLMARK_PI3K_AKT_MTOR_SIGNALING,-0.2371752147408817,0.03191648152938722,0.009933774834437,0.11741048010059864,0.12355449478765936,-0.06842218107859106,0.023624903483931103,0.05059529155212518,0.009933774834437,0.03917797795651403,-0.16875303366229066,0.08437651683114533,0.08437651683114533,Her2,Strengthened
HALLMARK_MYOGENESIS,HALLMARK_PROTEIN_SECRETION,0.17347362537157857,0.11909179791260052,0.0033898305084745,0.26524991353261024,0.08843172794002653,-0.09625860609620705,0.0014346744030337367,0.004517933531404441,0.0033898305084745,0.049824218302340774,0.26973223146778563,0.03860750963768576,0.03860750963768576,Her2,Strengthened
HALLMARK_MYOGENESIS,HALLMARK_REACTIVE_OXYGEN_SPECIES_PATHWAY,-0.39690281310515674,0.00022267853633049767,0.0163265306122449,0.003254017408298557,0.2066146718587008,0.062365764964928905,0.03916593772970723,0.07639852503008178,0.0163265306122449,0.0393461477885869,-0.45926857807008564,0.1672685240701139,0.1672685240701139,Her2,Strengthened
HALLMARK_MYOGENESIS,HALLMARK_SPERMATOGENESIS,0.10865768187060758,0.33119350655457763,0.006006006006006,0.5188133574544215,0.05733184393830679,0.04206537495850952,0.1644179643848881,0.24713129616133486,0.006006006006006,0.02403569048225776,0.06659230691209805,0.03329615345604903,0.03329615345604903,Her2,Strengthened
HALLMARK_MYOGENESIS,HALLMARK_TGF_BETA_SIGNALING,-0.511514689107929,9.054682286774275e-07,0.0079365079365079,4.436794320519395e-05,0.25972559852221844,0.022036717276331802,0.4665313350649364,0.564240749192988,0.0079365079365079,0.014986612606419852,-0.5335514063842608,0.2447389859157986,0.2447389859157986,Her2,Strengthened
HALLMARK_MYOGENESIS,HALLMARK_TNFA_SIGNALING_VIA_NFKB,0.20437804515524474,0.06550402707298242,0.0126582278481012,0.18460425310022338,0.10851813650167297,-0.06625662182120197,0.02842392922838247,0.05891592775764556,0.0126582278481012,0.03945742483465158,0.2706346669764467,0.06906071166702138,0.06906071166702138,Her2,Strengthened
HALLMARK_MYOGENESIS,HALLMARK_UNFOLDED_PROTEIN_RESPONSE,-0.053236554348040525,0.6347771611512493,0.0064308681672025,0.7737333556321198,0.029833711257621513,0.08532684019640012,0.004740354398122457,0.012825191817490821,0.0064308681672025,0.04587885418180131,-0.13856339454444064,-0.016045142924179794,0.016045142924179794,Her2,Weakened
HALLMARK_MYOGENESIS,HALLMARK_UV_RESPONSE_DN,0.3049577822714569,0.005339513101554362,0.0117647058823529,0.033224461732001664,0.1583612440769049,0.025071718734658965,0.40741789336481754,0.5081964374785012,0.0117647058823529,0.018418212308505932,0.27988606353679796,0.13994303176839898,0.13994303176839898,Her2,Strengthened
HALLMARK_MYOGENESIS,HALLMARK_UV_RESPONSE_UP,-0.2570519203468307,0.01973807615881876,0.0084507042253521,0.08574164288848575,0.1327513122860914,0.0010930652354292653,0.9711926188300228,0.98080046007154,0.0084507042253521,0.0047718847303906825,-0.25814498558226,0.12797942755570074,0.12797942755570074,Her2,Strengthened
HALLMARK_MYOGENESIS,HALLMARK_WNT_BETA_CATENIN_SIGNALING,-0.10838711640328351,0.33240617398571476,0.0125523012552301,0.5195215049635493,0.060469708829256806,0.0025220113220375123,0.9335955184052205,0.9551222381587701,0.0125523012552301,0.007537156288633806,-0.11090912772532102,0.052932552540623,0.052932552540623,Her2,Strengthened
HALLMARK_MYOGENESIS,HALLMARK_XENOBIOTIC_METABOLISM,0.30669115647809486,0.005071681210697022,0.0101010101010101,0.03258697665338783,0.1583960832895525,0.03416981715028944,0.2588019403709332,0.3546223455865695,0.0101010101010101,0.022135413625649768,0.2725213393278054,0.1362606696639027,0.1362606696639027,Her2,Strengthened
HALLMARK_NOTCH_SIGNALING,HALLMARK_OXIDATIVE_PHOSPHORYLATION,0.01919042590956859,0.8641257749413266,0.0,0.9225707638706,0.009595212954784296,0.06370684881303153,0.0351281300628851,0.06985707682960104,0.0,0.031853424406515764,-0.044516422903462936,-0.022258211451731468,0.022258211451731468,Her2,Weakened
HALLMARK_NOTCH_SIGNALING,HALLMARK_P53_PATHWAY,0.1589229118526741,0.15384062088257974,0.0043290043290043,0.31212863171099403,0.0816259580908392,-0.028349831846494936,0.34885834244932745,0.4512289149393334,0.0043290043290043,0.016339418087749618,0.18727274369916902,0.06528654000308957,0.06528654000308957,Her2,Strengthened
HALLMARK_NOTCH_SIGNALING,HALLMARK_PANCREAS_BETA_CELLS,-0.003122615819253922,0.9777878075674079,0.0,0.9874608938747524,0.001561307909626961,-0.011315824803721381,0.708506549124309,0.776293014378941,0.0,0.005657912401860691,0.00819320898446746,-0.00409660449223373,0.00409660449223373,Her2,Weakened
HALLMARK_NOTCH_SIGNALING,HALLMARK_PEROXISOME,0.000543593004235148,0.9961327690330027,0.0,0.9967218276303224,0.000271796502117574,-0.07867742604358151,0.009231224124044557,0.022707328417579484,0.0,0.039338713021790754,0.07922101904781666,-0.03906691651967318,0.03906691651967318,Her2,Weakened
HALLMARK_NOTCH_SIGNALING,HALLMARK_PI3K_AKT_MTOR_SIGNALING,0.2311160418851982,0.036699693935513096,0.0,0.1280829774102665,0.1155580209425991,0.1008806500265316,0.0008335463760200724,0.0028602081530100525,0.0,0.0504403250132658,0.1302353918586666,0.0651176959293333,0.0651176959293333,Her2,Strengthened
HALLMARK_NOTCH_SIGNALING,HALLMARK_PROTEIN_SECRETION,-0.06366729203841245,0.5698598008078655,0.0,0.7302073807422962,0.03183364601920623,0.031720314972698734,0.2945303197698988,0.39345653404375797,0.0,0.015860157486349367,-0.09538760701111118,0.01597348853285686,0.01597348853285686,Her2,Strengthened
HALLMARK_NOTCH_SIGNALING,HALLMARK_REACTIVE_OXYGEN_SPECIES_PATHWAY,-0.11016307596291611,0.3244977110583852,0.0,0.5142428150666518,0.055081537981458054,0.004548441694807753,0.8805503764937603,0.9123545863873763,0.0,0.0022742208474038766,-0.11471151765772386,0.05280731713405418,0.05280731713405418,Her2,Strengthened
HALLMARK_NOTCH_SIGNALING,HALLMARK_SPERMATOGENESIS,0.04588815429138908,0.6822671131163771,0.0,0.8067347621308513,0.02294407714569454,-0.05294922042802807,0.08002225778387802,0.13983918086341024,0.0,0.026474610214014035,0.09883737471941714,-0.003530533068319495,0.003530533068319495,Her2,Weakened
HALLMARK_NOTCH_SIGNALING,HALLMARK_TGF_BETA_SIGNALING,-0.0012075434094012839,0.9914094209301683,0.0,0.9954725742946362,0.0006037717047006419,0.012938732193768654,0.669025452130846,0.7423516112864912,0.0,0.006469366096884327,-0.014146275603169937,-0.005865594392183685,0.005865594392183685,Her2,Weakened
HALLMARK_NOTCH_SIGNALING,HALLMARK_TNFA_SIGNALING_VIA_NFKB,-0.14710169032008855,0.18723603577545092,0.0131004366812227,0.3491063609162302,0.08010106350065563,0.01047203317988048,0.7293554606063347,0.7899738631677807,0.0131004366812227,0.01178623493055159,-0.15757372349996904,0.06831482857010404,0.06831482857010404,Her2,Strengthened
HALLMARK_NOTCH_SIGNALING,HALLMARK_UNFOLDED_PROTEIN_RESPONSE,0.1792355160643583,0.1071347082928354,0.0,0.25045804896702933,0.08961775803217915,-0.002910831162953055,0.9233872781661406,0.9465685487477173,0.0,0.0014554155814765276,0.18214634722731135,0.08816234245070263,0.08816234245070263,Her2,Strengthened
HALLMARK_NOTCH_SIGNALING,HALLMARK_UV_RESPONSE_DN,0.1198918515017341,0.2833270718720238,0.0114942528735632,0.46977799074599474,0.06569305218764865,0.034365487469686075,0.256083155864009,0.3516837062033756,0.0114942528735632,0.022929870171624636,0.08552636403204802,0.04276318201602401,0.04276318201602401,Her2,Strengthened
HALLMARK_NOTCH_SIGNALING,HALLMARK_UV_RESPONSE_UP,0.04148494095176572,0.7113419906734513,0.0,0.8236237604678429,0.02074247047588286,-0.03718115396248016,0.21914282355538225,0.3117885700991211,0.0,0.01859057698124008,0.07866609491424588,0.00215189349464278,0.00215189349464278,Her2,Strengthened
HALLMARK_NOTCH_SIGNALING,HALLMARK_WNT_BETA_CATENIN_SIGNALING,0.5231389770074149,4.5981696190537667e-07,0.1212121212121212,2.4490251231916802e-05,0.32217554910976803,0.428751876040436,3.8153299922072516e-50,2.749281906149343e-48,0.1212121212121212,0.2749819986262786,0.09438710096697883,0.047193550483489444,0.047193550483489444,Her2,Strengthened
HALLMARK_NOTCH_SIGNALING,HALLMARK_XENOBIOTIC_METABOLISM,-0.22212803846305795,0.044887450685534194,0.0043290043290043,0.14546859018460156,0.11322852139603112,-0.005827538113819835,0.8473262749884406,0.8886769579288012,0.0043290043290043,0.005078271221412068,-0.21630050034923812,0.10815025017461906,0.10815025017461906,Her2,Strengthened
HALLMARK_OXIDATIVE_PHOSPHORYLATION,HALLMARK_P53_PATHWAY,0.2894200278657104,0.008357520717188135,0.0101010101010101,0.044903345958576604,0.14976051898336026,0.1087234403901098,0.00031496038608775886,0.0012287467291640273,0.0101010101010101,0.059412225245559946,0.18069658747560063,0.09034829373780032,0.09034829373780032,Her2,Strengthened
HALLMARK_OXIDATIVE_PHOSPHORYLATION,HALLMARK_PANCREAS_BETA_CELLS,0.2506162757020774,0.023149439578343842,0.0,0.09548169523054278,0.1253081378510387,0.16037737710648062,9.65599126357559e-08,7.16884199871521e-07,0.0,0.08018868855324031,0.09023889859559678,0.04511944929779839,0.04511944929779839,Her2,Strengthened
HALLMARK_OXIDATIVE_PHOSPHORYLATION,HALLMARK_PEROXISOME,-0.0672203869033509,0.5484789294338551,0.0201342281879194,0.7190021245458316,0.04367730754563515,-0.09958426819639109,0.0009728856668911953,0.0032831541100322706,0.0201342281879194,0.05985924819215524,0.032363881293040186,-0.016181940646520093,0.016181940646520093,Her2,Weakened
HALLMARK_OXIDATIVE_PHOSPHORYLATION,HALLMARK_PI3K_AKT_MTOR_SIGNALING,0.17357973632506346,0.11886269079074595,0.0,0.26522185103581747,0.08678986816253173,-0.09173787555501367,0.002387636467744207,0.007014039983181424,0.0,0.045868937777506835,0.26531761188007713,0.040920930385024895,0.040920930385024895,Her2,Strengthened
HALLMARK_OXIDATIVE_PHOSPHORYLATION,HALLMARK_PROTEIN_SECRETION,-0.10178846862373998,0.36284898820005484,0.0033898305084745,0.5501113991894395,0.05258914956610724,-0.12904574789018572,1.8579810285102717e-05,9.563137646744045e-05,0.0033898305084745,0.06621778919933011,0.027257279266445736,-0.013628639633222868,0.013628639633222868,Her2,Weakened
HALLMARK_OXIDATIVE_PHOSPHORYLATION,HALLMARK_REACTIVE_OXYGEN_SPECIES_PATHWAY,0.11561846476617088,0.3009630082786243,0.0163265306122449,0.4863848088935552,0.06597249768920789,0.018449763534564335,0.5421317365760936,0.631885230547778,0.0163265306122449,0.017388147073404615,0.09716870123160655,0.048584350615803275,0.048584350615803275,Her2,Strengthened
HALLMARK_OXIDATIVE_PHOSPHORYLATION,HALLMARK_SPERMATOGENESIS,0.15083984465723174,0.17615233959455195,0.0029940119760479,0.33716658750519707,0.07691692831663982,0.07998927477257088,0.008122939555436512,0.020305189962255474,0.0029940119760479,0.04149164337430939,0.07085056988466086,0.03542528494233043,0.03542528494233043,Her2,Strengthened
HALLMARK_OXIDATIVE_PHOSPHORYLATION,HALLMARK_TGF_BETA_SIGNALING,0.27928676637267863,0.011053495512518807,0.0,0.05504281301965666,0.13964338318633931,0.011065153205480233,0.7146783812808032,0.7807319509335403,0.0,0.0055325766027401165,0.2682216131671984,0.1341108065835992,0.1341108065835992,Her2,Strengthened
HALLMARK_OXIDATIVE_PHOSPHORYLATION,HALLMARK_TNFA_SIGNALING_VIA_NFKB,0.30801391247314325,0.004875381303466335,0.0,0.03163267167934722,0.15400695623657162,0.059962910250343525,0.047386364436923484,0.08903112950188843,0.0,0.029981455125171762,0.24805100222279972,0.12402550111139986,0.12402550111139986,Her2,Strengthened
HALLMARK_OXIDATIVE_PHOSPHORYLATION,HALLMARK_UNFOLDED_PROTEIN_RESPONSE,0.21216785798525328,0.05566947090967933,0.0032051282051282,0.16838254188475446,0.10768649309519074,-0.038269263241766015,0.20594380783584415,0.2974666701773549,0.0032051282051282,0.020737195723447108,0.2504371212270193,0.08694929737174363,0.08694929737174363,Her2,Strengthened
HALLMARK_OXIDATIVE_PHOSPHORYLATION,HALLMARK_UV_RESPONSE_DN,-0.3042556276248659,0.005451523925005987,0.0,0.033224461732001664,0.15212781381243295,-0.13113146018837277,1.3545403252633435e-05,7.183168391548033e-05,0.0,0.06556573009418638,-0.17312416743649314,0.08656208371824657,0.08656208371824657,Her2,Strengthened
HALLMARK_OXIDATIVE_PHOSPHORYLATION,HALLMARK_UV_RESPONSE_UP,-0.21135947403174254,0.056630305782421286,0.0170454545454545,0.16961399653659187,0.11420246428859852,-0.011145990291639148,0.7126860168805532,0.7795003309631051,0.0170454545454545,0.014095722418546824,-0.2002134837401034,0.1001067418700517,0.1001067418700517,Her2,Strengthened
HALLMARK_OXIDATIVE_PHOSPHORYLATION,HALLMARK_WNT_BETA_CATENIN_SIGNALING,-0.0497626124669663,0.6570592267056404,0.0,0.7845005387080014,0.02488130623348315,-0.13708859428401224,5.348962400274675e-06,3.105440256083638e-05,0.0,0.06854429714200612,0.08732598181704594,-0.04366299090852297,0.04366299090852297,Her2,Weakened
HALLMARK_OXIDATIVE_PHOSPHORYLATION,HALLMARK_XENOBIOTIC_METABOLISM,-0.0797845544068972,0.4761394558014265,0.0230179028132992,0.6598738155421505,0.0514012286100982,-0.08082393775414004,0.007481253827029754,0.01901356003757562,0.0230179028132992,0.05192092028371962,0.0010393833472428365,-0.0005196916736214183,0.0005196916736214183,Her2,Weakened
HALLMARK_P53_PATHWAY,HALLMARK_PANCREAS_BETA_CELLS,-0.05618062739954124,0.6161435677021809,0.00418410041841,0.762399869126436,0.030182363908975617,0.06989108150624421,0.02078434253849456,0.04562870897787784,0.00418410041841,0.0370375909623271,-0.12607170890578545,-0.006855227053351485,0.006855227053351485,Her2,Weakened
HALLMARK_P53_PATHWAY,HALLMARK_PEROXISOME,-0.07715743760738755,0.49082816986583705,0.0099667774086378,0.6710541384884491,0.043562107508012676,0.05740567048097039,0.05767950731800319,0.10467762439193173,0.0099667774086378,0.0336862239448041,-0.13456310808835795,0.009875883563208579,0.009875883563208579,Her2,Strengthened
HALLMARK_P53_PATHWAY,HALLMARK_PI3K_AKT_MTOR_SIGNALING,-0.2092005317485142,0.059262918605251846,0.020066889632107,0.17410678712627717,0.1146337106903106,0.09268009669256981,0.002150942391939218,0.006395399102246462,0.020066889632107,0.0563734931623384,-0.301880628441084,0.0582602175279722,0.0582602175279722,Her2,Strengthened
HALLMARK_P53_PATHWAY,HALLMARK_PROTEIN_SECRETION,-0.0035237252942830165,0.9749354526431364,0.0,0.9862063827314964,0.0017618626471415082,-0.07122510015001493,0.018467069385692366,0.041234137703746745,0.0,0.035612550075007465,0.06770137485573191,-0.033850687427865955,0.033850687427865955,Her2,Weakened
HALLMARK_P53_PATHWAY,HALLMARK_REACTIVE_OXYGEN_SPECIES_PATHWAY,-0.0673923454169287,0.5474541085752828,0.0,0.7190021245458316,0.03369617270846435,0.07324321006763179,0.0153906455093634,0.03537249671476579,0.0,0.036621605033815896,-0.1406355554845605,-0.002925432325351543,0.002925432325351543,Her2,Weakened
HALLMARK_P53_PATHWAY,HALLMARK_SPERMATOGENESIS,-0.014432001190163066,0.8976047648596253,0.0029940119760479,0.9454564376208435,0.008713006583105483,0.03519877592824068,0.24472701019500692,0.3403531122421718,0.0029940119760479,0.01909639395214429,-0.049630777118403746,-0.010383387369038807,0.010383387369038807,Her2,Weakened
HALLMARK_P53_PATHWAY,HALLMARK_TGF_BETA_SIGNALING,-0.13819279780667895,0.21566853436581998,0.0119521912350597,0.38852052146783744,0.07507249452086932,-0.04265499436892934,0.15857766839642012,0.23984723820230167,0.0119521912350597,0.02730359280199452,-0.09553780343774962,0.0477689017188748,0.0477689017188748,Her2,Strengthened
HALLMARK_P53_PATHWAY,HALLMARK_TNFA_SIGNALING_VIA_NFKB,0.13198970923731418,0.23718645542507893,0.0695187165775401,0.4160532815266128,0.10075421290742714,0.164192012573429,4.717047112938382e-08,3.72798884732227e-07,0.0695187165775401,0.11685536457548454,-0.03220230333611482,-0.016101151668057395,0.016101151668057395,Her2,Weakened
HALLMARK_P53_PATHWAY,HALLMARK_UNFOLDED_PROTEIN_RESPONSE,-0.25873638818197814,0.018919804157278983,0.0096774193548387,0.08307082470489875,0.1342069037684084,0.038424520618291644,0.20410854309245594,0.29570362146972734,0.0096774193548387,0.024050969986565172,-0.2971609088002698,0.11015593378184324,0.11015593378184324,Her2,Strengthened
HALLMARK_P53_PATHWAY,HALLMARK_UV_RESPONSE_DN,-0.18043401186315328,0.10476907761592029,0.0029154518950437,0.24872503891376424,0.09167473187909848,-0.0735643228074394,0.014945136765586084,0.03441314386812585,0.0029154518950437,0.03823988735124155,-0.10686968905571388,0.053434844527856934,0.053434844527856934,Her2,Strengthened
HALLMARK_P53_PATHWAY,HALLMARK_UV_RESPONSE_UP,-0.11507583425642166,0.3032526467431056,0.0376811594202898,0.48879538455303206,0.07637849683835574,0.06593019607686448,0.029215582799040574,0.06014972929214236,0.0376811594202898,0.05180567774857714,-0.18100603033328616,0.024572819089778597,0.024572819089778597,Her2,Strengthened
HALLMARK_P53_PATHWAY,HALLMARK_WNT_BETA_CATENIN_SIGNALING,-0.14793642611255997,0.18471826322984067,0.0168067226890756,0.3465235412810947,0.08237157440081778,0.2527552435125477,2.0897118028005656e-17,5.019405800844496e-16,0.0168067226890756,0.13478098310081166,-0.40069166962510766,-0.05240940869999387,0.05240940869999387,Her2,Weakened
HALLMARK_P53_PATHWAY,HALLMARK_XENOBIOTIC_METABOLISM,0.19770674181342376,0.07500314999171799,0.0282776349614395,0.20237634083668402,0.11299218838743164,0.07458523499796356,0.01360320774709448,0.03192323657124662,0.0282776349614395,0.051431434979701526,0.1231215068154602,0.06156075340773011,0.06156075340773011,Her2,Strengthened
HALLMARK_PANCREAS_BETA_CELLS,HALLMARK_PEROXISOME,-0.027141663457593862,0.8087417123677655,0.0069930069930069,0.8941413336195964,0.017067335225300382,0.0582616726029969,0.05404478122864559,0.09910906737289049,0.0069930069930069,0.0326273397980019,-0.08540333606059076,-0.015560004572701517,0.015560004572701517,Her2,Weakened
HALLMARK_PANCREAS_BETA_CELLS,HALLMARK_PI3K_AKT_MTOR_SIGNALING,-0.180940680163799,0.10378131970831654,0.0,0.24728492380757203,0.0904703400818995,-0.10737491819016895,0.0003740771356838022,0.0014143348494217829,0.0,0.053687459095084475,-0.07356576197363004,0.03678288098681502,0.03678288098681502,Her2,Strengthened
HALLMARK_PANCREAS_BETA_CELLS,HALLMARK_PROTEIN_SECRETION,0.38090410189500473,0.00041499837742423854,0.0,0.005240958890151466,0.19045205094750237,0.31268376610580845,3.068751648113597e-26,1.143414345174498e-24,0.0,0.15634188305290422,0.06822033578919628,0.03411016789459814,0.03411016789459814,Her2,Strengthened
HALLMARK_PANCREAS_BETA_CELLS,HALLMARK_REACTIVE_OXYGEN_SPECIES_PATHWAY,-0.0503029503277513,0.6535731208217681,0.0,0.7833924393411604,0.02515147516387565,0.060878733389057874,0.04409669825469279,0.08440383650312291,0.0,0.030439366694528937,-0.11118168371680917,-0.005287891530653288,0.005287891530653288,Her2,Weakened
HALLMARK_PANCREAS_BETA_CELLS,HALLMARK_SPERMATOGENESIS,0.1567471049147201,0.15962777839477638,0.0,0.31744160476233935,0.07837355245736005,0.1484821070681392,8.101816569404692e-07,5.251177406095634e-06,0.0,0.0742410535340696,0.008264997846580913,0.004132498923290456,0.004132498923290456,Her2,Strengthened
HALLMARK_PANCREAS_BETA_CELLS,HALLMARK_TGF_BETA_SIGNALING,-0.16380681279003237,0.14142243468343196,0.0,0.2956356356436931,0.08190340639501618,-0.06427578630934691,0.03352552064968594,0.06710582156187136,0.0,0.032137893154673455,-0.09953102648068546,0.04976551324034273,0.04976551324034273,Her2,Strengthened
HALLMARK_PANCREAS_BETA_CELLS,HALLMARK_TNFA_SIGNALING_VIA_NFKB,-0.01989624703007088,0.8591786655433796,0.0,0.9192086159743581,0.00994812351503544,-0.09706814305347433,0.0013066414376158673,0.004180803123416713,0.0,0.048534071526737166,0.07717189602340345,-0.038585948011701725,0.038585948011701725,Her2,Weakened
HALLMARK_PANCREAS_BETA_CELLS,HALLMARK_UNFOLDED_PROTEIN_RESPONSE,-0.07681454277209121,0.49276282828912144,0.02,0.6728368511606415,0.04840727138604561,0.01818896678530983,0.5478571495613566,0.6367409945091668,0.02,0.019094483392654914,-0.09500350955740104,0.029312787993390692,0.029312787993390692,Her2,Strengthened
HALLMARK_PANCREAS_BETA_CELLS,HALLMARK_UV_RESPONSE_DN,0.21393792800292288,0.053612081804865534,0.0054644808743169,0.164598496769324,0.10970120443861989,0.17035570378952503,1.4306481457657154e-08,1.23418590039648e-07,0.0054644808743169,0.08791009233192096,0.04358222421339786,0.02179111210669893,0.02179111210669893,Her2,Strengthened
HALLMARK_PANCREAS_BETA_CELLS,HALLMARK_UV_RESPONSE_UP,-0.1512921852428578,0.17484440624453162,0.0,0.33640253854048413,0.0756460926214289,0.09967239856382629,0.0009627699156376069,0.003267017026748112,0.0,0.04983619928191314,-0.25096458380668407,0.025809893339515763,0.025809893339515763,Her2,Strengthened
HALLMARK_PANCREAS_BETA_CELLS,HALLMARK_WNT_BETA_CATENIN_SIGNALING,-0.025039785096905597,0.8233028689388013,0.0,0.8988823658199926,0.012519892548452798,-0.02805927458054476,0.353822230820991,0.4562444555323305,0.0,0.01402963729027238,0.0030194894836391636,-0.0015097447418195818,0.0015097447418195818,Her2,Weakened
HALLMARK_PANCREAS_BETA_CELLS,HALLMARK_XENOBIOTIC_METABOLISM,0.07512483873175076,0.5023546307393533,0.0,0.680734980813836,0.03756241936587538,-0.03597405917642405,0.23448267705407475,0.32838587353179455,0.0,0.017987029588212026,0.11109889790817482,0.019575389777663352,0.019575389777663352,Her2,Strengthened
HALLMARK_PEROXISOME,HALLMARK_PI3K_AKT_MTOR_SIGNALING,0.058231994910648066,0.6033011421867023,0.0048076923076923,0.7545275450711348,0.031519843609170185,0.0938549784644035,0.0018859446307683005,0.005676368974671175,0.0048076923076923,0.0493313353860479,-0.03562298355375543,-0.017811491776877714,0.017811491776877714,Her2,Weakened
HALLMARK_PEROXISOME,HALLMARK_PROTEIN_SECRETION,-0.07215375712925823,0.5194523249402998,0.0101010101010101,0.6962025142799423,0.04112738361513416,-0.05562196191268412,0.06590719446492165,0.11700914959352031,0.0101010101010101,0.03286148600684711,-0.016531795216574108,0.008265897608287054,0.008265897608287054,Her2,Strengthened
HALLMARK_PEROXISOME,HALLMARK_REACTIVE_OXYGEN_SPECIES_PATHWAY,0.1956134457397422,0.07820136497211884,0.0268456375838926,0.2055722577056772,0.11122954166181741,-0.022080144148320626,0.4656532937910647,0.5642188772443661,0.0268456375838926,0.02446289086610661,0.21769358988806284,0.0867666507957108,0.0867666507957108,Her2,Strengthened
HALLMARK_PEROXISOME,HALLMARK_SPERMATOGENESIS,-0.05175115478367972,0.6442663984408313,0.0042016806722689,0.7798679230138521,0.02797641772797431,-0.006024845258679732,0.8422237942789716,0.8848406071970328,0.0042016806722689,0.0051132629654743154,-0.04572630952499999,0.022863154762499994,0.022863154762499994,Her2,Strengthened
HALLMARK_PEROXISOME,HALLMARK_TGF_BETA_SIGNALING,-0.03130078817763879,0.7801237797723307,0.0,0.8727412148137947,0.015650394088819394,0.06153247249337922,0.04186803090411094,0.08102423042264756,0.0,0.03076623624668961,-0.092833260671018,-0.015115842157870214,0.015115842157870214,Her2,Weakened
HALLMARK_PEROXISOME,HALLMARK_TNFA_SIGNALING_VIA_NFKB,0.00135834322098263,0.990336665284753,0.0033003300330033,0.9952111689695015,0.002329336626992965,0.06897082464549421,0.022526830896873316,0.0485833940997708,0.0033003300330033,0.036135577339248756,-0.06761248142451158,-0.03380624071225579,0.03380624071225579,Her2,Weakened
HALLMARK_PEROXISOME,HALLMARK_UNFOLDED_PROTEIN_RESPONSE,-0.1663826180312287,0.13518521460276814,0.0,0.2868871921786329,0.08319130901561435,-0.04030964952475639,0.18276622424651406,0.26974533096624065,0.0,0.020154824762378194,-0.12607296850647232,0.06303648425323616,0.06303648425323616,Her2,Strengthened
HALLMARK_PEROXISOME,HALLMARK_UV_RESPONSE_DN,0.06420248198548609,0.5666144709024405,0.008130081300813,0.7284196807439264,0.03616628164314954,0.039173480214579656,0.19542205938964513,0.28533018206473815,0.008130081300813,0.023651780757696327,0.02502900177090643,0.012514500885453216,0.012514500885453216,Her2,Strengthened
HALLMARK_PEROXISOME,HALLMARK_UV_RESPONSE_UP,0.07953066056748188,0.4775486264931228,0.0194552529182879,0.6598738155421505,0.04949295674288489,-0.05778755924983482,0.056033615881711886,0.10199283722897036,0.0194552529182879,0.03862140608406136,0.1373182198173167,0.010871550658823531,0.010871550658823531,Her2,Strengthened
HALLMARK_PEROXISOME,HALLMARK_WNT_BETA_CATENIN_SIGNALING,-0.23948432667246491,0.030237175107466197,0.0,0.11349044936366876,0.11974216333623246,-0.07174103774461944,0.017633340669748313,0.03981538464696467,0.0,0.03587051887230972,-0.16774328892784546,0.08387164446392273,0.08387164446392273,Her2,Strengthened
HALLMARK_PEROXISOME,HALLMARK_XENOBIOTIC_METABOLISM,0.24914242542909382,0.023997767799790858,0.0305084745762711,0.09804348561578868,0.13982545000268246,0.08868918746602551,0.003325945415418121,0.009519353116558875,0.0305084745762711,0.05959883102114831,0.16045323796306832,0.08022661898153415,0.08022661898153415,Her2,Strengthened
HALLMARK_PI3K_AKT_MTOR_SIGNALING,HALLMARK_PROTEIN_SECRETION,0.37607091857006303,0.0004978053175257765,0.0307692307692307,0.006012696895619079,0.20342007466964687,0.05261982903761223,0.08192018552997056,0.14246778796315362,0.0307692307692307,0.04169452990342147,0.3234510895324508,0.16172554476622542,0.16172554476622542,Her2,Strengthened
HALLMARK_PI3K_AKT_MTOR_SIGNALING,HALLMARK_REACTIVE_OXYGEN_SPECIES_PATHWAY,-0.18903234729650506,0.08897054538008897,0.0,0.22335183498994524,0.09451617364825253,-0.05107233768135907,0.0913301317910939,0.1541038725125207,0.0,0.025536168840679534,-0.13796000961514598,0.06898000480757299,0.06898000480757299,Her2,Strengthened
HALLMARK_PI3K_AKT_MTOR_SIGNALING,HALLMARK_SPERMATOGENESIS,-0.2100587339121873,0.05820473791525313,0.0126582278481012,0.17222416412122002,0.11135848088014424,-0.15035972705681025,5.853424143334776e-07,3.918275724363443e-06,0.0126582278481012,0.08150897745245572,-0.059699006855377046,0.029849503427688523,0.029849503427688523,Her2,Strengthened
HALLMARK_PI3K_AKT_MTOR_SIGNALING,HALLMARK_TGF_BETA_SIGNALING,-0.2365822866406321,0.03236012913088903,0.0192307692307692,0.11868610235131456,0.12790652793570065,0.05833523160578815,0.053741548754512106,0.09870074546368415,0.0192307692307692,0.038783000418278674,-0.29491751824642026,0.08912352751742197,0.08912352751742197,Her2,Strengthened
HALLMARK_PI3K_AKT_MTOR_SIGNALING,HALLMARK_TNFA_SIGNALING_VIA_NFKB,-0.021393744566311573,0.8487008581868148,0.009933774834437,0.911981185332323,0.015663759700374286,-0.22605824132647184,3.830085213720887e-14,7.331022479387635e-13,0.009933774834437,0.11799600808045442,0.20466449676016027,-0.10233224838008013,0.10233224838008013,Her2,Weakened
HALLMARK_PI3K_AKT_MTOR_SIGNALING,HALLMARK_UNFOLDED_PROTEIN_RESPONSE,-0.19691276983574113,0.07620364607317799,0.013953488372093,0.20319986916215882,0.10543312910391707,0.018877242046396746,0.5328119898531819,0.6239910971033917,0.013953488372093,0.016415365209244873,-0.21579001188213787,0.0890177638946722,0.0890177638946722,Her2,Strengthened
HALLMARK_PI3K_AKT_MTOR_SIGNALING,HALLMARK_UV_RESPONSE_DN,0.007781761721513717,0.9446823066779166,0.0121951219512195,0.9686814294681586,0.009988441836366609,0.09432635853161304,0.0017883114530299424,0.005422479034558612,0.0121951219512195,0.05326074024141627,-0.08654459681009932,-0.04327229840504966,0.04327229840504966,Her2,Weakened
HALLMARK_PI3K_AKT_MTOR_SIGNALING,HALLMARK_UV_RESPONSE_UP,-0.014021075290273584,0.9005051976168776,0.0076628352490421,0.9460710695374572,0.010841955269657842,0.13839574422895634,4.339449666756577e-06,2.6057969812631408e-05,0.0076628352490421,0.07302928973899922,-0.15241681951922992,-0.06218733446934138,0.06218733446934138,Her2,Weakened
HALLMARK_PI3K_AKT_MTOR_SIGNALING,HALLMARK_WNT_BETA_CATENIN_SIGNALING,-0.275680343532668,0.012181289796856594,0.0,0.05870217686637315,0.137840171766334,-0.03394334340255112,0.26197358949867966,0.3581670168927261,0.0,0.01697167170127556,-0.2417370001301169,0.12086850006505845,0.12086850006505845,Her2,Strengthened
HALLMARK_PI3K_AKT_MTOR_SIGNALING,HALLMARK_XENOBIOTIC_METABOLISM,0.24597146283283483,0.02591293004690324,0.0032894736842105,0.1029713589616424,0.12463046825852267,0.08466367225434548,0.005076503342709212,0.013548402167361187,0.0032894736842105,0.04397657296927799,0.16130779057848935,0.08065389528924469,0.08065389528924469,Her2,Strengthened
HALLMARK_PROTEIN_SECRETION,HALLMARK_REACTIVE_OXYGEN_SPECIES_PATHWAY,0.20085895240136942,0.0703856824172748,0.0069444444444444,0.19246085035973579,0.1039016984229069,0.11687893330941039,0.00010674883856972987,0.0004737946639417358,0.0069444444444444,0.0619116888769274,0.08398001909195903,0.041990009545979506,0.041990009545979506,Her2,Strengthened
HALLMARK_PROTEIN_SECRETION,HALLMARK_SPERMATOGENESIS,-0.21462483689928283,0.05283063801222861,0.0,0.16384185206324064,0.10731241844964141,-0.03031266949069388,0.31649049811231905,0.4186834343278519,0.0,0.01515633474534694,-0.18431216740858894,0.09215608370429447,0.09215608370429447,Her2,Strengthened
HALLMARK_PROTEIN_SECRETION,HALLMARK_TGF_BETA_SIGNALING,0.20919694674589778,0.05926737161767965,0.0,0.17410678712627717,0.10459847337294889,0.18972352659603892,2.522580729101067e-10,2.835010452430098e-09,0.0,0.09486176329801946,0.019473420149858867,0.009736710074929433,0.009736710074929433,Her2,Strengthened
HALLMARK_PROTEIN_SECRETION,HALLMARK_TNFA_SIGNALING_VIA_NFKB,-0.2038285053292012,0.06624777517456829,0.0033898305084745,0.18528201960923776,0.10360916791883784,0.09348736497164979,0.0019654526860039302,0.005886747042432309,0.0033898305084745,0.04843859774006214,-0.297315870300851,0.0551705701787757,0.0551705701787757,Her2,Strengthened
HALLMARK_PROTEIN_SECRETION,HALLMARK_UNFOLDED_PROTEIN_RESPONSE,0.18937185327435863,0.08838771970729599,0.0096618357487922,0.2227879766284724,0.09951684451157541,0.318706084858834,3.0015935111183355e-27,1.1861135648774068e-25,0.0096618357487922,0.1641839603038131,-0.12933423158447538,-0.06466711579223769,0.06466711579223769,Her2,Weakened
HALLMARK_PROTEIN_SECRETION,HALLMARK_UV_RESPONSE_DN,-0.3172946065913364,0.0036775916608242495,0.00418410041841,0.02559687377562333,0.1607393535048732,-0.038250819985208274,0.20616261467801983,0.2974666701773549,0.00418410041841,0.021217460201809136,-0.2790437866061281,0.13952189330306405,0.13952189330306405,Her2,Strengthened
HALLMARK_PROTEIN_SECRETION,HALLMARK_UV_RESPONSE_UP,0.21309148839024122,0.054588008112927196,0.0119521912350597,0.16675887765171027,0.11252183981265046,-0.08532206008755178,0.004742703586386401,0.012825191817490821,0.0119521912350597,0.048637125661305736,0.298413548477793,0.06388471415134472,0.06388471415134472,Her2,Strengthened
HALLMARK_PROTEIN_SECRETION,HALLMARK_WNT_BETA_CATENIN_SIGNALING,0.3085851148527118,0.0047927191605382675,0.0,0.03139615492865978,0.1542925574263559,0.005557488995040322,0.8543202378170641,0.8929541734862658,0.0,0.002778744497520161,0.30302762585767146,0.15151381292883573,0.15151381292883573,Her2,Strengthened
HALLMARK_PROTEIN_SECRETION,HALLMARK_XENOBIOTIC_METABOLISM,-0.36410954147087626,0.0007716884042645301,0.0,0.007877652460200411,0.18205477073543813,-0.14387716768772008,1.7680566740125696e-06,1.1164275390027822e-05,0.0,0.07193858384386004,-0.2202323737831562,0.1101161868915781,0.1101161868915781,Her2,Strengthened
HALLMARK_REACTIVE_OXYGEN_SPECIES_PATHWAY,HALLMARK_SPERMATOGENESIS,0.21438988307156223,0.05309686938733096,0.0,0.16425167929161724,0.10719494153578112,0.030167795650545812,0.31881000757135125,0.4208429518048548,0.0,0.015083897825272906,0.18422208742101642,0.09211104371050821,0.09211104371050821,Her2,Strengthened
HALLMARK_REACTIVE_OXYGEN_SPECIES_PATHWAY,HALLMARK_TGF_BETA_SIGNALING,-0.36366715595649035,0.0007840509186994128,0.0098039215686274,0.00793770558187422,0.18673553876255888,-0.05207235720042577,0.08515520229797133,0.14589527666435648,0.0098039215686274,0.030938139384526588,-0.31159479875606455,0.1557973993780323,0.1557973993780323,Her2,Strengthened
HALLMARK_REACTIVE_OXYGEN_SPECIES_PATHWAY,HALLMARK_TNFA_SIGNALING_VIA_NFKB,0.0661528464529833,0.5548618646972265,0.0080971659919028,0.72309125984479,0.03712500622244305,-0.07172414630744796,0.017660105723924065,0.03981538464696467,0.0080971659919028,0.03991065614967538,0.13787699276043125,-0.002785649927232327,0.002785649927232327,Her2,Weakened
HALLMARK_REACTIVE_OXYGEN_SPECIES_PATHWAY,HALLMARK_UNFOLDED_PROTEIN_RESPONSE,-0.009164327967140553,0.9348739746621835,0.0,0.965380979712294,0.004582163983570277,-0.10633187398575612,0.00042674074698318055,0.0015841133789527156,0.0,0.05316593699287806,0.09716754601861557,-0.04858377300930779,0.04858377300930779,Her2,Weakened
HALLMARK_REACTIVE_OXYGEN_SPECIES_PATHWAY,HALLMARK_UV_RESPONSE_DN,0.10150436332829788,0.3641970162243942,0.0052083333333333,0.550723909218902,0.05335634833081559,-0.06106211983578361,0.04346164494054154,0.08344908315386111,0.0052083333333333,0.033135226584558454,0.16256648316408148,0.020221121746257134,0.020221121746257134,Her2,Strengthened
HALLMARK_REACTIVE_OXYGEN_SPECIES_PATHWAY,HALLMARK_UV_RESPONSE_UP,-0.24329161112041817,0.027631101139936495,0.0197044334975369,0.10644056256736542,0.13149802230897753,0.07170391968497071,0.017692202269047476,0.03981538464696467,0.0197044334975369,0.04570417659125381,-0.3149955308053889,0.08579384571772372,0.08579384571772372,Her2,Strengthened
HALLMARK_REACTIVE_OXYGEN_SPECIES_PATHWAY,HALLMARK_WNT_BETA_CATENIN_SIGNALING,-0.1944475885861024,0.08002927716804988,0.0,0.20903169409565267,0.0972237942930512,-0.06610741219853959,0.028783475632224293,0.059560401434923575,0.0,0.033053706099269796,-0.1283401763875628,0.0641700881937814,0.0641700881937814,Her2,Strengthened
HALLMARK_REACTIVE_OXYGEN_SPECIES_PATHWAY,HALLMARK_XENOBIOTIC_METABOLISM,0.4284986684608617,5.914736369352482e-05,0.0163265306122449,0.0011877954184355394,0.2224125995365533,0.33843224045559617,1.0126399490228845e-30,5.16868307313764e-29,0.0163265306122449,0.17737938553392052,0.09006642800526554,0.04503321400263277,0.04503321400263277,Her2,Strengthened
HALLMARK_SPERMATOGENESIS,HALLMARK_TGF_BETA_SIGNALING,0.07896674217556902,0.48068649732415314,0.0,0.6616190553057163,0.03948337108778451,-0.07768026963340383,0.010161801087565531,0.024463367065583608,0.0,0.03884013481670191,0.15664701180897284,0.0006432362710825992,0.0006432362710825992,Her2,Strengthened
HALLMARK_SPERMATOGENESIS,HALLMARK_TNFA_SIGNALING_VIA_NFKB,-0.0679724273851044,0.5440038654370055,0.0,0.7157945597855335,0.0339862136925522,-0.05504518878350983,0.06876584218635723,0.12138062921943459,0.0,0.027522594391754914,-0.012927238601594566,0.006463619300797283,0.006463619300797283,Her2,Strengthened
HALLMARK_SPERMATOGENESIS,HALLMARK_UNFOLDED_PROTEIN_RESPONSE,0.11792617170457108,0.2913521062640046,0.0,0.4777862519054962,0.05896308585228554,-0.12450324298178216,3.637154994852509e-05,0.00017965785760864207,0.0,0.06225162149089108,0.24242941468635323,-0.0032885356386055387,0.0032885356386055387,Her2,Weakened
HALLMARK_SPERMATOGENESIS,HALLMARK_UV_RESPONSE_DN,-0.0827812452812357,0.4596772580861613,0.0,0.6457622031600316,0.04139062264061785,-0.03088070229242007,0.30750292975823557,0.4081160227018836,0.0,0.015440351146210035,-0.051900542988815634,0.025950271494407817,0.025950271494407817,Her2,Strengthened
HALLMARK_SPERMATOGENESIS,HALLMARK_UV_RESPONSE_UP,0.22864149542516227,0.03881848305531615,0.0103448275862068,0.13209067150767298,0.11949316150568454,0.09041718546036065,0.0027595740592119902,0.008010611901740966,0.0103448275862068,0.05038100652328373,0.13822430996480162,0.06911215498240081,0.06911215498240081,Her2,Strengthened
HALLMARK_SPERMATOGENESIS,HALLMARK_WNT_BETA_CATENIN_SIGNALING,0.11627527885757698,0.2982067247270637,0.0,0.4838158650508624,0.05813763942878849,0.05986780535833524,0.047739501391329424,0.08955725758710345,0.0,0.02993390267916762,0.05640747349924174,0.02820373674962087,0.02820373674962087,Her2,Strengthened
HALLMARK_SPERMATOGENESIS,HALLMARK_XENOBIOTIC_METABOLISM,-0.2032244987074955,0.06707309706229864,0.0029940119760479,0.1867375997757178,0.1031092553417717,-0.016767981117674774,0.5795671146540603,0.6653886742748115,0.0029940119760479,0.009880996546861337,-0.18645651758982074,0.09322825879491037,0.09322825879491037,Her2,Strengthened
HALLMARK_TGF_BETA_SIGNALING,HALLMARK_TNFA_SIGNALING_VIA_NFKB,-0.015433830309156783,0.8905392659536318,0.040983606557377,0.941251596888006,0.02820871843326689,-0.10537332766029055,0.00048115837314124574,0.0017594597226806747,0.040983606557377,0.07317846710883377,0.08993949735113377,-0.044969748675566884,0.044969748675566884,Her2,Weakened
HALLMARK_TGF_BETA_SIGNALING,HALLMARK_UNFOLDED_PROTEIN_RESPONSE,-0.17162806689778817,0.12313112809395961,0.0,0.27128710776097215,0.08581403344889409,-0.0091516581524719,0.7623795332165894,0.8164853129355742,0.0,0.00457582907623595,-0.16247640874531627,0.08123820437265813,0.08123820437265813,Her2,Strengthened
HALLMARK_TGF_BETA_SIGNALING,HALLMARK_UV_RESPONSE_DN,0.4348335230120628,4.461378570141559e-05,0.03125,0.0009588050435830543,0.2330417615060314,0.30470574134717393,6.151728439962475e-25,2.093296483042787e-23,0.03125,0.16797787067358697,0.13012778166488886,0.06506389083244443,0.06506389083244443,Her2,Strengthened
HALLMARK_TGF_BETA_SIGNALING,HALLMARK_UV_RESPONSE_UP,-0.07929117893633611,0.47887985470773214,0.0192307692307692,0.6598738155421505,0.04926097408355266,0.1290644551255097,1.852761491514653e-05,9.563137646744045e-05,0.0192307692307692,0.07414761217813945,-0.20835563406184582,-0.024886638094586792,0.024886638094586792,Her2,Weakened
HALLMARK_TGF_BETA_SIGNALING,HALLMARK_WNT_BETA_CATENIN_SIGNALING,-0.0837822652157056,0.45424869586358885,0.0212765957446808,0.6403390706937818,0.0525294304801932,0.16029899605862316,9.797461381984653e-08,7.230054333091085e-07,0.0212765957446808,0.09078779590165198,-0.24408126127432878,-0.03825836542145878,0.03825836542145878,Her2,Weakened
HALLMARK_TGF_BETA_SIGNALING,HALLMARK_XENOBIOTIC_METABOLISM,0.4792892369550065,5.225913970852727e-06,0.0079365079365079,0.00017782623928596088,0.24361287244575722,0.0650183133581792,0.031528218592624904,0.06394382082113495,0.0079365079365079,0.03647741064734355,0.4142709235968273,0.20713546179841366,0.20713546179841366,Her2,Strengthened
HALLMARK_TNFA_SIGNALING_VIA_NFKB,HALLMARK_UNFOLDED_PROTEIN_RESPONSE,-0.06711206645669586,0.5491249634226992,0.0162337662337662,0.7190021245458316,0.04167291634523103,-0.06730944833412326,0.02599508658888159,0.05452736484825334,0.0162337662337662,0.04177160728394473,0.00019738187742740498,-9.869093871370249e-05,9.869093871370249e-05,Her2,Weakened
HALLMARK_TNFA_SIGNALING_VIA_NFKB,HALLMARK_UV_RESPONSE_DN,-0.12202833015091474,0.27477289311968217,0.036144578313253,0.4617239973547471,0.07908645423208387,0.0949123409225232,0.0016734150504504148,0.005150586524627533,0.036144578313253,0.0655284596178881,-0.21694067107343795,0.013557994614195767,0.013557994614195767,Her2,Strengthened
HALLMARK_TNFA_SIGNALING_VIA_NFKB,HALLMARK_UV_RESPONSE_UP,0.6489403392622921,4.2979679123165505e-11,0.059171597633136,5.850011880653083e-09,0.35405596844771403,0.5974624162070865,8.001192881905837e-107,1.633576880055775e-104,0.059171597633136,0.32831700692011123,0.0514779230552056,0.0257389615276028,0.0257389615276028,Her2,Strengthened
HALLMARK_TNFA_SIGNALING_VIA_NFKB,HALLMARK_WNT_BETA_CATENIN_SIGNALING,0.303115482375149,0.005637841471486643,0.0083333333333333,0.03402145715552285,0.15572440785424116,-0.017291848922641146,0.5677770687184299,0.6561574614906384,0.0083333333333333,0.012812591127987223,0.32040733129779014,0.14291181672625394,0.14291181672625394,Her2,Strengthened
HALLMARK_TNFA_SIGNALING_VIA_NFKB,HALLMARK_XENOBIOTIC_METABOLISM,-0.2967172630326944,0.0067916889100198136,0.0178117048346055,0.039244428843274864,0.15726448393364995,-0.10417963478851265,0.0005579611021822132,0.0019985448835474007,0.0178117048346055,0.06099566981155907,-0.19253762824418175,0.09626881412209087,0.09626881412209087,Her2,Strengthened
HALLMARK_UNFOLDED_PROTEIN_RESPONSE,HALLMARK_UV_RESPONSE_DN,0.1662093552025358,0.13559810960932936,0.0,0.2868871921786329,0.0831046776012679,0.02889585968419258,0.3396501614714587,0.4426291997899329,0.0,0.01444792984209629,0.1373134955183432,0.0686567477591716,0.0686567477591716,Her2,Strengthened
HALLMARK_UNFOLDED_PROTEIN_RESPONSE,HALLMARK_UV_RESPONSE_UP,0.1795155131509559,0.10657835821522528,0.018796992481203,0.24963382182342442,0.09915625281607945,0.09484453312402007,0.0016863545075614004,0.0051774041898814925,0.018796992481203,0.05682076280261153,0.08467098002693584,0.042335490013467925,0.042335490013467925,Her2,Strengthened
HALLMARK_UNFOLDED_PROTEIN_RESPONSE,HALLMARK_WNT_BETA_CATENIN_SIGNALING,-0.2938796403641314,0.0073668484376291496,0.0,0.04120725724244616,0.1469398201820657,-0.0008854776416551323,0.9766617817530359,0.9838903640193001,0.0,0.00044273882082756616,-0.29299416272247625,0.14649708136123812,0.14649708136123812,Her2,Strengthened
HALLMARK_UNFOLDED_PROTEIN_RESPONSE,HALLMARK_XENOBIOTIC_METABOLISM,0.16345267426880924,0.1422966605125193,0.0032051282051282,0.2969564039656493,0.08332890123696872,0.06351248993827861,0.03569036965648589,0.07086013424504897,0.0032051282051282,0.0333588090717034,0.09994018433053063,0.049970092165265316,0.049970092165265316,Her2,Strengthened
HALLMARK_UV_RESPONSE_DN,HALLMARK_UV_RESPONSE_UP,-0.07001310102702803,0.5319512091947931,0.0,0.7037151525525072,0.03500655051351401,-0.16743956464978485,2.529608022308655e-08,2.0937633968433123e-07,0.0,0.08371978232489242,0.09742646362275682,-0.04871323181137841,0.04871323181137841,Her2,Weakened
HALLMARK_UV_RESPONSE_DN,HALLMARK_WNT_BETA_CATENIN_SIGNALING,0.08713568890470658,0.4363237882387889,0.0054054054054054,0.6222312463242333,0.04627054715505599,0.026985654598896337,0.37254805173140226,0.47489215751401437,0.0054054054054054,0.01619553000215087,0.06015003430581024,0.03007501715290512,0.03007501715290512,Her2,Strengthened
HALLMARK_UV_RESPONSE_DN,HALLMARK_XENOBIOTIC_METABOLISM,-0.3315969681700255,0.002340461190701887,0.0058479532163742,0.018187658046295532,0.16872246069319985,0.08920495234234532,0.0031467192756829813,0.00904866458383017,0.0058479532163742,0.04752645277935976,-0.4208019205123708,0.12119600791384008,0.12119600791384008,Her2,Strengthened
HALLMARK_UV_RESPONSE_UP,HALLMARK_WNT_BETA_CATENIN_SIGNALING,-0.1752802126617896,0.11523721478605649,0.0,0.2610852938329628,0.0876401063308948,-0.00573608397471824,0.8496935167960185,0.8896913641340602,0.0,0.00286804198735912,-0.16954412868707136,0.08477206434353568,0.08477206434353568,Her2,Strengthened
HALLMARK_UV_RESPONSE_UP,HALLMARK_XENOBIOTIC_METABOLISM,0.26755943703297425,0.015092947055858718,0.031700288184438,0.06840738994355529,0.14962986260870612,0.07684182035270529,0.01100786455257737,0.026285836407226662,0.031700288184438,0.05427105426857164,0.19071761668026896,0.09535880834013447,0.09535880834013447,Her2,Strengthened
HALLMARK_WNT_BETA_CATENIN_SIGNALING,HALLMARK_XENOBIOTIC_METABOLISM,0.45813904579394127,1.5046210655242036e-05,0.0041493775933609,0.0004189001830152612,0.2311442116936511,-0.02234760732460305,0.46026575930221225,0.5593507491519941,0.0041493775933609,0.013248492458981975,0.4804866531185443,0.21789571923466913,0.21789571923466913,Her2,Strengthened
