pathway_a,pathway_b,partial_corr_subtype,p_value_subtype,jaccard_subtype,FDR_subtype,weight_subtype,partial_corr_global,p_value_global,FDR_global,jaccard_global,weight_global,delta_partial_corr,delta_weight,abs_delta_weight,subtype,rewiring_direction
HALLMARK_ADIPOGENESIS,HALLMARK_ALLOGRAFT_REJECTION,0.1065543685942102,0.011264714197773815,0.0025062656641604,0.036029438361025914,0.0545303171291853,0.06585294636101746,0.029405678829142662,0.060237385561370836,0.0025062656641604,0.03417960601258893,0.040701422233192744,0.020350711116596372,0.020350711116596372,LumA,Strengthened
HALLMARK_ADIPOGENESIS,HALLMARK_ANDROGEN_RESPONSE,-0.11249774956905279,0.007436885857110517,0.0066889632107023,0.02595494351840565,0.05959335638987754,-0.19214306151322336,1.476422395424957e-10,1.790710331084725e-09,0.0066889632107023,0.09941601236196283,0.07964531194417057,-0.03982265597208529,0.03982265597208529,LumA,Weakened
HALLMARK_ADIPOGENESIS,HALLMARK_ANGIOGENESIS,0.13770432628759305,0.001032230181895177,0.0042553191489361,0.004958752834594477,0.07097982271826457,0.06110453356830393,0.04331587305957398,0.0834307303427329,0.0042553191489361,0.032679926358620014,0.07659979271928913,0.03829989635964456,0.03829989635964456,LumA,Strengthened
HALLMARK_ADIPOGENESIS,HALLMARK_APICAL_JUNCTION,-0.0147432596545524,0.7265742262894767,0.0050251256281407,0.8373033181604976,0.00988419264134655,-0.022807747183995725,0.4510791371990384,0.5498228289242011,0.0050251256281407,0.013916436406068213,0.008064487529443325,-0.004032243764721662,0.004032243764721662,LumA,Weakened
HALLMARK_ADIPOGENESIS,HALLMARK_APICAL_SURFACE,-0.03579019244896218,0.39581943576162987,0.0041152263374485,0.5528834764059254,0.01995270939320534,0.00021203112494133696,0.9944108209199807,0.9968520913477712,0.0041152263374485,0.0021636287311949188,-0.036002223573903515,0.01778908066201042,0.01778908066201042,LumA,Strengthened
HALLMARK_ADIPOGENESIS,HALLMARK_APOPTOSIS,-0.08793616945784824,0.0366502209088363,0.019774011299435,0.08979304122664894,0.05385509037864162,-0.1066090436545697,0.0004121096169762532,0.0015391289048655799,0.019774011299435,0.06319152747700235,0.018672874196721465,-0.009336437098360732,0.009336437098360732,LumA,Weakened
HALLMARK_ADIPOGENESIS,HALLMARK_BILE_ACID_METABOLISM,-0.015482191856733,0.713459021835889,0.0297029702970297,0.8276394902925797,0.02259258107688135,-0.051013534321742195,0.09170413945842278,0.15430985005023062,0.0297029702970297,0.040358252309385945,0.03553134246500919,-0.017765671232504596,0.017765671232504596,LumA,Weakened
HALLMARK_ADIPOGENESIS,HALLMARK_CHOLESTEROL_HOMEOSTASIS,0.26771681203124403,9.937887909713278e-11,0.0148148148148148,2.2544282758145863e-09,0.1412658134230294,0.20949195904422246,2.578525906340687e-12,4.0496079939324895e-11,0.0148148148148148,0.11215338692951864,0.05822485298702157,0.02911242649351077,0.02911242649351077,LumA,Strengthened
HALLMARK_ADIPOGENESIS,HALLMARK_COAGULATION,0.04569040790846566,0.2782718463934293,0.0029673590504451,0.43479975998973325,0.02432888347945538,0.028529766833462547,0.3458065885328978,0.4477939439247355,0.0029673590504451,0.015748562941953825,0.017160641075003112,0.008580320537501556,0.008580320537501556,LumA,Strengthened
HALLMARK_ADIPOGENESIS,HALLMARK_COMPLEMENT,0.03203953170691096,0.4472070572057448,0.0101010101010101,0.6033355121993803,0.021070270903960533,0.07307535892740777,0.015628134010204558,0.03574847041820816,0.0101010101010101,0.04158818451420893,-0.041035827220496805,-0.0205179136102484,0.0205179136102484,LumA,Weakened
HALLMARK_ADIPOGENESIS,HALLMARK_DNA_REPAIR,0.002261587133242699,0.9572233193607245,0.0057471264367816,0.9747286502218516,0.00400435678501215,-0.07384564135335417,0.014564202835201812,0.03376513920355502,0.0057471264367816,0.039796383895067886,0.07610722848659687,-0.03579202711005573,0.03579202711005573,LumA,Weakened
HALLMARK_ADIPOGENESIS,HALLMARK_E2F_TARGETS,0.01394267632056484,0.7408743172744884,0.0050251256281407,0.848890811695593,0.00948390097435277,0.05118019425402694,0.09064731391216681,0.15337425351160822,0.0050251256281407,0.028102659941083817,-0.0372375179334621,-0.01861875896673105,0.01861875896673105,LumA,Weakened
HALLMARK_ADIPOGENESIS,HALLMARK_EPITHELIAL_MESENCHYMAL_TRANSITION,-0.199088268679166,1.8457236947632486e-06,0.0075566750629722,1.8686045670123797e-05,0.10332247187106909,-0.16067724427569505,9.132767988630029e-08,6.863583304338518e-07,0.0075566750629722,0.08411695966933362,-0.03841102440347094,0.01920551220173547,0.01920551220173547,LumA,Strengthened
HALLMARK_ADIPOGENESIS,HALLMARK_ESTROGEN_RESPONSE_EARLY,0.10613962134754149,0.011587714681131085,0.0101010101010101,0.03687000125814436,0.05812031572427579,0.01678327220369127,0.5792213575763151,0.6653886742748115,0.0101010101010101,0.013442141152350685,0.08935634914385021,0.044678174571925106,0.044678174571925106,LumA,Strengthened
HALLMARK_ADIPOGENESIS,HALLMARK_ESTROGEN_RESPONSE_LATE,-0.11007019276232939,0.008831604132564654,0.0204081632653061,0.029721744676900277,0.06523917801381775,-0.04725773488807914,0.11824860474155703,0.1893272376514712,0.0204081632653061,0.03383294907669262,-0.06281245787425024,0.03140622893712513,0.03140622893712513,LumA,Strengthened
HALLMARK_ADIPOGENESIS,HALLMARK_FATTY_ACID_METABOLISM,0.30066241076751277,2.8686798287712643e-13,0.0881458966565349,9.497656189850808e-12,0.19440415371202382,0.2900227662701483,1.2069756443928542e-22,3.890908327319069e-21,0.0881458966565349,0.18908433146334158,0.010639644497364487,0.005319822248682243,0.005319822248682243,LumA,Strengthened
HALLMARK_ADIPOGENESIS,HALLMARK_G2M_CHECKPOINT,0.001464449749850323,0.9722930445458794,0.0025062656641604,0.9835334265637509,0.0019853577070053615,-0.022731716468668384,0.4525898936007613,0.5511159241162352,0.0025062656641604,0.012618991066414393,0.024196166218518708,-0.01063363335940903,0.01063363335940903,LumA,Weakened
HALLMARK_ADIPOGENESIS,HALLMARK_GLYCOLYSIS,-0.0038474037534129615,0.9272943056864278,0.0256410256410256,0.9545676676183815,0.01474421469721928,-0.045820111415865825,0.12987528163395362,0.20397079487383743,0.0256410256410256,0.03573056852844571,0.04197270766245286,-0.020986353831226427,0.020986353831226427,LumA,Weakened
HALLMARK_ADIPOGENESIS,HALLMARK_HEDGEHOG_SIGNALING,0.03829592679882724,0.36356069485862885,0.0,0.5239551190609651,0.01914796339941362,0.020016249438821233,0.5083812926697525,0.6041663389496491,0.0,0.010008124719410616,0.01827967736000601,0.009139838680003004,0.009139838680003004,LumA,Strengthened
HALLMARK_ADIPOGENESIS,HALLMARK_HEME_METABOLISM,-0.1401351469733804,0.0008375036118594881,0.0126582278481012,0.004103767698111492,0.0763966874107408,-0.052316674897135665,0.08369900213107069,0.14502302349442941,0.0126582278481012,0.03248745137261843,-0.08781847207624473,0.043909236038122364,0.043909236038122364,LumA,Strengthened
HALLMARK_ADIPOGENESIS,HALLMARK_HYPOXIA,0.1920658457671183,4.263212977285464e-06,0.0282776349614395,3.9266435317102955e-05,0.1101717403642789,0.11676113559143964,0.00010848565282674918,0.0004780392975279415,0.0282776349614395,0.07251938527643957,0.07530471017567866,0.03765235508783933,0.03765235508783933,LumA,Strengthened
HALLMARK_ADIPOGENESIS,HALLMARK_IL2_STAT5_SIGNALING,-0.06680474175037128,0.11269707959037645,0.0178571428571428,0.22484352198405724,0.042330942303757044,-0.04830328528385554,0.11031715869004934,0.17922880556407217,0.0178571428571428,0.03308021407049917,-0.018501456466515742,0.009250728233257871,0.009250728233257871,LumA,Strengthened
HALLMARK_ADIPOGENESIS,HALLMARK_IL6_JAK_STAT3_SIGNALING,0.1598633980105256,0.00013559780842124043,0.0070175438596491,0.0008606596648498421,0.08344047093508734,0.11864338217111574,8.367453467321018e-05,0.0003810457434003066,0.0070175438596491,0.06283046301538242,0.04122001583940986,0.020610007919704923,0.020610007919704923,LumA,Strengthened
HALLMARK_ADIPOGENESIS,HALLMARK_INFLAMMATORY_RESPONSE,-0.03876458049151821,0.35771457519536093,0.0025062656641604,0.5167457011961287,0.020635423077839304,-0.047688842409469995,0.114925772386437,0.18499877946568374,0.0025062656641604,0.025097554036815198,0.008924261917951787,-0.004462130958975893,0.004462130958975893,LumA,Weakened
HALLMARK_ADIPOGENESIS,HALLMARK_INTERFERON_ALPHA_RESPONSE,0.10803630143055142,0.010174788988368287,0.0,0.033061317004644965,0.05401815071527571,0.10259330738686333,0.0006777282448322423,0.002378845558508587,0.0,0.051296653693431664,0.0054429940436880875,0.0027214970218440437,0.0027214970218440437,LumA,Strengthened
HALLMARK_ADIPOGENESIS,HALLMARK_INTERFERON_GAMMA_RESPONSE,-0.10351808594744964,0.013825551407570219,0.0050251256281407,0.042025559489512455,0.05427160578779517,-0.10304147287398571,0.000641673726177813,0.002271821718404107,0.0050251256281407,0.054033299251063205,-0.0004766130734639301,0.00023830653673196506,0.00023830653673196506,LumA,Strengthened
HALLMARK_ADIPOGENESIS,HALLMARK_KRAS_SIGNALING_DN,-0.19767001539228213,2.1910362082206406e-06,0.0,2.170037562490412e-05,0.09883500769614106,-0.11261020034396857,0.00018975653400037318,0.0007960676512001957,0.0,0.056305100171984285,-0.08505981504831356,0.04252990752415678,0.04252990752415678,LumA,Strengthened
HALLMARK_ADIPOGENESIS,HALLMARK_KRAS_SIGNALING_UP,0.03402081422310282,0.41960410857380986,0.0101010101010101,0.576250036998786,0.02206091216205646,0.04421306353590527,0.14390032325051302,0.22201246345324743,0.0101010101010101,0.027157036818457686,-0.010192249312802451,-0.0050961246564012255,0.0050961246564012255,LumA,Weakened
HALLMARK_ADIPOGENESIS,HALLMARK_MITOTIC_SPINDLE,0.09788297816495538,0.019960496211070156,0.0025125628140703,0.05634011027318189,0.050197770489512836,0.0871042131994918,0.003936347765958201,0.011059692691052286,0.0025125628140703,0.04480838800678105,0.01077876496546358,0.005389382482731783,0.005389382482731783,LumA,Strengthened
HALLMARK_ADIPOGENESIS,HALLMARK_MTORC1_SIGNALING,-0.22568669901548205,5.868988131541442e-08,0.0362694300518134,8.169898251293484e-07,0.13097806453364771,-0.10648347819252599,0.0004186789710838217,0.0015589110625461448,0.0362694300518134,0.0713764541221697,-0.11920322082295606,0.05960161041147802,0.05960161041147802,LumA,Strengthened
HALLMARK_ADIPOGENESIS,HALLMARK_MYC_TARGETS_V1,-0.03442477985914191,0.4141012728511857,0.0075566750629722,0.5718986011755383,0.020990727461057058,-0.03536619061486924,0.24248871614416104,0.33793933706097523,0.0075566750629722,0.02146143283892072,0.0009414107557273246,-0.0004707053778636623,0.0004707053778636623,LumA,Weakened
HALLMARK_ADIPOGENESIS,HALLMARK_MYC_TARGETS_V2,-0.03266653154645337,0.43836222589336465,0.0038910505836575,0.5959974769360395,0.018278791065055432,0.0799695874989689,0.0081386516501775,0.020305189962255474,0.0038910505836575,0.041930319041313203,-0.11263611904542227,-0.02365152797625777,0.02365152797625777,LumA,Weakened
HALLMARK_ADIPOGENESIS,HALLMARK_MYOGENESIS,0.09373529533609247,0.02587814477121483,0.0230179028132992,0.06964246979288241,0.058376599074695834,0.12160066037726593,5.521060899578805e-05,0.00026092622979901426,0.0230179028132992,0.07230928159528256,-0.027865365041173457,-0.013932682520586728,0.013932682520586728,LumA,Weakened
HALLMARK_ADIPOGENESIS,HALLMARK_NOTCH_SIGNALING,-0.01194372466188471,0.776961852338396,0.0,0.869129092480879,0.005971862330942355,0.026181585330199254,0.3869664432028191,0.48886529071030443,0.0,0.013090792665099627,-0.03812530999208397,-0.007118930334157272,0.007118930334157272,LumA,Weakened
HALLMARK_ADIPOGENESIS,HALLMARK_OXIDATIVE_PHOSPHORYLATION,0.2300834540254312,3.178875045201051e-08,0.1142061281337047,4.635859440918199e-07,0.17214479107956795,0.3126739921588672,3.0802182359802805e-26,1.143414345174498e-24,0.1142061281337047,0.21344006014628597,-0.082590538133436,-0.041295269066718016,0.041295269066718016,LumA,Weakened
HALLMARK_ADIPOGENESIS,HALLMARK_P53_PATHWAY,-0.14413281971782588,0.0005895659152403747,0.0101010101010101,0.0030621944662381022,0.077116914909418,-0.12287103703347553,4.604496356331265e-05,0.0002220672455317244,0.0101010101010101,0.06648602356724281,-0.021261782684350347,0.01063089134217518,0.01063089134217518,LumA,Strengthened
HALLMARK_ADIPOGENESIS,HALLMARK_PANCREAS_BETA_CELLS,0.03602103881695049,0.3927773493998859,0.0,0.5511118492957096,0.018010519408475246,-0.035063031553794234,0.24655248036994346,0.3420461930387098,0.0,0.017531515776897117,0.07108407037074473,0.00047900363157812875,0.00047900363157812875,LumA,Strengthened
HALLMARK_ADIPOGENESIS,HALLMARK_PEROXISOME,0.01190838321815366,0.777604477844117,0.0340136054421768,0.869129092480879,0.022960994330165227,0.07121748681528066,0.018479625795393438,0.041234137703746745,0.0340136054421768,0.05261554612872873,-0.059309103597127,-0.0296545517985635,0.0296545517985635,LumA,Weakened
HALLMARK_ADIPOGENESIS,HALLMARK_PI3K_AKT_MTOR_SIGNALING,-0.03328815613613148,0.42969307586091393,0.0,0.5869081724648589,0.01664407806806574,-0.04271286907071565,0.15801296968187442,0.23984723820230167,0.0,0.021356434535357825,0.009424712934584169,-0.004712356467292084,0.004712356467292084,LumA,Weakened
HALLMARK_ADIPOGENESIS,HALLMARK_PROTEIN_SECRETION,-0.016195190939741803,0.7008836180218231,0.0102389078498293,0.8169195357533143,0.013217049394785551,0.0036436121941382056,0.9041840787093275,0.9320409625105414,0.0102389078498293,0.006941260021983753,-0.01983880313388001,0.0062757893728017985,0.0062757893728017985,LumA,Strengthened
HALLMARK_ADIPOGENESIS,HALLMARK_REACTIVE_OXYGEN_SPECIES_PATHWAY,0.3503082903833838,9.347460938768766e-18,0.0163265306122449,4.9785389782572775e-16,0.18331741049781436,0.30792659606087647,1.854263275328281e-25,6.489921463648983e-24,0.0163265306122449,0.16212656333656067,0.042381694322507324,0.02119084716125369,0.02119084716125369,LumA,Strengthened
HALLMARK_ADIPOGENESIS,HALLMARK_SPERMATOGENESIS,-0.09159427625496817,0.029486001805564807,0.006006006006006,0.07668864588496155,0.048800141130487085,-0.08841744618367282,0.003424063647140018,0.009731967442567336,0.006006006006006,0.04721172609483941,-0.00317683007129535,0.001588415035647675,0.001588415035647675,LumA,Strengthened
HALLMARK_ADIPOGENESIS,HALLMARK_TGF_BETA_SIGNALING,0.018016387435436917,0.6691383178115305,0.0,0.7981454562546959,0.009008193717718459,-0.020916786732136435,0.48948921797518335,0.5861430029517103,0.0,0.010458393366068217,0.03893317416757335,-0.0014501996483497585,0.0014501996483497585,LumA,Weakened
HALLMARK_ADIPOGENESIS,HALLMARK_TNFA_SIGNALING_VIA_NFKB,-0.16151932324290358,0.000115202946325205,0.015228426395939,0.0007546717072105675,0.08837387481942129,-0.061305106064968896,0.04263210115720558,0.08224302979145959,0.015228426395939,0.03826676623045395,-0.10021421717793469,0.05010710858896734,0.05010710858896734,LumA,Strengthened
HALLMARK_ADIPOGENESIS,HALLMARK_UNFOLDED_PROTEIN_RESPONSE,-0.032084509545315706,0.4465692222886146,0.0096774193548387,0.6031392473027044,0.020880964450077203,-0.0726357789885288,0.01626540567992385,0.036904293904814416,0.0096774193548387,0.04115659917168375,0.04055126944321309,-0.02027563472160655,0.02027563472160655,LumA,Weakened
HALLMARK_ADIPOGENESIS,HALLMARK_UV_RESPONSE_DN,0.12048532729975683,0.004130552834464903,0.0087976539589442,0.01580269930189724,0.06464149062935051,0.20517837790984186,7.29894392687879e-12,1.0277248632674159e-10,0.0087976539589442,0.10698801593439303,-0.08469305061008503,-0.042346525305042515,0.042346525305042515,LumA,Weakened
HALLMARK_ADIPOGENESIS,HALLMARK_UV_RESPONSE_UP,0.2538081226818625,9.35257114953248e-10,0.0170454545454545,1.6848381850260717e-08,0.13542678861365848,0.19060286068602678,2.0780208941814909e-10,2.379042612497501e-09,0.0170454545454545,0.10382415761574064,0.0632052619958357,0.03160263099791784,0.03160263099791784,LumA,Strengthened
HALLMARK_ADIPOGENESIS,HALLMARK_WNT_BETA_CATENIN_SIGNALING,-0.014223911411962642,0.7358403984126957,0.0,0.8448027067062345,0.007111955705981321,-0.006513967506612575,0.8296037335793474,0.8753355500729547,0.0,0.0032569837533062873,-0.007709943905350067,0.0038549719526750335,0.0038549719526750335,LumA,Strengthened
HALLMARK_ADIPOGENESIS,HALLMARK_XENOBIOTIC_METABOLISM,0.21290412643815657,3.253377351851186e-07,0.0416666666666666,3.945927976255151e-06,0.12728539655241158,0.1662509965327261,3.1820745529416396e-08,2.581484322750668e-07,0.0416666666666666,0.10395883159969635,0.04665312990543047,0.023326564952715234,0.023326564952715234,LumA,Strengthened
HALLMARK_ALLOGRAFT_REJECTION,HALLMARK_ANDROGEN_RESPONSE,-0.07359647237515302,0.08048743250655585,0.0134680134680134,0.1691202484057134,0.04353224292158321,-0.051767035314323535,0.08700368793985566,0.1479670790585236,0.0134680134680134,0.03261752439116847,-0.02182943706082948,0.010914718530414744,0.010914718530414744,LumA,Strengthened
HALLMARK_ALLOGRAFT_REJECTION,HALLMARK_ANGIOGENESIS,-0.1780200750929932,2.07967520081237e-05,0.0128755364806866,0.00015725939018488598,0.0954478057868399,-0.1443031124444853,1.64657962692698e-06,1.0451088305624613e-05,0.0128755364806866,0.07858932446258594,-0.0337169626485079,0.01685848132425395,0.01685848132425395,LumA,Strengthened
HALLMARK_ALLOGRAFT_REJECTION,HALLMARK_APICAL_JUNCTION,-0.09237942682071584,0.028115732461506913,0.0178117048346055,0.07390938254366088,0.055095565827660675,-0.05774063125957064,0.05623374050325094,0.10220524052890563,0.0178117048346055,0.03777616804708807,-0.0346387955611452,0.017319397780572607,0.017319397780572607,LumA,Strengthened
HALLMARK_ALLOGRAFT_REJECTION,HALLMARK_APICAL_SURFACE,0.10607998434514905,0.011634827063298766,0.0209205020920502,0.03692399780451033,0.06350024321859962,0.06853303743833501,0.02339936629941627,0.05020004153552528,0.0209205020920502,0.0447267697651926,0.03754694690681404,0.01877347345340702,0.01877347345340702,LumA,Strengthened
HALLMARK_ALLOGRAFT_REJECTION,HALLMARK_APOPTOSIS,-0.004639000771749908,0.9123902003977666,0.0524781341107871,0.9462796975246638,0.0285585674412685,0.0440976730673324,0.1449503421041588,0.22307056416783233,0.0524781341107871,0.04828790358905975,-0.04873667383908231,-0.01972933614779125,0.01972933614779125,LumA,Weakened
HALLMARK_ALLOGRAFT_REJECTION,HALLMARK_BILE_ACID_METABOLISM,0.03750937203805334,0.37350549257948706,0.0032154340836012,0.5332683314800369,0.020362403060827268,0.012019302070804296,0.6912890387392899,0.7615369356615379,0.0032154340836012,0.007617368077202748,0.025490069967249042,0.012745034983624521,0.012745034983624521,LumA,Strengthened
HALLMARK_ALLOGRAFT_REJECTION,HALLMARK_CHOLESTEROL_HOMEOSTASIS,0.022239740678487725,0.597827591103697,0.0,0.7367593552334294,0.011119870339243863,0.04235188996295063,0.16156008157022705,0.24373288167922186,0.0,0.021175944981475316,-0.020112149284462907,-0.010056074642231454,0.010056074642231454,LumA,Weakened
HALLMARK_ALLOGRAFT_REJECTION,HALLMARK_COAGULATION,-0.21316031077175737,3.146794508546021e-07,0.0180722891566265,3.8937608817867434e-06,0.11561629996419194,-0.1981309534999154,3.8051919424491044e-11,4.958893754787396e-10,0.0180722891566265,0.10810162132827096,-0.015029357271841959,0.007514678635920979,0.007514678635920979,LumA,Strengthened
HALLMARK_ALLOGRAFT_REJECTION,HALLMARK_COMPLEMENT,0.22757690296135327,4.5158974840872416e-08,0.0389610389610389,6.432528393031246e-07,0.13326897096119608,0.25721988697793896,5.43545369210238e-18,1.358863423025595e-16,0.0389610389610389,0.14809046296948894,-0.02964298401658569,-0.014821492008292858,0.014821492008292858,LumA,Weakened
HALLMARK_ALLOGRAFT_REJECTION,HALLMARK_DNA_REPAIR,-0.0531868196660591,0.20683005221848816,0.0057471264367816,0.3499541629387403,0.02946697305142035,0.05792772409674777,0.05543940587237588,0.10136309282635887,0.0057471264367816,0.03183742526676468,-0.11111454376280687,-0.0023704522153443312,0.0023704522153443312,LumA,Weakened
HALLMARK_ALLOGRAFT_REJECTION,HALLMARK_E2F_TARGETS,0.011742282109843192,0.7806267768062456,0.0075566750629722,0.8709178520834707,0.009649478586407696,-0.05201300480444855,0.08551202993593339,0.14623312474132824,0.0075566750629722,0.029784839933710377,0.06375528691429175,-0.02013536134730268,0.02013536134730268,LumA,Weakened
HALLMARK_ALLOGRAFT_REJECTION,HALLMARK_EPITHELIAL_MESENCHYMAL_TRANSITION,0.18971330673390813,5.605522282841562e-06,0.0230179028132992,5.086492441837714e-05,0.10636560477360366,0.0980322310536261,0.0011679331578567918,0.0038152483156655196,0.0230179028132992,0.06052506693346265,0.09168107568028203,0.045840537840141006,0.045840537840141006,LumA,Strengthened
HALLMARK_ALLOGRAFT_REJECTION,HALLMARK_ESTROGEN_RESPONSE_EARLY,0.021064176831464228,0.6173311544203879,0.0050251256281407,0.7533976172322528,0.013044651229802464,0.04558565565131447,0.13185274797411878,0.20601991870956057,0.0050251256281407,0.025305390639727584,-0.024521478819850243,-0.01226073940992512,0.01226073940992512,LumA,Weakened
HALLMARK_ALLOGRAFT_REJECTION,HALLMARK_ESTROGEN_RESPONSE_LATE,0.02457496955925893,0.5599372359271304,0.0050251256281407,0.7078669907231524,0.014800047593699815,0.01962468366450935,0.5167133568371418,0.6103894523871732,0.0050251256281407,0.012324904646325026,0.004950285894749579,0.0024751429473747893,0.0024751429473747893,LumA,Strengthened
HALLMARK_ALLOGRAFT_REJECTION,HALLMARK_FATTY_ACID_METABOLISM,-0.08688988249238407,0.038953182314028556,0.0028011204481792,0.09449039274195045,0.044845501470281636,0.000527363294863132,0.986099196263109,0.9893296604605313,0.0028011204481792,0.0016642418715211661,-0.0874172457872472,0.04318125959876047,0.04318125959876047,LumA,Strengthened
HALLMARK_ALLOGRAFT_REJECTION,HALLMARK_G2M_CHECKPOINT,0.05520901089279337,0.1900617394762589,0.0075566750629722,0.32891346130588134,0.03138284297788278,0.06323130952700681,0.03651732112937511,0.07215115868303955,0.0075566750629722,0.035393992294989504,-0.008022298634213443,-0.004011149317106721,0.004011149317106721,LumA,Weakened
HALLMARK_ALLOGRAFT_REJECTION,HALLMARK_GLYCOLYSIS,-0.0030301069990723364,0.9427089645752539,0.0050251256281407,0.9647606362612248,0.004027616313606519,-0.06657353393165981,0.02767307419008063,0.05755435633760403,0.0050251256281407,0.03579932977990025,0.06354342693258747,-0.03177171346629373,0.03177171346629373,LumA,Weakened
HALLMARK_ALLOGRAFT_REJECTION,HALLMARK_HEDGEHOG_SIGNALING,-0.01453618295827406,0.7302641798825609,0.0085470085470085,0.8391872611220798,0.011541595752641281,-0.07062920445228754,0.019472701564483146,0.04313573131372849,0.0085470085470085,0.03958810649964802,0.05609302149401348,-0.02804651074700674,0.02804651074700674,LumA,Weakened
HALLMARK_ALLOGRAFT_REJECTION,HALLMARK_HEME_METABOLISM,-0.022086967659082163,0.6003463910321934,0.0025062656641604,0.7391199286577256,0.012296616661621282,-0.02867145260785082,0.34341554590412626,0.4461124535870145,0.0025062656641604,0.01558885913600561,0.0065844849487686555,-0.0032922424743843277,0.0032922424743843277,LumA,Weakened
HALLMARK_ALLOGRAFT_REJECTION,HALLMARK_HYPOXIA,-0.14274916849357838,0.0006664115158119102,0.0101010101010101,0.0033733640779735124,0.07642508929729425,-0.04268007509956282,0.15833276206202415,0.23984723820230167,0.0101010101010101,0.026390542600286462,-0.10006909339401557,0.050034546697007784,0.050034546697007784,LumA,Strengthened
HALLMARK_ALLOGRAFT_REJECTION,HALLMARK_IL2_STAT5_SIGNALING,0.3120880320201127,3.143701494482443e-14,0.0445026178010471,1.1808561993331706e-12,0.1782953249105799,0.37462291070570586,8.881449156074058e-38,4.945352370995782e-36,0.0445026178010471,0.20956276425337647,-0.06253487868559315,-0.03126743934279658,0.03126743934279658,LumA,Weakened
HALLMARK_ALLOGRAFT_REJECTION,HALLMARK_IL6_JAK_STAT3_SIGNALING,-0.03076758754786222,0.46545720231610477,0.0830188679245283,0.6228074673264548,0.05689322773619526,-0.07383308046535018,0.014581027460147434,0.03376513920355502,0.0830188679245283,0.07842597419493924,0.043065492917487964,-0.02153274645874398,0.02153274645874398,LumA,Weakened
HALLMARK_ALLOGRAFT_REJECTION,HALLMARK_INFLAMMATORY_RESPONSE,0.2010525643144536,1.4525141926785565e-06,0.1019283746556473,1.507906683077315e-05,0.15149046948505046,0.25002918086835385,4.69464475298555e-17,1.0649888560013516e-15,0.1019283746556473,0.17597877776200058,-0.04897661655390026,-0.024488308276950116,0.024488308276950116,LumA,Weakened
HALLMARK_ALLOGRAFT_REJECTION,HALLMARK_INTERFERON_ALPHA_RESPONSE,-0.5404592392793699,3.627756259997546e-44,0.0421052631578947,6.348573454995706e-42,0.29128225121863227,-0.5822365359934053,2.7994785075947757e-100,4.8990873882908573e-98,0.0421052631578947,0.31217089957565003,0.041777296714035406,-0.02088864835701776,0.02088864835701776,LumA,Weakened
HALLMARK_ALLOGRAFT_REJECTION,HALLMARK_INTERFERON_GAMMA_RESPONSE,0.5374625588941375,1.3140245221213128e-43,0.1019283746556473,2.0121000494982602e-41,0.3196954667748924,0.5760767279967162,9.943359907053938e-98,1.522576985767634e-95,0.1019283746556473,0.33900255132618173,-0.038614169102578644,-0.019307084551289322,0.019307084551289322,LumA,Weakened
HALLMARK_ALLOGRAFT_REJECTION,HALLMARK_KRAS_SIGNALING_DN,0.15739182248874134,0.00017243542140182579,0.015228426395939,0.001050912394115605,0.08631012444234017,0.10451058303820478,0.0005355975333760781,0.001924067385295295,0.015228426395939,0.05986950471707189,0.05288123945053656,0.026440619725268275,0.026440619725268275,LumA,Strengthened
HALLMARK_ALLOGRAFT_REJECTION,HALLMARK_KRAS_SIGNALING_UP,0.2594531513838834,3.825116308031819e-10,0.0335917312661498,7.437726154506315e-09,0.1465224413250166,0.22646935707065674,3.435184427782428e-14,6.7872595548927e-13,0.0335917312661498,0.13003054416840326,0.03298379431322668,0.01649189715661334,0.01649189715661334,LumA,Strengthened
HALLMARK_ALLOGRAFT_REJECTION,HALLMARK_MITOTIC_SPINDLE,-0.15134904220572606,0.00030575267150982865,0.0075757575757575,0.0017260231456200006,0.07946239989074178,-0.10211048686383928,0.0007186692841239301,0.002501050775715382,0.0075757575757575,0.05484312221979839,-0.049238555341886786,0.024619277670943386,0.024619277670943386,LumA,Strengthened
HALLMARK_ALLOGRAFT_REJECTION,HALLMARK_MTORC1_SIGNALING,-0.04635958161572721,0.27128603352220126,0.0101010101010101,0.4282543699287326,0.028230295858368656,-0.03760556433002418,0.21392424083205333,0.30562492593216006,0.0101010101010101,0.02385328721551714,-0.008754017285703027,0.004377008642851517,0.004377008642851517,LumA,Strengthened
HALLMARK_ALLOGRAFT_REJECTION,HALLMARK_MYC_TARGETS_V1,0.1612395626555343,0.0001184326890737132,0.0126582278481012,0.0007717023623154184,0.08694889525181775,0.10058186546222789,0.0008639141367364712,0.0029561307751457466,0.0126582278481012,0.05662004665516454,0.06065769719330641,0.030328848596653205,0.030328848596653205,LumA,Strengthened
HALLMARK_ALLOGRAFT_REJECTION,HALLMARK_MYC_TARGETS_V2,-0.005914548183792567,0.888441071477317,0.0038910505836575,0.9332657380219083,0.004902799383725034,-0.08233077580046193,0.006436788240864247,0.016635159483246207,0.0038910505836575,0.043110913192059716,0.07641622761666936,-0.03820811380833468,0.03820811380833468,LumA,Weakened
HALLMARK_ALLOGRAFT_REJECTION,HALLMARK_MYOGENESIS,0.05392918983816504,0.20055397084812096,0.0050251256281407,0.34264799761359577,0.02947715773315287,0.06299129907337735,0.03723603580093065,0.07333463642466245,0.0050251256281407,0.03400821235075902,-0.009062109235212307,-0.004531054617606153,0.004531054617606153,LumA,Weakened
HALLMARK_ALLOGRAFT_REJECTION,HALLMARK_NOTCH_SIGNALING,-0.10780869953713527,0.01033584882454308,0.0,0.03340742693948621,0.05390434976856764,-0.13792435164971992,4.680448378601697e-06,2.76983056221598e-05,0.0,0.06896217582485996,0.030115652112584643,-0.015057826056292321,0.015057826056292321,LumA,Weakened
HALLMARK_ALLOGRAFT_REJECTION,HALLMARK_OXIDATIVE_PHOSPHORYLATION,0.012728312648609984,0.7627353627359131,0.0,0.8595683710685313,0.006364156324304992,0.010076982115111613,0.7391868476794956,0.7970984933163575,0.0,0.0050384910575558065,0.002651330533498371,0.0013256652667491854,0.0013256652667491854,LumA,Strengthened
HALLMARK_ALLOGRAFT_REJECTION,HALLMARK_P53_PATHWAY,0.057554021749877206,0.17189303601405512,0.0256410256410256,0.30830010119651174,0.0415975236954514,0.08022225028701999,0.007939054008592539,0.019969899713605462,0.0256410256410256,0.052931637964022796,-0.02266822853714278,-0.011334114268571394,0.011334114268571394,LumA,Weakened
HALLMARK_ALLOGRAFT_REJECTION,HALLMARK_PANCREAS_BETA_CELLS,0.015970335177244218,0.7048408511481172,0.0,0.8199778998601,0.007985167588622109,0.06472622436718922,0.0323013982298723,0.06518815952486584,0.0,0.03236311218359461,-0.048755889189945,-0.0243779445949725,0.0243779445949725,LumA,Weakened
HALLMARK_ALLOGRAFT_REJECTION,HALLMARK_PEROXISOME,0.009698580923226573,0.8180704014562865,0.0033003300330033,0.890835274009337,0.006499455478114937,-0.045778683049275605,0.130223017910825,0.20425505370135802,0.0033003300330033,0.024539506541139452,0.055477263972502175,-0.018040051063024514,0.018040051063024514,LumA,Weakened
HALLMARK_ALLOGRAFT_REJECTION,HALLMARK_PI3K_AKT_MTOR_SIGNALING,0.23545870287989568,1.4769288983678541e-08,0.0374149659863945,2.3496596110397677e-07,0.13643683443314508,0.19195413776194054,1.5398724769070695e-10,1.8493566511874119e-09,0.0374149659863945,0.11468455187416751,0.04350456511795514,0.02175228255897757,0.02175228255897757,LumA,Strengthened
HALLMARK_ALLOGRAFT_REJECTION,HALLMARK_PROTEIN_SECRETION,-0.04413072183081178,0.2950246914033153,0.0068027210884353,0.45232196116277995,0.02546672145962354,-0.08914400193950048,0.0031674312773075724,0.009086893008669265,0.0068027210884353,0.04797336151396789,0.0450132801086887,-0.02250664005434435,0.02250664005434435,LumA,Weakened
HALLMARK_ALLOGRAFT_REJECTION,HALLMARK_REACTIVE_OXYGEN_SPECIES_PATHWAY,-0.059302625763291324,0.1592126138090004,0.0,0.2919692393952477,0.029651312881645662,-0.059793279764269985,0.04801776607885243,0.08980421900243393,0.0,0.029896639882134993,0.0004906540009786617,-0.00024532700048933084,0.00024532700048933084,LumA,Weakened
HALLMARK_ALLOGRAFT_REJECTION,HALLMARK_SPERMATOGENESIS,0.01388427622938542,0.7419210364878231,0.0,0.848890811695593,0.00694213811469271,0.04440926133687028,0.1421283658808307,0.21983238409598183,0.0,0.02220463066843514,-0.03052498510748486,-0.01526249255374243,0.01526249255374243,LumA,Weakened
HALLMARK_ALLOGRAFT_REJECTION,HALLMARK_TGF_BETA_SIGNALING,-0.088475197472476,0.03550962841712214,0.0119521912350597,0.0877001911511585,0.050213694353767845,-0.10728422701942412,0.0003784033095628597,0.0014262893975830865,0.0119521912350597,0.05961820912724191,0.01880902954694813,-0.009404514773474065,0.009404514773474065,LumA,Weakened
HALLMARK_ALLOGRAFT_REJECTION,HALLMARK_TNFA_SIGNALING_VIA_NFKB,-0.16337385239993268,9.579942558744538e-05,0.0498687664041994,0.0006483662781470751,0.10662130940206604,-0.2383672904803951,1.3428515581113568e-15,2.937487783368593e-14,0.0498687664041994,0.14411802844229724,0.07499343808046241,-0.03749671904023119,0.03749671904023119,LumA,Weakened
HALLMARK_ALLOGRAFT_REJECTION,HALLMARK_UNFOLDED_PROTEIN_RESPONSE,-0.08236868887956954,0.05036256582203948,0.0064308681672025,0.11510101330596711,0.044399778523386016,-0.04890390281530191,0.10595437613582141,0.1744544499548135,0.0064308681672025,0.027667385491252205,-0.03346478606426763,0.01673239303213381,0.01673239303213381,LumA,Strengthened
HALLMARK_ALLOGRAFT_REJECTION,HALLMARK_UV_RESPONSE_DN,-0.08100395275087334,0.05431184890768272,0.0058479532163742,0.12275279504042681,0.04342595298362377,-0.023354978372985096,0.4402899180008481,0.5393551495510389,0.0058479532163742,0.014601465794679648,-0.05764897437788824,0.02882448718894412,0.02882448718894412,LumA,Strengthened
HALLMARK_ALLOGRAFT_REJECTION,HALLMARK_UV_RESPONSE_UP,-0.015034659407479821,0.721392413298348,0.0141643059490084,0.833684628575921,0.01459948267824411,-0.036823546727332984,0.2236103484762692,0.3170401352817474,0.0141643059490084,0.025493926338170693,0.021788887319853165,-0.010894443659926582,0.010894443659926582,LumA,Weakened
HALLMARK_ALLOGRAFT_REJECTION,HALLMARK_WNT_BETA_CATENIN_SIGNALING,0.007216286672203465,0.8641046198081876,0.0041493775933609,0.9195208548139168,0.0056828321327821825,0.0032160954195164047,0.9153814772594376,0.940723414129875,0.0041493775933609,0.003682736506438652,0.004000191252687061,0.0020000956263435303,0.0020000956263435303,LumA,Strengthened
HALLMARK_ALLOGRAFT_REJECTION,HALLMARK_XENOBIOTIC_METABOLISM,-0.02537024112290865,0.5473038867502198,0.015228426395939,0.6965443198469801,0.020299333759423825,-0.0328638113639,0.2774598294311513,0.37432631173255543,0.015228426395939,0.0240461188799195,0.00749357024099135,-0.003746785120495675,0.003746785120495675,LumA,Weakened
HALLMARK_ANDROGEN_RESPONSE,HALLMARK_ANGIOGENESIS,-0.07311216881288211,0.08250514939500621,0.0073529411764705,0.17247236861584062,0.0402325549946763,-0.05717357175335449,0.05869929040576012,0.10621363478147142,0.0073529411764705,0.032263256464912494,-0.015938597059527625,0.007969298529763809,0.007969298529763809,LumA,Strengthened
HALLMARK_ANDROGEN_RESPONSE,HALLMARK_APICAL_JUNCTION,-0.24835826091641652,2.172595112907155e-09,0.0100671140939597,3.6964291851545346e-08,0.1292126875051881,-0.1498137331877491,6.43635884276439e-07,4.26191328777642e-06,0.0100671140939597,0.0799404236408544,-0.09854452772866742,0.04927226386433371,0.04927226386433371,LumA,Strengthened
HALLMARK_ANDROGEN_RESPONSE,HALLMARK_APICAL_SURFACE,0.04923167441908863,0.24266946048560367,0.0069444444444444,0.39425741259265845,0.028088059431766513,0.0606466906783202,0.044911438608226814,0.0852969182869424,0.0069444444444444,0.0337955675613823,-0.011415016259231574,-0.005707508129615787,0.005707508129615787,LumA,Weakened
HALLMARK_ANDROGEN_RESPONSE,HALLMARK_APOPTOSIS,0.043001015429892354,0.3075715890353632,0.0194552529182879,0.46630593634693057,0.03122813417409013,0.13330863672338794,9.689397631593721e-06,5.2988893297778164e-05,0.0194552529182879,0.07638194482083792,-0.0903076212934956,-0.04515381064674779,0.04515381064674779,LumA,Weakened
HALLMARK_ANDROGEN_RESPONSE,HALLMARK_BILE_ACID_METABOLISM,-0.04519320530639401,0.2835407806631318,0.0142857142857142,0.43966766621814746,0.029739459796054104,-0.0010599939631148643,0.9720638402240255,0.9808716674418708,0.0142857142857142,0.007672854124414532,-0.04413321134327915,0.022066605671639573,0.022066605671639573,LumA,Strengthened
HALLMARK_ANDROGEN_RESPONSE,HALLMARK_CHOLESTEROL_HOMEOSTASIS,0.44528328793468397,7.204820028496375e-29,0.023391812865497,4.903280297171144e-27,0.2343375504000905,0.5086254049614374,4.920262680577532e-73,5.022768153089564e-71,0.023391812865497,0.26600860891346717,-0.06334211702675341,-0.031671058513376676,0.031671058513376676,LumA,Weakened
HALLMARK_ANDROGEN_RESPONSE,HALLMARK_COAGULATION,0.12442731817617035,0.003050782432445935,0.0,0.012499025015873813,0.062213659088085176,0.10874067385020432,0.0003142648175277981,0.0012287467291640273,0.0,0.05437033692510216,0.01568664432596603,0.007843322162983016,0.007843322162983016,LumA,Strengthened
HALLMARK_ANDROGEN_RESPONSE,HALLMARK_COMPLEMENT,-0.009428662395849104,0.8230488145009899,0.0033333333333333,0.8933099190951737,0.006380997864591202,0.01171936388255185,0.6986111219097565,0.7689116121648263,0.0033333333333333,0.007526348607942575,-0.021148026278400955,-0.0011453507433513734,0.0011453507433513734,LumA,Weakened
HALLMARK_ANDROGEN_RESPONSE,HALLMARK_DNA_REPAIR,-0.0830250776340819,0.04855032225913747,0.004,0.11179350520196128,0.04351253881704095,-0.05935469685168663,0.0496830628368833,0.09249506379206997,0.004,0.03167734842584331,-0.02367038078239527,0.01183519039119764,0.01183519039119764,LumA,Strengthened
HALLMARK_ANDROGEN_RESPONSE,HALLMARK_E2F_TARGETS,-0.0180163428185452,0.6691390886314879,0.0066889632107023,0.7981454562546959,0.012352653014623752,-0.03507873277483006,0.24634084670174253,0.3420461930387098,0.0066889632107023,0.020883847992766182,0.01706238995628486,-0.00853119497814243,0.00853119497814243,LumA,Weakened
HALLMARK_ANDROGEN_RESPONSE,HALLMARK_EPITHELIAL_MESENCHYMAL_TRANSITION,-0.024357240177449797,0.5634204187166542,0.0100671140939597,0.7100720297612154,0.017212177135704748,-0.09692515556370802,0.0013284609509858442,0.0042269212076822315,0.0100671140939597,0.05349613482883386,0.07256791538625823,-0.036283957693129115,0.036283957693129115,LumA,Weakened
HALLMARK_ANDROGEN_RESPONSE,HALLMARK_ESTROGEN_RESPONSE_EARLY,0.07763016948136985,0.06519116882105197,0.0308219178082191,0.14260568179605118,0.05422604364479447,0.11353960768204623,0.00016769877700174035,0.0007108339163568579,0.0308219178082191,0.07218076274513266,-0.03590943820067638,-0.01795471910033819,0.01795471910033819,LumA,Weakened
HALLMARK_ANDROGEN_RESPONSE,HALLMARK_ESTROGEN_RESPONSE_LATE,0.010232513156351344,0.8082441912152273,0.0308219178082191,0.8851839395646909,0.02052721548228522,-0.004959107496970743,0.8698576522222939,0.903796118721213,0.0308219178082191,0.01789051265259492,0.015191620653322087,0.0026367028296903003,0.0026367028296903003,LumA,Strengthened
HALLMARK_ANDROGEN_RESPONSE,HALLMARK_FATTY_ACID_METABOLISM,0.059568204061748106,0.15735011195150034,0.0277777777777777,0.2894202509618437,0.0436729909197629,0.16598141693760762,3.351312083926347e-08,2.696946228835992e-07,0.0277777777777777,0.09687959735769267,-0.10641321287585952,-0.053206606437929765,0.053206606437929765,LumA,Weakened
HALLMARK_ANDROGEN_RESPONSE,HALLMARK_G2M_CHECKPOINT,-0.006713841182484786,0.8734840833441644,0.0033333333333333,0.925621109080105,0.005023587257909043,0.026958180547010758,0.37303515761620354,0.47501878178778517,0.0033333333333333,0.015145756940172029,-0.033672021729495544,-0.010122169682262986,0.010122169682262986,LumA,Weakened
HALLMARK_ANDROGEN_RESPONSE,HALLMARK_GLYCOLYSIS,-0.1721757707117089,3.8840392430865955e-05,0.0066889632107023,0.0002883604892594594,0.0894323669612056,-0.14181281086893024,2.489235909808052e-06,1.5557724436300326e-05,0.0066889632107023,0.07425088703981628,-0.030362959842778647,0.015181479921389324,0.015181479921389324,LumA,Strengthened
HALLMARK_ANDROGEN_RESPONSE,HALLMARK_HEDGEHOG_SIGNALING,-0.007811033965402028,0.8530268362324155,0.0073529411764705,0.9134247153712491,0.007581987570936264,0.023627233234596274,0.4349776795373754,0.533915488410105,0.0073529411764705,0.015490087205533387,-0.0314382671999983,-0.007908099634597123,0.007908099634597123,LumA,Weakened
HALLMARK_ANDROGEN_RESPONSE,HALLMARK_HEME_METABOLISM,0.03337809053569033,0.42844713175535837,0.0134680134680134,0.5864220518439263,0.023423052001851866,-0.06250493529871415,0.03872938534461569,0.07566745940534962,0.0134680134680134,0.03798647438336378,0.09588302583440447,-0.014563422381511912,0.014563422381511912,LumA,Weakened
HALLMARK_ANDROGEN_RESPONSE,HALLMARK_HYPOXIA,0.09631271330351834,0.022045567598863045,0.0100671140939597,0.060823919613980246,0.05318991369873902,0.09268635596451348,0.002149444506609515,0.006395399102246462,0.0100671140939597,0.05137673502923659,0.0036263573390048626,0.0018131786695024313,0.0018131786695024313,LumA,Strengthened
HALLMARK_ANDROGEN_RESPONSE,HALLMARK_IL2_STAT5_SIGNALING,-0.015438734991906835,0.7142280429449933,0.0135135135135135,0.8277477318898929,0.014476124252710169,-0.055746697229018545,0.06530201363609418,0.11610299957070447,0.0135135135135135,0.034630105371266026,0.04030796223711171,-0.020153981118555857,0.020153981118555857,LumA,Weakened
HALLMARK_ANDROGEN_RESPONSE,HALLMARK_IL6_JAK_STAT3_SIGNALING,0.05331876969575459,0.20570426352584267,0.0,0.349497535116723,0.026659384847877294,0.06476178034604445,0.03220642011497135,0.06510373703108896,0.0,0.032380890173022224,-0.01144301065028986,-0.00572150532514493,0.00572150532514493,LumA,Weakened
HALLMARK_ANDROGEN_RESPONSE,HALLMARK_INFLAMMATORY_RESPONSE,0.11898574269174966,0.004624884654280491,0.0066889632107023,0.017486060807079016,0.06283735295122599,0.09764593709603843,0.0012217933199131473,0.003951923772114445,0.0066889632107023,0.05216745015337036,0.021339805595711234,0.010669902797855624,0.010669902797855624,LumA,Strengthened
HALLMARK_ANDROGEN_RESPONSE,HALLMARK_INTERFERON_ALPHA_RESPONSE,0.11740768743322536,0.005202215572557184,0.0050761421319796,0.019137279508656308,0.06124191478260248,0.08719922233730878,0.0038970749236166865,0.010974521336621704,0.0050761421319796,0.04613768223464419,0.03020846509591657,0.015104232547958285,0.015104232547958285,LumA,Strengthened
HALLMARK_ANDROGEN_RESPONSE,HALLMARK_INTERFERON_GAMMA_RESPONSE,-0.11034781296664407,0.00866108462168775,0.0066889632107023,0.029228178131039926,0.058518388088673184,-0.08340529348101046,0.005774070433526405,0.015146116233554274,0.0066889632107023,0.04504712834585638,-0.026942519485633615,0.013471259742816807,0.013471259742816807,LumA,Strengthened
HALLMARK_ANDROGEN_RESPONSE,HALLMARK_KRAS_SIGNALING_DN,-0.03579851233830085,0.3957095505450078,0.0100671140939597,0.5528834764059254,0.022932813216130277,-0.06748144612253844,0.025615819390759752,0.05400925775160188,0.0100671140939597,0.03877428010824907,0.03168293378423759,-0.015841466892118794,0.015841466892118794,LumA,Weakened
HALLMARK_ANDROGEN_RESPONSE,HALLMARK_KRAS_SIGNALING_UP,0.08038420882545484,0.05618856134951863,0.0168918918918918,0.12629539018928498,0.04863805035867332,0.04820926839359432,0.11101273009681069,0.17964411409325376,0.0168918918918918,0.03255058014274306,0.03217494043186052,0.01608747021593026,0.01608747021593026,LumA,Strengthened
HALLMARK_ANDROGEN_RESPONSE,HALLMARK_MITOTIC_SPINDLE,0.0062534850303378586,0.8820934680558165,0.0033444816053511,0.929917812709445,0.00479898331784448,-0.007704048495077958,0.7990868692659973,0.8482174386291288,0.0033444816053511,0.005524265050214529,0.013957533525415816,-0.0007252817323700495,0.0007252817323700495,LumA,Weakened
HALLMARK_ANDROGEN_RESPONSE,HALLMARK_MTORC1_SIGNALING,0.2649598457721309,1.56615517829188e-10,0.0379310344827586,3.3658598129957065e-09,0.15144544012744474,0.2811080281350491,2.567505262726083e-21,7.671204748388906e-20,0.0379310344827586,0.15951953130890384,-0.016148182362918206,-0.008074091181459103,0.008074091181459103,LumA,Weakened
HALLMARK_ANDROGEN_RESPONSE,HALLMARK_MYC_TARGETS_V1,0.05398727979199268,0.200068784634317,0.0066889632107023,0.34229645415787474,0.03033812150134749,-0.00547899917009675,0.8563552059896522,0.8935563265224225,0.0066889632107023,0.006083981190399525,0.059466278962089426,0.024254140310947966,0.024254140310947966,LumA,Strengthened
HALLMARK_ANDROGEN_RESPONSE,HALLMARK_MYC_TARGETS_V2,-0.10980624272180983,0.008996494512761211,0.0192307692307692,0.030111217973039575,0.06451850597628951,-0.08528034337163114,0.004763250006700323,0.01285238162600858,0.0192307692307692,0.05225555630120017,-0.024525899350178695,0.01226294967508934,0.01226294967508934,LumA,Strengthened
HALLMARK_ANDROGEN_RESPONSE,HALLMARK_MYOGENESIS,0.0025535356089313095,0.9517076192061287,0.0066889632107023,0.971534861272923,0.004621249409816805,0.04223763919605472,0.16269516834942085,0.24514339634445334,0.0066889632107023,0.024463301203378512,-0.03968410358712341,-0.01984205179356171,0.01984205179356171,LumA,Weakened
HALLMARK_ANDROGEN_RESPONSE,HALLMARK_NOTCH_SIGNALING,0.14379827602354925,0.0006073524701879096,0.0075757575757575,0.0031129990626786157,0.07568701679965337,0.14138232660573707,2.6716903661536096e-06,1.661330303826483e-05,0.0075757575757575,0.0744790420907473,0.0024159494178121743,0.0012079747089060733,0.0012079747089060733,LumA,Strengthened
HALLMARK_ANDROGEN_RESPONSE,HALLMARK_OXIDATIVE_PHOSPHORYLATION,0.005390749889408401,0.8982646621741533,0.0,0.9380854315117969,0.0026953749447042007,-0.026324485273433052,0.3843794493022775,0.4874377074485403,0.0,0.013162242636716526,0.03171523516284146,-0.010466867692012325,0.010466867692012325,LumA,Weakened
HALLMARK_ANDROGEN_RESPONSE,HALLMARK_P53_PATHWAY,-0.030298196004292288,0.4722949865989353,0.0134680134680134,0.6288710419387997,0.021883104736152844,-0.05312230377465911,0.07903935799443351,0.13831887649025865,0.0134680134680134,0.03329515862133625,0.022824107770366822,-0.011412053885183408,0.011412053885183408,LumA,Weakened
HALLMARK_ANDROGEN_RESPONSE,HALLMARK_PANCREAS_BETA_CELLS,-0.04521025586847151,0.28335898475296095,0.0,0.43966766621814746,0.022605127934235754,0.028709368770096704,0.34277747820268856,0.4457562747327956,0.0,0.014354684385048352,-0.07391962463856822,0.008250443549187402,0.008250443549187402,LumA,Strengthened
HALLMARK_ANDROGEN_RESPONSE,HALLMARK_PEROXISOME,0.11540953384232837,0.006026058950648903,0.0199004975124378,0.021647865731803245,0.06765501567738308,0.05787034420666275,0.05568202319482042,0.10165496037802535,0.0199004975124378,0.038885420859550275,0.05753918963566562,0.028769594817832804,0.028769594817832804,LumA,Strengthened
HALLMARK_ANDROGEN_RESPONSE,HALLMARK_PI3K_AKT_MTOR_SIGNALING,0.21774968566792258,1.7205983011752687e-07,0.0098039215686274,2.1729205349893854e-06,0.11377680361827498,0.09206094291030405,0.00230392145990606,0.006800732020204634,0.0098039215686274,0.050932432239465725,0.12568874275761854,0.06284437137880926,0.06284437137880926,LumA,Strengthened
HALLMARK_ANDROGEN_RESPONSE,HALLMARK_PROTEIN_SECRETION,-0.035988792912502496,0.39320143370159194,0.0207253886010362,0.5511118492957096,0.02835709075676935,-0.01638976693282487,0.58814978278105,0.6714664342094933,0.0207253886010362,0.018557577766930535,-0.019599025979677626,0.009799512989838815,0.009799512989838815,LumA,Strengthened
HALLMARK_ANDROGEN_RESPONSE,HALLMARK_REACTIVE_OXYGEN_SPECIES_PATHWAY,-0.0971289554201111,0.020939267267196544,0.0067114093959731,0.05837789248824047,0.0519201824080421,-0.07289923717543188,0.015880780199560875,0.03615976904175106,0.0067114093959731,0.03980532328570249,-0.02422971824467922,0.01211485912233961,0.01211485912233961,LumA,Strengthened
HALLMARK_ANDROGEN_RESPONSE,HALLMARK_SPERMATOGENESIS,-0.010378349497331348,0.8055654620580772,0.0042553191489361,0.8834536177449817,0.007316834323133724,-0.016294118181258498,0.5903295611744481,0.673327478993202,0.0042553191489361,0.010274718665097299,0.005915768683927149,-0.0029578843419635747,0.0029578843419635747,LumA,Weakened
HALLMARK_ANDROGEN_RESPONSE,HALLMARK_TGF_BETA_SIGNALING,0.04268526765399905,0.31114047075487283,0.0064935064935064,0.470551946511999,0.024589387073752723,0.0653770943607777,0.03060024339865741,0.062371544364983905,0.0064935064935064,0.03593530042714205,-0.022691826706778648,-0.011345913353389324,0.011345913353389324,LumA,Weakened
HALLMARK_ANDROGEN_RESPONSE,HALLMARK_TNFA_SIGNALING_VIA_NFKB,-0.10913855539200083,0.009425903700199747,0.0308219178082191,0.03135503797253951,0.06998023660010996,-0.13298713349356595,1.0184165005301561e-05,5.5447120584419606e-05,0.0308219178082191,0.08190452565089253,0.023848578101565113,-0.011924289050782563,0.011924289050782563,LumA,Weakened
HALLMARK_ANDROGEN_RESPONSE,HALLMARK_UNFOLDED_PROTEIN_RESPONSE,-0.034905401015714425,0.4076100170561292,0.0094339622641509,0.5661250236890684,0.022169681639932663,-0.025193940932692508,0.40513467735424746,0.5064183466928093,0.0094339622641509,0.017313951598421702,-0.009711460083021917,0.00485573004151096,0.00485573004151096,LumA,Strengthened
HALLMARK_ANDROGEN_RESPONSE,HALLMARK_UV_RESPONSE_DN,0.11405174743290122,0.006650917950050107,0.0208333333333333,0.023547325112171624,0.06744254038311726,0.12320042957291313,4.391519434969139e-05,0.0002143271437385337,0.0208333333333333,0.07201688145312321,-0.00914868214001191,-0.004574341070005955,0.004574341070005955,LumA,Weakened
HALLMARK_ANDROGEN_RESPONSE,HALLMARK_UV_RESPONSE_UP,0.058466469836082724,0.1651852401313814,0.003875968992248,0.298895006146148,0.031171219414165362,0.06466790531236105,0.03245770062386109,0.06539586063195696,0.003875968992248,0.034271937152304525,-0.0062014354762783275,-0.0031007177381391637,0.0031007177381391637,LumA,Weakened
HALLMARK_ANDROGEN_RESPONSE,HALLMARK_WNT_BETA_CATENIN_SIGNALING,-0.06610742138973674,0.1165098807180138,0.0,0.22983027999930258,0.03305371069486837,-0.07309141599578782,0.015605276806407,0.03574847041820816,0.0,0.03654570799789391,0.006983994606051078,-0.003491997303025539,0.003491997303025539,LumA,Weakened
HALLMARK_ANDROGEN_RESPONSE,HALLMARK_XENOBIOTIC_METABOLISM,0.007019684723999818,0.8677725124222075,0.0100671140939597,0.9219612556090236,0.00854339940897976,0.014196838684345476,0.6390290440155728,0.7181748430450244,0.0100671140939597,0.012131976389152588,-0.0071771539603456575,-0.003588576980172828,0.003588576980172828,LumA,Weakened
HALLMARK_ANGIOGENESIS,HALLMARK_APICAL_JUNCTION,-0.13788201624704166,0.0010166904470906854,0.0128755364806866,0.0049227106627908685,0.07537877636386413,-0.15262247058746303,3.935285683459494e-07,2.6781805345766e-06,0.0128755364806866,0.08274900353407481,0.014740454340421372,-0.007370227170210686,0.007370227170210686,LumA,Weakened
HALLMARK_ANGIOGENESIS,HALLMARK_APICAL_SURFACE,0.04027343599964424,0.33929644968956457,0.0126582278481012,0.4977702405625349,0.02646583192387272,0.03991196291079017,0.18712518321028382,0.27452496938035653,0.0126582278481012,0.026285095379445685,0.000361473088854071,0.0001807365444270355,0.0001807365444270355,LumA,Strengthened
HALLMARK_ANGIOGENESIS,HALLMARK_APOPTOSIS,0.06477656787831874,0.12406646238218204,0.0260416666666666,0.24162387347881237,0.04540911727249267,0.11015050259510947,0.00026198592733835444,0.0010453835862849648,0.0260416666666666,0.06809608463088804,-0.04537393471679073,-0.022686967358395364,0.022686967358395364,LumA,Weakened
HALLMARK_ANGIOGENESIS,HALLMARK_BILE_ACID_METABOLISM,0.03252180942842188,0.44039481098919253,0.0,0.5980971657004001,0.01626090471421094,0.04760513901965451,0.11556512599469489,0.18578383115945044,0.0,0.023802569509827256,-0.015083329591232632,-0.007541664795616316,0.007541664795616316,LumA,Weakened
HALLMARK_ANGIOGENESIS,HALLMARK_CHOLESTEROL_HOMEOSTASIS,-0.07621223988406674,0.07027009654529415,0.0185185185185185,0.15155082441546713,0.04736537920129262,0.0017399521274936497,0.9541593833532798,0.9687497274181275,0.0185185185185185,0.010129235323006075,-0.07795219201156038,0.03723614387828655,0.03723614387828655,LumA,Strengthened
HALLMARK_ANGIOGENESIS,HALLMARK_COAGULATION,-0.08597374521655365,0.041069227600879804,0.0235294117647058,0.09806979300405021,0.054751578490629726,-0.13367669981948566,9.151131792723495e-06,5.026967016182189e-05,0.0235294117647058,0.07860305579209573,0.047702954602932,-0.023851477301466,0.023851477301466,LumA,Weakened
HALLMARK_ANGIOGENESIS,HALLMARK_COMPLEMENT,-0.04953172588089905,0.23980679086758164,0.0085470085470085,0.3906427111872174,0.029039367213953775,-0.04113873011838923,0.17392133962302447,0.2591893443287165,0.0085470085470085,0.024842869332698865,-0.00839299576250982,0.00419649788125491,0.00419649788125491,LumA,Strengthened
HALLMARK_ANGIOGENESIS,HALLMARK_DNA_REPAIR,-0.04483075605922661,0.28742391446230786,0.0,0.4440028943459359,0.022415378029613305,-0.03929583405201178,0.19402910290836073,0.283973298760743,0.0,0.01964791702600589,-0.005534922007214831,0.0027674610036074153,0.0027674610036074153,LumA,Strengthened
HALLMARK_ANGIOGENESIS,HALLMARK_E2F_TARGETS,0.007610361590895486,0.8567614493842651,0.0,0.9158486825340963,0.003805180795447743,-0.016129519418597606,0.5940893395088649,0.6751015221691646,0.0,0.008064759709298803,0.02373988100949309,-0.004259578913851061,0.004259578913851061,LumA,Weakened
HALLMARK_ANGIOGENESIS,HALLMARK_EPITHELIAL_MESENCHYMAL_TRANSITION,0.7424129952473878,5.180247377368698e-100,0.0535714285714285,1.5864507593191638e-97,0.39799221190940814,0.7055314856028645,1.6766889662133842e-165,4.107887967222791e-163,0.0535714285714285,0.3795514570871465,0.0368815096445233,0.01844075482226165,0.01844075482226165,LumA,Strengthened
HALLMARK_ANGIOGENESIS,HALLMARK_ESTROGEN_RESPONSE_EARLY,0.026062953072554896,0.5364155942035085,0.0,0.6897089162017283,0.013031476536277448,0.0045283588912656885,0.8810738577112377,0.9123545863873763,0.0,0.0022641794456328443,0.021534594181289207,0.010767297090644603,0.010767297090644603,LumA,Strengthened
HALLMARK_ANGIOGENESIS,HALLMARK_ESTROGEN_RESPONSE_LATE,-0.05732611262336337,0.17359979493276742,0.0042553191489361,0.31045218801845265,0.030790715886149737,-0.012026398217328949,0.6911161531882547,0.7615369356615379,0.0042553191489361,0.008140858683132524,-0.045299714406034426,0.022649857203017213,0.022649857203017213,LumA,Strengthened
HALLMARK_ANGIOGENESIS,HALLMARK_FATTY_ACID_METABOLISM,-0.019161820629028922,0.6494658970666142,0.0,0.7846111675607518,0.009580910314514461,0.008756349227483067,0.7723544328121532,0.8241586935495537,0.0,0.004378174613741534,-0.02791816985651199,0.0052027357007729275,0.0052027357007729275,LumA,Strengthened
HALLMARK_ANGIOGENESIS,HALLMARK_G2M_CHECKPOINT,0.011257835430499394,0.7894602870080178,0.0,0.8751558146816113,0.005628917715249697,0.021121896060339533,0.4852396873905507,0.5821925730200045,0.0,0.010560948030169767,-0.00986406062984014,-0.00493203031492007,0.00493203031492007,LumA,Weakened
HALLMARK_ANGIOGENESIS,HALLMARK_GLYCOLYSIS,-0.07898298961674662,0.06063080492938264,0.0128755364806866,0.13479625415334615,0.045929263048716605,-0.0947063549293455,0.0017130073609676647,0.005233002536621918,0.0128755364806866,0.053790945705016045,0.01572336531259888,-0.00786168265629944,0.00786168265629944,LumA,Weakened
HALLMARK_ANGIOGENESIS,HALLMARK_HEDGEHOG_SIGNALING,-0.014547691316982778,0.7300589450196395,0.0285714285714285,0.8391872611220798,0.02155955994420564,0.017681190060326608,0.5590895780085513,0.6485650881254501,0.0285714285714285,0.023126309315877554,-0.032228881377309386,-0.0015667493716719147,0.0015667493716719147,LumA,Weakened
HALLMARK_ANGIOGENESIS,HALLMARK_HEME_METABOLISM,0.008924105039932254,0.8323738633238086,0.0,0.8970332428914163,0.004462052519966127,-0.018288493133180414,0.5456686754888193,0.6347997411906967,0.0,0.009144246566590207,0.027212598173112668,-0.00468219404662408,0.00468219404662408,LumA,Weakened
HALLMARK_ANGIOGENESIS,HALLMARK_HYPOXIA,-0.09994885325633947,0.01748017879162606,0.0128755364806866,0.05050287504656114,0.05641219486851303,0.002257752630027508,0.9405398107607624,0.9585368287703278,0.0128755364806866,0.007566644555357054,-0.10220660588636697,0.048845550313155975,0.048845550313155975,LumA,Strengthened
HALLMARK_ANGIOGENESIS,HALLMARK_IL2_STAT5_SIGNALING,0.0680884545817317,0.10593518427633329,0.0217391304347826,0.21343848805675703,0.04491379250825715,0.010566968146912211,0.7269994111225863,0.7895162044549363,0.0217391304347826,0.016153049290847404,0.05752148643481948,0.028760743217409748,0.028760743217409748,LumA,Strengthened
HALLMARK_ANGIOGENESIS,HALLMARK_IL6_JAK_STAT3_SIGNALING,0.016896069442135054,0.688601131847275,0.0165289256198347,0.8095358795709328,0.016712497530984877,0.019977746218327385,0.5091974657933488,0.6044252864310584,0.0165289256198347,0.018253335919081043,-0.003081676776192331,-0.0015408383880961656,0.0015408383880961656,LumA,Weakened
HALLMARK_ANGIOGENESIS,HALLMARK_INFLAMMATORY_RESPONSE,-0.016785485196410477,0.6905337239106272,0.0128755364806866,0.8103936097715684,0.014830510838548538,0.06665329859194702,0.027486802043978638,0.05736172487883106,0.0128755364806866,0.03976441753631681,-0.08343878378835749,-0.02493390669776827,0.02493390669776827,LumA,Weakened
HALLMARK_ANGIOGENESIS,HALLMARK_INTERFERON_ALPHA_RESPONSE,0.05517104699479755,0.1903670563803019,0.0,0.32891346130588134,0.027585523497398776,0.07162300752969408,0.017821108598663402,0.03991016093850579,0.0,0.03581150376484704,-0.01645196053489653,-0.008225980267448266,0.008225980267448266,LumA,Weakened
HALLMARK_ANGIOGENESIS,HALLMARK_INTERFERON_GAMMA_RESPONSE,-0.052304007400301056,0.21447703616139674,0.0,0.3589267340132664,0.026152003700150528,-0.0640210627898659,0.03423514709672146,0.0683030214877586,0.0,0.03201053139493295,0.011717055389564843,-0.005858527694782421,0.005858527694782421,LumA,Weakened
HALLMARK_ANGIOGENESIS,HALLMARK_KRAS_SIGNALING_DN,0.1309203780381264,0.001817851000915007,0.0,0.00806836042072784,0.0654601890190632,0.023286966653180603,0.44162274053844364,0.5404474097498436,0.0,0.011643483326590301,0.1076334113849458,0.0538167056924729,0.0538167056924729,LumA,Strengthened
HALLMARK_ANGIOGENESIS,HALLMARK_KRAS_SIGNALING_UP,0.4099281055630836,2.6226688372464095e-24,0.0128755364806866,1.6909312240141323e-22,0.21140182102188512,0.39849158328082407,5.977049434095873e-43,3.660942778383722e-41,0.0128755364806866,0.20568355988075535,0.011436522282259554,0.005718261141129777,0.005718261141129777,LumA,Strengthened
HALLMARK_ANGIOGENESIS,HALLMARK_MITOTIC_SPINDLE,-0.05033591732589494,0.23225168051201042,0.0,0.3818903471506212,0.02516795866294747,0.005512007703994272,0.8554992924908181,0.8934242398135142,0.0,0.002756003851997136,-0.05584792502988921,0.022411954810950332,0.022411954810950332,LumA,Strengthened
HALLMARK_ANGIOGENESIS,HALLMARK_MTORC1_SIGNALING,0.15690441523508883,0.00018072926771078705,0.0042553191489361,0.0010906076499788875,0.08057986719201246,0.07826526743463191,0.009606238881009158,0.023441519181745456,0.0042553191489361,0.041260293291784,0.07863914780045692,0.03931957390022846,0.03931957390022846,LumA,Strengthened
HALLMARK_ANGIOGENESIS,HALLMARK_MYC_TARGETS_V1,0.07738306458656918,0.06605389582369334,0.0,0.1442353340178687,0.03869153229328459,0.07647927668191755,0.01139266091703434,0.027151769695266666,0.0,0.038239638340958775,0.0009037879046516345,0.00045189395232581725,0.00045189395232581725,LumA,Strengthened
HALLMARK_ANGIOGENESIS,HALLMARK_MYC_TARGETS_V2,0.0029523786243812584,0.9441761700755947,0.0,0.9654555996182,0.0014761893121906292,-0.047449470149740054,0.11676159820041389,0.18721591334490445,0.0,0.023724735074870027,0.050401848774121315,-0.022248545762679397,0.022248545762679397,LumA,Weakened
HALLMARK_ANGIOGENESIS,HALLMARK_MYOGENESIS,-0.013342328615142493,0.7516569812555275,0.0085470085470085,0.8509979686118495,0.010944668581075496,-0.07848865155925029,0.009401335857911801,0.02307943171531454,0.0085470085470085,0.0435178300531294,0.0651463229441078,-0.0325731614720539,0.0325731614720539,LumA,Weakened
HALLMARK_ANGIOGENESIS,HALLMARK_NOTCH_SIGNALING,-0.10120348766014096,0.016109153370945144,0.0149253731343283,0.047551115372066986,0.058064430397234634,-0.02295382534940655,0.44818452780214363,0.5473838948730069,0.0149253731343283,0.018939599241867423,-0.07824966231073441,0.03912483115536721,0.03912483115536721,LumA,Strengthened
HALLMARK_ANGIOGENESIS,HALLMARK_OXIDATIVE_PHOSPHORYLATION,-0.12342832954096827,0.0032969367035207203,0.0,0.013147278788772525,0.06171416477048414,-0.0637347872446839,0.03504793398190763,0.06981092541111682,0.0,0.03186739362234195,-0.059693542296284374,0.029846771148142187,0.029846771148142187,LumA,Strengthened
HALLMARK_ANGIOGENESIS,HALLMARK_P53_PATHWAY,-0.0053261328178369986,0.8994776342346109,0.0216450216450216,0.9385520459432696,0.013485577231429298,0.0121968159454777,0.6869690644711962,0.7596360510266906,0.0216450216450216,0.01692091879524965,-0.0175229487633147,-0.003435341563820353,0.003435341563820353,LumA,Weakened
HALLMARK_ANGIOGENESIS,HALLMARK_PANCREAS_BETA_CELLS,0.018522243978780294,0.6604214510087235,0.0,0.7900549584821155,0.009261121989390147,0.03472742350074335,0.25110652088466434,0.3471845237965167,0.0,0.017363711750371675,-0.016205179521963056,-0.008102589760981528,0.008102589760981528,LumA,Weakened
HALLMARK_ANGIOGENESIS,HALLMARK_PEROXISOME,-0.008391256969999867,0.842247352667742,0.0,0.9050464973841965,0.004195628484999933,-0.024634142729206263,0.41565477574310483,0.5165371319138492,0.0,0.012317071364603131,0.016242885759206398,-0.008121442879603199,0.008121442879603199,LumA,Weakened
HALLMARK_ANGIOGENESIS,HALLMARK_PI3K_AKT_MTOR_SIGNALING,0.09363572692921249,0.02603707112733273,0.0,0.06964246979288241,0.046817863464606244,0.009146981860545363,0.7624973044884057,0.8164853129355742,0.0,0.004573490930272681,0.08448874506866713,0.042244372534333566,0.042244372534333566,LumA,Strengthened
HALLMARK_ANGIOGENESIS,HALLMARK_PROTEIN_SECRETION,0.19734586464840614,2.278231472206948e-06,0.0,2.2326668427628087e-05,0.09867293232420307,0.09998222710129111,0.0009279743869226256,0.00316648641777219,0.0,0.049991113550645554,0.09736363754711504,0.04868181877355752,0.04868181877355752,LumA,Strengthened
HALLMARK_ANGIOGENESIS,HALLMARK_REACTIVE_OXYGEN_SPECIES_PATHWAY,-0.09697460260179279,0.021144692776794694,0.0,0.0587352577133186,0.048487301300896395,-0.04918612279239195,0.10395212770766331,0.17185068345733812,0.0,0.024593061396195975,-0.04778847980940084,0.02389423990470042,0.02389423990470042,LumA,Strengthened
HALLMARK_ANGIOGENESIS,HALLMARK_SPERMATOGENESIS,0.01257198940799454,0.7655636846044758,0.0,0.8603812051747549,0.00628599470399727,-0.023940616920781907,0.428908921887603,0.5300807707756938,0.0,0.011970308460390953,0.03651260632877645,-0.005684313756393684,0.005684313756393684,LumA,Weakened
HALLMARK_ANGIOGENESIS,HALLMARK_TGF_BETA_SIGNALING,-0.054020275429210944,0.19979357527333172,0.0,0.34229645415787474,0.027010137714605472,-0.04830783744961457,0.11028356756149041,0.17922880556407217,0.0,0.024153918724807284,-0.005712437979596377,0.0028562189897981885,0.0028562189897981885,LumA,Strengthened
HALLMARK_ANGIOGENESIS,HALLMARK_TNFA_SIGNALING_VIA_NFKB,-0.08681163070024103,0.03913024250439954,0.0172413793103448,0.09473230645827951,0.05202650500529292,-0.17420695394602415,6.638318186418435e-09,6.30382928555239e-08,0.0172413793103448,0.09572416662818448,0.08739532324578311,-0.04369766162289156,0.04369766162289156,LumA,Weakened
HALLMARK_ANGIOGENESIS,HALLMARK_UNFOLDED_PROTEIN_RESPONSE,-0.07422688829658555,0.07792105929556536,0.0067567567567567,0.16485889056488354,0.04049182252667113,0.04445976548655115,0.14167495779884462,0.21940812048493638,0.0067567567567567,0.025608261121653927,-0.1186866537831367,0.0148835614050172,0.0148835614050172,LumA,Strengthened
HALLMARK_ANGIOGENESIS,HALLMARK_UV_RESPONSE_DN,0.07349940296802751,0.08088861004526729,0.0227272727272727,0.16967217004358293,0.04811333784765011,0.12301079188040882,4.512966493854474e-05,0.00021851319980125417,0.0227272727272727,0.07286903230384076,-0.04951138891238131,-0.02475569445619065,0.02475569445619065,LumA,Weakened
HALLMARK_ANGIOGENESIS,HALLMARK_UV_RESPONSE_UP,0.05555740580286042,0.1872766276932753,0.005181347150259,0.32544345788893,0.030369376476559712,0.03860907398182445,0.2019424709024445,0.29379991313004095,0.005181347150259,0.021895210566041726,0.016948331821035972,0.008474165910517986,0.008474165910517986,LumA,Strengthened
HALLMARK_ANGIOGENESIS,HALLMARK_WNT_BETA_CATENIN_SIGNALING,-0.07703830021501769,0.06727324203075023,0.04,0.14637605948076204,0.05851915010750884,-0.06750665405581363,0.02556063771279511,0.05398582965202415,0.04,0.05375332702790682,-0.009531646159204057,0.004765823079602022,0.004765823079602022,LumA,Strengthened
HALLMARK_ANGIOGENESIS,HALLMARK_XENOBIOTIC_METABOLISM,0.017381689213198506,0.6801384682318062,0.0042553191489361,0.8048770580289619,0.010818504181067303,-0.006641953934000735,0.8263085937700645,0.8729961828258274,0.0042553191489361,0.005448636541468418,0.024023643147199243,0.0053698676395988855,0.0053698676395988855,LumA,Strengthened
HALLMARK_APICAL_JUNCTION,HALLMARK_APICAL_SURFACE,0.1305680127491423,0.0018707700829229917,0.0209205020920502,0.00824350126467865,0.07574425742059625,0.17093437741158915,1.2761604081365381e-08,1.1166403571194708e-07,0.0209205020920502,0.09592743975181968,-0.04036636466244686,-0.02018318233122343,0.02018318233122343,LumA,Weakened
HALLMARK_APICAL_JUNCTION,HALLMARK_APOPTOSIS,-0.0049780650120327535,0.9060154159629088,0.0055710306406685,0.942163739010665,0.005274547826350627,-0.022371603039013335,0.4597841197197957,0.5593203045250742,0.0055710306406685,0.013971316839840917,0.01739353802698058,-0.008696769013490289,0.008696769013490289,LumA,Weakened
HALLMARK_APICAL_JUNCTION,HALLMARK_BILE_ACID_METABOLISM,-0.011541389178607501,0.7842865491692961,0.0,0.8718248845121486,0.005770694589303751,-0.01984183318490943,0.512083956777463,0.606675867555505,0.0,0.009920916592454716,0.00830044400630193,-0.004150222003150965,0.004150222003150965,LumA,Weakened
HALLMARK_APICAL_JUNCTION,HALLMARK_CHOLESTEROL_HOMEOSTASIS,0.25235485327965296,1.17323538433629e-09,0.011070110701107,2.0829178924810945e-08,0.13171248199038,0.21047155075879115,2.0294159007134603e-12,3.3147126378319853e-11,0.011070110701107,0.11077083072994907,0.04188330252086181,0.02094165126043092,0.02094165126043092,LumA,Strengthened
HALLMARK_APICAL_JUNCTION,HALLMARK_COAGULATION,0.29723549757407086,5.464558002795245e-13,0.0242424242424242,1.761600935111625e-11,0.16073896090824752,0.2247316719373568,5.4333873776003126e-14,1.0084696269030884e-12,0.0242424242424242,0.1244870480898905,0.07250382563671406,0.03625191281835702,0.03625191281835702,LumA,Strengthened
HALLMARK_APICAL_JUNCTION,HALLMARK_COMPLEMENT,-0.03744481145887125,0.37432915446637705,0.015228426395939,0.5338221352983841,0.026336618927405124,-0.038497592652901105,0.20324889855263623,0.2949998823779376,0.015228426395939,0.026863009524420053,0.0010527811940298573,-0.0005263905970149287,0.0005263905970149287,LumA,Weakened
HALLMARK_APICAL_JUNCTION,HALLMARK_DNA_REPAIR,-0.1673615764906326,6.399924419769431e-05,0.0028653295128939,0.00045317383897211294,0.08511345300176325,-0.09914397651673386,0.0010249113994182375,0.0034397711350338104,0.0028653295128939,0.051004653014813876,-0.06821759997389874,0.03410879998694937,0.03410879998694937,LumA,Strengthened
HALLMARK_APICAL_JUNCTION,HALLMARK_E2F_TARGETS,0.08788817330515279,0.0367532742360848,0.0025062656641604,0.08986579029781214,0.045197219484656596,0.03660246046337137,0.2264046738071653,0.32049372362913203,0.0025062656641604,0.019554363063765887,0.05128571284178142,0.02564285642089071,0.02564285642089071,LumA,Strengthened
HALLMARK_APICAL_JUNCTION,HALLMARK_EPITHELIAL_MESENCHYMAL_TRANSITION,0.006305804605950151,0.8811142899942371,0.0443864229765013,0.9296856203642898,0.025346113791225724,-0.024606344344173116,0.41618134628487274,0.5165371319138492,0.0443864229765013,0.03449638366033721,0.030912148950123265,-0.009150269869111483,0.009150269869111483,LumA,Weakened
HALLMARK_APICAL_JUNCTION,HALLMARK_ESTROGEN_RESPONSE_EARLY,-0.10090780157637284,0.016423485876729378,0.0075566750629722,0.04824645131653115,0.05423223831967252,-0.13055160468066204,1.4796477437090438e-05,7.796385736443025e-05,0.0075566750629722,0.06905413987181712,0.0296438031042892,-0.0148219015521446,0.0148219015521446,LumA,Weakened
HALLMARK_APICAL_JUNCTION,HALLMARK_ESTROGEN_RESPONSE_LATE,0.18934810216245498,5.847092843846906e-06,0.0101010101010101,5.232680200063751e-05,0.09972455613173255,0.17328111745534014,7.996701177543937e-09,7.256265883326905e-08,0.0101010101010101,0.09169106377817512,0.016066984707114845,0.008033492353557423,0.008033492353557423,LumA,Strengthened
HALLMARK_APICAL_JUNCTION,HALLMARK_FATTY_ACID_METABOLISM,-0.27073997311250375,5.998870601660249e-11,0.0084507042253521,1.469723297406761e-09,0.13959533866892793,-0.17754369513187826,3.365498194169799e-09,3.298188230286403e-08,0.0084507042253521,0.09299719967861518,-0.09319627798062549,0.046598138990312746,0.046598138990312746,LumA,Strengthened
HALLMARK_APICAL_JUNCTION,HALLMARK_G2M_CHECKPOINT,-0.2018258130433011,1.3209283263485125e-06,0.0050251256281407,1.383023247672588e-05,0.1034254693357209,-0.15142667847221183,4.857542769881547e-07,3.279666973528852e-06,0.0050251256281407,0.07822590205017627,-0.05039913457108927,0.025199567285544636,0.025199567285544636,LumA,Strengthened
HALLMARK_APICAL_JUNCTION,HALLMARK_GLYCOLYSIS,0.12283910374092204,0.0034504503367402384,0.015228426395939,0.013547441225983307,0.06903376506843052,0.2138088111148179,8.896446725719523e-13,1.534950315353016e-11,0.015228426395939,0.11451861875537844,-0.09096970737389586,-0.04548485368694792,0.04548485368694792,LumA,Weakened
HALLMARK_APICAL_JUNCTION,HALLMARK_HEDGEHOG_SIGNALING,0.0790203879026435,0.06050857939668293,0.0172413793103448,0.13476910865624833,0.048130883606494146,-0.0015361561928648165,0.9595236648512225,0.972222075635027,0.0172413793103448,0.009388767751604809,0.08055654409550832,0.038742115854889334,0.038742115854889334,LumA,Strengthened
HALLMARK_APICAL_JUNCTION,HALLMARK_HEME_METABOLISM,-0.03734811786563182,0.37556486195210215,0.0025062656641604,0.5343402507448608,0.019927191764896112,-0.022899112136609855,0.44926746053088773,0.5481599991537226,0.0025062656641604,0.012702688900385128,-0.014449005729021969,0.007224502864510984,0.007224502864510984,LumA,Strengthened
HALLMARK_APICAL_JUNCTION,HALLMARK_HYPOXIA,-0.08970302630255234,0.033023811727677314,0.0101010101010101,0.08306810958193986,0.049902018201781216,-0.10191770369286751,0.000735648338962205,0.002552887295265442,0.0101010101010101,0.056009356896938804,0.012214677390315176,-0.006107338695157588,0.006107338695157588,LumA,Weakened
HALLMARK_APICAL_JUNCTION,HALLMARK_IL2_STAT5_SIGNALING,-0.03512391455472696,0.4046788947054016,0.0050377833753148,0.5633314159251329,0.020080848965020878,-0.03453512764203668,0.25374214130611017,0.3496446829021203,0.0050377833753148,0.01978645550867574,-0.0005887869126902784,0.0002943934563451392,0.0002943934563451392,LumA,Strengthened
HALLMARK_APICAL_JUNCTION,HALLMARK_IL6_JAK_STAT3_SIGNALING,0.121109927719171,0.003939155376401112,0.0,0.015270459924339756,0.0605549638595855,0.04350890855977852,0.15039938293156438,0.2305872892254898,0.0,0.02175445427988926,0.07760101915939249,0.038800509579696246,0.038800509579696246,LumA,Strengthened
HALLMARK_APICAL_JUNCTION,HALLMARK_INFLAMMATORY_RESPONSE,-0.040556286173904194,0.3359125324849098,0.0075566750629722,0.49396298266681093,0.024056480618438198,-0.04849564594513523,0.10890472034609763,0.17791003967709138,0.0075566750629722,0.028026160504053717,0.007939359771231037,-0.003969679885615519,0.003969679885615519,LumA,Weakened
HALLMARK_APICAL_JUNCTION,HALLMARK_INTERFERON_ALPHA_RESPONSE,-0.009696213928203315,0.818114027151432,0.0,0.890835274009337,0.0048481069641016575,-0.04987067741249476,0.09922011697082149,0.16514217838214174,0.0,0.02493533870624738,0.04017446348429145,-0.020087231742145724,0.020087231742145724,LumA,Weakened
HALLMARK_APICAL_JUNCTION,HALLMARK_INTERFERON_GAMMA_RESPONSE,0.011220227256153733,0.7901471892490428,0.0101010101010101,0.8751558146816113,0.010660618678581917,0.049336115587561784,0.10290026704300582,0.17043396411140616,0.0101010101010101,0.029718562844285944,-0.038115888331408054,-0.019057944165704027,0.019057944165704027,LumA,Weakened
HALLMARK_APICAL_JUNCTION,HALLMARK_KRAS_SIGNALING_DN,0.154363576180935,0.00023036701000297787,0.0101010101010101,0.001350237259586832,0.08223229314097255,0.10406175559829255,0.0005661342967252292,0.002021908202590104,0.0101010101010101,0.05708138284965132,0.050301820582642445,0.02515091029132123,0.02515091029132123,LumA,Strengthened
HALLMARK_APICAL_JUNCTION,HALLMARK_KRAS_SIGNALING_UP,0.1441256660390929,0.000589941137985463,0.0178117048346055,0.0030621944662381022,0.08096868543684921,0.15447405285603405,2.8313668198205303e-07,2.0048695689480634e-06,0.0178117048346055,0.08614287884531978,-0.01034838681694114,-0.00517419340847057,0.00517419340847057,LumA,Weakened
HALLMARK_APICAL_JUNCTION,HALLMARK_MITOTIC_SPINDLE,0.1846720633566673,9.964708331786007e-06,0.0363636363636363,8.192461547944872e-05,0.1105178498601518,0.22378641841383157,6.961386389379362e-14,1.2727907950730923e-12,0.0363636363636363,0.13007502738873394,-0.03911435505716426,-0.019557177528582145,0.019557177528582145,LumA,Weakened
HALLMARK_APICAL_JUNCTION,HALLMARK_MTORC1_SIGNALING,0.03025078439562641,0.4729887026993697,0.0101010101010101,0.6291109237858066,0.020175897248318253,-0.013306196871633707,0.6602067637742454,0.7338959034695559,0.0101010101010101,0.011703603486321903,0.04355698126726012,0.00847229376199635,0.00847229376199635,LumA,Strengthened
HALLMARK_APICAL_JUNCTION,HALLMARK_MYC_TARGETS_V1,0.17698957352065106,2.3252504605538757e-05,0.0,0.00017475041804776057,0.08849478676032553,0.1287853557581395,1.9321015907459178e-05,9.90303116595711e-05,0.0,0.06439267787906976,0.04820421776251155,0.024102108881255774,0.024102108881255774,LumA,Strengthened
HALLMARK_APICAL_JUNCTION,HALLMARK_MYC_TARGETS_V2,0.04528027234275756,0.2826132832669578,0.0,0.4393417157386082,0.02264013617137878,0.027912382191176994,0.3563486243521065,0.4585368328060194,0.0,0.013956191095588497,0.017367890151580568,0.008683945075790284,0.008683945075790284,LumA,Strengthened
HALLMARK_APICAL_JUNCTION,HALLMARK_MYOGENESIS,0.2451390266595784,3.5413457117300715e-09,0.0309278350515463,5.8623628336072124e-08,0.13803343085556236,0.33161815044177007,1.7128234721166227e-29,7.771143530899492e-28,0.0309278350515463,0.18127299274665817,-0.08647912378219166,-0.04323956189109582,0.04323956189109582,LumA,Weakened
HALLMARK_APICAL_JUNCTION,HALLMARK_NOTCH_SIGNALING,0.013550598417730106,0.7479107080557459,0.0,0.8491480962294443,0.006775299208865053,0.0359188667932845,0.2352017851300526,0.32890660591816717,0.0,0.01795943339664225,-0.022368268375554397,-0.011184134187777198,0.011184134187777198,LumA,Weakened
HALLMARK_APICAL_JUNCTION,HALLMARK_OXIDATIVE_PHOSPHORYLATION,0.03605299072300352,0.39235740447739026,0.0,0.5511118492957096,0.01802649536150176,0.005301152876721497,0.8609696514636292,0.8960814129506762,0.0,0.0026505764383607487,0.03075183784628202,0.01537591892314101,0.01537591892314101,LumA,Strengthened
HALLMARK_APICAL_JUNCTION,HALLMARK_P53_PATHWAY,0.12600791382763507,0.002695291504657838,0.0101010101010101,0.01126871021571963,0.06805446196432259,0.07380513234217534,0.014618523855521572,0.03378809759059231,0.0101010101010101,0.04195307122159272,0.05220278148545973,0.026101390742729873,0.026101390742729873,LumA,Strengthened
HALLMARK_APICAL_JUNCTION,HALLMARK_PANCREAS_BETA_CELLS,0.005871791488861712,0.8892423337937334,0.00418410041841,0.9332657380219083,0.005027945953635856,0.0804907276989195,0.007731771333501269,0.019562653311642683,0.00418410041841,0.04233741405866475,-0.07461893621005779,-0.037309468105028894,0.037309468105028894,LumA,Weakened
HALLMARK_APICAL_JUNCTION,HALLMARK_PEROXISOME,0.06264639873791997,0.13694847966341034,0.0099667774086378,0.2596933244391295,0.036306588073278884,0.021515777386804453,0.4771353554375624,0.5752862307195019,0.0099667774086378,0.015741277397721125,0.04113062135111552,0.02056531067555776,0.02056531067555776,LumA,Strengthened
HALLMARK_APICAL_JUNCTION,HALLMARK_PI3K_AKT_MTOR_SIGNALING,0.3536065700944734,4.3930178600957535e-18,0.020066889632107,2.4461122175533175e-16,0.1868367298632902,0.2640604305780594,6.56050118143551e-19,1.7470899885344566e-17,0.020066889632107,0.1420636601050832,0.08954613951641399,0.044773069758206996,0.044773069758206996,LumA,Strengthened
HALLMARK_APICAL_JUNCTION,HALLMARK_PROTEIN_SECRETION,0.0463000580798691,0.2719025279509522,0.0033898305084745,0.4286751566794292,0.024844944294171802,0.06964562400162298,0.021237240282694074,0.04629339455207388,0.0033898305084745,0.03651772725504874,-0.02334556592175388,-0.011672782960876937,0.011672782960876937,LumA,Weakened
HALLMARK_APICAL_JUNCTION,HALLMARK_REACTIVE_OXYGEN_SPECIES_PATHWAY,-0.06435366313758598,0.12654594573434247,0.0,0.24515736905513538,0.03217683156879299,-0.05217386069296265,0.08454774866954248,0.1454611168056385,0.0,0.026086930346481324,-0.012179802444623328,0.006089901222311664,0.006089901222311664,LumA,Strengthened
HALLMARK_APICAL_JUNCTION,HALLMARK_SPERMATOGENESIS,-0.05148658250798458,0.2217370117510319,0.006006006006006,0.36905956439539955,0.02874629425699529,-0.08647912099869921,0.004203810092192018,0.011598349916520768,0.006006006006006,0.046242563502352604,0.03499253849071463,-0.017496269245357313,0.017496269245357313,LumA,Weakened
HALLMARK_APICAL_JUNCTION,HALLMARK_TGF_BETA_SIGNALING,0.0012920735305345058,0.9755532656260654,0.0079365079365079,0.9853947478558697,0.004614290733521203,0.036841119120350464,0.223389311144329,0.3170401352817474,0.0079365079365079,0.022388813528429183,-0.03554904558981596,-0.01777452279490798,0.01777452279490798,LumA,Weakened
HALLMARK_APICAL_JUNCTION,HALLMARK_TNFA_SIGNALING_VIA_NFKB,-0.04469504545104864,0.2888870289646778,0.0101010101010101,0.4445811689468973,0.02739802777602937,0.03802528414715034,0.20885197232073144,0.30099254834458355,0.0101010101010101,0.02406314712408022,-0.08272032959819897,0.003334880651949153,0.003334880651949153,LumA,Strengthened
HALLMARK_APICAL_JUNCTION,HALLMARK_UNFOLDED_PROTEIN_RESPONSE,-0.0952655388232677,0.023538860794063882,0.0032051282051282,0.06465270061149833,0.04923533351419795,-0.049735396001456864,0.10014138911107097,0.16644939167036898,0.0032051282051282,0.026470262103292532,-0.04553014282181084,0.022765071410905415,0.022765071410905415,LumA,Strengthened
HALLMARK_APICAL_JUNCTION,HALLMARK_UV_RESPONSE_DN,0.05908419273235958,0.1607569144597314,0.026865671641791,0.293046458650552,0.04297493218707529,0.09785571362927,0.0011922668167238652,0.003884379921507273,0.026865671641791,0.0623606926355305,-0.03877152089691041,-0.019385760448455205,0.019385760448455205,LumA,Weakened
HALLMARK_APICAL_JUNCTION,HALLMARK_UV_RESPONSE_UP,-0.009180718343208718,0.8276282004567154,0.0056179775280898,0.8970332428914163,0.007399347935649258,-0.05488775119341751,0.06956358521593077,0.12261207466117294,0.0056179775280898,0.030252864360753653,0.045707032850208794,-0.022853516425104393,0.022853516425104393,LumA,Weakened
HALLMARK_APICAL_JUNCTION,HALLMARK_WNT_BETA_CATENIN_SIGNALING,0.0936740173369814,0.025975854493978854,0.0041493775933609,0.06964246979288241,0.04891169746517115,0.1083036056093001,0.0003323567737426986,0.0012843439994788828,0.0041493775933609,0.056226491601330496,-0.014629588272318694,-0.007314794136159347,0.007314794136159347,LumA,Weakened
HALLMARK_APICAL_JUNCTION,HALLMARK_XENOBIOTIC_METABOLISM,0.1174332255818008,0.00519237752209715,0.0025062656641604,0.019137279508656308,0.0599697456229806,0.03195117292605931,0.2910285629060173,0.3898267065998174,0.0025062656641604,0.017228719295109857,0.08548205265574149,0.042741026327870746,0.042741026327870746,LumA,Strengthened
HALLMARK_APICAL_SURFACE,HALLMARK_APOPTOSIS,0.10244181669359771,0.01484931962712543,0.0148514851485148,0.044584354272619246,0.058646650921056254,0.12493099447280967,3.4175202006458284e-05,0.0001694923986150259,0.0148514851485148,0.06989123981066224,-0.022489177779211958,-0.011244588889605986,0.011244588889605986,LumA,Weakened
HALLMARK_APICAL_SURFACE,HALLMARK_BILE_ACID_METABOLISM,0.11092667064241683,0.00831494822635351,0.0,0.02829392104800847,0.055463335321208417,0.05124908359944727,0.09021333983652266,0.1528510944671373,0.0,0.025624541799723635,0.05967758704296956,0.02983879352148478,0.02983879352148478,LumA,Strengthened
HALLMARK_APICAL_SURFACE,HALLMARK_CHOLESTEROL_HOMEOSTASIS,-0.023319748948222765,0.5801595076995166,0.0085470085470085,0.7251993846243957,0.015933378747615634,-0.041016739367353075,0.17520235662908928,0.2604646685323233,0.0085470085470085,0.02478187395718079,0.01769699041913031,-0.008848495209565155,0.008848495209565155,LumA,Weakened
HALLMARK_APICAL_SURFACE,HALLMARK_COAGULATION,0.0765427294743561,0.06905826074582574,0.0,0.14972808745776378,0.03827136473717805,0.08664640445935765,0.004130665445441867,0.011448111245851328,0.0,0.04332320222967882,-0.010103674985001546,-0.005051837492500773,0.005051837492500773,LumA,Weakened
HALLMARK_APICAL_SURFACE,HALLMARK_COMPLEMENT,0.05247300500918577,0.21299764912605296,0.0166666666666666,0.35693860489660034,0.03456983583792619,0.03412022570164007,0.2594941608955623,0.35517357217549034,0.0166666666666666,0.025393446184153335,0.018352779307545704,0.009176389653772852,0.009176389653772852,LumA,Strengthened
HALLMARK_APICAL_SURFACE,HALLMARK_DNA_REPAIR,-0.00034153081714803705,0.9935371128685193,0.0,0.994524889807367,0.00017076540857401853,-0.03384431893616299,0.26336876909431417,0.35967306816113137,0.0,0.016922159468081496,0.033502788119014956,-0.016751394059507478,0.016751394059507478,LumA,Weakened
HALLMARK_APICAL_SURFACE,HALLMARK_E2F_TARGETS,0.041128324297213074,0.3291353378732028,0.0041152263374485,0.48871610775111934,0.022621775317330787,0.0219005365983029,0.4692906927382582,0.5669438842252132,0.0041152263374485,0.013007881467875699,0.019227787698910176,0.009613893849455088,0.009613893849455088,LumA,Strengthened
HALLMARK_APICAL_SURFACE,HALLMARK_EPITHELIAL_MESENCHYMAL_TRANSITION,-0.20373319133134243,1.0434316769918857e-06,0.0124481327800829,1.1212314072939123e-05,0.10809066205571266,-0.1675928737850427,2.455540488848653e-08,2.0602993827668494e-07,0.0124481327800829,0.0900205032825628,-0.03614031754629973,0.018070158773149866,0.018070158773149866,LumA,Strengthened
HALLMARK_APICAL_SURFACE,HALLMARK_ESTROGEN_RESPONSE_EARLY,-0.0870150537590682,0.03867136886721555,0.0041152263374485,0.0939929104411489,0.04556514004825835,-0.1081653646378311,0.00033827873106308866,0.001299032744678005,0.0041152263374485,0.056140295487639796,0.021150310878762887,-0.010575155439381444,0.010575155439381444,LumA,Weakened
HALLMARK_APICAL_SURFACE,HALLMARK_ESTROGEN_RESPONSE_LATE,0.11125969030323124,0.008121456192028568,0.0,0.027867741835392142,0.05562984515161562,0.11117039641213311,0.0002293704189434045,0.000936595877352235,0.0,0.055585198206066555,8.929389109813002e-05,4.464694554906501e-05,4.464694554906501e-05,LumA,Strengthened
HALLMARK_APICAL_SURFACE,HALLMARK_FATTY_ACID_METABOLISM,-0.08818060390338689,0.03612919279655131,0.0049751243781094,0.0888720103931232,0.046577864140748146,-0.06539193545705395,0.030562367317451468,0.062371544364983905,0.0049751243781094,0.035183529917581675,-0.02278866844633294,0.01139433422316647,0.01139433422316647,LumA,Strengthened
HALLMARK_APICAL_SURFACE,HALLMARK_G2M_CHECKPOINT,-0.051671824865293745,0.22007658622401627,0.0041152263374485,0.36679431037336047,0.027893525601371122,-0.029663818219349276,0.3269653201504763,0.4289455253057404,0.0041152263374485,0.016889522278398888,-0.022008006645944468,0.011004003322972234,0.011004003322972234,LumA,Strengthened
HALLMARK_APICAL_SURFACE,HALLMARK_GLYCOLYSIS,0.11228585418269536,0.007550258666568386,0.0041152263374485,0.026217008334552004,0.05820054026007193,0.0587143811056445,0.05220099261792546,0.0964497978234671,0.0041152263374485,0.0314148037215465,0.05357147307705086,0.02678573653852543,0.02678573653852543,LumA,Strengthened
HALLMARK_APICAL_SURFACE,HALLMARK_HEDGEHOG_SIGNALING,0.18675295718628668,7.873009592490516e-06,0.0126582278481012,6.651335690207505e-05,0.09970559251719394,0.10720854049166187,0.00038204943127532196,0.0014356151942094152,0.0126582278481012,0.05993338416988153,0.07954441669462481,0.039772208347312404,0.039772208347312404,LumA,Strengthened
HALLMARK_APICAL_SURFACE,HALLMARK_HEME_METABOLISM,-0.010757237455970133,0.7986167312647059,0.0,0.8805630025195902,0.005378618727985066,0.0183644770061008,0.5440007944422954,0.633461001132901,0.0,0.0091822385030504,-0.029121714462070934,-0.0038036197750653342,0.0038036197750653342,LumA,Weakened
HALLMARK_APICAL_SURFACE,HALLMARK_HYPOXIA,-0.02257036395478314,0.5923929996225579,0.0082644628099173,0.7337527042847658,0.01541741338235022,-0.00842396503284582,0.7807707886548396,0.8316906226975466,0.0082644628099173,0.008344213921381561,-0.014146398921937321,0.00707319946096866,0.00707319946096866,LumA,Strengthened
HALLMARK_APICAL_SURFACE,HALLMARK_IL2_STAT5_SIGNALING,-0.057705068208400344,0.17076880414771198,0.0041322314049586,0.30673282269933605,0.030918649806679473,-0.030792511011024256,0.3088871411544482,0.40950946743960936,0.0041322314049586,0.017462371207991427,-0.026912557197376088,0.013456278598688046,0.013456278598688046,LumA,Strengthened
HALLMARK_APICAL_SURFACE,HALLMARK_IL6_JAK_STAT3_SIGNALING,-0.021257871950120313,0.614098508692213,0.0076923076923076,0.751519153993967,0.014475089821213956,-0.08441070704691275,0.005210295607522683,0.013815177747219236,0.0076923076923076,0.046051507369610174,0.06315283509679244,-0.03157641754839622,0.03157641754839622,LumA,Weakened
HALLMARK_APICAL_SURFACE,HALLMARK_INFLAMMATORY_RESPONSE,0.11387328194574046,0.006737229205610325,0.0209205020920502,0.023784166503955758,0.06739689201889533,0.11507768121020062,0.0001364040568860736,0.0005883625693149301,0.0209205020920502,0.06799909165112542,-0.001204399264460157,-0.0006021996322300854,0.0006021996322300854,LumA,Weakened
HALLMARK_APICAL_SURFACE,HALLMARK_INTERFERON_ALPHA_RESPONSE,0.07060415603573492,0.09361725560645257,0.0,0.19306588908738115,0.03530207801786746,0.01667718639600164,0.5816221245571745,0.6669194526159749,0.0,0.00833859319800082,0.05392696963973327,0.026963484819866636,0.026963484819866636,LumA,Strengthened
HALLMARK_APICAL_SURFACE,HALLMARK_INTERFERON_GAMMA_RESPONSE,-0.08409522548055244,0.045712957161709866,0.0041152263374485,0.10707145797914834,0.04410522590900047,-0.02437041080747566,0.4206663206969928,0.5210477683051731,0.0041152263374485,0.01424281857246208,-0.059724814673076776,0.029862407336538388,0.029862407336538388,LumA,Strengthened
HALLMARK_APICAL_SURFACE,HALLMARK_KRAS_SIGNALING_DN,0.0005269570373328197,0.9900283886386445,0.0041152263374485,0.994524889807367,0.00232109168739066,-0.0006836589607938499,0.9819800081384379,0.9860045163685135,0.0041152263374485,0.002399442649121175,0.0012106159981266696,-7.835096173051514e-05,7.835096173051514e-05,LumA,Weakened
HALLMARK_APICAL_SURFACE,HALLMARK_KRAS_SIGNALING_UP,-0.13014168088994177,0.001936683036312126,0.0124481327800829,0.008412896168377143,0.07129490683501233,-0.1169118282792697,0.00010626853405908276,0.0004733780153540959,0.0124481327800829,0.0646799805296763,-0.013229852610672069,0.0066149263053360274,0.0066149263053360274,LumA,Strengthened
HALLMARK_APICAL_SURFACE,HALLMARK_MITOTIC_SPINDLE,0.004296923689544589,0.9188273313525126,0.0041322314049586,0.9490417208320641,0.0042145775472515945,0.004876940850431501,0.8719952327962581,0.905249288284251,0.0041322314049586,0.00450458612769505,-0.0005800171608869118,-0.0002900085804434559,0.0002900085804434559,LumA,Weakened
HALLMARK_APICAL_SURFACE,HALLMARK_MTORC1_SIGNALING,0.018845702996369593,0.6548715366190417,0.0041152263374485,0.7872596980945301,0.011480464666909046,0.019775885816556066,0.513487597467159,0.6077177662349497,0.0041152263374485,0.011945556077002283,-0.0009301828201864724,-0.0004650914100932362,0.0004650914100932362,LumA,Weakened
HALLMARK_APICAL_SURFACE,HALLMARK_MYC_TARGETS_V1,-0.06270448991374526,0.1365840312025328,0.0,0.25950368872266927,0.03135224495687263,-0.023680466066969885,0.4339433354758252,0.5331801263368966,0.0,0.011840233033484943,-0.03902402384677538,0.01951201192338769,0.01951201192338769,LumA,Strengthened
HALLMARK_APICAL_SURFACE,HALLMARK_MYC_TARGETS_V2,0.0439862706656856,0.29660966639773656,0.0,0.4541835516715341,0.0219931353328428,0.016225118196709878,0.5919043325617289,0.6744956347796446,0.0,0.008112559098354939,0.02776115246897572,0.01388057623448786,0.01388057623448786,LumA,Strengthened
HALLMARK_APICAL_SURFACE,HALLMARK_MYOGENESIS,-0.02383377284985878,0.5718371005487445,0.0041152263374485,0.7180920205355963,0.01397449959365364,-0.03200544110644853,0.29020947443671247,0.38938292024641047,0.0041152263374485,0.018060333721948516,0.008171668256589753,-0.0040858341282948765,0.0040858341282948765,LumA,Weakened
HALLMARK_APICAL_SURFACE,HALLMARK_NOTCH_SIGNALING,0.10896793275405739,0.009538520480895379,0.0,0.03149511479540927,0.054483966377028695,0.18242790470259151,1.2161432579950275e-09,1.2733123855076144e-08,0.0,0.09121395235129576,-0.07345997194853413,-0.03672998597426706,0.03672998597426706,LumA,Weakened
HALLMARK_APICAL_SURFACE,HALLMARK_OXIDATIVE_PHOSPHORYLATION,0.06033812642121698,0.1520437181884562,0.0,0.28306011364872163,0.03016906321060849,0.06575315614078103,0.02965281464587162,0.060642233624695716,0.0,0.032876578070390516,-0.005415029719564056,-0.002707514859782028,0.002707514859782028,LumA,Weakened
HALLMARK_APICAL_SURFACE,HALLMARK_P53_PATHWAY,0.0643307598044311,0.12668131805053118,0.0041152263374485,0.24515736905513538,0.0342229930709398,0.052730491602522314,0.08127853025823341,0.14163044035040673,0.0041152263374485,0.028422858969985407,0.011600268201908792,0.005800134100954396,0.005800134100954396,LumA,Strengthened
HALLMARK_APICAL_SURFACE,HALLMARK_PANCREAS_BETA_CELLS,-0.01896239461975943,0.652873978724373,0.0,0.7872040047379083,0.009481197309879714,-0.010779111242620529,0.7217438845662368,0.7852009401364477,0.0,0.005389555621310264,-0.0081832833771389,0.00409164168856945,0.00409164168856945,LumA,Strengthened
HALLMARK_APICAL_SURFACE,HALLMARK_PEROXISOME,-0.06398299705186727,0.12875064454018095,0.0,0.24837722765625458,0.03199149852593364,-0.004232146977615099,0.8888008672527454,0.9195785999870043,0.0,0.0021160734888075496,-0.059750850074252175,0.029875425037126088,0.029875425037126088,LumA,Strengthened
HALLMARK_APICAL_SURFACE,HALLMARK_PI3K_AKT_MTOR_SIGNALING,-0.07194730733054566,0.0875259338695434,0.0067567567567567,0.1817275745596452,0.03935203204365118,-0.056463880497335535,0.06191063224125463,0.11087795978879667,0.0067567567567567,0.031610318627046115,-0.015483426833210127,0.007741713416605067,0.007741713416605067,LumA,Strengthened
HALLMARK_APICAL_SURFACE,HALLMARK_PROTEIN_SECRETION,0.00902046958082704,0.8305910270230449,0.0071942446043165,0.8970332428914163,0.00810735709257177,0.00767815135321985,0.7997478707074642,0.8482174386291288,0.0071942446043165,0.007436197978768175,0.0013423182276071904,0.0006711591138035952,0.0006711591138035952,LumA,Strengthened
HALLMARK_APICAL_SURFACE,HALLMARK_REACTIVE_OXYGEN_SPECIES_PATHWAY,-0.024399034067168635,0.562751002754169,0.0,0.709958783083272,0.012199517033584318,-0.05642496664813916,0.06209083560792298,0.11103835564920532,0.0,0.02821248332406958,0.03202593258097053,-0.016012966290485264,0.016012966290485264,LumA,Weakened
HALLMARK_APICAL_SURFACE,HALLMARK_SPERMATOGENESIS,0.025353452321889337,0.547569126540932,0.0056179775280898,0.6965443198469801,0.015485714924989569,0.019007135285038106,0.5299962212180468,0.6212874363560835,0.0056179775280898,0.012312556406563953,0.006346317036851231,0.0031731585184256155,0.0031731585184256155,LumA,Strengthened
HALLMARK_APICAL_SURFACE,HALLMARK_TGF_BETA_SIGNALING,-0.07248886803542334,0.08516193406659685,0.0,0.17759600460656613,0.03624443401771167,-0.08684646476538561,0.004044704559276247,0.01127036106316291,0.0,0.04342323238269281,0.014357596729962271,-0.007178798364981136,0.007178798364981136,LumA,Weakened
HALLMARK_APICAL_SURFACE,HALLMARK_TNFA_SIGNALING_VIA_NFKB,-0.013548773584322788,0.747943506801282,0.0082644628099173,0.8491480962294443,0.010906618197120044,0.01759557188956111,0.5609944639623333,0.6501591469762141,0.0082644628099173,0.012930017349739205,-0.031144345473883898,-0.0020233991526191607,0.0020233991526191607,LumA,Weakened
HALLMARK_APICAL_SURFACE,HALLMARK_UNFOLDED_PROTEIN_RESPONSE,0.013457753905801463,0.7495800303101345,0.0,0.8496085403074058,0.006728876952900731,0.03598499559615702,0.23434036996283034,0.32838587353179455,0.0,0.01799249779807851,-0.022527241690355554,-0.011263620845177777,0.011263620845177777,LumA,Weakened
HALLMARK_APICAL_SURFACE,HALLMARK_UV_RESPONSE_DN,0.12182839264654635,0.003728954054514302,0.0,0.014594149254888241,0.060914196323273176,0.026987772668108364,0.3725105154101503,0.47489215751401437,0.0,0.013493886334054182,0.09484061997843798,0.04742030998921899,0.04742030998921899,LumA,Strengthened
HALLMARK_APICAL_SURFACE,HALLMARK_UV_RESPONSE_UP,-0.04114244612304978,0.32896915575572755,0.0049751243781094,0.48871610775111934,0.02305878525057959,-0.08254806737660117,0.006297504628640694,0.01630960501075021,0.0049751243781094,0.043761595877355286,0.04140562125355139,-0.020702810626775696,0.020702810626775696,LumA,Weakened
HALLMARK_APICAL_SURFACE,HALLMARK_WNT_BETA_CATENIN_SIGNALING,-0.0017983353677445333,0.9659794923290629,0.0,0.9796842942799788,0.0008991676838722666,-0.010867261187605995,0.7195639372602773,0.7840377628777435,0.0,0.005433630593802997,0.009068925819861462,-0.004534462909930731,0.004534462909930731,LumA,Weakened
HALLMARK_APICAL_SURFACE,HALLMARK_XENOBIOTIC_METABOLISM,-0.041272107531097724,0.3274458685416103,0.0,0.4873890509884236,0.020636053765548862,-0.013869602461184169,0.646777145744475,0.7228271237329185,0.0,0.0069348012305920845,-0.027402505069913555,0.013701252534956777,0.013701252534956777,LumA,Strengthened
HALLMARK_APOPTOSIS,HALLMARK_BILE_ACID_METABOLISM,0.21871514061910927,1.5128239049006195e-07,0.0111111111111111,1.950746614213957e-06,0.11491312586511018,0.13959519317091829,3.575656134530551e-06,2.1791934153233458e-05,0.0111111111111111,0.07535315214101469,0.07911994744819098,0.03955997372409549,0.03955997372409549,LumA,Strengthened
HALLMARK_APOPTOSIS,HALLMARK_CHOLESTEROL_HOMEOSTASIS,0.04132760663227781,0.3267952522846181,0.0352422907488986,0.4870123893535975,0.038284948690588204,-0.06589657288001971,0.029298192552278123,0.06021523061174156,0.0352422907488986,0.05056943181445915,0.10722417951229751,-0.012284483123870947,0.012284483123870947,LumA,Weakened
HALLMARK_APOPTOSIS,HALLMARK_COAGULATION,-0.05021430753979026,0.2333832222358787,0.0310344827586206,0.38274103523269665,0.04062439514920543,-0.011604229811033347,0.7014292718028667,0.7706285721601002,0.0310344827586206,0.021319356284826972,-0.038610077728756916,0.01930503886437846,0.01930503886437846,LumA,Strengthened
HALLMARK_APOPTOSIS,HALLMARK_COMPLEMENT,0.19141055413137123,4.602533774602435e-06,0.0403458213256484,4.207540204394017e-05,0.11587818772850982,0.06208228121174593,0.040068093284956356,0.07791018138741515,0.0403458213256484,0.051214051268697165,0.1293282729196253,0.06466413645981264,0.06466413645981264,LumA,Strengthened
HALLMARK_APOPTOSIS,HALLMARK_DNA_REPAIR,0.21807232862890785,1.648275798209025e-07,0.0064724919093851,2.1032685966729747e-06,0.11227241026914647,0.19069545779988809,2.0359190828244447e-10,2.35283101552825e-09,0.0064724919093851,0.09858397485463659,0.027376870829019767,0.013688435414509884,0.013688435414509884,LumA,Strengthened
HALLMARK_APOPTOSIS,HALLMARK_E2F_TARGETS,-0.06325477186600303,0.13316864159636638,0.019774011299435,0.254893103055545,0.04151439158271902,-0.08015313516864717,0.007993213668548152,0.020064931852400585,0.019774011299435,0.04996357323404108,0.01689836330264413,-0.008449181651322066,0.008449181651322066,LumA,Weakened
HALLMARK_APOPTOSIS,HALLMARK_EPITHELIAL_MESENCHYMAL_TRANSITION,0.07779052089769484,0.06463630237957077,0.0524781341107871,0.14189869249995374,0.06513432750424097,0.06942332539477292,0.021654790351736595,0.04695065164757049,0.0524781341107871,0.06095072975278001,0.00836719550292192,0.004183597751460967,0.004183597751460967,LumA,Strengthened
HALLMARK_APOPTOSIS,HALLMARK_ESTROGEN_RESPONSE_EARLY,0.09980413345315722,0.017644706875382925,0.0169014084507042,0.05085827275845667,0.05835277095193071,0.07495039192193775,0.013149705448728127,0.030977671489792222,0.0169014084507042,0.04592590018632098,0.02485374153121947,0.012426870765609735,0.012426870765609735,LumA,Strengthened
HALLMARK_APOPTOSIS,HALLMARK_ESTROGEN_RESPONSE_LATE,-0.08333462320309074,0.04771482817347728,0.0255681818181818,0.11049274955105798,0.054451402510636265,-0.0056337906430371665,0.852342928623267,0.8916482387391136,0.0255681818181818,0.015600986230609484,-0.07770083256005357,0.03885041628002678,0.03885041628002678,LumA,Strengthened
HALLMARK_APOPTOSIS,HALLMARK_FATTY_ACID_METABOLISM,0.09819687123685504,0.019564933740305344,0.0063091482649842,0.05547926812933807,0.05225300975091962,0.06788920075485992,0.02473574028252027,0.05278968962732984,0.0063091482649842,0.03709917450992206,0.03030767048199512,0.01515383524099756,0.01515383524099756,LumA,Strengthened
HALLMARK_APOPTOSIS,HALLMARK_G2M_CHECKPOINT,0.028112852844153446,0.5048444456374718,0.011204481792717,0.6607205618652809,0.019658667318435224,0.05628184541538387,0.06275733761079172,0.11206667430498521,0.011204481792717,0.033743163604050434,-0.028168992571230424,-0.01408449628561521,0.01408449628561521,LumA,Weakened
HALLMARK_APOPTOSIS,HALLMARK_GLYCOLYSIS,0.1240576690570606,0.003139847245494146,0.0255681818181818,0.012736135350100429,0.0748129254376212,0.11479568020781403,0.00014169583543118626,0.0006090435031691339,0.0255681818181818,0.07018193101299791,0.009261988849246575,0.004630994424623294,0.004630994424623294,LumA,Strengthened
HALLMARK_APOPTOSIS,HALLMARK_HEDGEHOG_SIGNALING,-0.14398403451422023,0.0005974157549263156,0.0,0.0030879084379102813,0.07199201725711012,-0.08352969717234233,0.005701453877427667,0.015019959139459985,0.0,0.04176484858617117,-0.0604543373418779,0.03022716867093895,0.03022716867093895,LumA,Strengthened
HALLMARK_APOPTOSIS,HALLMARK_HEME_METABOLISM,-0.025745754548575483,0.5413879157715383,0.0140449438202247,0.6944504678744863,0.019895349184400092,-0.021189744356710265,0.48383838495011,0.5810804132979263,0.0140449438202247,0.017617344088467483,-0.004556010191865217,0.0022780050959326087,0.0022780050959326087,LumA,Strengthened
HALLMARK_APOPTOSIS,HALLMARK_HYPOXIA,-0.0847524538330361,0.044040454328672166,0.0433526011560693,0.10353438336092954,0.0640525274945527,-0.16290474829820886,6.018304414023168e-08,4.695810768903427e-07,0.0433526011560693,0.10312867472713907,0.07815229446517276,-0.03907614723258637,0.03907614723258637,LumA,Weakened
HALLMARK_APOPTOSIS,HALLMARK_IL2_STAT5_SIGNALING,-0.12710039254619523,0.0024721069533467227,0.0374639769452449,0.010442520751205983,0.08228218474572006,-0.04595966863793456,0.12870917852979394,0.20239890076893144,0.0374639769452449,0.041711822791589734,-0.08114072390826067,0.04057036195413033,0.04057036195413033,LumA,Strengthened
HALLMARK_APOPTOSIS,HALLMARK_IL6_JAK_STAT3_SIGNALING,0.2892241894347186,2.384546656303562e-12,0.0508474576271186,7.124560131638692e-11,0.17003582353091862,0.18551815941487065,6.294659276478708e-10,6.647377253177946e-09,0.0508474576271186,0.11818280852099462,0.10370603001984796,0.051853015009923994,0.051853015009923994,LumA,Strengthened
HALLMARK_APOPTOSIS,HALLMARK_INFLAMMATORY_RESPONSE,-0.0399355118796399,0.3433677384097223,0.0463768115942029,0.5019397130691048,0.0431561617369214,-0.06531280143234451,0.03076479120646405,0.06260277280385126,0.0463768115942029,0.055844806513273705,0.02537728955270461,-0.012688644776352308,0.012688644776352308,LumA,Weakened
HALLMARK_APOPTOSIS,HALLMARK_INTERFERON_ALPHA_RESPONSE,0.07483520092425108,0.07550806142027142,0.0278884462151394,0.16086500041709997,0.05136182356969524,-0.008261403931667953,0.7848964519604149,0.8353589519126917,0.0278884462151394,0.018074925073403678,0.08309660485591903,0.033286898496291566,0.033286898496291566,LumA,Strengthened
HALLMARK_APOPTOSIS,HALLMARK_INTERFERON_GAMMA_RESPONSE,-0.07341491936954864,0.0812390882806451,0.0524781341107871,0.1701160395620346,0.06294652674016787,0.006627757866878996,0.8266739363901713,0.8729961828258274,0.0524781341107871,0.029552945988833047,-0.08004267723642763,0.03339358075133483,0.03339358075133483,LumA,Strengthened
HALLMARK_APOPTOSIS,HALLMARK_KRAS_SIGNALING_DN,0.0006947354276642739,0.9868537690369633,0.0083798882681564,0.9933408932376993,0.004537311847910337,0.041227765692152044,0.17299080277755396,0.2581166058495781,0.0083798882681564,0.024803826980154223,-0.04053303026448777,-0.020266515132243885,0.020266515132243885,LumA,Weakened
HALLMARK_APOPTOSIS,HALLMARK_KRAS_SIGNALING_UP,-0.057119846766406204,0.1751553308561505,0.0255681818181818,0.31232209650478077,0.041344014292294,-0.0646179200300173,0.03259218195229524,0.06545151293698635,0.0255681818181818,0.04509305092409955,0.007498073263611099,-0.0037490366318055496,0.0037490366318055496,LumA,Weakened
HALLMARK_APOPTOSIS,HALLMARK_MITOTIC_SPINDLE,0.0918316863105254,0.029065748299376064,0.0198300283286118,0.07597248366736385,0.055830857319568605,0.059481997050392435,0.04919479503106197,0.09172545496659196,0.0198300283286118,0.03965601268950212,0.03234968926013297,0.016174844630066486,0.016174844630066486,LumA,Strengthened
HALLMARK_APOPTOSIS,HALLMARK_MTORC1_SIGNALING,-0.12680896864004607,0.0025299315418367435,0.0284900284900284,0.01065005545962203,0.07764949856503724,-0.09810782718940621,0.001157652769546233,0.003791777119503036,0.0284900284900284,0.0632989278397173,-0.028701141450639858,0.014350570725319936,0.014350570725319936,LumA,Strengthened
HALLMARK_APOPTOSIS,HALLMARK_MYC_TARGETS_V1,0.14388931799543647,0.0006024633809892225,0.0055710306406685,0.0031009144609739393,0.07473017431805248,0.0335995470281226,0.2668393615654094,0.3631366759458106,0.0055710306406685,0.019585288834395552,0.11028977096731388,0.05514488548365693,0.05514488548365693,LumA,Strengthened
HALLMARK_APOPTOSIS,HALLMARK_MYC_TARGETS_V2,-0.22353853126116185,7.88332410921595e-08,0.0,1.0496817428032108e-06,0.11176926563058093,-0.17537094851461912,5.245534309797799e-09,5.059668920867956e-08,0.0,0.08768547425730956,-0.04816758274654273,0.024083791373271365,0.024083791373271365,LumA,Strengthened
HALLMARK_APOPTOSIS,HALLMARK_MYOGENESIS,-0.045859185196897974,0.2764984935233694,0.0255681818181818,0.4328236747341462,0.03571368350753989,-0.013124437812600285,0.6645629572748117,0.7380685608899767,0.0255681818181818,0.019346309815391042,-0.032734747384297685,0.016367373692148846,0.016367373692148846,LumA,Strengthened
HALLMARK_APOPTOSIS,HALLMARK_NOTCH_SIGNALING,0.02876289046546444,0.49504095689455846,0.0104712041884816,0.6506707856178477,0.01961704732697302,0.0678220998587071,0.024878744475995095,0.05298854024077893,0.0104712041884816,0.03914665202359435,-0.03905920939324266,-0.019529604696621333,0.019529604696621333,LumA,Weakened
HALLMARK_APOPTOSIS,HALLMARK_OXIDATIVE_PHOSPHORYLATION,-0.08821059939540628,0.03606569136977106,0.0169014084507042,0.0888720103931232,0.05255600392305524,0.027696015783298358,0.3600905205454348,0.4614130624143908,0.0169014084507042,0.02229871211700128,-0.11590661517870464,0.030257291806053962,0.030257291806053962,LumA,Strengthened
HALLMARK_APOPTOSIS,HALLMARK_P53_PATHWAY,0.09369048837416681,0.025949559689002054,0.0617647058823529,0.06964246979288241,0.07772759712825986,0.10273565297405828,0.0006660777801901015,0.0023446703469335466,0.0617647058823529,0.08225017942820559,-0.009045164599891464,-0.004522582299945732,0.004522582299945732,LumA,Weakened
HALLMARK_APOPTOSIS,HALLMARK_PANCREAS_BETA_CELLS,0.05039864495322462,0.2316695397824716,0.0,0.38144514278699965,0.02519932247661231,-0.012134438814598624,0.688485918921473,0.7605006768970284,0.0,0.006067219407299312,0.06253308376782324,0.019132103069312997,0.019132103069312997,LumA,Strengthened
HALLMARK_APOPTOSIS,HALLMARK_PEROXISOME,-0.1238121141824261,0.0032003122421738494,0.0231660231660231,0.012853713103813003,0.0734890686742246,-0.08476201052679723,0.0050253353853966,0.013495585351881816,0.0231660231660231,0.05396401684641017,-0.03905010365562887,0.01952505182781443,0.01952505182781443,LumA,Strengthened
HALLMARK_APOPTOSIS,HALLMARK_PI3K_AKT_MTOR_SIGNALING,0.11596059192737403,0.005787884101096831,0.023076923076923,0.021040143648074407,0.06951875750214852,0.13696420264900552,5.455951927309877e-06,3.1526137315823584e-05,0.023076923076923,0.08002056286296426,-0.021003610721631497,-0.010501805360815741,0.010501805360815741,LumA,Weakened
HALLMARK_APOPTOSIS,HALLMARK_PROTEIN_SECRETION,0.04667399520131003,0.2680454541590676,0.0198412698412698,0.42478095904897517,0.03325763252128991,0.02390014147187087,0.42968996357572564,0.5300807707756938,0.0198412698412698,0.021870705656570334,0.02277385372943916,0.011386926864719576,0.011386926864719576,LumA,Strengthened
HALLMARK_APOPTOSIS,HALLMARK_REACTIVE_OXYGEN_SPECIES_PATHWAY,0.1265877318871838,0.0025746504996190704,0.024390243902439,0.010801187883675895,0.0754889878948114,0.1780866677257354,3.0095925897226524e-09,2.973186227750201e-08,0.024390243902439,0.10123845581408719,-0.051498935838551585,-0.025749467919275792,0.025749467919275792,LumA,Weakened
HALLMARK_APOPTOSIS,HALLMARK_SPERMATOGENESIS,-0.0703619332051688,0.09475103001925726,0.0068027210884353,0.19474834190199689,0.03858232714680205,-0.07785242963726172,0.00999540962036006,0.02424629066324965,0.0068027210884353,0.04232757536284851,0.007490496432092916,-0.003745248216046458,0.003745248216046458,LumA,Weakened
HALLMARK_APOPTOSIS,HALLMARK_TGF_BETA_SIGNALING,0.04848237611259797,0.24992259960279778,0.0238095238095238,0.4038986603079516,0.03614594996106089,0.0928777880384928,0.002104092255184575,0.006286617103905132,0.0238095238095238,0.058343655924008295,-0.04439541192589482,-0.022197705962947407,0.022197705962947407,LumA,Weakened
HALLMARK_APOPTOSIS,HALLMARK_TNFA_SIGNALING_VIA_NFKB,0.3070076745914988,8.5034280094364e-14,0.0873493975903614,2.97619980330274e-12,0.1971785360909301,0.32662020302573014,1.3033936120218618e-28,5.505714395609589e-27,0.0873493975903614,0.20698480030804578,-0.019612528434231336,-0.009806264217115668,0.009806264217115668,LumA,Weakened
HALLMARK_APOPTOSIS,HALLMARK_UNFOLDED_PROTEIN_RESPONSE,-0.013012789692044127,0.757596504114958,0.0073529411764705,0.8561399608310182,0.010182865434257313,0.027441558663615192,0.36452256560958646,0.4666041200331697,0.0073529411764705,0.017397249920042844,-0.04045434835565932,-0.007214384485785531,0.007214384485785531,LumA,Weakened
HALLMARK_APOPTOSIS,HALLMARK_UV_RESPONSE_DN,-0.0004777213267039397,0.9909600344936613,0.023489932885906,0.994524889807367,0.011983827106304969,0.03628293033286958,0.2304870610621083,0.32432064292211926,0.023489932885906,0.029886431609387788,-0.03676065165957352,-0.01790260450308282,0.01790260450308282,LumA,Weakened
HALLMARK_APOPTOSIS,HALLMARK_UV_RESPONSE_UP,-0.036779256767679076,0.3828854537224591,0.0668896321070234,0.5422366252138872,0.05183444443735123,-0.025234329815473147,0.4043818605066703,0.5059936456799501,0.0668896321070234,0.04606198096124827,-0.01154492695220593,0.005772463476102961,0.005772463476102961,LumA,Strengthened
HALLMARK_APOPTOSIS,HALLMARK_WNT_BETA_CATENIN_SIGNALING,0.025368010205450278,0.5473391285018054,0.0201005025125628,0.6965443198469801,0.02273425635900654,0.008683186425749972,0.7742047445056081,0.8254141096774325,0.0201005025125628,0.014391844469156386,0.016684823779700306,0.008342411889850155,0.008342411889850155,LumA,Strengthened
HALLMARK_APOPTOSIS,HALLMARK_XENOBIOTIC_METABOLISM,-0.059871406367369366,0.15524393863511377,0.019774011299435,0.28725128208419776,0.03982270883340218,-0.01384761804965419,0.6472990650898053,0.7228271237329185,0.019774011299435,0.016810814674544594,-0.04602378831771518,0.023011894158857585,0.023011894158857585,LumA,Strengthened
HALLMARK_BILE_ACID_METABOLISM,HALLMARK_CHOLESTEROL_HOMEOSTASIS,0.11562432561690017,0.005932195111532679,0.0163934426229508,0.021436398264388,0.06600888411992549,0.09185194195149717,0.00235776647356998,0.006942942139719291,0.0163934426229508,0.05412269228722398,0.023772383665403005,0.01188619183270151,0.01188619183270151,LumA,Strengthened
HALLMARK_BILE_ACID_METABOLISM,HALLMARK_COAGULATION,0.06123082502862866,0.14606252050058566,0.0040160642570281,0.27400702544137434,0.032623444642828375,0.097334875540915,0.0012668191289756114,0.004083824823671379,0.0040160642570281,0.05067546989897155,-0.03610405051228634,-0.018052025256143175,0.018052025256143175,LumA,Weakened
HALLMARK_BILE_ACID_METABOLISM,HALLMARK_COMPLEMENT,-0.23489407286938938,1.6021836731602004e-08,0.0032154340836012,2.516249999514417e-07,0.11905475347649529,-0.13742431328499133,5.0701298903743045e-06,2.957575769385011e-05,0.0032154340836012,0.07031987368429626,-0.09746975958439805,0.04873487979219902,0.04873487979219902,LumA,Strengthened
HALLMARK_BILE_ACID_METABOLISM,HALLMARK_DNA_REPAIR,-0.06280463386430618,0.13595750811624768,0.0,0.25901702557138945,0.03140231693215309,0.05607334884416464,0.06373884812394641,0.11348850138348017,0.0,0.02803667442208232,-0.11887798270847083,0.003365642510070769,0.003365642510070769,LumA,Strengthened
HALLMARK_BILE_ACID_METABOLISM,HALLMARK_E2F_TARGETS,0.15500227620780008,0.0002168100827358058,0.0,0.0012768863045738562,0.07750113810390004,0.09002342593766265,0.0028802812872321813,0.008321567398253354,0.0,0.04501171296883132,0.06497885027013743,0.032489425135068715,0.032489425135068715,LumA,Strengthened
HALLMARK_BILE_ACID_METABOLISM,HALLMARK_EPITHELIAL_MESENCHYMAL_TRANSITION,-0.04498522903962192,0.2857645991344463,0.0,0.4425557951197177,0.02249261451981096,-0.05220052698666814,0.08438874472202122,0.1454611168056385,0.0,0.02610026349333407,0.007215297947046222,-0.003607648973523111,0.003607648973523111,LumA,Weakened
HALLMARK_BILE_ACID_METABOLISM,HALLMARK_ESTROGEN_RESPONSE_EARLY,0.10239235950210622,0.014897925047414032,0.01628664495114,0.044620924653012685,0.05933950222662311,0.12341189162850978,4.2597482126219596e-05,0.000209544350416868,0.01628664495114,0.06984926828982489,-0.02101953212640356,-0.01050976606320178,0.01050976606320178,LumA,Weakened
HALLMARK_BILE_ACID_METABOLISM,HALLMARK_ESTROGEN_RESPONSE_LATE,-0.1015539811298076,0.01574339851593644,0.01628664495114,0.04669652102184538,0.0589203130404738,-0.08502006142263083,0.004893271676208199,0.013174192974406689,0.01628664495114,0.050653353186885415,-0.01653391970717677,0.008266959853588385,0.008266959853588385,LumA,Strengthened
HALLMARK_BILE_ACID_METABOLISM,HALLMARK_FATTY_ACID_METABOLISM,-0.06185740337098247,0.14197281712050647,0.0424710424710424,0.26742842752287016,0.052164222921012436,-0.08699128148448021,0.003983495739398214,0.011141055435531533,0.0424710424710424,0.0647311619777613,0.025133878113497737,-0.012566939056748862,0.012566939056748862,LumA,Weakened
HALLMARK_BILE_ACID_METABOLISM,HALLMARK_G2M_CHECKPOINT,-0.10902433181014996,0.009501163475318451,0.0,0.031456554749365144,0.05451216590507498,-0.09088592023491623,0.00262190835983611,0.0076654838682559305,0.0,0.04544296011745812,-0.01813841157523373,0.009069205787616864,0.009069205787616864,LumA,Strengthened
HALLMARK_BILE_ACID_METABOLISM,HALLMARK_GLYCOLYSIS,0.10271946226239223,0.014579034534044617,0.0097087378640776,0.044097079763468286,0.05621410006323491,0.03800199625435953,0.20913110347593203,0.3010406601151783,0.0097087378640776,0.023855367059218563,0.0647174660080327,0.03235873300401635,0.03235873300401635,LumA,Strengthened
HALLMARK_BILE_ACID_METABOLISM,HALLMARK_HEDGEHOG_SIGNALING,-0.08949858116022796,0.03342711143969881,0.0,0.08373867385200622,0.04474929058011398,-0.06892695703190252,0.022612969604065253,0.04860223241425914,0.0,0.03446347851595126,-0.020571624128325444,0.010285812064162722,0.010285812064162722,LumA,Strengthened
HALLMARK_BILE_ACID_METABOLISM,HALLMARK_HEME_METABOLISM,0.1510696670757233,0.0003137980568944058,0.0129870129870129,0.0017633147692460876,0.08202834003136811,0.13802258696047767,4.6073373646267785e-06,2.7531650105696602e-05,0.0129870129870129,0.07550479997374529,0.013047080115245635,0.0065235400576228175,0.0065235400576228175,LumA,Strengthened
HALLMARK_BILE_ACID_METABOLISM,HALLMARK_HYPOXIA,-0.08096563863582985,0.054426339645513466,0.0064516129032258,0.1227850203789208,0.043708625769527824,-0.0442312745201607,0.14373514220497563,0.22201246345324743,0.0064516129032258,0.02534144371169325,-0.03673436411566915,0.018367182057834573,0.018367182057834573,LumA,Strengthened
HALLMARK_BILE_ACID_METABOLISM,HALLMARK_IL2_STAT5_SIGNALING,0.1797266300233739,1.7262991340871218e-05,0.0032258064516129,0.00013300103391551723,0.09147621823749341,0.14212237766120198,2.365479143893165e-06,1.4860061288559627e-05,0.0032258064516129,0.07267409205640744,0.037604252362171936,0.018802126181085968,0.018802126181085968,LumA,Strengthened
HALLMARK_BILE_ACID_METABOLISM,HALLMARK_IL6_JAK_STAT3_SIGNALING,-0.0899549982147884,0.03253247936263991,0.0,0.0821696643695544,0.0449774991073942,-0.0238062914020319,0.43150412934092397,0.5316517959920487,0.0,0.01190314570101595,-0.0661487068127565,0.03307435340637825,0.03307435340637825,LumA,Strengthened
HALLMARK_BILE_ACID_METABOLISM,HALLMARK_INFLAMMATORY_RESPONSE,-0.03091516942783895,0.46331872061812107,0.0097087378640776,0.6223305183741209,0.020311953645958274,0.0023259735652033206,0.9387466208813674,0.9583038421497292,0.0097087378640776,0.00601735571464046,-0.033241142993042275,0.014294597931317814,0.014294597931317814,LumA,Strengthened
HALLMARK_BILE_ACID_METABOLISM,HALLMARK_INTERFERON_ALPHA_RESPONSE,-0.0016238670067477453,0.9692783312600927,0.0,0.9821058360575795,0.0008119335033738727,0.049328133826774985,0.10295602729995149,0.17043396411140616,0.0,0.024664066913387492,-0.05095200083352273,-0.02385213341001362,0.02385213341001362,LumA,Weakened
HALLMARK_BILE_ACID_METABOLISM,HALLMARK_INTERFERON_GAMMA_RESPONSE,0.0003772363307369386,0.9928614641641759,0.0032154340836012,0.994524889807367,0.0017963352071690693,-0.05215433858304154,0.08466430716932265,0.1454611168056385,0.0032154340836012,0.02768488633332137,0.05253157491377848,-0.0258885511261523,0.0258885511261523,LumA,Weakened
HALLMARK_BILE_ACID_METABOLISM,HALLMARK_KRAS_SIGNALING_DN,0.0661083867346485,0.11650453341893938,0.0097087378640776,0.22983027999930258,0.03790856229936305,-0.0008490172373876133,0.977622498560343,0.9840489406215449,0.0097087378640776,0.005278877550732607,0.06695740397203612,0.03262968474863044,0.03262968474863044,LumA,Strengthened
HALLMARK_BILE_ACID_METABOLISM,HALLMARK_KRAS_SIGNALING_UP,0.04247878192754611,0.3134890441474584,0.0097087378640776,0.47351920971718436,0.026093759895811856,-0.037933307198114476,0.20995598954790662,0.30187334177956054,0.0097087378640776,0.02382102253109604,0.08041208912566059,0.002272737364715817,0.002272737364715817,LumA,Strengthened
HALLMARK_BILE_ACID_METABOLISM,HALLMARK_MITOTIC_SPINDLE,-0.039597844486974794,0.34746688809355136,0.0,0.5061200213015463,0.019798922243487397,0.013895845608770331,0.6461543493280808,0.7228271237329185,0.0,0.006947922804385166,-0.053493690095745124,0.012850999439102232,0.012850999439102232,LumA,Strengthened
HALLMARK_BILE_ACID_METABOLISM,HALLMARK_MTORC1_SIGNALING,-0.1380432065621864,0.0010027807752066504,0.0196078431372549,0.004874628768365662,0.07882552484972066,-0.11106975874355214,0.00023241092000914716,0.000945858395386064,0.0196078431372549,0.06533880094040352,-0.02697344781863427,0.013486723909317141,0.013486723909317141,LumA,Strengthened
HALLMARK_BILE_ACID_METABOLISM,HALLMARK_MYC_TARGETS_V1,-0.14786974646976736,0.0004211806048771043,0.0,0.0022629221095370735,0.07393487323488368,-0.14961193782280602,6.665635330529913e-07,4.390001763386637e-06,0.0,0.07480596891140301,0.001742191353038658,-0.000871095676519329,0.000871095676519329,LumA,Weakened
HALLMARK_BILE_ACID_METABOLISM,HALLMARK_MYC_TARGETS_V2,0.062269803109702156,0.13932931328616538,0.0,0.263392606135112,0.031134901554851078,-0.0451506291033964,0.13558351187150694,0.21151549063939976,0.0,0.0225753145516982,0.10742043221309855,0.008559587003152878,0.008559587003152878,LumA,Strengthened
HALLMARK_BILE_ACID_METABOLISM,HALLMARK_MYOGENESIS,0.0976652820654514,0.020238905224031132,0.0064516129032258,0.056863896558344354,0.0520584474843386,0.04657356396236278,0.12367587006694568,0.1959934551513693,0.0064516129032258,0.02651258843279429,0.05109171810308862,0.025545859051544308,0.025545859051544308,LumA,Strengthened
HALLMARK_BILE_ACID_METABOLISM,HALLMARK_NOTCH_SIGNALING,0.06310136074952796,0.13411410885412164,0.0,0.256302314112791,0.03155068037476398,0.017198752547454947,0.5698638757636267,0.6579483956743098,0.0,0.008599376273727474,0.045902608202073016,0.022951304101036508,0.022951304101036508,LumA,Strengthened
HALLMARK_BILE_ACID_METABOLISM,HALLMARK_OXIDATIVE_PHOSPHORYLATION,0.10970093473732351,0.009063042190119679,0.0129870129870129,0.030251298863478493,0.0613439738621682,0.06273748980517882,0.03800911811307306,0.0744978715016232,0.0129870129870129,0.03786225139609586,0.04696344493214469,0.023481722466072344,0.023481722466072344,LumA,Strengthened
HALLMARK_BILE_ACID_METABOLISM,HALLMARK_P53_PATHWAY,-0.018923472795720937,0.6535399778109818,0.0097087378640776,0.7872040047379083,0.014316105329899268,-0.023686289552618336,0.4338302680629297,0.5331801263368966,0.0097087378640776,0.016697513708347968,0.0047628167568973985,-0.0023814083784486993,0.0023814083784486993,LumA,Weakened
HALLMARK_BILE_ACID_METABOLISM,HALLMARK_PANCREAS_BETA_CELLS,0.03123465287378829,0.45870812164914837,0.0,0.6174917022200074,0.015617326436894145,0.05216109804247674,0.08462393452964793,0.1454611168056385,0.0,0.02608054902123837,-0.02092644516868845,-0.010463222584344225,0.010463222584344225,LumA,Weakened
HALLMARK_BILE_ACID_METABOLISM,HALLMARK_PEROXISOME,0.7007129692423779,1.3229271561013756e-84,0.2203389830508474,3.24117153244837e-82,0.46052597614661267,0.7135611622203031,5.991319842674463e-171,1.8348417018190544e-168,0.2203389830508474,0.46695007263557525,-0.012848192977925166,-0.006424096488962583,0.006424096488962583,LumA,Weakened
HALLMARK_BILE_ACID_METABOLISM,HALLMARK_PI3K_AKT_MTOR_SIGNALING,-0.16856238117708874,5.657563986299501e-05,0.0046296296296296,0.00040767740489511115,0.08659600540335917,-0.05047178333017218,0.09520795649711922,0.1595482171121355,0.0046296296296296,0.02755070647990089,-0.11809059784691656,0.05904529892345828,0.05904529892345828,LumA,Strengthened
HALLMARK_BILE_ACID_METABOLISM,HALLMARK_PROTEIN_SECRETION,0.2074200616487522,6.572434980058246e-07,0.0097087378640776,7.45484523201051e-06,0.10856439975641491,0.15299819413395185,3.6821344542063814e-07,2.5340532058442792e-06,0.0097087378640776,0.08135346599901473,0.054421867514800354,0.027210933757400177,0.027210933757400177,LumA,Strengthened
HALLMARK_BILE_ACID_METABOLISM,HALLMARK_REACTIVE_OXYGEN_SPECIES_PATHWAY,-0.030795698175961724,0.46504945416194343,0.0189873417721519,0.6228074673264548,0.024891519974056812,0.02780892139774484,0.3581348382200815,0.4602556041627885,0.0189873417721519,0.02339813158494837,-0.058604619573706565,0.0014933883891084417,0.0014933883891084417,LumA,Strengthened
HALLMARK_BILE_ACID_METABOLISM,HALLMARK_SPERMATOGENESIS,0.046565159303812484,0.2691641823307648,0.0,0.42600274335295457,0.023282579651906242,0.05104885790252418,0.09147932337180761,0.1541432890377776,0.0,0.02552442895126209,-0.0044836985987116995,-0.0022418492993558498,0.0022418492993558498,LumA,Weakened
HALLMARK_BILE_ACID_METABOLISM,HALLMARK_TGF_BETA_SIGNALING,0.03438992380730165,0.4145743980685459,0.006060606060606,0.5719002980436847,0.020225264933953827,-0.10600903172511464,0.0004443930197810242,0.0016397031603366107,0.006060606060606,0.05603481889286032,0.1403989555324163,-0.03580955395890649,0.03580955395890649,LumA,Weakened
HALLMARK_BILE_ACID_METABOLISM,HALLMARK_TNFA_SIGNALING_VIA_NFKB,-0.01749978531698827,0.6780864735888001,0.0032154340836012,0.8045534006759588,0.010357609700294734,-0.01510294488373999,0.6177812016905954,0.6981383506189847,0.0032154340836012,0.009159189483670595,-0.00239684043324828,0.0011984202166241392,0.0011984202166241392,LumA,Strengthened
HALLMARK_BILE_ACID_METABOLISM,HALLMARK_UNFOLDED_PROTEIN_RESPONSE,0.03164402281499805,0.4528380059185838,0.0,0.6102602389991916,0.015822011407499025,0.016187353800592164,0.5927670358016349,0.6748509468931253,0.0,0.008093676900296082,0.015456669014405885,0.007728334507202943,0.007728334507202943,LumA,Strengthened
HALLMARK_BILE_ACID_METABOLISM,HALLMARK_UV_RESPONSE_DN,0.003300180715091421,0.9376125754189164,0.0118577075098814,0.9611509664336172,0.007578944112486411,-0.022207384490280476,0.4630859273394825,0.5622202784845055,0.0118577075098814,0.017032546000080938,0.025507565205371896,-0.009453601887594528,0.009453601887594528,LumA,Weakened
HALLMARK_BILE_ACID_METABOLISM,HALLMARK_UV_RESPONSE_UP,0.08178031037103496,0.052034763669821606,0.0,0.11848064218500273,0.04089015518551748,0.052607544778878135,0.08199166572573331,0.14246778796315362,0.0,0.026303772389439067,0.029172765592156827,0.014586382796078413,0.014586382796078413,LumA,Strengthened
HALLMARK_BILE_ACID_METABOLISM,HALLMARK_WNT_BETA_CATENIN_SIGNALING,-0.026766066910411453,0.5254760914233938,0.0,0.6811727111043994,0.013383033455205726,0.030717651350524625,0.31006532818801064,0.4106270562489871,0.0,0.015358825675262313,-0.05748371826093608,-0.0019757922200565863,0.0019757922200565863,LumA,Weakened
HALLMARK_BILE_ACID_METABOLISM,HALLMARK_XENOBIOTIC_METABOLISM,0.017440934463253798,0.6791087479991359,0.04,0.8045534006759588,0.028720467231626898,0.04511554415846093,0.13588791112914908,0.21151549063939976,0.04,0.04255777207923046,-0.027674609695207134,-0.013837304847603565,0.013837304847603565,LumA,Weakened
HALLMARK_CHOLESTEROL_HOMEOSTASIS,HALLMARK_COAGULATION,-0.10477561077610885,0.012708537170562079,0.0143540669856459,0.03972837912197976,0.05956483888087737,-0.096426840459959,0.001407153030225786,0.004454166568544154,0.0143540669856459,0.05539045372280245,-0.008348770316149848,0.004174385158074924,0.004174385158074924,LumA,Strengthened
HALLMARK_CHOLESTEROL_HOMEOSTASIS,HALLMARK_COMPLEMENT,-0.013449071968585573,0.7497361894467802,0.0223880597014925,0.8496085403074058,0.017918565835039035,-0.029328934998817353,0.3324585312114427,0.4351086546303604,0.0223880597014925,0.025858497350154927,0.01587986303023178,-0.007939931515115892,0.007939931515115892,LumA,Weakened
HALLMARK_CHOLESTEROL_HOMEOSTASIS,HALLMARK_DNA_REPAIR,0.21511700197965727,2.436622690029359e-07,0.0,3.0457783625366985e-06,0.10755850098982864,0.19107892853923608,1.870249937511079e-10,2.1819582604295924e-09,0.0,0.09553946426961804,0.024038073440421193,0.012019036720210596,0.012019036720210596,LumA,Strengthened
HALLMARK_CHOLESTEROL_HOMEOSTASIS,HALLMARK_E2F_TARGETS,-0.10156264567097863,0.015734449732381046,0.0,0.04669652102184538,0.05078132283548931,-0.09959236480605553,0.0009719522405431573,0.0032831541100322706,0.0,0.049796182403027765,-0.0019702808649230963,0.0009851404324615481,0.0009851404324615481,LumA,Strengthened
HALLMARK_CHOLESTEROL_HOMEOSTASIS,HALLMARK_EPITHELIAL_MESENCHYMAL_TRANSITION,0.13151168673024902,0.0017321207728006323,0.0073529411764705,0.007772336801028478,0.06943231395335976,0.1227403014773136,4.6917083302552375e-05,0.0002253859884142222,0.0073529411764705,0.06504662132689205,0.008771385252935415,0.004385692626467708,0.004385692626467708,LumA,Strengthened
HALLMARK_CHOLESTEROL_HOMEOSTASIS,HALLMARK_ESTROGEN_RESPONSE_EARLY,-0.1338895266100325,0.001423502163112507,0.0148148148148148,0.006555602066965493,0.07435217071242366,-0.08421561322423134,0.005315643986025721,0.014064068861515138,0.0148148148148148,0.049515214019523066,-0.04967391338580117,0.02483695669290059,0.02483695669290059,LumA,Strengthened
HALLMARK_CHOLESTEROL_HOMEOSTASIS,HALLMARK_ESTROGEN_RESPONSE_LATE,0.10783435458613036,0.01031758186328201,0.0185873605947955,0.03340742693948621,0.06321085759046294,0.042827754639128,0.15689650917213493,0.23875555743585752,0.0185873605947955,0.030707557616961752,0.06500659994700236,0.03250329997350118,0.03250329997350118,LumA,Strengthened
HALLMARK_CHOLESTEROL_HOMEOSTASIS,HALLMARK_FATTY_ACID_METABOLISM,0.04539678348328224,0.2813753393581251,0.0311111111111111,0.43797305046213875,0.03825394729719667,0.10295112117335176,0.0006487958290712197,0.002290417552196669,0.0311111111111111,0.06703111614223142,-0.05755433769006952,-0.028777168845034756,0.028777168845034756,LumA,Weakened
HALLMARK_CHOLESTEROL_HOMEOSTASIS,HALLMARK_G2M_CHECKPOINT,0.1304876948796551,0.0018830282641829172,0.0073529411764705,0.00826777642876012,0.0689203180280628,0.10351802452684802,0.0006052955587082973,0.002153719350700043,0.0073529411764705,0.055435482851659265,0.026969670352807062,0.013484835176403531,0.013484835176403531,LumA,Strengthened
HALLMARK_CHOLESTEROL_HOMEOSTASIS,HALLMARK_GLYCOLYSIS,-0.1185896055087722,0.004764097267975493,0.011070110701107,0.017956982010061472,0.0648298581049396,-0.1346581044008552,7.85182312931736e-06,4.352254901997179e-05,0.011070110701107,0.0728641075509811,0.016068498892083005,-0.008034249446041503,0.008034249446041503,LumA,Weakened
HALLMARK_CHOLESTEROL_HOMEOSTASIS,HALLMARK_HEDGEHOG_SIGNALING,0.034975057038490166,0.4066742894205938,0.0,0.5654665204769892,0.017487528519245083,0.0009766027524368383,0.9742608230616143,0.9822794306588293,0.0,0.0004883013762184192,0.03399845428605333,0.016999227143026666,0.016999227143026666,LumA,Strengthened
HALLMARK_CHOLESTEROL_HOMEOSTASIS,HALLMARK_HEME_METABOLISM,0.10012768452260248,0.017278724515563507,0.0,0.05003885941268392,0.05006384226130124,0.09607293934704726,0.0014656221301363485,0.0046035566908128895,0.0,0.04803646967352363,0.004054745175555222,0.002027372587777611,0.002027372587777611,LumA,Strengthened
HALLMARK_CHOLESTEROL_HOMEOSTASIS,HALLMARK_HYPOXIA,-0.20674757527257404,7.155076030191758e-07,0.0262172284644194,7.89636769097739e-06,0.11648240186849672,-0.16793316459554172,2.298570897414806e-08,1.9553814925924565e-07,0.0262172284644194,0.09707519652998056,-0.03881441067703231,0.019407205338516156,0.019407205338516156,LumA,Strengthened
HALLMARK_CHOLESTEROL_HOMEOSTASIS,HALLMARK_IL2_STAT5_SIGNALING,0.19764893022415125,2.196609451010703e-06,0.0111111111111111,2.170037562490412e-05,0.10438002066763118,0.17361351490534904,7.480537370668052e-09,6.838550954528631e-08,0.0111111111111111,0.09236231300823007,0.02403541531880221,0.012017707659401106,0.012017707659401106,LumA,Strengthened
HALLMARK_CHOLESTEROL_HOMEOSTASIS,HALLMARK_IL6_JAK_STAT3_SIGNALING,-0.2072337965853303,6.729080840420446e-07,0.0125786163522012,7.494087386060012e-06,0.10990620646876575,-0.20282693984433542,1.2748020995559582e-11,1.7745824681318736e-10,0.0125786163522012,0.10770277809826831,-0.004406856740994891,0.0022034283704974456,0.0022034283704974456,LumA,Strengthened
HALLMARK_CHOLESTEROL_HOMEOSTASIS,HALLMARK_INFLAMMATORY_RESPONSE,-0.11295839546039946,0.0071956593338818355,0.0073529411764705,0.025256970441275787,0.06015566831843498,-0.006048980032906413,0.8416001039586521,0.8848406071970328,0.0073529411764705,0.006700960604688456,-0.10690941542749305,0.053454707713746524,0.053454707713746524,LumA,Strengthened
HALLMARK_CHOLESTEROL_HOMEOSTASIS,HALLMARK_INTERFERON_ALPHA_RESPONSE,-0.09363529895405368,0.026037756053175626,0.0058823529411764,0.06964246979288241,0.049758825947615035,2.241706149279021e-05,0.9994090774030258,0.9994090774030258,0.0058823529411764,0.0029523850013345953,-0.09365771601554647,0.04680644094628044,0.04680644094628044,LumA,Strengthened
HALLMARK_CHOLESTEROL_HOMEOSTASIS,HALLMARK_INTERFERON_GAMMA_RESPONSE,0.08510982271901825,0.04315285602843342,0.0036630036630036,0.10194421691363599,0.04438641319101092,-0.009388069715179075,0.7564327803394842,0.8120261192435244,0.0036630036630036,0.006525536689091337,0.09449789243419732,0.037860876501919584,0.037860876501919584,LumA,Strengthened
HALLMARK_CHOLESTEROL_HOMEOSTASIS,HALLMARK_KRAS_SIGNALING_DN,0.006832047407116824,0.8712758076728161,0.0,0.924881164990641,0.003416023703558412,0.08850142455872723,0.0033934640369007365,0.009689961410730542,0.0,0.04425071227936361,-0.0816693771516104,-0.0408346885758052,0.0408346885758052,LumA,Weakened
HALLMARK_CHOLESTEROL_HOMEOSTASIS,HALLMARK_KRAS_SIGNALING_UP,-0.11286100372363728,0.007246068590259739,0.0073529411764705,0.025361240065909087,0.06010697245005389,-0.10584612266343048,0.0004535566850489872,0.0016684893068618898,0.0073529411764705,0.056599531919950485,-0.0070148810602067985,0.003507440530103406,0.003507440530103406,LumA,Strengthened
HALLMARK_CHOLESTEROL_HOMEOSTASIS,HALLMARK_MITOTIC_SPINDLE,-0.08355066240611657,0.04713888650418336,0.0,0.10936578781747086,0.041775331203058284,-0.03168024013843288,0.29514105367156024,0.3938429093111779,0.0,0.01584012006921644,-0.05187042226768369,0.025935211133841844,0.025935211133841844,LumA,Strengthened
HALLMARK_CHOLESTEROL_HOMEOSTASIS,HALLMARK_MTORC1_SIGNALING,0.44720563011806236,3.925395611731901e-29,0.0745098039215686,2.8285938966891642e-27,0.26085771701981547,0.3953208938249793,3.078568475191394e-42,1.7958316105283131e-40,0.0745098039215686,0.23491534887327395,0.051884736293083045,0.025942368146541522,0.025942368146541522,LumA,Strengthened
HALLMARK_CHOLESTEROL_HOMEOSTASIS,HALLMARK_MYC_TARGETS_V1,-0.26555802027971903,1.4196034052248407e-10,0.0,3.1618439480007817e-09,0.13277901013985952,-0.20916997667043835,2.7889696014100487e-12,4.270609702159137e-11,0.0,0.10458498833521918,-0.05638804360928068,0.02819402180464034,0.02819402180464034,LumA,Strengthened
HALLMARK_CHOLESTEROL_HOMEOSTASIS,HALLMARK_MYC_TARGETS_V2,0.19480586137134276,3.0862810403797764e-06,0.0076335877862595,2.93261252907495e-05,0.10121972457880113,0.07696736729085608,0.010877325251300996,0.026024850454772888,0.0076335877862595,0.04230047753855779,0.11783849408048667,0.05891924704024334,0.05891924704024334,LumA,Strengthened
HALLMARK_CHOLESTEROL_HOMEOSTASIS,HALLMARK_MYOGENESIS,-0.023569140797374374,0.5761146089842089,0.011070110701107,0.7216159468360489,0.01731962574924069,0.03476863844163245,0.25054411766153084,0.3467983549552263,0.011070110701107,0.022919374571369725,-0.05833777923900682,-0.005599748822129037,0.005599748822129037,LumA,Weakened
HALLMARK_CHOLESTEROL_HOMEOSTASIS,HALLMARK_NOTCH_SIGNALING,0.07110588514682908,0.09130333876716402,0.0095238095238095,0.18861145023570985,0.040314847335319294,-0.008204945749544711,0.7863307326052835,0.8361589821540558,0.0095238095238095,0.008864377636677107,0.0793108308963738,0.03145046969864219,0.03145046969864219,LumA,Strengthened
HALLMARK_CHOLESTEROL_HOMEOSTASIS,HALLMARK_OXIDATIVE_PHOSPHORYLATION,-0.19864501743929283,1.9476129953960705e-06,0.0036630036630036,1.955595015869005e-05,0.10115401055114821,-0.14637534131189453,1.1612447977272705e-06,7.486973037978454e-06,0.0036630036630036,0.07501917248744906,-0.0522696761273983,0.02613483806369915,0.02613483806369915,LumA,Strengthened
HALLMARK_CHOLESTEROL_HOMEOSTASIS,HALLMARK_P53_PATHWAY,0.05715728964616781,0.1748721907263602,0.0073529411764705,0.3122717691542146,0.03225511541131915,0.0960119782392847,0.0014759166048577044,0.004612239390180326,0.0073529411764705,0.051682459707877604,-0.038854688593116894,-0.01942734429655845,0.01942734429655845,LumA,Weakened
HALLMARK_CHOLESTEROL_HOMEOSTASIS,HALLMARK_PANCREAS_BETA_CELLS,0.04762214026399865,0.25843421662609134,0.0,0.41383256910713967,0.023811070131999325,0.020122442855401684,0.5061338100580097,0.6025402500690592,0.0,0.010061221427700842,0.027499697408596965,0.013749848704298483,0.013749848704298483,LumA,Strengthened
HALLMARK_CHOLESTEROL_HOMEOSTASIS,HALLMARK_PEROXISOME,-0.0976672476782687,0.020236376384046014,0.0171428571428571,0.056863896558344354,0.0574050524105629,-0.13117309392738852,1.3459564768401678e-05,7.168681235344371e-05,0.0171428571428571,0.07415797553512281,0.033505846249119814,-0.016752923124559907,0.016752923124559907,LumA,Weakened
HALLMARK_CHOLESTEROL_HOMEOSTASIS,HALLMARK_PI3K_AKT_MTOR_SIGNALING,-0.09217281367979335,0.028470905542283254,0.0056179775280898,0.07468278220406206,0.04889539560394158,-0.04704905295292489,0.11988385561512652,0.19097233176661896,0.0056179775280898,0.026333515240507345,-0.04512376072686846,0.022561880363434234,0.022561880363434234,LumA,Strengthened
HALLMARK_CHOLESTEROL_HOMEOSTASIS,HALLMARK_PROTEIN_SECRETION,-0.16035402834422297,0.00012922625809150192,0.0,0.0008288071526810986,0.08017701417211148,-0.13792839456255698,4.6774176932778395e-06,2.76983056221598e-05,0.0,0.06896419728127849,-0.022425633781665982,0.011212816890832991,0.011212816890832991,LumA,Strengthened
HALLMARK_CHOLESTEROL_HOMEOSTASIS,HALLMARK_REACTIVE_OXYGEN_SPECIES_PATHWAY,-0.01788949616761355,0.6713319471077528,0.0,0.7984287720456283,0.008944748083806775,0.010253628189920112,0.7347853944067698,0.7944502278449188,0.0,0.005126814094960056,-0.02814312435753366,0.003817933988846719,0.003817933988846719,LumA,Strengthened
HALLMARK_CHOLESTEROL_HOMEOSTASIS,HALLMARK_SPERMATOGENESIS,-0.029205287933261038,0.4884274458775238,0.0,0.6426676919441102,0.014602643966630519,-0.050298725362450336,0.09634952144029772,0.16080131303046963,0.0,0.025149362681225168,0.0210934374291893,-0.01054671871459465,0.01054671871459465,LumA,Weakened
HALLMARK_CHOLESTEROL_HOMEOSTASIS,HALLMARK_TGF_BETA_SIGNALING,-0.08975679225945976,0.03291844250079334,0.0078740157480314,0.08297344045981861,0.04881540400374558,-0.034171614155481735,0.25877688094930895,0.3546223455865695,0.0078740157480314,0.021022814951756567,-0.05558517810397803,0.027792589051989013,0.027792589051989013,LumA,Strengthened
HALLMARK_CHOLESTEROL_HOMEOSTASIS,HALLMARK_TNFA_SIGNALING_VIA_NFKB,0.23771552146482142,1.0645220029628768e-08,0.0223880597014925,1.7158413863546369e-07,0.13005179058315697,0.20926392378184638,2.725887769089176e-12,4.226851287511697e-11,0.0223880597014925,0.11582599174166944,0.028451597682975033,0.01422579884148753,0.01422579884148753,LumA,Strengthened
HALLMARK_CHOLESTEROL_HOMEOSTASIS,HALLMARK_UNFOLDED_PROTEIN_RESPONSE,-0.13442031923050818,0.0013619093143586905,0.0053763440860215,0.006295618528639229,0.06989833165826484,-0.08604534476298238,0.004398976027628941,0.0121095407502145,0.0053763440860215,0.04571084442450194,-0.0483749744675258,0.0241874872337629,0.0241874872337629,LumA,Strengthened
HALLMARK_CHOLESTEROL_HOMEOSTASIS,HALLMARK_UV_RESPONSE_DN,-0.01410484216764072,0.7379702915477571,0.0092592592592592,0.8464546883389535,0.01168205071344996,-0.08156212909687964,0.006951973708504014,0.01777905593510943,0.0092592592592592,0.04541069417806942,0.06745728692923891,-0.033728643464619464,0.033728643464619464,LumA,Weakened
HALLMARK_CHOLESTEROL_HOMEOSTASIS,HALLMARK_UV_RESPONSE_UP,-0.15341608792730987,0.0002519464938270449,0.008695652173913,0.001462722535251801,0.08105587005061143,-0.13574734689287618,6.616295857003888e-06,3.769749965037099e-05,0.008695652173913,0.07222149953339459,-0.017668741034433694,0.008834370517216847,0.008834370517216847,LumA,Strengthened
HALLMARK_CHOLESTEROL_HOMEOSTASIS,HALLMARK_WNT_BETA_CATENIN_SIGNALING,-0.06899968559413533,0.10133313491031166,0.0265486725663716,0.20517866159525916,0.047774179080253464,-0.01916201630480618,0.526648675560369,0.6185143454642337,0.0265486725663716,0.02285534443558889,-0.049837669289329145,0.024918834644664573,0.024918834644664573,LumA,Strengthened
HALLMARK_CHOLESTEROL_HOMEOSTASIS,HALLMARK_XENOBIOTIC_METABOLISM,-0.006063102565996307,0.8856580446364087,0.0073529411764705,0.932872832914532,0.006708021871233403,-0.04862378537912394,0.10797179021685803,0.17711345210964982,0.0073529411764705,0.02798836327779722,0.04256068281312764,-0.02128034140656382,0.02128034140656382,LumA,Weakened
HALLMARK_COAGULATION,HALLMARK_COMPLEMENT,0.3353684406313452,2.560678187757269e-16,0.2028469750889679,1.1202967071438052e-14,0.26910770786015653,0.4011585551082169,1.484888240626545e-43,1.0105489415375099e-41,0.2028469750889679,0.3020027650985924,-0.06579011447687172,-0.03289505723843589,0.03289505723843589,LumA,Weakened
HALLMARK_COAGULATION,HALLMARK_DNA_REPAIR,0.01886424739195386,0.6545539236020942,0.0034843205574912,0.7872596980945301,0.011174283974722529,0.04207219422629247,0.16434950580826557,0.24713129616133486,0.0034843205574912,0.022778257391891835,-0.023207946834338612,-0.011603973417169306,0.011603973417169306,LumA,Weakened
HALLMARK_COAGULATION,HALLMARK_E2F_TARGETS,-0.013104741752714826,0.7559377310865992,0.0,0.8550542202964765,0.006552370876357413,-0.07012738617002455,0.020356299570849522,0.04484348150290298,0.0,0.035063693085012275,0.057022644417309726,-0.028511322208654863,0.028511322208654863,LumA,Weakened
HALLMARK_COAGULATION,HALLMARK_EPITHELIAL_MESENCHYMAL_TRANSITION,0.46300391675939956,2.2993776784702473e-31,0.05625,2.0119554686614663e-29,0.2596269583796998,0.5450968785731815,1.0936305949267084e-85,1.3396974787852175e-83,0.05625,0.30067343928659074,-0.0820929618137819,-0.04104648090689095,0.04104648090689095,LumA,Weakened
HALLMARK_COAGULATION,HALLMARK_ESTROGEN_RESPONSE_EARLY,0.032084563256371816,0.4465684609159433,0.0029673590504451,0.6031392473027044,0.01752596115340846,0.04861947625345953,0.10800306018441504,0.17711345210964982,0.0029673590504451,0.025793417651952318,-0.016534912997087717,-0.008267456498543858,0.008267456498543858,LumA,Weakened
HALLMARK_COAGULATION,HALLMARK_ESTROGEN_RESPONSE_LATE,-0.05013821458164145,0.2340932235873517,0.0180722891566265,0.3833745974525479,0.034105251869133976,0.016973893256764086,0.5749192350186122,0.6619135929490602,0.0180722891566265,0.01752309120669529,-0.06711210783840554,0.016582160662438686,0.016582160662438686,LumA,Strengthened
HALLMARK_COAGULATION,HALLMARK_FATTY_ACID_METABOLISM,0.06098896293580077,0.1476650013712017,0.0033898305084745,0.27616736897667493,0.032189396722137636,0.039104490148098775,0.19621070856244752,0.28580037810820236,0.0033898305084745,0.02124716032828664,0.021884472787701996,0.010942236393850998,0.010942236393850998,LumA,Strengthened
HALLMARK_COAGULATION,HALLMARK_G2M_CHECKPOINT,0.09093128540027286,0.030687308581197316,0.0,0.07880912581125096,0.04546564270013643,0.07612432914279965,0.01178089957132994,0.02796822088154879,0.0,0.038062164571399826,0.014806956257473206,0.007403478128736603,0.007403478128736603,LumA,Strengthened
HALLMARK_COAGULATION,HALLMARK_GLYCOLYSIS,-0.04327567011702681,0.3044892447743206,0.0059523809523809,0.463929508518088,0.024614025534703855,-0.09077632990619602,0.002653520951177347,0.007721052648912707,0.0059523809523809,0.048364355429288464,0.04750065978916922,-0.02375032989458461,0.02375032989458461,LumA,Weakened
HALLMARK_COAGULATION,HALLMARK_HEDGEHOG_SIGNALING,-0.005399395508652067,0.8981023871496088,0.0057803468208092,0.9380854315117969,0.005589871164730633,-0.03649946389019177,0.22771491528244864,0.3213718562453913,0.0057803468208092,0.021139905355500484,0.031100068381539704,-0.01555003419076985,0.01555003419076985,LumA,Weakened
HALLMARK_COAGULATION,HALLMARK_HEME_METABOLISM,-0.05562879678076064,0.186709648680935,0.0119760479041916,0.32544345788893,0.033802422342476116,-0.04909702035787475,0.10458100809156524,0.1726573246794709,0.0119760479041916,0.030536534131033174,-0.006531776422885889,0.003265888211442941,0.003265888211442941,LumA,Strengthened
HALLMARK_COAGULATION,HALLMARK_HYPOXIA,0.038034082699508205,0.36685281926343377,0.015015015015015,0.5274585722977774,0.026524548857261604,0.01644380852992801,0.5869198515798546,0.6706873303967555,0.015015015015015,0.015729411772471502,0.021590274169580197,0.010795137084790102,0.010795137084790102,LumA,Strengthened
HALLMARK_COAGULATION,HALLMARK_IL2_STAT5_SIGNALING,0.04301739054598265,0.30738724195895817,0.0150602409638554,0.46630593634693057,0.029038815754919026,0.04609297617671318,0.12760289908482939,0.20091716115541902,0.0150602409638554,0.03057660857028429,-0.003075585630730529,-0.0015377928153652645,0.0015377928153652645,LumA,Weakened
HALLMARK_COAGULATION,HALLMARK_IL6_JAK_STAT3_SIGNALING,-0.08625375786107553,0.04041239804929284,0.0180995475113122,0.09687903641953764,0.05217665268619387,-0.11564219367129283,0.0001263646337751306,0.0005528452727661963,0.0180995475113122,0.06687087059130252,0.0293884358102173,-0.01469421790510865,0.01469421790510865,LumA,Weakened
HALLMARK_COAGULATION,HALLMARK_INFLAMMATORY_RESPONSE,0.06932402799166126,0.09973393953907281,0.0273556231003039,0.20297652375634506,0.04833982554598258,0.11007151991696917,0.00026468495921845575,0.0010493173949598974,0.0273556231003039,0.06871357150863654,-0.04074749192530791,-0.020373745962653955,0.020373745962653955,LumA,Weakened
HALLMARK_COAGULATION,HALLMARK_INTERFERON_ALPHA_RESPONSE,-0.011406223647682177,0.7867516165920396,0.0042735042735042,0.8737721943111953,0.007839863960593189,-0.0032960121745419417,0.9132869776097234,0.9393589820083218,0.0042735042735042,0.003784758224023071,-0.008110211473140234,0.004055105736570118,0.004055105736570118,LumA,Strengthened
HALLMARK_COAGULATION,HALLMARK_INTERFERON_GAMMA_RESPONSE,0.004601193476501271,0.9131013757585803,0.015015015015015,0.9462796975246638,0.009808104245758134,0.0017741915599263044,0.9532583357159444,0.9687497274181275,0.015015015015015,0.008394603287470652,0.002827001916574966,0.0014135009582874822,0.0014135009582874822,LumA,Strengthened
HALLMARK_COAGULATION,HALLMARK_KRAS_SIGNALING_DN,0.1310567259369979,0.0017977447423152787,0.008955223880597,0.008008135670313514,0.07000597490879745,0.08452171786755364,0.005151195520037118,0.01368810089380796,0.008955223880597,0.046738470874075316,0.04653500806944427,0.023267504034722136,0.023267504034722136,LumA,Strengthened
HALLMARK_COAGULATION,HALLMARK_KRAS_SIGNALING_UP,0.2768035428499688,2.1383502302960667e-11,0.0304878048780487,5.898691429113433e-10,0.15364567386400874,0.23756776736859506,1.6791544279417255e-15,3.5464899555665755e-14,0.0304878048780487,0.1340277861233219,0.03923577548137372,0.019617887740686846,0.019617887740686846,LumA,Strengthened
HALLMARK_COAGULATION,HALLMARK_MITOTIC_SPINDLE,-0.13206284122530054,0.001655567200683524,0.0029761904761904,0.007483652475414454,0.06751951585074548,-0.06778473566173286,0.0249586838521873,0.05298854024077893,0.0029761904761904,0.03538046306896163,-0.06427810556356768,0.03213905278178385,0.03213905278178385,LumA,Strengthened
HALLMARK_COAGULATION,HALLMARK_MTORC1_SIGNALING,-0.014894015892371236,0.7238918299459058,0.008955223880597,0.8349976381202775,0.011924619886484118,0.04142093040318931,0.17098476967975634,0.25605909884804584,0.008955223880597,0.025188077141893153,-0.056314946295560546,-0.013263457255409035,0.013263457255409035,LumA,Weakened
HALLMARK_COAGULATION,HALLMARK_MYC_TARGETS_V1,-0.0430761103004529,0.3067267892165657,0.0,0.46617905308969354,0.02153805515022645,-0.042506836847652114,0.1600302310947038,0.2417226055376229,0.0,0.021253418423826057,-0.0005692734528007851,0.00028463672640039253,0.00028463672640039253,LumA,Strengthened
HALLMARK_COAGULATION,HALLMARK_MYC_TARGETS_V2,0.04484340097455344,0.2872878423457708,0.0,0.4440028943459359,0.02242170048727672,0.02581030011222286,0.3937374302406239,0.49469574568693775,0.0,0.01290515005611143,0.019033100862330583,0.009516550431165291,0.009516550431165291,LumA,Strengthened
HALLMARK_COAGULATION,HALLMARK_MYOGENESIS,-0.14325442718157613,0.000637333306448161,0.015015015015015,0.0032530554183291555,0.07913472109829557,-0.05177163751971961,0.08697558701117125,0.1479670790585236,0.015015015015015,0.0333933262673673,-0.09148278966185652,0.04574139483092827,0.04574139483092827,LumA,Strengthened
HALLMARK_COAGULATION,HALLMARK_NOTCH_SIGNALING,-0.04053042627007923,0.33622100815408196,0.0,0.49396298266681093,0.020265213135039616,-0.12312829680136206,4.437345004478202e-05,0.00021570427105102371,0.0,0.06156414840068103,0.08259787053128283,-0.041298935265641414,0.041298935265641414,LumA,Weakened
HALLMARK_COAGULATION,HALLMARK_OXIDATIVE_PHOSPHORYLATION,-0.007609054375161457,0.8567857879053669,0.0029673590504451,0.9158486825340963,0.005288206712803278,-0.021301213289898917,0.48154093276997284,0.5788887562740106,0.0029673590504451,0.012134286170172008,0.013692158914737459,-0.006846079457368729,0.006846079457368729,LumA,Weakened
HALLMARK_COAGULATION,HALLMARK_P53_PATHWAY,0.04622688524142884,0.2726617002166823,0.0059523809523809,0.4287683989286724,0.026089633096904867,0.02860017440939822,0.3446170922030859,0.4467258602632595,0.0059523809523809,0.01727627768088956,0.01762671083203062,0.008813355416015307,0.008813355416015307,LumA,Strengthened
HALLMARK_COAGULATION,HALLMARK_PANCREAS_BETA_CELLS,0.033190467308497756,0.4310488247335407,0.0056497175141242,0.588012038194418,0.019420092411310978,0.04080415891737132,0.1774514297784905,0.26253381821093097,0.0056497175141242,0.02322693821574776,-0.0076136916088735615,-0.0038068458044367808,0.0038068458044367808,LumA,Weakened
HALLMARK_COAGULATION,HALLMARK_PEROXISOME,-0.07811105548119954,0.06353880054746396,0.0,0.14049644525386887,0.03905552774059977,-0.11537428967670754,0.00013103911648491327,0.0005712559348541593,0.0,0.05768714483835377,0.037263234195508005,-0.018631617097754002,0.018631617097754002,LumA,Weakened
HALLMARK_COAGULATION,HALLMARK_PI3K_AKT_MTOR_SIGNALING,-0.03219649590197841,0.4449833787775552,0.0041322314049586,0.6025674798643467,0.018164363653468504,-0.031220936276474473,0.3022012469906701,0.40195062710485435,0.0041322314049586,0.017676583840716537,-0.0009755596255039342,0.0004877798127519671,0.0004877798127519671,LumA,Strengthened
HALLMARK_COAGULATION,HALLMARK_PROTEIN_SECRETION,-0.11782464183565,0.005043675738977817,0.0042918454935622,0.01877964370895996,0.0610582436646061,-0.15710958784104267,1.7601639291817246e-07,1.2758584693772858e-06,0.0042918454935622,0.08070071666730244,0.039284946005392674,-0.019642473002696344,0.019642473002696344,LumA,Weakened
HALLMARK_COAGULATION,HALLMARK_REACTIVE_OXYGEN_SPECIES_PATHWAY,0.10854430902626135,0.009823316451403222,0.0,0.03208950040791719,0.05427215451313067,0.10993235044965084,0.0002695041680077727,0.0010649761477726503,0.0,0.05496617522482542,-0.0013880414233894967,-0.0006940207116947483,0.0006940207116947483,LumA,Weakened
HALLMARK_COAGULATION,HALLMARK_SPERMATOGENESIS,0.023185811921772378,0.5823373040388506,0.0,0.7271796100383201,0.011592905960886189,0.029112386642371563,0.33604215969938495,0.438861029458152,0.0,0.014556193321185781,-0.005926574720599185,-0.0029632873602995925,0.0029632873602995925,LumA,Weakened
HALLMARK_COAGULATION,HALLMARK_TGF_BETA_SIGNALING,0.06390653943390065,0.12920909124393667,0.0212765957446808,0.24847902162295513,0.042591567589290724,0.08086872520395869,0.007448141408530805,0.018968759304470346,0.0212765957446808,0.05107266047431974,-0.016962185770058036,-0.008481092885029018,0.008481092885029018,LumA,Weakened
HALLMARK_COAGULATION,HALLMARK_TNFA_SIGNALING_VIA_NFKB,-0.009545815370942476,0.8208871444561384,0.0211480362537764,0.8922686352784113,0.015346925812359438,-0.0517530388181843,0.08708919510301674,0.1479670790585236,0.0211480362537764,0.03645053753598035,0.04220722344724182,-0.02110361172362091,0.02110361172362091,LumA,Weakened
HALLMARK_COAGULATION,HALLMARK_UNFOLDED_PROTEIN_RESPONSE,0.08512322970928915,0.043119852625299354,0.0,0.10194421691363599,0.042561614854644575,0.06593227108700328,0.02921049121373651,0.06014972929214236,0.0,0.03296613554350164,0.01919095862228587,0.009595479311142935,0.009595479311142935,LumA,Strengthened
HALLMARK_COAGULATION,HALLMARK_UV_RESPONSE_DN,-0.08496343678226523,0.043514595267772946,0.014388489208633,0.10251034462119589,0.049675962995449116,-0.10350105020686846,0.0006065576946869508,0.002153719350700043,0.014388489208633,0.058944769707750734,0.018537613424603236,-0.009268806712301618,0.009268806712301618,LumA,Weakened
HALLMARK_COAGULATION,HALLMARK_UV_RESPONSE_UP,-0.1068395780729685,0.01104724817186217,0.0102389078498293,0.0354263848443224,0.058539242961398896,-0.0763458623107332,0.011537237661289971,0.027442943951612068,0.0102389078498293,0.04329238508028125,-0.030493715762235293,0.015246857881117647,0.015246857881117647,LumA,Strengthened
HALLMARK_COAGULATION,HALLMARK_WNT_BETA_CATENIN_SIGNALING,-0.003950395202997493,0.9253536404333969,0.0,0.9533710761403794,0.0019751976014987464,0.006143728115576915,0.8391525891797139,0.8831287987501285,0.0,0.0030718640577884573,-0.010094123318574406,-0.001096666456289711,0.001096666456289711,LumA,Weakened
HALLMARK_COAGULATION,HALLMARK_XENOBIOTIC_METABOLISM,-0.08472139144838993,0.0441183249913512,0.0336391437308868,0.10353438336092954,0.05918026758963836,-0.04305381784841523,0.15471707497731557,0.23602542571259225,0.0336391437308868,0.038346480789651013,-0.0416675735999747,0.020833786799987347,0.020833786799987347,LumA,Strengthened
HALLMARK_COMPLEMENT,HALLMARK_DNA_REPAIR,0.043603070135970146,0.3008417724727187,0.0028653295128939,0.4595151761584544,0.023234199824432023,0.016478114624475286,0.5861396980084788,0.6704212232123122,0.0028653295128939,0.009671722068684593,0.02712495551149486,0.01356247775574743,0.01356247775574743,LumA,Strengthened
HALLMARK_COMPLEMENT,HALLMARK_E2F_TARGETS,-0.019267337188828112,0.6476656262668398,0.0,0.7832086793453886,0.009633668594414056,-0.010532237930039576,0.7278610309842622,0.7897517829545804,0.0,0.005266118965019788,-0.008735099258788535,0.004367549629394268,0.004367549629394268,LumA,Strengthened
HALLMARK_COMPLEMENT,HALLMARK_EPITHELIAL_MESENCHYMAL_TRANSITION,0.04151873648881141,0.3245610490466245,0.0309278350515463,0.4846243395168231,0.03622328577017885,0.007764646428759832,0.797540723546787,0.8473437869425967,0.0309278350515463,0.019346240740153064,0.033754090060051575,0.016877045030025788,0.016877045030025788,LumA,Strengthened
HALLMARK_COMPLEMENT,HALLMARK_ESTROGEN_RESPONSE_EARLY,-0.011681398287194014,0.7817354217692604,0.0050251256281407,0.8711177005306437,0.008353261957667358,-0.04637380623245973,0.12529655590595104,0.1980493948190839,0.0050251256281407,0.025699465930300213,0.034692407945265714,-0.017346203972632854,0.017346203972632854,LumA,Weakened
HALLMARK_COMPLEMENT,HALLMARK_ESTROGEN_RESPONSE_LATE,0.055052747941102265,0.19132076226674602,0.015228426395939,0.3291684463156796,0.03514058716852063,0.0344414790565154,0.2550326347340185,0.35063409377011523,0.015228426395939,0.0248349527262272,0.020611268884586864,0.010305634442293429,0.010305634442293429,LumA,Strengthened
HALLMARK_COMPLEMENT,HALLMARK_FATTY_ACID_METABOLISM,0.007390754621444632,0.860852110381264,0.0112994350282485,0.9185869762768603,0.009345094824846566,-0.021755451940343264,0.4722403564274348,0.5699452577572488,0.0112994350282485,0.016527443484295884,0.029146206561787895,-0.007182348659449318,0.007182348659449318,LumA,Weakened
HALLMARK_COMPLEMENT,HALLMARK_G2M_CHECKPOINT,0.01718303045955322,0.6835956186385744,0.0,0.8067482011871423,0.00859151522977661,0.024616342133391096,0.41599191803394847,0.5165371319138492,0.0,0.012308171066695548,-0.007433311673837876,-0.003716655836918938,0.003716655836918938,LumA,Weakened
HALLMARK_COMPLEMENT,HALLMARK_GLYCOLYSIS,0.05287248614123488,0.2095298785582594,0.0126582278481012,0.35305928642897905,0.03276535699466804,0.1612190895997082,8.256016323633295e-08,6.242975306451103e-07,0.0126582278481012,0.0869386587239047,-0.10834660345847333,-0.054173301729236664,0.054173301729236664,LumA,Weakened
HALLMARK_COMPLEMENT,HALLMARK_HEDGEHOG_SIGNALING,-0.05922401410004285,0.15976709616618404,0.0085470085470085,0.2922435655086689,0.03388551132352567,0.0038204212991249696,0.899558571771481,0.9283565715417559,0.0085470085470085,0.006183714923066734,-0.06304443539916782,0.027701796400458938,0.027701796400458938,LumA,Strengthened
HALLMARK_COMPLEMENT,HALLMARK_HEME_METABOLISM,0.11840992930569343,0.004828477964146181,0.0126582278481012,0.018088334880975755,0.06553407857689732,0.0875607305874763,0.003750870242390776,0.010587133748683643,0.0126582278481012,0.050109479217788744,0.030849198718217133,0.015424599359108573,0.015424599359108573,LumA,Strengthened
HALLMARK_COMPLEMENT,HALLMARK_HYPOXIA,-0.027331784394330712,0.5167576702972774,0.0282776349614395,0.6720044013950793,0.027804709677885106,-0.08455568851113011,0.005133231461826685,0.013670018566821063,0.0282776349614395,0.056416661736284804,0.0572239041167994,-0.028611952058399698,0.028611952058399698,LumA,Weakened
HALLMARK_COMPLEMENT,HALLMARK_IL2_STAT5_SIGNALING,-0.0063549848147421975,0.8801940314236861,0.015267175572519,0.9296856203642898,0.010811080193630598,-0.02617414135336143,0.38710149550122064,0.48886529071030443,0.015267175572519,0.020720658462940213,0.01981915653861923,-0.009909578269309615,0.009909578269309615,LumA,Weakened
HALLMARK_COMPLEMENT,HALLMARK_IL6_JAK_STAT3_SIGNALING,0.02427890662530451,0.5646761235936811,0.025,0.7109231771862892,0.024639453312652257,0.19294743828570945,1.2336656645234233e-10,1.5265054939810037e-09,0.025,0.10897371914285472,-0.16866853166040494,-0.08433426583020247,0.08433426583020247,LumA,Weakened
HALLMARK_COMPLEMENT,HALLMARK_INFLAMMATORY_RESPONSE,0.013807307445914069,0.7433012942487904,0.0554089709762532,0.848890811695593,0.03460813921108363,-0.005374205955701302,0.8590736146099112,0.8948683485519908,0.0554089709762532,0.03039158846597725,0.01918151340161537,0.004216550745106382,0.004216550745106382,LumA,Strengthened
HALLMARK_COMPLEMENT,HALLMARK_INTERFERON_ALPHA_RESPONSE,-0.16751532606919062,6.299984218280739e-05,0.0276816608996539,0.00044869073647638987,0.09759849348442226,-0.0649383296004614,0.031738348630749605,0.06426359846722028,0.0276816608996539,0.046309995250057655,-0.10257699646872921,0.051288498234364606,0.051288498234364606,LumA,Strengthened
HALLMARK_COMPLEMENT,HALLMARK_INTERFERON_GAMMA_RESPONSE,0.17059249807278798,4.584241569859857e-05,0.0610079575596817,0.0003362692169507979,0.11580022781623484,0.0694292431914709,0.021643582990146768,0.04695065164757049,0.0610079575596817,0.0652186003755763,0.10116325488131708,0.05058162744065854,0.05058162744065854,LumA,Strengthened
HALLMARK_COMPLEMENT,HALLMARK_KRAS_SIGNALING_DN,-0.07528715431391787,0.07375496762875992,0.0075566750629722,0.15767859571593526,0.041421914688445034,-0.09227116962068262,0.002250897499022166,0.006676390886930153,0.0075566750629722,0.049913922341827406,0.016984015306764744,-0.008492007653382372,0.008492007653382372,LumA,Weakened
HALLMARK_COMPLEMENT,HALLMARK_KRAS_SIGNALING_UP,0.294898217254078,8.439367839566703e-13,0.0256410256410256,2.6508270778126182e-11,0.1602696214475518,0.19747919771399397,4.419542762044811e-11,5.698884087899888e-10,0.0256410256410256,0.11156011167750979,0.09741901954008403,0.048709509770042014,0.048709509770042014,LumA,Strengthened
HALLMARK_COMPLEMENT,HALLMARK_MITOTIC_SPINDLE,0.04195245115658796,0.3195280391231468,0.0025125628140703,0.4790965090891736,0.02223250698532913,0.010848218112982722,0.7200346801938461,0.7840377628777435,0.0025125628140703,0.006680390463526511,0.03110423304360524,0.01555211652180262,0.01555211652180262,LumA,Strengthened
HALLMARK_COMPLEMENT,HALLMARK_MTORC1_SIGNALING,-0.05052146070552063,0.23053274819230155,0.0126582278481012,0.38059651824200724,0.03158984427681091,-0.08042708898286217,0.007780461881005994,0.019611246510766137,0.0126582278481012,0.046542658415481684,0.029905628277341542,-0.014952814138670771,0.014952814138670771,LumA,Weakened
HALLMARK_COMPLEMENT,HALLMARK_MYC_TARGETS_V1,-0.20073704526179265,1.5097414341317849e-06,0.0,1.5541455939591904e-05,0.10036852263089632,-0.07488609543669393,0.013228575917305105,0.03110365738713772,0.0,0.037443047718346965,-0.1258509498250987,0.06292547491254935,0.06292547491254935,LumA,Strengthened
HALLMARK_COMPLEMENT,HALLMARK_MYC_TARGETS_V2,0.023775509122649443,0.5727775807894009,0.0,0.7181704569774985,0.011887754561324721,-0.03358190383181787,0.2670907306344289,0.3631366759458106,0.0,0.016790951915908934,0.05735741295446731,-0.0049031973545842125,0.0049031973545842125,LumA,Weakened
HALLMARK_COMPLEMENT,HALLMARK_MYOGENESIS,0.04859158993849257,0.24885611852298758,0.0126582278481012,0.40270640051606316,0.030624908893296887,0.026897952314644407,0.3741043617031688,0.475885610681601,0.0126582278481012,0.019778090081372803,0.021693637623848166,0.010846818811924085,0.010846818811924085,LumA,Strengthened
HALLMARK_COMPLEMENT,HALLMARK_NOTCH_SIGNALING,0.05691782587795678,0.17668888564905214,0.0,0.31368678973925923,0.02845891293897839,0.05475240321297746,0.07025545066271657,0.12365363083595948,0.0,0.02737620160648873,0.002165422664979322,0.001082711332489661,0.001082711332489661,LumA,Strengthened
HALLMARK_COMPLEMENT,HALLMARK_OXIDATIVE_PHOSPHORYLATION,0.06638271742742903,0.11499271931766562,0.0075566750629722,0.22830807319957921,0.03696969624520061,-0.011290878675520455,0.7091199045632939,0.776293014378941,0.0075566750629722,0.009423776869246328,0.07767359610294948,0.027545919375954284,0.027545919375954284,LumA,Strengthened
HALLMARK_COMPLEMENT,HALLMARK_P53_PATHWAY,0.046695165551334385,0.26782821407106666,0.0101010101010101,0.42478095904897517,0.028398087826172244,0.09667669266153538,0.0013671759464421755,0.004338835581325557,0.0101010101010101,0.05338885138127274,-0.04998152711020099,-0.024990763555100493,0.024990763555100493,LumA,Weakened
HALLMARK_COMPLEMENT,HALLMARK_PANCREAS_BETA_CELLS,0.016695716666742744,0.6921040180258398,0.00418410041841,0.8105424685293057,0.010439908542576372,-0.01390129846207704,0.6460249745025685,0.7228271237329185,0.00418410041841,0.00904269944024352,0.030597015128819783,0.0013972091023328522,0.0013972091023328522,LumA,Strengthened
HALLMARK_COMPLEMENT,HALLMARK_PEROXISOME,0.10620742721249797,0.011534354174218841,0.0,0.03679579131098459,0.053103713606248985,0.09697042156515176,0.001321517426567549,0.004215778248815749,0.0,0.04848521078257588,0.009237005647346211,0.0046185028236731054,0.0046185028236731054,LumA,Strengthened
HALLMARK_COMPLEMENT,HALLMARK_PI3K_AKT_MTOR_SIGNALING,-0.13759458398920893,0.001041936808161822,0.0132890365448504,0.004985830429680593,0.07544181026702966,-0.10941091967927388,0.00028830052520068667,0.0011319491774706447,0.0132890365448504,0.061349978112062144,-0.028183664309935047,0.014091832154967517,0.014091832154967517,LumA,Strengthened
HALLMARK_COMPLEMENT,HALLMARK_PROTEIN_SECRETION,0.07153551456924415,0.08935858396648663,0.0068027210884353,0.18521872311158397,0.03916911782883972,0.09968419188655059,0.0009614236625932063,0.003267017026748112,0.0068027210884353,0.05324345648749294,-0.028148677317306442,-0.014074338658653221,0.014074338658653221,LumA,Weakened
HALLMARK_COMPLEMENT,HALLMARK_REACTIVE_OXYGEN_SPECIES_PATHWAY,0.15377543405917155,0.00024354876837854916,0.0040322580645161,0.00142070114887487,0.07890384606184382,0.0741626728039168,0.014145178826632611,0.03294266932057975,0.0040322580645161,0.039097465434216445,0.07961276125525475,0.039806380627627376,0.039806380627627376,LumA,Strengthened
HALLMARK_COMPLEMENT,HALLMARK_SPERMATOGENESIS,-0.058865607254580815,0.16231356579482462,0.0029940119760479,0.29544445482713244,0.030929809615314358,-0.05695451913982465,0.05967542276459134,0.10736507349001838,0.0029940119760479,0.029974265557936274,-0.0019110881147561681,0.0009555440573780841,0.0009555440573780841,LumA,Strengthened
HALLMARK_COMPLEMENT,HALLMARK_TGF_BETA_SIGNALING,-0.021055356496025267,0.617478536898924,0.0039525691699604,0.7533976172322528,0.012503962832992833,-0.09516605449874262,0.0016258050146339422,0.005042053526396403,0.0039525691699604,0.049559311834351506,0.07411069800271736,-0.03705534900135867,0.03705534900135867,LumA,Weakened
HALLMARK_COMPLEMENT,HALLMARK_TNFA_SIGNALING_VIA_NFKB,-0.13560833604181347,0.0012328355030250071,0.0416666666666666,0.005742294643367429,0.08863750135424003,-0.09631894249989112,0.0014247475161399373,0.004498236358946967,0.0416666666666666,0.06899280458327886,-0.039289393541922346,0.019644696770961173,0.019644696770961173,LumA,Strengthened
HALLMARK_COMPLEMENT,HALLMARK_UNFOLDED_PROTEIN_RESPONSE,0.040648063514706935,0.3348192130050563,0.0064308681672025,0.49396298266681093,0.023539465840954718,0.0068796531658163905,0.8201969269967436,0.867652189612272,0.0064308681672025,0.006655260666509445,0.03376841034889055,0.016884205174445274,0.016884205174445274,LumA,Strengthened
HALLMARK_COMPLEMENT,HALLMARK_UV_RESPONSE_DN,0.11227746525001928,0.0075547787282423335,0.0087976539589442,0.026217008334552004,0.06053755960448174,0.07777507431105357,0.010069870846906668,0.02437863989616733,0.0087976539589442,0.04328636413499889,0.034502390938965705,0.017251195469482852,0.017251195469482852,LumA,Strengthened
HALLMARK_COMPLEMENT,HALLMARK_UV_RESPONSE_UP,0.0865915333079333,0.03963191549519823,0.028735632183908,0.0955384008302077,0.05766358274592065,0.11915493161661284,7.792088951204722e-05,0.00035884620170021747,0.028735632183908,0.07394528190026042,-0.032563398308679534,-0.016281699154339774,0.016281699154339774,LumA,Weakened
HALLMARK_COMPLEMENT,HALLMARK_WNT_BETA_CATENIN_SIGNALING,-0.07648199916866011,0.06927965283904926,0.0041493775933609,0.14994271153327798,0.0403156883810105,-0.042752244262560864,0.1576296458501789,0.2395735932586466,0.0041493775933609,0.02345081092796088,-0.033729754906099245,0.016864877453049622,0.016864877453049622,LumA,Strengthened
HALLMARK_COMPLEMENT,HALLMARK_XENOBIOTIC_METABOLISM,0.13272804566257174,0.0015673120601183961,0.0256410256410256,0.007137387634368161,0.07918453565179867,0.12566403188629735,3.070094643978668e-05,0.00015350473219893337,0.0256410256410256,0.07565252876366148,0.007064013776274386,0.003532006888137193,0.003532006888137193,LumA,Strengthened
HALLMARK_DNA_REPAIR,HALLMARK_E2F_TARGETS,0.462590490508484,2.6395217660014692e-31,0.044776119402985,2.1556094422345333e-29,0.2536833049557345,0.4010180471458698,1.598434936687958e-43,1.0305698933909202e-41,0.044776119402985,0.2228970832744274,0.06157244336261419,0.030786221681307097,0.030786221681307097,LumA,Strengthened
HALLMARK_DNA_REPAIR,HALLMARK_EPITHELIAL_MESENCHYMAL_TRANSITION,0.058498407508948254,0.16495406363296294,0.0,0.298895006146148,0.029249203754474127,0.003397140185222131,0.9106374260688268,0.9374208797767335,0.0,0.0016985700926110655,0.055101267323726125,0.027550633661863062,0.027550633661863062,LumA,Strengthened
HALLMARK_DNA_REPAIR,HALLMARK_ESTROGEN_RESPONSE_EARLY,-0.015041310558652595,0.7212742869692194,0.0028653295128939,0.833684628575921,0.008953320035773248,0.018476066427727957,0.5415559535747536,0.6318152791705459,0.0028653295128939,0.010670697970310929,-0.03351737698638055,-0.0017173779345376807,0.0017173779345376807,LumA,Weakened
HALLMARK_DNA_REPAIR,HALLMARK_ESTROGEN_RESPONSE_LATE,0.034567652505390525,0.4121652961311256,0.0028653295128939,0.570783913490437,0.018716491009142213,0.05547732062119835,0.0666147252578721,0.11809412220100336,0.0028653295128939,0.029171325067046127,-0.020909668115807828,-0.010454834057903914,0.010454834057903914,LumA,Weakened
HALLMARK_DNA_REPAIR,HALLMARK_FATTY_ACID_METABOLISM,-0.2650464114085683,1.5440688219221e-10,0.0,3.3658598129957065e-09,0.13252320570428416,-0.15324411287656373,3.5250198726011643e-07,2.453493945418424e-06,0.0,0.07662205643828186,-0.1118022985320046,0.0559011492660023,0.0559011492660023,LumA,Strengthened
HALLMARK_DNA_REPAIR,HALLMARK_G2M_CHECKPOINT,-0.22853766800917244,3.94920258512806e-08,0.0057471264367816,5.691497843272792e-07,0.11714239722297702,-0.16770890551983575,2.4008844415362875e-08,2.0283334075047947e-07,0.0057471264367816,0.08672801597830868,-0.06082876248933669,0.030414381244668345,0.030414381244668345,LumA,Strengthened
HALLMARK_DNA_REPAIR,HALLMARK_GLYCOLYSIS,0.056027951581990816,0.18356289456904137,0.0028653295128939,0.32300639341247356,0.02944664054744236,0.07241412293706638,0.016595311225553657,0.03757718345897085,0.0028653295128939,0.03763972622498014,-0.016386171355075564,-0.008193085677537779,0.008193085677537779,LumA,Weakened
HALLMARK_DNA_REPAIR,HALLMARK_HEDGEHOG_SIGNALING,0.025599351257014128,0.5436906127130644,0.0,0.695811753941642,0.012799675628507064,-0.01913991546621119,0.5271256952364571,0.6185143454642337,0.0,0.009569957733105596,0.04473926672322532,0.0032297178954014683,0.0032297178954014683,LumA,Strengthened
HALLMARK_DNA_REPAIR,HALLMARK_HEME_METABOLISM,0.15034678972922458,0.00033554208472694826,0.0057471264367816,0.0018515272693266289,0.07804695808300309,0.22996912291453497,1.3486597587016733e-14,2.7535136740159166e-13,0.0057471264367816,0.11785812467565829,-0.0796223331853104,-0.0398111665926552,0.0398111665926552,LumA,Weakened
HALLMARK_DNA_REPAIR,HALLMARK_HYPOXIA,0.03948493861701616,0.34884441875904865,0.0,0.507523055795528,0.01974246930850808,0.025947062464283566,0.39123505614389875,0.4930688721978148,0.0,0.012973531232141783,0.013537876152732591,0.006768938076366296,0.006768938076366296,LumA,Strengthened
HALLMARK_DNA_REPAIR,HALLMARK_IL2_STAT5_SIGNALING,0.010539578398238294,0.8026066492498564,0.0086705202312138,0.8817875742879587,0.009605049314726048,-0.11044405932123164,0.000252178590273775,0.0010095384741352104,0.0086705202312138,0.05955728977622272,0.12098363771946993,-0.04995224046149667,0.04995224046149667,LumA,Weakened
HALLMARK_DNA_REPAIR,HALLMARK_IL6_JAK_STAT3_SIGNALING,-0.021094970931220137,0.6168167241256429,0.0,0.7533976172322528,0.010547485465610068,0.03327619460126941,0.27147211208824024,0.3677359626024698,0.0,0.016638097300634706,-0.05437116553248955,-0.006090611835024637,0.006090611835024637,LumA,Weakened
HALLMARK_DNA_REPAIR,HALLMARK_INFLAMMATORY_RESPONSE,-0.026297717534917286,0.5327503034993925,0.0057471264367816,0.6876913822831989,0.016022421985849442,-0.01570934513466121,0.6037362272211997,0.6843118482419637,0.0057471264367816,0.010728235785721404,-0.010588372400256077,0.0052941862001280385,0.0052941862001280385,LumA,Strengthened
HALLMARK_DNA_REPAIR,HALLMARK_INTERFERON_ALPHA_RESPONSE,0.050464565241176366,0.23105888416085402,0.0040650406504065,0.38095172691392487,0.027264802945791432,0.084723573170497,0.005045279646099601,0.013495585351881816,0.0040650406504065,0.04439430691045175,-0.034259007929320635,-0.017129503964660318,0.017129503964660318,LumA,Weakened
HALLMARK_DNA_REPAIR,HALLMARK_INTERFERON_GAMMA_RESPONSE,-0.02776107598999091,0.510191982801054,0.0086455331412103,0.6662954999267497,0.018203304565600605,-0.06134681297141543,0.04249106873053403,0.08210025109606339,0.0086455331412103,0.03499617305631286,0.033585736981424516,-0.016792868490712258,0.016792868490712258,LumA,Weakened
HALLMARK_DNA_REPAIR,HALLMARK_KRAS_SIGNALING_DN,0.05555496547735788,0.1872960308666903,0.0028653295128939,0.32544345788893,0.02921014749512589,-0.153403898221468,3.4264198569637877e-07,2.3984938998746517e-06,0.0028653295128939,0.07813461386718094,0.20895886369882588,-0.04892446637205505,0.04892446637205505,LumA,Weakened
HALLMARK_DNA_REPAIR,HALLMARK_KRAS_SIGNALING_UP,0.05405770859839911,0.19948168743361006,0.0,0.3422479931458996,0.027028854299199555,0.03132603088491534,0.3005759656754116,0.40022343255693393,0.0,0.01566301544245767,0.02273167771348377,0.011365838856741885,0.011365838856741885,LumA,Strengthened
HALLMARK_DNA_REPAIR,HALLMARK_MITOTIC_SPINDLE,-0.18260678387282234,1.2557482562485192e-05,0.0028735632183908,9.92446202518991e-05,0.09274017354560657,-0.13265372041522652,1.072266581861342e-05,5.786460628987419e-05,0.0028735632183908,0.06776364181680866,-0.049953063457595814,0.024976531728797907,0.024976531728797907,LumA,Strengthened
HALLMARK_DNA_REPAIR,HALLMARK_MTORC1_SIGNALING,-0.26374425784235705,1.9107990701290335e-10,0.0086455331412103,3.9673370523865525e-09,0.13619489549178368,-0.25195960159725334,2.649220861590936e-17,6.240952991247877e-16,0.0086455331412103,0.13030256736923182,-0.01178465624510372,0.00589232812255186,0.00589232812255186,LumA,Strengthened
HALLMARK_DNA_REPAIR,HALLMARK_MYC_TARGETS_V1,0.12285851882402436,0.003445290384099777,0.023391812865497,0.013547441225983307,0.07312516584476068,0.11706820223792185,0.00010401301377142399,0.0004667250617948512,0.023391812865497,0.07023000755170943,0.005790316586102517,0.0028951582930512587,0.0028951582930512587,LumA,Strengthened
HALLMARK_DNA_REPAIR,HALLMARK_MYC_TARGETS_V2,0.333680873594495,3.6805014705188057e-16,0.0,1.554694586684668e-14,0.1668404367972475,0.33436670973182575,5.520707351322927e-30,2.7051466021482345e-28,0.0,0.16718335486591288,-0.0006858361373307531,-0.00034291806866537655,0.00034291806866537655,LumA,Weakened
HALLMARK_DNA_REPAIR,HALLMARK_MYOGENESIS,0.07909472031707894,0.06026624996974391,0.0028653295128939,0.13447387288330837,0.04098002491498642,0.1347864468525543,7.695540657956046e-06,4.3045832447471034e-05,0.0028653295128939,0.0688258881827241,-0.05569172653547537,-0.027845863267737685,0.027845863267737685,LumA,Weakened
HALLMARK_DNA_REPAIR,HALLMARK_NOTCH_SIGNALING,-0.0439299924859592,0.2972287076704961,0.005524861878453,0.4545632545522568,0.0247274271822061,-0.05211897964352727,0.08487575134739456,0.14562016162543184,0.005524861878453,0.028821920760990133,0.008188987157568071,-0.004094493578784032,0.004094493578784032,LumA,Weakened
HALLMARK_DNA_REPAIR,HALLMARK_OXIDATIVE_PHOSPHORYLATION,0.49928127568561426,5.924122815378656e-37,0.0115606936416184,7.257050448838853e-35,0.25542098466361635,0.468882126716972,6.908461937577198e-61,5.641910582354712e-59,0.0115606936416184,0.2402214101792952,0.030399148968642264,0.01519957448432116,0.01519957448432116,LumA,Strengthened
HALLMARK_DNA_REPAIR,HALLMARK_P53_PATHWAY,-0.0037979312668272175,0.9282266685961438,0.0294117647058823,0.9547251629137499,0.01660484798635476,-0.04821917453923628,0.11093927823668924,0.17964411409325376,0.0294117647058823,0.03881546962255929,0.04442124327240906,-0.022210621636204526,0.022210621636204526,LumA,Weakened
HALLMARK_DNA_REPAIR,HALLMARK_PANCREAS_BETA_CELLS,-0.046256059707143006,0.2723588403180887,0.0,0.4287683989286724,0.023128029853571503,0.043348634949590535,0.15190939685538288,0.23232086285623477,0.0,0.021674317474795268,-0.08960469465673354,0.0014537123787762354,0.0014537123787762354,LumA,Strengthened
HALLMARK_DNA_REPAIR,HALLMARK_PEROXISOME,0.22371721939222605,7.693054552213404e-08,0.0079365079365079,1.0471102029401577e-06,0.11582686366436698,0.08327993725655265,0.0058480843531814155,0.015307485753519732,0.0079365079365079,0.04560822259653027,0.1404372821356734,0.0702186410678367,0.0702186410678367,LumA,Strengthened
HALLMARK_DNA_REPAIR,HALLMARK_PI3K_AKT_MTOR_SIGNALING,0.24751757082448653,2.4698996853112747e-09,0.0,4.1446946774059064e-08,0.12375878541224326,0.19051411877362454,2.1191662574455443e-10,2.4036839494174e-09,0.0,0.09525705938681227,0.05700345205086199,0.028501726025430996,0.028501726025430996,LumA,Strengthened
HALLMARK_DNA_REPAIR,HALLMARK_PROTEIN_SECRETION,0.17010186152125348,4.824410200064787e-05,0.0081967213114754,0.0003517799104213907,0.08914929141636443,0.058408792636837466,0.05343972778867844,0.09829379360530194,0.0081967213114754,0.03330275697415643,0.11169306888441602,0.055846534442208,0.055846534442208,LumA,Strengthened
HALLMARK_DNA_REPAIR,HALLMARK_REACTIVE_OXYGEN_SPECIES_PATHWAY,-0.08378109957449374,0.04653100036983851,0.0101522842639593,0.10836592291454786,0.04696669191922652,-0.057966326549413985,0.0552766800157394,0.10121664128442566,0.0101522842639593,0.03405930540668664,-0.025814773025079757,0.012907386512539878,0.012907386512539878,LumA,Strengthened
HALLMARK_DNA_REPAIR,HALLMARK_SPERMATOGENESIS,0.06904345178309161,0.10111616095038477,0.0035211267605633,0.20507830656328038,0.03628228927182746,0.03332829332852367,0.2707219859200271,0.36725850803104454,0.0035211267605633,0.018424710044543484,0.03571515845456794,0.017857579227283975,0.017857579227283975,LumA,Strengthened
HALLMARK_DNA_REPAIR,HALLMARK_TGF_BETA_SIGNALING,0.22293940143150628,8.555026647278942e-08,0.0,1.126871789560936e-06,0.11146970071575314,0.21039166614554017,2.069528160216149e-12,3.335752626664188e-11,0.0,0.10519583307277008,0.012547735285966116,0.006273867642983058,0.006273867642983058,LumA,Strengthened
HALLMARK_DNA_REPAIR,HALLMARK_TNFA_SIGNALING_VIA_NFKB,-0.07862121490702575,0.06182372830221909,0.0028653295128939,0.13695129687200433,0.040743272209959824,-0.11695985913996708,0.00010557088436922696,0.00047198661807409866,0.0028653295128939,0.059912594326430486,0.038338644232941324,-0.019169322116470662,0.019169322116470662,LumA,Weakened
HALLMARK_DNA_REPAIR,HALLMARK_UNFOLDED_PROTEIN_RESPONSE,0.02152053105751032,0.6097268285031697,0.0,0.7484121892949729,0.01076026552875516,0.0671993543811504,0.02624038806237307,0.0549478211562513,0.0,0.0335996771905752,-0.04567882332364009,-0.022839411661820044,0.022839411661820044,LumA,Weakened
HALLMARK_DNA_REPAIR,HALLMARK_UV_RESPONSE_DN,-0.28733350836904953,3.353433241278844e-12,0.0,9.780846953729962e-11,0.14366675418452476,-0.2065904937722676,5.204932179089884e-12,7.590526094506081e-11,0.0,0.1032952468861338,-0.08074301459678193,0.040371507298390966,0.040371507298390966,LumA,Strengthened
HALLMARK_DNA_REPAIR,HALLMARK_UV_RESPONSE_UP,0.0017925604340269265,0.9660886755022158,0.0098360655737704,0.9796842942799788,0.005814313003898663,0.0604339257063958,0.04566959702319739,0.08620224399601972,0.0098360655737704,0.0351349956400831,-0.05864136527236888,-0.029320682636184436,0.029320682636184436,LumA,Weakened
HALLMARK_DNA_REPAIR,HALLMARK_WNT_BETA_CATENIN_SIGNALING,0.15309985341260834,0.00025956001196355085,0.0052356020942408,0.001495320609421576,0.07916772775342457,0.1022884158287883,0.0007033218325221812,0.0024546132331614585,0.0052356020942408,0.05376200896151455,0.05081143758382005,0.025405718791910017,0.025405718791910017,LumA,Strengthened
HALLMARK_DNA_REPAIR,HALLMARK_XENOBIOTIC_METABOLISM,-0.018546213330640247,0.6600095400691539,0.0057471264367816,0.7900549584821155,0.012146669883710923,-0.037563028555253425,0.21444319123702285,0.30581246713079513,0.0057471264367816,0.021655077496017514,0.019016815224613178,-0.00950840761230659,0.00950840761230659,LumA,Weakened
HALLMARK_E2F_TARGETS,HALLMARK_EPITHELIAL_MESENCHYMAL_TRANSITION,0.03818585865877931,0.36494231228753393,0.0025062656641604,0.5253282403668966,0.020346062161469856,0.082767700893526,0.006159478759063755,0.01598593533867182,0.0025062656641604,0.0426369832788432,-0.04458184223474669,-0.022290921117373345,0.022290921117373345,LumA,Weakened
HALLMARK_E2F_TARGETS,HALLMARK_ESTROGEN_RESPONSE_EARLY,-0.009889678235866303,0.8145501836386175,0.0025062656641604,0.888534260870264,0.006197971950013351,-0.06746088631382144,0.02566090221178355,0.05401134915710455,0.0025062656641604,0.03498357598899092,0.057571208077955134,-0.02878560403897757,0.02878560403897757,LumA,Weakened
HALLMARK_E2F_TARGETS,HALLMARK_ESTROGEN_RESPONSE_LATE,0.01109343498983781,0.7924642082705541,0.0101010101010101,0.8761449956059827,0.010597222545423956,0.004099375304497895,0.8922678332436825,0.9223865786696296,0.0101010101010101,0.007100192702753997,0.0069940596853399145,0.0034970298426699586,0.0034970298426699586,LumA,Strengthened
HALLMARK_E2F_TARGETS,HALLMARK_FATTY_ACID_METABOLISM,0.22378320588145192,7.623918949589011e-08,0.0056179775280898,1.0471102029401577e-06,0.11470059170477086,0.20649773286126896,5.32223023425885e-12,7.613767796260954e-11,0.0056179775280898,0.10605785519467938,0.017285473020182962,0.008642736510091481,0.008642736510091481,LumA,Strengthened
HALLMARK_E2F_TARGETS,HALLMARK_G2M_CHECKPOINT,0.769902041635637,6.541581311259926e-112,0.2232415902140672,2.6711457020978034e-109,0.4965718159248521,0.7594290832024948,4.302105589639075e-206,1.7566931157692888e-203,0.2232415902140672,0.491335336708281,0.010472958433142221,0.0052364792165711105,0.0052364792165711105,LumA,Strengthened
HALLMARK_E2F_TARGETS,HALLMARK_GLYCOLYSIS,-0.06947721287982615,0.09898566211167314,0.0178117048346055,0.20209572681133267,0.04364445885721582,-0.046172469126983605,0.12694673479973256,0.20032124594621872,0.0178117048346055,0.03199208698079455,-0.023304743752842548,0.01165237187642127,0.01165237187642127,LumA,Strengthened
HALLMARK_E2F_TARGETS,HALLMARK_HEDGEHOG_SIGNALING,-0.06606340529750468,0.11675390174393631,0.0,0.2299413659747942,0.03303170264875234,0.03226318951792557,0.2863403573806278,0.3846128703851634,0.0,0.016131594758962784,-0.09832659481543024,0.016900107889789556,0.016900107889789556,LumA,Strengthened
HALLMARK_E2F_TARGETS,HALLMARK_HEME_METABOLISM,0.08112179401835033,0.05396096955079849,0.0025062656641604,0.12241145870320028,0.04181402984125537,0.07302303908386114,0.01570281539838481,0.03582113382313108,0.0025062656641604,0.03776465237401077,0.008098754934489194,0.004049377467244597,0.004049377467244597,LumA,Strengthened
HALLMARK_E2F_TARGETS,HALLMARK_HYPOXIA,-0.03406429957944089,0.4190096982292367,0.0050251256281407,0.5760795514375028,0.019544712603790794,-0.046804825251480706,0.121820049050767,0.193553255625408,0.0050251256281407,0.0259149754398107,0.012740525672039815,-0.006370262836019908,0.006370262836019908,LumA,Weakened
HALLMARK_E2F_TARGETS,HALLMARK_IL2_STAT5_SIGNALING,0.01659084688837749,0.6939401466666856,0.0050377833753148,0.8111418699109635,0.010814315131846145,0.04849293665425346,0.10892451408801514,0.17791003967709138,0.0050377833753148,0.026765360014784127,-0.03190208976587597,-0.015951044882937984,0.015951044882937984,LumA,Weakened
HALLMARK_E2F_TARGETS,HALLMARK_IL6_JAK_STAT3_SIGNALING,0.07867040732826679,0.061660390891267125,0.0,0.1368369181916707,0.03933520366413339,0.10677484596481333,0.00040358237996316395,0.0015118911787610882,0.0,0.05338742298240667,-0.028104438636546547,-0.014052219318273274,0.014052219318273274,LumA,Weakened
HALLMARK_E2F_TARGETS,HALLMARK_INFLAMMATORY_RESPONSE,0.11318893437598153,0.0070775829562871135,0.0050251256281407,0.02491390552141297,0.05910703000206111,0.06157424695664485,0.04172891299901471,0.08088278231612821,0.0050251256281407,0.03329968629239278,0.051614687419336676,0.025807343709668334,0.025807343709668334,LumA,Strengthened
HALLMARK_E2F_TARGETS,HALLMARK_INTERFERON_ALPHA_RESPONSE,0.033283292587547475,0.4297605148579416,0.0,0.5869081724648589,0.016641646293773737,0.023528966068882058,0.43689079479876,0.5357269505790601,0.0,0.011764483034441029,0.009754326518665417,0.004877163259332708,0.004877163259332708,LumA,Strengthened
HALLMARK_E2F_TARGETS,HALLMARK_INTERFERON_GAMMA_RESPONSE,-0.055715058603495016,0.1860262556431376,0.0050251256281407,0.32544345788893,0.030370092115817857,-0.042653438780572775,0.15859286770927702,0.23984723820230167,0.0050251256281407,0.023839282204356736,-0.01306161982292224,0.00653080991146112,0.00653080991146112,LumA,Strengthened
HALLMARK_E2F_TARGETS,HALLMARK_KRAS_SIGNALING_DN,-0.0179780511236893,0.6698007599916784,0.0025062656641604,0.7981575204180993,0.01024215839392485,0.04467525261731171,0.1397528519197588,0.2169800299134405,0.0025062656641604,0.023590759140736054,-0.062653303741001,-0.013348600746811204,0.013348600746811204,LumA,Weakened
HALLMARK_E2F_TARGETS,HALLMARK_KRAS_SIGNALING_UP,-0.06854909631841981,0.10358852729625134,0.0,0.20905427666871151,0.034274548159209904,0.014058603956348233,0.6422973481014534,0.7211862982807337,0.0,0.007029301978174116,-0.08260770027476805,0.027245246181035788,0.027245246181035788,LumA,Strengthened
HALLMARK_E2F_TARGETS,HALLMARK_MITOTIC_SPINDLE,0.011581221772894614,0.7835605167204237,0.05,0.8718089309559665,0.030790610886447307,-0.04088671443158457,0.17657546655780895,0.26156235905590725,0.05,0.04544335721579229,0.05246793620447918,-0.014652746329344983,0.014652746329344983,LumA,Weakened
HALLMARK_E2F_TARGETS,HALLMARK_MTORC1_SIGNALING,0.18284383690793912,1.2230121547524026e-05,0.0362694300518134,9.728505776439566e-05,0.10955663347987626,0.17392794651090174,7.022138701809025e-09,6.516757507360649e-08,0.0362694300518134,0.10509868828135757,0.008915890397037385,0.004457945198518692,0.004457945198518692,LumA,Strengthened
HALLMARK_E2F_TARGETS,HALLMARK_MYC_TARGETS_V1,0.029462335322644678,0.48460671263066024,0.0958904109589041,0.6397017488928436,0.06267637314077439,0.1214924293498917,5.606657882740672e-05,0.0002631477358757595,0.0958904109589041,0.1086914201543979,-0.09203009402724702,-0.04601504701362351,0.04601504701362351,LumA,Weakened
HALLMARK_E2F_TARGETS,HALLMARK_MYC_TARGETS_V2,-0.193032233248274,3.806099919118435e-06,0.048780487804878,3.559139237343575e-05,0.12090636052657601,-0.16646605686884278,3.053028987959513e-08,2.493307006833602e-07,0.048780487804878,0.10762327233686039,-0.026566176379431233,0.013283088189715617,0.013283088189715617,LumA,Strengthened
HALLMARK_E2F_TARGETS,HALLMARK_MYOGENESIS,-0.06721886483217913,0.11047959470952905,0.0025062656641604,0.22113971163263577,0.03486256524816977,-0.09874011250804206,0.0010748819793639723,0.0035491386111074553,0.0025062656641604,0.05062318908610123,0.03152124767586292,-0.01576062383793146,0.01576062383793146,LumA,Weakened
HALLMARK_E2F_TARGETS,HALLMARK_NOTCH_SIGNALING,-0.14135634332727895,0.000753062312115552,0.0,0.00376531156057776,0.07067817166363947,-0.13663263296339195,5.751222706183585e-06,3.2921718762032205e-05,0.0,0.06831631648169598,-0.004723710363886996,0.002361855181943498,0.002361855181943498,LumA,Strengthened
HALLMARK_E2F_TARGETS,HALLMARK_OXIDATIVE_PHOSPHORYLATION,-0.2629290655431493,2.1822141234782532e-10,0.0,4.4553538354347675e-09,0.13146453277157466,-0.25964179754652095,2.5893809292910574e-18,6.608315913294887e-17,0.0,0.12982089877326047,-0.0032872679966283735,0.0016436339983141868,0.0016436339983141868,LumA,Strengthened
HALLMARK_E2F_TARGETS,HALLMARK_P53_PATHWAY,0.1893407469686832,5.852058672724358e-06,0.0178117048346055,5.232680200063751e-05,0.10357622590164435,0.33356155615074673,7.701149851374075e-30,3.6284263722820157e-28,0.0178117048346055,0.1756866304926761,-0.14422080918206354,-0.07211040459103175,0.07211040459103175,LumA,Weakened
HALLMARK_E2F_TARGETS,HALLMARK_PANCREAS_BETA_CELLS,-0.06426882234915281,0.1270479684046209,0.0,0.24547911876287162,0.032134411174576404,-0.12201879587922274,5.201843332216849e-05,0.0002489163313267828,0.0,0.06100939793961137,0.05774997353006993,-0.028874986765034964,0.028874986765034964,LumA,Weakened
HALLMARK_E2F_TARGETS,HALLMARK_PEROXISOME,-0.16565158696299942,7.617143213794626e-05,0.0099667774086378,0.0005332000249656239,0.08780918218581861,-0.10747441347536513,0.0003693841215569819,0.001405265679836344,0.0099667774086378,0.058720595442001464,-0.05817717348763429,0.029088586743817146,0.029088586743817146,LumA,Strengthened
HALLMARK_E2F_TARGETS,HALLMARK_PI3K_AKT_MTOR_SIGNALING,-0.05021315969949858,0.23339392107659135,0.0132890365448504,0.38274103523269665,0.03175109812217449,-0.025484365687656246,0.39974002113669366,0.5012093407292219,0.0132890365448504,0.019386701116253322,-0.02472879401184233,0.012364397005921169,0.012364397005921169,LumA,Strengthened
HALLMARK_E2F_TARGETS,HALLMARK_PROTEIN_SECRETION,-0.11556270024239221,0.005958990008693902,0.0068027210884353,0.02146989047250009,0.06118271066541375,-0.059744357640210285,0.04820117114338956,0.09000980891867714,0.0068027210884353,0.03327353936432279,-0.05581834260218192,0.02790917130109096,0.02790917130109096,LumA,Strengthened
HALLMARK_E2F_TARGETS,HALLMARK_REACTIVE_OXYGEN_SPECIES_PATHWAY,-0.06518416110346427,0.12171268844686242,0.0040322580645161,0.2381757880948985,0.034608209583990183,-0.07087863949673183,0.01904608401192686,0.0422671248453087,0.0040322580645161,0.037455448780623964,0.00569447839326756,-0.00284723919663378,0.00284723919663378,LumA,Weakened
HALLMARK_E2F_TARGETS,HALLMARK_SPERMATOGENESIS,-0.012955334319864073,0.758633538670725,0.0182370820668693,0.8565217372088831,0.015596208193366688,-0.033262167217111706,0.27167432339202874,0.3677359626024698,0.0182370820668693,0.0257496246419905,0.020306832897247634,-0.010153416448623814,0.010153416448623814,LumA,Weakened
HALLMARK_E2F_TARGETS,HALLMARK_TGF_BETA_SIGNALING,-0.08401694806228226,0.04591566741173673,0.0,0.10713655729405237,0.04200847403114113,-0.11898973299584162,7.97368196728595e-05,0.00036583372321817565,0.0,0.05949486649792081,0.03497278493355936,-0.01748639246677968,0.01748639246677968,LumA,Weakened
HALLMARK_E2F_TARGETS,HALLMARK_TNFA_SIGNALING_VIA_NFKB,-0.1649207090124502,8.2013553938493e-05,0.0050251256281407,0.0005674885389668805,0.08497291732029545,-0.11947624008286124,7.450019648443054e-05,0.0003443877007299147,0.0050251256281407,0.06225068285550097,-0.04544446892958896,0.02272223446479448,0.02272223446479448,LumA,Strengthened
HALLMARK_E2F_TARGETS,HALLMARK_UNFOLDED_PROTEIN_RESPONSE,-0.010913726400802347,0.7957513564099069,0.019543973941368,0.8781940645064288,0.015228850171085172,-0.06102906221244073,0.04357554756926768,0.08353684784405775,0.019543973941368,0.040286518076904365,0.05011533581163838,-0.025057667905819193,0.025057667905819193,LumA,Weakened
HALLMARK_E2F_TARGETS,HALLMARK_UV_RESPONSE_DN,0.08213363212113094,0.05102514054489355,0.0058479532163742,0.11639813252792292,0.04399079266875257,0.060682050639427276,0.04478647119820792,0.0851916571705042,0.0058479532163742,0.03326500192790074,0.02145158148170366,0.01072579074085183,0.01072579074085183,LumA,Strengthened
HALLMARK_E2F_TARGETS,HALLMARK_UV_RESPONSE_UP,0.13623462866451735,0.001169420216353529,0.0084507042253521,0.0054677090268437905,0.07234266644493473,0.07962368367279386,0.008419179049092453,0.020825282916474428,0.0084507042253521,0.04403719394907298,0.05661094499172349,0.028305472495861746,0.028305472495861746,LumA,Strengthened
HALLMARK_E2F_TARGETS,HALLMARK_WNT_BETA_CATENIN_SIGNALING,-0.001181967088551694,0.9776359698881364,0.0083333333333333,0.9856823564715779,0.004757650210942497,0.026198165878217543,0.38666573390769043,0.48886529071030443,0.0083333333333333,0.01726574960577542,-0.027380132966769236,-0.012508099394832922,0.012508099394832922,LumA,Weakened
HALLMARK_E2F_TARGETS,HALLMARK_XENOBIOTIC_METABOLISM,-0.05562628485393936,0.18672957662675496,0.0,0.32544345788893,0.02781314242696968,-0.07767721174742576,0.010164778641944535,0.024463367065583608,0.0,0.03883860587371288,0.022050926893486394,-0.011025463446743197,0.011025463446743197,LumA,Weakened
HALLMARK_EPITHELIAL_MESENCHYMAL_TRANSITION,HALLMARK_ESTROGEN_RESPONSE_EARLY,-0.04227823816175734,0.3157811433954554,0.015228426395939,0.4758079958910613,0.02875333227884817,0.02025683864197238,0.5032969521427922,0.5997458816876658,0.015228426395939,0.017742632518955692,-0.06253507680372972,0.011010699759892478,0.011010699759892478,LumA,Strengthened
HALLMARK_EPITHELIAL_MESENCHYMAL_TRANSITION,HALLMARK_ESTROGEN_RESPONSE_LATE,0.042936859042192826,0.30829454906746373,0.0204081632653061,0.46682425538645617,0.031672511153749465,-0.05616055993398207,0.06332676679238108,0.11291890730810311,0.0204081632653061,0.03828436159964409,0.0990974189761749,-0.006611850445894622,0.006611850445894622,LumA,Weakened
HALLMARK_EPITHELIAL_MESENCHYMAL_TRANSITION,HALLMARK_FATTY_ACID_METABOLISM,-0.04345092336595451,0.30253317080683434,0.0056179775280898,0.46152320577630396,0.024534450447022155,-0.06964506807185462,0.021238275704706547,0.04629339455207388,0.0056179775280898,0.037631522799972214,0.026194144705900112,-0.01309707235295006,0.01309707235295006,LumA,Weakened
HALLMARK_EPITHELIAL_MESENCHYMAL_TRANSITION,HALLMARK_G2M_CHECKPOINT,-0.10432455467806281,0.01309968041271947,0.0050251256281407,0.04052300127672059,0.054674840153101756,-0.0897828282419502,0.0029563859547957925,0.008521347752058461,0.0050251256281407,0.04740397693504545,-0.01454172643611261,0.007270863218056305,0.007270863218056305,LumA,Strengthened
HALLMARK_EPITHELIAL_MESENCHYMAL_TRANSITION,HALLMARK_GLYCOLYSIS,0.2540557826501,8.996871782929551e-10,0.0362694300518134,1.6449504379236866e-08,0.14516260635095668,0.22255472582809488,9.598536493567447e-14,1.704088000669583e-12,0.0362694300518134,0.12941207793995413,0.0315010568220051,0.01575052841100255,0.01575052841100255,LumA,Strengthened
HALLMARK_EPITHELIAL_MESENCHYMAL_TRANSITION,HALLMARK_HEDGEHOG_SIGNALING,0.05359971232101185,0.20332208656362818,0.0128755364806866,0.34641106542481853,0.03323762440084922,0.006448463414673927,0.8312913651376448,0.8763613789101676,0.0128755364806866,0.009661999947680263,0.04715124890633792,0.023575624453168957,0.023575624453168957,LumA,Strengthened
HALLMARK_EPITHELIAL_MESENCHYMAL_TRANSITION,HALLMARK_HEME_METABOLISM,-0.09296344427048434,0.027132318623035452,0.0025062656641604,0.07200119600080573,0.04773485496732237,-0.08004170979629288,0.008081224208708715,0.02024437557396355,0.0025062656641604,0.04127398773022664,-0.012921734474191454,0.006460867237095727,0.006460867237095727,LumA,Strengthened
HALLMARK_EPITHELIAL_MESENCHYMAL_TRANSITION,HALLMARK_HYPOXIA,-0.002108125996272144,0.9601234533585017,0.0471204188481675,0.9760591123354062,0.02461427242221982,-0.02741164237850056,0.36504586432663044,0.4667862043842612,0.0471204188481675,0.03726603061333403,0.025303516382228417,-0.012651758191114207,0.012651758191114207,LumA,Weakened
HALLMARK_EPITHELIAL_MESENCHYMAL_TRANSITION,HALLMARK_IL2_STAT5_SIGNALING,-0.11488012449861751,0.006263133305494603,0.0257069408740359,0.02230330900939212,0.07029353268632671,-0.06347802495085249,0.03579086563496197,0.07094467702723044,0.0257069408740359,0.04459248291244419,-0.05140209954776502,0.025701049773882517,0.025701049773882517,LumA,Strengthened
HALLMARK_EPITHELIAL_MESENCHYMAL_TRANSITION,HALLMARK_IL6_JAK_STAT3_SIGNALING,0.009919885944868262,0.8139940649012094,0.028673835125448,0.888534260870264,0.019296860535158132,-0.001726438031700442,0.9545150375458612,0.9687497274181275,0.028673835125448,0.015200136578574221,0.011646323976568704,0.004096723956583911,0.004096723956583911,LumA,Strengthened
HALLMARK_EPITHELIAL_MESENCHYMAL_TRANSITION,HALLMARK_INFLAMMATORY_RESPONSE,0.008441121259208501,0.8413223095883454,0.0335917312661498,0.9048462065370703,0.021016426262679154,-0.044538843130485714,0.14096725736255464,0.21858846869510057,0.0335917312661498,0.039065287198317755,0.05297996438969421,-0.0180488609356386,0.0180488609356386,LumA,Weakened
HALLMARK_EPITHELIAL_MESENCHYMAL_TRANSITION,HALLMARK_INTERFERON_ALPHA_RESPONSE,-0.02745560791736535,0.5148594135458446,0.0033783783783783,0.6709604059507018,0.015416993147871825,-0.07010859398067022,0.020390056487442416,0.04484348150290298,0.0033783783783783,0.03674348617952426,0.04265298606330487,-0.02132649303165244,0.02132649303165244,LumA,Weakened
HALLMARK_EPITHELIAL_MESENCHYMAL_TRANSITION,HALLMARK_INTERFERON_GAMMA_RESPONSE,0.02857725952368539,0.4978301460352935,0.0126582278481012,0.6536355079241528,0.020617743685893294,0.06604391540387902,0.02893766430467284,0.05977848022466144,0.0126582278481012,0.03935107162599011,-0.03746665588019363,-0.018733327940096814,0.018733327940096814,LumA,Weakened
HALLMARK_EPITHELIAL_MESENCHYMAL_TRANSITION,HALLMARK_KRAS_SIGNALING_DN,-0.2681899342062665,9.186841535937852e-11,0.0025062656641604,2.1314693536112787e-09,0.13534809993521346,-0.14598314463557371,1.2410472958922459e-06,7.95959653124608e-06,0.0025062656641604,0.07424470514986706,-0.12220678957069281,0.061103394785346404,0.061103394785346404,LumA,Strengthened
HALLMARK_EPITHELIAL_MESENCHYMAL_TRANSITION,HALLMARK_KRAS_SIGNALING_UP,-0.4029323062479652,1.8149006155363764e-23,0.0230179028132992,1.1116266270160304e-21,0.2129751045306322,-0.3121885393611591,3.706420607251815e-26,1.3354015423186686e-24,0.0230179028132992,0.16760322108722914,-0.09074376688680613,0.045371883443403066,0.045371883443403066,LumA,Strengthened
HALLMARK_EPITHELIAL_MESENCHYMAL_TRANSITION,HALLMARK_MITOTIC_SPINDLE,0.15235292649829807,0.00027840528469764135,0.0075757575757575,0.0015936751110028533,0.07996434203702779,0.06106790157191786,0.04344174934482241,0.08344908315386111,0.0075757575757575,0.034321829573837684,0.09128502492638021,0.04564251246319011,0.04564251246319011,LumA,Strengthened
HALLMARK_EPITHELIAL_MESENCHYMAL_TRANSITION,HALLMARK_MTORC1_SIGNALING,-0.1015579934523726,0.01573925401323577,0.0050251256281407,0.04669652102184538,0.05329155954025665,-0.04836463350197836,0.1098651388387947,0.17920745016980494,0.0050251256281407,0.026694879565059528,-0.05319335995039424,0.02659667997519712,0.02659667997519712,LumA,Strengthened
HALLMARK_EPITHELIAL_MESENCHYMAL_TRANSITION,HALLMARK_MYC_TARGETS_V1,-0.08656307346954378,0.03969718042659243,0.0025062656641604,0.0955384008302077,0.04453466956685209,-0.03732917443184797,0.21731248325874564,0.30954394417670167,0.0025062656641604,0.019917720048004184,-0.049233899037695816,0.024616949518847908,0.024616949518847908,LumA,Strengthened
HALLMARK_EPITHELIAL_MESENCHYMAL_TRANSITION,HALLMARK_MYC_TARGETS_V2,0.061899861942254455,0.14169889411391381,0.0,0.26742842752287016,0.030949930971127228,0.04892650155051177,0.10579292955111885,0.17442306689114484,0.0,0.024463250775255886,0.012973360391742683,0.006486680195871342,0.006486680195871342,LumA,Strengthened
HALLMARK_EPITHELIAL_MESENCHYMAL_TRANSITION,HALLMARK_MYOGENESIS,0.1956717183830857,2.7841079680869368e-06,0.0526315789473684,2.6854584731547227e-05,0.12415164866522704,0.2569907384634874,5.828154334294367e-18,1.42789781190212e-16,0.0526315789473684,0.15481115870542791,-0.061319020080401715,-0.03065951004020087,0.03065951004020087,LumA,Weakened
HALLMARK_EPITHELIAL_MESENCHYMAL_TRANSITION,HALLMARK_NOTCH_SIGNALING,0.16170519262807548,0.00011310315031971519,0.008695652173913,0.0007479220892344599,0.08520042240099424,0.1265975877017951,2.6759975947457783e-05,0.00013434823990014666,0.008695652173913,0.06764661993785405,0.03510760492628037,0.017553802463140186,0.017553802463140186,LumA,Strengthened
HALLMARK_EPITHELIAL_MESENCHYMAL_TRANSITION,HALLMARK_OXIDATIVE_PHOSPHORYLATION,0.14971737538973687,0.0003556117515989169,0.0,0.0019518927341574406,0.07485868769486843,0.11129351601515662,0.00022570138804442382,0.0009277993300483865,0.0,0.05564675800757831,0.038423859374580246,0.019211929687290123,0.019211929687290123,LumA,Strengthened
HALLMARK_EPITHELIAL_MESENCHYMAL_TRANSITION,HALLMARK_P53_PATHWAY,0.036165515252534655,0.3908806543354328,0.0178117048346055,0.5503779328286267,0.026988610043570078,-0.01953619643448378,0.5186060030353422,0.611213054289756,0.0178117048346055,0.01867395063454464,0.055701711687018436,0.008314659409025437,0.008314659409025437,LumA,Strengthened
HALLMARK_EPITHELIAL_MESENCHYMAL_TRANSITION,HALLMARK_PANCREAS_BETA_CELLS,0.02658822342094622,0.5282323055805657,0.0,0.6829956360511631,0.01329411171047311,-0.00014250313168001426,0.9962435746670403,0.9978727546746724,0.0,7.125156584000713e-05,0.026730726552626233,0.013222860144633104,0.013222860144633104,LumA,Strengthened
HALLMARK_EPITHELIAL_MESENCHYMAL_TRANSITION,HALLMARK_PEROXISOME,0.0011885574950115491,0.9775113054819986,0.0033003300330033,0.9856823564715779,0.0022444437640074246,0.0438468919927552,0.14725257582774726,0.22632924139145594,0.0033003300330033,0.02357361101287925,-0.04265833449774365,-0.021329167248871825,0.021329167248871825,LumA,Weakened
HALLMARK_EPITHELIAL_MESENCHYMAL_TRANSITION,HALLMARK_PI3K_AKT_MTOR_SIGNALING,-0.2051419716123688,8.753727637685842e-07,0.0,9.489660492181556e-06,0.1025709858061844,-0.09216731150642887,0.00227695172630174,0.0067373571611585295,0.0,0.046083655753214436,-0.11297466010593993,0.056487330052969964,0.056487330052969964,LumA,Strengthened
HALLMARK_EPITHELIAL_MESENCHYMAL_TRANSITION,HALLMARK_PROTEIN_SECRETION,-0.10836610065563004,0.009945364396798504,0.0033898305084745,0.03240178560127172,0.05587796558205227,-0.003920476510809689,0.8969425236024621,0.9264372608878719,0.0033898305084745,0.0036551535096420945,-0.10444562414482035,0.052222812072410175,0.052222812072410175,LumA,Strengthened
HALLMARK_EPITHELIAL_MESENCHYMAL_TRANSITION,HALLMARK_REACTIVE_OXYGEN_SPECIES_PATHWAY,-0.08250246472057063,0.04998870176760131,0.0,0.11446011152394693,0.041251232360285314,-0.10531991106765386,0.00048437332418719507,0.0017659444110991486,0.0,0.05265995553382693,0.02281744634708323,-0.011408723173541614,0.011408723173541614,LumA,Weakened
HALLMARK_EPITHELIAL_MESENCHYMAL_TRANSITION,HALLMARK_SPERMATOGENESIS,-0.045512769025900054,0.28014663057128963,0.0,0.4366152957376969,0.022756384512950027,-0.01993572088435389,0.5100890807010763,0.6048975061556809,0.0,0.009967860442176945,-0.025577048141546165,0.012788524070773083,0.012788524070773083,LumA,Strengthened
HALLMARK_EPITHELIAL_MESENCHYMAL_TRANSITION,HALLMARK_TGF_BETA_SIGNALING,-0.04106631417983179,0.32986569952554096,0.0200803212851405,0.48914922576261893,0.030573317732486144,-0.02873411890881708,0.3423613818652248,0.4456883026407018,0.0200803212851405,0.02440722009697879,-0.012332195271014708,0.006166097635507354,0.006166097635507354,LumA,Strengthened
HALLMARK_EPITHELIAL_MESENCHYMAL_TRANSITION,HALLMARK_TNFA_SIGNALING_VIA_NFKB,-0.006003855330816089,0.8867678192872603,0.0582010582010582,0.9332393287172629,0.03210245676593714,0.032728114754696155,0.2794496118195179,0.37651347924840645,0.0582010582010582,0.04546458647787718,-0.03873197008551224,-0.013362129711940035,0.013362129711940035,LumA,Weakened
HALLMARK_EPITHELIAL_MESENCHYMAL_TRANSITION,HALLMARK_UNFOLDED_PROTEIN_RESPONSE,-0.060071012708257376,0.15386908462002136,0.0032051282051282,0.2853048374593545,0.031638070456692785,-0.12160523723939612,5.517468570525356e-05,0.00026092622979901426,0.0032051282051282,0.062405182722262156,0.06153422453113874,-0.03076711226556937,0.03076711226556937,LumA,Weakened
HALLMARK_EPITHELIAL_MESENCHYMAL_TRANSITION,HALLMARK_UV_RESPONSE_DN,0.283006035396653,7.248841866164941e-12,0.0617283950617283,2.0650770432679193e-10,0.17236721522919063,0.2285809104406244,1.957796900661548e-14,3.931641316902289e-13,0.0617283950617283,0.14515465275117634,0.05442512495602858,0.02721256247801429,0.02721256247801429,LumA,Strengthened
HALLMARK_EPITHELIAL_MESENCHYMAL_TRANSITION,HALLMARK_UV_RESPONSE_UP,0.06465256670533144,0.12478952955194308,0.0199430199430199,0.24264630746211158,0.04229779332417567,0.06967564090249372,0.021181398804702822,0.04629339455207388,0.0199430199430199,0.04480933042275681,-0.005023074197162275,-0.0025115370985811375,0.0025115370985811375,LumA,Weakened
HALLMARK_EPITHELIAL_MESENCHYMAL_TRANSITION,HALLMARK_WNT_BETA_CATENIN_SIGNALING,-0.01793156633194611,0.6706043496472227,0.0083333333333333,0.798338511484789,0.013132449832639705,-0.005734055524396036,0.8497460375811025,0.8896913641340602,0.0083333333333333,0.007033694428864668,-0.012197510807550074,0.006098755403775037,0.006098755403775037,LumA,Strengthened
HALLMARK_EPITHELIAL_MESENCHYMAL_TRANSITION,HALLMARK_XENOBIOTIC_METABOLISM,0.009414859447241858,0.8233035907415927,0.0126582278481012,0.8933099190951737,0.011036543647671529,0.04487701818005115,0.13797136640002938,0.21448594395943651,0.0126582278481012,0.028767623014076177,-0.03546215873280929,-0.017731079366404646,0.017731079366404646,LumA,Weakened
HALLMARK_ESTROGEN_RESPONSE_EARLY,HALLMARK_ESTROGEN_RESPONSE_LATE,0.8583729360808815,2.5183509328947524e-165,0.3377926421404682,1.5424899463980358e-162,0.5980827891106748,0.8712596845026659,0.0,0.0,0.3377926421404682,0.6045261633215671,-0.012886748421784389,-0.00644337421089225,0.00644337421089225,LumA,Weakened
HALLMARK_ESTROGEN_RESPONSE_EARLY,HALLMARK_FATTY_ACID_METABOLISM,-0.14967758153276234,0.0003569175285316463,0.0084507042253521,0.0019518927341574406,0.07906414287905722,-0.059005721104338806,0.05104243553102951,0.09459452878292154,0.0084507042253521,0.03372821266484545,-0.09067186042842354,0.04533593021421177,0.04533593021421177,LumA,Strengthened
HALLMARK_ESTROGEN_RESPONSE_EARLY,HALLMARK_G2M_CHECKPOINT,-0.10477030065804656,0.012713081319033525,0.0075566750629722,0.03972837912197976,0.05616348786050938,-0.06773181434162562,0.025072287172788643,0.053137632848903264,0.0075566750629722,0.03764424470229891,-0.03703848631642094,0.01851924315821047,0.01851924315821047,LumA,Strengthened
HALLMARK_ESTROGEN_RESPONSE_EARLY,HALLMARK_GLYCOLYSIS,0.052756143197590054,0.21053557986550797,0.0204081632653061,0.3537806383199551,0.036582153231448075,-0.08161093461532025,0.006918193944447906,0.01777905593510943,0.0204081632653061,0.051009548940313176,0.1343670778129103,-0.014427395708865101,0.014427395708865101,LumA,Weakened
HALLMARK_ESTROGEN_RESPONSE_EARLY,HALLMARK_HEDGEHOG_SIGNALING,0.013780663929429702,0.7437792763503643,0.0042553191489361,0.848890811695593,0.009017991539182901,-0.016910098176926458,0.5763573439112928,0.6629462406491397,0.0042553191489361,0.010582708662931279,0.03069076210635616,-0.001564717123748378,0.001564717123748378,LumA,Weakened
HALLMARK_ESTROGEN_RESPONSE_EARLY,HALLMARK_HEME_METABOLISM,0.09152344607394261,0.02961238771558425,0.0101010101010101,0.07685418421947184,0.050812228087476353,0.04808429845807715,0.11194265053290345,0.18090995633615664,0.0101010101010101,0.029092654279543627,0.04343914761586546,0.021719573807932727,0.021719573807932727,LumA,Strengthened
HALLMARK_ESTROGEN_RESPONSE_EARLY,HALLMARK_HYPOXIA,-0.04785438386995978,0.25611677533632793,0.0335917312661498,0.41119665765006774,0.04072305756805479,0.047055806610320036,0.11983065782383705,0.19097233176661896,0.0335917312661498,0.040323768938234916,-0.09491019048027982,0.00039928862981987445,0.00039928862981987445,LumA,Strengthened
HALLMARK_ESTROGEN_RESPONSE_EARLY,HALLMARK_IL2_STAT5_SIGNALING,0.09284727202581217,0.02732554472807364,0.0310077519379844,0.0722976075418795,0.06192751198189828,0.12784442375187588,2.2240706627609816e-05,0.0001125820893339753,0.0310077519379844,0.07942608784493013,-0.03499715172606371,-0.01749857586303185,0.01749857586303185,LumA,Weakened
HALLMARK_ESTROGEN_RESPONSE_EARLY,HALLMARK_IL6_JAK_STAT3_SIGNALING,0.005735299603433307,0.8918009489357467,0.0105633802816901,0.9345219524775789,0.008149339942561704,-0.03456579457723958,0.2533205341395523,0.34962230209049033,0.0105633802816901,0.02256458742946484,0.04030109418067289,-0.014415247486903135,0.014415247486903135,LumA,Weakened
HALLMARK_ESTROGEN_RESPONSE_EARLY,HALLMARK_INFLAMMATORY_RESPONSE,-0.08316504479929143,0.0481710316390605,0.0126582278481012,0.11112902779255954,0.04791163632369631,-0.05662406466295627,0.06117339257947843,0.10971801743757112,0.0126582278481012,0.034641146255528735,-0.026540980136335164,0.013270490068167579,0.013270490068167579,LumA,Strengthened
HALLMARK_ESTROGEN_RESPONSE_EARLY,HALLMARK_INTERFERON_ALPHA_RESPONSE,0.06643385158988123,0.11471263247698515,0.0033783783783783,0.22812171231218636,0.034906114984129766,0.09706484548504939,0.0013071408949131436,0.004180803123416713,0.0033783783783783,0.050221611931713844,-0.030630993895168157,-0.015315496947584079,0.015315496947584079,LumA,Weakened
HALLMARK_ESTROGEN_RESPONSE_EARLY,HALLMARK_INTERFERON_GAMMA_RESPONSE,-0.061492957174636785,0.1443407643488338,0.0025062656641604,0.2711923870050942,0.03199961141939859,-0.0865833497835211,0.004158099570802789,0.011498130867344055,0.0025062656641604,0.04454480772384075,0.025090392608884314,-0.01254519630444216,0.01254519630444216,LumA,Weakened
HALLMARK_ESTROGEN_RESPONSE_EARLY,HALLMARK_KRAS_SIGNALING_DN,-0.05980751845250765,0.1556859469188577,0.0075566750629722,0.28725128208419776,0.03368209675773993,-0.08315777749196615,0.005921031553450924,0.015432475857398686,0.0075566750629722,0.04535722627746917,0.023350259039458497,-0.011675129519729245,0.011675129519729245,LumA,Weakened
HALLMARK_ESTROGEN_RESPONSE_EARLY,HALLMARK_KRAS_SIGNALING_UP,-0.07503752803905414,0.07471910041143309,0.0050251256281407,0.15946149478049745,0.04003132683359742,-0.0664647290501262,0.027928915366643138,0.05798800224430143,0.0050251256281407,0.035744927339133446,-0.008572798988927946,0.004286399494463973,0.004286399494463973,LumA,Strengthened
HALLMARK_ESTROGEN_RESPONSE_EARLY,HALLMARK_MITOTIC_SPINDLE,0.18144954228635246,1.4278926366149269e-05,0.0075757575757575,0.00011212618460597984,0.09451264993105499,0.20033901810629903,2.2830005815044503e-11,3.0398649047205996e-10,0.0075757575757575,0.10395738784102826,-0.018889475819946572,-0.009444737909973272,0.009444737909973272,LumA,Weakened
HALLMARK_ESTROGEN_RESPONSE_EARLY,HALLMARK_MTORC1_SIGNALING,0.012299760135669663,0.7704964966468332,0.0256410256410256,0.8635482235977773,0.01897039288834763,-0.016557171157913966,0.5843437078253202,0.6689916281177731,0.0256410256410256,0.02109909839946978,0.02885693129358363,-0.0021287055111221496,0.0021287055111221496,LumA,Weakened
HALLMARK_ESTROGEN_RESPONSE_EARLY,HALLMARK_MYC_TARGETS_V1,0.007350782089951588,0.8615970904017245,0.0025062656641604,0.9185869762768603,0.004928523877055994,0.017130398320865988,0.5713983959666115,0.6590989030688316,0.0025062656641604,0.009818331992513194,-0.0097796162309144,-0.0048898081154572,0.0048898081154572,LumA,Weakened
HALLMARK_ESTROGEN_RESPONSE_EARLY,HALLMARK_MYC_TARGETS_V2,0.16220598462466587,0.00010762338994661315,0.0117647058823529,0.0007243882015637423,0.08698534525350939,0.049670291960540895,0.1005871714806019,0.16696380089937307,0.0117647058823529,0.030717498921446897,0.11253569266412497,0.056267846332062485,0.056267846332062485,LumA,Strengthened
HALLMARK_ESTROGEN_RESPONSE_EARLY,HALLMARK_MYOGENESIS,-0.11051292259017124,0.00856106868607686,0.0256410256410256,0.029050717840565524,0.06807697411559842,-0.09394592806291917,0.0018667345547259222,0.005632388742707524,0.0256410256410256,0.05979347685197238,-0.016566994527252077,0.008283497263626038,0.008283497263626038,LumA,Strengthened
HALLMARK_ESTROGEN_RESPONSE_EARLY,HALLMARK_NOTCH_SIGNALING,-0.047411233409311686,0.26055127398260103,0.008695652173913,0.4166779512123842,0.028053442791612343,-0.1390791396719147,3.887008899682429e-06,2.3572207436192945e-05,0.008695652173913,0.07388739592291385,0.09166790626260302,-0.04583395313130151,0.04583395313130151,LumA,Weakened
HALLMARK_ESTROGEN_RESPONSE_EARLY,HALLMARK_OXIDATIVE_PHOSPHORYLATION,0.021444862549582833,0.6109848354856452,0.0,0.7492056290990143,0.010722431274791416,0.03022488171784708,0.3178947048200597,0.42008739310094195,0.0,0.01511244085892354,-0.008780019168264246,-0.004390009584132123,0.004390009584132123,LumA,Weakened
HALLMARK_ESTROGEN_RESPONSE_EARLY,HALLMARK_P53_PATHWAY,-0.01744740636081235,0.6789962984262077,0.0204081632653061,0.8045534006759588,0.018927784813059227,-0.07530153961125995,0.01272624735875074,0.030037867079903004,0.0204081632653061,0.047854851438283025,0.057854133250447595,-0.028927066625223798,0.028927066625223798,LumA,Weakened
HALLMARK_ESTROGEN_RESPONSE_EARLY,HALLMARK_PANCREAS_BETA_CELLS,-0.10861445071604586,0.009775645387373535,0.0,0.03201915935703899,0.05430722535802293,-0.027696634749936517,0.3600797809614774,0.4614130624143908,0.0,0.013848317374968258,-0.08091781596610935,0.040458907983054675,0.040458907983054675,LumA,Strengthened
HALLMARK_ESTROGEN_RESPONSE_EARLY,HALLMARK_PEROXISOME,0.03461326897581924,0.4115483053674489,0.0167224080267558,0.570783913490437,0.02566783850128752,-0.02567555842206651,0.39621227200371106,0.49729511598826437,0.0167224080267558,0.021198983224411154,0.060288827397885755,0.004468855276876366,0.004468855276876366,LumA,Strengthened
HALLMARK_ESTROGEN_RESPONSE_EARLY,HALLMARK_PI3K_AKT_MTOR_SIGNALING,0.027178566179408788,0.5191115540460985,0.009933774834437,0.674349579752355,0.018556170506922893,0.009879338973115898,0.7441216080119915,0.8017141335221544,0.009933774834437,0.00990655690377645,0.01729922720629289,0.008649613603146443,0.008649613603146443,LumA,Strengthened
HALLMARK_ESTROGEN_RESPONSE_EARLY,HALLMARK_PROTEIN_SECRETION,-0.15041476181968,0.00033343912725209335,0.0068027210884353,0.001848248556035359,0.07860874145405765,-0.1489495711677268,7.474758550997159e-07,4.896566430466054e-06,0.0068027210884353,0.07787614612808105,-0.001465190651953191,0.0007325953259765955,0.0007325953259765955,LumA,Strengthened
HALLMARK_ESTROGEN_RESPONSE_EARLY,HALLMARK_REACTIVE_OXYGEN_SPECIES_PATHWAY,-0.03689057640581065,0.38144607609630177,0.0,0.5414501080161873,0.018445288202905325,-0.007115262471384626,0.8141497363386291,0.8627451790785645,0.0,0.003557631235692313,-0.029775313934426024,0.014887656967213012,0.014887656967213012,LumA,Strengthened
HALLMARK_ESTROGEN_RESPONSE_EARLY,HALLMARK_SPERMATOGENESIS,-0.09881890373090871,0.018801193212633568,0.0,0.05356153880343284,0.049409451865454354,-0.11722280921100214,0.00010182739406185987,0.0004602898809069312,0.0,0.05861140460550107,0.018403905480093435,-0.009201952740046718,0.009201952740046718,LumA,Weakened
HALLMARK_ESTROGEN_RESPONSE_EARLY,HALLMARK_TGF_BETA_SIGNALING,-0.21295747249282876,3.2309006423097147e-07,0.0119521912350597,3.945927976255151e-06,0.11245483186394423,-0.201836180384879,1.6092010172301414e-11,2.190301384563248e-10,0.0119521912350597,0.10689418580996934,-0.011121292107949765,0.0055606460539748825,0.0055606460539748825,LumA,Strengthened
HALLMARK_ESTROGEN_RESPONSE_EARLY,HALLMARK_TNFA_SIGNALING_VIA_NFKB,0.1152035570572722,0.006117321857859228,0.0335917312661498,0.021911459870987,0.074397644161711,0.07117463012711138,0.01855044716126852,0.04131690504100716,0.0335917312661498,0.05238318069663059,0.04402892693016082,0.022014463465080417,0.022014463465080417,LumA,Strengthened
HALLMARK_ESTROGEN_RESPONSE_EARLY,HALLMARK_UNFOLDED_PROTEIN_RESPONSE,0.08998650574226615,0.03247148278673016,0.0162337662337662,0.0821696643695544,0.05311013598801617,0.2005642353563958,2.166365913352501e-11,2.916261806436059e-10,0.0162337662337662,0.10839900079508101,-0.11057772961412966,-0.05528886480706484,0.05528886480706484,LumA,Weakened
HALLMARK_ESTROGEN_RESPONSE_EARLY,HALLMARK_UV_RESPONSE_DN,0.16048023763335847,0.0001276333532584489,0.0207715133531157,0.0008228992512715785,0.09062587549323708,0.14863231182016473,7.895010433067415e-07,5.144355202397651e-06,0.0207715133531157,0.08470191258664021,0.011847925813193744,0.005923962906596872,0.005923962906596872,LumA,Strengthened
HALLMARK_ESTROGEN_RESPONSE_EARLY,HALLMARK_UV_RESPONSE_UP,-0.12400756065500482,0.003152100836668259,0.0257879656160458,0.01274364199643108,0.0748977631355253,-0.11248947847988729,0.00019281371155619484,0.0008061324117963777,0.0257879656160458,0.06913872204796655,-0.01151808217511753,0.005759041087558758,0.005759041087558758,LumA,Strengthened
HALLMARK_ESTROGEN_RESPONSE_EARLY,HALLMARK_WNT_BETA_CATENIN_SIGNALING,0.1273980892159318,0.0024142853314668184,0.0083333333333333,0.010269095593912684,0.06786571127463255,0.18648001639496808,5.116186317619449e-10,5.449850642681587e-09,0.0083333333333333,0.0974066748641507,-0.05908192717903629,-0.029540963589518146,0.029540963589518146,LumA,Weakened
HALLMARK_ESTROGEN_RESPONSE_EARLY,HALLMARK_XENOBIOTIC_METABOLISM,-0.09888086651952871,0.018726558139551857,0.0126582278481012,0.053473272076808916,0.05576954718381495,0.01455266743548597,0.6306483919674208,0.710059081029495,0.0126582278481012,0.013605447641793585,-0.11343353395501468,0.04216409954202137,0.04216409954202137,LumA,Strengthened
HALLMARK_ESTROGEN_RESPONSE_LATE,HALLMARK_FATTY_ACID_METABOLISM,0.18644406961298066,8.154574638490067e-06,0.0170454545454545,6.842023241198857e-05,0.10174476207921758,0.07700669697159307,0.01083671521645742,0.026024850454772888,0.0170454545454545,0.047026075758523786,0.10943737264138759,0.05471868632069379,0.05471868632069379,LumA,Strengthened
HALLMARK_ESTROGEN_RESPONSE_LATE,HALLMARK_G2M_CHECKPOINT,0.12160787817823536,0.0037923621765349694,0.0204081632653061,0.014748075130969327,0.07100802072177073,0.12538847229548233,3.1965692654733134e-05,0.00015917875407336622,0.0204081632653061,0.07289831778039421,-0.0037805941172469743,-0.0018902970586234802,0.0018902970586234802,LumA,Weakened
HALLMARK_ESTROGEN_RESPONSE_LATE,HALLMARK_GLYCOLYSIS,-0.05294062151918434,0.2089425105071787,0.0204081632653061,0.35304079361557783,0.03667439239224522,0.0028148574611684524,0.9259059067404749,0.9483568024724763,0.0204081632653061,0.011611510363237276,-0.055755478980352796,0.025062882029007947,0.025062882029007947,LumA,Strengthened
HALLMARK_ESTROGEN_RESPONSE_LATE,HALLMARK_HEDGEHOG_SIGNALING,-0.03013691033331536,0.47465716508622385,0.0,0.6299621096756491,0.01506845516665768,0.04195542222267243,0.16552474198740422,0.2484899619296203,0.0,0.020977711111336214,-0.07209233255598779,-0.005909255944678534,0.005909255944678534,LumA,Weakened
HALLMARK_ESTROGEN_RESPONSE_LATE,HALLMARK_HEME_METABOLISM,-0.12045214595364899,0.004140952225231848,0.0050251256281407,0.01580269930189724,0.06273863579089485,-0.0742544184284688,0.014025916533204133,0.032852290159034535,0.0050251256281407,0.03963977202830475,-0.046197727525180185,0.0230988637625901,0.0230988637625901,LumA,Strengthened
HALLMARK_ESTROGEN_RESPONSE_LATE,HALLMARK_HYPOXIA,0.041498493279159596,0.3247972104027035,0.0309278350515463,0.4846243395168231,0.036213164165352946,-0.0097253484176759,0.7479737465643158,0.8037437188958657,0.0309278350515463,0.0203265917346111,0.0512238416968355,0.015886572430741847,0.015886572430741847,LumA,Strengthened
HALLMARK_ESTROGEN_RESPONSE_LATE,HALLMARK_IL2_STAT5_SIGNALING,-0.049071397846415205,0.24420837583233676,0.0204603580562659,0.39570801639499015,0.03476587795134055,-0.06892596731705414,0.02261491630704303,0.04860223241425914,0.0204603580562659,0.044693162686660015,0.019854569470638933,-0.009927284735319467,0.009927284735319467,LumA,Weakened
HALLMARK_ESTROGEN_RESPONSE_LATE,HALLMARK_IL6_JAK_STAT3_SIGNALING,0.010175922397906434,0.8092842589860406,0.0141342756183745,0.8851839395646909,0.012155099008140467,0.022033691140038867,0.46659255423060964,0.564240749192988,0.0141342756183745,0.018083983379206685,-0.011857768742132433,-0.005928884371066218,0.005928884371066218,LumA,Weakened
HALLMARK_ESTROGEN_RESPONSE_LATE,HALLMARK_INFLAMMATORY_RESPONSE,-0.03421539030380769,0.41694825183970335,0.0025062656641604,0.573889447756895,0.018360827983984047,-0.023919163842207367,0.42932279231012666,0.5300807707756938,0.0025062656641604,0.013212714753183884,-0.010296226461600326,0.005148113230800163,0.005148113230800163,LumA,Strengthened
HALLMARK_ESTROGEN_RESPONSE_LATE,HALLMARK_INTERFERON_ALPHA_RESPONSE,-0.0005695328395319906,0.9892227735045386,0.0033783783783783,0.994524889807367,0.0019739556089551453,-0.0011625139801233057,0.9693631912994435,0.9802982388246019,0.0033783783783783,0.0022704461792508028,0.0005929811405913151,-0.00029649057029565743,0.00029649057029565743,LumA,Weakened
HALLMARK_ESTROGEN_RESPONSE_LATE,HALLMARK_INTERFERON_GAMMA_RESPONSE,-0.0007119306909588721,0.9865284196622613,0.0075566750629722,0.9933408932376993,0.004134302876965536,-0.0054198760075653265,0.8578886947296315,0.8943945966330201,0.0075566750629722,0.006488275535268763,0.004707945316606454,-0.002353972658303227,0.002353972658303227,LumA,Weakened
HALLMARK_ESTROGEN_RESPONSE_LATE,HALLMARK_KRAS_SIGNALING_DN,0.04011449353376486,0.34120751681664785,0.0126582278481012,0.49997512930669097,0.02638636069093303,0.06039919105260179,0.04579438595471192,0.08630480429926476,0.0126582278481012,0.03652870945035149,-0.02028469751883693,-0.010142348759418461,0.010142348759418461,LumA,Weakened
HALLMARK_ESTROGEN_RESPONSE_LATE,HALLMARK_KRAS_SIGNALING_UP,0.07382838876198458,0.07953547043773734,0.0204081632653061,0.1674071327942066,0.04711827601364534,0.03964645183528356,0.19007777492510314,0.27852305536274086,0.0204081632653061,0.030027307550294827,0.034181936926701025,0.017090968463350516,0.017090968463350516,LumA,Strengthened
HALLMARK_ESTROGEN_RESPONSE_LATE,HALLMARK_MITOTIC_SPINDLE,-0.21933199477507034,1.3929767779268673e-07,0.010126582278481,1.815315481872779e-06,0.11472928852677568,-0.21026085015275242,2.136897670239978e-12,3.399609929927238e-11,0.010126582278481,0.11019371621561672,-0.009071144622317923,0.004535572311158961,0.004535572311158961,LumA,Strengthened
HALLMARK_ESTROGEN_RESPONSE_LATE,HALLMARK_MTORC1_SIGNALING,-0.039417714584404566,0.34966624000061963,0.0282776349614395,0.5081152360625848,0.03384767477292203,-0.013990972253371262,0.6438989031332727,0.7216616251951135,0.0282776349614395,0.021134303607405383,-0.025426742331033304,0.01271337116551665,0.01271337116551665,LumA,Strengthened
HALLMARK_ESTROGEN_RESPONSE_LATE,HALLMARK_MYC_TARGETS_V1,-0.03340597308086038,0.4280612752773679,0.0050251256281407,0.5864220518439263,0.01921554935450054,-0.05186938782206787,0.08638045269005233,0.14737612053664917,0.0050251256281407,0.028447256725104283,0.01846341474120749,-0.009231707370603744,0.009231707370603744,LumA,Weakened
HALLMARK_ESTROGEN_RESPONSE_LATE,HALLMARK_MYC_TARGETS_V2,-0.159916772120203,0.00013489062203164676,0.0117647058823529,0.0008606302707748297,0.08584073900127795,-0.1057421204940819,0.0004594985995696142,0.001685286779858615,0.0117647058823529,0.0587534131882174,-0.054174651626121104,0.027087325813060552,0.027087325813060552,LumA,Strengthened
HALLMARK_ESTROGEN_RESPONSE_LATE,HALLMARK_MYOGENESIS,0.04476311351596243,0.28815255338527557,0.015228426395939,0.4440086514427202,0.029995769955950716,0.035648719548991056,0.23874405340742869,0.3330996189340548,0.015228426395939,0.025438572972465028,0.009114393966971376,0.004557196983485688,0.004557196983485688,LumA,Strengthened
HALLMARK_ESTROGEN_RESPONSE_LATE,HALLMARK_NOTCH_SIGNALING,0.06325982471592517,0.13313758881446933,0.0043290043290043,0.254893103055545,0.03379441452246473,0.11465918954893964,0.00014432588455300785,0.0006160251169945456,0.0043290043290043,0.059494096938971966,-0.051399364833014466,-0.025699682416507233,0.025699682416507233,LumA,Weakened
HALLMARK_ESTROGEN_RESPONSE_LATE,HALLMARK_OXIDATIVE_PHOSPHORYLATION,-0.045844372187428054,0.276653826381091,0.0075566750629722,0.4328236747341462,0.026700523625200128,-0.042956605249343055,0.15565145295359825,0.237155509786266,0.0075566750629722,0.02525664015615763,-0.0028877669380849985,0.0014438834690424993,0.0014438834690424993,LumA,Strengthened
HALLMARK_ESTROGEN_RESPONSE_LATE,HALLMARK_P53_PATHWAY,0.0598052123560603,0.15570191943176107,0.0230179028132992,0.28725128208419776,0.04141155758467975,0.08582534646840013,0.004501060634195726,0.012345449347671475,0.0230179028132992,0.05442162464084967,-0.026020134112339832,-0.013010067056169916,0.013010067056169916,LumA,Weakened
HALLMARK_ESTROGEN_RESPONSE_LATE,HALLMARK_PANCREAS_BETA_CELLS,0.05638541426945799,0.1807782323534537,0.0,0.32001926970083927,0.028192707134728996,-0.008816715266829624,0.7708287276553093,0.8232477692918517,0.0,0.004408357633414812,0.06520212953628762,0.023784349501314184,0.023784349501314184,LumA,Strengthened
HALLMARK_ESTROGEN_RESPONSE_LATE,HALLMARK_PEROXISOME,0.025283181662228715,0.5486799931505142,0.0167224080267558,0.6972333937856637,0.02100279484449226,0.052286261623729326,0.08387916882663497,0.1451299178144461,0.0167224080267558,0.034504334825242566,-0.02700307996150061,-0.013501539980750307,0.013501539980750307,LumA,Weakened
HALLMARK_ESTROGEN_RESPONSE_LATE,HALLMARK_PI3K_AKT_MTOR_SIGNALING,-0.0473109287429603,0.26156230741502723,0.0066006600660066,0.4177494479575077,0.02695579440448345,-0.01927942770131742,0.524118189997693,0.6161658183754068,0.0066006600660066,0.01294004388366201,-0.02803150104164288,0.014015750520821438,0.014015750520821438,LumA,Strengthened
HALLMARK_ESTROGEN_RESPONSE_LATE,HALLMARK_PROTEIN_SECRETION,0.15146898300941708,0.0003023580976798955,0.0033898305084745,0.001714762359527185,0.07742940675894579,0.1050249180952,0.0005024911508935909,0.0018104460583666143,0.0033898305084745,0.054207374301837245,0.046444064914217084,0.023222032457108542,0.023222032457108542,LumA,Strengthened
HALLMARK_ESTROGEN_RESPONSE_LATE,HALLMARK_REACTIVE_OXYGEN_SPECIES_PATHWAY,-0.010627512576748195,0.8009940996008461,0.0,0.8815537467878263,0.005313756288374097,-0.02132930593980185,0.48096286043072245,0.5787617917756729,0.0,0.010664652969900925,0.010701793363053656,-0.005350896681526828,0.005350896681526828,LumA,Weakened
HALLMARK_ESTROGEN_RESPONSE_LATE,HALLMARK_SPERMATOGENESIS,0.16486694724902873,8.245955913151406e-05,0.006006006006006,0.0005674885389668805,0.08543647662751737,0.14094059565412054,2.8722026863215964e-06,1.776994086234321e-05,0.006006006006006,0.07347330083006327,0.02392635159490819,0.011963175797454095,0.011963175797454095,LumA,Strengthened
HALLMARK_ESTROGEN_RESPONSE_LATE,HALLMARK_TGF_BETA_SIGNALING,0.16575858426463624,7.534985068469212e-05,0.016,0.0005304802706249876,0.09087929213231813,0.12941692919403672,1.7569860354382505e-05,9.158756993241944e-05,0.016,0.07270846459701835,0.03634165507059953,0.018170827535299777,0.018170827535299777,LumA,Strengthened
HALLMARK_ESTROGEN_RESPONSE_LATE,HALLMARK_TNFA_SIGNALING_VIA_NFKB,-0.03902616701395584,0.354477279831372,0.0309278350515463,0.514496051887951,0.034977001032751066,-0.023789382411275126,0.4318314587853783,0.5316517959920487,0.0309278350515463,0.027358608731410713,-0.01523678460268071,0.007618392301340354,0.007618392301340354,LumA,Strengthened
HALLMARK_ESTROGEN_RESPONSE_LATE,HALLMARK_UNFOLDED_PROTEIN_RESPONSE,-0.022276175391387168,0.5972275923706876,0.0129449838187702,0.7367593552334294,0.017610579605078683,-0.05710481763179148,0.05900423352043277,0.10660794404502971,0.0129449838187702,0.03502490072528084,0.034828642240404314,-0.017414321120202157,0.017414321120202157,LumA,Weakened
HALLMARK_ESTROGEN_RESPONSE_LATE,HALLMARK_UV_RESPONSE_DN,-0.08357584013486592,0.047072145897305684,0.0117647058823529,0.10936578781747086,0.04767027300860941,-0.03773469212770463,0.21235438269588888,0.30425043134791097,0.0117647058823529,0.024749699005028766,-0.04584114800716129,0.022920574003580645,0.022920574003580645,LumA,Strengthened
HALLMARK_ESTROGEN_RESPONSE_LATE,HALLMARK_UV_RESPONSE_UP,0.14100005159964416,0.0007768458564802805,0.031700288184438,0.0038684397324729417,0.08635016989204108,0.13434911342326655,8.240606105524293e-06,4.5471812969672334e-05,0.031700288184438,0.08302470080385227,0.006650938176377602,0.003325469088188815,0.003325469088188815,LumA,Strengthened
HALLMARK_ESTROGEN_RESPONSE_LATE,HALLMARK_WNT_BETA_CATENIN_SIGNALING,-0.15544735046648014,0.00020780872079581087,0.0041493775933609,0.0012417838193896015,0.07979836402992052,-0.21277335171139408,1.1507459995391193e-12,1.957866457549196e-11,0.0041493775933609,0.10846136465237749,0.05732600124491394,-0.02866300062245697,0.02866300062245697,LumA,Weakened
HALLMARK_ESTROGEN_RESPONSE_LATE,HALLMARK_XENOBIOTIC_METABOLISM,0.055707876687698034,0.1860830825475146,0.0282776349614395,0.32544345788893,0.04199275582456877,0.028324191991647055,0.3492945889504497,0.4512289149393334,0.0282776349614395,0.028300913476543278,0.02738368469605098,0.01369184234802549,0.01369184234802549,LumA,Strengthened
HALLMARK_FATTY_ACID_METABOLISM,HALLMARK_G2M_CHECKPOINT,-0.25538094358228014,7.30607136937229e-10,0.0084507042253521,1.3560511253759174e-08,0.13191582390381612,-0.27322569380953593,3.498861551760454e-20,1.0205012859301323e-18,0.0084507042253521,0.14083819901744402,0.01784475022725579,-0.008922375113627895,0.008922375113627895,LumA,Weakened
HALLMARK_FATTY_ACID_METABOLISM,HALLMARK_GLYCOLYSIS,0.13923115767005861,0.0009055628888088939,0.0376811594202898,0.004419579835820299,0.0884561585451742,0.1804553362929513,1.840724136199616e-09,1.8879986903004242e-08,0.0376811594202898,0.10906824785662055,-0.04122417862289268,-0.02061208931144634,0.02061208931144634,LumA,Weakened
HALLMARK_FATTY_ACID_METABOLISM,HALLMARK_HEDGEHOG_SIGNALING,-0.07406318380261795,0.07858101284529088,0.0,0.16596851850945057,0.037031591901308974,-0.0709931563871703,0.01885297043718756,0.04191449870336617,0.0,0.03549657819358515,-0.0030700274154476515,0.0015350137077238257,0.0015350137077238257,LumA,Strengthened
HALLMARK_FATTY_ACID_METABOLISM,HALLMARK_HEME_METABOLISM,0.06790839715077551,0.10686380630939588,0.0170454545454545,0.2149559322315434,0.04247692584811501,0.08683841992754376,0.0040481296879932085,0.01127036106316291,0.0170454545454545,0.05194193723649913,-0.01893002277676825,-0.009465011388384126,0.009465011388384126,LumA,Weakened
HALLMARK_FATTY_ACID_METABOLISM,HALLMARK_HYPOXIA,-0.015970025366996956,0.7048463090226001,0.0199430199430199,0.8199778998601,0.01795652265500843,-0.04566963201130614,0.13114180645105838,0.20517076999048087,0.0199430199430199,0.03280632597716302,0.029699606644309182,-0.014849803322154593,0.014849803322154593,LumA,Weakened
HALLMARK_FATTY_ACID_METABOLISM,HALLMARK_IL2_STAT5_SIGNALING,-0.06645053554774062,0.11462136219385365,0.0113314447592068,0.22812171231218636,0.03889099015347371,-0.07263401024554778,0.016268015272326356,0.036904293904814416,0.0113314447592068,0.04198272750237729,0.006183474697807154,-0.003091737348903577,0.003091737348903577,LumA,Weakened
HALLMARK_FATTY_ACID_METABOLISM,HALLMARK_IL6_JAK_STAT3_SIGNALING,-0.04215988245788522,0.3171390178562302,0.0040983606557377,0.476681345857524,0.02312912155681146,-0.09536416804844271,0.0015894975676675129,0.004954540764358023,0.0040983606557377,0.0497312643520902,0.05320428559055749,-0.02660214279527874,0.02660214279527874,LumA,Weakened
HALLMARK_FATTY_ACID_METABOLISM,HALLMARK_INFLAMMATORY_RESPONSE,-0.008300093113302848,0.8439391134496278,0.0,0.906069600329355,0.004150046556651424,-0.01279567746690932,0.6724710369030807,0.745499565797533,0.0,0.00639783873345466,0.004495584353606473,-0.0022477921768032363,0.0022477921768032363,LumA,Weakened
HALLMARK_FATTY_ACID_METABOLISM,HALLMARK_INTERFERON_ALPHA_RESPONSE,-0.12289814562835706,0.0034347804892750572,0.0079051383399209,0.013547441225983307,0.06540164198413898,-0.13970443922168613,3.512878695747288e-06,2.151638201145214e-05,0.0079051383399209,0.07380478878080352,0.016806293593329066,-0.00840314679666454,0.00840314679666454,LumA,Weakened
HALLMARK_FATTY_ACID_METABOLISM,HALLMARK_INTERFERON_GAMMA_RESPONSE,0.12414348500184633,0.003118962231635303,0.0056179775280898,0.012693450942701814,0.06488073126496806,0.1378821545318959,4.712192890553666e-06,2.775209755253962e-05,0.0056179775280898,0.07175006602999284,-0.013738669530049569,-0.006869334765024784,0.006869334765024784,LumA,Weakened
HALLMARK_FATTY_ACID_METABOLISM,HALLMARK_KRAS_SIGNALING_DN,0.05519549888373906,0.19017036579311203,0.0028011204481792,0.32891346130588134,0.028998309665959128,0.030006323957652764,0.3214083219620373,0.4235439359582976,0.0028011204481792,0.01640372220291598,0.025189174926086293,0.012594587463043146,0.012594587463043146,LumA,Strengthened
HALLMARK_FATTY_ACID_METABOLISM,HALLMARK_KRAS_SIGNALING_UP,0.05336154683962634,0.20534024672919476,0.0084507042253521,0.34936361422675494,0.030906125532489222,0.03759424983190743,0.21406219302023943,0.30562492593216006,0.0084507042253521,0.023022477028629765,0.015767297007718915,0.007883648503859458,0.007883648503859458,LumA,Strengthened
HALLMARK_FATTY_ACID_METABOLISM,HALLMARK_MITOTIC_SPINDLE,0.10391519143031346,0.01346382046740882,0.0,0.04135293025708156,0.05195759571515673,0.16720108805315823,2.6491440553251382e-08,2.177987562263956e-07,0.0,0.08360054402657911,-0.06328589662284477,-0.031642948311422385,0.031642948311422385,LumA,Weakened
HALLMARK_FATTY_ACID_METABOLISM,HALLMARK_MTORC1_SIGNALING,-0.10250863200051467,0.014783876377500461,0.028735632183908,0.044496925214835545,0.06562213209221134,-0.129215506061608,1.8111245727066133e-05,9.400964413413564e-05,0.028735632183908,0.07897556912275801,0.02670687406109333,-0.013353437030546672,0.013353437030546672,LumA,Weakened
HALLMARK_FATTY_ACID_METABOLISM,HALLMARK_MYC_TARGETS_V1,0.08515137128782538,0.04305064692066376,0.0112994350282485,0.10194421691363599,0.04822540315803694,0.09158188692004408,0.002429044551542449,0.00711861142497488,0.0112994350282485,0.05144066097414629,-0.006430515632218706,-0.003215257816109353,0.003215257816109353,LumA,Weakened
HALLMARK_FATTY_ACID_METABOLISM,HALLMARK_MYC_TARGETS_V2,0.12163092744906609,0.0037856890085655568,0.0,0.014748075130969327,0.060815463724533045,0.05682483888045692,0.06025960836257418,0.10823756634040083,0.0,0.02841241944022846,0.06480608856860917,0.032403044284304586,0.032403044284304586,LumA,Strengthened
HALLMARK_FATTY_ACID_METABOLISM,HALLMARK_MYOGENESIS,0.010590421261474482,0.8016741827931743,0.0112994350282485,0.8815537467878263,0.01094492814486149,0.060472763369209634,0.04553040641504696,0.08607214175684032,0.0112994350282485,0.035886099198729066,-0.04988234210773515,-0.024941171053867575,0.024941171053867575,LumA,Weakened
HALLMARK_FATTY_ACID_METABOLISM,HALLMARK_NOTCH_SIGNALING,0.1307223965237366,0.0018474129963089367,0.0,0.008169967221943854,0.0653611982618683,0.047239924785835545,0.1183874808498179,0.1893272376514712,0.0,0.023619962392917773,0.08348247173790105,0.041741235868950524,0.041741235868950524,LumA,Strengthened
HALLMARK_FATTY_ACID_METABOLISM,HALLMARK_OXIDATIVE_PHOSPHORYLATION,0.27458001519639463,3.130750152714629e-11,0.0948012232415902,8.159933908671108e-10,0.1846906192189924,0.2388871499466783,1.1607159021013906e-15,2.5852308728621883e-14,0.0948012232415902,0.16684418659413425,0.03569286524971632,0.01784643262485816,0.01784643262485816,LumA,Strengthened
HALLMARK_FATTY_ACID_METABOLISM,HALLMARK_P53_PATHWAY,0.037370204161370296,0.37528238626786087,0.0084507042253521,0.5343402507448608,0.0229104541933612,-0.04784300761631206,0.11375548404259801,0.18335587888445073,0.0084507042253521,0.02814685592083208,0.08521321177768235,-0.00523640172747088,0.00523640172747088,LumA,Weakened
HALLMARK_FATTY_ACID_METABOLISM,HALLMARK_PANCREAS_BETA_CELLS,-0.08269515482360729,0.049454270587300286,0.0,0.1134484671712413,0.04134757741180364,-0.06403982134457857,0.03418245446947303,0.0683030214877586,0.0,0.032019910672289285,-0.018655333479028716,0.009327666739514358,0.009327666739514358,LumA,Strengthened
HALLMARK_FATTY_ACID_METABOLISM,HALLMARK_PEROXISOME,0.3120282541059928,3.1810820063669086e-14,0.1054852320675105,1.1808561993331706e-12,0.20875674308675163,0.272378426828752,4.6097154487601513e-20,1.3132328894723688e-18,0.1054852320675105,0.18893182944813125,0.03964982727724076,0.01982491363862038,0.01982491363862038,LumA,Strengthened
HALLMARK_FATTY_ACID_METABOLISM,HALLMARK_PI3K_AKT_MTOR_SIGNALING,0.14905803451455604,0.0003778325899682514,0.0,0.0020479863836774686,0.07452901725727802,0.04513434085184189,0.13572476432706077,0.21151549063939976,0.0,0.022567170425920945,0.10392369366271414,0.05196184683135707,0.05196184683135707,LumA,Strengthened
HALLMARK_FATTY_ACID_METABOLISM,HALLMARK_PROTEIN_SECRETION,0.12385770353679403,0.0031890070195206947,0.0,0.012850439470108062,0.06192885176839701,0.1305371428168905,1.482904389054061e-05,7.796385736443025e-05,0.0,0.06526857140844525,-0.006679439280096469,-0.0033397196400482346,0.0033397196400482346,LumA,Weakened
HALLMARK_FATTY_ACID_METABOLISM,HALLMARK_REACTIVE_OXYGEN_SPECIES_PATHWAY,-0.15045342310923956,0.0003322484973318992,0.0048543689320388,0.001848248556035359,0.07765389602063918,-0.1731485646826014,8.212040116970312e-09,7.39687437006517e-08,0.0048543689320388,0.0890014668073201,0.022695141573361832,-0.011347570786680916,0.011347570786680916,LumA,Weakened
HALLMARK_FATTY_ACID_METABOLISM,HALLMARK_SPERMATOGENESIS,-0.018625223461298336,0.658652486925678,0.0034246575342465,0.7894807206300934,0.011024940497772417,0.005070339005553595,0.8669654589780937,0.9015557616707681,0.0034246575342465,0.004247498269900047,-0.023695562466851932,0.00677744222787237,0.00677744222787237,LumA,Strengthened
HALLMARK_FATTY_ACID_METABOLISM,HALLMARK_TGF_BETA_SIGNALING,-0.18600502190382703,8.571353287428425e-06,0.0,7.094532281824203e-05,0.09300251095191352,-0.1548773269364694,2.6340885032732086e-07,1.886993226029053e-06,0.0,0.0774386634682347,-0.031127694967357622,0.015563847483678811,0.015563847483678811,LumA,Strengthened
HALLMARK_FATTY_ACID_METABOLISM,HALLMARK_TNFA_SIGNALING_VIA_NFKB,-0.00723056195496172,0.8638384065528603,0.0028011204481792,0.9195208548139168,0.00501584120157046,-0.002226888477413449,0.9413511756499748,0.9585478662615006,0.0028011204481792,0.0025140044627963245,-0.005003673477548271,0.0025018367387741355,0.0025018367387741355,LumA,Strengthened
HALLMARK_FATTY_ACID_METABOLISM,HALLMARK_UNFOLDED_PROTEIN_RESPONSE,0.046701418862552864,0.26776406865162805,0.0,0.42478095904897517,0.023350709431276432,0.05730582225110014,0.05811639813721655,0.10531447887291462,0.0,0.02865291112555007,-0.010604403388547276,-0.005302201694273638,0.005302201694273638,LumA,Weakened
HALLMARK_FATTY_ACID_METABOLISM,HALLMARK_UV_RESPONSE_DN,-0.02165806712559273,0.6074432035304279,0.0066666666666666,0.7463569953107063,0.014162366896129666,0.015364627476063613,0.6117027767666862,0.6925470439364053,0.0066666666666666,0.011015647071365106,-0.037022694601656345,0.0031467198247645597,0.0031467198247645597,LumA,Strengthened
HALLMARK_FATTY_ACID_METABOLISM,HALLMARK_UV_RESPONSE_UP,-0.11099529503564905,0.008274742690851029,0.0293159609120521,0.02824973450553884,0.07015562797385057,-0.029129493355088028,0.33575816324178864,0.438861029458152,0.0293159609120521,0.02922272713357006,-0.08186580168056101,0.040932900840280506,0.040932900840280506,LumA,Strengthened
HALLMARK_FATTY_ACID_METABOLISM,HALLMARK_WNT_BETA_CATENIN_SIGNALING,0.1882806363768836,6.611475675647284e-06,0.0,5.744012555083633e-05,0.0941403181884418,0.12157908359851606,5.5380261018566294e-05,0.00026092622979901426,0.0,0.06078954179925803,0.06670155277836755,0.033350776389183774,0.033350776389183774,LumA,Strengthened
HALLMARK_FATTY_ACID_METABOLISM,HALLMARK_XENOBIOTIC_METABOLISM,0.26427130343096716,1.7531408175360208e-10,0.075075075075075,3.7027543128993543e-09,0.16967318925302108,0.32568972906454347,1.8938760877527208e-28,7.73332735832361e-27,0.075075075075075,0.20038240206980923,-0.0614184256335763,-0.03070921281678815,0.03070921281678815,LumA,Weakened
HALLMARK_G2M_CHECKPOINT,HALLMARK_GLYCOLYSIS,0.052768713481027,0.21042675123811191,0.0178117048346055,0.3537806383199551,0.03529020915781625,0.019522120133600704,0.518907409356201,0.611213054289756,0.0178117048346055,0.018666912484103102,0.033246593347426294,0.016623296673713147,0.016623296673713147,LumA,Strengthened
HALLMARK_G2M_CHECKPOINT,HALLMARK_HEDGEHOG_SIGNALING,-0.0306811970106894,0.466711547194035,0.0085470085470085,0.623469624114169,0.019614102778848952,-0.09911933110737552,0.0010278982008409205,0.003440369661284502,0.0085470085470085,0.05383316982719201,0.06843813409668612,-0.03421906704834306,0.03421906704834306,LumA,Weakened
HALLMARK_G2M_CHECKPOINT,HALLMARK_HEME_METABOLISM,-0.10140149043863655,0.01590162408047954,0.0075566750629722,0.047051907001418924,0.054479082750804375,-0.12689770435188286,2.5598597848678415e-05,0.00012904642948407844,0.0075566750629722,0.06722718970742753,0.0254962139132463,-0.01274810695662315,0.01274810695662315,LumA,Weakened
HALLMARK_G2M_CHECKPOINT,HALLMARK_HYPOXIA,-0.021940666671405804,0.602762961310147,0.0075566750629722,0.7413500277157932,0.014748670867189001,0.0025039279937988878,0.9340705643381277,0.9551222381587701,0.0075566750629722,0.005030301528385544,-0.02444459466520469,0.009718369338803459,0.009718369338803459,LumA,Strengthened
HALLMARK_G2M_CHECKPOINT,HALLMARK_IL2_STAT5_SIGNALING,0.0015016410239022987,0.9715896896423213,0.010126582278481,0.9835334265637509,0.0058141116511916495,-0.00294710565559416,0.9224355285001972,0.946384859642162,0.010126582278481,0.006536843967037581,0.004448746679496459,-0.0007227323158459312,0.0007227323158459312,LumA,Weakened
HALLMARK_G2M_CHECKPOINT,HALLMARK_IL6_JAK_STAT3_SIGNALING,-0.12091114773943194,0.0039991780771178355,0.0034965034965034,0.015405638819086001,0.062203825617967674,-0.1738096314449657,7.191330993713496e-09,6.623594336315062e-08,0.0034965034965034,0.08865306747073455,0.05289848370553375,-0.026449241852766876,0.026449241852766876,LumA,Weakened
HALLMARK_G2M_CHECKPOINT,HALLMARK_INFLAMMATORY_RESPONSE,-0.10562204160920699,0.01200227840415531,0.0075566750629722,0.03789379135332539,0.05658935833608959,-0.058472852145617565,0.05317804442170265,0.09795955551366278,0.0075566750629722,0.03301476360429488,-0.047149189463589425,0.023574594731794712,0.023574594731794712,LumA,Strengthened
HALLMARK_G2M_CHECKPOINT,HALLMARK_INTERFERON_ALPHA_RESPONSE,0.008990335159582183,0.8311484496822378,0.0,0.8970332428914163,0.0044951675797910914,-0.02142135728423538,0.4790713346277595,0.5770524925457281,0.0,0.01071067864211769,0.030411692443817563,-0.006215511062326599,0.006215511062326599,LumA,Weakened
HALLMARK_G2M_CHECKPOINT,HALLMARK_INTERFERON_GAMMA_RESPONSE,0.0117830788313975,0.7798841502872214,0.0075566750629722,0.8708824832286657,0.00966987694718485,0.041304649231358716,0.17219026536237067,0.257422071228145,0.0075566750629722,0.02443066214716546,-0.029521570399961214,-0.014760785199980609,0.014760785199980609,LumA,Weakened
HALLMARK_G2M_CHECKPOINT,HALLMARK_KRAS_SIGNALING_DN,0.03671663218552158,0.38369665473464953,0.0050251256281407,0.5427579700345793,0.02087087890683114,-0.032405073335975,0.2842254251737342,0.3821911589877326,0.0050251256281407,0.018715099482057847,0.06912170552149657,0.002155779424773293,0.002155779424773293,LumA,Strengthened
HALLMARK_G2M_CHECKPOINT,HALLMARK_KRAS_SIGNALING_UP,0.0651020344802931,0.12218413122328219,0.0,0.2383368801728036,0.03255101724014655,0.01928253973468648,0.5240512032874358,0.6161658183754068,0.0,0.00964126986734324,0.04581949474560662,0.02290974737280331,0.02290974737280331,LumA,Strengthened
HALLMARK_G2M_CHECKPOINT,HALLMARK_MITOTIC_SPINDLE,0.4707056971258049,1.699637935869314e-32,0.1083333333333333,1.6015819011076225e-30,0.2895195152295691,0.5167335492757947,1.0250918923119823e-75,1.1415796073474349e-73,0.1083333333333333,0.312533441304564,-0.046027852149989834,-0.023013926074994917,0.023013926074994917,LumA,Weakened
HALLMARK_G2M_CHECKPOINT,HALLMARK_MTORC1_SIGNALING,-0.04206486937985336,0.31823184571920893,0.0230179028132992,0.47773775858582224,0.03254138609657628,-0.039113953123981894,0.1961023964454877,0.28580037810820236,0.0230179028132992,0.031065927968640546,-0.0029509162558714677,0.0014754581279357339,0.0014754581279357339,LumA,Strengthened
HALLMARK_G2M_CHECKPOINT,HALLMARK_MYC_TARGETS_V1,0.05326606408402216,0.20615341044868837,0.0781671159029649,0.349775523268204,0.06571658999349353,-0.010133917475777885,0.7377672611199831,0.7969708067654139,0.0781671159029649,0.044150516689371394,0.06339998155980005,0.021566073304122135,0.021566073304122135,LumA,Strengthened
HALLMARK_G2M_CHECKPOINT,HALLMARK_MYC_TARGETS_V2,0.11489946229133269,0.0062543284194986485,0.0238095238095238,0.02230330900939212,0.06935449305042825,0.10246419047862894,0.0006884593342332144,0.002409607669816251,0.0238095238095238,0.06313685714407637,0.01243527181270375,0.006217635906351882,0.006217635906351882,LumA,Strengthened
HALLMARK_G2M_CHECKPOINT,HALLMARK_MYOGENESIS,0.0928050893604182,0.027395998460448448,0.0050251256281407,0.07232779765958912,0.04891510749427945,0.0937002378486296,0.0019190456045665794,0.005761840356848185,0.0050251256281407,0.04936268173838515,-0.0008951484882114003,-0.0004475742441057001,0.0004475742441057001,LumA,Weakened
HALLMARK_G2M_CHECKPOINT,HALLMARK_NOTCH_SIGNALING,0.15940625872779093,0.00014179902624122346,0.0175438596491228,0.0008907887545923013,0.08847505918845687,0.09506659860918629,0.0016443178338132638,0.005086589258639516,0.0175438596491228,0.056305229129154546,0.06433966011860465,0.03216983005930232,0.03216983005930232,LumA,Strengthened
HALLMARK_G2M_CHECKPOINT,HALLMARK_OXIDATIVE_PHOSPHORYLATION,0.20945347814953838,5.075081817542014e-07,0.0,5.977860794700929e-06,0.10472673907476919,0.21194283434967234,1.4132110921963e-12,2.371484367041736e-11,0.0,0.10597141717483617,-0.002489356200133963,-0.0012446781000669815,0.0012446781000669815,LumA,Weakened
HALLMARK_G2M_CHECKPOINT,HALLMARK_P53_PATHWAY,-0.20637336128866934,7.500464514242631e-07,0.0025062656641604,8.203633062452878e-06,0.10443981347641487,-0.3470243519142977,2.5838342326814924e-32,1.3761725804499254e-30,0.0025062656641604,0.17476530878922905,0.14065099062562836,-0.07032549531281418,0.07032549531281418,LumA,Weakened
HALLMARK_G2M_CHECKPOINT,HALLMARK_PANCREAS_BETA_CELLS,0.06450234793235222,0.12566986004068867,0.0,0.2439708059426999,0.03225117396617611,0.09601200196206505,0.001475912585893162,0.004612239390180326,0.0,0.048006000981032526,-0.03150965402971283,-0.015754827014856414,0.015754827014856414,LumA,Weakened
HALLMARK_G2M_CHECKPOINT,HALLMARK_PEROXISOME,0.027475323791903733,0.5145574962880282,0.0066225165562913,0.6709604059507018,0.017048920174097516,0.01030242090750831,0.7335711611063397,0.793838049783804,0.0066225165562913,0.008462468731899805,0.017172902884395422,0.008586451442197711,0.008586451442197711,LumA,Strengthened
HALLMARK_G2M_CHECKPOINT,HALLMARK_PI3K_AKT_MTOR_SIGNALING,0.0037499717110363985,0.9291306125116234,0.0132890365448504,0.9548531881935727,0.0085195041279434,0.022149963112021748,0.46424355890577196,0.5630676828312581,0.0132890365448504,0.017719499828436073,-0.01839999140098535,-0.009199995700492673,0.009199995700492673,LumA,Weakened
HALLMARK_G2M_CHECKPOINT,HALLMARK_PROTEIN_SECRETION,-0.04217868220694668,0.3169230768513221,0.0,0.476681345857524,0.02108934110347334,-0.06975161310389338,0.021040635506021373,0.0461087271822472,0.0,0.03487580655194669,0.027572930896946707,-0.013786465448473353,0.013786465448473353,LumA,Weakened
HALLMARK_G2M_CHECKPOINT,HALLMARK_REACTIVE_OXYGEN_SPECIES_PATHWAY,0.06287513029703132,0.13551779554472274,0.0,0.2585814634615037,0.03143756514851566,0.060783857106742646,0.04442830633758226,0.08477363748214685,0.0,0.030391928553371323,0.0020912731902886714,0.0010456365951443357,0.0010456365951443357,LumA,Strengthened
HALLMARK_G2M_CHECKPOINT,HALLMARK_SPERMATOGENESIS,0.19305721420235739,3.794928795632285e-06,0.0339506172839506,3.559139237343575e-05,0.113503915743154,0.2366947178381071,2.1412812067866143e-15,4.4458804717179704e-14,0.0339506172839506,0.13532266756102884,-0.043637503635749725,-0.02181875181787485,0.02181875181787485,LumA,Weakened
HALLMARK_G2M_CHECKPOINT,HALLMARK_TGF_BETA_SIGNALING,-0.05509327240063147,0.19099366727358552,0.0079365079365079,0.3291684463156796,0.03151489016856968,-0.021064631753139246,0.486424099379395,0.5830425848725626,0.0079365079365079,0.014500569844823574,-0.034028640647492225,0.01701432032374611,0.01701432032374611,LumA,Strengthened
HALLMARK_G2M_CHECKPOINT,HALLMARK_TNFA_SIGNALING_VIA_NFKB,0.16181829043659507,0.00011184314164636325,0.0126582278481012,0.0007446078723738858,0.08723825914234813,0.12786730546760403,2.2164978331357783e-05,0.0001125820893339753,0.0126582278481012,0.07026276665785261,0.033950984968991044,0.016975492484495522,0.016975492484495522,LumA,Strengthened
HALLMARK_G2M_CHECKPOINT,HALLMARK_UNFOLDED_PROTEIN_RESPONSE,-0.01734962424348355,0.6806960262187792,0.019543973941368,0.8048770580289619,0.018446799092425775,0.016136451619835904,0.5939307732061946,0.6751015221691646,0.019543973941368,0.017840212780601952,-0.033486075863319455,0.0006065863118238229,0.0006065863118238229,LumA,Strengthened
HALLMARK_G2M_CHECKPOINT,HALLMARK_UV_RESPONSE_DN,-0.005126740648525683,0.9032220277599462,0.026865671641791,0.9408562789166106,0.015996206145158343,-0.03651870353814996,0.2274697546391209,0.3213718562453913,0.026865671641791,0.03169218758997048,0.03139196288962428,-0.015695981444812136,0.015695981444812136,LumA,Weakened
HALLMARK_G2M_CHECKPOINT,HALLMARK_UV_RESPONSE_UP,-0.037680052959610515,0.37133334517391814,0.0084507042253521,0.5320273074129236,0.023065378592481308,-0.025375673237297943,0.4017539185744967,0.5032193765375853,0.0084507042253521,0.01691318873132502,-0.012304379722312572,0.0061521898611562875,0.0061521898611562875,LumA,Strengthened
HALLMARK_G2M_CHECKPOINT,HALLMARK_WNT_BETA_CATENIN_SIGNALING,0.04697042943798245,0.2650145702568333,0.0083333333333333,0.42161408904496206,0.027651881385657877,0.07386709690530902,0.014535503824051029,0.03376513920355502,0.0083333333333333,0.04110021511932116,-0.026896667467326565,-0.013448333733663283,0.013448333733663283,LumA,Weakened
HALLMARK_G2M_CHECKPOINT,HALLMARK_XENOBIOTIC_METABOLISM,0.10029251828593191,0.01709484014009967,0.0025062656641604,0.04974151822238028,0.05139939197504616,0.17412513462370877,6.74871079523956e-09,6.310817346693482e-08,0.0025062656641604,0.08831570014393458,-0.07383261633777685,-0.036916308168888426,0.036916308168888426,LumA,Weakened
HALLMARK_GLYCOLYSIS,HALLMARK_HEDGEHOG_SIGNALING,0.05068162767277162,0.22905618043719647,0.0085470085470085,0.3786691242045421,0.029614318109890063,0.09780921530188301,0.001198754187872782,0.0038951561807537343,0.0085470085470085,0.053178111924445756,-0.04712758762911139,-0.023563793814555693,0.023563793814555693,LumA,Weakened
HALLMARK_GLYCOLYSIS,HALLMARK_HEME_METABOLISM,0.03290467336413637,0.43502932001380823,0.015228426395939,0.5927818876717631,0.024066549880037685,0.038414175608092606,0.20423045851727248,0.29570362146972734,0.015228426395939,0.026821301002015803,-0.005509502243956237,-0.0027547511219781183,0.0027547511219781183,LumA,Weakened
HALLMARK_GLYCOLYSIS,HALLMARK_HYPOXIA,0.5188604689704651,2.9238907380491744e-40,0.1940298507462686,3.979740171233599e-38,0.3564451598583669,0.555229488708552,1.735425323431062e-89,2.3621066902256125e-87,0.1940298507462686,0.3746296697274103,-0.03636901973808693,-0.018184509869043408,0.018184509869043408,LumA,Weakened
HALLMARK_GLYCOLYSIS,HALLMARK_IL2_STAT5_SIGNALING,0.18725563580823817,7.434514364075979e-06,0.0126903553299492,6.324500066661857e-05,0.09997299556909368,0.17470258873675845,6.006144934110284e-09,5.748068393972733e-08,0.0126903553299492,0.09369647203335382,0.012553047071479723,0.006276523535739861,0.006276523535739861,LumA,Strengthened
HALLMARK_GLYCOLYSIS,HALLMARK_IL6_JAK_STAT3_SIGNALING,-0.02289559351407873,0.5870692277559593,0.0105633802816901,0.730111476143198,0.016729486897884414,-0.0024173692333887527,0.9363447699135139,0.9566491602535901,0.0105633802816901,0.006490374757539427,-0.020478224280689978,0.010239112140344987,0.010239112140344987,LumA,Strengthened
HALLMARK_GLYCOLYSIS,HALLMARK_INFLAMMATORY_RESPONSE,0.04004286921460074,0.3420709439090925,0.0126582278481012,0.5006414650999262,0.02635054853135097,0.05464862676789636,0.07078974058061945,0.12423700889865162,0.0126582278481012,0.03365342730799878,-0.014605757553295622,-0.007302878776647807,0.007302878776647807,LumA,Weakened
HALLMARK_GLYCOLYSIS,HALLMARK_INTERFERON_ALPHA_RESPONSE,0.18003679741166506,1.6685343283565714e-05,0.0033783783783783,0.0001293642121668861,0.09170758789502167,0.20781448423653454,3.875050511785024e-12,5.78894741089836e-11,0.0033783783783783,0.10559643130745641,-0.027777686824869474,-0.013888843412434737,0.013888843412434737,LumA,Weakened
HALLMARK_GLYCOLYSIS,HALLMARK_INTERFERON_GAMMA_RESPONSE,-0.17935046783080735,1.7989059421669022e-05,0.0075566750629722,0.00013772873619715344,0.09345357144688977,-0.2064798214593681,5.345175759007689e-12,7.613767796260954e-11,0.0075566750629722,0.10701824826117015,0.027129353628560754,-0.013564676814280377,0.013564676814280377,LumA,Weakened
HALLMARK_GLYCOLYSIS,HALLMARK_KRAS_SIGNALING_DN,0.004188778526979451,0.9208635077587641,0.0050251256281407,0.9503435526575283,0.004606952077560076,0.041292634658370464,0.17231518237312562,0.257422071228145,0.0050251256281407,0.02315888014325558,-0.037103856131391014,-0.018551928065695507,0.018551928065695507,LumA,Weakened
HALLMARK_GLYCOLYSIS,HALLMARK_KRAS_SIGNALING_UP,-0.016520390983849068,0.6951747425710275,0.015228426395939,0.8118103523827537,0.015874408689894034,-0.06668317869739777,0.027417302502703796,0.057314326904116294,0.015228426395939,0.04095580254666839,0.05016278771354871,-0.025081393856774357,0.025081393856774357,LumA,Weakened
HALLMARK_GLYCOLYSIS,HALLMARK_MITOTIC_SPINDLE,-0.04834465643915282,0.2512719762036205,0.0050377833753148,0.4050107511176778,0.026691219907233808,-0.017429964097897932,0.5646878861298481,0.6538210401786994,0.0050377833753148,0.011233873736606366,-0.030914692341254886,0.015457346170627441,0.015457346170627441,LumA,Strengthened
HALLMARK_GLYCOLYSIS,HALLMARK_MTORC1_SIGNALING,0.4890087832180908,2.6529225454752366e-35,0.0723860589812332,2.954391016551968e-33,0.280697421099662,0.4995641401083703,4.018892878618883e-70,3.787033674083178e-68,0.0723860589812332,0.28597509954480177,-0.010555356890279477,-0.005277678445139766,0.005277678445139766,LumA,Weakened
HALLMARK_GLYCOLYSIS,HALLMARK_MYC_TARGETS_V1,-0.039794534832543194,0.34507538360686235,0.0126582278481012,0.5038347376858241,0.026226381340322198,-0.1078917175593548,0.0003502930438781488,0.001340965558596038,0.0126582278481012,0.060274972703727996,0.0680971827268116,-0.034048591363405795,0.034048591363405795,LumA,Weakened
HALLMARK_GLYCOLYSIS,HALLMARK_MYC_TARGETS_V2,0.0050233955849153964,0.9051635992047301,0.0038910505836575,0.9420776627236996,0.004457223084286448,0.08818435097769715,0.003510316577642518,0.009931034197718439,0.0038910505836575,0.04603770078067733,-0.08316095539278176,-0.04158047769639088,0.04158047769639088,LumA,Weakened
HALLMARK_GLYCOLYSIS,HALLMARK_MYOGENESIS,-0.15528639120332102,0.0002110228332170687,0.0204081632653061,0.0012523998387223253,0.08784727723431356,-0.16748058957046388,2.5095783488533438e-08,2.09131529071112e-07,0.0204081632653061,0.09394437641788499,0.012194198367142861,-0.0060970991835714305,0.0060970991835714305,LumA,Weakened
HALLMARK_GLYCOLYSIS,HALLMARK_NOTCH_SIGNALING,0.1407543808218292,0.0007936481548452773,0.0043290043290043,0.003931324977850203,0.07254169257541675,0.09717172413037381,0.0012910420550584136,0.004150988234767865,0.0043290043290043,0.05075036422968905,0.04358265669145539,0.021791328345727695,0.021791328345727695,LumA,Strengthened
HALLMARK_GLYCOLYSIS,HALLMARK_OXIDATIVE_PHOSPHORYLATION,-0.03659903790175881,0.3852227326167605,0.0204081632653061,0.5436611145801056,0.028503600583532455,-0.013813917733353373,0.6480994613025001,0.7230617851507856,0.0204081632653061,0.017111040499329738,-0.022785120168405434,0.011392560084202717,0.011392560084202717,LumA,Strengthened
HALLMARK_GLYCOLYSIS,HALLMARK_P53_PATHWAY,-0.09754371533969092,0.02039584107963621,0.0126582278481012,0.057043162836882086,0.055100971593896056,-0.07960798322545262,0.008432114552303116,0.020825282916474428,0.0126582278481012,0.04613310553677691,-0.017935732114238295,0.008967866057119148,0.008967866057119148,LumA,Strengthened
HALLMARK_GLYCOLYSIS,HALLMARK_PANCREAS_BETA_CELLS,-0.013585315409314564,0.7472868070075462,0.0,0.8491480962294443,0.006792657704657282,-0.014015411532705564,0.6433199768106757,0.7216616251951135,0.0,0.007007705766352782,0.00043009612339100015,-0.00021504806169550007,0.00021504806169550007,LumA,Weakened
HALLMARK_GLYCOLYSIS,HALLMARK_PEROXISOME,0.01365970621711876,0.7459504818871397,0.0133333333333333,0.8491480962294443,0.01349651977522603,0.02408718778789851,0.42608749781682737,0.5272294796218319,0.0133333333333333,0.018710260560615904,-0.01042748157077975,-0.005213740785389874,0.005213740785389874,LumA,Weakened
HALLMARK_GLYCOLYSIS,HALLMARK_PI3K_AKT_MTOR_SIGNALING,0.0901592623146127,0.03213877082241541,0.009933774834437,0.0815591999090397,0.05004651857452485,0.0695528573161846,0.021410627538238143,0.04658617892423041,0.009933774834437,0.0397433160753108,0.0206064049984281,0.01030320249921405,0.01030320249921405,LumA,Strengthened
HALLMARK_GLYCOLYSIS,HALLMARK_PROTEIN_SECRETION,-0.05110980701063229,0.2251418254361221,0.0171821305841924,0.37371102460602923,0.03414596879741234,-0.027791521497936955,0.35843579295616346,0.4602556041627885,0.0171821305841924,0.022486826041064677,-0.02331828551269533,0.011659142756347666,0.011659142756347666,LumA,Strengthened
HALLMARK_GLYCOLYSIS,HALLMARK_REACTIVE_OXYGEN_SPECIES_PATHWAY,0.06014239395646801,0.15337967006744802,0.0246913580246913,0.2851139542224944,0.04241687599057965,0.060739995688088265,0.044582317974370386,0.08493520920467143,0.0246913580246913,0.042715676856389787,-0.0005976017316202537,-0.00029880086581013376,0.00029880086581013376,LumA,Weakened
HALLMARK_GLYCOLYSIS,HALLMARK_SPERMATOGENESIS,0.10460730942191579,0.012853260995102379,0.0182370820668693,0.039962550048224396,0.061422195744392546,0.0944219182614462,0.0017690935541838718,0.005377517627481993,0.0182370820668693,0.056329500164157754,0.010185391160469584,0.005092695580234792,0.005092695580234792,LumA,Strengthened
HALLMARK_GLYCOLYSIS,HALLMARK_TGF_BETA_SIGNALING,-0.034355923381449556,0.4150362162945598,0.0,0.5719002980436847,0.017177961690724778,-0.10098840891603046,0.0008228388358360116,0.002831397679491894,0.0,0.05049420445801523,0.0666324855345809,-0.03331624276729045,0.03331624276729045,LumA,Weakened
HALLMARK_GLYCOLYSIS,HALLMARK_TNFA_SIGNALING_VIA_NFKB,-0.10253533866647252,0.014757789131857203,0.0126582278481012,0.044496925214835545,0.05759678325728686,-0.06778644278784383,0.024955026680049994,0.05298854024077893,0.0126582278481012,0.040222335317972514,-0.034748895878628686,0.017374447939314343,0.017374447939314343,LumA,Strengthened
HALLMARK_GLYCOLYSIS,HALLMARK_UNFOLDED_PROTEIN_RESPONSE,-0.06588788046077163,0.11773097797298385,0.019543973941368,0.2314934960142941,0.042715927201069814,-0.0815989163806182,0.0069264984322324015,0.01777905593510943,0.019543973941368,0.0505714451609931,0.015711035919846572,-0.007855517959923286,0.007855517959923286,LumA,Weakened
HALLMARK_GLYCOLYSIS,HALLMARK_UV_RESPONSE_DN,-0.26816704453075296,9.221867407461043e-11,0.0147492625368731,2.1314693536112787e-09,0.14145815353381302,-0.1912158391845926,1.8143485230660132e-10,2.1370932122652558e-09,0.0147492625368731,0.10298255086073285,-0.07695120534616037,0.03847560267308017,0.03847560267308017,LumA,Strengthened
HALLMARK_GLYCOLYSIS,HALLMARK_UV_RESPONSE_UP,-0.15615976058950373,0.00019412588970206884,0.0084507042253521,0.0011657069357109526,0.08230523240742792,-0.1937202633564609,1.0373545338344954e-10,1.2966931672931191e-09,0.0084507042253521,0.1010854837909065,0.03756050276695716,-0.01878025138347858,0.01878025138347858,LumA,Weakened
HALLMARK_GLYCOLYSIS,HALLMARK_WNT_BETA_CATENIN_SIGNALING,-0.049998959032631365,0.23539652684216264,0.0,0.38499431960166786,0.024999479516315683,-0.06000165658106439,0.04724312442510811,0.08889835241283783,0.0,0.030000828290532196,0.010002697548433026,-0.005001348774216513,0.005001348774216513,LumA,Weakened
HALLMARK_GLYCOLYSIS,HALLMARK_XENOBIOTIC_METABOLISM,0.008900082684063698,0.832818434236597,0.0204081632653061,0.8970332428914163,0.014654122974684899,-0.010891865622085835,0.7189558753119779,0.7840377628777435,0.0204081632653061,0.015650014443695966,0.019791948306149533,-0.0009958914690110666,0.0009958914690110666,LumA,Weakened
HALLMARK_HEDGEHOG_SIGNALING,HALLMARK_HEME_METABOLISM,0.1089261378136329,0.009566288380200108,0.0,0.03150189049931488,0.05446306890681645,0.11718485301878859,0.00010235992097578473,0.00046099596762991284,0.0,0.058592426509394294,-0.008258715205155684,-0.004129357602577842,0.004129357602577842,LumA,Weakened
HALLMARK_HEDGEHOG_SIGNALING,HALLMARK_HYPOXIA,0.04617047376970892,0.2732479588082474,0.0128755364806866,0.4291394224873117,0.02952300512519776,-0.04343659181263777,0.15107929241045956,0.23134016650351621,0.0128755364806866,0.028156064146662187,0.08960706558234668,0.0013669409785355725,0.0013669409785355725,LumA,Strengthened
HALLMARK_HEDGEHOG_SIGNALING,HALLMARK_IL2_STAT5_SIGNALING,0.0003322341485390897,0.993713032754463,0.0085836909871244,0.994524889807367,0.0044579625678317445,0.00936520880785897,0.7570072066743713,0.8120261192435244,0.0085836909871244,0.008974449897491684,-0.00903297465931988,-0.0045164873296599396,0.0045164873296599396,LumA,Weakened
HALLMARK_HEDGEHOG_SIGNALING,HALLMARK_IL6_JAK_STAT3_SIGNALING,-0.02492497950525024,0.5543597800009261,0.0081967213114754,0.7015400108482794,0.01656085040836282,-0.048241176385965194,0.11077627651254934,0.17964411409325376,0.0081967213114754,0.028218948848720296,0.023316196880714953,-0.011658098440357475,0.011658098440357475,LumA,Weakened
HALLMARK_HEDGEHOG_SIGNALING,HALLMARK_INFLAMMATORY_RESPONSE,-0.08076409742800206,0.05503189886452689,0.0,0.1239229340239806,0.04038204871400103,-0.07768840461690113,0.01015388358796829,0.024463367065583608,0.0,0.038844202308450565,-0.0030756928111009274,0.0015378464055504637,0.0015378464055504637,LumA,Strengthened
HALLMARK_HEDGEHOG_SIGNALING,HALLMARK_INTERFERON_ALPHA_RESPONSE,-0.06579200202724543,0.11826739066669646,0.0,0.23217556661330635,0.032896001013622715,-0.11242210298777337,0.00019453997474348016,0.0008083302361521291,0.0,0.056211051493886686,0.04663010096052794,-0.02331505048026397,0.02331505048026397,LumA,Weakened
HALLMARK_HEDGEHOG_SIGNALING,HALLMARK_INTERFERON_GAMMA_RESPONSE,0.07795364417531576,0.06407583859562505,0.0042553191489361,0.14117428467561274,0.041104481662125936,0.12162865106098293,5.499125882845773e-05,0.00026092622979901426,0.0042553191489361,0.06294198510495952,-0.04367500688566717,-0.021837503442833583,0.021837503442833583,LumA,Weakened
HALLMARK_HEDGEHOG_SIGNALING,HALLMARK_KRAS_SIGNALING_DN,-0.136423549293439,0.0011508897106871105,0.0042553191489361,0.005401685423723028,0.07033943422118755,-0.08157227462085326,0.00694493953066148,0.01777905593510943,0.0042553191489361,0.042913796884894675,-0.05485127467258574,0.02742563733629287,0.02742563733629287,LumA,Strengthened
HALLMARK_HEDGEHOG_SIGNALING,HALLMARK_KRAS_SIGNALING_UP,0.12572675826515395,0.0027556260503009424,0.0042553191489361,0.011442853937690354,0.06499103870704502,0.1445341494263587,1.584082911140164e-06,1.0106778990347401e-05,0.0042553191489361,0.0743947342876474,-0.01880739116120475,-0.009403695580602375,0.009403695580602375,LumA,Weakened
HALLMARK_HEDGEHOG_SIGNALING,HALLMARK_MITOTIC_SPINDLE,0.07040268464730755,0.09455952031915704,0.0173160173160173,0.19468136536297037,0.04385935098166242,0.04572380418779482,0.13068476371165838,0.20471718100611447,0.0173160173160173,0.03151991075190606,0.024678880459512727,0.01233944022975636,0.01233944022975636,LumA,Strengthened
HALLMARK_HEDGEHOG_SIGNALING,HALLMARK_MTORC1_SIGNALING,-0.059587308167730946,0.15721677235649442,0.0042553191489361,0.2894202509618437,0.03192131365833352,-0.05224754232847035,0.08410899351815605,0.14532230897001577,0.0042553191489361,0.028251430738703225,-0.007339765839260597,0.003669882919630295,0.003669882919630295,LumA,Strengthened
HALLMARK_HEDGEHOG_SIGNALING,HALLMARK_MYC_TARGETS_V1,-0.02514196789260029,0.5509157066993778,0.0,0.6979025239986948,0.012570983946300145,-0.026994515410732358,0.372391036432437,0.47489215751401437,0.0,0.013497257705366179,0.001852547518132068,-0.000926273759066034,0.000926273759066034,LumA,Weakened
HALLMARK_HEDGEHOG_SIGNALING,HALLMARK_MYC_TARGETS_V2,-0.12417723807972857,0.0031107824199982067,0.0,0.012693450942701814,0.06208861903986428,-0.012192126481031119,0.6870830567653659,0.7596360510266906,0.0,0.006096063240515559,-0.11198511159869745,0.055992555799348726,0.055992555799348726,LumA,Strengthened
HALLMARK_HEDGEHOG_SIGNALING,HALLMARK_MYOGENESIS,0.02942659718114074,0.48513695303166643,0.0085470085470085,0.6397123438792157,0.01898680286407462,0.06161674761997062,0.04158777792482201,0.08073696982235652,0.0085470085470085,0.03508187808348956,-0.03219015043882988,-0.016095075219414938,0.016095075219414938,LumA,Weakened
HALLMARK_HEDGEHOG_SIGNALING,HALLMARK_NOTCH_SIGNALING,0.10387173219072382,0.013502997634965406,0.0,0.04135293025708156,0.05193586609536191,0.041513050379394074,0.17003424449590837,0.25494730661871207,0.0,0.020756525189697037,0.062358681811329746,0.031179340905664873,0.031179340905664873,LumA,Strengthened
HALLMARK_HEDGEHOG_SIGNALING,HALLMARK_OXIDATIVE_PHOSPHORYLATION,-0.014577530100569029,0.729526903482451,0.0,0.8391872611220798,0.007288765050284514,-0.04088616531136847,0.17658128239937573,0.26156235905590725,0.0,0.020443082655684234,0.026308635210799437,-0.013154317605399719,0.013154317605399719,LumA,Weakened
HALLMARK_HEDGEHOG_SIGNALING,HALLMARK_P53_PATHWAY,-0.02226167886089479,0.5974662852891927,0.0042553191489361,0.7367593552334294,0.013258499004915445,-0.018731972578855775,0.5359700059940836,0.6258944302600118,0.0042553191489361,0.011493645863895938,-0.003529706282039014,0.001764853141019507,0.001764853141019507,LumA,Strengthened
HALLMARK_HEDGEHOG_SIGNALING,HALLMARK_PANCREAS_BETA_CELLS,0.14150565210254515,0.0007432974889475715,0.0133333333333333,0.003731718950658914,0.07741949271793923,0.11154975448817243,0.00021824102822068633,0.0009001523891257264,0.0133333333333333,0.062441543910752864,0.029955897614372715,0.014977948807186364,0.014977948807186364,LumA,Strengthened
HALLMARK_HEDGEHOG_SIGNALING,HALLMARK_PEROXISOME,-0.012357564599361904,0.7694482939650922,0.0,0.8631631502813534,0.006178782299680952,-0.04834295026029967,0.11002473584248025,0.17922880556407217,0.0,0.024171475130149837,0.03598538566093777,-0.017992692830468886,0.017992692830468886,LumA,Weakened
HALLMARK_HEDGEHOG_SIGNALING,HALLMARK_PI3K_AKT_MTOR_SIGNALING,0.09465496116213948,0.0244493463240928,0.0,0.06685368135494126,0.04732748058106974,0.12958051336260212,1.7141545424711727e-05,8.973672284304216e-05,0.0,0.06479025668130106,-0.034925552200462645,-0.017462776100231323,0.017462776100231323,LumA,Weakened
HALLMARK_HEDGEHOG_SIGNALING,HALLMARK_PROTEIN_SECRETION,0.07129974010262989,0.0904216766554252,0.0,0.1871056653765133,0.035649870051314946,0.03194137028941549,0.2911766828888432,0.3898267065998174,0.0,0.015970685144707744,0.0393583698132144,0.0196791849066072,0.0196791849066072,LumA,Strengthened
HALLMARK_HEDGEHOG_SIGNALING,HALLMARK_REACTIVE_OXYGEN_SPECIES_PATHWAY,0.006452664354781628,0.8783667344996353,0.0,0.9291876077392515,0.003226332177390814,0.08047312264433591,0.007745213760119756,0.019562653311642683,0.0,0.040236561322167956,-0.07402045828955428,-0.03701022914477714,0.03701022914477714,LumA,Weakened
HALLMARK_HEDGEHOG_SIGNALING,HALLMARK_SPERMATOGENESIS,0.0985583041533643,0.019117936910785054,0.0,0.05433752370234731,0.04927915207668215,0.09466554471243338,0.0017209528314416787,0.005244197060985215,0.0,0.04733277235621669,0.0038927594409309263,0.0019463797204654631,0.0019463797204654631,LumA,Strengthened
HALLMARK_HEDGEHOG_SIGNALING,HALLMARK_TGF_BETA_SIGNALING,0.00233943999211562,0.9557522566082083,0.0,0.9740403613519594,0.00116971999605781,0.051999872700417844,0.08559114321594478,0.14623312474132824,0.0,0.025999936350208922,-0.04966043270830223,-0.024830216354151113,0.024830216354151113,LumA,Weakened
HALLMARK_HEDGEHOG_SIGNALING,HALLMARK_TNFA_SIGNALING_VIA_NFKB,0.006624402426812992,0.8751555925250208,0.0085470085470085,0.9265908391038467,0.007585705486910746,-0.028308351515765575,0.34956427777749177,0.4512289149393334,0.0085470085470085,0.018427680031387037,0.03493275394257857,-0.010841974544476291,0.010841974544476291,LumA,Weakened
HALLMARK_HEDGEHOG_SIGNALING,HALLMARK_UNFOLDED_PROTEIN_RESPONSE,0.034553099029542095,0.4123622558686014,0.0067567567567567,0.570783913490437,0.020654927893149398,-0.04801233027349756,0.11248095460533661,0.18154040763048399,0.0067567567567567,0.02738454351512713,0.08256542930303964,-0.006729615621977731,0.006729615621977731,LumA,Weakened
HALLMARK_HEDGEHOG_SIGNALING,HALLMARK_UV_RESPONSE_DN,0.08007006079724949,0.05716024599017346,0.0112359550561797,0.12824414164461995,0.045653007926714596,0.15263479332212815,3.9267232517641594e-07,2.6781805345766e-06,0.0112359550561797,0.08193537418915392,-0.07256473252487866,-0.036282366262439324,0.036282366262439324,LumA,Weakened
HALLMARK_HEDGEHOG_SIGNALING,HALLMARK_UV_RESPONSE_UP,0.04103578661505683,0.33022564057607007,0.0,0.48914922576261893,0.020517893307528415,0.050506075101484894,0.09498304260223674,0.1593893523119726,0.0,0.025253037550742447,-0.009470288486428065,-0.004735144243214032,0.004735144243214032,LumA,Weakened
HALLMARK_HEDGEHOG_SIGNALING,HALLMARK_WNT_BETA_CATENIN_SIGNALING,0.23125005091816878,2.6959443611436817e-08,0.04,4.027477856586598e-07,0.1356250254590844,0.2233199277530915,7.863763392902301e-14,1.416633846515488e-12,0.04,0.13165996387654574,0.007930123165077269,0.003965061582538648,0.003965061582538648,LumA,Strengthened
HALLMARK_HEDGEHOG_SIGNALING,HALLMARK_XENOBIOTIC_METABOLISM,0.009055061766709869,0.8299512500183189,0.0085470085470085,0.8970332428914163,0.008801035156859184,-0.026574879951498303,0.37987197230143555,0.4822208974810969,0.0085470085470085,0.0175609442492534,0.03562994171820817,-0.008759909092394217,0.008759909092394217,LumA,Weakened
HALLMARK_HEME_METABOLISM,HALLMARK_HYPOXIA,0.14301022121113244,0.0006512374336344703,0.0178117048346055,0.003310231768473967,0.08041096302286897,0.085405932773894,0.004701636664000803,0.012770520872285994,0.0178117048346055,0.05160881880424975,0.05760428843723844,0.02880214421861922,0.02880214421861922,LumA,Strengthened
HALLMARK_HEME_METABOLISM,HALLMARK_IL2_STAT5_SIGNALING,0.12934050432715,0.0020663331736535027,0.0075757575757575,0.008912880766639228,0.06845813095145376,0.09880278874556292,0.0010669822307233414,0.003542149681940632,0.0075757575757575,0.05318927316066021,0.030537715581587077,0.015268857790793545,0.015268857790793545,LumA,Strengthened
HALLMARK_HEME_METABOLISM,HALLMARK_IL6_JAK_STAT3_SIGNALING,0.07541573529730852,0.07326232133674578,0.0,0.1571739818520378,0.03770786764865426,0.0628805982524351,0.037571562152504075,0.07375827505900238,0.0,0.03144029912621755,0.012535137044873426,0.006267568522436713,0.006267568522436713,LumA,Strengthened
HALLMARK_HEME_METABOLISM,HALLMARK_INFLAMMATORY_RESPONSE,-0.10035884823475417,0.017021328691553088,0.0075566750629722,0.04964554201702984,0.053957761648863185,-0.11047085943641417,0.00025130057527125683,0.0010093219826468513,0.0075566750629722,0.059013767249693184,0.010112011201659998,-0.005056005600829999,0.005056005600829999,LumA,Weakened
HALLMARK_HEME_METABOLISM,HALLMARK_INTERFERON_ALPHA_RESPONSE,0.01695210790345876,0.687622565141132,0.0,0.8091620002861544,0.00847605395172938,-0.018825003551431598,0.5339465202907978,0.6247225285159764,0.0,0.009412501775715799,0.03577711145489036,-0.000936447823986419,0.000936447823986419,LumA,Weakened
HALLMARK_HEME_METABOLISM,HALLMARK_INTERFERON_GAMMA_RESPONSE,-0.0045079498822948715,0.9148556329358215,0.0025062656641604,0.9462796975246638,0.0035071077732276358,0.028937236868386146,0.3389587805829279,0.4421986221662265,0.0025062656641604,0.015721751266273273,-0.03344518675068102,-0.012214643493045638,0.012214643493045638,LumA,Weakened
HALLMARK_HEME_METABOLISM,HALLMARK_KRAS_SIGNALING_DN,-0.12374549483743923,0.00321689798438739,0.0050251256281407,0.01287810467606063,0.06438531023278997,-0.005877507033291929,0.8460334355295209,0.8880813697717764,0.0050251256281407,0.005451316330716315,-0.1178679878041473,0.058933993902073656,0.058933993902073656,LumA,Strengthened
HALLMARK_HEME_METABOLISM,HALLMARK_KRAS_SIGNALING_UP,0.1088867063811619,0.009592551881694548,0.0075566750629722,0.031503689155699253,0.058221690722067045,0.12338480517507779,4.2764153146299596e-05,0.000209544350416868,0.0075566750629722,0.065470740119025,-0.014498098793915892,-0.007249049396957953,0.007249049396957953,LumA,Weakened
HALLMARK_HEME_METABOLISM,HALLMARK_MITOTIC_SPINDLE,0.13732303125128673,0.0010663186875097884,0.0075757575757575,0.005062947256587173,0.0724493944135221,0.16595488689700422,3.368430800097198e-08,2.696946228835992e-07,0.0075757575757575,0.08676532223638087,-0.02863185564571749,-0.01431592782285876,0.01431592782285876,LumA,Weakened
HALLMARK_HEME_METABOLISM,HALLMARK_MTORC1_SIGNALING,-0.2004470705769962,1.5642371475729392e-06,0.0256410256410256,1.596825421480709e-05,0.1130440481090109,-0.10822797211257959,0.0003355846461698938,0.0012927395960947166,0.0256410256410256,0.0669344988768026,-0.09221909846441662,0.04610954923220831,0.04610954923220831,LumA,Strengthened
HALLMARK_HEME_METABOLISM,HALLMARK_MYC_TARGETS_V1,-0.007827662717470645,0.8527175130149909,0.0025062656641604,0.9134247153712491,0.005166964190815523,0.07367328224661279,0.014796566792862976,0.03413520587807372,0.0025062656641604,0.0380897739553866,-0.08150094496408344,-0.03292280976457107,0.03292280976457107,LumA,Weakened
HALLMARK_HEME_METABOLISM,HALLMARK_MYC_TARGETS_V2,-0.04463814003140806,0.2895020209225451,0.0038910505836575,0.4449686017943761,0.02426459530753278,-0.07531366694597542,0.012711840505860002,0.030037867079903004,0.0038910505836575,0.039602358764816464,0.03067552691456736,-0.015337763457283684,0.015337763457283684,LumA,Weakened
HALLMARK_HEME_METABOLISM,HALLMARK_MYOGENESIS,0.05372323693815545,0.2022810574107913,0.0075566750629722,0.34511740296409377,0.030639956000563826,0.09475061043677761,0.0017044292042795526,0.00521981443810613,0.0075566750629722,0.051153642749874904,-0.04102737349862216,-0.020513686749311078,0.020513686749311078,LumA,Weakened
HALLMARK_HEME_METABOLISM,HALLMARK_NOTCH_SIGNALING,-0.049430575353547744,0.24076916219949226,0.0,0.39168954009877555,0.024715287676773872,-0.0046619651588475485,0.8775922442900891,0.9102883143567816,0.0,0.0023309825794237743,-0.044768610194700194,0.022384305097350097,0.022384305097350097,LumA,Strengthened
HALLMARK_HEME_METABOLISM,HALLMARK_OXIDATIVE_PHOSPHORYLATION,0.14733045350483645,0.0004423441592809198,0.0126582278481012,0.0023662515070704223,0.07999434067646882,0.033225162107038346,0.2722082635548386,0.36805201198088006,0.0126582278481012,0.022941694977569774,0.1141052913977981,0.05705264569889905,0.05705264569889905,LumA,Strengthened
HALLMARK_HEME_METABOLISM,HALLMARK_P53_PATHWAY,-0.01195156693136601,0.7768192742983399,0.0101010101010101,0.869129092480879,0.011026288516188056,-0.08557702050083589,0.004618861437167192,0.012573567245621801,0.0101010101010101,0.047839015300922993,0.07362545356946988,-0.036812726784734934,0.036812726784734934,LumA,Weakened
HALLMARK_HEME_METABOLISM,HALLMARK_PANCREAS_BETA_CELLS,-0.056138079465168966,0.1827016327511967,0.00418410041841,0.3220280577269294,0.030161089941789482,-0.1051865256485883,0.0004924888718504732,0.0017902043561330257,0.00418410041841,0.05468531303349915,0.04904844618341933,-0.024524223091709665,0.024524223091709665,LumA,Weakened
HALLMARK_HEME_METABOLISM,HALLMARK_PEROXISOME,0.002489042736326531,0.9529258755811304,0.0033003300330033,0.9719685242188882,0.0028946863846649154,0.017892685477840148,0.5543975834676266,0.6437317912301825,0.0033003300330033,0.010596507755421723,-0.015403642741513617,-0.007701821370756808,0.007701821370756808,LumA,Weakened
HALLMARK_HEME_METABOLISM,HALLMARK_PI3K_AKT_MTOR_SIGNALING,0.06859377860058648,0.10336311116208716,0.0066006600660066,0.20894358279464814,0.03759721933329654,-0.017047251594701104,0.5732676429310212,0.6606329845630301,0.0066006600660066,0.011823955830353852,0.08564103019528758,0.025773263502942685,0.025773263502942685,LumA,Strengthened
HALLMARK_HEME_METABOLISM,HALLMARK_PROTEIN_SECRETION,0.10352346915699172,0.013820591071110007,0.0068027210884353,0.042025559489512455,0.05516309512271351,0.1367762046339076,5.621540623689994e-06,3.2330456638592685e-05,0.0068027210884353,0.07178946286117145,-0.03325273547691589,-0.016626367738457944,0.016626367738457944,LumA,Weakened
HALLMARK_HEME_METABOLISM,HALLMARK_REACTIVE_OXYGEN_SPECIES_PATHWAY,0.030615888693495106,0.4676610295791631,0.0163265306122449,0.6240574741116284,0.02347120965287,0.03790104915210746,0.2103441866688754,0.3020769386510813,0.0163265306122449,0.02711378988217618,-0.007285160458612352,-0.0036425802293061776,0.0036425802293061776,LumA,Weakened
HALLMARK_HEME_METABOLISM,HALLMARK_SPERMATOGENESIS,-0.0853730042516591,0.04250887317179361,0.0029940119760479,0.10111333909795568,0.0441835081138535,-0.08138550485088787,0.0070754606149706035,0.018057165111122896,0.0029940119760479,0.042189758413467886,-0.003987499400771227,0.0019937497003856136,0.0019937497003856136,LumA,Strengthened
HALLMARK_HEME_METABOLISM,HALLMARK_TGF_BETA_SIGNALING,0.09181983294566629,0.029086608032647874,0.0,0.07597248366736385,0.04590991647283314,0.019753918621025292,0.5139555965872717,0.6077177662349497,0.0,0.009876959310512646,0.07206591432464099,0.036032957162320495,0.036032957162320495,LumA,Strengthened
HALLMARK_HEME_METABOLISM,HALLMARK_TNFA_SIGNALING_VIA_NFKB,-0.0856532570044795,0.04183204950287631,0.0050251256281407,0.09969700513817799,0.0453391913163101,-0.033675285750468346,0.26576213074415966,0.36253742779687703,0.0050251256281407,0.019350205689304522,-0.05197797125401115,0.025988985627005575,0.025988985627005575,LumA,Strengthened
HALLMARK_HEME_METABOLISM,HALLMARK_UNFOLDED_PROTEIN_RESPONSE,0.01007539515638832,0.8111326523531955,0.0032051282051282,0.8863849234011281,0.00664026168075826,-0.014318802907676216,0.6361512244906397,0.7155971074389657,0.0032051282051282,0.008761965556402207,0.024394198064064537,-0.002121703875643947,0.002121703875643947,LumA,Weakened
HALLMARK_HEME_METABOLISM,HALLMARK_UV_RESPONSE_DN,0.01725703572696266,0.6823069670036084,0.0058479532163742,0.806003890626249,0.01155249447166843,0.03502365853235391,0.24708374100264022,0.3423954555749256,0.0058479532163742,0.020435805874364055,-0.01776662280539125,-0.008883311402695625,0.008883311402695625,LumA,Weakened
HALLMARK_HEME_METABOLISM,HALLMARK_UV_RESPONSE_UP,0.02127812945609661,0.613760854210823,0.0257879656160458,0.751519153993967,0.023533047536071206,0.052551817134972416,0.08231657089131739,0.14282974411028865,0.0257879656160458,0.03916989137550911,-0.031273687678875804,-0.015636843839437902,0.015636843839437902,LumA,Weakened
HALLMARK_HEME_METABOLISM,HALLMARK_WNT_BETA_CATENIN_SIGNALING,0.06977506224162655,0.09754352484198182,0.0,0.19948383627951208,0.034887531120813275,0.11680764140525413,0.00010779681236432488,0.00047671875504078694,0.0,0.05840382070262706,-0.047032579163627575,-0.023516289581813787,0.023516289581813787,LumA,Weakened
HALLMARK_HEME_METABOLISM,HALLMARK_XENOBIOTIC_METABOLISM,0.14420109939951506,0.0005859956621089078,0.0230179028132992,0.0030621944662381022,0.08360950110640714,0.03839488551714696,0.2044579325590686,0.29570362146972734,0.0230179028132992,0.03070639416522308,0.1058062138823681,0.05290310694118405,0.05290310694118405,LumA,Strengthened
HALLMARK_HYPOXIA,HALLMARK_IL2_STAT5_SIGNALING,0.131700107237644,0.0017055919614865822,0.04177545691906,0.007681434385371556,0.086737782078352,0.03768679186171053,0.21293575290710462,0.30472698284019056,0.04177545691906,0.03973112439038526,0.09401331537593346,0.047006657687966746,0.047006657687966746,LumA,Strengthened
HALLMARK_HYPOXIA,HALLMARK_IL6_JAK_STAT3_SIGNALING,-0.18292232162794683,1.2123538717740152e-05,0.0141342756183745,9.706754855706984e-05,0.09852829862316066,-0.08319638413501516,0.005897889732238305,0.015404935867786617,0.0141342756183745,0.048665329876694835,-0.09972593749293167,0.04986296874646583,0.04986296874646583,LumA,Strengthened
HALLMARK_HYPOXIA,HALLMARK_INFLAMMATORY_RESPONSE,-0.11174172571743514,0.007848501527929888,0.0282776349614395,0.027082857385110178,0.07000968033943732,-0.08060499763738863,0.007645026367200461,0.01938955962695769,0.0282776349614395,0.054441316299414066,-0.031136728080046513,0.01556836404002325,0.01556836404002325,LumA,Strengthened
HALLMARK_HYPOXIA,HALLMARK_INTERFERON_ALPHA_RESPONSE,-0.20911387249113456,5.299972558547083e-07,0.0033783783783783,6.183301318304931e-06,0.10624612543475642,-0.11724751322434827,0.00010148219986071571,0.0004602898809069312,0.0033783783783783,0.06031294580136329,-0.09186635926678628,0.045933179633393134,0.045933179633393134,LumA,Strengthened
HALLMARK_HYPOXIA,HALLMARK_INTERFERON_GAMMA_RESPONSE,0.20304561819154038,1.1363059668667035e-06,0.0204081632653061,1.2104128777493145e-05,0.11172689072842323,0.11012144413734921,0.0002629759157949963,0.0010459269378210079,0.0204081632653061,0.06526480370132766,0.09292417405419116,0.046462087027095575,0.046462087027095575,LumA,Strengthened
HALLMARK_HYPOXIA,HALLMARK_KRAS_SIGNALING_DN,0.05699517565391295,0.17610054331057862,0.0075566750629722,0.3130960312851362,0.03227592535844257,0.001689613009639828,0.9554842175225677,0.9689306013784318,0.0075566750629722,0.004623144036306014,0.05530556264427312,0.02765278132213656,0.02765278132213656,LumA,Strengthened
HALLMARK_HYPOXIA,HALLMARK_KRAS_SIGNALING_UP,0.040523969017119396,0.33629806330132267,0.0282776349614395,0.49396298266681093,0.034400801989279445,0.07306578272713728,0.01564177970951802,0.03574847041820816,0.0282776349614395,0.050671708844288385,-0.03254181371001788,-0.01627090685500894,0.01627090685500894,LumA,Weakened
HALLMARK_HYPOXIA,HALLMARK_MITOTIC_SPINDLE,-0.029776374641018226,0.47996086536712096,0.0025125628140703,0.6356238487294305,0.016144468727544263,-0.03449431199476994,0.25430402866835805,0.35002520799858267,0.0025125628140703,0.01850343740442012,0.004717937353751714,-0.002358968676875857,0.002358968676875857,LumA,Weakened
HALLMARK_HYPOXIA,HALLMARK_MTORC1_SIGNALING,0.17598971127139793,2.5896475225171986e-05,0.084010840108401,0.00019343403750509563,0.13000027568989947,0.10743451319532694,0.00037125950539938644,0.0014080275359574254,0.084010840108401,0.09572267665186397,0.06855519807607098,0.0342775990380355,0.0342775990380355,LumA,Strengthened
HALLMARK_HYPOXIA,HALLMARK_MYC_TARGETS_V1,0.03218386413290538,0.4451620973691704,0.0050251256281407,0.6025674798643467,0.01860449488052304,0.03708332328187755,0.22035859611087666,0.31315461744295114,0.0050251256281407,0.021054224455009124,-0.00489945914897217,-0.002449729574486085,0.002449729574486085,LumA,Weakened
HALLMARK_HYPOXIA,HALLMARK_MYC_TARGETS_V2,-0.044425159422664166,0.2918115590882912,0.0038910505836575,0.44795634070571017,0.024158105003160832,-0.15796006265156562,1.5073002475271263e-07,1.0990730971551963e-06,0.0038910505836575,0.08092555661761155,0.11353490322890145,-0.05676745161445072,0.05676745161445072,LumA,Weakened
HALLMARK_HYPOXIA,HALLMARK_MYOGENESIS,0.30268688546579425,1.9525056836077174e-13,0.0335917312661498,6.64394295116515e-12,0.16813930836597202,0.2647230665882452,5.327758636819739e-19,1.4503342955787065e-17,0.0335917312661498,0.14915739892719748,0.03796381887754907,0.018981909438774536,0.018981909438774536,LumA,Strengthened
HALLMARK_HYPOXIA,HALLMARK_NOTCH_SIGNALING,-0.08900652654713115,0.0344150281757244,0.008695652173913,0.08586234117161383,0.04885108936052207,-0.06344617894396247,0.03588393909771405,0.07101425750355365,0.008695652173913,0.03607091555893774,-0.02556034760316868,0.012780173801584332,0.012780173801584332,LumA,Strengthened
HALLMARK_HYPOXIA,HALLMARK_OXIDATIVE_PHOSPHORYLATION,-0.16540714588954025,7.808018544222472e-05,0.0050251256281407,0.0005434558361745755,0.08521613575884047,-0.07812298234254068,0.009738816283608284,0.023670734022659023,0.0050251256281407,0.04157405398534069,-0.08728416354699957,0.043642081773499784,0.043642081773499784,LumA,Strengthened
HALLMARK_HYPOXIA,HALLMARK_P53_PATHWAY,0.18811780364877673,6.73614555524705e-06,0.0362694300518134,5.811111482519462e-05,0.11219361685029507,0.19248049552350885,1.36938411630078e-10,1.6774955424684555e-09,0.0362694300518134,0.11437496278766113,-0.004362691874732122,-0.002181345937366061,0.002181345937366061,LumA,Weakened
HALLMARK_HYPOXIA,HALLMARK_PANCREAS_BETA_CELLS,-0.06757439894013874,0.10860338132787155,0.0084033613445378,0.21774000348059352,0.03798888014233827,-0.011048594683684207,0.7150867338346385,0.7807319509335403,0.0084033613445378,0.009725978014111004,-0.05652580425645453,0.028262902128227265,0.028262902128227265,LumA,Strengthened
HALLMARK_HYPOXIA,HALLMARK_PEROXISOME,-0.11204372680184516,0.007681696815383742,0.0066225165562913,0.02658214293459063,0.05933312167906823,-0.11241747358340008,0.00019465911809377802,0.0008083302361521291,0.0066225165562913,0.05951999506984569,0.00037374678155492613,-0.00018687339077746307,0.00018687339077746307,LumA,Weakened
HALLMARK_HYPOXIA,HALLMARK_PI3K_AKT_MTOR_SIGNALING,0.015812307256151743,0.7076267640350218,0.023489932885906,0.822431485714328,0.01965112007102887,0.1284688786370627,2.025975113711745e-05,0.000103409146429037,0.023489932885906,0.07597940576148435,-0.11265657138091095,-0.056328285690455476,0.056328285690455476,LumA,Weakened
HALLMARK_HYPOXIA,HALLMARK_PROTEIN_SECRETION,-0.09486439505084969,0.024133669322101963,0.0136986301369863,0.06613813181112954,0.054281512593917995,-0.0784049049897349,0.009477693164629224,0.0232203482533416,0.0136986301369863,0.0460517675633606,-0.016459490061114787,0.008229745030557394,0.008229745030557394,LumA,Strengthened
HALLMARK_HYPOXIA,HALLMARK_REACTIVE_OXYGEN_SPECIES_PATHWAY,-0.05176226880932791,0.21926912946294805,0.0080971659919028,0.3659464354115959,0.029929717400615355,-0.0652133173587753,0.031020900410124227,0.06301924212670344,0.0080971659919028,0.03665524167533905,0.013451048549447384,-0.006725524274723692,0.006725524274723692,LumA,Weakened
HALLMARK_HYPOXIA,HALLMARK_SPERMATOGENESIS,0.015755504276477893,0.7086291145015844,0.0120845921450151,0.8228157964591857,0.013920048210746497,-0.008965989013415575,0.7670597600150922,0.8206534550379808,0.0120845921450151,0.010525290579215339,0.024721493289893468,0.003394757631531159,0.003394757631531159,LumA,Strengthened
HALLMARK_HYPOXIA,HALLMARK_TGF_BETA_SIGNALING,-0.08903547574620062,0.03435622457392177,0.0119521912350597,0.08586234117161383,0.050493833490630156,-8.955684687333679e-05,0.9976392493605414,0.998454314106751,0.0119521912350597,0.006020874040966518,-0.08894591889932728,0.04447295944966364,0.04447295944966364,LumA,Strengthened
HALLMARK_HYPOXIA,HALLMARK_TNFA_SIGNALING_VIA_NFKB,0.3376795120452616,1.552431401422524e-16,0.0781671159029649,7.043438765713302e-15,0.20792331397411323,0.2862599977605166,4.446261192564254e-22,1.3965820412541568e-20,0.0781671159029649,0.18221355683174073,0.051419514284745005,0.025709757142372502,0.025709757142372502,LumA,Strengthened
HALLMARK_HYPOXIA,HALLMARK_UNFOLDED_PROTEIN_RESPONSE,-0.047086698404663174,0.26383223623837443,0.0262295081967213,0.420278919885577,0.03665810330069224,-0.025051212710886794,0.4078017126868299,0.5081964374785012,0.0262295081967213,0.025640360453804047,-0.02203548569377638,0.011017742846888192,0.011017742846888192,LumA,Strengthened
HALLMARK_HYPOXIA,HALLMARK_UV_RESPONSE_DN,0.27350593183860605,3.759164419034426e-11,0.0455927051671732,9.593700861077442e-10,0.15954931850288961,0.1892445248272118,2.8024657005808753e-10,3.1209277120105206e-09,0.0455927051671732,0.1174186149971925,0.08426140701139426,0.042130703505697115,0.042130703505697115,LumA,Strengthened
HALLMARK_HYPOXIA,HALLMARK_UV_RESPONSE_UP,0.18343387721563528,1.1450201818994212e-05,0.0228571428571428,9.227958702807836e-05,0.10314551003638904,0.21188503790439706,1.4335166263716515e-12,2.3730511720341528e-11,0.0228571428571428,0.11737109038076993,-0.028451160688761773,-0.014225580344380886,0.014225580344380886,LumA,Weakened
HALLMARK_HYPOXIA,HALLMARK_WNT_BETA_CATENIN_SIGNALING,-0.02246059263518749,0.5941948490505214,0.0041493775933609,0.7352411010978674,0.013304985114274196,0.029709264054861725,0.3262244178564457,0.4289314212286283,0.0041493775933609,0.01692932082411131,-0.05216985669004921,-0.0036243357098371155,0.0036243357098371155,LumA,Weakened
HALLMARK_HYPOXIA,HALLMARK_XENOBIOTIC_METABOLISM,-0.026674614312901593,0.526892504719207,0.0204081632653061,0.6822868057938991,0.023541388789103848,-0.05528217816977719,0.06757917596069277,0.11963076669342289,0.0204081632653061,0.03784517071754164,0.028607563856875594,-0.014303781928437793,0.014303781928437793,LumA,Weakened
HALLMARK_IL2_STAT5_SIGNALING,HALLMARK_IL6_JAK_STAT3_SIGNALING,0.259751321111515,3.646492918696044e-10,0.0592592592592592,7.305946171070576e-09,0.1595052901853871,0.2254310232481812,4.5199159137080554e-14,8.518303068142105e-13,0.0592592592592592,0.1423451412537202,0.03432029786333379,0.017160148931666896,0.017160148931666896,LumA,Strengthened
HALLMARK_IL2_STAT5_SIGNALING,HALLMARK_INFLAMMATORY_RESPONSE,0.051841708914991104,0.2185616635242936,0.0527704485488126,0.3652633530931237,0.05230607873190185,-0.025918194096429887,0.39176246326740033,0.4932261228186695,0.0527704485488126,0.039344321322621244,0.077759903011421,0.012961757409280607,0.012961757409280607,LumA,Strengthened
HALLMARK_IL2_STAT5_SIGNALING,HALLMARK_INTERFERON_ALPHA_RESPONSE,0.0029084142937568407,0.9450061273957568,0.0242214532871972,0.9654983369973329,0.01356493379047702,0.029997690098636707,0.3215476411765035,0.4235439359582976,0.0242214532871972,0.027109571692916952,-0.027089275804879867,-0.013544637902439932,0.013544637902439932,LumA,Weakened
HALLMARK_IL2_STAT5_SIGNALING,HALLMARK_INTERFERON_GAMMA_RESPONSE,-0.006741124283402552,0.8729743047777235,0.05,0.925621109080105,0.028370562141701278,-0.033085491476528894,0.27423000635015543,0.3703768001972882,0.05,0.04154274573826445,0.026344367193126342,-0.013172183596563171,0.013172183596563171,LumA,Weakened
HALLMARK_IL2_STAT5_SIGNALING,HALLMARK_KRAS_SIGNALING_DN,0.006312413527405596,0.880990614717072,0.0,0.9296856203642898,0.003156206763702798,0.04680724518901092,0.12180074517265856,0.193553255625408,0.0,0.02340362259450546,-0.04049483166160533,-0.020247415830802664,0.020247415830802664,LumA,Weakened
HALLMARK_IL2_STAT5_SIGNALING,HALLMARK_KRAS_SIGNALING_UP,0.0656645387639727,0.11898346951355525,0.0445026178010471,0.23320760024656828,0.0550835782825099,0.1563917780959242,2.0050291250194876e-07,1.4448003989111013e-06,0.0445026178010471,0.10044719794848564,-0.0907272393319515,-0.04536361966597574,0.04536361966597574,LumA,Weakened
HALLMARK_IL2_STAT5_SIGNALING,HALLMARK_MITOTIC_SPINDLE,0.05271523224285548,0.21089005218491758,0.005050505050505,0.3538908409952384,0.02888286864668024,0.020605937661743547,0.4959674549959656,0.5921638717057094,0.005050505050505,0.012828221356124273,0.03210929458111193,0.016054647290555966,0.016054647290555966,LumA,Strengthened
HALLMARK_IL2_STAT5_SIGNALING,HALLMARK_MTORC1_SIGNALING,-0.1839831372645922,1.0766928997414064e-05,0.023076923076923,8.79299201455482e-05,0.1035300301707576,-0.16148620439774458,7.854322559324987e-08,5.976114990790752e-07,0.023076923076923,0.09228156373733379,-0.02249693286684762,0.01124846643342381,0.01124846643342381,LumA,Strengthened
HALLMARK_IL2_STAT5_SIGNALING,HALLMARK_MYC_TARGETS_V1,0.07451167896167084,0.07678369361620263,0.0050377833753148,0.16301564069297786,0.03977473116849282,0.013529208643206142,0.6548775566021853,0.7292954607615245,0.0050377833753148,0.009283496009260471,0.060982470318464696,0.030491235159232348,0.030491235159232348,LumA,Strengthened
HALLMARK_IL2_STAT5_SIGNALING,HALLMARK_MYC_TARGETS_V2,-0.046073934481758005,0.2742532405842349,0.0198412698412698,0.4301667345911495,0.0329576021615139,0.09038178800409123,0.0027702333143636237,0.008022543286277634,0.0198412698412698,0.055111528922680515,-0.13645572248584925,-0.022153926761166613,0.022153926761166613,LumA,Weakened
HALLMARK_IL2_STAT5_SIGNALING,HALLMARK_MYOGENESIS,-0.025569978073474785,0.5441531920621168,0.015267175572519,0.695811753941642,0.020418576822996894,-0.00883730286836083,0.7703085939654518,0.8232477692918517,0.015267175572519,0.012052239220439916,-0.016732675205113956,0.008366337602556978,0.008366337602556978,LumA,Strengthened
HALLMARK_IL2_STAT5_SIGNALING,HALLMARK_NOTCH_SIGNALING,-0.09067310418335704,0.031166332978129017,0.0,0.07970513131149905,0.04533655209167852,-0.06080877280403023,0.044341019100979505,0.08473907706505444,0.0,0.030404386402015114,-0.029864331379326814,0.014932165689663407,0.014932165689663407,LumA,Strengthened
HALLMARK_IL2_STAT5_SIGNALING,HALLMARK_OXIDATIVE_PHOSPHORYLATION,-0.0031864779682861306,0.9397578890236499,0.0025125628140703,0.9625446605802433,0.002849520391178215,0.050393719511340945,0.09572155256359637,0.15997121676726542,0.0025125628140703,0.026453141162705623,-0.05358019747962708,-0.023603620771527407,0.023603620771527407,LumA,Weakened
HALLMARK_IL2_STAT5_SIGNALING,HALLMARK_P53_PATHWAY,-0.06248088600897336,0.13799096528825983,0.023076923076923,0.26126573798781805,0.04277890454294818,-0.03359816715717529,0.26685901523156885,0.3631366759458106,0.023076923076923,0.028337545117049147,-0.02888271885179807,0.014441359425899032,0.014441359425899032,LumA,Strengthened
HALLMARK_IL2_STAT5_SIGNALING,HALLMARK_PANCREAS_BETA_CELLS,0.07386137393326239,0.07940081869954878,0.0,0.1674071327942066,0.036930686966631196,0.014852223466673128,0.6236296436306946,0.7040979847443327,0.0,0.007426111733336564,0.059009150466589264,0.029504575233294632,0.029504575233294632,LumA,Strengthened
HALLMARK_IL2_STAT5_SIGNALING,HALLMARK_PEROXISOME,-0.13725346381559222,0.001072649076523097,0.0066445182724252,0.0050733402267984316,0.07194899104400872,-0.082963746460415,0.006038580846893875,0.01570543850837579,0.0066445182724252,0.0448041323664201,-0.05428971735517722,0.027144858677588618,0.027144858677588618,LumA,Strengthened
HALLMARK_IL2_STAT5_SIGNALING,HALLMARK_PI3K_AKT_MTOR_SIGNALING,-0.06070745162077019,0.149547018105226,0.0033003300330033,0.2792608188702772,0.03200389082688675,-0.09909157746674949,0.0010312713209546926,0.0034422544091811946,0.0033003300330033,0.05119595374987639,0.0383841258459793,-0.019192062922989646,0.019192062922989646,LumA,Weakened
HALLMARK_IL2_STAT5_SIGNALING,HALLMARK_PROTEIN_SECRETION,-0.12471170350760082,0.002983832293315399,0.0034013605442176,0.012265753554736119,0.0640565320259092,-0.07831850444553871,0.009557048685035575,0.02336803321191333,0.0034013605442176,0.040859932494878154,-0.0463931990620621,0.02319659953103105,0.02319659953103105,LumA,Strengthened
HALLMARK_IL2_STAT5_SIGNALING,HALLMARK_REACTIVE_OXYGEN_SPECIES_PATHWAY,0.04179549713148074,0.3213434890160314,0.008130081300813,0.48064197075047427,0.02496278921614687,0.029428689645769546,0.3308160294601395,0.4334220706830704,0.008130081300813,0.018779385473291273,0.01236680748571119,0.006183403742855597,0.006183403742855597,LumA,Strengthened
HALLMARK_IL2_STAT5_SIGNALING,HALLMARK_SPERMATOGENESIS,-0.08657331960597238,0.039673673215666186,0.0060240963855421,0.0955384008302077,0.04629870799575724,-0.0598292818661937,0.04788317146628503,0.0896894266761455,0.0060240963855421,0.0329266891258679,-0.02674403773977868,0.01337201886988934,0.01337201886988934,LumA,Strengthened
HALLMARK_IL2_STAT5_SIGNALING,HALLMARK_TGF_BETA_SIGNALING,-0.004762751338982334,0.9100628786524114,0.0201612903225806,0.9447686663976305,0.012462020830781467,0.0986661113032234,0.0010842786729716263,0.0035705413290060277,0.0201612903225806,0.059413700812902,-0.10342886264220574,-0.046951679982120534,0.046951679982120534,LumA,Weakened
HALLMARK_IL2_STAT5_SIGNALING,HALLMARK_TNFA_SIGNALING_VIA_NFKB,-0.05680025706705085,0.1775859402797903,0.0555555555555555,0.31482312133537355,0.05617790631130318,-0.05702263393056961,0.059370462364485274,0.10711165890499921,0.0555555555555555,0.056289094743062554,0.0002223768635187598,-0.00011118843175937643,0.00011118843175937643,LumA,Weakened
HALLMARK_IL2_STAT5_SIGNALING,HALLMARK_UNFOLDED_PROTEIN_RESPONSE,0.1927599102919,3.929936020033228e-06,0.0032154340836012,3.64709971556114e-05,0.0979876721877506,0.17666727162967927,4.0279535914621096e-09,3.916065991699273e-08,0.0032154340836012,0.08994135285664023,0.016092638662220743,0.008046319331110371,0.008046319331110371,LumA,Strengthened
HALLMARK_IL2_STAT5_SIGNALING,HALLMARK_UV_RESPONSE_DN,0.14810011714127905,0.000412430840626366,0.014792899408284,0.00222567303862246,0.08144650827478152,0.13757939480136025,4.9460715156880144e-06,2.8990132089558938e-05,0.014792899408284,0.07618614710482212,0.010520722339918798,0.005260361169959399,0.005260361169959399,LumA,Strengthened
HALLMARK_IL2_STAT5_SIGNALING,HALLMARK_UV_RESPONSE_UP,-0.0507195156008419,0.22870787843004983,0.0258620689655172,0.3786042582119068,0.038290792283179546,0.003625795250559894,0.9046503709592112,0.9320409625105414,0.0258620689655172,0.014743932108038546,-0.05434531085140179,0.023546860175141,0.023546860175141,LumA,Strengthened
HALLMARK_IL2_STAT5_SIGNALING,HALLMARK_WNT_BETA_CATENIN_SIGNALING,0.13033321024400257,0.0019068129388731423,0.0126050420168067,0.008342306607569999,0.07146912613040464,0.07969061774963751,0.008364231092900264,0.02074126131336604,0.0126050420168067,0.04614782988322211,0.05064259249436506,0.02532129624718253,0.02532129624718253,LumA,Strengthened
HALLMARK_IL2_STAT5_SIGNALING,HALLMARK_XENOBIOTIC_METABOLISM,-0.06927523960022235,0.09997320356769172,0.0178571428571428,0.20309647490948982,0.04356619122868258,-0.03191333727913781,0.29160054713345285,0.38996798060969406,0.0178571428571428,0.024885240068140305,-0.037361902321084536,0.01868095116054227,0.01868095116054227,LumA,Strengthened
HALLMARK_IL6_JAK_STAT3_SIGNALING,HALLMARK_INFLAMMATORY_RESPONSE,0.23325223233740408,2.027684450171686e-08,0.0871212121212121,3.104891814325394e-07,0.16018672222930808,0.2823046058475743,1.714215124578796e-21,5.2497838190225626e-20,0.0871212121212121,0.1847129089843932,-0.049052373510170194,-0.02452618675508511,0.02452618675508511,LumA,Weakened
HALLMARK_IL6_JAK_STAT3_SIGNALING,HALLMARK_INTERFERON_ALPHA_RESPONSE,-0.2118634601935183,3.7231819526808053e-07,0.0454545454545454,4.471468521601947e-06,0.12865900282403184,-0.16455426514959878,4.402973271787387e-08,3.5023651025581484e-07,0.0454545454545454,0.10500440530207208,-0.047309195043919505,0.023654597521959753,0.023654597521959753,LumA,Strengthened
HALLMARK_IL6_JAK_STAT3_SIGNALING,HALLMARK_INTERFERON_GAMMA_RESPONSE,0.23261021348170718,2.2222459950863324e-08,0.0830188679245283,3.360804128371305e-07,0.15781454070311773,0.1916423440523685,1.6504532609918743e-10,1.9629177133155786e-09,0.0830188679245283,0.1373306059884484,0.040967869429338694,0.020483934714669333,0.020483934714669333,LumA,Strengthened
HALLMARK_IL6_JAK_STAT3_SIGNALING,HALLMARK_KRAS_SIGNALING_DN,0.07941327186757371,0.05923681773265013,0.0034965034965034,0.1324180688366723,0.04145488768203856,0.0796980954611886,0.008358112378365236,0.02074126131336604,0.0034965034965034,0.041597299478846,-0.00028482359361488296,-0.00014241179680744148,0.00014241179680744148,LumA,Weakened
HALLMARK_IL6_JAK_STAT3_SIGNALING,HALLMARK_KRAS_SIGNALING_UP,-0.01039888663877045,0.8051884167790447,0.025,0.8834536177449817,0.017699443319385225,-0.0345570653589988,0.2534404932704942,0.34962230209049033,0.025,0.0297785326794994,0.02415817872022835,-0.012079089360114176,0.012079089360114176,LumA,Weakened
HALLMARK_IL6_JAK_STAT3_SIGNALING,HALLMARK_MITOTIC_SPINDLE,0.05811222759021469,0.16776570548202585,0.0,0.3022249841404142,0.029056113795107346,0.1147231015652403,0.00014308869470362615,0.000612879898643154,0.0,0.05736155078262015,-0.056610873975025615,-0.028305436987512807,0.028305436987512807,LumA,Weakened
HALLMARK_IL6_JAK_STAT3_SIGNALING,HALLMARK_MTORC1_SIGNALING,0.1621243456624827,0.0001084993165646701,0.0034965034965034,0.0007262932392990212,0.08281042457949306,0.13529507053399908,7.104907323154569e-06,4.029403458733494e-05,0.0034965034965034,0.06939578701525125,0.026829275128483626,0.013414637564241813,0.013414637564241813,LumA,Strengthened
HALLMARK_IL6_JAK_STAT3_SIGNALING,HALLMARK_MYC_TARGETS_V1,-0.07961096021743007,0.058605317376308856,0.0,0.13124591185736442,0.039805480108715034,-0.047464979036354014,0.11664196275688923,0.18721591334490445,0.0,0.023732489518177007,-0.032145981181076054,0.016072990590538027,0.016072990590538027,LumA,Strengthened
HALLMARK_IL6_JAK_STAT3_SIGNALING,HALLMARK_MYC_TARGETS_V2,0.07788976912673992,0.06429482378929513,0.0,0.1414024401111069,0.03894488456336996,0.04092444190385749,0.17617622867876798,0.26156235905590725,0.0,0.020462220951928744,0.036965327222882434,0.018482663611441217,0.018482663611441217,LumA,Strengthened
HALLMARK_IL6_JAK_STAT3_SIGNALING,HALLMARK_MYOGENESIS,0.03662013212409529,0.38494871071906955,0.0070175438596491,0.5436611145801056,0.021818837991872196,-0.013748355677824542,0.6496577502305154,0.7241408043970713,0.0070175438596491,0.010382949768736821,0.05036848780191983,0.011435888223135375,0.011435888223135375,LumA,Strengthened
HALLMARK_IL6_JAK_STAT3_SIGNALING,HALLMARK_NOTCH_SIGNALING,-0.040701217322180044,0.33418705255282505,0.0,0.49390104705305876,0.020350608661090022,-0.029702291020495104,0.3263380282327197,0.4289314212286283,0.0,0.014851145510247552,-0.01099892630168494,0.00549946315084247,0.00549946315084247,LumA,Strengthened
HALLMARK_IL6_JAK_STAT3_SIGNALING,HALLMARK_OXIDATIVE_PHOSPHORYLATION,-0.0828577957522646,0.04900690967257635,0.0,0.11263314136755352,0.0414288978761323,-0.1627340406655939,6.215024475448758e-08,4.818610748370081e-07,0.0,0.08136702033279695,0.07987624491332931,-0.03993812245666466,0.03993812245666466,LumA,Weakened
HALLMARK_IL6_JAK_STAT3_SIGNALING,HALLMARK_P53_PATHWAY,-0.12764438287879987,0.0023673838786946815,0.025,0.010104687287111445,0.07632219143939993,-0.16196947470069636,7.175087027815045e-08,5.493426005670893e-07,0.025,0.09348473735034818,0.0343250918218965,-0.01716254591094825,0.01716254591094825,LumA,Weakened
HALLMARK_IL6_JAK_STAT3_SIGNALING,HALLMARK_PANCREAS_BETA_CELLS,0.005262322808292532,0.9006756862348433,0.0,0.9390023111810069,0.002631161404146266,0.10959357530518356,0.00028158088883098274,0.0011091208643664112,0.0,0.05479678765259178,-0.10433125249689103,-0.052165626248445514,0.052165626248445514,LumA,Weakened
HALLMARK_IL6_JAK_STAT3_SIGNALING,HALLMARK_PEROXISOME,0.0480038581804265,0.2546328841881369,0.0,0.40935076526308095,0.02400192909021325,0.03780489923370393,0.21150434258241188,0.303387376655099,0.0,0.018902449616851964,0.01019895894672257,0.005099479473361285,0.005099479473361285,LumA,Strengthened
HALLMARK_IL6_JAK_STAT3_SIGNALING,HALLMARK_PI3K_AKT_MTOR_SIGNALING,-0.03448964424245411,0.41322167246723857,0.032258064516129,0.571327933151656,0.03337385437929155,0.054690479384522525,0.07057386460608003,0.12403584525458829,0.032258064516129,0.04347427195032576,-0.08918012362697664,-0.010100417571034206,0.010100417571034206,LumA,Weakened
HALLMARK_IL6_JAK_STAT3_SIGNALING,HALLMARK_PROTEIN_SECRETION,-0.1091096398337467,0.009444905315809861,0.0,0.03135503797253951,0.05455481991687335,-0.1143854035488917,0.00014974048673741552,0.0006369170008796321,0.0,0.05719270177444585,0.0052757637151450015,-0.0026378818575725008,0.0026378818575725008,LumA,Weakened
HALLMARK_IL6_JAK_STAT3_SIGNALING,HALLMARK_REACTIVE_OXYGEN_SPECIES_PATHWAY,-0.057052284826126676,0.17566709196035543,0.0,0.31277934251662126,0.028526142413063338,-0.09530580034712478,0.0016001161525555883,0.004974980423554811,0.0,0.04765290017356239,0.03825351552099811,-0.019126757760499054,0.019126757760499054,LumA,Weakened
HALLMARK_IL6_JAK_STAT3_SIGNALING,HALLMARK_SPERMATOGENESIS,0.026567433238942798,0.5285549901849,0.004524886877828,0.6829956360511631,0.015546160058385399,0.0286208612590406,0.34426809560611377,0.4467258602632595,0.004524886877828,0.0165728740684343,-0.0020534280200978014,-0.0010267140100489024,0.0010267140100489024,LumA,Weakened
HALLMARK_IL6_JAK_STAT3_SIGNALING,HALLMARK_TGF_BETA_SIGNALING,0.05952222943633507,0.15767134817121367,0.014388489208633,0.28957631410755136,0.03695535932248403,0.036589485044704474,0.22656944054108438,0.32049372362913203,0.014388489208633,0.025488987126668736,0.022932744391630594,0.011466372195815297,0.011466372195815297,LumA,Strengthened
HALLMARK_IL6_JAK_STAT3_SIGNALING,HALLMARK_TNFA_SIGNALING_VIA_NFKB,0.2563080334588076,6.311449914599942e-10,0.0669144981412639,1.1894655608284506e-08,0.16161126580003576,0.2647742401306077,5.242677846888727e-19,1.4503342955787065e-17,0.0669144981412639,0.1658443691359358,-0.008466206671800092,-0.004233103335900046,0.004233103335900046,LumA,Weakened
HALLMARK_IL6_JAK_STAT3_SIGNALING,HALLMARK_UNFOLDED_PROTEIN_RESPONSE,0.02982222877204094,0.47928453918618735,0.0,0.6354151087695665,0.01491111438602047,0.0011423220362535222,0.9698950738411571,0.9802982388246019,0.0,0.0005711610181267611,0.02867990673578742,0.01433995336789371,0.01433995336789371,LumA,Strengthened
HALLMARK_IL6_JAK_STAT3_SIGNALING,HALLMARK_UV_RESPONSE_DN,-0.090149430512732,0.03215762739270708,0.0043478260869565,0.0815591999090397,0.04724862829984425,-0.1719089719471673,1.0518180698996724e-08,9.269619680770494e-08,0.0043478260869565,0.0881283990170619,0.08175954143443531,-0.040879770717217656,0.040879770717217656,LumA,Weakened
HALLMARK_IL6_JAK_STAT3_SIGNALING,HALLMARK_UV_RESPONSE_UP,-0.10514255643323328,0.012397974706486565,0.0208333333333333,0.038942356449861645,0.0629879448832833,-0.11349779680287547,0.00016863700325227575,0.0007123459620139234,0.0208333333333333,0.0671655650681044,0.008355240369642192,-0.004177620184821096,0.004177620184821096,LumA,Weakened
HALLMARK_IL6_JAK_STAT3_SIGNALING,HALLMARK_WNT_BETA_CATENIN_SIGNALING,0.07207997407776134,0.0869419943046111,0.0,0.18082163501383464,0.03603998703888067,0.11593094425474554,0.0001215023882363108,0.0005334782279192858,0.0,0.05796547212737277,-0.043850970176984194,-0.021925485088492097,0.021925485088492097,LumA,Weakened
HALLMARK_IL6_JAK_STAT3_SIGNALING,HALLMARK_XENOBIOTIC_METABOLISM,0.1258306574108825,0.002733187936291229,0.0213523131672597,0.011388283067880122,0.0735914852890711,0.10505851205375617,0.0005003964975104921,0.0018082174320069404,0.0213523131672597,0.06320541261050794,0.020772145357126334,0.01038607267856316,0.01038607267856316,LumA,Strengthened
HALLMARK_INFLAMMATORY_RESPONSE,HALLMARK_INTERFERON_ALPHA_RESPONSE,-0.20858994041935683,5.665829403235393e-07,0.0607142857142857,6.547774546191846e-06,0.13465211306682126,-0.17061443014794558,1.359455943330445e-08,1.1810876103402801e-07,0.0607142857142857,0.11566435793111564,-0.037975510271411245,0.018987755135705622,0.018987755135705622,LumA,Strengthened
HALLMARK_INFLAMMATORY_RESPONSE,HALLMARK_INTERFERON_GAMMA_RESPONSE,0.22357566049339592,7.843418038232268e-08,0.1019283746556473,1.0496817428032108e-06,0.16275201757452162,0.18684865560024222,4.72407465200524e-10,5.076308288338964e-09,0.1019283746556473,0.14438851512794476,0.0367270048931537,0.018363502446576863,0.018363502446576863,LumA,Strengthened
HALLMARK_INFLAMMATORY_RESPONSE,HALLMARK_KRAS_SIGNALING_DN,0.11587400231851476,0.0058247396594038455,0.015228426395939,0.021110373025945893,0.06555121435722688,0.09500927419020341,0.0016550760652905496,0.0051069727455438875,0.015228426395939,0.0551188502930712,0.020864728128311347,0.01043236406415568,0.01043236406415568,LumA,Strengthened
HALLMARK_INFLAMMATORY_RESPONSE,HALLMARK_KRAS_SIGNALING_UP,0.24345693688994288,4.558846461549213e-09,0.0416666666666666,7.446115887197048e-08,0.14256180177830474,0.20811290708244162,3.6050829623741295e-12,5.452131640627541e-11,0.0416666666666666,0.12488978687455411,0.03534402980750126,0.01767201490375063,0.01767201490375063,LumA,Strengthened
HALLMARK_INFLAMMATORY_RESPONSE,HALLMARK_MITOTIC_SPINDLE,-0.10469950535762593,0.012773801770729655,0.0050377833753148,0.039816557682299816,0.05486864436647036,-0.08562529451775257,0.004595745216642775,0.012538503096631178,0.0050377833753148,0.04533153894653368,-0.01907421083987336,0.00953710541993668,0.00953710541993668,LumA,Strengthened
HALLMARK_INFLAMMATORY_RESPONSE,HALLMARK_MTORC1_SIGNALING,0.013754317480753687,0.7442520259274015,0.0126582278481012,0.848890811695593,0.013206272664427443,-0.01955860984890193,0.5181262662506944,0.611213054289756,0.0126582278481012,0.016108418848501563,0.033312927329655614,-0.00290214618407412,0.00290214618407412,LumA,Weakened
HALLMARK_INFLAMMATORY_RESPONSE,HALLMARK_MYC_TARGETS_V1,0.016383127127407006,0.6975823254283376,0.0025062656641604,0.8138460463330607,0.009444696395783703,0.066629138356136,0.027543108388300826,0.05738147580896005,0.0025062656641604,0.0345677020101482,-0.050246011228728994,-0.025123005614364497,0.025123005614364497,LumA,Weakened
HALLMARK_INFLAMMATORY_RESPONSE,HALLMARK_MYC_TARGETS_V2,0.06066834476273732,0.14980990076889084,0.0038910505836575,0.2793259184808086,0.03227969767319741,-0.015703527314540507,0.6038702922037247,0.6843118482419637,0.0038910505836575,0.009797288949099004,0.07637187207727783,0.02248240872409841,0.02248240872409841,LumA,Strengthened
HALLMARK_INFLAMMATORY_RESPONSE,HALLMARK_MYOGENESIS,-0.026053376018252847,0.5365653854206098,0.0101010101010101,0.6897089162017283,0.01807719305963147,-0.020516206615777507,0.49784595290639333,0.5938279379847438,0.0101010101010101,0.015308608358393804,-0.005537169402475339,0.002768584701237668,0.002768584701237668,LumA,Strengthened
HALLMARK_INFLAMMATORY_RESPONSE,HALLMARK_NOTCH_SIGNALING,0.059120245456445675,0.160501250270642,0.0043290043290043,0.29301644050899617,0.031724624892724984,-0.01734347180307024,0.5666214895469827,0.6554403443768213,0.0043290043290043,0.010836238066037271,0.07646371725951592,0.020888386826687713,0.020888386826687713,LumA,Strengthened
HALLMARK_INFLAMMATORY_RESPONSE,HALLMARK_OXIDATIVE_PHOSPHORYLATION,-0.02518613764773022,0.5502159256400002,0.0,0.6979025239986948,0.01259306882386511,-0.01163071772516033,0.7007805590300217,0.7706069881613793,0.0,0.005815358862580165,-0.013555419922569891,0.0067777099612849456,0.0067777099612849456,LumA,Strengthened
HALLMARK_INFLAMMATORY_RESPONSE,HALLMARK_P53_PATHWAY,-0.09148659585450537,0.02967832500182853,0.0309278350515463,0.0768624696136151,0.061207215453025834,-0.07817117249910958,0.00969373273533526,0.023607997218261817,0.0309278350515463,0.05454950377532794,-0.013315423355395789,0.0066577116776978945,0.0066577116776978945,LumA,Strengthened
HALLMARK_INFLAMMATORY_RESPONSE,HALLMARK_PANCREAS_BETA_CELLS,0.012643559066541112,0.7642684011555612,0.0,0.8597142253586432,0.006321779533270556,-0.009736800827082908,0.7476870419845014,0.8037437188958657,0.0,0.004868400413541454,0.022380359893624018,0.001453379119729102,0.001453379119729102,LumA,Strengthened
HALLMARK_INFLAMMATORY_RESPONSE,HALLMARK_PEROXISOME,-0.0075147998732416526,0.8585410308987875,0.0,0.9169248150401175,0.0037573999366208263,-0.051101394364331205,0.09114577480374388,0.15400492984080863,0.0,0.025550697182165603,0.04358659449108955,-0.021793297245544775,0.021793297245544775,LumA,Weakened
HALLMARK_INFLAMMATORY_RESPONSE,HALLMARK_PI3K_AKT_MTOR_SIGNALING,0.05858632464834774,0.16431894219820772,0.009933774834437,0.29820845065600665,0.03426004974139237,0.06915593863706225,0.022166469373187184,0.04789052025071305,0.009933774834437,0.039544856735749624,-0.010569613988714512,-0.005284806994357252,0.005284806994357252,LumA,Weakened
HALLMARK_INFLAMMATORY_RESPONSE,HALLMARK_PROTEIN_SECRETION,0.02023658621598631,0.6312259465042919,0.0068027210884353,0.7655958262057005,0.013519653652210806,0.024805450479963468,0.4124184628960521,0.5134274563492519,0.0068027210884353,0.015804085784199385,-0.0045688642639771584,-0.0022844321319885792,0.0022844321319885792,LumA,Weakened
HALLMARK_INFLAMMATORY_RESPONSE,HALLMARK_REACTIVE_OXYGEN_SPECIES_PATHWAY,0.05629305676487046,0.18149468905772037,0.0040322580645161,0.3208239453040512,0.03016265741469328,0.05881347760253667,0.05180448014427046,0.0958617646174189,0.0040322580645161,0.03142286783352639,-0.0025204208376662096,-0.0012602104188331083,0.0012602104188331083,LumA,Weakened
HALLMARK_INFLAMMATORY_RESPONSE,HALLMARK_SPERMATOGENESIS,0.20188109583702377,1.3119721540786755e-06,0.0,1.383023247672588e-05,0.10094054791851188,0.15004558707308996,6.182297704928289e-07,4.1159318959441055e-06,0.0,0.07502279353654498,0.05183550876393381,0.025917754381966904,0.025917754381966904,LumA,Strengthened
HALLMARK_INFLAMMATORY_RESPONSE,HALLMARK_TGF_BETA_SIGNALING,0.03551996380553453,0.399398476733221,0.0079365079365079,0.5566133492584706,0.021728235871021215,0.04024198544710172,0.18350252116214105,0.270506123253457,0.0079365079365079,0.02408924669180481,-0.004722021641567188,-0.002361010820783594,0.002361010820783594,LumA,Weakened
HALLMARK_INFLAMMATORY_RESPONSE,HALLMARK_TNFA_SIGNALING_VIA_NFKB,0.45291558671891596,6.317008165733687e-30,0.1461318051575931,4.836459376889854e-28,0.29952369593825456,0.4683195945745949,1.000201474686657e-60,7.657792540569717e-59,0.1461318051575931,0.307225699866094,-0.015404007855678914,-0.007702003927839429,0.007702003927839429,LumA,Weakened
HALLMARK_INFLAMMATORY_RESPONSE,HALLMARK_UNFOLDED_PROTEIN_RESPONSE,0.008872682842840792,0.8333255758452505,0.0032051282051282,0.8970332428914163,0.006038905523984495,0.036243710171375065,0.23099172444229826,0.3245009890387791,0.0032051282051282,0.019724419188251633,-0.027371027328534275,-0.013685513664267138,0.013685513664267138,LumA,Weakened
HALLMARK_INFLAMMATORY_RESPONSE,HALLMARK_UV_RESPONSE_DN,0.01697552662727886,0.6872137721647436,0.0455927051671732,0.8091620002861544,0.03128411589722603,0.048721990806875615,0.1072610827530013,0.176368894459633,0.0455927051671732,0.04715734798702441,-0.031746464179596756,-0.015873232089798378,0.015873232089798378,LumA,Weakened
HALLMARK_INFLAMMATORY_RESPONSE,HALLMARK_UV_RESPONSE_UP,-0.16833619923433812,5.7908630163009273e-05,0.028735632183908,0.00041484252602155765,0.09853591570912307,-0.18038847371529235,1.8666170946914264e-09,1.8897569760305763e-08,0.028735632183908,0.10456205294960018,0.012052274480954223,-0.006026137240477111,0.006026137240477111,LumA,Weakened
HALLMARK_INFLAMMATORY_RESPONSE,HALLMARK_WNT_BETA_CATENIN_SIGNALING,-0.055646888090998776,0.1865661706164626,0.0041493775933609,0.32544345788893,0.029898132842179837,-0.07607147127325552,0.011839706591423103,0.028053463393604063,0.0041493775933609,0.04011042443330821,0.02042458318225674,-0.01021229159112837,0.01021229159112837,LumA,Weakened
HALLMARK_INFLAMMATORY_RESPONSE,HALLMARK_XENOBIOTIC_METABOLISM,0.13106390702961412,0.0017966914698445467,0.0126582278481012,0.008008135670313514,0.07186106743885766,0.10182888055397125,0.0007435958415068786,0.0025731777001297353,0.0126582278481012,0.057243554201036224,0.02923502647564287,0.014617513237821435,0.014617513237821435,LumA,Strengthened
HALLMARK_INTERFERON_ALPHA_RESPONSE,HALLMARK_INTERFERON_GAMMA_RESPONSE,0.994705361662922,0.0,0.3258928571428571,0.0,0.6602991094028896,0.9938972356032353,0.0,0.0,0.3258928571428571,0.6598950463730462,0.0008081260596867201,0.0004040630298434156,0.0004040630298434156,LumA,Strengthened
HALLMARK_INTERFERON_ALPHA_RESPONSE,HALLMARK_KRAS_SIGNALING_DN,0.1284841176269345,0.0022136594232418146,0.010204081632653,0.009514851906916573,0.06934409962979375,0.12120802698657099,5.837607090196251e-05,0.00027294155288131323,0.010204081632653,0.06570605430961199,0.007276090640363525,0.0036380453201817625,0.0036380453201817625,LumA,Strengthened
HALLMARK_INTERFERON_ALPHA_RESPONSE,HALLMARK_KRAS_SIGNALING_UP,0.27196125968049434,4.883488369340936e-11,0.0067796610169491,1.220872092335234e-09,0.13937046034872172,0.22637774770026062,3.519562541416963e-14,6.843593830532983e-13,0.0067796610169491,0.11657870435860486,0.04558351198023372,0.02279175599011686,0.02279175599011686,LumA,Strengthened
HALLMARK_INTERFERON_ALPHA_RESPONSE,HALLMARK_MITOTIC_SPINDLE,-0.11166580759432297,0.007890939247386038,0.0,0.027152810612494093,0.055832903797161486,-0.08819616710280864,0.0035058971546516925,0.009931034197718439,0.0,0.04409808355140432,-0.02346964049151433,0.011734820245757165,0.011734820245757165,LumA,Strengthened
HALLMARK_INTERFERON_ALPHA_RESPONSE,HALLMARK_MTORC1_SIGNALING,-0.10418917396801111,0.013219132279711675,0.010204081632653,0.040789513961326955,0.05719662780033206,-0.1532052516554761,3.549410571856583e-07,2.4565129663979174e-06,0.010204081632653,0.08170466664406455,0.04901607768746499,-0.02450803884373249,0.02450803884373249,LumA,Weakened
HALLMARK_INTERFERON_ALPHA_RESPONSE,HALLMARK_MYC_TARGETS_V1,0.009111811171263945,0.8289019224512588,0.0,0.8970332428914163,0.0045559055856319725,0.07166990986900389,0.017746285728361396,0.03981538464696467,0.0,0.03583495493450194,-0.06255809869773994,-0.03127904934886997,0.03127904934886997,LumA,Weakened
HALLMARK_INTERFERON_ALPHA_RESPONSE,HALLMARK_MYC_TARGETS_V2,0.022942541744671696,0.58630254805469,0.0,0.730111476143198,0.011471270872335848,-0.04014530728287662,0.184558343580991,0.2717355419311466,0.0,0.02007265364143831,0.06308784902754833,-0.008601382769102463,0.008601382769102463,LumA,Weakened
HALLMARK_INTERFERON_ALPHA_RESPONSE,HALLMARK_MYOGENESIS,0.085976153548698,0.04106354011413377,0.0,0.09806979300405021,0.042988076774349,0.0818807512983734,0.006734089139326467,0.017366861464578786,0.0,0.0409403756491867,0.004095402250324606,0.002047701125162303,0.002047701125162303,LumA,Strengthened
HALLMARK_INTERFERON_ALPHA_RESPONSE,HALLMARK_NOTCH_SIGNALING,-0.049126901768474666,0.24367467633199236,0.0,0.39536619669760353,0.024563450884237333,-0.07698386956366855,0.010860269338112315,0.026024850454772888,0.0,0.038491934781834276,0.027856967795193886,-0.013928483897596943,0.013928483897596943,LumA,Weakened
HALLMARK_INTERFERON_ALPHA_RESPONSE,HALLMARK_OXIDATIVE_PHOSPHORYLATION,0.026249070291532117,0.5335087755677332,0.0,0.6879455263899719,0.013124535145766059,0.006989254231225311,0.8173825350493124,0.8654223037471112,0.0,0.0034946271156126554,0.019259816060306807,0.009629908030153404,0.009629908030153404,LumA,Strengthened
HALLMARK_INTERFERON_ALPHA_RESPONSE,HALLMARK_P53_PATHWAY,0.05617123735845554,0.1824429055464318,0.0206185567010309,0.3220280577269294,0.03839489702974322,0.05865253406007428,0.052449741954176704,0.09676345465943745,0.0206185567010309,0.03963554538055259,-0.0024812967016187362,-0.0012406483508093716,0.0012406483508093716,LumA,Weakened
HALLMARK_INTERFERON_ALPHA_RESPONSE,HALLMARK_PANCREAS_BETA_CELLS,0.012644596308906528,0.7642496337399437,0.0,0.8597142253586432,0.006322298154453264,0.05386528814198063,0.07493094956273766,0.1313167571020796,0.0,0.026932644070990316,-0.041220691833074107,-0.020610345916537053,0.020610345916537053,LumA,Weakened
HALLMARK_INTERFERON_ALPHA_RESPONSE,HALLMARK_PEROXISOME,-0.018925477591755963,0.6535056666166859,0.0,0.7872040047379083,0.009462738795877982,-0.07419520243587995,0.014102790930965878,0.03294266932057975,0.0,0.03709760121793997,0.055269724844123985,-0.027634862422061993,0.027634862422061993,LumA,Weakened
HALLMARK_INTERFERON_ALPHA_RESPONSE,HALLMARK_PI3K_AKT_MTOR_SIGNALING,-0.05547653193663285,0.1879204492886009,0.0049751243781094,0.32606593538036277,0.030225828157371126,0.0022707279435646953,0.94019873068732,0.9585368287703278,0.0049751243781094,0.0036229261608370475,-0.05774725988019755,0.02660290199653408,0.02660290199653408,LumA,Strengthened
HALLMARK_INTERFERON_ALPHA_RESPONSE,HALLMARK_PROTEIN_SECRETION,-0.15834289592471965,0.00015726954247065678,0.0,0.0009681165302841937,0.07917144796235982,-0.09923834035387664,0.0010135493525806766,0.003410983398108046,0.0,0.04961917017693832,-0.059104555570843,0.0295522777854215,0.0295522777854215,LumA,Strengthened
HALLMARK_INTERFERON_ALPHA_RESPONSE,HALLMARK_REACTIVE_OXYGEN_SPECIES_PATHWAY,-0.012390641809237851,0.768848674096425,0.0,0.8631631502813534,0.006195320904618926,-0.06806616885668297,0.024361994799420604,0.05208279865495679,0.0,0.034033084428341485,0.05567552704744512,-0.02783776352372256,0.02783776352372256,LumA,Weakened
HALLMARK_INTERFERON_ALPHA_RESPONSE,HALLMARK_SPERMATOGENESIS,0.05736384449222548,0.1733163606572958,0.0,0.31039845293156043,0.02868192224611274,0.09429084855411815,0.0017955015217719914,0.005430837936223924,0.0,0.047145424277059075,-0.03692700406189267,-0.018463502030946335,0.018463502030946335,LumA,Weakened
HALLMARK_INTERFERON_ALPHA_RESPONSE,HALLMARK_TGF_BETA_SIGNALING,0.01958489543291267,0.6422600279809415,0.0,0.7774392631192226,0.009792447716456334,0.011312274900560701,0.7085938197941407,0.776293014378941,0.0,0.005656137450280351,0.008272620532351968,0.004136310266175984,0.004136310266175984,LumA,Strengthened
HALLMARK_INTERFERON_ALPHA_RESPONSE,HALLMARK_TNFA_SIGNALING_VIA_NFKB,0.030147971330767045,0.474494960117904,0.03125,0.6299621096756491,0.030698985665383524,-0.003153280880734825,0.9170281658218753,0.9416257360702408,0.03125,0.017201640440367413,0.03330125221150187,0.01349734522501611,0.01349734522501611,LumA,Strengthened
HALLMARK_INTERFERON_ALPHA_RESPONSE,HALLMARK_UNFOLDED_PROTEIN_RESPONSE,0.10738348816124924,0.010642817367180264,0.0,0.03430908230209427,0.05369174408062462,0.03340210089888296,0.26966172282289025,0.3662257322151226,0.0,0.01670105044944148,0.07398138726236628,0.03699069363118314,0.03699069363118314,LumA,Strengthened
HALLMARK_INTERFERON_ALPHA_RESPONSE,HALLMARK_UV_RESPONSE_DN,-0.005460673883579675,0.8969523372748236,0.0,0.9380854315117969,0.0027303369417898374,-0.03582697440965387,0.2364025178282475,0.3302087620748041,0.0,0.017913487204826935,0.030366300526074197,-0.015183150263037098,0.015183150263037098,LumA,Weakened
HALLMARK_INTERFERON_ALPHA_RESPONSE,HALLMARK_UV_RESPONSE_UP,-0.08765562951828461,0.037256065207285236,0.0119047619047619,0.09073296198593322,0.049780195711523256,-0.08581731156399994,0.004504829272170734,0.012345449347671475,0.0119047619047619,0.04886103673438092,-0.0018383179542846712,0.0009191589771423356,0.0009191589771423356,LumA,Strengthened
HALLMARK_INTERFERON_ALPHA_RESPONSE,HALLMARK_WNT_BETA_CATENIN_SIGNALING,-0.008905285816967378,0.8327221376717618,0.0,0.8970332428914163,0.004452642908483689,0.012199255126725407,0.6869097752510647,0.7596360510266906,0.0,0.0060996275633627035,-0.021104540943692785,-0.0016469846548790145,0.0016469846548790145,LumA,Weakened
HALLMARK_INTERFERON_ALPHA_RESPONSE,HALLMARK_XENOBIOTIC_METABOLISM,0.13649248519786944,0.0011441957263297155,0.0,0.005390922172130391,0.06824624259893472,0.11121177734887262,0.0002281310528357473,0.0009346506345277272,0.0,0.05560588867443631,0.025280707848996817,0.012640353924498408,0.012640353924498408,LumA,Strengthened
HALLMARK_INTERFERON_GAMMA_RESPONSE,HALLMARK_KRAS_SIGNALING_DN,-0.08957011324270621,0.03328552794904023,0.0075566750629722,0.08355486011798009,0.0485633941528392,-0.07928252667273533,0.008704284129818642,0.021454221446736088,0.0075566750629722,0.043419600867853764,-0.010287586569970877,0.005143793284985439,0.005143793284985439,LumA,Strengthened
HALLMARK_INTERFERON_GAMMA_RESPONSE,HALLMARK_KRAS_SIGNALING_UP,-0.27672661530825526,2.166866239266159e-11,0.0256410256410256,5.898691429113433e-10,0.15118382047464043,-0.23827472833226418,1.3781081774694016e-15,2.961723714736872e-14,0.0256410256410256,0.13195787698664488,-0.038451886975991084,0.019225943487995556,0.019225943487995556,LumA,Strengthened
HALLMARK_INTERFERON_GAMMA_RESPONSE,HALLMARK_MITOTIC_SPINDLE,0.11045104281640766,0.008598431357638343,0.0025125628140703,0.029096901693665665,0.056481802815238985,0.08342718066871195,0.0057612344469622195,0.015144875960362058,0.0025125628140703,0.04296987174139112,0.027023862147695712,0.013511931073847863,0.013511931073847863,LumA,Strengthened
HALLMARK_INTERFERON_GAMMA_RESPONSE,HALLMARK_MTORC1_SIGNALING,0.1141514991075383,0.006603108226638556,0.0204081632653061,0.02344581906560067,0.0672798311864222,0.1622580978465291,6.79690889545677e-08,5.236612199329902e-07,0.0204081632653061,0.09133313055591759,-0.048106598738990786,-0.024053299369495393,0.024053299369495393,LumA,Weakened
HALLMARK_INTERFERON_GAMMA_RESPONSE,HALLMARK_MYC_TARGETS_V1,-0.027763402351098202,0.5101565218104844,0.0050251256281407,0.6662954999267497,0.01639426398961945,-0.09882727035900489,0.001063911147321829,0.0035415520529055453,0.0050251256281407,0.051926197993572794,0.07106386800790669,-0.03553193400395334,0.03553193400395334,LumA,Weakened
HALLMARK_INTERFERON_GAMMA_RESPONSE,HALLMARK_MYC_TARGETS_V2,-0.025992239202480852,0.5375220983995509,0.0,0.6902144345277252,0.012996119601240426,0.04073970750769662,0.1781375409244513,0.26323098628763913,0.0,0.02036985375384831,-0.06673194671017747,-0.0073737341526078845,0.0073737341526078845,LumA,Weakened
HALLMARK_INTERFERON_GAMMA_RESPONSE,HALLMARK_MYOGENESIS,-0.09543711537057224,0.023288350112770476,0.0050251256281407,0.06410837952391872,0.05023112049935647,-0.08842704556792576,0.0034205532196015134,0.009731967442567336,0.0050251256281407,0.04672608559803323,-0.007010069802646485,0.0035050349013232424,0.0035050349013232424,LumA,Strengthened
HALLMARK_INTERFERON_GAMMA_RESPONSE,HALLMARK_NOTCH_SIGNALING,0.03961772034174736,0.34722474647276835,0.0,0.5061200213015463,0.01980886017087368,0.07030863309933504,0.020033212060862803,0.044297264936023345,0.0,0.03515431654966752,-0.030690912757587674,-0.015345456378793837,0.015345456378793837,LumA,Weakened
HALLMARK_INTERFERON_GAMMA_RESPONSE,HALLMARK_OXIDATIVE_PHOSPHORYLATION,-0.022602095076884206,0.591872612911539,0.0025062656641604,0.7337527042847658,0.012554180370522304,0.002197811397699738,0.9421156171255891,0.9585478662615006,0.0025062656641604,0.002352038530930069,-0.024799906474583945,0.010202141839592234,0.010202141839592234,LumA,Strengthened
HALLMARK_INTERFERON_GAMMA_RESPONSE,HALLMARK_P53_PATHWAY,-0.044783620972887475,0.28793151794457855,0.0282776349614395,0.4440086514427202,0.036530627967163484,-0.04009258597142671,0.18513600168137048,0.2722588260020154,0.0282776349614395,0.034185110466433105,-0.004691035001460765,0.002345517500730379,0.002345517500730379,LumA,Strengthened
HALLMARK_INTERFERON_GAMMA_RESPONSE,HALLMARK_PANCREAS_BETA_CELLS,-0.01866851023250329,0.6579094817154613,0.0,0.7893625025479335,0.009334255116251645,-0.057811429010286276,0.05593205065522497,0.10195946734025384,0.0,0.028905714505143138,0.03914291877778299,-0.019571459388891495,0.019571459388891495,LumA,Weakened
HALLMARK_INTERFERON_GAMMA_RESPONSE,HALLMARK_PEROXISOME,0.00963790781317155,0.8191888345754995,0.0099667774086378,0.8912134301554058,0.009802342610904676,0.07021261122847268,0.02020381783668677,0.04459401234223657,0.0099667774086378,0.04008969431855524,-0.06057470341530113,-0.030287351707650564,0.030287351707650564,LumA,Weakened
HALLMARK_INTERFERON_GAMMA_RESPONSE,HALLMARK_PI3K_AKT_MTOR_SIGNALING,0.03831546865692294,0.3633157395435268,0.0166666666666666,0.5239551190609651,0.02749106766179477,-0.014567774966118965,0.6302936098507415,0.710059081029495,0.0166666666666666,0.015617220816392783,0.052883243623041906,0.011873846845401987,0.011873846845401987,LumA,Strengthened
HALLMARK_INTERFERON_GAMMA_RESPONSE,HALLMARK_PROTEIN_SECRETION,0.15745014073794478,0.00017146733327730922,0.0033898305084745,0.0010502374163235192,0.08041998562320964,0.10144294993982361,0.0007790605713441082,0.0026883076053423457,0.0033898305084745,0.052416390224149054,0.056007190798121165,0.028003595399060582,0.028003595399060582,LumA,Strengthened
HALLMARK_INTERFERON_GAMMA_RESPONSE,HALLMARK_REACTIVE_OXYGEN_SPECIES_PATHWAY,0.015081482280773805,0.7205609668670394,0.0080971659919028,0.833684628575921,0.011589324136338303,0.06765519476309892,0.0252375542999004,0.0533955164376131,0.0080971659919028,0.03787618037750086,-0.05257371248232511,-0.026286856241162556,0.026286856241162556,LumA,Weakened
HALLMARK_INTERFERON_GAMMA_RESPONSE,HALLMARK_SPERMATOGENESIS,-0.06269609760759705,0.13663663610295645,0.0029940119760479,0.25950368872266927,0.032845054791822474,-0.09875709139571104,0.0010727366320642836,0.0035491386111074553,0.0029940119760479,0.05087555168587947,0.03606099378811399,-0.018030496894056995,0.018030496894056995,LumA,Weakened
HALLMARK_INTERFERON_GAMMA_RESPONSE,HALLMARK_TGF_BETA_SIGNALING,-0.022398976781070966,0.5952073409842966,0.0,0.7357507494508208,0.011199488390535483,-0.015200396528391454,0.6155144864098588,0.696219063575325,0.0,0.007600198264195727,-0.007198580252679512,0.003599290126339756,0.003599290126339756,LumA,Strengthened
HALLMARK_INTERFERON_GAMMA_RESPONSE,HALLMARK_TNFA_SIGNALING_VIA_NFKB,-0.04838485685517449,0.25087756986759147,0.0723860589812332,0.4049078038047425,0.06038545791820384,-0.013476513523859136,0.6561352165774152,0.7300323708513475,0.0723860589812332,0.042931286252546164,-0.03490834333131536,0.01745417166565768,0.01745417166565768,LumA,Strengthened
HALLMARK_INTERFERON_GAMMA_RESPONSE,HALLMARK_UNFOLDED_PROTEIN_RESPONSE,-0.09366710180341695,0.025986901483251435,0.0096774193548387,0.06964246979288241,0.05167226057912783,-0.022991307021855794,0.4474435125006979,0.5470242543047454,0.0096774193548387,0.016334363188347245,-0.07067579478156115,0.03533789739078058,0.03533789739078058,LumA,Strengthened
HALLMARK_INTERFERON_GAMMA_RESPONSE,HALLMARK_UV_RESPONSE_DN,0.013833848432396954,0.7428252496101603,0.0058479532163742,0.848890811695593,0.009840900824385577,0.04413258908434448,0.14463200013666072,0.22286062914139546,0.0058479532163742,0.02499027115035934,-0.03029874065194753,-0.015149370325973764,0.015149370325973764,LumA,Weakened
HALLMARK_INTERFERON_GAMMA_RESPONSE,HALLMARK_UV_RESPONSE_UP,0.09330830461606116,0.026565634579491536,0.0257879656160458,0.07074543991277638,0.059548135116053474,0.08701068252579319,0.003975359727391024,0.011141055435531533,0.0257879656160458,0.05639932407091949,0.0062976220902679625,0.0031488110451339812,0.0031488110451339812,LumA,Strengthened
HALLMARK_INTERFERON_GAMMA_RESPONSE,HALLMARK_WNT_BETA_CATENIN_SIGNALING,0.0002611045046866686,0.9950590210142134,0.0,0.9950590210142134,0.0001305522523433343,-0.02608686139953099,0.38868711223638946,0.49036221677608355,0.0,0.013043430699765496,0.02634796590421766,-0.012912878447422161,0.012912878447422161,LumA,Weakened
HALLMARK_INTERFERON_GAMMA_RESPONSE,HALLMARK_XENOBIOTIC_METABOLISM,-0.15200813100472513,0.000287529324032989,0.0178117048346055,0.001638248474141449,0.08490991791966532,-0.11963679394299191,7.284453769722039e-05,0.00033800969196626885,0.0178117048346055,0.0687242493887987,-0.032371337061733216,0.016185668530866615,0.016185668530866615,LumA,Strengthened
HALLMARK_KRAS_SIGNALING_DN,HALLMARK_KRAS_SIGNALING_UP,-0.259664408245908,3.697703368215312e-10,0.0,7.305946171070576e-09,0.129832204122954,-0.17198493296112125,1.0360391035007028e-08,9.196723926002616e-08,0.0,0.08599246648056062,-0.08767947528478673,0.043839737642393364,0.043839737642393364,LumA,Strengthened
HALLMARK_KRAS_SIGNALING_DN,HALLMARK_MITOTIC_SPINDLE,-0.0033232822256472633,0.9371767568684821,0.0025125628140703,0.9611509664336172,0.0029179225198587818,-0.024500209097156552,0.4181954250429208,0.5185115340866173,0.0025125628140703,0.013506385955613426,0.021176926871509287,-0.010588463435754644,0.010588463435754644,LumA,Weakened
HALLMARK_KRAS_SIGNALING_DN,HALLMARK_MTORC1_SIGNALING,0.0019578714977094708,0.9629634980471485,0.0025062656641604,0.9781345647659676,0.0022320685809349354,-0.048583780031959505,0.10826237178538768,0.17730134416724588,0.0025062656641604,0.025545022848059953,0.050541651529668975,-0.023312954267125017,0.023312954267125017,LumA,Weakened
HALLMARK_KRAS_SIGNALING_DN,HALLMARK_MYC_TARGETS_V1,-0.13322278078817523,0.001504498325217033,0.0,0.006876904658174871,0.06661139039408762,0.062215536712558805,0.03964185330869379,0.07720392734999983,0.0,0.031107768356279403,-0.19543831750073404,0.03550362203780821,0.03550362203780821,LumA,Strengthened
HALLMARK_KRAS_SIGNALING_DN,HALLMARK_MYC_TARGETS_V2,-0.0021563426397583976,0.9592121887220746,0.0,0.9759426338742038,0.0010781713198791988,0.050143937731573426,0.09737980885117467,0.16229968141862447,0.0,0.025071968865786713,-0.052300280371331824,-0.023993797545907514,0.023993797545907514,LumA,Weakened
HALLMARK_KRAS_SIGNALING_DN,HALLMARK_MYOGENESIS,0.1860914948725406,8.487693161137325e-06,0.0178117048346055,7.073077634281104e-05,0.10195159985357305,0.2516213048910354,2.929657394717903e-17,6.771377940621568e-16,0.0178117048346055,0.13471650486282044,-0.06552981001849481,-0.03276490500924739,0.03276490500924739,LumA,Weakened
HALLMARK_KRAS_SIGNALING_DN,HALLMARK_NOTCH_SIGNALING,0.1948005704270916,3.088220540821784e-06,0.0043290043290043,2.93261252907495e-05,0.09956478737804794,0.17287567802473558,8.673229755279906e-09,7.755260182640792e-08,0.0043290043290043,0.08860234117686994,0.02192489240235601,0.010962446201178006,0.010962446201178006,LumA,Strengthened
HALLMARK_KRAS_SIGNALING_DN,HALLMARK_OXIDATIVE_PHOSPHORYLATION,0.04312652771507221,0.30616046601786084,0.0,0.4658963613315274,0.021563263857536104,0.06587727026160138,0.029345708306293645,0.06021523061174156,0.0,0.03293863513080069,-0.022750742546529173,-0.011375371273264587,0.011375371273264587,LumA,Weakened
HALLMARK_KRAS_SIGNALING_DN,HALLMARK_P53_PATHWAY,0.07557764518374036,0.07264580054839087,0.0101010101010101,0.15612474679259442,0.042839327642375226,0.03160864047487354,0.29623432836331315,0.39487165641464483,0.0101010101010101,0.020854825287941817,0.04396900470886682,0.02198450235443341,0.02198450235443341,LumA,Strengthened
HALLMARK_KRAS_SIGNALING_DN,HALLMARK_PANCREAS_BETA_CELLS,0.05599973501666503,0.18378404588448496,0.0084033613445378,0.32300639341247356,0.03220154818060142,-0.050394772017814636,0.09571461323059154,0.15997121676726542,0.0084033613445378,0.029399066681176218,0.10639450703447967,0.0028024814994252016,0.0028024814994252016,LumA,Strengthened
HALLMARK_KRAS_SIGNALING_DN,HALLMARK_PEROXISOME,-0.02026598756380771,0.6307300416079259,0.0099667774086378,0.7655958262057005,0.015116382486222756,0.032711376141104774,0.27969572744167337,0.37651347924840645,0.0099667774086378,0.021339076774871287,-0.05297736370491249,-0.006222694288648531,0.006222694288648531,LumA,Weakened
HALLMARK_KRAS_SIGNALING_DN,HALLMARK_PI3K_AKT_MTOR_SIGNALING,-0.02088105119265928,0.620394218633577,0.0032894736842105,0.7562019082847083,0.012085262438434888,-0.010079288769071002,0.7391293178869629,0.7970984933163575,0.0032894736842105,0.006684381226640751,-0.010801762423588277,0.0054008812117941375,0.0054008812117941375,LumA,Strengthened
HALLMARK_KRAS_SIGNALING_DN,HALLMARK_PROTEIN_SECRETION,-0.07529893572204345,0.07370971611151687,0.0033898305084745,0.15767859571593526,0.03934438311525897,0.011492091411089136,0.7041780452379377,0.7729552915918223,0.0033898305084745,0.007440960959781818,-0.08679102713313258,0.03190342215547715,0.03190342215547715,LumA,Strengthened
HALLMARK_KRAS_SIGNALING_DN,HALLMARK_REACTIVE_OXYGEN_SPECIES_PATHWAY,-0.05448582784680941,0.19593985969087457,0.0,0.3366428164394409,0.027242913923404704,-0.06051143046825641,0.04539218191949782,0.08594346654000747,0.0,0.030255715234128205,0.006025602621447003,-0.0030128013107235015,0.0030128013107235015,LumA,Weakened
HALLMARK_KRAS_SIGNALING_DN,HALLMARK_SPERMATOGENESIS,-0.011181478647187689,0.7908550913081989,0.0182370820668693,0.8751558146816113,0.014709280357028495,0.06253679057458661,0.038630043813385015,0.07559393557731092,0.0182370820668693,0.040386936320727956,-0.0737182692217743,-0.02567765596369946,0.02567765596369946,LumA,Weakened
HALLMARK_KRAS_SIGNALING_DN,HALLMARK_TGF_BETA_SIGNALING,-0.13372972096622238,0.0014425414546438138,0.0039525691699604,0.006618401805013752,0.06884114506809139,-0.020011302426262163,0.5084861187404802,0.6041663389496491,0.0039525691699604,0.011981935798111281,-0.11371841853996022,0.0568592092699801,0.0568592092699801,LumA,Strengthened
HALLMARK_KRAS_SIGNALING_DN,HALLMARK_TNFA_SIGNALING_VIA_NFKB,-0.0907453804172176,0.031031592336128445,0.0204081632653061,0.07952657031748399,0.05557677184126185,-0.08472277144853595,0.005045696400948467,0.013495585351881816,0.0204081632653061,0.052565467356921025,-0.0060226089686816475,0.0030113044843408238,0.0030113044843408238,LumA,Strengthened
HALLMARK_KRAS_SIGNALING_DN,HALLMARK_UNFOLDED_PROTEIN_RESPONSE,-0.0887892204710259,0.03485917937673904,0.0,0.08661763638236374,0.04439461023551295,-0.15391675724042503,3.1275840546602073e-07,2.201891072964801e-06,0.0,0.07695837862021251,0.06512753676939913,-0.032563768384699564,0.032563768384699564,LumA,Weakened
HALLMARK_KRAS_SIGNALING_DN,HALLMARK_UV_RESPONSE_DN,0.18875578575115992,6.2601469635995975e-06,0.0029154518950437,5.477628593149648e-05,0.0958356188231018,0.029658684838643336,0.3270490780698462,0.4289455253057404,0.0029154518950437,0.01628706836684352,0.15909710091251658,0.07954855045625829,0.07954855045625829,LumA,Strengthened
HALLMARK_KRAS_SIGNALING_DN,HALLMARK_UV_RESPONSE_UP,0.0965337115175168,0.02174113979867708,0.0112994350282485,0.06025542138773625,0.05391657327288265,0.11512153277488195,0.0001355980751092086,0.0005869527986175991,0.0112994350282485,0.06321048390156522,-0.018587821257365147,-0.009293910628682574,0.009293910628682574,LumA,Weakened
HALLMARK_KRAS_SIGNALING_DN,HALLMARK_WNT_BETA_CATENIN_SIGNALING,-0.022982200973132076,0.5856552611238833,0.0,0.730111476143198,0.011491100486566038,0.03639491544658445,0.22905040795734005,0.3228846372240985,0.0,0.018197457723292225,-0.059377116419716526,-0.006706357236726187,0.006706357236726187,LumA,Weakened
HALLMARK_KRAS_SIGNALING_DN,HALLMARK_XENOBIOTIC_METABOLISM,0.15691256287416144,0.00018058760261769832,0.0025062656641604,0.0010906076499788875,0.07970941426916092,0.04354573530222473,0.15005404080448342,0.23034611527004034,0.0025062656641604,0.023026000483192567,0.11336682757193671,0.056683413785968355,0.056683413785968355,LumA,Strengthened
HALLMARK_KRAS_SIGNALING_UP,HALLMARK_MITOTIC_SPINDLE,0.026938953603901927,0.5228037484231748,0.0050377833753148,0.6784264743838867,0.015988368489608364,-0.018769714105616425,0.5351486379889993,0.6255315663516451,0.0050377833753148,0.011903748740465613,0.045708667709518355,0.004084619749142751,0.004084619749142751,LumA,Strengthened
HALLMARK_KRAS_SIGNALING_UP,HALLMARK_MTORC1_SIGNALING,0.12092054320898973,0.00399632252189337,0.0126582278481012,0.015405638819086001,0.06678938552854546,0.10607110223675394,0.0004409471698534331,0.0016319041784605907,0.0126582278481012,0.059364665042427565,0.014849440972235797,0.007424720486117899,0.007424720486117899,LumA,Strengthened
HALLMARK_KRAS_SIGNALING_UP,HALLMARK_MYC_TARGETS_V1,-0.07767259609504504,0.06504397955269889,0.0,0.14253823783909864,0.03883629804752252,-0.11515189237996278,0.00013504269955697917,0.0005866216558769485,0.0,0.05757594618998139,0.03747929628491774,-0.01873964814245887,0.01873964814245887,LumA,Weakened
HALLMARK_KRAS_SIGNALING_UP,HALLMARK_MYC_TARGETS_V2,-0.06183475384026145,0.14211910719786816,0.0,0.26742842752287016,0.030917376920130725,0.0007482795488500263,0.9802770599010548,0.9851020495314128,0.0,0.00037413977442501316,-0.06258303338911148,0.030543237145705712,0.030543237145705712,LumA,Strengthened
HALLMARK_KRAS_SIGNALING_UP,HALLMARK_MYOGENESIS,-0.01871769899574796,0.6570655794196328,0.0126582278481012,0.7891228772441669,0.01568796342192458,-0.05134511257961408,0.08961118498571384,0.15204113796052557,0.0126582278481012,0.032001670213857636,0.032627413583866116,-0.016313706791933055,0.016313706791933055,LumA,Weakened
HALLMARK_KRAS_SIGNALING_UP,HALLMARK_NOTCH_SIGNALING,0.06336951577536791,0.13246484869884445,0.0,0.25434081450796936,0.031684757887683955,0.1348897265364301,7.571938262822273e-06,4.2548735651180204e-05,0.0,0.06744486326821506,-0.0715202107610622,-0.0357601053805311,0.0357601053805311,LumA,Weakened
HALLMARK_KRAS_SIGNALING_UP,HALLMARK_OXIDATIVE_PHOSPHORYLATION,-0.03627759524785186,0.3894130901845389,0.0,0.5489425034246953,0.01813879762392593,0.02064148418307724,0.4952243429527772,0.591853483041124,0.0,0.01032074209153862,-0.056919079430929095,0.00781805553238731,0.00781805553238731,LumA,Strengthened
HALLMARK_KRAS_SIGNALING_UP,HALLMARK_P53_PATHWAY,0.05078291672290665,0.22812587632478218,0.0230179028132992,0.3781518247602952,0.036900409768102924,-0.03856143317245558,0.20250001415706417,0.2942615864085452,0.0230179028132992,0.030789667992877388,0.08934434989536222,0.006110741775225536,0.006110741775225536,LumA,Strengthened
HALLMARK_KRAS_SIGNALING_UP,HALLMARK_PANCREAS_BETA_CELLS,-0.03876545331181088,0.3577037427373787,0.00418410041841,0.5167457011961287,0.02147477686511044,-0.03917828356585762,0.19536723717284374,0.28533018206473815,0.00418410041841,0.021681191992133808,0.00041283025404673795,-0.00020641512702336898,0.00020641512702336898,LumA,Weakened
HALLMARK_KRAS_SIGNALING_UP,HALLMARK_PEROXISOME,-0.03364759654916858,0.42472599344852585,0.0033003300330033,0.5826308420766453,0.01847396329108594,0.012068396860771375,0.69009325717289,0.7615369356615379,0.0033003300330033,0.0076843634468873375,-0.04571599340993995,0.010789599844198602,0.010789599844198602,LumA,Strengthened
HALLMARK_KRAS_SIGNALING_UP,HALLMARK_PI3K_AKT_MTOR_SIGNALING,-0.12792219079762612,0.002315480689792238,0.0132890365448504,0.009917705751732488,0.07060561367123826,-0.09080650896976125,0.002644780921204736,0.007713944353513813,0.0132890365448504,0.05204777275730583,-0.03711568182786487,0.01855784091393243,0.01855784091393243,LumA,Strengthened
HALLMARK_KRAS_SIGNALING_UP,HALLMARK_PROTEIN_SECRETION,-0.10065432914259594,0.016697207255655377,0.0,0.048816417394219186,0.05032716457129797,-0.014809418014486188,0.6246305292469346,0.7045786356606768,0.0,0.007404709007243094,-0.08584491112810974,0.04292245556405487,0.04292245556405487,LumA,Strengthened
HALLMARK_KRAS_SIGNALING_UP,HALLMARK_REACTIVE_OXYGEN_SPECIES_PATHWAY,-0.11842541405257752,0.0048228987886489785,0.0040322580645161,0.018088334880975755,0.06122883605854681,-0.07418104439129469,0.014121225862710723,0.03294266932057975,0.0040322580645161,0.039106651227905395,-0.044244369661282826,0.022122184830641413,0.022122184830641413,LumA,Strengthened
HALLMARK_KRAS_SIGNALING_UP,HALLMARK_SPERMATOGENESIS,-0.04816268744947293,0.25306267006368083,0.0182370820668693,0.4073610654770158,0.033199884758171115,-0.025083890726269896,0.407190167165173,0.5081964374785012,0.0182370820668693,0.021660486396569596,-0.02307879672320303,0.011539398361601519,0.011539398361601519,LumA,Strengthened
HALLMARK_KRAS_SIGNALING_UP,HALLMARK_TGF_BETA_SIGNALING,0.09041878969767293,0.03164442543400585,0.016,0.08075921074303577,0.053209394848836467,0.11098101240418075,0.00023512345620434826,0.0009523200028687983,0.016,0.06349050620209037,-0.020562222706507816,-0.010281111353253908,0.010281111353253908,LumA,Weakened
HALLMARK_KRAS_SIGNALING_UP,HALLMARK_TNFA_SIGNALING_VIA_NFKB,0.13544381950079318,0.0012500110558555917,0.0610079575596817,0.0058002406947844695,0.09822588853023743,0.16793599784898297,2.297305717899934e-08,1.9553814925924565e-07,0.0610079575596817,0.11447197770433233,-0.03249217834818979,-0.016246089174094897,0.016246089174094897,LumA,Weakened
HALLMARK_KRAS_SIGNALING_UP,HALLMARK_UNFOLDED_PROTEIN_RESPONSE,-0.020539430681735617,0.6261259139521929,0.0032051282051282,0.760916909316901,0.011872279443431909,-0.06288320522777208,0.03756363115496688,0.07375827505900238,0.0032051282051282,0.033044166716450135,0.04234377454603646,-0.021171887273018226,0.021171887273018226,LumA,Weakened
HALLMARK_KRAS_SIGNALING_UP,HALLMARK_UV_RESPONSE_DN,-0.1069727225089498,0.010947008154709077,0.0058479532163742,0.03519707346330346,0.056410337862662,-0.15140897565156092,4.872648074957151e-07,3.279666973528852e-06,0.0058479532163742,0.07862846443396757,0.04443625314261111,-0.022218126571305563,0.022218126571305563,LumA,Weakened
HALLMARK_KRAS_SIGNALING_UP,HALLMARK_UV_RESPONSE_UP,-0.10543595664903326,0.012154499882159255,0.0084507042253521,0.03827573870345781,0.05694333043719268,-0.10837590067497319,0.00032929851883315505,0.0012806053510178252,0.0084507042253521,0.058413302450162644,0.0029399440259399306,-0.0014699720129699653,0.0014699720129699653,LumA,Weakened
HALLMARK_KRAS_SIGNALING_UP,HALLMARK_WNT_BETA_CATENIN_SIGNALING,0.0004208636158181691,0.9920359202495044,0.0083333333333333,0.994524889807367,0.004377098474575735,-0.006295335287181658,0.8352395401382277,0.879766497566061,0.0083333333333333,0.007314334310257479,0.006716198902999827,-0.002937235835681744,0.002937235835681744,LumA,Weakened
HALLMARK_KRAS_SIGNALING_UP,HALLMARK_XENOBIOTIC_METABOLISM,-0.0758122081913669,0.07176014996719811,0.0256410256410256,0.15449241425275514,0.050726616916196246,-0.06443872016031392,0.03307822842395043,0.06631887040808393,0.0256410256410256,0.045039872900669756,-0.01137348803105298,0.00568674401552649,0.00568674401552649,LumA,Strengthened
HALLMARK_MITOTIC_SPINDLE,HALLMARK_MTORC1_SIGNALING,-0.0285007031064167,0.49898286574615786,0.010126582278481,0.6544475487570057,0.01931364269244885,-0.059184275341130715,0.05034307319795917,0.0935815852314112,0.010126582278481,0.034655428809805856,0.030683572234714015,-0.015341786117357006,0.015341786117357006,LumA,Weakened
HALLMARK_MITOTIC_SPINDLE,HALLMARK_MYC_TARGETS_V1,-0.10080943972088952,0.01652923516230286,0.0025125628140703,0.04844094036799283,0.05166100126747991,-0.10776779105156206,0.0003558640582914423,0.0013580481975296475,0.0025125628140703,0.055140176932816184,0.006958351330672546,-0.003479175665336273,0.003479175665336273,LumA,Weakened
HALLMARK_MITOTIC_SPINDLE,HALLMARK_MYC_TARGETS_V2,0.11965339102938058,0.004398549539293659,0.00390625,0.016681805528280906,0.06177982051469029,0.06732336292827508,0.025964224708460264,0.05452736484825334,0.00390625,0.03561480646413754,0.0523300281011055,0.02616501405055275,0.02616501405055275,LumA,Strengthened
HALLMARK_MITOTIC_SPINDLE,HALLMARK_MYOGENESIS,-0.0405467145044913,0.33602668910788763,0.010126582278481,0.49396298266681093,0.025336648391486152,-0.047076136204354,0.11967063535857826,0.19097233176661896,0.010126582278481,0.028601359241417497,0.006529421699862696,-0.0032647108499313446,0.0032647108499313446,LumA,Weakened
HALLMARK_MITOTIC_SPINDLE,HALLMARK_NOTCH_SIGNALING,-0.016974418050125274,0.6872331212303118,0.0043478260869565,0.8091620002861544,0.010661122068540887,0.0467054146899225,0.12261511508739378,0.19456413987313131,0.0043478260869565,0.025526620388439503,-0.06367983274004778,-0.014865498319898616,0.014865498319898616,LumA,Weakened
HALLMARK_MITOTIC_SPINDLE,HALLMARK_OXIDATIVE_PHOSPHORYLATION,-0.1505621664357173,0.00032892083089117765,0.0050377833753148,0.001839853962747455,0.07779997490551604,-0.1938819653439167,1.0003193871098558e-10,1.2632899476387353e-09,0.0050377833753148,0.09945987435961574,0.0433197989081994,-0.0216598994540997,0.0216598994540997,LumA,Weakened
HALLMARK_MITOTIC_SPINDLE,HALLMARK_P53_PATHWAY,0.005946398763067636,0.8878442640732968,0.0,0.9332657380219083,0.002973199381533818,0.11194087978204544,0.00020729791799804664,0.0008579052349581322,0.0,0.05597043989102272,-0.1059944810189778,-0.0529972405094889,0.0529972405094889,LumA,Weakened
HALLMARK_MITOTIC_SPINDLE,HALLMARK_PANCREAS_BETA_CELLS,-0.15890410944351702,0.00014891738197262612,0.0,0.0009260091010988171,0.07945205472175851,-0.132419391579502,1.1117265866944414e-05,5.9730924065819766e-05,0.0,0.066209695789751,-0.026484717864015017,0.013242358932007509,0.013242358932007509,LumA,Strengthened
HALLMARK_MITOTIC_SPINDLE,HALLMARK_PEROXISOME,0.14658096612842336,0.00047340368429607223,0.0033112582781456,0.0025213891880986453,0.07494611220328448,0.06313070270569297,0.03681713985251991,0.07262640309071963,0.0033112582781456,0.03322098049191929,0.08345026342273039,0.041725131711365195,0.041725131711365195,LumA,Strengthened
HALLMARK_MITOTIC_SPINDLE,HALLMARK_PI3K_AKT_MTOR_SIGNALING,0.18787855390746347,6.923398605472807e-06,0.0133333333333333,5.930883420772159e-05,0.10060594362039839,0.13211004424929668,1.1659434553569274e-05,6.237033767739023e-05,0.0133333333333333,0.07272168879131499,0.05576850965816679,0.027884254829083396,0.027884254829083396,LumA,Strengthened
HALLMARK_MITOTIC_SPINDLE,HALLMARK_PROTEIN_SECRETION,0.25086486649615725,1.4780502075414759e-09,0.0102739726027397,2.586587863197583e-08,0.13056941954944848,0.20233182984939896,1.432397955607669e-11,1.9715589838420166e-10,0.0102739726027397,0.10630290122606934,0.04853303664675829,0.024266518323379144,0.024266518323379144,LumA,Strengthened
HALLMARK_MITOTIC_SPINDLE,HALLMARK_REACTIVE_OXYGEN_SPECIES_PATHWAY,-0.09394981636254025,0.025538577160808366,0.0,0.06936753219953493,0.04697490818127013,-0.06056596761874219,0.04519782677390767,0.08570795324773514,0.0,0.030282983809371094,-0.033383848743798065,0.016691924371899033,0.016691924371899033,LumA,Strengthened
HALLMARK_MITOTIC_SPINDLE,HALLMARK_SPERMATOGENESIS,0.36509550914735844,2.951438579431256e-19,0.0214067278287461,1.7216725046682327e-17,0.19325111848805226,0.32915510013594396,4.6785478624891137e-29,2.0468646898389874e-27,0.0214067278287461,0.17528091398234502,0.03594040901141449,0.017970204505707243,0.017970204505707243,LumA,Strengthened
HALLMARK_MITOTIC_SPINDLE,HALLMARK_TGF_BETA_SIGNALING,0.18024840517658303,1.630184443431495e-05,0.0079681274900398,0.0001271959199492727,0.09410826633331142,0.187152731781578,4.4228208629625745e-10,4.794650935512526e-09,0.0079681274900398,0.09756042963580891,-0.006904326604994987,-0.0034521633024974935,0.0034521633024974935,LumA,Weakened
HALLMARK_MITOTIC_SPINDLE,HALLMARK_TNFA_SIGNALING_VIA_NFKB,0.02547284450758741,0.5456842744259378,0.0050377833753148,0.6963158710122644,0.015255313941451106,-0.02792253884802968,0.3561735760577508,0.4585368328060194,0.0050377833753148,0.01648016111167224,0.053395383355617096,-0.0012248471702211352,0.0012248471702211352,LumA,Weakened
HALLMARK_MITOTIC_SPINDLE,HALLMARK_UNFOLDED_PROTEIN_RESPONSE,0.007183027309950269,0.8647249181596997,0.0064516129032258,0.9195208548139168,0.006817320106588035,0.05901111364275654,0.051021195639274604,0.09459452878292154,0.0064516129032258,0.03273136327299117,-0.05182808633280627,-0.025914043166403136,0.025914043166403136,LumA,Weakened
HALLMARK_MITOTIC_SPINDLE,HALLMARK_UV_RESPONSE_DN,-0.03768251056089063,0.3713021260417048,0.014792899408284,0.5320273074129236,0.026237704984587315,0.03519509380280748,0.24477640153906394,0.3403531122421718,0.014792899408284,0.02499399660554574,-0.07287760436369811,0.0012437083790415755,0.0012437083790415755,LumA,Strengthened
HALLMARK_MITOTIC_SPINDLE,HALLMARK_UV_RESPONSE_UP,-0.09757909160309282,0.020350063455105104,0.0056338028169014,0.057043162836882086,0.05160644720999711,-0.06464197704469271,0.0325273991433608,0.06542867643779471,0.0056338028169014,0.035137889930797056,-0.03293711455840011,0.016468557279200054,0.016468557279200054,LumA,Strengthened
HALLMARK_MITOTIC_SPINDLE,HALLMARK_WNT_BETA_CATENIN_SIGNALING,-0.09805252077078476,0.01974598543228493,0.0,0.055863353705655976,0.04902626038539238,-0.18019676392557663,1.942838250656265e-09,1.950800702503217e-08,0.0,0.09009838196278831,0.08214424315479187,-0.04107212157739593,0.04107212157739593,LumA,Weakened
HALLMARK_MITOTIC_SPINDLE,HALLMARK_XENOBIOTIC_METABOLISM,-0.11000374503410605,0.00887285861483538,0.0050377833753148,0.029778772063488602,0.057520764204710424,-0.18043265523823956,1.8494681047840889e-09,1.8879986903004242e-08,0.0050377833753148,0.09273521930677718,0.07042891020413351,-0.035214455102066756,0.035214455102066756,LumA,Weakened
HALLMARK_MTORC1_SIGNALING,HALLMARK_MYC_TARGETS_V1,0.10210828535196508,0.01517982356681284,0.0498687664041994,0.04535435090084324,0.07598852587808223,0.1405990159087283,3.0370595035484414e-06,1.8695466793200203e-05,0.0498687664041994,0.09523389115646386,-0.038490730556763234,-0.019245365278381624,0.019245365278381624,LumA,Weakened
HALLMARK_MTORC1_SIGNALING,HALLMARK_MYC_TARGETS_V2,0.04186215072697555,0.3205717035737163,0.036144578313253,0.48007376146430614,0.03900336452011427,0.08367778087348676,0.005616087864420811,0.014826956107576493,0.036144578313253,0.059911179593369876,-0.04181563014651121,-0.020907815073255606,0.020907815073255606,LumA,Weakened
HALLMARK_MTORC1_SIGNALING,HALLMARK_MYOGENESIS,-0.09950736968011714,0.01798632871333449,0.0126582278481012,0.051721250408062795,0.05608279876410917,-0.1328137883220377,1.0460834470287617e-05,5.670142577921385e-05,0.0126582278481012,0.07273600808506944,0.03330641864192055,-0.016653209320960274,0.016653209320960274,LumA,Weakened
HALLMARK_MTORC1_SIGNALING,HALLMARK_NOTCH_SIGNALING,-0.19605171457144724,2.660628322095284e-06,0.0,2.5867219798148596e-05,0.09802585728572362,-0.13850743305825317,4.262210978206159e-06,2.5720238661588892e-05,0.0,0.06925371652912658,-0.05754428151319407,0.028772140756597037,0.028772140756597037,LumA,Strengthened
HALLMARK_MTORC1_SIGNALING,HALLMARK_OXIDATIVE_PHOSPHORYLATION,0.34004002246257015,9.270992703773904e-17,0.0178117048346055,4.542786424849214e-15,0.1789258636485878,0.2626415916467229,1.0224192868846421e-18,2.6648162264546523e-17,0.0178117048346055,0.1402266482406642,0.07739843081584724,0.03869921540792362,0.03869921540792362,LumA,Strengthened
HALLMARK_MTORC1_SIGNALING,HALLMARK_P53_PATHWAY,-0.05921378720233995,0.1598393378700475,0.0282776349614395,0.2922435655086689,0.043745711081889724,-0.056952113611322484,0.05968621636465511,0.10736507349001838,0.0282776349614395,0.04261487428638099,-0.002261673591017463,0.0011308367955087315,0.0011308367955087315,LumA,Strengthened
HALLMARK_MTORC1_SIGNALING,HALLMARK_PANCREAS_BETA_CELLS,-0.07795667015211828,0.06406547978405278,0.00418410041841,0.14117428467561274,0.04107038528526414,-0.09763973241588463,0.0012226768241888773,0.003951923772114445,0.00418410041841,0.05091191641714731,0.019683062263766343,-0.009841531131883172,0.009841531131883172,LumA,Weakened
HALLMARK_MTORC1_SIGNALING,HALLMARK_PEROXISOME,0.18922822740508016,5.928529473337568e-06,0.0235690235690235,5.254516504422165e-05,0.10639862548705183,0.18115958987951408,1.588370608166638e-09,1.6489440635628232e-08,0.0235690235690235,0.10236430672426879,0.00806863752556608,0.00403431876278304,0.00403431876278304,LumA,Strengthened
HALLMARK_MTORC1_SIGNALING,HALLMARK_PI3K_AKT_MTOR_SIGNALING,0.016740791889645595,0.69131536507044,0.0739436619718309,0.8103936097715684,0.04534222693073825,0.020709042951158125,0.49381364273080597,0.5907438597121458,0.0739436619718309,0.04732635246149451,-0.00396825106151253,-0.0019841255307562616,0.0019841255307562616,LumA,Weakened
HALLMARK_MTORC1_SIGNALING,HALLMARK_PROTEIN_SECRETION,0.27472130019906776,3.0561349491331247e-11,0.0171821305841924,8.138620244974082e-10,0.14595171539163007,0.1890990829076824,2.893286765348489e-10,3.193041700497206e-09,0.0171821305841924,0.1031406067459374,0.08562221729138536,0.042811108645692666,0.042811108645692666,LumA,Strengthened
HALLMARK_MTORC1_SIGNALING,HALLMARK_REACTIVE_OXYGEN_SPECIES_PATHWAY,0.1608564664135487,0.00012299373401705152,0.0246913580246913,0.0007971816093697784,0.09277391221912,0.15813204657255092,1.4606152582500493e-07,1.0714093960217427e-06,0.0246913580246913,0.09141170229862111,0.002724419840997777,0.0013622099204988886,0.0013622099204988886,LumA,Strengthened
HALLMARK_MTORC1_SIGNALING,HALLMARK_SPERMATOGENESIS,-0.038838772743896445,0.3567945201725164,0.0090361445783132,0.5166350912663507,0.023937458661104822,0.026225828685883853,0.38616435084083983,0.48886529071030443,0.0090361445783132,0.017630986632098528,-0.0650646014297803,0.006306472029006294,0.006306472029006294,LumA,Strengthened
HALLMARK_MTORC1_SIGNALING,HALLMARK_TGF_BETA_SIGNALING,0.15843936567958042,0.00015580323756026046,0.0079365079365079,0.0009639341717743387,0.08318793680804416,0.07973702299558147,0.00832632406460641,0.02073119304703832,0.0079365079365079,0.04383676546604468,0.07870234268399895,0.03935117134199948,0.03935117134199948,LumA,Strengthened
HALLMARK_MTORC1_SIGNALING,HALLMARK_TNFA_SIGNALING_VIA_NFKB,-0.18368106634930884,1.11377436808173e-05,0.0256410256410256,9.035586760927942e-05,0.10466104599516722,-0.16316741711381266,5.7273270318958805e-08,4.49742026543106e-07,0.0256410256410256,0.09440422137741913,-0.020513649235496173,0.010256824617748087,0.010256824617748087,LumA,Strengthened
HALLMARK_MTORC1_SIGNALING,HALLMARK_UNFOLDED_PROTEIN_RESPONSE,0.31137861759641283,3.616503953382449e-14,0.0574324324324324,1.3030051008510296e-12,0.18440552501442262,0.2996081667930349,3.981559238829522e-24,1.3182189371800443e-22,0.0574324324324324,0.17852029961273366,0.011770450803377908,0.005885225401688954,0.005885225401688954,LumA,Strengthened
HALLMARK_MTORC1_SIGNALING,HALLMARK_UV_RESPONSE_DN,-0.10563382505160893,0.01199269628886072,0.0207715133531157,0.03789379135332539,0.06320266920236231,-0.05065793428076943,0.09399212877278158,0.15794287756743133,0.0207715133531157,0.035714723816942566,-0.054975890770839496,0.027487945385419744,0.027487945385419744,LumA,Strengthened
HALLMARK_MTORC1_SIGNALING,HALLMARK_UV_RESPONSE_UP,0.09932558297264232,0.018198435693370468,0.031700288184438,0.05208664421583837,0.06551293557854015,0.11264348445926291,0.00018892167808585707,0.000795288851048711,0.031700288184438,0.07217188632185045,-0.013317901486620584,-0.006658950743310299,0.006658950743310299,LumA,Weakened
HALLMARK_MTORC1_SIGNALING,HALLMARK_WNT_BETA_CATENIN_SIGNALING,0.02450986660779849,0.5609776454465181,0.0,0.7084511501773038,0.012254933303899245,0.0007888274106643723,0.9792085462558798,0.9848361815791894,0.0,0.00039441370533218614,0.023721039197134117,0.011860519598567059,0.011860519598567059,LumA,Strengthened
HALLMARK_MTORC1_SIGNALING,HALLMARK_XENOBIOTIC_METABOLISM,-0.0012821005647161404,0.9757419013462612,0.0309278350515463,0.9853947478558697,0.01610496780813122,-0.010488677532223647,0.7289422039590869,0.7899738631677807,0.0309278350515463,0.020708256291884972,0.009206576967507507,-0.004603288483753753,0.004603288483753753,LumA,Weakened
HALLMARK_MYC_TARGETS_V1,HALLMARK_MYC_TARGETS_V2,0.4707665023979413,1.6646014227155224e-32,0.075,1.6015819011076225e-30,0.27288325119897067,0.4748363096516733,1.3178321952406317e-62,1.1531031708355528e-60,0.075,0.27491815482583665,-0.004069807253731961,-0.0020349036268659804,0.0020349036268659804,LumA,Weakened
HALLMARK_MYC_TARGETS_V1,HALLMARK_MYOGENESIS,-0.15925428800374297,0.00014391887409189393,0.0025062656641604,0.0008994929630743371,0.08088027683395169,-0.16058214599769807,9.295658799215559e-08,6.943403676243329e-07,0.0025062656641604,0.08154420583092924,0.0013278579939551005,-0.0006639289969775503,0.0006639289969775503,LumA,Weakened
HALLMARK_MYC_TARGETS_V1,HALLMARK_NOTCH_SIGNALING,0.042336213204402284,0.31511739719964743,0.0043290043290043,0.47539262508567504,0.023332608766703292,0.05511305763820254,0.06842427115660417,0.12095199446874474,0.0043290043290043,0.02972103098360342,-0.012776844433800255,-0.006388422216900128,0.006388422216900128,LumA,Weakened
HALLMARK_MYC_TARGETS_V1,HALLMARK_OXIDATIVE_PHOSPHORYLATION,0.23370905787680618,1.8993983513822076e-08,0.0282776349614395,2.9452695954977273e-07,0.13099334641912283,0.17924478244017641,2.3684807233478328e-09,2.3588527529277198e-08,0.0282776349614395,0.10376120870080796,0.05446427543662977,0.02723213771831487,0.02723213771831487,LumA,Strengthened
HALLMARK_MYC_TARGETS_V1,HALLMARK_P53_PATHWAY,0.15953309492986395,0.00014005227132686955,0.0075566750629722,0.000884350682347501,0.08354488499641807,0.03596801601307979,0.23456133823699613,0.32838587353179455,0.0075566750629722,0.021762345538025998,0.12356507891678416,0.06178253945839207,0.06178253945839207,LumA,Strengthened
HALLMARK_MYC_TARGETS_V1,HALLMARK_PANCREAS_BETA_CELLS,0.21163792687092528,3.833282380567275e-07,0.0,4.559000889509623e-06,0.10581896343546264,0.21842905397482273,2.776590865835135e-13,4.859034015211486e-12,0.0,0.10921452698741137,-0.006791127103897454,-0.003395563551948727,0.003395563551948727,LumA,Weakened
HALLMARK_MYC_TARGETS_V1,HALLMARK_PEROXISOME,0.06615232371669755,0.11626135840145292,0.0133333333333333,0.22983027999930258,0.03974282852501542,0.07169012952940673,0.017714114388221406,0.03981538464696467,0.0133333333333333,0.04251173143137001,-0.0055378058127091845,-0.0027689029063545922,0.0027689029063545922,LumA,Weakened
HALLMARK_MYC_TARGETS_V1,HALLMARK_PI3K_AKT_MTOR_SIGNALING,-0.06390673717958985,0.1292079039142085,0.009933774834437,0.24847902162295513,0.03692025600701342,0.026582873107288522,0.3797286201226596,0.4822208974810969,0.009933774834437,0.01825832397086276,-0.09048961028687837,0.01866193203615066,0.01866193203615066,LumA,Strengthened
HALLMARK_MYC_TARGETS_V1,HALLMARK_PROTEIN_SECRETION,-0.12331167739062897,0.003326826770833035,0.0033898305084745,0.013188876356862354,0.06335075394955174,-0.0982192151648203,0.0011426571327368875,0.003752694336736427,0.0033898305084745,0.050804522836647395,-0.025092462225808673,0.012546231112904344,0.012546231112904344,LumA,Strengthened
HALLMARK_MYC_TARGETS_V1,HALLMARK_REACTIVE_OXYGEN_SPECIES_PATHWAY,0.1407219275761103,0.0007958927302096737,0.0040322580645161,0.003931324977850203,0.0723770928203132,0.1544743444999807,2.8312191294279093e-07,2.0048695689480634e-06,0.0040322580645161,0.0792533012822484,-0.013752416923870414,-0.006876208461935207,0.006876208461935207,LumA,Weakened
HALLMARK_MYC_TARGETS_V1,HALLMARK_SPERMATOGENESIS,0.12057649823041243,0.004102100459057445,0.006006006006006,0.015752580132744106,0.06329125211820921,0.11094181842684193,0.0002363308415282569,0.0009523200028687983,0.006006006006006,0.058473912216423965,0.009634679803570495,0.0048173399017852475,0.0048173399017852475,LumA,Strengthened
HALLMARK_MYC_TARGETS_V1,HALLMARK_TGF_BETA_SIGNALING,0.036832519602685666,0.3821963445540272,0.0,0.5418871783318093,0.018416259801342833,0.016103720710249476,0.5946796257292608,0.6751460069678819,0.0,0.008051860355124738,0.02072879889243619,0.010364399446218095,0.010364399446218095,LumA,Strengthened
HALLMARK_MYC_TARGETS_V1,HALLMARK_TNFA_SIGNALING_VIA_NFKB,0.013569704699968868,0.7475673275570581,0.0025062656641604,0.8491480962294443,0.008037985182064633,0.06915900575941318,0.022160541015346223,0.04789052025071305,0.0025062656641604,0.03583263571178679,-0.05558930105944431,-0.02779465052972216,0.02779465052972216,LumA,Weakened
HALLMARK_MYC_TARGETS_V1,HALLMARK_UNFOLDED_PROTEIN_RESPONSE,0.207779776629116,6.279783231593967e-07,0.033003300330033,7.18947145673141e-06,0.12039153847957451,0.18832696346492453,3.4256343403612123e-10,3.7467875597700756e-09,0.033003300330033,0.11066513189747876,0.01945281316419148,0.009726406582095753,0.009726406582095753,LumA,Strengthened
HALLMARK_MYC_TARGETS_V1,HALLMARK_UV_RESPONSE_DN,0.29380341839546315,1.0330777555613994e-12,0.0029154518950437,3.163800626406785e-11,0.14835943514525343,0.19735493222425354,4.5472130379439406e-11,5.802433303626383e-10,0.0029154518950437,0.10013519205964862,0.0964484861712096,0.048224243085604815,0.048224243085604815,LumA,Strengthened
HALLMARK_MYC_TARGETS_V1,HALLMARK_UV_RESPONSE_UP,-0.11762170599517877,0.005120286245620418,0.0170454545454545,0.019007123184500038,0.06733358027031663,-0.10513843031373342,0.0004954460584738766,0.0017956255077825412,0.0170454545454545,0.06109194242959396,-0.012483275681445347,0.006241637840722673,0.006241637840722673,LumA,Strengthened
HALLMARK_MYC_TARGETS_V1,HALLMARK_WNT_BETA_CATENIN_SIGNALING,-0.14557216532060163,0.000518418893975457,0.0125523012552301,0.002749191104415302,0.07906223328791587,-0.041079974199216766,0.17453745682544597,0.259791475833744,0.0125523012552301,0.02681613772722343,-0.10449219112138486,0.052246095560692436,0.052246095560692436,LumA,Strengthened
HALLMARK_MYC_TARGETS_V1,HALLMARK_XENOBIOTIC_METABOLISM,-0.06697926782928222,0.11175832443344344,0.0101010101010101,0.22333433512392856,0.03854013896514616,-0.1347312987288155,7.762327062202284e-06,4.322204841453544e-05,0.0101010101010101,0.07241615441491281,0.06775203089953329,-0.03387601544976665,0.03387601544976665,LumA,Weakened
HALLMARK_MYC_TARGETS_V2,HALLMARK_MYOGENESIS,0.08403706548779394,0.045863498579465034,0.0,0.10713655729405237,0.04201853274389697,0.08679184737837996,0.00406800989557183,0.011300027487699529,0.0,0.04339592368918998,-0.0027547818905860194,-0.0013773909452930097,0.0013773909452930097,LumA,Weakened
HALLMARK_MYC_TARGETS_V2,HALLMARK_NOTCH_SIGNALING,-0.0916669953713532,0.029356727077706275,0.0,0.0765148737663621,0.0458334976856766,0.010615965094531134,0.7257844351009596,0.7888961251097386,0.0,0.005307982547265567,-0.10228296046588434,0.04052551513841103,0.04052551513841103,LumA,Strengthened
HALLMARK_MYC_TARGETS_V2,HALLMARK_OXIDATIVE_PHOSPHORYLATION,-0.23029699025148134,3.084629701120639e-08,0.0038910505836575,4.552616125147931e-07,0.11709402041756942,-0.20723208033584278,4.460130371816599e-12,6.582722536717269e-11,0.0038910505836575,0.10556156545975014,-0.02306490991563856,0.01153245495781928,0.01153245495781928,LumA,Strengthened
HALLMARK_MYC_TARGETS_V2,HALLMARK_P53_PATHWAY,-0.1250903246634866,0.002896771918865177,0.0,0.011988329731790006,0.0625451623317433,-0.03627425710506828,0.23059859590625784,0.32432064292211926,0.0,0.01813712855253414,-0.08881606755841832,0.04440803377920916,0.04440803377920916,LumA,Strengthened
HALLMARK_MYC_TARGETS_V2,HALLMARK_PANCREAS_BETA_CELLS,-0.02741010417287372,0.5155565812612064,0.0,0.6711549543517299,0.01370505208643686,-0.10831682045855495,0.00033179577897698607,0.0012843439994788828,0.0,0.054158410229277476,0.08090671628568123,-0.040453358142840616,0.040453358142840616,LumA,Weakened
HALLMARK_MYC_TARGETS_V2,HALLMARK_PEROXISOME,-0.15525624236191865,0.0002116300135636909,0.0,0.0012523998387223253,0.07762812118095933,-0.025839337887407852,0.39320531132016057,0.4945344007876763,0.0,0.012919668943703926,-0.1294169044745108,0.0647084522372554,0.0647084522372554,LumA,Strengthened
HALLMARK_MYC_TARGETS_V2,HALLMARK_PI3K_AKT_MTOR_SIGNALING,0.004480041772301572,0.9153807686258993,0.0061728395061728,0.9462796975246638,0.005326440639237186,-0.08578769386595796,0.004518745628857285,0.012355945078906638,0.0061728395061728,0.04598026668606538,0.09026773563825953,-0.04065382604682819,0.04065382604682819,LumA,Weakened
HALLMARK_MYC_TARGETS_V2,HALLMARK_PROTEIN_SECRETION,-0.14053223647762939,0.0008091303736959594,0.0,0.003980661477018275,0.07026611823881469,-0.11993932454230348,6.981879939322918e-05,0.0003252016321547747,0.0,0.05996966227115174,-0.020592911935325905,0.010296455967662953,0.010296455967662953,LumA,Strengthened
HALLMARK_MYC_TARGETS_V2,HALLMARK_REACTIVE_OXYGEN_SPECIES_PATHWAY,0.025174212300053688,0.5504048157912927,0.0,0.6979025239986948,0.012587106150026844,-0.04324817673917334,0.15286172182025395,0.23348579704465225,0.0,0.02162408836958667,0.06842238903922702,-0.009036982219559826,0.009036982219559826,LumA,Weakened
HALLMARK_MYC_TARGETS_V2,HALLMARK_SPERMATOGENESIS,-0.17102452455904663,4.382167404058538e-05,0.0,0.0003233828355404644,0.08551226227952331,-0.13515489600953953,7.263212208149913e-06,4.100200440084629e-05,0.0,0.06757744800476977,-0.03586962854950709,0.017934814274753547,0.017934814274753547,LumA,Strengthened
HALLMARK_MYC_TARGETS_V2,HALLMARK_TGF_BETA_SIGNALING,-0.12496549022884687,0.002925217511473274,0.0,0.012065291082675962,0.062482745114423435,-0.11094965751914435,0.00023608889151060264,0.0009523200028687983,0.0,0.05547482875957217,-0.014015832709702525,0.007007916354851262,0.007007916354851262,LumA,Strengthened
HALLMARK_MYC_TARGETS_V2,HALLMARK_TNFA_SIGNALING_VIA_NFKB,0.020572093755190233,0.6255769118653203,0.0078125,0.760916909316901,0.014192296877595116,0.11864370792392576,8.367074637320001e-05,0.0003810457434003066,0.0078125,0.06322810396196288,-0.09807161416873553,-0.049035807084367763,0.049035807084367763,LumA,Weakened
HALLMARK_MYC_TARGETS_V2,HALLMARK_UNFOLDED_PROTEIN_RESPONSE,0.22661193785285974,5.16385547302137e-08,0.0301204819277108,7.270945924656526e-07,0.12836620989028527,0.19842625357771163,3.55510533527163e-11,4.682800038395427e-10,0.0301204819277108,0.11427336775271121,0.028185684275148115,0.014092842137574058,0.014092842137574058,LumA,Strengthened
HALLMARK_MYC_TARGETS_V2,HALLMARK_UV_RESPONSE_DN,-0.0971069964228533,0.020968385873327187,0.0049751243781094,0.05837789248824047,0.05104106040048135,-0.052854681171089254,0.08056329851931655,0.1405841035415424,0.0049751243781094,0.02891490277459933,-0.04425231525176404,0.02212615762588202,0.02212615762588202,LumA,Strengthened
HALLMARK_MYC_TARGETS_V2,HALLMARK_UV_RESPONSE_UP,0.13021251598513708,0.001925586322272189,0.0,0.00839445994584851,0.06510625799256854,0.04003717697060906,0.18574454672080107,0.27282622270141643,0.0,0.02001858848530453,0.09017533901452802,0.04508766950726401,0.04508766950726401,LumA,Strengthened
HALLMARK_MYC_TARGETS_V2,HALLMARK_WNT_BETA_CATENIN_SIGNALING,0.24952427545984712,1.8171289696273955e-09,0.0101010101010101,3.135187306751492e-08,0.12981264278042862,0.17415649252221302,6.706192843586722e-09,6.310817346693482e-08,0.0101010101010101,0.09212875131161156,0.0753677829376341,0.03768389146881705,0.03768389146881705,LumA,Strengthened
HALLMARK_MYC_TARGETS_V2,HALLMARK_XENOBIOTIC_METABOLISM,0.02292111864971631,0.586652336643976,0.0038910505836575,0.730111476143198,0.013406084616686905,0.009785575807443981,0.7464663786994887,0.8035336677564795,0.0038910505836575,0.006838313195550741,0.013135542842272328,0.006567771421136164,0.006567771421136164,LumA,Strengthened
HALLMARK_MYOGENESIS,HALLMARK_NOTCH_SIGNALING,0.008148612410907613,0.8467517806115101,0.008695652173913,0.9082932848065673,0.008422132292410307,-0.046158614787498324,0.12706090457160157,0.20032124594621872,0.008695652173913,0.027427133480705662,0.05430722719840594,-0.019005001188295356,0.019005001188295356,LumA,Weakened
HALLMARK_MYOGENESIS,HALLMARK_OXIDATIVE_PHOSPHORYLATION,0.03611665771546866,0.3915214371637327,0.0025062656641604,0.5506472566309674,0.01931146168981453,-0.031198122630852844,0.3025548284907287,0.40198445217043666,0.0025062656641604,0.016852194147506622,0.0673147803463215,0.002459267542307908,0.002459267542307908,LumA,Strengthened
HALLMARK_MYOGENESIS,HALLMARK_P53_PATHWAY,0.011049809924116537,0.793261842576226,0.0335917312661498,0.8762360298970937,0.02232077059513317,0.0012313337310355219,0.9675504915778563,0.9795449191594,0.0335917312661498,0.017411532498592664,0.009818476193081016,0.0049092380965405046,0.0049092380965405046,LumA,Strengthened
HALLMARK_MYOGENESIS,HALLMARK_PANCREAS_BETA_CELLS,0.02381569529153437,0.5721288261573404,0.0,0.7180920205355963,0.011907847645767185,0.016660979512697772,0.5819893019154916,0.6669194526159749,0.0,0.008330489756348886,0.007154715778836598,0.003577357889418299,0.003577357889418299,LumA,Strengthened
HALLMARK_MYOGENESIS,HALLMARK_PEROXISOME,-0.0456318033436051,0.27888940983378663,0.0099667774086378,0.4352095885941256,0.02779929037612145,-0.04652210727431272,0.12409178062154179,0.19639849000179416,0.0099667774086378,0.02824444234147526,0.0008903039307076172,-0.0004451519653538086,0.0004451519653538086,LumA,Weakened
HALLMARK_MYOGENESIS,HALLMARK_PI3K_AKT_MTOR_SIGNALING,0.025631821999448225,0.5431794790946709,0.009933774834437,0.695811753941642,0.01778279841694261,-0.06842218107859106,0.023624903483931103,0.05059529155212518,0.009933774834437,0.03917797795651403,0.0940540030780393,-0.02139517953957142,0.02139517953957142,LumA,Weakened
HALLMARK_MYOGENESIS,HALLMARK_PROTEIN_SECRETION,-0.10446447424257567,0.012977225164804977,0.0033898305084745,0.04024582487819265,0.05392715237552508,-0.09625860609620705,0.0014346744030337367,0.004517933531404441,0.0033898305084745,0.049824218302340774,-0.008205868146368617,0.004102934073184308,0.004102934073184308,LumA,Strengthened
HALLMARK_MYOGENESIS,HALLMARK_REACTIVE_OXYGEN_SPECIES_PATHWAY,0.09441067949240177,0.02482205201989961,0.0163265306122449,0.06757114160972671,0.055368605052323334,0.062365764964928905,0.03916593772970723,0.07639852503008178,0.0163265306122449,0.0393461477885869,0.032044914527472865,0.016022457263736432,0.016022457263736432,LumA,Strengthened
HALLMARK_MYOGENESIS,HALLMARK_SPERMATOGENESIS,0.01493346988209078,0.7231903839708275,0.006006006006006,0.8349747600040186,0.01046973794404839,0.04206537495850952,0.1644179643848881,0.24713129616133486,0.006006006006006,0.02403569048225776,-0.027131905076418737,-0.01356595253820937,0.01356595253820937,LumA,Weakened
HALLMARK_MYOGENESIS,HALLMARK_TGF_BETA_SIGNALING,-0.017529146187867006,0.6775766784995317,0.0079365079365079,0.8045534006759588,0.012732827062187452,0.022036717276331802,0.4665313350649364,0.564240749192988,0.0079365079365079,0.014986612606419852,-0.03956586346419881,-0.0022537855442324,0.0022537855442324,LumA,Weakened
HALLMARK_MYOGENESIS,HALLMARK_TNFA_SIGNALING_VIA_NFKB,-0.037567479321236844,0.37276511911727916,0.0126582278481012,0.5328477082048164,0.025112853584669022,-0.06625662182120197,0.02842392922838247,0.05891592775764556,0.0126582278481012,0.03945742483465158,0.028689142499965126,-0.01434457124998256,0.01434457124998256,LumA,Weakened
HALLMARK_MYOGENESIS,HALLMARK_UNFOLDED_PROTEIN_RESPONSE,0.09339486189045995,0.02642501252360737,0.0064308681672025,0.07052427089633775,0.04991286502883122,0.08532684019640012,0.004740354398122457,0.012825191817490821,0.0064308681672025,0.04587885418180131,0.008068021694059832,0.004034010847029916,0.004034010847029916,LumA,Strengthened
HALLMARK_MYOGENESIS,HALLMARK_UV_RESPONSE_DN,0.024106062770015948,0.5674515911215994,0.0117647058823529,0.7136839826734694,0.017935384326184425,0.025071718734658965,0.40741789336481754,0.5081964374785012,0.0117647058823529,0.018418212308505932,-0.0009656559646430175,-0.00048282798232150703,0.00048282798232150703,LumA,Weakened
HALLMARK_MYOGENESIS,HALLMARK_UV_RESPONSE_UP,-0.08851456487717337,0.03542752299725507,0.0084507042253521,0.08767417307401508,0.048482634551262734,0.0010930652354292653,0.9711926188300228,0.98080046007154,0.0084507042253521,0.0047718847303906825,-0.08960763011260263,0.04371074982087205,0.04371074982087205,LumA,Strengthened
HALLMARK_MYOGENESIS,HALLMARK_WNT_BETA_CATENIN_SIGNALING,0.02265103691838072,0.591070383122719,0.0125523012552301,0.7337527042847658,0.01760166908680541,0.0025220113220375123,0.9335955184052205,0.9551222381587701,0.0125523012552301,0.007537156288633806,0.02012902559634321,0.010064512798171605,0.010064512798171605,LumA,Strengthened
HALLMARK_MYOGENESIS,HALLMARK_XENOBIOTIC_METABOLISM,0.016751308692741402,0.6911314071607135,0.0101010101010101,0.8103936097715684,0.013426159396875751,0.03416981715028944,0.2588019403709332,0.3546223455865695,0.0101010101010101,0.022135413625649768,-0.017418508457548037,-0.008709254228774017,0.008709254228774017,LumA,Weakened
HALLMARK_NOTCH_SIGNALING,HALLMARK_OXIDATIVE_PHOSPHORYLATION,0.02347247078059982,0.5776809287845492,0.0,0.722838751543486,0.01173623539029991,0.06370684881303153,0.0351281300628851,0.06985707682960104,0.0,0.031853424406515764,-0.04023437803243171,-0.020117189016215856,0.020117189016215856,LumA,Weakened
HALLMARK_NOTCH_SIGNALING,HALLMARK_P53_PATHWAY,-0.004519468322733554,0.9146389058632558,0.0043290043290043,0.9462796975246638,0.004424236325868927,-0.028349831846494936,0.34885834244932745,0.4512289149393334,0.0043290043290043,0.016339418087749618,0.02383036352376138,-0.01191518176188069,0.01191518176188069,LumA,Weakened
HALLMARK_NOTCH_SIGNALING,HALLMARK_PANCREAS_BETA_CELLS,-0.05557038645958957,0.1871734425964464,0.0,0.32544345788893,0.027785193229794784,-0.011315824803721381,0.708506549124309,0.776293014378941,0.0,0.005657912401860691,-0.044254561655868184,0.022127280827934092,0.022127280827934092,LumA,Strengthened
HALLMARK_NOTCH_SIGNALING,HALLMARK_PEROXISOME,-0.1451055948036799,0.0005405566707321015,0.0,0.002854232420891484,0.07255279740183995,-0.07867742604358151,0.009231224124044557,0.022707328417579484,0.0,0.039338713021790754,-0.0664281687600984,0.0332140843800492,0.0332140843800492,LumA,Strengthened
HALLMARK_NOTCH_SIGNALING,HALLMARK_PI3K_AKT_MTOR_SIGNALING,0.12955167853898297,0.002031410599759269,0.0,0.008793208426519804,0.06477583926949149,0.1008806500265316,0.0008335463760200724,0.0028602081530100525,0.0,0.0504403250132658,0.028671028512451374,0.014335514256225687,0.014335514256225687,LumA,Strengthened
HALLMARK_NOTCH_SIGNALING,HALLMARK_PROTEIN_SECRETION,0.11802109024814555,0.0049705003889111464,0.0,0.018563606635415106,0.05901054512407278,0.031720314972698734,0.2945303197698988,0.39345653404375797,0.0,0.015860157486349367,0.08630077527544683,0.043150387637723414,0.043150387637723414,LumA,Strengthened
HALLMARK_NOTCH_SIGNALING,HALLMARK_REACTIVE_OXYGEN_SPECIES_PATHWAY,0.029361358769969825,0.4861056911929416,0.0,0.6403005072165091,0.014680679384984912,0.004548441694807753,0.8805503764937603,0.9123545863873763,0.0,0.0022742208474038766,0.02481291707516207,0.012406458537581036,0.012406458537581036,LumA,Strengthened
HALLMARK_NOTCH_SIGNALING,HALLMARK_SPERMATOGENESIS,-0.07429778271303607,0.0776366577541399,0.0,0.1645413594270266,0.037148891356518034,-0.05294922042802807,0.08002225778387802,0.13983918086341024,0.0,0.026474610214014035,-0.021348562285007998,0.010674281142503999,0.010674281142503999,LumA,Strengthened
HALLMARK_NOTCH_SIGNALING,HALLMARK_TGF_BETA_SIGNALING,0.11603433053019113,0.005756663853959178,0.0,0.021040143648074407,0.058017165265095566,0.012938732193768654,0.669025452130846,0.7423516112864912,0.0,0.006469366096884327,0.10309559833642248,0.05154779916821124,0.05154779916821124,LumA,Strengthened
HALLMARK_NOTCH_SIGNALING,HALLMARK_TNFA_SIGNALING_VIA_NFKB,-0.02551014733112812,0.5450960311039772,0.0131004366812227,0.6962905506802629,0.01930529200617541,0.01047203317988048,0.7293554606063347,0.7899738631677807,0.0131004366812227,0.01178623493055159,-0.0359821805110086,0.007519057075623819,0.007519057075623819,LumA,Strengthened
HALLMARK_NOTCH_SIGNALING,HALLMARK_UNFOLDED_PROTEIN_RESPONSE,0.06511652982900687,0.1221008182865794,0.0,0.2383368801728036,0.032558264914503435,-0.002910831162953055,0.9233872781661406,0.9465685487477173,0.0,0.0014554155814765276,0.06802736099195993,0.031102849333026907,0.031102849333026907,LumA,Strengthened
HALLMARK_NOTCH_SIGNALING,HALLMARK_UV_RESPONSE_DN,-0.0034828210864436353,0.9341675165723646,0.0114942528735632,0.9592248179389327,0.0074885369800034175,0.034365487469686075,0.256083155864009,0.3516837062033756,0.0114942528735632,0.022929870171624636,-0.03784830855612971,-0.015441333191621219,0.015441333191621219,LumA,Weakened
HALLMARK_NOTCH_SIGNALING,HALLMARK_UV_RESPONSE_UP,-0.018034711130449455,0.668821779447496,0.0,0.7981454562546959,0.009017355565224728,-0.03718115396248016,0.21914282355538225,0.3117885700991211,0.0,0.01859057698124008,0.019146442832030704,-0.009573221416015352,0.009573221416015352,LumA,Weakened
HALLMARK_NOTCH_SIGNALING,HALLMARK_WNT_BETA_CATENIN_SIGNALING,0.3460280819920916,2.4576756122938462e-17,0.1212121212121212,1.254438593774984e-15,0.23362010160210642,0.428751876040436,3.8153299922072516e-50,2.749281906149343e-48,0.1212121212121212,0.2749819986262786,-0.0827237940483444,-0.04136189702417217,0.04136189702417217,LumA,Weakened
HALLMARK_NOTCH_SIGNALING,HALLMARK_XENOBIOTIC_METABOLISM,0.011214184371463373,0.7902575759402114,0.0043290043290043,0.8751558146816113,0.0077715943502338364,-0.005827538113819835,0.8473262749884406,0.8886769579288012,0.0043290043290043,0.005078271221412068,0.017041722485283208,0.0026933231288217684,0.0026933231288217684,LumA,Strengthened
HALLMARK_OXIDATIVE_PHOSPHORYLATION,HALLMARK_P53_PATHWAY,0.0661264162909268,0.11640469829686174,0.0101010101010101,0.22983027999930258,0.03811371319596845,0.1087234403901098,0.00031496038608775886,0.0012287467291640273,0.0101010101010101,0.059412225245559946,-0.04259702409918299,-0.021298512049591496,0.021298512049591496,LumA,Weakened
HALLMARK_OXIDATIVE_PHOSPHORYLATION,HALLMARK_PANCREAS_BETA_CELLS,0.11607499262286844,0.005739512758361992,0.0,0.021040143648074407,0.05803749631143422,0.16037737710648062,9.65599126357559e-08,7.16884199871521e-07,0.0,0.08018868855324031,-0.04430238448361218,-0.02215119224180609,0.02215119224180609,LumA,Weakened
HALLMARK_OXIDATIVE_PHOSPHORYLATION,HALLMARK_PEROXISOME,-0.13749629262975785,0.0010507020463943798,0.0201342281879194,0.005008210143319515,0.07881526040883863,-0.09958426819639109,0.0009728856668911953,0.0032831541100322706,0.0201342281879194,0.05985924819215524,-0.03791202443336676,0.018956012216683388,0.018956012216683388,LumA,Strengthened
HALLMARK_OXIDATIVE_PHOSPHORYLATION,HALLMARK_PI3K_AKT_MTOR_SIGNALING,-0.07476412012660204,0.0757868407676699,0.0,0.16117861100763128,0.03738206006330102,-0.09173787555501367,0.002387636467744207,0.007014039983181424,0.0,0.045868937777506835,0.016973755428411633,-0.008486877714205816,0.008486877714205816,LumA,Weakened
HALLMARK_OXIDATIVE_PHOSPHORYLATION,HALLMARK_PROTEIN_SECRETION,-0.13779624006702795,0.0010241647718868647,0.0033898305084745,0.004939377344729958,0.07059303528775122,-0.12904574789018572,1.8579810285102717e-05,9.563137646744045e-05,0.0033898305084745,0.06621778919933011,-0.008750492176842234,0.004375246088421117,0.004375246088421117,LumA,Strengthened
HALLMARK_OXIDATIVE_PHOSPHORYLATION,HALLMARK_REACTIVE_OXYGEN_SPECIES_PATHWAY,0.02079291592411571,0.6218707680176051,0.0163265306122449,0.7572482016118949,0.018559723268180305,0.018449763534564335,0.5421317365760936,0.631885230547778,0.0163265306122449,0.017388147073404615,0.002343152389551375,0.0011715761947756892,0.0011715761947756892,LumA,Strengthened
HALLMARK_OXIDATIVE_PHOSPHORYLATION,HALLMARK_SPERMATOGENESIS,0.04976040746976748,0.23764103489722066,0.0029940119760479,0.3876301834208992,0.02637720972290769,0.07998927477257088,0.008122939555436512,0.020305189962255474,0.0029940119760479,0.04149164337430939,-0.0302288673028034,-0.0151144336514017,0.0151144336514017,LumA,Weakened
HALLMARK_OXIDATIVE_PHOSPHORYLATION,HALLMARK_TGF_BETA_SIGNALING,-0.10096293282332044,0.016364473623253082,0.0,0.04818865429924285,0.05048146641166022,0.011065153205480233,0.7146783812808032,0.7807319509335403,0.0,0.0055325766027401165,-0.11202808602880068,0.0449488898089201,0.0449488898089201,LumA,Strengthened
HALLMARK_OXIDATIVE_PHOSPHORYLATION,HALLMARK_TNFA_SIGNALING_VIA_NFKB,0.0912167968887768,0.030164931783308778,0.0,0.07779377144116474,0.0456083984443884,0.059962910250343525,0.047386364436923484,0.08903112950188843,0.0,0.029981455125171762,0.03125388663843328,0.01562694331921664,0.01562694331921664,LumA,Strengthened
HALLMARK_OXIDATIVE_PHOSPHORYLATION,HALLMARK_UNFOLDED_PROTEIN_RESPONSE,-0.10377733407293194,0.013588440895243751,0.0032051282051282,0.04151082318372468,0.053491231139030065,-0.038269263241766015,0.20594380783584415,0.2974666701773549,0.0032051282051282,0.020737195723447108,-0.06550807083116592,0.03275403541558296,0.03275403541558296,LumA,Strengthened
HALLMARK_OXIDATIVE_PHOSPHORYLATION,HALLMARK_UV_RESPONSE_DN,-0.08122408920223935,0.05365791154229901,0.0,0.12194979895977047,0.040612044601119675,-0.13113146018837277,1.3545403252633435e-05,7.183168391548033e-05,0.0,0.06556573009418638,0.04990737098613342,-0.02495368549306671,0.02495368549306671,LumA,Weakened
HALLMARK_OXIDATIVE_PHOSPHORYLATION,HALLMARK_UV_RESPONSE_UP,0.06005949551619438,0.1539481612739864,0.0170454545454545,0.2853048374593545,0.03855247503082444,-0.011145990291639148,0.7126860168805532,0.7795003309631051,0.0170454545454545,0.014095722418546824,0.07120548580783354,0.02445675261227762,0.02445675261227762,LumA,Strengthened
HALLMARK_OXIDATIVE_PHOSPHORYLATION,HALLMARK_WNT_BETA_CATENIN_SIGNALING,-0.15308173452288518,0.0002600026855565679,0.0,0.001495320609421576,0.07654086726144259,-0.13708859428401224,5.348962400274675e-06,3.105440256083638e-05,0.0,0.06854429714200612,-0.015993140238872938,0.007996570119436469,0.007996570119436469,LumA,Strengthened
HALLMARK_OXIDATIVE_PHOSPHORYLATION,HALLMARK_XENOBIOTIC_METABOLISM,-0.09940309934921547,0.018107724662966587,0.0230179028132992,0.051948390426543485,0.061210501081257335,-0.08082393775414004,0.007481253827029754,0.01901356003757562,0.0230179028132992,0.05192092028371962,-0.01857916159507543,0.009289580797537715,0.009289580797537715,LumA,Strengthened
HALLMARK_P53_PATHWAY,HALLMARK_PANCREAS_BETA_CELLS,0.08780685989588687,0.036928425391151494,0.00418410041841,0.09011418546645535,0.04599548015714843,0.06989108150624421,0.02078434253849456,0.04562870897787784,0.00418410041841,0.0370375909623271,0.01791577838964266,0.00895788919482133,0.00895788919482133,LumA,Strengthened
HALLMARK_P53_PATHWAY,HALLMARK_PEROXISOME,0.005650397944540041,0.8933930456899368,0.0099667774086378,0.9353901546753612,0.007808587676588921,0.05740567048097039,0.05767950731800319,0.10467762439193173,0.0099667774086378,0.0336862239448041,-0.05175527253643035,-0.025877636268215175,0.025877636268215175,LumA,Weakened
HALLMARK_P53_PATHWAY,HALLMARK_PI3K_AKT_MTOR_SIGNALING,0.093728366329986,0.025889177374801953,0.020066889632107,0.06964246979288241,0.0568976279810465,0.09268009669256981,0.002150942391939218,0.006395399102246462,0.020066889632107,0.0563734931623384,0.0010482696374161937,0.0005241348187080969,0.0005241348187080969,LumA,Strengthened
HALLMARK_P53_PATHWAY,HALLMARK_PROTEIN_SECRETION,-0.030750341165460153,0.46570746128247553,0.0,0.6228074673264548,0.015375170582730077,-0.07122510015001493,0.018467069385692366,0.041234137703746745,0.0,0.035612550075007465,0.04047475898455478,-0.02023737949227739,0.02023737949227739,LumA,Weakened
HALLMARK_P53_PATHWAY,HALLMARK_REACTIVE_OXYGEN_SPECIES_PATHWAY,0.09294992948193316,0.027154736777446734,0.0,0.07200119600080573,0.04647496474096658,0.07324321006763179,0.0153906455093634,0.03537249671476579,0.0,0.036621605033815896,0.01970671941430137,0.009853359707150684,0.009853359707150684,LumA,Strengthened
HALLMARK_P53_PATHWAY,HALLMARK_SPERMATOGENESIS,0.07730395639261213,0.06633206406348457,0.0029940119760479,0.14458501508499752,0.040148984184330015,0.03519877592824068,0.24472701019500692,0.3403531122421718,0.0029940119760479,0.01909639395214429,0.04210518046437145,0.021052590232185725,0.021052590232185725,LumA,Strengthened
HALLMARK_P53_PATHWAY,HALLMARK_TGF_BETA_SIGNALING,-0.07004473766051107,0.09625229375305736,0.0119521912350597,0.1971723408820991,0.040998464447785384,-0.04265499436892934,0.15857766839642012,0.23984723820230167,0.0119521912350597,0.02730359280199452,-0.027389743291581732,0.013694871645790863,0.013694871645790863,LumA,Strengthened
HALLMARK_P53_PATHWAY,HALLMARK_TNFA_SIGNALING_VIA_NFKB,0.20723343946435413,6.729384591564092e-07,0.0695187165775401,7.494087386060012e-06,0.13837607802094712,0.164192012573429,4.717047112938382e-08,3.72798884732227e-07,0.0695187165775401,0.11685536457548454,0.04304142689092513,0.02152071344546258,0.02152071344546258,LumA,Strengthened
HALLMARK_P53_PATHWAY,HALLMARK_UNFOLDED_PROTEIN_RESPONSE,0.00583988630792186,0.8898403118445624,0.0096774193548387,0.9332657380219083,0.00775865283138028,0.038424520618291644,0.20410854309245594,0.29570362146972734,0.0096774193548387,0.024050969986565172,-0.03258463431036979,-0.016292317155184893,0.016292317155184893,LumA,Weakened
HALLMARK_P53_PATHWAY,HALLMARK_UV_RESPONSE_DN,-0.1692261923000117,5.282889866159686e-05,0.0029154518950437,0.0003829313660382021,0.0860708220975277,-0.0735643228074394,0.014945136765586084,0.03441314386812585,0.0029154518950437,0.03823988735124155,-0.09566186949257231,0.04783093474628615,0.04783093474628615,LumA,Strengthened
HALLMARK_P53_PATHWAY,HALLMARK_UV_RESPONSE_UP,0.03041147750924632,0.4706397424235205,0.0376811594202898,0.6273489493675872,0.03404631846476806,0.06593019607686448,0.029215582799040574,0.06014972929214236,0.0376811594202898,0.05180567774857714,-0.035518718567618165,-0.017759359283809076,0.017759359283809076,LumA,Weakened
HALLMARK_P53_PATHWAY,HALLMARK_WNT_BETA_CATENIN_SIGNALING,0.323420288185013,3.184894116794813e-15,0.0168067226890756,1.3004984310245488e-13,0.1701135054370443,0.2527552435125477,2.0897118028005656e-17,5.019405800844496e-16,0.0168067226890756,0.13478098310081166,0.07066504467246532,0.03533252233623263,0.03533252233623263,LumA,Strengthened
HALLMARK_P53_PATHWAY,HALLMARK_XENOBIOTIC_METABOLISM,0.07030839504762375,0.09500310133052349,0.0282776349614395,0.19493936202661855,0.04929301500453162,0.07458523499796356,0.01360320774709448,0.03192323657124662,0.0282776349614395,0.051431434979701526,-0.004276839950339811,-0.0021384199751699057,0.0021384199751699057,LumA,Weakened
HALLMARK_PANCREAS_BETA_CELLS,HALLMARK_PEROXISOME,0.08627438573169206,0.04036436427562551,0.0069930069930069,0.09687903641953764,0.04663369636234948,0.0582616726029969,0.05404478122864559,0.09910906737289049,0.0069930069930069,0.0326273397980019,0.02801271312869516,0.01400635656434758,0.01400635656434758,LumA,Strengthened
HALLMARK_PANCREAS_BETA_CELLS,HALLMARK_PI3K_AKT_MTOR_SIGNALING,-0.029492266512872786,0.4841628700608128,0.0,0.6397017488928436,0.014746133256436393,-0.10737491819016895,0.0003740771356838022,0.0014143348494217829,0.0,0.053687459095084475,0.07788265167729616,-0.03894132583864808,0.03894132583864808,LumA,Weakened
HALLMARK_PANCREAS_BETA_CELLS,HALLMARK_PROTEIN_SECRETION,0.26991335606186584,6.891023379797684e-11,0.0,1.6551967922063066e-09,0.13495667803093292,0.31268376610580845,3.068751648113597e-26,1.143414345174498e-24,0.0,0.15634188305290422,-0.04277041004394261,-0.021385205021971304,0.021385205021971304,LumA,Weakened
HALLMARK_PANCREAS_BETA_CELLS,HALLMARK_REACTIVE_OXYGEN_SPECIES_PATHWAY,-0.01661076521004028,0.6935912653985041,0.0,0.8111418699109635,0.00830538260502014,0.060878733389057874,0.04409669825469279,0.08440383650312291,0.0,0.030439366694528937,-0.07748949859909815,-0.0221339840895088,0.0221339840895088,LumA,Weakened
HALLMARK_PANCREAS_BETA_CELLS,HALLMARK_SPERMATOGENESIS,0.1637796362307453,9.198570953746773e-05,0.0,0.000626013856574433,0.08188981811537265,0.1484821070681392,8.101816569404692e-07,5.251177406095634e-06,0.0,0.0742410535340696,0.0152975291626061,0.00764876458130305,0.00764876458130305,LumA,Strengthened
HALLMARK_PANCREAS_BETA_CELLS,HALLMARK_TGF_BETA_SIGNALING,0.032715009384166945,0.43768257159735363,0.0,0.5957346113408424,0.016357504692083472,-0.06427578630934691,0.03352552064968594,0.06710582156187136,0.0,0.032137893154673455,0.09699079569351385,-0.015780388462589983,0.015780388462589983,LumA,Weakened
HALLMARK_PANCREAS_BETA_CELLS,HALLMARK_TNFA_SIGNALING_VIA_NFKB,-0.08509431386099517,0.043191060063818024,0.0,0.10194421691363599,0.042547156930497584,-0.09706814305347433,0.0013066414376158673,0.004180803123416713,0.0,0.048534071526737166,0.011973829192479163,-0.0059869145962395814,0.0059869145962395814,LumA,Weakened
HALLMARK_PANCREAS_BETA_CELLS,HALLMARK_UNFOLDED_PROTEIN_RESPONSE,0.03897713580710657,0.3550826619725509,0.02,0.5147648058181951,0.029488567903553288,0.01818896678530983,0.5478571495613566,0.6367409945091668,0.02,0.019094483392654914,0.020788169021796744,0.010394084510898374,0.010394084510898374,LumA,Strengthened
HALLMARK_PANCREAS_BETA_CELLS,HALLMARK_UV_RESPONSE_DN,0.11742187456587416,0.0051967481975106755,0.0054644808743169,0.019137279508656308,0.06144317772009553,0.17035570378952503,1.4306481457657154e-08,1.23418590039648e-07,0.0054644808743169,0.08791009233192096,-0.05293382922365086,-0.026466914611825425,0.026466914611825425,LumA,Weakened
HALLMARK_PANCREAS_BETA_CELLS,HALLMARK_UV_RESPONSE_UP,0.09239715110787677,0.028085442116808232,0.0,0.07390938254366088,0.04619857555393839,0.09967239856382629,0.0009627699156376069,0.003267017026748112,0.0,0.04983619928191314,-0.007275247455949513,-0.0036376237279747564,0.0036376237279747564,LumA,Weakened
HALLMARK_PANCREAS_BETA_CELLS,HALLMARK_WNT_BETA_CATENIN_SIGNALING,-0.10387621246240825,0.013498954168675956,0.0,0.04135293025708156,0.05193810623120412,-0.02805927458054476,0.353822230820991,0.4562444555323305,0.0,0.01402963729027238,-0.07581693788186349,0.03790846894093174,0.03790846894093174,LumA,Strengthened
HALLMARK_PANCREAS_BETA_CELLS,HALLMARK_XENOBIOTIC_METABOLISM,-0.05821663165622191,0.16700205925784886,0.0,0.3015709004195108,0.029108315828110954,-0.03597405917642405,0.23448267705407475,0.32838587353179455,0.0,0.017987029588212026,-0.022242572479797856,0.011121286239898928,0.011121286239898928,LumA,Strengthened
HALLMARK_PEROXISOME,HALLMARK_PI3K_AKT_MTOR_SIGNALING,0.058612351029481174,0.16413127812177566,0.0048076923076923,0.29820845065600665,0.03171002166858674,0.0938549784644035,0.0018859446307683005,0.005676368974671175,0.0048076923076923,0.0493313353860479,-0.03524262743492232,-0.01762131371746116,0.01762131371746116,LumA,Weakened
HALLMARK_PEROXISOME,HALLMARK_PROTEIN_SECRETION,-0.1417019136969754,0.0007306403108357516,0.0101010101010101,0.003683269056682287,0.07590146189899276,-0.05562196191268412,0.06590719446492165,0.11700914959352031,0.0101010101010101,0.03286148600684711,-0.08607995178429129,0.04303997589214565,0.04303997589214565,LumA,Strengthened
HALLMARK_PEROXISOME,HALLMARK_REACTIVE_OXYGEN_SPECIES_PATHWAY,0.037826088576577536,0.3694810614444719,0.0268456375838926,0.5306146544777,0.03233586308023507,-0.022080144148320626,0.4656532937910647,0.5642188772443661,0.0268456375838926,0.02446289086610661,0.05990623272489816,0.007872972214128457,0.007872972214128457,LumA,Strengthened
HALLMARK_PEROXISOME,HALLMARK_SPERMATOGENESIS,-0.04069676507164492,0.33423997388325366,0.0042016806722689,0.49390104705305876,0.02244922287195691,-0.006024845258679732,0.8422237942789716,0.8848406071970328,0.0042016806722689,0.0051132629654743154,-0.03467191981296519,0.017335959906482595,0.017335959906482595,LumA,Strengthened
HALLMARK_PEROXISOME,HALLMARK_TGF_BETA_SIGNALING,-0.05288118867968532,0.2094547910677964,0.0,0.35305928642897905,0.02644059433984266,0.06153247249337922,0.04186803090411094,0.08102423042264756,0.0,0.03076623624668961,-0.11441366117306453,-0.00432564190684695,0.00432564190684695,LumA,Weakened
HALLMARK_PEROXISOME,HALLMARK_TNFA_SIGNALING_VIA_NFKB,0.07635711478712087,0.06973674547413297,0.0033003300330033,0.1506658081231268,0.039828722410062085,0.06897082464549421,0.022526830896873316,0.0485833940997708,0.0033003300330033,0.036135577339248756,0.0073862901416266585,0.0036931450708133293,0.0036931450708133293,LumA,Strengthened
HALLMARK_PEROXISOME,HALLMARK_UNFOLDED_PROTEIN_RESPONSE,-0.004113566217305203,0.922279924455417,0.0,0.9510041308568062,0.0020567831086526016,-0.04030964952475639,0.18276622424651406,0.26974533096624065,0.0,0.020154824762378194,0.036196083307451186,-0.018098041653725593,0.018098041653725593,LumA,Weakened
HALLMARK_PEROXISOME,HALLMARK_UV_RESPONSE_DN,0.1197499736558264,0.004366650034727092,0.008130081300813,0.016612255566896546,0.0639400274783197,0.039173480214579656,0.19542205938964513,0.28533018206473815,0.008130081300813,0.023651780757696327,0.08057649344124675,0.04028824672062337,0.04028824672062337,LumA,Strengthened
HALLMARK_PEROXISOME,HALLMARK_UV_RESPONSE_UP,-0.03594631431346614,0.3937605161016927,0.0194552529182879,0.5512647225423698,0.027700783615877023,-0.05778755924983482,0.056033615881711886,0.10199283722897036,0.0194552529182879,0.03862140608406136,0.02184124493636868,-0.010920622468184336,0.010920622468184336,LumA,Weakened
HALLMARK_PEROXISOME,HALLMARK_WNT_BETA_CATENIN_SIGNALING,-0.03696171019062182,0.38052804359122483,0.0,0.5407736118320771,0.01848085509531091,-0.07174103774461944,0.017633340669748313,0.03981538464696467,0.0,0.03587051887230972,0.034779327553997624,-0.017389663776998812,0.017389663776998812,LumA,Weakened
HALLMARK_PEROXISOME,HALLMARK_XENOBIOTIC_METABOLISM,0.09095513910488102,0.030643370790689413,0.0305084745762711,0.07880912581125096,0.060731806840576066,0.08868918746602551,0.003325945415418121,0.009519353116558875,0.0305084745762711,0.05959883102114831,0.0022659516388555123,0.0011329758194277562,0.0011329758194277562,LumA,Strengthened
HALLMARK_PI3K_AKT_MTOR_SIGNALING,HALLMARK_PROTEIN_SECRETION,0.03756663214544672,0.3727759068828797,0.0307692307692307,0.5328477082048164,0.03416793145733871,0.05261982903761223,0.08192018552997056,0.14246778796315362,0.0307692307692307,0.04169452990342147,-0.015053196892165513,-0.007526598446082763,0.007526598446082763,LumA,Weakened
HALLMARK_PI3K_AKT_MTOR_SIGNALING,HALLMARK_REACTIVE_OXYGEN_SPECIES_PATHWAY,-0.05134081614049487,0.22304987169263726,0.0,0.3707409671960389,0.025670408070247435,-0.05107233768135907,0.0913301317910939,0.1541038725125207,0.0,0.025536168840679534,-0.00026847845913580137,0.00013423922956790069,0.00013423922956790069,LumA,Strengthened
HALLMARK_PI3K_AKT_MTOR_SIGNALING,HALLMARK_SPERMATOGENESIS,-0.12339441473832843,0.003305601524034235,0.0126582278481012,0.013147278788772525,0.06802632129321481,-0.15035972705681025,5.853424143334776e-07,3.918275724363443e-06,0.0126582278481012,0.08150897745245572,0.026965312318481816,-0.013482656159240908,0.013482656159240908,LumA,Weakened
HALLMARK_PI3K_AKT_MTOR_SIGNALING,HALLMARK_TGF_BETA_SIGNALING,0.08324777701964725,0.047948009115177964,0.0192307692307692,0.11082322861526982,0.05123927312520823,0.05833523160578815,0.053741548754512106,0.09870074546368415,0.0192307692307692,0.038783000418278674,0.0249125454138591,0.012456272706929554,0.012456272706929554,LumA,Strengthened
HALLMARK_PI3K_AKT_MTOR_SIGNALING,HALLMARK_TNFA_SIGNALING_VIA_NFKB,-0.14496008346147993,0.0005476385689825737,0.009933774834437,0.0028792156523761918,0.07744692914795846,-0.22605824132647184,3.830085213720887e-14,7.331022479387635e-13,0.009933774834437,0.11799600808045442,0.08109815786499192,-0.04054907893249596,0.04054907893249596,LumA,Weakened
HALLMARK_PI3K_AKT_MTOR_SIGNALING,HALLMARK_UNFOLDED_PROTEIN_RESPONSE,0.028204785392840416,0.5034518043734425,0.013953488372093,0.6596026313983605,0.02107913688246671,0.018877242046396746,0.5328119898531819,0.6239910971033917,0.013953488372093,0.016415365209244873,0.00932754334644367,0.0046637716732218365,0.0046637716732218365,LumA,Strengthened
HALLMARK_PI3K_AKT_MTOR_SIGNALING,HALLMARK_UV_RESPONSE_DN,0.16459826479130435,8.472300912245054e-05,0.0121951219512195,0.000579808302653642,0.08839669337126192,0.09432635853161304,0.0017883114530299424,0.005422479034558612,0.0121951219512195,0.05326074024141627,0.0702719062596913,0.03513595312984565,0.03513595312984565,LumA,Strengthened
HALLMARK_PI3K_AKT_MTOR_SIGNALING,HALLMARK_UV_RESPONSE_UP,0.1324975163896141,0.0015973958905245093,0.0076628352490421,0.007247444318120458,0.0700801758193281,0.13839574422895634,4.339449666756577e-06,2.6057969812631408e-05,0.0076628352490421,0.07302928973899922,-0.0058982278393422405,-0.0029491139196711202,0.0029491139196711202,LumA,Weakened
HALLMARK_PI3K_AKT_MTOR_SIGNALING,HALLMARK_WNT_BETA_CATENIN_SIGNALING,-0.11098818234812738,0.008278901785704852,0.0,0.02824973450553884,0.05549409117406369,-0.03394334340255112,0.26197358949867966,0.3581670168927261,0.0,0.01697167170127556,-0.07704483894557626,0.03852241947278813,0.03852241947278813,LumA,Strengthened
HALLMARK_PI3K_AKT_MTOR_SIGNALING,HALLMARK_XENOBIOTIC_METABOLISM,-0.026144191446382494,0.5351458189802644,0.0032894736842105,0.6893308393804667,0.014716832565296496,0.08466367225434548,0.005076503342709212,0.013548402167361187,0.0032894736842105,0.04397657296927799,-0.11080786370072798,-0.029259740403981493,0.029259740403981493,LumA,Weakened
HALLMARK_PROTEIN_SECRETION,HALLMARK_REACTIVE_OXYGEN_SPECIES_PATHWAY,0.17814254248600445,2.052184807728544e-05,0.0069444444444444,0.0001561444962402153,0.09254349346522442,0.11687893330941039,0.00010674883856972987,0.0004737946639417358,0.0069444444444444,0.0619116888769274,0.061263609176594055,0.03063180458829702,0.03063180458829702,LumA,Strengthened
HALLMARK_PROTEIN_SECRETION,HALLMARK_SPERMATOGENESIS,-0.0912542236987325,0.03009702330587768,0.0,0.07778239145506363,0.04562711184936625,-0.03031266949069388,0.31649049811231905,0.4186834343278519,0.0,0.01515633474534694,-0.06094155420803862,0.03047077710401931,0.03047077710401931,LumA,Strengthened
HALLMARK_PROTEIN_SECRETION,HALLMARK_TGF_BETA_SIGNALING,0.011654347361742054,0.7822281392520066,0.0,0.8711177005306437,0.005827173680871027,0.18972352659603892,2.522580729101067e-10,2.835010452430098e-09,0.0,0.09486176329801946,-0.17806917923429685,-0.08903458961714843,0.08903458961714843,LumA,Weakened
HALLMARK_PROTEIN_SECRETION,HALLMARK_TNFA_SIGNALING_VIA_NFKB,0.08866072293576426,0.0351241048163263,0.0033898305084745,0.08709924777327878,0.046025276722119375,0.09348736497164979,0.0019654526860039302,0.005886747042432309,0.0033898305084745,0.04843859774006214,-0.004826642035885537,-0.0024133210179427683,0.0024133210179427683,LumA,Weakened
HALLMARK_PROTEIN_SECRETION,HALLMARK_UNFOLDED_PROTEIN_RESPONSE,0.3201467093976315,6.232803691145845e-15,0.0096618357487922,2.4629627489205353e-13,0.16490427257321186,0.318706084858834,3.0015935111183355e-27,1.1861135648774068e-25,0.0096618357487922,0.1641839603038131,0.001440624538797508,0.000720312269398754,0.000720312269398754,LumA,Strengthened
HALLMARK_PROTEIN_SECRETION,HALLMARK_UV_RESPONSE_DN,0.05792936082299337,0.16910955188771046,0.00418410041841,0.30419853313134404,0.031056730620701682,-0.038250819985208274,0.20616261467801983,0.2974666701773549,0.00418410041841,0.021217460201809136,0.09618018080820165,0.009839270418892546,0.009839270418892546,LumA,Strengthened
HALLMARK_PROTEIN_SECRETION,HALLMARK_UV_RESPONSE_UP,-0.07698657125304133,0.06745777860041266,0.0119521912350597,0.1465173382721729,0.04446938124405051,-0.08532206008755178,0.004742703586386401,0.012825191817490821,0.0119521912350597,0.048637125661305736,0.008335488834510449,-0.004167744417255224,0.004167744417255224,LumA,Weakened
HALLMARK_PROTEIN_SECRETION,HALLMARK_WNT_BETA_CATENIN_SIGNALING,-0.010700107562101725,0.7996634789663133,0.0,0.8809242461634297,0.0053500537810508625,0.005557488995040322,0.8543202378170641,0.8929541734862658,0.0,0.002778744497520161,-0.016257596557142047,0.0025713092835307014,0.0025713092835307014,LumA,Strengthened
HALLMARK_PROTEIN_SECRETION,HALLMARK_XENOBIOTIC_METABOLISM,-0.10335080536177588,0.013980474774493544,0.0,0.04239129108602621,0.05167540268088794,-0.14387716768772008,1.7680566740125696e-06,1.1164275390027822e-05,0.0,0.07193858384386004,0.0405263623259442,-0.0202631811629721,0.0202631811629721,LumA,Weakened
HALLMARK_REACTIVE_OXYGEN_SPECIES_PATHWAY,HALLMARK_SPERMATOGENESIS,0.0724693841508303,0.08524608221115174,0.0,0.17759600460656613,0.03623469207541515,0.030167795650545812,0.31881000757135125,0.4208429518048548,0.0,0.015083897825272906,0.042301588500284495,0.021150794250142248,0.021150794250142248,LumA,Strengthened
HALLMARK_REACTIVE_OXYGEN_SPECIES_PATHWAY,HALLMARK_TGF_BETA_SIGNALING,-0.04711865111471475,0.263507947159687,0.0098039215686274,0.420278919885577,0.028461286341671076,-0.05207235720042577,0.08515520229797133,0.14589527666435648,0.0098039215686274,0.030938139384526588,0.004953706085711024,-0.002476853042855512,0.002476853042855512,LumA,Weakened
HALLMARK_REACTIVE_OXYGEN_SPECIES_PATHWAY,HALLMARK_TNFA_SIGNALING_VIA_NFKB,-0.05819549598131488,0.16715644194681456,0.0080971659919028,0.3015709004195108,0.03314633098660884,-0.07172414630744796,0.017660105723924065,0.03981538464696467,0.0080971659919028,0.03991065614967538,0.013528650326133075,-0.006764325163066541,0.006764325163066541,LumA,Weakened
HALLMARK_REACTIVE_OXYGEN_SPECIES_PATHWAY,HALLMARK_UNFOLDED_PROTEIN_RESPONSE,-0.1272330811454997,0.0024461805075268153,0.0,0.010368758206644806,0.06361654057274985,-0.10633187398575612,0.00042674074698318055,0.0015841133789527156,0.0,0.05316593699287806,-0.02090120715974357,0.010450603579871785,0.010450603579871785,LumA,Strengthened
HALLMARK_REACTIVE_OXYGEN_SPECIES_PATHWAY,HALLMARK_UV_RESPONSE_DN,-0.01017446598656481,0.8093110304591459,0.0052083333333333,0.8851839395646909,0.007691399659949055,-0.06106211983578361,0.04346164494054154,0.08344908315386111,0.0052083333333333,0.033135226584558454,0.0508876538492188,-0.0254438269246094,0.0254438269246094,LumA,Weakened
HALLMARK_REACTIVE_OXYGEN_SPECIES_PATHWAY,HALLMARK_UV_RESPONSE_UP,0.04638862207053811,0.270985603947731,0.0197044334975369,0.4282543699287326,0.03304652778403751,0.07170391968497071,0.017692202269047476,0.03981538464696467,0.0197044334975369,0.04570417659125381,-0.025315297614432603,-0.012657648807216301,0.012657648807216301,LumA,Weakened
HALLMARK_REACTIVE_OXYGEN_SPECIES_PATHWAY,HALLMARK_WNT_BETA_CATENIN_SIGNALING,-0.06932106383525208,0.09974846310311815,0.0,0.20297652375634506,0.03466053191762604,-0.06610741219853959,0.028783475632224293,0.059560401434923575,0.0,0.033053706099269796,-0.003213651636712486,0.001606825818356243,0.001606825818356243,LumA,Strengthened
HALLMARK_REACTIVE_OXYGEN_SPECIES_PATHWAY,HALLMARK_XENOBIOTIC_METABOLISM,0.2570042418023768,5.652447889997607e-10,0.0163265306122449,1.0819138539448545e-08,0.13666538620731083,0.33843224045559617,1.0126399490228845e-30,5.16868307313764e-29,0.0163265306122449,0.17737938553392052,-0.08142799865321937,-0.040713999326609684,0.040713999326609684,LumA,Weakened
HALLMARK_SPERMATOGENESIS,HALLMARK_TGF_BETA_SIGNALING,-0.0879884074106916,0.03653833906063576,0.0,0.08969832735326415,0.0439942037053458,-0.07768026963340383,0.010161801087565531,0.024463367065583608,0.0,0.03884013481670191,-0.01030813777728777,0.005154068888643885,0.005154068888643885,LumA,Strengthened
HALLMARK_SPERMATOGENESIS,HALLMARK_TNFA_SIGNALING_VIA_NFKB,-0.10023914044865109,0.017154198742596615,0.0,0.049795956065594435,0.050119570224325546,-0.05504518878350983,0.06876584218635723,0.12138062921943459,0.0,0.027522594391754914,-0.045193951665141265,0.022596975832570632,0.022596975832570632,LumA,Strengthened
HALLMARK_SPERMATOGENESIS,HALLMARK_UNFOLDED_PROTEIN_RESPONSE,-0.05505749361176072,0.1912824361358162,0.0,0.3291684463156796,0.02752874680588036,-0.12450324298178216,3.637154994852509e-05,0.00017965785760864207,0.0,0.06225162149089108,0.06944574937002143,-0.034722874685010716,0.034722874685010716,LumA,Weakened
HALLMARK_SPERMATOGENESIS,HALLMARK_UV_RESPONSE_DN,-0.030939273893406626,0.46296996312068206,0.0,0.6223305183741209,0.015469636946703313,-0.03088070229242007,0.30750292975823557,0.4081160227018836,0.0,0.015440351146210035,-5.857160098655598e-05,2.928580049327799e-05,2.928580049327799e-05,LumA,Strengthened
HALLMARK_SPERMATOGENESIS,HALLMARK_UV_RESPONSE_UP,0.04765492114572417,0.25810623701038105,0.0103448275862068,0.41383256910713967,0.028999874365965485,0.09041718546036065,0.0027595740592119902,0.008010611901740966,0.0103448275862068,0.05038100652328373,-0.04276226431463648,-0.021381132157318242,0.021381132157318242,LumA,Weakened
HALLMARK_SPERMATOGENESIS,HALLMARK_WNT_BETA_CATENIN_SIGNALING,0.06116520132269538,0.14649599877386732,0.0,0.2743999977033448,0.03058260066134769,0.05986780535833524,0.047739501391329424,0.08955725758710345,0.0,0.02993390267916762,0.0012973959643601402,0.0006486979821800701,0.0006486979821800701,LumA,Strengthened
HALLMARK_SPERMATOGENESIS,HALLMARK_XENOBIOTIC_METABOLISM,0.030783096385426742,0.46523222019943444,0.0029940119760479,0.6228074673264548,0.01688855418073732,-0.016767981117674774,0.5795671146540603,0.6653886742748115,0.0029940119760479,0.009880996546861337,0.047551077503101516,0.007007557633875984,0.007007557633875984,LumA,Strengthened
HALLMARK_TGF_BETA_SIGNALING,HALLMARK_TNFA_SIGNALING_VIA_NFKB,-0.09453545777619637,0.0246310664789415,0.040983606557377,0.06720057112851523,0.06775953216678668,-0.10537332766029055,0.00048115837314124574,0.0017594597226806747,0.040983606557377,0.07317846710883377,0.010837869884094173,-0.005418934942047093,0.005418934942047093,LumA,Weakened
HALLMARK_TGF_BETA_SIGNALING,HALLMARK_UNFOLDED_PROTEIN_RESPONSE,-0.019840483382773735,0.6379229805508592,0.0,0.7729531663450074,0.009920241691386868,-0.0091516581524719,0.7623795332165894,0.8164853129355742,0.0,0.00457582907623595,-0.010688825230301836,0.005344412615150918,0.005344412615150918,LumA,Strengthened
HALLMARK_TGF_BETA_SIGNALING,HALLMARK_UV_RESPONSE_DN,0.33819883551602753,1.3865035372611453e-16,0.03125,6.532564742865011e-15,0.18472441775801376,0.30470574134717393,6.151728439962475e-25,2.093296483042787e-23,0.03125,0.16797787067358697,0.0334930941688536,0.0167465470844268,0.0167465470844268,LumA,Strengthened
HALLMARK_TGF_BETA_SIGNALING,HALLMARK_UV_RESPONSE_UP,0.18917902457249414,5.96226770705862e-06,0.0192307692307692,5.254516504422165e-05,0.10420489690163166,0.1290644551255097,1.852761491514653e-05,9.563137646744045e-05,0.0192307692307692,0.07414761217813945,0.06011456944698443,0.030057284723492214,0.030057284723492214,LumA,Strengthened
HALLMARK_TGF_BETA_SIGNALING,HALLMARK_WNT_BETA_CATENIN_SIGNALING,0.14947583625090663,0.00036360658607459265,0.0212765957446808,0.0019796358575172265,0.08537621599779371,0.16029899605862316,9.797461381984653e-08,7.230054333091085e-07,0.0212765957446808,0.09078779590165198,-0.010823159807716531,-0.005411579903858266,0.005411579903858266,LumA,Weakened
HALLMARK_TGF_BETA_SIGNALING,HALLMARK_XENOBIOTIC_METABOLISM,0.029564816519737677,0.48308795595955306,0.0079365079365079,0.6390742397953051,0.01875066222812279,0.0650183133581792,0.031528218592624904,0.06394382082113495,0.0079365079365079,0.03647741064734355,-0.035453496838441526,-0.01772674841922076,0.01772674841922076,LumA,Weakened
HALLMARK_TNFA_SIGNALING_VIA_NFKB,HALLMARK_UNFOLDED_PROTEIN_RESPONSE,0.012899943803189215,0.7596337139958801,0.0162337662337662,0.8568612335588887,0.014566855018477709,-0.06730944833412326,0.02599508658888159,0.05452736484825334,0.0162337662337662,0.04177160728394473,0.08020939213731249,-0.027204752265467022,0.027204752265467022,LumA,Weakened
HALLMARK_TNFA_SIGNALING_VIA_NFKB,HALLMARK_UV_RESPONSE_DN,0.06779163463612825,0.10746942390898381,0.036144578313253,0.2158197447352544,0.05196810647469062,0.0949123409225232,0.0016734150504504148,0.005150586524627533,0.036144578313253,0.0655284596178881,-0.027120706286394944,-0.013560353143197479,0.013560353143197479,LumA,Weakened
HALLMARK_TNFA_SIGNALING_VIA_NFKB,HALLMARK_UV_RESPONSE_UP,0.6129965411375673,1.3437201943587052e-59,0.059171597633136,2.743428730149023e-57,0.3360840693853516,0.5974624162070865,8.001192881905837e-107,1.633576880055775e-104,0.059171597633136,0.32831700692011123,0.015534124930480786,0.007767062465240393,0.007767062465240393,LumA,Strengthened
HALLMARK_TNFA_SIGNALING_VIA_NFKB,HALLMARK_WNT_BETA_CATENIN_SIGNALING,-0.08108220514885149,0.0540786366714266,0.0083333333333333,0.12245162647411753,0.0447077692410924,-0.017291848922641146,0.5677770687184299,0.6561574614906384,0.0083333333333333,0.012812591127987223,-0.06379035622621035,0.031895178113105174,0.031895178113105174,LumA,Strengthened
HALLMARK_TNFA_SIGNALING_VIA_NFKB,HALLMARK_XENOBIOTIC_METABOLISM,-0.09020501036307724,0.03205115415632428,0.0178117048346055,0.0815591999090397,0.05400835759884137,-0.10417963478851265,0.0005579611021822132,0.0019985448835474007,0.0178117048346055,0.06099566981155907,0.013974624425435414,-0.0069873122127177,0.0069873122127177,LumA,Weakened
HALLMARK_UNFOLDED_PROTEIN_RESPONSE,HALLMARK_UV_RESPONSE_DN,-0.004774023833683411,0.9098509198085057,0.0,0.9447686663976305,0.0023870119168417055,0.02889585968419258,0.3396501614714587,0.4426291997899329,0.0,0.01444792984209629,-0.03366988351787599,-0.012060917925254586,0.012060917925254586,LumA,Weakened
HALLMARK_UNFOLDED_PROTEIN_RESPONSE,HALLMARK_UV_RESPONSE_UP,0.05323211178310165,0.20644312127977452,0.018796992481203,0.3497826052112362,0.03601455213215232,0.09484453312402007,0.0016863545075614004,0.0051774041898814925,0.018796992481203,0.05682076280261153,-0.041612421340918415,-0.020806210670459208,0.020806210670459208,LumA,Weakened
HALLMARK_UNFOLDED_PROTEIN_RESPONSE,HALLMARK_WNT_BETA_CATENIN_SIGNALING,0.02260826316332342,0.59177148131789,0.0,0.7337527042847658,0.01130413158166171,-0.0008854776416551323,0.9766617817530359,0.9838903640193001,0.0,0.00044273882082756616,0.02349374080497855,0.010861392760834145,0.010861392760834145,LumA,Strengthened
HALLMARK_UNFOLDED_PROTEIN_RESPONSE,HALLMARK_XENOBIOTIC_METABOLISM,0.032216866781630785,0.44469525058570913,0.0032051282051282,0.6025674798643467,0.017710997493379493,0.06351248993827861,0.03569036965648589,0.07086013424504897,0.0032051282051282,0.0333588090717034,-0.03129562315664783,-0.01564781157832391,0.01564781157832391,LumA,Weakened
HALLMARK_UV_RESPONSE_DN,HALLMARK_UV_RESPONSE_UP,-0.1616642964557539,0.00011356204783478329,0.0,0.0007479220892344599,0.08083214822787695,-0.16743956464978485,2.529608022308655e-08,2.0937633968433123e-07,0.0,0.08371978232489242,0.005775268194030958,-0.002887634097015479,0.002887634097015479,LumA,Weakened
HALLMARK_UV_RESPONSE_DN,HALLMARK_WNT_BETA_CATENIN_SIGNALING,0.1159598795490916,0.005788186456653939,0.0054054054054054,0.021040143648074407,0.0606826424772485,0.026985654598896337,0.37254805173140226,0.47489215751401437,0.0054054054054054,0.01619553000215087,0.08897422495019526,0.04448711247509763,0.04448711247509763,LumA,Strengthened
HALLMARK_UV_RESPONSE_DN,HALLMARK_XENOBIOTIC_METABOLISM,0.08885837715041736,0.03471730365513502,0.0058479532163742,0.08644044101126099,0.04735316518339578,0.08920495234234532,0.0031467192756829813,0.00904866458383017,0.0058479532163742,0.04752645277935976,-0.0003465751919279614,-0.0001732875959639807,0.0001732875959639807,LumA,Weakened
HALLMARK_UV_RESPONSE_UP,HALLMARK_WNT_BETA_CATENIN_SIGNALING,0.04988598327161131,0.2364576323646427,0.0,0.38621413286224976,0.024942991635805656,-0.00573608397471824,0.8496935167960185,0.8896913641340602,0.0,0.00286804198735912,0.05562206724632955,0.022074949648446536,0.022074949648446536,LumA,Strengthened
HALLMARK_UV_RESPONSE_UP,HALLMARK_XENOBIOTIC_METABOLISM,0.09645166242270792,0.021853734889897038,0.031700288184438,0.060430756749715285,0.06407597530357295,0.07684182035270529,0.01100786455257737,0.026285836407226662,0.031700288184438,0.05427105426857164,0.01960984207000263,0.009804921035001309,0.009804921035001309,LumA,Strengthened
HALLMARK_WNT_BETA_CATENIN_SIGNALING,HALLMARK_XENOBIOTIC_METABOLISM,-0.03574588631779355,0.39640492002320005,0.0041493775933609,0.553070645818246,0.019947631955577225,-0.02234760732460305,0.46026575930221225,0.5593507491519941,0.0041493775933609,0.013248492458981975,-0.013398278993190502,0.006699139496595251,0.006699139496595251,LumA,Strengthened
