"interaction","name","ScoreAverage","selected","shared interaction","shared name"
"pp","REV (pp) Q2TAY7","0.382","false","pp","REV (pp) Q2TAY7"
"pp","REV (pp) Q5T3I0","0.382","false","pp","REV (pp) Q5T3I0"
"pp","REV (pp) P29372","0.387","false","pp","REV (pp) P29372"
"pp","REV (pp) Q9HD23","0.385","false","pp","REV (pp) Q9HD23"
"pp","REV (pp) Q8WV92","0.398","false","pp","REV (pp) Q8WV92"
"pp","REV (pp) O75037","0.391","false","pp","REV (pp) O75037"
"pp","REV (pp) Q96BP2","0.411","false","pp","REV (pp) Q96BP2"
"pp","REV (pp) Q86XZ4","0.405","false","pp","REV (pp) Q86XZ4"
"pp","REV (pp) Q13123","0.425","false","pp","REV (pp) Q13123"
"pp","REV (pp) Q9Y6G3","0.42","false","pp","REV (pp) Q9Y6G3"
"pp","REV (pp) Q9Y2Q9","0.542","false","pp","REV (pp) Q9Y2Q9"
"pp","REV (pp) Q7Z7H5","0.446","false","pp","REV (pp) Q7Z7H5"
"pp","REV (pp) P82933","0.588","false","pp","REV (pp) P82933"
"pp","REV (pp) Q04837","0.542","false","pp","REV (pp) Q04837"
"pp","REV (pp) Q9BVK6","0.769","false","pp","REV (pp) Q9BVK6"
"pp","REV (pp) P49755","0.664","false","pp","REV (pp) P49755"
"pp","REV (pp) 9629359","0.947","false","pp","REV (pp) 9629359"
"pp","TAT (pp) Q9UQ35","0.38","false","pp","TAT (pp) Q9UQ35"
"pp","TAT (pp) P31942","0.382","false","pp","TAT (pp) P31942"
"pp","TAT (pp) Q03111","0.38","false","pp","TAT (pp) Q03111"
"pp","TAT (pp) Q9UK99","0.394","false","pp","TAT (pp) Q9UK99"
"pp","TAT (pp) Q9C0C9","0.382","false","pp","TAT (pp) Q9C0C9"
"pp","TAT (pp) Q8NCA5","0.406","false","pp","TAT (pp) Q8NCA5"
"pp","TAT (pp) Q8NAF0","0.404","false","pp","TAT (pp) Q8NAF0"
"pp","TAT (pp) P35556","0.419","false","pp","TAT (pp) P35556"
"pp","TAT (pp) P51784","0.412","false","pp","TAT (pp) P51784"
"pp","TAT (pp) O15355","0.442","false","pp","TAT (pp) O15355"
"pp","TAT (pp) Q9NXF7","0.419","false","pp","TAT (pp) Q9NXF7"
"pp","TAT (pp) Q96JP5","0.46","false","pp","TAT (pp) Q96JP5"
"pp","TAT (pp) P51825","0.454","false","pp","TAT (pp) P51825"
"pp","TAT (pp) Q99733","0.554","false","pp","TAT (pp) Q99733"
"pp","TAT (pp) O75607","0.545","false","pp","TAT (pp) O75607"
"pp","TAT (pp) Q4G0J3","0.727","false","pp","TAT (pp) Q4G0J3"
"pp","TAT (pp) Q96EB6","0.628","false","pp","TAT (pp) Q96EB6"
"pp","TAT (pp) Q7L2J0","0.774","false","pp","TAT (pp) Q7L2J0"
"pp","TAT (pp) Q96HN2","0.768","false","pp","TAT (pp) Q96HN2"
"pp","TAT (pp) Q9UHB7","0.857","false","pp","TAT (pp) Q9UHB7"
"pp","TAT (pp) O43865","0.834","false","pp","TAT (pp) O43865"
"pp","TAT (pp) O60563","0.888","false","pp","TAT (pp) O60563"
"pp","TAT (pp) P50750","0.88","false","pp","TAT (pp) P50750"
"pp","TAT (pp) 9629358","0.946","false","pp","TAT (pp) 9629358"
"pp","VPU (pp) Q9C0E2","0.376","false","pp","VPU (pp) Q9C0E2"
"pp","VPU (pp) Q86XR8","0.381","false","pp","VPU (pp) Q86XR8"
"pp","VPU (pp) P49792","0.376","false","pp","VPU (pp) P49792"
"pp","VPU (pp) Q9HCU5","0.383","false","pp","VPU (pp) Q9HCU5"
"pp","VPU (pp) Q16537","0.382","false","pp","VPU (pp) Q16537"
"pp","VPU (pp) Q6P1M0","0.386","false","pp","VPU (pp) Q6P1M0"
"pp","VPU (pp) Q8NCG7","0.383","false","pp","VPU (pp) Q8NCG7"
"pp","VPU (pp) Q63HN8","0.387","false","pp","VPU (pp) Q63HN8"
"pp","VPU (pp) Q6P2E9","0.386","false","pp","VPU (pp) Q6P2E9"
"pp","VPU (pp) Q9HAV4","0.388","false","pp","VPU (pp) Q9HAV4"
"pp","VPU (pp) P13598","0.387","false","pp","VPU (pp) P13598"
"pp","VPU (pp) Q15185","0.389","false","pp","VPU (pp) Q15185"
"pp","VPU (pp) P26038","0.389","false","pp","VPU (pp) P26038"
"pp","VPU (pp) O95470","0.392","false","pp","VPU (pp) O95470"
"pp","VPU (pp) Q96F15","0.391","false","pp","VPU (pp) Q96F15"
"pp","VPU (pp) P30049","0.395","false","pp","VPU (pp) P30049"
"pp","VPU (pp) Q99653","0.394","false","pp","VPU (pp) Q99653"
"pp","VPU (pp) Q8IY95","0.402","false","pp","VPU (pp) Q8IY95"
"pp","VPU (pp) P78357","0.398","false","pp","VPU (pp) P78357"
"pp","VPU (pp) Q53GQ0","0.412","false","pp","VPU (pp) Q53GQ0"
"pp","VPU (pp) Q9Y6D5","0.406","false","pp","VPU (pp) Q9Y6D5"
"pp","VPU (pp) O95573","0.44","false","pp","VPU (pp) O95573"
"pp","VPU (pp) P20020","0.426","false","pp","VPU (pp) P20020"
"pp","VPU (pp) P06576","0.579","false","pp","VPU (pp) P06576"
"pp","VPU (pp) P42695","0.472","false","pp","VPU (pp) P42695"
"pp","VPU (pp) Q9Y6D6","0.634","false","pp","VPU (pp) Q9Y6D6"
"pp","VPU (pp) Q15843","0.59","false","pp","VPU (pp) Q15843"
"pp","VPU (pp) Q969Z0","0.675","false","pp","VPU (pp) Q969Z0"
"pp","VPU (pp) P43487","0.67","false","pp","VPU (pp) P43487"
"pp","VPU (pp) P48047","0.717","false","pp","VPU (pp) P48047"
"pp","VPU (pp) O75947","0.681","false","pp","VPU (pp) O75947"
"pp","VPU (pp) Q8TC07","0.731","false","pp","VPU (pp) Q8TC07"
"pp","VPU (pp) P78527","0.721","false","pp","VPU (pp) P78527"
"pp","VPU (pp) O14980","0.765","false","pp","VPU (pp) O14980"
"pp","VPU (pp) Q96G23","0.742","false","pp","VPU (pp) Q96G23"
"pp","VPU (pp) Q5T9A4","0.783","false","pp","VPU (pp) Q5T9A4"
"pp","VPU (pp) P24539","0.782","false","pp","VPU (pp) P24539"
"pp","VPU (pp) Q9Y297","0.8","false","pp","VPU (pp) Q9Y297"
"pp","VPU (pp) P18859","0.795","false","pp","VPU (pp) P18859"
"pp","VPU (pp) Q9UBB4","0.808","false","pp","VPU (pp) Q9UBB4"
"pp","VPU (pp) 9629366","0.807","false","pp","VPU (pp) 9629366"
"pp","VPU (pp) O95197","0.824","false","pp","VPU (pp) O95197"
"pp","VPU (pp) Q9NQC3","0.814","false","pp","VPU (pp) Q9NQC3"
"pp","VPU (pp) Q9UHQ9","0.84","false","pp","VPU (pp) Q9UHQ9"
"pp","VPU (pp) P55084","0.832","false","pp","VPU (pp) P55084"
"pp","VPU (pp) P63208","0.847","false","pp","VPU (pp) P63208"
"pp","VPU (pp) Q86T03","0.841","false","pp","VPU (pp) Q86T03"
"pp","VPU (pp) Q9NVI7","0.857","false","pp","VPU (pp) Q9NVI7"
"pp","VPU (pp) Q13616","0.856","false","pp","VPU (pp) Q13616"
"pp","VPU (pp) P40939","0.877","false","pp","VPU (pp) P40939"
"pp","VPU (pp) Q96P70","0.858","false","pp","VPU (pp) Q96P70"
"pp","VPU (pp) Q9UKB1","0.899","false","pp","VPU (pp) Q9UKB1"
"pp","VPU (pp) O14828","0.891","false","pp","VPU (pp) O14828"
"pp","VPU (pp) P42704","0.945","false","pp","VPU (pp) P42704"
"pp","VPU (pp) Q9GZT3","0.923","false","pp","VPU (pp) Q9GZT3"
"pp","VPR (pp) Q92905","0.376","false","pp","VPR (pp) Q92905"
"pp","VPR (pp) Q9NX00","0.376","false","pp","VPR (pp) Q9NX00"
"pp","VPR (pp) O75386","0.381","false","pp","VPR (pp) O75386"
"pp","VPR (pp) Q9NRK6","0.377","false","pp","VPR (pp) Q9NRK6"
"pp","VPR (pp) P13051","0.383","false","pp","VPR (pp) P13051"
"pp","VPR (pp) Q9H840","0.381","false","pp","VPR (pp) Q9H840"
"pp","VPR (pp) P57678","0.384","false","pp","VPR (pp) P57678"
"pp","VPR (pp) Q96PU5","0.384","false","pp","VPR (pp) Q96PU5"
"pp","VPR (pp) P61289","0.388","false","pp","VPR (pp) P61289"
"pp","VPR (pp) P17152","0.384","false","pp","VPR (pp) P17152"
"pp","VPR (pp) Q9UHI6","0.389","false","pp","VPR (pp) Q9UHI6"
"pp","VPR (pp) Q96A33","0.389","false","pp","VPR (pp) Q96A33"
"pp","VPR (pp) Q6ZPD9","0.396","false","pp","VPR (pp) Q6ZPD9"
"pp","VPR (pp) P28288","0.391","false","pp","VPR (pp) P28288"
"pp","VPR (pp) Q13619","0.402","false","pp","VPR (pp) Q13619"
"pp","VPR (pp) Q5T8D3","0.401","false","pp","VPR (pp) Q5T8D3"
"pp","VPR (pp) Q99627","0.405","false","pp","VPR (pp) Q99627"
"pp","VPR (pp) Q13098","0.405","false","pp","VPR (pp) Q13098"
"pp","VPR (pp) P61201","0.411","false","pp","VPR (pp) P61201"
"pp","VPR (pp) Q9Y6C9","0.408","false","pp","VPR (pp) Q9Y6C9"
"pp","VPR (pp) O14893","0.412","false","pp","VPR (pp) O14893"
"pp","VPR (pp) Q8TEB1","0.411","false","pp","VPR (pp) Q8TEB1"
"pp","VPR (pp) Q7L5N1","0.419","false","pp","VPR (pp) Q7L5N1"
"pp","VPR (pp) Q9UNS2","0.414","false","pp","VPR (pp) Q9UNS2"
"pp","VPR (pp) Q5TAQ9","0.421","false","pp","VPR (pp) Q5TAQ9"
"pp","VPR (pp) Q9BT78","0.421","false","pp","VPR (pp) Q9BT78"
"pp","VPR (pp) Q8WXD5","0.422","false","pp","VPR (pp) Q8WXD5"
"pp","VPR (pp) O00116","0.421","false","pp","VPR (pp) O00116"
"pp","VPR (pp) Q16637","0.423","false","pp","VPR (pp) Q16637"
"pp","VPR (pp) Q2PZI1","0.422","false","pp","VPR (pp) Q2PZI1"
"pp","VPR (pp) Q8IZ07","0.429","false","pp","VPR (pp) Q8IZ07"
"pp","VPR (pp) O00217","0.428","false","pp","VPR (pp) O00217"
"pp","VPR (pp) P43243","0.467","false","pp","VPR (pp) P43243"
"pp","VPR (pp) Q13724","0.442","false","pp","VPR (pp) Q13724"
"pp","VPR (pp) O14929","0.753","false","pp","VPR (pp) O14929"
"pp","VPR (pp) P21964","0.51","false","pp","VPR (pp) P21964"
"pp","VPR (pp) O75179","0.811","false","pp","VPR (pp) O75179"
"pp","VPR (pp) Q5SW79","0.782","false","pp","VPR (pp) Q5SW79"
"pp","VPR (pp) Q13409","0.815","false","pp","VPR (pp) Q13409"
"pp","VPR (pp) Q9Y6G9","0.813","false","pp","VPR (pp) Q9Y6G9"
"pp","VPR (pp) Q16531","0.82","false","pp","VPR (pp) Q16531"
"pp","VPR (pp) Q9H4A6","0.817","false","pp","VPR (pp) Q9H4A6"
"pp","VPR (pp) Q16576","0.842","false","pp","VPR (pp) Q16576"
"pp","VPR (pp) Q8IWZ3","0.825","false","pp","VPR (pp) Q8IWZ3"
"pp","VPR (pp) Q9BW61","0.863","false","pp","VPR (pp) Q9BW61"
"pp","VPR (pp) Q14204","0.858","false","pp","VPR (pp) Q14204"
"pp","VPR (pp) Q9Y4B6","0.921","false","pp","VPR (pp) Q9Y4B6"
"pp","VPR (pp) 28872817","0.878","false","pp","VPR (pp) 28872817"
"pp","GP41 (pp) Q99442","0.376","false","pp","GP41 (pp) Q99442"
"pp","GP41 (pp) O15258","0.376","false","pp","GP41 (pp) O15258"
"pp","GP41 (pp) Q92896","0.381","false","pp","GP41 (pp) Q92896"
"pp","GP41 (pp) Q96IV0","0.378","false","pp","GP41 (pp) Q96IV0"
"pp","GP41 (pp) Q96AJ9","0.384","false","pp","GP41 (pp) Q96AJ9"
"pp","GP41 (pp) O96008","0.381","false","pp","GP41 (pp) O96008"
"pp","GP41 (pp) P20674","0.387","false","pp","GP41 (pp) P20674"
"pp","GP41 (pp) Q9NRD1","0.386","false","pp","GP41 (pp) Q9NRD1"
"pp","GP41 (pp) O96000","0.388","false","pp","GP41 (pp) O96000"
"pp","GP41 (pp) Q6DD88","0.387","false","pp","GP41 (pp) Q6DD88"
"pp","GP41 (pp) Q15005","0.389","false","pp","GP41 (pp) Q15005"
"pp","GP41 (pp) Q8IYS2","0.389","false","pp","GP41 (pp) Q8IYS2"
"pp","GP41 (pp) P51572","0.394","false","pp","GP41 (pp) P51572"
"pp","GP41 (pp) Q8NBS9","0.39","false","pp","GP41 (pp) Q8NBS9"
"pp","GP41 (pp) Q13162","0.395","false","pp","GP41 (pp) Q13162"
"pp","GP41 (pp) Q9Y3P9","0.395","false","pp","GP41 (pp) Q9Y3P9"
"pp","GP41 (pp) P08134","0.403","false","pp","GP41 (pp) P08134"
"pp","GP41 (pp) Q8N4V1","0.399","false","pp","GP41 (pp) Q8N4V1"
"pp","GP41 (pp) Q8N766","0.404","false","pp","GP41 (pp) Q8N766"
"pp","GP41 (pp) O15162","0.403","false","pp","GP41 (pp) O15162"
"pp","GP41 (pp) P48426","0.405","false","pp","GP41 (pp) P48426"
"pp","GP41 (pp) Q9NVV0","0.405","false","pp","GP41 (pp) Q9NVV0"
"pp","GP41 (pp) O15260","0.41","false","pp","GP41 (pp) O15260"
"pp","GP41 (pp) Q9Y5J9","0.407","false","pp","GP41 (pp) Q9Y5J9"
"pp","GP41 (pp) Q9P0L0","0.422","false","pp","GP41 (pp) Q9P0L0"
"pp","GP41 (pp) P61009","0.416","false","pp","GP41 (pp) P61009"
"pp","GP41 (pp) Q07065","0.428","false","pp","GP41 (pp) Q07065"
"pp","GP41 (pp) P14854","0.425","false","pp","GP41 (pp) P14854"
"pp","GP41 (pp) O60220","0.431","false","pp","GP41 (pp) O60220"
"pp","GP41 (pp) Q12907","0.43","false","pp","GP41 (pp) Q12907"
"pp","GP41 (pp) P14314","0.443","false","pp","GP41 (pp) P14314"
"pp","GP41 (pp) Q96R06","0.434","false","pp","GP41 (pp) Q96R06"
"pp","GP41 (pp) Q9UJZ1","0.447","false","pp","GP41 (pp) Q9UJZ1"
"pp","GP41 (pp) Q9Y277","0.445","false","pp","GP41 (pp) Q9Y277"
"pp","GP41 (pp) O00264","0.503","false","pp","GP41 (pp) O00264"
"pp","GP41 (pp) P55072","0.478","false","pp","GP41 (pp) P55072"
"pp","GP41 (pp) P30101","0.624","false","pp","GP41 (pp) P30101"
"pp","GP41 (pp) Q9P035","0.504","false","pp","GP41 (pp) Q9P035"
"pp","GP41 (pp) O75955","0.77","false","pp","GP41 (pp) O75955"
"pp","GP41 (pp) P13073","0.702","false","pp","GP41 (pp) P13073"
"pp","GP41 (pp) O94919","0.792","false","pp","GP41 (pp) O94919"
"pp","GP41 (pp) P45880","0.774","false","pp","GP41 (pp) P45880"
"pp","GP41 (pp) P21796","0.8","false","pp","GP41 (pp) P21796"
"pp","GP41 (pp) Q99623","0.797","false","pp","GP41 (pp) Q99623"
"pp","GP41 (pp) P35232","0.839","false","pp","GP41 (pp) P35232"
"pp","GP41 (pp) Q9Y5L4","0.802","false","pp","GP41 (pp) Q9Y5L4"
"pp","GP41 (pp) P49257","0.851","false","pp","GP41 (pp) P49257"
"pp","GP41 (pp) Q9UBV2","0.842","false","pp","GP41 (pp) Q9UBV2"
"pp","GP41 (pp) Q96DZ1","0.871","false","pp","GP41 (pp) Q96DZ1"
"pp","GP41 (pp) Q9NYU2","0.851","false","pp","GP41 (pp) Q9NYU2"
"pp","GP41 (pp) 19172954","0.959","false","pp","GP41 (pp) 19172954"
"pp","GP120 (pp) Q9UI08","0.382","false","pp","GP120 (pp) Q9UI08"
"pp","GP120 (pp) O00231","0.39","false","pp","GP120 (pp) O00231"
"pp","GP120 (pp) P68431","0.386","false","pp","GP120 (pp) P68431"
"pp","GP120 (pp) O15460","0.397","false","pp","GP120 (pp) O15460"
"pp","GP120 (pp) Q13283","0.392","false","pp","GP120 (pp) Q13283"
"pp","GP120 (pp) P51665","0.401","false","pp","GP120 (pp) P51665"
"pp","GP120 (pp) Q5BKY9","0.397","false","pp","GP120 (pp) Q5BKY9"
"pp","GP120 (pp) P04439","0.407","false","pp","GP120 (pp) P04439"
"pp","GP120 (pp) Q9BS26","0.403","false","pp","GP120 (pp) Q9BS26"
"pp","GP120 (pp) P61619","0.411","false","pp","GP120 (pp) P61619"
"pp","GP120 (pp) P01130","0.41","false","pp","GP120 (pp) P01130"
"pp","GP120 (pp) Q8NFQ8","0.419","false","pp","GP120 (pp) Q8NFQ8"
"pp","GP120 (pp) Q15165","0.414","false","pp","GP120 (pp) Q15165"
"pp","GP120 (pp) Q9NYJ8","0.42","false","pp","GP120 (pp) Q9NYJ8"
"pp","GP120 (pp) Q9UN86","0.419","false","pp","GP120 (pp) Q9UN86"
"pp","GP120 (pp) Q12805","0.422","false","pp","GP120 (pp) Q12805"
"pp","GP120 (pp) Q9BUT9","0.421","false","pp","GP120 (pp) Q9BUT9"
"pp","GP120 (pp) P26196","0.423","false","pp","GP120 (pp) P26196"
"pp","GP120 (pp) O15234","0.423","false","pp","GP120 (pp) O15234"
"pp","GP120 (pp) O14656","0.423","false","pp","GP120 (pp) O14656"
"pp","GP120 (pp) P48723","0.423","false","pp","GP120 (pp) P48723"
"pp","GP120 (pp) Q14554","0.424","false","pp","GP120 (pp) Q14554"
"pp","GP120 (pp) Q9BTV4","0.423","false","pp","GP120 (pp) Q9BTV4"
"pp","GP120 (pp) Q13724","0.438","false","pp","GP120 (pp) Q13724"
"pp","GP120 (pp) Q9BV68","0.424","false","pp","GP120 (pp) Q9BV68"
"pp","GP120 (pp) Q13217","0.44","false","pp","GP120 (pp) Q13217"
"pp","GP120 (pp) P13612","0.439","false","pp","GP120 (pp) P13612"
"pp","GP120 (pp) P17066","0.447","false","pp","GP120 (pp) P17066"
"pp","GP120 (pp) O14967","0.444","false","pp","GP120 (pp) O14967"
"pp","GP120 (pp) P28072","0.452","false","pp","GP120 (pp) P28072"
"pp","GP120 (pp) Q9BZQ6","0.449","false","pp","GP120 (pp) Q9BZQ6"
"pp","GP120 (pp) Q9H0U3","0.453","false","pp","GP120 (pp) Q9H0U3"
"pp","GP120 (pp) Q96EE3","0.452","false","pp","GP120 (pp) Q96EE3"
"pp","GP120 (pp) P05107","0.46","false","pp","GP120 (pp) P05107"
"pp","GP120 (pp) P48741","0.453","false","pp","GP120 (pp) P48741"
"pp","GP120 (pp) Q92598","0.473","false","pp","GP120 (pp) Q92598"
"pp","GP120 (pp) Q8NBJ5","0.467","false","pp","GP120 (pp) Q8NBJ5"
"pp","GP120 (pp) Q13112","0.479","false","pp","GP120 (pp) Q13112"
"pp","GP120 (pp) P50454","0.477","false","pp","GP120 (pp) P50454"
"pp","GP120 (pp) Q8NBJ7","0.496","false","pp","GP120 (pp) Q8NBJ7"
"pp","GP120 (pp) Q8NBS9","0.493","false","pp","GP120 (pp) Q8NBS9"
"pp","GP120 (pp) P27797","0.645","false","pp","GP120 (pp) P27797"
"pp","GP120 (pp) Q3MHD2","0.55","false","pp","GP120 (pp) Q3MHD2"
"pp","GP120 (pp) Q14257","0.673","false","pp","GP120 (pp) Q14257"
"pp","GP120 (pp) P14314","0.647","false","pp","GP120 (pp) P14314"
"pp","GP120 (pp) Q14697","0.82","false","pp","GP120 (pp) Q14697"
"pp","GP120 (pp) P14625","0.791","false","pp","GP120 (pp) P14625"
"pp","GP120 (pp) Q9BRK5","0.859","false","pp","GP120 (pp) Q9BRK5"
"pp","GP120 (pp) O43852","0.847","false","pp","GP120 (pp) O43852"
"pp","GP120 (pp) Q9HCN8","0.912","false","pp","GP120 (pp) Q9HCN8"
"pp","GP120 (pp) Q9Y4L1","0.868","false","pp","GP120 (pp) Q9Y4L1"
"pp","GP120 (pp) Q9UBS4","0.956","false","pp","GP120 (pp) Q9UBS4"
"pp","GP120 (pp) Q99470","0.919","false","pp","GP120 (pp) Q99470"
"pp","GP120 (pp) 28876544","0.98","false","pp","GP120 (pp) 28876544"
"pp","GP160 (pp) P30685; P10319; P18465; P30464; P30484; P30491; P30492; P30493; P30495; Q29940","0.376","false","pp","GP160 (pp) P30685; P10319; P18465; P30464; P30484; P30491; P30492; P30493; P30495; Q29940"
"pp","GP160 (pp) P21796","0.378","false","pp","GP160 (pp) P21796"
"pp","GP160 (pp) P28072","0.377","false","pp","GP160 (pp) P28072"
"pp","GP160 (pp) Q9Y282","0.381","false","pp","GP160 (pp) Q9Y282"
"pp","GP160 (pp) P43629","0.38","false","pp","GP160 (pp) P43629"
"pp","GP160 (pp) Q93084","0.386","false","pp","GP160 (pp) Q93084"
"pp","GP160 (pp) Q14696","0.383","false","pp","GP160 (pp) Q14696"
"pp","GP160 (pp) Q99942","0.39","false","pp","GP160 (pp) Q99942"
"pp","GP160 (pp) O75955","0.387","false","pp","GP160 (pp) O75955"
"pp","GP160 (pp) Q8TCT9","0.39","false","pp","GP160 (pp) Q8TCT9"
"pp","GP160 (pp) Q9BUV8","0.39","false","pp","GP160 (pp) Q9BUV8"
"pp","GP160 (pp) Q15782","0.391","false","pp","GP160 (pp) Q15782"
"pp","GP160 (pp) P43630","0.39","false","pp","GP160 (pp) P43630"
"pp","GP160 (pp) Q9BXS5","0.391","false","pp","GP160 (pp) Q9BXS5"
"pp","GP160 (pp) P04578","0.391","false","pp","GP160 (pp) P04578"
"pp","GP160 (pp) Q9NWW5","0.392","false","pp","GP160 (pp) Q9NWW5"
"pp","GP160 (pp) Q96RQ1","0.391","false","pp","GP160 (pp) Q96RQ1"
"pp","GP160 (pp) P08134","0.392","false","pp","GP160 (pp) P08134"
"pp","GP160 (pp) Q92598","0.392","false","pp","GP160 (pp) Q92598"
"pp","GP160 (pp) P01130","0.392","false","pp","GP160 (pp) P01130"
"pp","GP160 (pp) Q9NVV0","0.392","false","pp","GP160 (pp) Q9NVV0"
"pp","GP160 (pp) Q15392","0.393","false","pp","GP160 (pp) Q15392"
"pp","GP160 (pp) P07339","0.392","false","pp","GP160 (pp) P07339"
"pp","GP160 (pp) P01892; P04439","0.405","false","pp","GP160 (pp) P01892; P04439"
"pp","GP160 (pp) O14967","0.396","false","pp","GP160 (pp) O14967"
"pp","GP160 (pp) P61619","0.411","false","pp","GP160 (pp) P61619"
"pp","GP160 (pp) P01733","0.406","false","pp","GP160 (pp) P01733"
"pp","GP160 (pp) P20701","0.414","false","pp","GP160 (pp) P20701"
"pp","GP160 (pp) P30508; Q29960; Q95604; P30510; P30505; Q29963","0.412","false","pp","GP160 (pp) P30508; Q29960; Q95604; P30510; P30505; Q29963"
"pp","GP160 (pp) Q96IV0","0.417","false","pp","GP160 (pp) Q96IV0"
"pp","GP160 (pp) P05107","0.415","false","pp","GP160 (pp) P05107"
"pp","GP160 (pp) Q12907","0.42","false","pp","GP160 (pp) Q12907"
"pp","GP160 (pp) Q9BYC5","0.419","false","pp","GP160 (pp) Q9BYC5"
"pp","GP160 (pp) P05067","0.425","false","pp","GP160 (pp) P05067"
"pp","GP160 (pp) P07384","0.42","false","pp","GP160 (pp) P07384"
"pp","GP160 (pp) P51571","0.43","false","pp","GP160 (pp) P51571"
"pp","GP160 (pp) P01850","0.43","false","pp","GP160 (pp) P01850"
"pp","GP160 (pp) Q9H3P7","0.431","false","pp","GP160 (pp) Q9H3P7"
"pp","GP160 (pp) P30101","0.431","false","pp","GP160 (pp) P30101"
"pp","GP160 (pp) Q13112","0.448","false","pp","GP160 (pp) Q13112"
"pp","GP160 (pp) Q14574","0.432","false","pp","GP160 (pp) Q14574"
"pp","GP160 (pp) Q6DD88","0.455","false","pp","GP160 (pp) Q6DD88"
"pp","GP160 (pp) Q96EE3","0.448","false","pp","GP160 (pp) Q96EE3"
"pp","GP160 (pp) Q15165","0.466","false","pp","GP160 (pp) Q15165"
"pp","GP160 (pp) Q13438","0.457","false","pp","GP160 (pp) Q13438"
"pp","GP160 (pp) P07237","0.545","false","pp","GP160 (pp) P07237"
"pp","GP160 (pp) O00264","0.502","false","pp","GP160 (pp) O00264"
"pp","GP160 (pp) P04843","0.587","false","pp","GP160 (pp) P04843"
"pp","GP160 (pp) P16615","0.58","false","pp","GP160 (pp) P16615"
"pp","GP160 (pp) P35232","0.668","false","pp","GP160 (pp) P35232"
"pp","GP160 (pp) P13073","0.657","false","pp","GP160 (pp) P13073"
"pp","GP160 (pp) P45880","0.733","false","pp","GP160 (pp) P45880"
"pp","GP160 (pp) P25786","0.73","false","pp","GP160 (pp) P25786"
"pp","GP160 (pp) Q9Y287","0.802","false","pp","GP160 (pp) Q9Y287"
"pp","GP160 (pp) P27824","0.764","false","pp","GP160 (pp) P27824"
"pp","GP160 (pp) O94901","0.816","false","pp","GP160 (pp) O94901"
"pp","GP160 (pp) Q9NYU2","0.815","false","pp","GP160 (pp) Q9NYU2"
"pp","GP160 (pp) P27797","0.867","false","pp","GP160 (pp) P27797"
"pp","GP160 (pp) Q07065","0.865","false","pp","GP160 (pp) Q07065"
"pp","GP160 (pp) P14314","0.882","false","pp","GP160 (pp) P14314"
"pp","GP160 (pp) Q99470","0.88","false","pp","GP160 (pp) Q99470"
"pp","GP160 (pp) Q9HCN8","0.9","false","pp","GP160 (pp) Q9HCN8"
"pp","GP160 (pp) Q9UBV2","0.887","false","pp","GP160 (pp) Q9UBV2"
"pp","GP160 (pp) Q96DZ1","0.913","false","pp","GP160 (pp) Q96DZ1"
"pp","GP160 (pp) P49257","0.905","false","pp","GP160 (pp) P49257"
"pp","GP160 (pp) Q14697","0.959","false","pp","GP160 (pp) Q14697"
"pp","GP160 (pp) Q9UBS4","0.949","false","pp","GP160 (pp) Q9UBS4"
"pp","GP160 (pp) 28876544","0.971","false","pp","GP160 (pp) 28876544"
"pp","GP160 (pp) 19172954","0.962","false","pp","GP160 (pp) 19172954"
"pp","NEF (pp) P31040","0.382","false","pp","NEF (pp) P31040"
"pp","NEF (pp) Q9NZJ7","0.376","false","pp","NEF (pp) Q9NZJ7"
"pp","NEF (pp) Q96A65","0.385","false","pp","NEF (pp) Q96A65"
"pp","NEF (pp) P42771","0.384","false","pp","NEF (pp) P42771"
"pp","NEF (pp) P13995","0.51","false","pp","NEF (pp) P13995"
"pp","NEF (pp) Q969X5","0.389","false","pp","NEF (pp) Q969X5"
"pp","NEF (pp) O14734","0.894","false","pp","NEF (pp) O14734"
"pp","NEF (pp) P30419","0.883","false","pp","NEF (pp) P30419"
"pp","NEF (pp) 28872818.1","0.982","false","pp","NEF (pp) 28872818.1"
"pp","NEF (pp) 28872818","0.978","false","pp","NEF (pp) 28872818"
"pp","NC (pp) P55769","0.387","false","pp","NC (pp) P55769"
"pp","NC (pp) Q9Y3B7","0.386","false","pp","NC (pp) Q9Y3B7"
"pp","NC (pp) Q7Z739","0.391","false","pp","NC (pp) Q7Z739"
"pp","NC (pp) Q9UGY1","0.39","false","pp","NC (pp) Q9UGY1"
"pp","NC (pp) O14974","0.393","false","pp","NC (pp) O14974"
"pp","NC (pp) Q9UI47","0.391","false","pp","NC (pp) Q9UI47"
"pp","NC (pp) O75534","0.406","false","pp","NC (pp) O75534"
"pp","NC (pp) Q9Y3F4","0.394","false","pp","NC (pp) Q9Y3F4"
"pp","NC (pp) Q9NXG2","0.411","false","pp","NC (pp) Q9NXG2"
"pp","NC (pp) Q8N1G4","0.407","false","pp","NC (pp) Q8N1G4"
"pp","NC (pp) Q99873","0.47","false","pp","NC (pp) Q99873"
"pp","NC (pp) P13489","0.435","false","pp","NC (pp) P13489"
"pp","P6 (pp) 19172951","0.926","false","pp","P6 (pp) 19172951"
"pp","MA (pp) Q86SQ7","0.391","false","pp","MA (pp) Q86SQ7"
"pp","MA (pp) O00560","0.416","false","pp","MA (pp) O00560"
"pp","MA (pp) Q14978","0.404","false","pp","MA (pp) Q14978"
"pp","MA (pp) Q96I59","0.749","false","pp","MA (pp) Q96I59"
"pp","MA (pp) Q13155","0.711","false","pp","MA (pp) Q13155"
"pp","MA (pp) P26639","0.793","false","pp","MA (pp) P26639"
"pp","MA (pp) P41252","0.788","false","pp","MA (pp) P41252"
"pp","MA (pp) Q9P2J5","0.804","false","pp","MA (pp) Q9P2J5"
"pp","MA (pp) P47897","0.802","false","pp","MA (pp) P47897"
"pp","MA (pp) P56192","0.815","false","pp","MA (pp) P56192"
"pp","MA (pp) Q15046","0.807","false","pp","MA (pp) Q15046"
"pp","MA (pp) Q12904","0.829","false","pp","MA (pp) Q12904"
"pp","MA (pp) P49590","0.815","false","pp","MA (pp) P49590"
"pp","MA (pp) P14868","0.832","false","pp","MA (pp) P14868"
"pp","MA (pp) P54136","0.829","false","pp","MA (pp) P54136"
"pp","MA (pp) Q9HD40","0.846","false","pp","MA (pp) Q9HD40"
"pp","MA (pp) O43324","0.836","false","pp","MA (pp) O43324"
"pp","MA (pp) P07814","0.874","false","pp","MA (pp) P07814"
"pp","MA (pp) Q9NTK5","0.865","false","pp","MA (pp) Q9NTK5"
"pp","MA (pp) 28876542","0.916","false","pp","MA (pp) 28876542"
"pp","CA (pp) 19172948","0.917","false","pp","CA (pp) 19172948"
"pp","GAG (pp) Q96I25","0.382","false","pp","GAG (pp) Q96I25"
"pp","GAG (pp) Q9NTK5","0.389","false","pp","GAG (pp) Q9NTK5"
"pp","GAG (pp) P19525","0.383","false","pp","GAG (pp) P19525"
"pp","GAG (pp) Q9Y6V7","0.412","false","pp","GAG (pp) Q9Y6V7"
"pp","GAG (pp) Q99873","0.397","false","pp","GAG (pp) Q99873"
"pp","GAG (pp) Q9HD40","0.507","false","pp","GAG (pp) Q9HD40"
"pp","GAG (pp) Q9Y6Y0","0.506","false","pp","GAG (pp) Q9Y6Y0"
"pp","GAG (pp) Q9Y2W1","0.563","false","pp","GAG (pp) Q9Y2W1"
"pp","GAG (pp) 19172951","0.517","false","pp","GAG (pp) 19172951"
"pp","GAG (pp) 28876542","0.816","false","pp","GAG (pp) 28876542"
"pp","GAG (pp) 19172948","0.729","false","pp","GAG (pp) 19172948"
"pp","IN (pp) P61981","0.376","false","pp","IN (pp) P61981"
"pp","IN (pp) P15924","0.375","false","pp","IN (pp) P15924"
"pp","IN (pp) O00469","0.377","false","pp","IN (pp) O00469"
"pp","IN (pp) P63104","0.377","false","pp","IN (pp) P63104"
"pp","IN (pp) Q8NEW0","0.379","false","pp","IN (pp) Q8NEW0"
"pp","IN (pp) Q8TEX9","0.378","false","pp","IN (pp) Q8TEX9"
"pp","IN (pp) P31946","0.381","false","pp","IN (pp) P31946"
"pp","IN (pp) Q14566","0.38","false","pp","IN (pp) Q14566"
"pp","IN (pp) P62258","0.382","false","pp","IN (pp) P62258"
"pp","IN (pp) O76071","0.382","false","pp","IN (pp) O76071"
"pp","IN (pp) P13667","0.383","false","pp","IN (pp) P13667"
"pp","IN (pp) O60518","0.382","false","pp","IN (pp) O60518"
"pp","IN (pp) Q9H583","0.385","false","pp","IN (pp) Q9H583"
"pp","IN (pp) Q9P2R7","0.384","false","pp","IN (pp) Q9P2R7"
"pp","IN (pp) O75475","0.398","false","pp","IN (pp) O75475"
"pp","IN (pp) Q9Y263","0.387","false","pp","IN (pp) Q9Y263"
"pp","IN (pp) Q2T9J0","0.405","false","pp","IN (pp) Q2T9J0"
"pp","IN (pp) Q9GZS3","0.4","false","pp","IN (pp) Q9GZS3"
"pp","IN (pp) P22314","0.409","false","pp","IN (pp) P22314"
"pp","IN (pp) Q7Z4H3","0.408","false","pp","IN (pp) Q7Z4H3"
"pp","IN (pp) Q9Y3D0","0.412","false","pp","IN (pp) Q9Y3D0"
"pp","IN (pp) O75155","0.411","false","pp","IN (pp) O75155"
"pp","IN (pp) Q9H3U1","0.426","false","pp","IN (pp) Q9H3U1"
"pp","IN (pp) Q02809","0.413","false","pp","IN (pp) Q02809"
"pp","IN (pp) 25121908","0.851","false","pp","IN (pp) 25121908"
"pp","IN (pp) P12532","0.436","false","pp","IN (pp) P12532"
"pp","VIF (pp) Q16659","0.386","false","pp","VIF (pp) Q16659"
"pp","VIF (pp) P11441","0.383","false","pp","VIF (pp) P11441"
"pp","VIF (pp) Q13227","0.389","false","pp","VIF (pp) Q13227"
"pp","VIF (pp) P25686","0.387","false","pp","VIF (pp) P25686"
"pp","VIF (pp) Q9ULX6","0.394","false","pp","VIF (pp) Q9ULX6"
"pp","VIF (pp) P46379","0.391","false","pp","VIF (pp) P46379"
"pp","VIF (pp) Q9BZK7","0.397","false","pp","VIF (pp) Q9BZK7"
"pp","VIF (pp) Q8TEB1","0.396","false","pp","VIF (pp) Q8TEB1"
"pp","VIF (pp) O15379","0.408","false","pp","VIF (pp) O15379"
"pp","VIF (pp) Q9Y5V3","0.404","false","pp","VIF (pp) Q9Y5V3"
"pp","VIF (pp) P61289","0.421","false","pp","VIF (pp) P61289"
"pp","VIF (pp) O75376","0.411","false","pp","VIF (pp) O75376"
"pp","VIF (pp) Q8IWV8","0.456","false","pp","VIF (pp) Q8IWV8"
"pp","VIF (pp) Q9UNE7","0.438","false","pp","VIF (pp) Q9UNE7"
"pp","VIF (pp) Q13501","0.64","false","pp","VIF (pp) Q13501"
"pp","VIF (pp) Q7Z6Z7","0.629","false","pp","VIF (pp) Q7Z6Z7"
"pp","VIF (pp) Q13617","0.836","false","pp","VIF (pp) Q13617"
"pp","VIF (pp) Q99615","0.694","false","pp","VIF (pp) Q99615"
"pp","VIF (pp) Q9C0C7","0.874","false","pp","VIF (pp) Q9C0C7"
"pp","VIF (pp) Q93034","0.872","false","pp","VIF (pp) Q93034"
"pp","VIF (pp) Q15370","0.944","false","pp","VIF (pp) Q15370"
"pp","VIF (pp) Q9UBF6","0.905","false","pp","VIF (pp) Q9UBF6"
"pp","VIF (pp) Q15369","0.964","false","pp","VIF (pp) Q15369"
"pp","VIF (pp) Q13951","0.945","false","pp","VIF (pp) Q13951"
"pp","PR (pp) O94916","0.38","false","pp","PR (pp) O94916"
"pp","PR (pp) Q32P44","0.376","false","pp","PR (pp) Q32P44"
"pp","PR (pp) Q02790","0.383","false","pp","PR (pp) Q02790"
"pp","PR (pp) O14976","0.38","false","pp","PR (pp) O14976"
"pp","PR (pp) P23526","0.385","false","pp","PR (pp) P23526"
"pp","PR (pp) Q8TD16","0.385","false","pp","PR (pp) Q8TD16"
"pp","PR (pp) Q07820","0.39","false","pp","PR (pp) Q07820"
"pp","PR (pp) Q8NFF5","0.39","false","pp","PR (pp) Q8NFF5"
"pp","PR (pp) Q99996","0.393","false","pp","PR (pp) Q99996"
"pp","PR (pp) Q99704","0.391","false","pp","PR (pp) Q99704"
"pp","PR (pp) P43246","0.397","false","pp","PR (pp) P43246"
"pp","PR (pp) Q9UKK3","0.393","false","pp","PR (pp) Q9UKK3"
"pp","PR (pp) Q8TB72","0.399","false","pp","PR (pp) Q8TB72"
"pp","PR (pp) Q9H1A4","0.398","false","pp","PR (pp) Q9H1A4"
"pp","PR (pp) Q86X55","0.4","false","pp","PR (pp) Q86X55"
"pp","PR (pp) Q86US8","0.4","false","pp","PR (pp) Q86US8"
"pp","PR (pp) P33991","0.401","false","pp","PR (pp) P33991"
"pp","PR (pp) P49591","0.4","false","pp","PR (pp) P49591"
"pp","PR (pp) Q8TCU4","0.407","false","pp","PR (pp) Q8TCU4"
"pp","PR (pp) Q9BZF3","0.406","false","pp","PR (pp) Q9BZF3"
"pp","PR (pp) P61758","0.418","false","pp","PR (pp) P61758"
"pp","PR (pp) Q12948","0.416","false","pp","PR (pp) Q12948"
"pp","PR (pp) P58107","0.429","false","pp","PR (pp) P58107"
"pp","PR (pp) Q9UHF7","0.426","false","pp","PR (pp) Q9UHF7"
"pp","PR (pp) Q9NZN5","0.444","false","pp","PR (pp) Q9NZN5"
"pp","PR (pp) Q9BU89","0.441","false","pp","PR (pp) Q9BU89"
"pp","PR (pp) Q7L2H7","0.62","false","pp","PR (pp) Q7L2H7"
"pp","PR (pp) Q9HBG6","0.452","false","pp","PR (pp) Q9HBG6"
"pp","PR (pp) Q9NR33","0.702","false","pp","PR (pp) Q9NR33"
"pp","PR (pp) O00303","0.677","false","pp","PR (pp) O00303"
"pp","PR (pp) P55884","0.713","false","pp","PR (pp) P55884"
"pp","PR (pp) Q9UMS0","0.708","false","pp","PR (pp) Q9UMS0"
"pp","PR (pp) O60610","0.746","false","pp","PR (pp) O60610"
"pp","PR (pp) Q8NFG4","0.738","false","pp","PR (pp) Q8NFG4"
"pp","PR (pp) Q8TF40","0.756","false","pp","PR (pp) Q8TF40"
"pp","PR (pp) P32121","0.753","false","pp","PR (pp) P32121"
"pp","PR (pp) Q9Y262","0.771","false","pp","PR (pp) Q9Y262"
"pp","PR (pp) O15372","0.769","false","pp","PR (pp) O15372"
"pp","PR (pp) O95714","0.777","false","pp","PR (pp) O95714"
"pp","PR (pp) Q8N163","0.777","false","pp","PR (pp) Q8N163"
"pp","PR (pp) Q9BTY7","0.781","false","pp","PR (pp) Q9BTY7"
"pp","PR (pp) Q12874","0.781","false","pp","PR (pp) Q12874"
"pp","PR (pp) Q14152","0.785","false","pp","PR (pp) Q14152"
"pp","PR (pp) Q99613","0.782","false","pp","PR (pp) Q99613"
"pp","PR (pp) P60228","0.808","false","pp","PR (pp) P60228"
"pp","PR (pp) O15371","0.801","false","pp","PR (pp) O15371"
"pp","PR (pp) Q9NRF9","0.826","false","pp","PR (pp) Q9NRF9"
"pp","PR (pp) Q07864","0.816","false","pp","PR (pp) Q07864"
"pp","PR (pp) Q92805","0.849","false","pp","PR (pp) Q92805"
"pp","PR (pp) Q9UBQ5","0.833","false","pp","PR (pp) Q9UBQ5"
"pp","PR (pp) O60232","0.863","false","pp","PR (pp) O60232"
"pp","PR (pp) 25121906","0.86","false","pp","PR (pp) 25121906"
"pp","PR (pp) Q9H4L5","0.885","false","pp","PR (pp) Q9H4L5"
"pp","PR (pp) Q9UGP4","0.871","false","pp","PR (pp) Q9UGP4"
"pp","RT (pp) O14745","0.388","false","pp","RT (pp) O14745"
"pp","RT (pp) Q69YN4","0.385","false","pp","RT (pp) Q69YN4"
"pp","RT (pp) 25121907","0.911","false","pp","RT (pp) 25121907"
"pp","RT (pp) P62993","0.818","false","pp","RT (pp) P62993"
"pp","POL (pp) P50213","0.387","false","pp","POL (pp) P50213"
"pp","POL (pp) P32121","0.381","false","pp","POL (pp) P32121"
"pp","POL (pp) Q9UJX6","0.4","false","pp","POL (pp) Q9UJX6"
"pp","POL (pp) Q9Y266","0.394","false","pp","POL (pp) Q9Y266"
"pp","POL (pp) P62714","0.402","false","pp","POL (pp) P62714"
"pp","POL (pp) Q14566","0.402","false","pp","POL (pp) Q14566"
"pp","POL (pp) P33991","0.409","false","pp","POL (pp) P33991"
"pp","POL (pp) P62993","0.409","false","pp","POL (pp) P62993"
"pp","POL (pp) P31350","0.412","false","pp","POL (pp) P31350"
"pp","POL (pp) O75475","0.412","false","pp","POL (pp) O75475"
"pp","POL (pp) O75821","0.415","false","pp","POL (pp) O75821"
"pp","POL (pp) P07858","0.413","false","pp","POL (pp) P07858"
"pp","POL (pp) Q08380","0.421","false","pp","POL (pp) Q08380"
"pp","POL (pp) Q9UGP4","0.418","false","pp","POL (pp) Q9UGP4"
"pp","POL (pp) P22830","0.424","false","pp","POL (pp) P22830"
"pp","POL (pp) P46063","0.423","false","pp","POL (pp) P46063"
"pp","POL (pp) Q2T9J0","0.461","false","pp","POL (pp) Q2T9J0"
"pp","POL (pp) Q13347","0.452","false","pp","POL (pp) Q13347"
"pp","POL (pp) Q15293","0.538","false","pp","POL (pp) Q15293"
"pp","POL (pp) Q8N163","0.513","false","pp","POL (pp) Q8N163"
"pp","POL (pp) P33993","0.581","false","pp","POL (pp) P33993"
"pp","POL (pp) Q9BRX2","0.574","false","pp","POL (pp) Q9BRX2"
"pp","POL (pp) Q9P2R7","0.742","false","pp","POL (pp) Q9P2R7"
"pp","POL (pp) Q15084","0.614","false","pp","POL (pp) Q15084"
"pp","POL (pp) P13667","0.762","false","pp","POL (pp) P13667"
"pp","POL (pp) Q9UMS0","0.754","false","pp","POL (pp) Q9UMS0"
"pp","POL (pp) P55884","0.779","false","pp","POL (pp) P55884"
"pp","POL (pp) Q9Y265","0.765","false","pp","POL (pp) Q9Y265"
"pp","POL (pp) O15372","0.834","false","pp","POL (pp) O15372"
"pp","POL (pp) P60228","0.819","false","pp","POL (pp) P60228"
"pp","POL (pp) Q5T4S7","0.836","false","pp","POL (pp) Q5T4S7"
"pp","POL (pp) Q9H4L5","0.835","false","pp","POL (pp) Q9H4L5"
"pp","POL (pp) 25121908","0.855","false","pp","POL (pp) 25121908"
"pp","POL (pp) Q9UBQ5","0.836","false","pp","POL (pp) Q9UBQ5"
"pp","POL (pp) Q14152","0.864","false","pp","POL (pp) Q14152"
"pp","POL (pp) Q9Y262","0.857","false","pp","POL (pp) Q9Y262"
"pp","POL (pp) O15371","0.875","false","pp","POL (pp) O15371"
"pp","POL (pp) Q99613","0.869","false","pp","POL (pp) Q99613"
"pp","POL (pp) O00303","0.882","false","pp","POL (pp) O00303"
"pp","POL (pp) 25121906","0.879","false","pp","POL (pp) 25121906"
"pp","POL (pp) 25121907","0.96","false","pp","POL (pp) 25121907"
"EBI-1064560","O60220 (EBI-1064560) Q9Y5L4",,"false","EBI-1064560","O60220 (EBI-1064560) Q9Y5L4"
"EBI-760303","Q8WXD5 (EBI-760303) Q9H840",,"false","EBI-760303","Q8WXD5 (EBI-760303) Q9H840"
"EBI-867043","Q9NRF9 (EBI-867043) Q9NR33",,"false","EBI-867043","Q9NRF9 (EBI-867043) Q9NR33"
"EBI-6174316","P04578 (EBI-6174316) P01892",,"false","EBI-6174316","P04578 (EBI-6174316) P01892"
"EBI-6176529","P04578 (EBI-6176529) Q9NYU2",,"false","EBI-6176529","P04578 (EBI-6176529) Q9NYU2"
"EBI-6177436","P04578 (EBI-6177436) P08134",,"false","EBI-6177436","P04578 (EBI-6177436) P08134"
"EBI-6176529","P04578 (EBI-6176529) Q96EE3",,"false","EBI-6176529","P04578 (EBI-6176529) Q96EE3"
"EBI-6176529","P04578 (EBI-6176529) Q9BXS5",,"false","EBI-6176529","P04578 (EBI-6176529) Q9BXS5"
"EBI-6174316","P04578 (EBI-6174316) P13073",,"false","EBI-6174316","P04578 (EBI-6174316) P13073"
"EBI-6176529","P04578 (EBI-6176529) P49257",,"false","EBI-6176529","P04578 (EBI-6176529) P49257"
"EBI-6176529","P04578 (EBI-6176529) P07384",,"false","EBI-6176529","P04578 (EBI-6176529) P07384"
"EBI-6176529","P04578 (EBI-6176529) Q13112",,"false","EBI-6176529","P04578 (EBI-6176529) Q13112"
"EBI-6176529","P04578 (EBI-6176529) P07339",,"false","EBI-6176529","P04578 (EBI-6176529) P07339"
"EBI-6175491","P04578 (EBI-6175491) P28072",,"false","EBI-6175491","P04578 (EBI-6175491) P28072"
"EBI-6174316","P04578 (EBI-6174316) P14314",,"false","EBI-6174316","P04578 (EBI-6174316) P14314"
"EBI-6175491","P04578 (EBI-6175491) P45880",,"false","EBI-6175491","P04578 (EBI-6175491) P45880"
"EBI-6176529","P04578 (EBI-6176529) P01130",,"false","EBI-6176529","P04578 (EBI-6176529) P01130"
"EBI-6177436","P04578 (EBI-6177436) Q92598",,"false","EBI-6177436","P04578 (EBI-6177436) Q92598"
"EBI-6177436","P04578 (EBI-6177436) Q07065",,"false","EBI-6177436","P04578 (EBI-6177436) Q07065"
"EBI-6174316","P04578 (EBI-6174316) O75955",,"false","EBI-6174316","P04578 (EBI-6174316) O75955"
"EBI-6177436","P04578 (EBI-6177436) P16615",,"false","EBI-6177436","P04578 (EBI-6177436) P16615"
"EBI-6176529","P04578 (EBI-6176529) Q13438",,"false","EBI-6176529","P04578 (EBI-6176529) Q13438"
"EBI-6176529","P04578 (EBI-6176529) P61619",,"false","EBI-6176529","P04578 (EBI-6176529) P61619"
"EBI-6177436","P04578 (EBI-6177436) P51571",,"false","EBI-6177436","P04578 (EBI-6177436) P51571"
"EBI-6177436","P04578 (EBI-6177436) Q99942",,"false","EBI-6177436","P04578 (EBI-6177436) Q99942"
"EBI-6177436","P04578 (EBI-6177436) Q9H3P7",,"false","EBI-6177436","P04578 (EBI-6177436) Q9H3P7"
"EBI-6177436","P04578 (EBI-6177436) P04843",,"false","EBI-6177436","P04578 (EBI-6177436) P04843"
"EBI-6176529","P04578 (EBI-6176529) Q9UBS4",,"false","EBI-6176529","P04578 (EBI-6176529) Q9UBS4"
"EBI-6177436","P04578 (EBI-6177436) O00264",,"false","EBI-6177436","P04578 (EBI-6177436) O00264"
"EBI-6174316","P04578 (EBI-6174316) Q14697",,"false","EBI-6174316","P04578 (EBI-6174316) Q14697"
"EBI-6177436","P04578 (EBI-6177436) P05107",,"false","EBI-6177436","P04578 (EBI-6177436) P05107"
"EBI-6176529","P04578 (EBI-6176529) P27797",,"false","EBI-6176529","P04578 (EBI-6176529) P27797"
"EBI-6177436","P04578 (EBI-6177436) Q9BUV8",,"false","EBI-6177436","P04578 (EBI-6177436) Q9BUV8"
"EBI-6174316","P04578 (EBI-6174316) P21796",,"false","EBI-6174316","P04578 (EBI-6174316) P21796"
"EBI-6174316","P04578 (EBI-6174316) P07237",,"false","EBI-6174316","P04578 (EBI-6174316) P07237"
"EBI-6177436","P04578 (EBI-6177436) P30101",,"false","EBI-6177436","P04578 (EBI-6177436) P30101"
"EBI-6177436","P04578 (EBI-6177436) P35232",,"false","EBI-6177436","P04578 (EBI-6177436) P35232"
"EBI-6174316","P04578 (EBI-6174316) P27824",,"false","EBI-6174316","P04578 (EBI-6174316) P27824"
"EBI-6174316","P04578 (EBI-6174316) P25786",,"false","EBI-6174316","P04578 (EBI-6174316) P25786"
"EBI-6174316","P04578 (EBI-6174316) P05067",,"false","EBI-6174316","P04578 (EBI-6174316) P05067"
"EBI-6176529","P04578 (EBI-6176529) P43630",,"false","EBI-6176529","P04578 (EBI-6176529) P43630"
"EBI-6174316","P04578 (EBI-6174316) Q14574",,"false","EBI-6174316","P04578 (EBI-6174316) Q14574"
"EBI-6177436","P04578 (EBI-6177436) Q15782",,"false","EBI-6177436","P04578 (EBI-6177436) Q15782"
"EBI-6177436","P04578 (EBI-6177436) P43629",,"false","EBI-6177436","P04578 (EBI-6177436) P43629"
"EBI-6177436","P04578 (EBI-6177436) Q96RQ1",,"false","EBI-6177436","P04578 (EBI-6177436) Q96RQ1"
"EBI-6175491","P04578 (EBI-6175491) Q9BYC5",,"false","EBI-6175491","P04578 (EBI-6175491) Q9BYC5"
"EBI-6174316","P04578 (EBI-6174316) P30685",,"false","EBI-6174316","P04578 (EBI-6174316) P30685"
"EBI-6176529","P04578 (EBI-6176529) P01850",,"false","EBI-6176529","P04578 (EBI-6176529) P01850"
"EBI-6176529","P04578 (EBI-6176529) P01733",,"false","EBI-6176529","P04578 (EBI-6176529) P01733"
"EBI-6176529","P04578 (EBI-6176529) Q9NWW5",,"false","EBI-6176529","P04578 (EBI-6176529) Q9NWW5"
"EBI-6177436","P04578 (EBI-6177436) Q9NVV0",,"false","EBI-6177436","P04578 (EBI-6177436) Q9NVV0"
"EBI-6176529","P04578 (EBI-6176529) Q15392",,"false","EBI-6176529","P04578 (EBI-6176529) Q15392"
"EBI-6176529","P04578 (EBI-6176529) Q96IV0",,"false","EBI-6176529","P04578 (EBI-6176529) Q96IV0"
"EBI-6176529","P04578 (EBI-6176529) Q6DD88",,"false","EBI-6176529","P04578 (EBI-6176529) Q6DD88"
"EBI-6175491","P04578 (EBI-6175491) Q15165",,"false","EBI-6175491","P04578 (EBI-6175491) Q15165"
"EBI-6174316","P04578 (EBI-6174316) P04439",,"false","EBI-6174316","P04578 (EBI-6174316) P04439"
"EBI-6174316","P04578 (EBI-6174316) P30508",,"false","EBI-6174316","P04578 (EBI-6174316) P30508"
"EBI-6177436","P04578 (EBI-6177436) Q9Y282",,"false","EBI-6177436","P04578 (EBI-6177436) Q9Y282"
"EBI-6176529","P04578 (EBI-6176529) O14967",,"false","EBI-6176529","P04578 (EBI-6176529) O14967"
"EBI-6177436","P04578 (EBI-6177436) Q99470",,"false","EBI-6177436","P04578 (EBI-6177436) Q99470"
"EBI-6177436","P04578 (EBI-6177436) Q14696",,"false","EBI-6177436","P04578 (EBI-6177436) Q14696"
"EBI-6177436","P04578 (EBI-6177436) Q9Y287",,"false","EBI-6177436","P04578 (EBI-6177436) Q9Y287"
"EBI-6177436","P04578 (EBI-6177436) Q96DZ1",,"false","EBI-6177436","P04578 (EBI-6177436) Q96DZ1"
"EBI-6177436","P04578 (EBI-6177436) Q12907",,"false","EBI-6177436","P04578 (EBI-6177436) Q12907"
"EBI-6177436","P04578 (EBI-6177436) Q93084",,"false","EBI-6177436","P04578 (EBI-6177436) Q93084"
"EBI-6174316","P04578 (EBI-6174316) Q9HCN8",,"false","EBI-6174316","P04578 (EBI-6174316) Q9HCN8"
"EBI-6177436","P04578 (EBI-6177436) Q8TCT9",,"false","EBI-6177436","P04578 (EBI-6177436) Q8TCT9"
"EBI-6174316","P04578 (EBI-6174316) O94901",,"false","EBI-6174316","P04578 (EBI-6174316) O94901"
"EBI-6175491","P04578 (EBI-6175491) Q9UBV2",,"false","EBI-6175491","P04578 (EBI-6175491) Q9UBV2"
"EBI-6177436","P04578 (EBI-6177436) P20701",,"false","EBI-6177436","P04578 (EBI-6177436) P20701"
"EBI-524382","Q8NFQ8 (EBI-524382) O14656",,"false","EBI-524382","Q8NFQ8 (EBI-524382) O14656"
"EBI-6116026","P19525 (EBI-6116026) Q6P2E9",,"false","EBI-6116026","P19525 (EBI-6116026) Q6P2E9"
"EBI-1064916","Q9Y5J9 (EBI-1064916) Q9Y5L4",,"false","EBI-1064916","Q9Y5J9 (EBI-1064916) Q9Y5L4"
"EBI-781580","Q969X5 (EBI-781580) Q9Y282",,"false","EBI-781580","Q969X5 (EBI-781580) Q9Y282"
"EBI-3938534","P55084 (EBI-3938534) Q9Y5J9",,"false","EBI-3938534","P55084 (EBI-3938534) Q9Y5J9"
"EBI-867125","Q07864 (EBI-867125) Q9NR33",,"false","EBI-867125","Q07864 (EBI-867125) Q9NR33"
"EBI-867125","Q07864 (EBI-867125) Q9NRF9",,"false","EBI-867125","Q07864 (EBI-867125) Q9NRF9"
"EBI-2606788","P24539 (EBI-2606788) O75947",,"false","EBI-2606788","P24539 (EBI-2606788) O75947"
"EBI-2606788","P24539 (EBI-2606788) P18859",,"false","EBI-2606788","P24539 (EBI-2606788) P18859"
"EBI-2606788","P24539 (EBI-2606788) P30049",,"false","EBI-2606788","P24539 (EBI-2606788) P30049"
"EBI-2606788","P24539 (EBI-2606788) P06576",,"false","EBI-2606788","P24539 (EBI-2606788) P06576"
"EBI-8796749","P31946 (EBI-8796749) P26196",,"false","EBI-8796749","P31946 (EBI-8796749) P26196"
"EBI-8796749","P31946 (EBI-8796749) Q5SW79",,"false","EBI-8796749","P31946 (EBI-8796749) Q5SW79"
"EBI-8796749","P31946 (EBI-8796749) P61981",,"false","EBI-8796749","P31946 (EBI-8796749) P61981"
"EBI-8796749","P31946 (EBI-8796749) P63104",,"false","EBI-8796749","P31946 (EBI-8796749) P63104"
"EBI-8837536","Q15370 (EBI-8837536) Q15369",,"false","EBI-8837536","Q15370 (EBI-8837536) Q15369"
"EBI-2108031","O14893 (EBI-2108031) Q16637",,"false","EBI-2108031","O14893 (EBI-2108031) Q16637"
"EBI-2001352","Q13616 (EBI-2001352) Q15843",,"false","EBI-2001352","Q13616 (EBI-2001352) Q15843"
"EBI-1060630","Q14978 (EBI-1060630) P32121",,"false","EBI-1060630","Q14978 (EBI-1060630) P32121"
"EBI-1070809","Q14978 (EBI-1070809) P61981",,"false","EBI-1070809","Q14978 (EBI-1070809) P61981"
"EBI-1072159","Q14978 (EBI-1072159) P63104",,"false","EBI-1072159","Q14978 (EBI-1072159) P63104"
"EBI-1642567","P32121 (EBI-1642567) P07384",,"false","EBI-1642567","P32121 (EBI-1642567) P07384"
"EBI-1642567","P32121 (EBI-1642567) P31040",,"false","EBI-1642567","P32121 (EBI-1642567) P31040"
"EBI-1642843","P32121 (EBI-1642843) Q9NZN5",,"false","EBI-1642843","P32121 (EBI-1642843) Q9NZN5"
"EBI-1642843","P32121 (EBI-1642843) P17066",,"false","EBI-1642843","P32121 (EBI-1642843) P17066"
"EBI-1642843","P32121 (EBI-1642843) O14974",,"false","EBI-1642843","P32121 (EBI-1642843) O14974"
"EBI-1642567","P32121 (EBI-1642567) Q9UQ35",,"false","EBI-1642567","P32121 (EBI-1642567) Q9UQ35"
"EBI-1642843","P32121 (EBI-1642843) Q93034",,"false","EBI-1642843","P32121 (EBI-1642843) Q93034"
"EBI-1642567","P32121 (EBI-1642567) P07237",,"false","EBI-1642567","P32121 (EBI-1642567) P07237"
"EBI-1642567","P32121 (EBI-1642567) Q14204",,"false","EBI-1642567","P32121 (EBI-1642567) Q14204"
"EBI-1642567","P32121 (EBI-1642567) Q9UN86",,"false","EBI-1642567","P32121 (EBI-1642567) Q9UN86"
"EBI-1642567","P32121 (EBI-1642567) Q9Y2W1",,"false","EBI-1642567","P32121 (EBI-1642567) Q9Y2W1"
"EBI-1642843","P32121 (EBI-1642843) P55072",,"false","EBI-1642843","P32121 (EBI-1642843) P55072"
"EBI-1642567","P32121 (EBI-1642567) Q99873",,"false","EBI-1642567","P32121 (EBI-1642567) Q99873"
"EBI-1642567","P32121 (EBI-1642567) P62258",,"false","EBI-1642567","P32121 (EBI-1642567) P62258"
"EBI-1642567","P32121 (EBI-1642567) P31946",,"false","EBI-1642567","P32121 (EBI-1642567) P31946"
"EBI-1642843","P32121 (EBI-1642843) P61981",,"false","EBI-1642843","P32121 (EBI-1642843) P61981"
"EBI-3933504","P49792 (EBI-3933504) Q13616",,"false","EBI-3933504","P49792 (EBI-3933504) Q13616"
"EBI-515243","P33991 (EBI-515243) Q14566",,"false","EBI-515243","P33991 (EBI-515243) Q14566"
"EBI-515243","P33991 (EBI-515243) P33993",,"false","EBI-515243","P33991 (EBI-515243) P33993"
"EBI-3444672","P14625 (EBI-3444672) Q16659",,"false","EBI-3444672","P14625 (EBI-3444672) Q16659"
"EBI-2001322","Q93034 (EBI-2001322) Q15843",,"false","EBI-2001322","Q93034 (EBI-2001322) Q15843"
"EBI-1074393","Q15843 (EBI-1074393) Q9Y5V3",,"false","EBI-1074393","Q15843 (EBI-1074393) Q9Y5V3"
"EBI-2432907","P05067 (EBI-2432907) P27797",,"false","EBI-2432907","P05067 (EBI-2432907) P27797"
"EBI-960581","P05067 (EBI-960581) P63104",,"false","EBI-960581","P05067 (EBI-960581) P63104"
"EBI-1077349","P07237 (EBI-1077349) Q13617",,"false","EBI-1077349","P07237 (EBI-1077349) Q13617"
"EBI-1641785","P42771 (EBI-1641785) Q14566",,"false","EBI-1641785","P42771 (EBI-1641785) Q14566"
"EBI-1072086","P60228 (EBI-1072086) Q14152",,"false","EBI-1072086","P60228 (EBI-1072086) Q14152"
"EBI-1075760","P60228 (EBI-1075760) Q9Y5V3",,"false","EBI-1075760","P60228 (EBI-1075760) Q9Y5V3"
"EBI-1084294","P42704 (EBI-1084294) Q9Y5V3",,"false","EBI-1084294","P42704 (EBI-1084294) Q9Y5V3"
"EBI-3453325","Q96PU5 (EBI-3453325) P61981",,"false","EBI-3453325","Q96PU5 (EBI-3453325) P61981"
"EBI-1065092","Q9H4L5 (EBI-1065092) P61981",,"false","EBI-1065092","Q9H4L5 (EBI-1065092) P61981"
"EBI-1080781","Q9H4L5 (EBI-1080781) P31946",,"false","EBI-1080781","Q9H4L5 (EBI-1080781) P31946"
"EBI-9209251","Q9H4A6 (EBI-9209251) P78527",,"false","EBI-9209251","Q9H4A6 (EBI-9209251) P78527"
"EBI-1083172","Q9UQ35 (EBI-1083172) P31946",,"false","EBI-1083172","Q9UQ35 (EBI-1083172) P31946"
"EBI-1067771","Q9UQ35 (EBI-1067771) P61981",,"false","EBI-1067771","Q9UQ35 (EBI-1067771) P61981"
"EBI-3909817","P22314 (EBI-3909817) P62993",,"false","EBI-3909817","P22314 (EBI-3909817) P62993"
"EBI-1995860","P55072 (EBI-1995860) Q13616",,"false","EBI-1995860","P55072 (EBI-1995860) Q13616"
"EBI-1995860","P55072 (EBI-1995860) Q13617",,"false","EBI-1995860","P55072 (EBI-1995860) Q13617"
"EBI-3913767","P63104 (EBI-3913767) P55072",,"false","EBI-3913767","P63104 (EBI-3913767) P55072"
"EBI-2321764","Q96EB6 (EBI-2321764) Q14204",,"false","EBI-2321764","Q96EB6 (EBI-2321764) Q14204"
"EBI-1176157","Q13619 (EBI-1176157) Q9GZS3",,"false","EBI-1176157","Q13619 (EBI-1176157) Q9GZS3"
"EBI-1177705","Q13619 (EBI-1177705) Q16531",,"false","EBI-1177705","Q13619 (EBI-1177705) Q16531"
"EBI-1079533","P51665 (EBI-1079533) P29372",,"false","EBI-1079533","P51665 (EBI-1079533) P29372"
"EBI-2510969","P51665 (EBI-2510969) O00231",,"false","EBI-2510969","P51665 (EBI-2510969) O00231"
"EBI-1070089","Q9Y265 (EBI-1070089) Q9BRX2",,"false","EBI-1070089","Q9Y265 (EBI-1070089) Q9BRX2"
"EBI-364069","Q9Y265 (EBI-364069) Q9NYJ8",,"false","EBI-364069","Q9Y265 (EBI-364069) Q9NYJ8"
"EBI-3453292","Q8IWZ3 (EBI-3453292) P61981",,"false","EBI-3453292","Q8IWZ3 (EBI-3453292) P61981"
"EBI-3452829","P62258 (EBI-3452829) Q8IWZ3",,"false","EBI-3452829","P62258 (EBI-3452829) Q8IWZ3"
"EBI-3913827","P62258 (EBI-3913827) P61981",,"false","EBI-3913827","P62258 (EBI-3913827) P61981"
"EBI-364030","P62258 (EBI-364030) Q9NYJ8",,"false","EBI-364030","P62258 (EBI-364030) Q9NYJ8"
"EBI-3934442","P62258 (EBI-3934442) P63104",,"false","EBI-3934442","P62258 (EBI-3934442) P63104"
"EBI-3452947","P62258 (EBI-3452947) P31946",,"false","EBI-3452947","P62258 (EBI-3452947) P31946"
"EBI-2514141","Q9Y297 (EBI-2514141) Q9Y266",,"false","EBI-2514141","Q9Y297 (EBI-2514141) Q9Y266"
"EBI-2514141","Q9Y297 (EBI-2514141) Q9BT78",,"false","EBI-2514141","Q9Y297 (EBI-2514141) Q9BT78"
"EBI-2514141","Q9Y297 (EBI-2514141) Q13616",,"false","EBI-2514141","Q9Y297 (EBI-2514141) Q13616"
"EBI-1083923","Q08380 (EBI-1083923) Q99623",,"false","EBI-1083923","Q08380 (EBI-1083923) Q99623"
"EBI-364078","Q08380 (EBI-364078) Q9NYJ8",,"false","EBI-364078","Q08380 (EBI-364078) Q9NYJ8"
"EBI-1066370","Q14152 (EBI-1066370) O00303",,"false","EBI-1066370","Q14152 (EBI-1066370) O00303"
"EBI-2510472","O15372 (EBI-2510472) Q7L2H7",,"false","EBI-2510472","O15372 (EBI-2510472) Q7L2H7"
"EBI-2510472","O15372 (EBI-2510472) O75821",,"false","EBI-2510472","O15372 (EBI-2510472) O75821"
"EBI-2510472","O15372 (EBI-2510472) Q9UBQ5",,"false","EBI-2510472","O15372 (EBI-2510472) Q9UBQ5"
"EBI-2510472","O15372 (EBI-2510472) Q99613",,"false","EBI-2510472","O15372 (EBI-2510472) Q99613"
"EBI-2510472","O15372 (EBI-2510472) O15371",,"false","EBI-2510472","O15372 (EBI-2510472) O15371"
"EBI-2510472","O15372 (EBI-2510472) Q14152",,"false","EBI-2510472","O15372 (EBI-2510472) Q14152"
"EBI-2510472","O15372 (EBI-2510472) Q13347",,"false","EBI-2510472","O15372 (EBI-2510472) Q13347"
"EBI-2510472","O15372 (EBI-2510472) P55884",,"false","EBI-2510472","O15372 (EBI-2510472) P55884"
"EBI-2510472","O15372 (EBI-2510472) P60228",,"false","EBI-2510472","O15372 (EBI-2510472) P60228"
"EBI-1065042","Q32P44 (EBI-1065042) P61981",,"false","EBI-1065042","Q32P44 (EBI-1065042) P61981"
"EBI-754420","Q13155 (EBI-754420) Q15046",,"false","EBI-754420","Q13155 (EBI-754420) Q15046"
"EBI-755008","Q13155 (EBI-755008) P14868",,"false","EBI-755008","Q13155 (EBI-755008) P14868"
"EBI-1963950","P14868 (EBI-1963950) P62993",,"false","EBI-1963950","P14868 (EBI-1963950) P62993"
"EBI-2514231","Q9UKB1 (EBI-2514231) Q9Y266",,"false","EBI-2514231","Q9UKB1 (EBI-2514231) Q9Y266"
"EBI-2514231","Q9UKB1 (EBI-2514231) Q9Y297",,"false","EBI-2514231","Q9UKB1 (EBI-2514231) Q9Y297"
"EBI-2323022","Q9UKB1 (EBI-2323022) P63208",,"false","EBI-2323022","Q9UKB1 (EBI-2323022) P63208"
"EBI-2514231","Q9UKB1 (EBI-2514231) Q13616",,"false","EBI-2514231","Q9UKB1 (EBI-2514231) Q13616"
"EBI-6381076","Q16659 (EBI-6381076) O95714",,"false","EBI-6381076","Q16659 (EBI-6381076) O95714"
"EBI-3933294","P25786 (EBI-3933294) P28288",,"false","EBI-3933294","P25786 (EBI-3933294) P28288"
"EBI-1385684","P25786 (EBI-1385684) P28072",,"false","EBI-1385684","P25786 (EBI-1385684) P28072"
"EBI-756361","P25786 (EBI-756361) Q14566",,"false","EBI-756361","P25786 (EBI-756361) Q14566"
"EBI-1081337","P25786 (EBI-1081337) P29372",,"false","EBI-1081337","P25786 (EBI-1081337) P29372"
"EBI-5667048","O75386 (EBI-5667048) O75376",,"false","EBI-5667048","O75386 (EBI-5667048) O75376"
"EBI-5666526","O75386 (EBI-5666526) Q99996",,"false","EBI-5666526","O75386 (EBI-5666526) Q99996"
"EBI-1079729","Q14697 (EBI-1079729) P21796",,"false","EBI-1079729","Q14697 (EBI-1079729) P21796"
"EBI-2115977","Q9UBS4 (EBI-2115977) P62993",,"false","EBI-2115977","Q9UBS4 (EBI-2115977) P62993"
"EBI-2108262","O75955 (EBI-2108262) P05067",,"false","EBI-2108262","O75955 (EBI-2108262) P05067"
"EBI-1081028","Q8N163 (EBI-1081028) Q9BUV8",,"false","EBI-1081028","Q8N163 (EBI-1081028) Q9BUV8"
"EBI-1085091","Q8N163 (EBI-1085091) Q9Y5V3",,"false","EBI-1085091","Q8N163 (EBI-1085091) Q9Y5V3"
"EBI-1079012","Q8N163 (EBI-1079012) O76071",,"false","EBI-1079012","Q8N163 (EBI-1079012) O76071"
"EBI-1228366","Q8N163 (EBI-1228366) P33993",,"false","EBI-1228366","Q8N163 (EBI-1228366) P33993"
"EBI-364105","Q8N163 (EBI-364105) Q9NYJ8",,"false","EBI-364105","Q8N163 (EBI-364105) Q9NYJ8"
"EBI-8822121","Q96R06 (EBI-8822121) Q13283",,"false","EBI-8822121","Q96R06 (EBI-8822121) Q13283"
"EBI-985279","P35232 (EBI-985279) O14980",,"false","EBI-985279","P35232 (EBI-985279) O14980"
"EBI-1063177","Q13347 (EBI-1063177) Q14152",,"false","EBI-1063177","Q13347 (EBI-1063177) Q14152"
"EBI-366682","Q13347 (EBI-366682) P55884",,"false","EBI-366682","Q13347 (EBI-366682) P55884"
"EBI-366642","P55884 (EBI-366642) Q14152",,"false","EBI-366642","P55884 (EBI-366642) Q14152"
"EBI-1070057","O15371 (EBI-1070057) Q14152",,"false","EBI-1070057","O15371 (EBI-1070057) Q14152"
"EBI-6875195","P33993 (EBI-6875195) Q4G0J3",,"false","EBI-6875195","P33993 (EBI-6875195) Q4G0J3"
"EBI-1073455","P33993 (EBI-1073455) Q9BRX2",,"false","EBI-1073455","P33993 (EBI-1073455) Q9BRX2"
"EBI-6875195","P33993 (EBI-6875195) Q9P035",,"false","EBI-6875195","P33993 (EBI-6875195) Q9P035"
"EBI-6875195","P33993 (EBI-6875195) O14974",,"false","EBI-6875195","P33993 (EBI-6875195) O14974"
"EBI-6875195","P33993 (EBI-6875195) Q14566",,"false","EBI-6875195","P33993 (EBI-6875195) Q14566"
"EBI-6875195","P33993 (EBI-6875195) Q9Y2W1",,"false","EBI-6875195","P33993 (EBI-6875195) Q9Y2W1"
"EBI-6875195","P33993 (EBI-6875195) P43243",,"false","EBI-6875195","P33993 (EBI-6875195) P43243"
"EBI-297464","P62993 (EBI-297464) Q2TAY7",,"false","EBI-297464","P62993 (EBI-297464) Q2TAY7"
"EBI-1963986","P62993 (EBI-1963986) P78357",,"false","EBI-1963986","P62993 (EBI-1963986) P78357"
"EBI-350217","P62993 (EBI-350217) P50454",,"false","EBI-350217","P62993 (EBI-350217) P50454"
"EBI-2615054","P62993 (EBI-2615054) Q5T4S7",,"false","EBI-2615054","P62993 (EBI-2615054) Q5T4S7"
"EBI-3937731","P62993 (EBI-3937731) O15234",,"false","EBI-3937731","P62993 (EBI-3937731) O15234"
"EBI-297464","P62993 (EBI-297464) P58107",,"false","EBI-297464","P62993 (EBI-297464) P58107"
"EBI-3964621","P62993 (EBI-3964621) O60610",,"false","EBI-3964621","P62993 (EBI-3964621) O60610"
"EBI-350217","P62993 (EBI-350217) Q9NVI7",,"false","EBI-350217","P62993 (EBI-350217) Q9NVI7"
"EBI-350217","P62993 (EBI-350217) O14974",,"false","EBI-350217","P62993 (EBI-350217) O14974"
"EBI-2116090","P62993 (EBI-2116090) Q13123",,"false","EBI-2116090","P62993 (EBI-2116090) Q13123"
"EBI-3964621","P62993 (EBI-3964621) Q9P035",,"false","EBI-3964621","P62993 (EBI-3964621) Q9P035"
"EBI-350217","P62993 (EBI-350217) P55084",,"false","EBI-350217","P62993 (EBI-350217) P55084"
"EBI-1964902","P62993 (EBI-1964902) O15371",,"false","EBI-1964902","P62993 (EBI-1964902) O15371"
"EBI-2615054","P62993 (EBI-2615054) Q14204",,"false","EBI-2615054","P62993 (EBI-2615054) Q14204"
"EBI-350217","P62993 (EBI-350217) Q16576",,"false","EBI-350217","P62993 (EBI-350217) Q16576"
"EBI-350217","P62993 (EBI-350217) P43243",,"false","EBI-350217","P62993 (EBI-350217) P43243"
"EBI-350217","P62993 (EBI-350217) P26196",,"false","EBI-350217","P62993 (EBI-350217) P26196"
"EBI-350217","P62993 (EBI-350217) Q9Y2W1",,"false","EBI-350217","P62993 (EBI-350217) Q9Y2W1"
"EBI-350217","P62993 (EBI-350217) Q04837",,"false","EBI-350217","P62993 (EBI-350217) Q04837"
"EBI-350217","P62993 (EBI-350217) Q9Y265",,"false","EBI-350217","P62993 (EBI-350217) Q9Y265"
"EBI-3964621","P62993 (EBI-3964621) P62258",,"false","EBI-3964621","P62993 (EBI-3964621) P62258"
"EBI-350217","P62993 (EBI-350217) P68431",,"false","EBI-350217","P62993 (EBI-350217) P68431"
"EBI-3964621","P62993 (EBI-3964621) P61981",,"false","EBI-3964621","P62993 (EBI-3964621) P61981"
"EBI-350217","P62993 (EBI-350217) P78527",,"false","EBI-350217","P62993 (EBI-350217) P78527"
"EBI-3964621","P62993 (EBI-3964621) P63104",,"false","EBI-3964621","P62993 (EBI-3964621) P63104"
"EBI-3964621","P62993 (EBI-3964621) P31946",,"false","EBI-3964621","P62993 (EBI-3964621) P31946"
"EBI-366687","O75821 (EBI-366687) P55884",,"false","EBI-366687","O75821 (EBI-366687) P55884"
"EBI-348829","Q9BV68 (EBI-348829) P46379",,"false","EBI-348829","Q9BV68 (EBI-348829) P46379"
"EBI-2349080","P68431 (EBI-2349080) O14929",,"false","EBI-2349080","P68431 (EBI-2349080) O14929"
"EBI-2349080","P68431 (EBI-2349080) Q8TEX9",,"false","EBI-2349080","P68431 (EBI-2349080) Q8TEX9"
"EBI-2352528","P68431 (EBI-2352528) Q13112",,"false","EBI-2352528","P68431 (EBI-2352528) Q13112"
"EBI-2349080","P68431 (EBI-2349080) Q16576",,"false","EBI-2349080","P68431 (EBI-2349080) Q16576"
"EBI-3917377","Q9NYJ8 (EBI-3917377) P62714",,"false","EBI-3917377","Q9NYJ8 (EBI-3917377) P62714"
"EBI-3917407","Q9NYJ8 (EBI-3917407) P63104",,"false","EBI-3917407","Q9NYJ8 (EBI-3917407) P63104"
"EBI-528806","P26038 (EBI-528806) O14745",,"false","EBI-528806","P26038 (EBI-528806) O14745"
"EBI-1085531","Q99873 (EBI-1085531) O60232",,"false","EBI-1085531","Q99873 (EBI-1085531) O60232"
"EBI-2626054","Q16637 (EBI-2626054) Q8WXD5",,"false","EBI-2626054","Q16637 (EBI-2626054) Q8WXD5"
"EBI-2626054","Q16637 (EBI-2626054) Q9H840",,"false","EBI-2626054","Q16637 (EBI-2626054) Q9H840"
"EBI-2626054","Q16637 (EBI-2626054) P31942",,"false","EBI-2626054","Q16637 (EBI-2626054) P31942"
"EBI-2626054","Q16637 (EBI-2626054) Q9Y2W1",,"false","EBI-2626054","Q16637 (EBI-2626054) Q9Y2W1"
"EBI-2626054","Q16637 (EBI-2626054) Q9Y3F4",,"false","EBI-2626054","Q16637 (EBI-2626054) Q9Y3F4"
"EBI-2514381","Q9UN86 (EBI-2514381) P13489",,"false","EBI-2514381","Q9UN86 (EBI-2514381) P13489"
"EBI-754273","Q9Y262 (EBI-754273) Q9UBQ5",,"false","EBI-754273","Q9Y262 (EBI-754273) Q9UBQ5"
"EBI-1078768","Q9Y262 (EBI-1078768) O60232",,"false","EBI-1078768","Q9Y262 (EBI-1078768) O60232"
"EBI-1071878","Q9Y262 (EBI-1071878) Q14152",,"false","EBI-1071878","Q9Y262 (EBI-1071878) Q14152"
"EBI-735483","P06576 (EBI-735483) P61289",,"false","EBI-735483","P06576 (EBI-735483) P61289"
"EBI-1079976","P51571 (EBI-1079976) Q9BUV8",,"false","EBI-1079976","P51571 (EBI-1079976) Q9BUV8"
"EBI-2610876","Q03111 (EBI-2610876) O60563",,"false","EBI-2610876","Q03111 (EBI-2610876) O60563"
"EBI-350580","Q16531 (EBI-350580) Q9UNS2",,"false","EBI-350580","Q16531 (EBI-350580) Q9UNS2"
"EBI-2213416","Q16531 (EBI-2213416) Q8TEB1",,"false","EBI-2213416","Q16531 (EBI-2213416) Q8TEB1"
"EBI-6468363","Q16531 (EBI-6468363) Q16576",,"false","EBI-6468363","Q16531 (EBI-6468363) Q16576"
"EBI-9210010","Q16531 (EBI-9210010) Q9Y4B6",,"false","EBI-9210010","Q16531 (EBI-9210010) Q9Y4B6"
"EBI-1077398","Q9NVI7 (EBI-1077398) Q9BUV8",,"false","EBI-1077398","Q9NVI7 (EBI-1077398) Q9BUV8"
"EBI-1084355","Q13617 (EBI-1084355) Q9Y5L4",,"false","EBI-1084355","Q13617 (EBI-1084355) Q9Y5L4"
"EBI-2659429","Q13617 (EBI-2659429) Q15369",,"false","EBI-2659429","Q13617 (EBI-2659429) Q15369"
"EBI-2659429","Q13617 (EBI-2659429) Q15370",,"false","EBI-2659429","Q13617 (EBI-2659429) Q15370"
"EBI-1077124","P29372 (EBI-1077124) P43487",,"false","EBI-1077124","P29372 (EBI-1077124) P43487"
"EBI-1072176","Q9UBQ5 (EBI-1072176) Q14152",,"false","EBI-1072176","Q9UBQ5 (EBI-1072176) Q14152"
"EBI-2510150","Q92905 (EBI-2510150) Q8TEB1",,"false","EBI-2510150","Q92905 (EBI-2510150) Q8TEB1"
"EBI-2659628","Q92905 (EBI-2659628) P48741",,"false","EBI-2659628","Q92905 (EBI-2659628) P48741"
"EBI-2659578","Q92905 (EBI-2659578) Q99627",,"false","EBI-2659578","Q92905 (EBI-2659578) Q99627"
"EBI-2659628","Q92905 (EBI-2659628) Q9UJZ1",,"false","EBI-2659628","Q92905 (EBI-2659628) Q9UJZ1"
"EBI-2510150","Q92905 (EBI-2510150) Q9BT78",,"false","EBI-2510150","Q92905 (EBI-2510150) Q9BT78"
"EBI-2659578","Q92905 (EBI-2659578) Q9UNS2",,"false","EBI-2659578","Q92905 (EBI-2659578) Q9UNS2"
"EBI-2659628","Q92905 (EBI-2659628) O75955",,"false","EBI-2659628","Q92905 (EBI-2659628) O75955"
"EBI-2659628","Q92905 (EBI-2659628) Q9Y4B6",,"false","EBI-2659628","Q92905 (EBI-2659628) Q9Y4B6"
"EBI-2659578","Q92905 (EBI-2659578) P61201",,"false","EBI-2659578","Q92905 (EBI-2659578) P61201"
"EBI-2659628","Q92905 (EBI-2659628) P17066",,"false","EBI-2659628","Q92905 (EBI-2659628) P17066"
"EBI-2659663","Q92905 (EBI-2659663) O14974",,"false","EBI-2659663","Q92905 (EBI-2659663) O14974"
"EBI-2659663","Q92905 (EBI-2659663) Q13619",,"false","EBI-2659663","Q92905 (EBI-2659663) Q13619"
"EBI-2510150","Q92905 (EBI-2510150) Q13617",,"false","EBI-2510150","Q92905 (EBI-2510150) Q13617"
"EBI-2510150","Q92905 (EBI-2510150) Q15843",,"false","EBI-2510150","Q92905 (EBI-2510150) Q15843"
"EBI-2510150","Q92905 (EBI-2510150) Q13616",,"false","EBI-2510150","Q92905 (EBI-2510150) Q13616"
"EBI-2659663","Q92905 (EBI-2659663) Q16531",,"false","EBI-2659663","Q92905 (EBI-2659663) Q16531"
"EBI-3453135","Q92905 (EBI-3453135) P61981",,"false","EBI-3453135","Q92905 (EBI-3453135) P61981"
"EBI-1083562","O15260 (EBI-1083562) Q9BUV8",,"false","EBI-1083562","O15260 (EBI-1083562) Q9BUV8"
"EBI-1080829","Q96G23 (EBI-1080829) Q9BUV8",,"false","EBI-1080829","Q96G23 (EBI-1080829) Q9BUV8"
"EBI-1773687","P62714 (EBI-1773687) Q16537",,"false","EBI-1773687","P62714 (EBI-1773687) Q16537"
"EBI-1773687","P62714 (EBI-1773687) P61758",,"false","EBI-1773687","P62714 (EBI-1773687) P61758"
"EBI-1081188","P15924 (EBI-1081188) O60232",,"false","EBI-1081188","P15924 (EBI-1081188) O60232"
"EBI-2510262","Q7L5N1 (EBI-2510262) Q99627",,"false","EBI-2510262","Q7L5N1 (EBI-2510262) Q99627"
"EBI-2510262","Q7L5N1 (EBI-2510262) Q8TEB1",,"false","EBI-2510262","Q7L5N1 (EBI-2510262) Q8TEB1"
"EBI-2510262","Q7L5N1 (EBI-2510262) Q9UNS2",,"false","EBI-2510262","Q7L5N1 (EBI-2510262) Q9UNS2"
"EBI-731608","Q7L5N1 (EBI-731608) P20674",,"false","EBI-731608","Q7L5N1 (EBI-731608) P20674"
"EBI-2510262","Q7L5N1 (EBI-2510262) Q9Y4B6",,"false","EBI-2510262","Q7L5N1 (EBI-2510262) Q9Y4B6"
"EBI-2510262","Q7L5N1 (EBI-2510262) Q9BT78",,"false","EBI-2510262","Q7L5N1 (EBI-2510262) Q9BT78"
"EBI-2510262","Q7L5N1 (EBI-2510262) P61201",,"false","EBI-2510262","Q7L5N1 (EBI-2510262) P61201"
"EBI-2510262","Q7L5N1 (EBI-2510262) Q13619",,"false","EBI-2510262","Q7L5N1 (EBI-2510262) Q13619"
"EBI-2510262","Q7L5N1 (EBI-2510262) Q9BW61",,"false","EBI-2510262","Q7L5N1 (EBI-2510262) Q9BW61"
"EBI-730615","Q7L5N1 (EBI-730615) O00231",,"false","EBI-730615","Q7L5N1 (EBI-730615) O00231"
"EBI-2510262","Q7L5N1 (EBI-2510262) Q93034",,"false","EBI-2510262","Q7L5N1 (EBI-2510262) Q93034"
"EBI-2510262","Q7L5N1 (EBI-2510262) Q13617",,"false","EBI-2510262","Q7L5N1 (EBI-2510262) Q13617"
"EBI-2510262","Q7L5N1 (EBI-2510262) Q15369",,"false","EBI-2510262","Q7L5N1 (EBI-2510262) Q15369"
"EBI-2510262","Q7L5N1 (EBI-2510262) Q13616",,"false","EBI-2510262","Q7L5N1 (EBI-2510262) Q13616"
"EBI-2510262","Q7L5N1 (EBI-2510262) Q15843",,"false","EBI-2510262","Q7L5N1 (EBI-2510262) Q15843"
"EBI-733331","Q7L5N1 (EBI-733331) Q16637",,"false","EBI-733331","Q7L5N1 (EBI-733331) Q16637"
"EBI-2510262","Q7L5N1 (EBI-2510262) Q92905",,"false","EBI-2510262","Q7L5N1 (EBI-2510262) Q92905"
"EBI-1086126","Q8TEX9 (EBI-1086126) O76071",,"false","EBI-1086126","Q8TEX9 (EBI-1086126) O76071"
"EBI-2479667","O60563 (EBI-2479667) P50750",,"false","EBI-2479667","O60563 (EBI-2479667) P50750"
"EBI-731791","Q7L2H7 (EBI-731791) O00303",,"false","EBI-731791","Q7L2H7 (EBI-731791) O00303"
"EBI-1073472","Q7L2H7 (EBI-1073472) Q14152",,"false","EBI-1073472","Q7L2H7 (EBI-1073472) Q14152"
"EBI-2514311","Q13283 (EBI-2514311) O14929",,"false","EBI-2514311","Q13283 (EBI-2514311) O14929"
"EBI-1077961","Q9UHI6 (EBI-1077961) O76071",,"false","EBI-1077961","Q9UHI6 (EBI-1077961) O76071"
"EBI-6598911","Q9UHI6 (EBI-6598911) Q16637",,"false","EBI-6598911","Q9UHI6 (EBI-6598911) Q16637"
"EBI-1075830","Q9UHI6 (EBI-1075830) Q99623",,"false","EBI-1075830","Q9UHI6 (EBI-1075830) Q99623"
"EBI-1083164","Q9Y266 (EBI-1083164) P21796",,"false","EBI-1083164","Q9Y266 (EBI-1083164) P21796"
"EBI-2679510","P07814 (EBI-2679510) P41252",,"false","EBI-2679510","P07814 (EBI-2679510) P41252"
"EBI-6097237","P07814 (EBI-6097237) Q15046",,"false","EBI-6097237","P07814 (EBI-6097237) Q15046"
"EBI-1061046","P58107 (EBI-1061046) Q99623",,"false","EBI-1061046","P58107 (EBI-1061046) Q99623"
"EBI-1062705","Q9Y2W1 (EBI-1062705) P61981",,"false","EBI-1062705","Q9Y2W1 (EBI-1062705) P61981"
"EBI-1077658","P48047 (EBI-1077658) P29372",,"false","EBI-1077658","P48047 (EBI-1077658) P29372"
"EBI-3245320","Q9C0C7 (EBI-3245320) Q9BW61",,"false","EBI-3245320","Q9C0C7 (EBI-3245320) Q9BW61"
"EBI-3245320","Q9C0C7 (EBI-3245320) Q16531",,"false","EBI-3245320","Q9C0C7 (EBI-3245320) Q16531"
"EBI-1083239","P04843 (EBI-1083239) Q9BUV8",,"false","EBI-1083239","P04843 (EBI-1083239) Q9BUV8"
"EBI-2610867","Q9UHB7 (EBI-2610867) Q03111",,"false","EBI-2610867","Q9UHB7 (EBI-2610867) Q03111"
"EBI-2619090","Q9UHB7 (EBI-2619090) O60563",,"false","EBI-2619090","Q9UHB7 (EBI-2619090) O60563"
"EBI-2693672","Q9P2J5 (EBI-2693672) P54136",,"false","EBI-2693672","Q9P2J5 (EBI-2693672) P54136"
"EBI-6256156","P50750 (EBI-6256156) Q7L2J0",,"false","EBI-6256156","P50750 (EBI-6256156) Q7L2J0"
"EBI-2614664","P50750 (EBI-2614664) Q03111",,"false","EBI-2614664","P50750 (EBI-2614664) Q03111"
"EBI-6380688","P50750 (EBI-6380688) Q4G0J3",,"false","EBI-6380688","P50750 (EBI-6380688) Q4G0J3"
"EBI-2614664","P50750 (EBI-2614664) Q9UHB7",,"false","EBI-2614664","P50750 (EBI-2614664) Q9UHB7"
"EBI-2686718","P30101 (EBI-2686718) Q13951",,"false","EBI-2686718","P30101 (EBI-2686718) Q13951"
"EBI-2431983","P30101 (EBI-2431983) P05067",,"false","EBI-2431983","P30101 (EBI-2431983) P05067"
"EBI-1789116","P51572 (EBI-1789116) Q99942",,"false","EBI-1789116","P51572 (EBI-1789116) Q99942"
"EBI-734006","Q14257 (EBI-734006) P46379",,"false","EBI-734006","Q14257 (EBI-734006) P46379"
"EBI-3933599","Q14257 (EBI-3933599) O14980",,"false","EBI-3933599","Q14257 (EBI-3933599) O14980"
"EBI-3505104","O15379 (EBI-3505104) O75376",,"false","EBI-3505104","O15379 (EBI-3505104) O75376"
"EBI-6597882","O15379 (EBI-6597882) Q13227",,"false","EBI-6597882","O15379 (EBI-6597882) Q13227"
"EBI-2568233","P20701 (EBI-2568233) P05107",,"false","EBI-2568233","P20701 (EBI-2568233) P05107"
"EBI-756091","Q9NQC3 (EBI-756091) O95197",,"false","EBI-756091","Q9NQC3 (EBI-756091) O95197"
"EBI-3253145","Q9BW61 (EBI-3253145) P50213",,"false","EBI-3253145","Q9BW61 (EBI-3253145) P50213"
"EBI-3253145","Q9BW61 (EBI-3253145) Q8TEB1",,"false","EBI-3253145","Q9BW61 (EBI-3253145) Q8TEB1"
"EBI-3253145","Q9BW61 (EBI-3253145) Q9Y4B6",,"false","EBI-3253145","Q9BW61 (EBI-3253145) Q9Y4B6"
"EBI-3253145","Q9BW61 (EBI-3253145) P26639",,"false","EBI-3253145","Q9BW61 (EBI-3253145) P26639"
"EBI-3253145","Q9BW61 (EBI-3253145) Q02790",,"false","EBI-3253145","Q9BW61 (EBI-3253145) Q02790"
"EBI-3253145","Q9BW61 (EBI-3253145) P40939",,"false","EBI-3253145","Q9BW61 (EBI-3253145) P40939"
"EBI-3253145","Q9BW61 (EBI-3253145) Q9P2J5",,"false","EBI-3253145","Q9BW61 (EBI-3253145) Q9P2J5"
"EBI-3253145","Q9BW61 (EBI-3253145) P78527",,"false","EBI-3253145","Q9BW61 (EBI-3253145) P78527"
"EBI-3253145","Q9BW61 (EBI-3253145) Q16531",,"false","EBI-3253145","Q9BW61 (EBI-3253145) Q16531"
"EBI-1063303","Q14204 (EBI-1063303) O14656",,"false","EBI-1063303","Q14204 (EBI-1063303) O14656"
"EBI-1077373","Q14204 (EBI-1077373) Q9Y5V3",,"false","EBI-1077373","Q14204 (EBI-1077373) Q9Y5V3"
"EBI-1086134","Q14204 (EBI-1086134) Q9BUV8",,"false","EBI-1086134","Q14204 (EBI-1086134) Q9BUV8"
"EBI-1077808","Q14204 (EBI-1077808) Q99623",,"false","EBI-1077808","Q14204 (EBI-1077808) Q99623"
"EBI-3909796","Q15165 (EBI-3909796) P62993",,"false","EBI-3909796","Q15165 (EBI-3909796) P62993"
"EBI-2515855","P11441 (EBI-2515855) P46379",,"false","EBI-2515855","P11441 (EBI-2515855) P46379"
"EBI-2515855","P11441 (EBI-2515855) Q7Z6Z7",,"false","EBI-2515855","P11441 (EBI-2515855) Q7Z6Z7"
"EBI-753748","Q9Y3D0 (EBI-753748) O76071",,"false","EBI-753748","Q9Y3D0 (EBI-753748) O76071"
"EBI-2610858","P51825 (EBI-2610858) Q03111",,"false","EBI-2610858","P51825 (EBI-2610858) Q03111"
"EBI-2614786","P51825 (EBI-2614786) Q9UHB7",,"false","EBI-2614786","P51825 (EBI-2614786) Q9UHB7"
"EBI-2610179","P51825 (EBI-2610179) O60563",,"false","EBI-2610179","P51825 (EBI-2610179) O60563"
"EBI-2610179","P51825 (EBI-2610179) P50750",,"false","EBI-2610179","P51825 (EBI-2610179) P50750"
"EBI-2660609","Q13098 (EBI-2660609) Q99627",,"false","EBI-2660609","Q13098 (EBI-2660609) Q99627"
"EBI-2676954","Q13098 (EBI-2676954) Q9UNS2",,"false","EBI-2676954","Q13098 (EBI-2676954) Q9UNS2"
"EBI-2676954","Q13098 (EBI-2676954) Q9BT78",,"false","EBI-2676954","Q13098 (EBI-2676954) Q9BT78"
"EBI-2660609","Q13098 (EBI-2660609) Q7L5N1",,"false","EBI-2660609","Q13098 (EBI-2660609) Q7L5N1"
"EBI-2676954","Q13098 (EBI-2676954) P61201",,"false","EBI-2676954","Q13098 (EBI-2676954) P61201"
"EBI-2676954","Q13098 (EBI-2676954) Q92905",,"false","EBI-2676954","Q13098 (EBI-2676954) Q92905"
"EBI-1066348","Q9BRX2 (EBI-1066348) Q9P035",,"false","EBI-1066348","Q9BRX2 (EBI-1066348) Q9P035"
"EBI-1084901","P28288 (EBI-1084901) O00264",,"false","EBI-1084901","P28288 (EBI-1084901) O00264"
"EBI-1071512","P28288 (EBI-1071512) Q9BRX2",,"false","EBI-1071512","P28288 (EBI-1071512) Q9BRX2"
"EBI-1076092","P28288 (EBI-1076092) Q9BUV8",,"false","EBI-1076092","P28288 (EBI-1076092) Q9BUV8"
"EBI-2691937","Q13951 (EBI-2691937) P05067",,"false","EBI-2691937","Q13951 (EBI-2691937) P05067"
"EBI-1080338","O00264 (EBI-1080338) P29372",,"false","EBI-1080338","O00264 (EBI-1080338) P29372"
"EBI-2637822","Q9H1A4 (EBI-2637822) Q9UJX6",,"false","EBI-2637822","Q9H1A4 (EBI-2637822) Q9UJX6"
"EBI-2693615","Q12904 (EBI-2693615) P54136",,"false","EBI-2693615","Q12904 (EBI-2693615) P54136"
"EBI-2693615","Q12904 (EBI-2693615) Q15046",,"false","EBI-2693615","Q12904 (EBI-2693615) Q15046"
"EBI-2683704","P54136 (EBI-2683704) Q13951",,"false","EBI-2683704","P54136 (EBI-2683704) Q13951"
"EBI-2679498","P54136 (EBI-2679498) P07814",,"false","EBI-2679498","P54136 (EBI-2679498) P07814"
"EBI-1074835","Q9ULX6 (EBI-1074835) O76071",,"false","EBI-1074835","Q9ULX6 (EBI-1074835) O76071"
"EBI-1074329","Q9ULX6 (EBI-1074329) Q9Y5V3",,"false","EBI-1074329","Q9ULX6 (EBI-1074329) Q9Y5V3"
"EBI-6162437","Q9UK99 (EBI-6162437) P63208",,"false","EBI-6162437","Q9UK99 (EBI-6162437) P63208"
"EBI-1551255","P63208 (EBI-1551255) Q13616",,"false","EBI-1551255","P63208 (EBI-1551255) Q13616"
"EBI-2322999","P63208 (EBI-2322999) Q9Y297",,"false","EBI-2322999","P63208 (EBI-2322999) Q9Y297"
"EBI-3197899","Q13501 (EBI-3197899) Q9NX00",,"false","EBI-3197899","Q13501 (EBI-3197899) Q9NX00"
"EBI-3197899","Q13501 (EBI-3197899) Q92896",,"false","EBI-3197899","Q13501 (EBI-3197899) Q92896"
"EBI-3197899","Q13501 (EBI-3197899) P58107",,"false","EBI-3197899","Q13501 (EBI-3197899) P58107"
"EBI-3197899","Q13501 (EBI-3197899) P82933",,"false","EBI-3197899","Q13501 (EBI-3197899) P82933"
"EBI-3197899","Q13501 (EBI-3197899) P55084",,"false","EBI-3197899","Q13501 (EBI-3197899) P55084"
"EBI-3197899","Q13501 (EBI-3197899) Q9P035",,"false","EBI-3197899","Q13501 (EBI-3197899) Q9P035"
"EBI-3197899","Q13501 (EBI-3197899) P40939",,"false","EBI-3197899","Q13501 (EBI-3197899) P40939"
"EBI-1077403","Q9P035 (EBI-1077403) Q9BUV8",,"false","EBI-1077403","Q9P035 (EBI-1077403) Q9BUV8"
"EBI-3505154","Q9BZK7 (EBI-3505154) O75376",,"false","EBI-3505154","Q9BZK7 (EBI-3505154) O75376"
"EBI-3505154","Q9BZK7 (EBI-3505154) Q13227",,"false","EBI-3505154","Q9BZK7 (EBI-3505154) Q13227"
"EBI-3505154","Q9BZK7 (EBI-3505154) O15379",,"false","EBI-3505154","Q9BZK7 (EBI-3505154) O15379"
"EBI-731656","P46379 (EBI-731656) P07858",,"false","EBI-731656","P46379 (EBI-731656) P07858"
"EBI-3934056","P46379 (EBI-3934056) P48723",,"false","EBI-3934056","P46379 (EBI-3934056) P48723"
"EBI-1082129","P46379 (EBI-1082129) O76071",,"false","EBI-1082129","P46379 (EBI-1082129) O76071"
"EBI-731713","P46379 (EBI-731713) Q9UBS4",,"false","EBI-731713","P46379 (EBI-731713) Q9UBS4"
"EBI-730831","P46379 (EBI-730831) Q16637",,"false","EBI-730831","P46379 (EBI-730831) Q16637"
"EBI-1061346","P46379 (EBI-1061346) Q9Y5V3",,"false","EBI-1061346","P46379 (EBI-1061346) Q9Y5V3"
"EBI-1075883","Q9UBB4 (EBI-1075883) Q9Y5V3",,"false","EBI-1075883","Q9UBB4 (EBI-1075883) Q9Y5V3"
"EBI-1061278","Q9UBB4 (EBI-1061278) Q9BUV8",,"false","EBI-1061278","Q9UBB4 (EBI-1061278) Q9BUV8"
"EBI-1079000","Q9UBB4 (EBI-1079000) Q99623",,"false","EBI-1079000","Q9UBB4 (EBI-1079000) Q99623"
"EBI-3943410","Q8NFF5 (EBI-3943410) P57678",,"false","EBI-3943410","Q8NFF5 (EBI-3943410) P57678"
"EBI-2511298","P51784 (EBI-2511298) Q9Y6Y0",,"false","EBI-2511298","P51784 (EBI-2511298) Q9Y6Y0"
"EBI-2511298","P51784 (EBI-2511298) P61619",,"false","EBI-2511298","P51784 (EBI-2511298) P61619"
"EBI-2511298","P51784 (EBI-2511298) Q5T9A4",,"false","EBI-2511298","P51784 (EBI-2511298) Q5T9A4"
"EBI-1081912","P51784 (EBI-1081912) O76071",,"false","EBI-1081912","P51784 (EBI-1081912) O76071"
"EBI-6598922","P57678 (EBI-6598922) Q16637",,"false","EBI-6598922","P57678 (EBI-6598922) Q16637"
"EBI-6598922","P57678 (EBI-6598922) Q9UHI6",,"false","EBI-6598922","P57678 (EBI-6598922) Q9UHI6"
"EBI-3939873","P57678 (EBI-3939873) Q13501",,"false","EBI-3939873","P57678 (EBI-3939873) Q13501"
"EBI-1077423","P29372 (EBI-1077423) P29372",,"false","EBI-1077423","P29372 (EBI-1077423) P29372"
"EBI-985269","P35232 (EBI-985269) O14980",,"false","EBI-985269","P35232 (EBI-985269) O14980"
"EBI-366642","P55884 (EBI-366642) Q13347",,"false","EBI-366642","P55884 (EBI-366642) Q13347"
"EBI-366692","P55884 (EBI-366692) Q13347",,"false","EBI-366692","P55884 (EBI-366692) Q13347"
"EBI-1394634","P55884 (EBI-1394634) Q14152",,"false","EBI-1394634","P55884 (EBI-1394634) Q14152"
"EBI-1394862","P55884 (EBI-1394862) Q14152",,"false","EBI-1394862","P55884 (EBI-1394862) Q14152"
"EBI-1395516","P55884 (EBI-1395516) Q14152",,"false","EBI-1395516","P55884 (EBI-1395516) Q14152"
"EBI-4324092","Q9UHB7 (EBI-4324092) Q03111",,"false","EBI-4324092","Q9UHB7 (EBI-4324092) Q03111"
"EBI-2610308","Q9UHB7 (EBI-2610308) Q03111",,"false","EBI-2610308","Q9UHB7 (EBI-2610308) Q03111"
"EBI-2610308","Q9UHB7 (EBI-2610308) O60563",,"false","EBI-2610308","Q9UHB7 (EBI-2610308) O60563"
"EBI-366692","P55884 (EBI-366692) O75821",,"false","EBI-366692","P55884 (EBI-366692) O75821"
"EBI-2610867","Q9UHB7 (EBI-2610867) O60563",,"false","EBI-2610867","Q9UHB7 (EBI-2610867) O60563"
"EBI-366642","P55884 (EBI-366642) O75821",,"false","EBI-366642","P55884 (EBI-366642) O75821"
"EBI-4324092","Q9UHB7 (EBI-4324092) P51825",,"false","EBI-4324092","Q9UHB7 (EBI-4324092) P51825"
"EBI-2610308","Q9UHB7 (EBI-2610308) P51825",,"false","EBI-2610308","Q9UHB7 (EBI-2610308) P51825"
"EBI-2610867","Q9UHB7 (EBI-2610867) P50750",,"false","EBI-2610867","Q9UHB7 (EBI-2610867) P50750"
"EBI-4324092","Q9UHB7 (EBI-4324092) O60563",,"false","EBI-4324092","Q9UHB7 (EBI-4324092) O60563"
"EBI-2619975","Q9UHB7 (EBI-2619975) O60563",,"false","EBI-2619975","Q9UHB7 (EBI-2619975) O60563"
"EBI-4324092","Q9UHB7 (EBI-4324092) P50750",,"false","EBI-4324092","Q9UHB7 (EBI-4324092) P50750"
"EBI-2619090","Q9UHB7 (EBI-2619090) P50750",,"false","EBI-2619090","Q9UHB7 (EBI-2619090) P50750"
"EBI-2610308","Q9UHB7 (EBI-2610308) P50750",,"false","EBI-2610308","Q9UHB7 (EBI-2610308) P50750"
"EBI-3245320","Q9C0C7 (EBI-3245320) Q9C0C7",,"false","EBI-3245320","Q9C0C7 (EBI-3245320) Q9C0C7"
"EBI-6256156","P50750 (EBI-6256156) O60563",,"false","EBI-6256156","P50750 (EBI-6256156) O60563"
"EBI-6380688","P50750 (EBI-6380688) O60563",,"false","EBI-6380688","P50750 (EBI-6380688) O60563"
"EBI-4324121","P50750 (EBI-4324121) O60563",,"false","EBI-4324121","P50750 (EBI-4324121) O60563"
"EBI-6256156","P50750 (EBI-6256156) Q9UHB7",,"false","EBI-6256156","P50750 (EBI-6256156) Q9UHB7"
"EBI-6380688","P50750 (EBI-6380688) Q9UHB7",,"false","EBI-6380688","P50750 (EBI-6380688) Q9UHB7"
"EBI-4324121","P50750 (EBI-4324121) Q9UHB7",,"false","EBI-4324121","P50750 (EBI-4324121) Q9UHB7"
"EBI-2614664","P50750 (EBI-2614664) O60563",,"false","EBI-2614664","P50750 (EBI-2614664) O60563"
"EBI-6256156","P50750 (EBI-6256156) P51825",,"false","EBI-6256156","P50750 (EBI-6256156) P51825"
"EBI-6380688","P50750 (EBI-6380688) P51825",,"false","EBI-6380688","P50750 (EBI-6380688) P51825"
"EBI-4324121","P50750 (EBI-4324121) P51825",,"false","EBI-4324121","P50750 (EBI-4324121) P51825"
"EBI-375407","P33993 (EBI-375407) P33991",,"false","EBI-375407","P33993 (EBI-375407) P33991"
"EBI-6894398","P33993 (EBI-6894398) P33991",,"false","EBI-6894398","P33993 (EBI-6894398) P33991"
"EBI-6256156","P50750 (EBI-6256156) Q03111",,"false","EBI-6256156","P50750 (EBI-6256156) Q03111"
"EBI-6380688","P50750 (EBI-6380688) Q03111",,"false","EBI-6380688","P50750 (EBI-6380688) Q03111"
"EBI-4324121","P50750 (EBI-4324121) Q03111",,"false","EBI-4324121","P50750 (EBI-4324121) Q03111"
"EBI-1004735","P33993 (EBI-1004735) Q14566",,"false","EBI-1004735","P33993 (EBI-1004735) Q14566"
"EBI-2614664","P50750 (EBI-2614664) P51825",,"false","EBI-2614664","P50750 (EBI-2614664) P51825"
"EBI-6256156","P50750 (EBI-6256156) Q4G0J3",,"false","EBI-6256156","P50750 (EBI-6256156) Q4G0J3"
"EBI-6380688","P50750 (EBI-6380688) Q7L2J0",,"false","EBI-6380688","P50750 (EBI-6380688) Q7L2J0"
"EBI-735489","P61289 (EBI-735489) P61289",,"false","EBI-735489","P61289 (EBI-735489) P61289"
"EBI-757516","P61289 (EBI-757516) P61289",,"false","EBI-757516","P61289 (EBI-757516) P61289"
"EBI-6597882","O15379 (EBI-6597882) Q9BZK7",,"false","EBI-6597882","O15379 (EBI-6597882) Q9BZK7"
"EBI-3505104","O15379 (EBI-3505104) Q13227",,"false","EBI-3505104","O15379 (EBI-3505104) Q13227"
"EBI-3505104","O15379 (EBI-3505104) Q9BZK7",,"false","EBI-3505104","O15379 (EBI-3505104) Q9BZK7"
"EBI-6597882","O15379 (EBI-6597882) O75376",,"false","EBI-6597882","O15379 (EBI-6597882) O75376"
"EBI-6894415","P33993 (EBI-6894415) P33991",,"false","EBI-6894415","P33993 (EBI-6894415) P33991"
"EBI-6894407","P33993 (EBI-6894407) P33991",,"false","EBI-6894407","P33993 (EBI-6894407) P33991"
"EBI-6868809","P33993 (EBI-6868809) P33991",,"false","EBI-6868809","P33993 (EBI-6868809) P33991"
"EBI-6870086","P33993 (EBI-6870086) P33991",,"false","EBI-6870086","P33993 (EBI-6870086) P33991"
"EBI-6875195","P33993 (EBI-6875195) P33993",,"false","EBI-6875195","P33993 (EBI-6875195) P33993"
"EBI-6875195","P33993 (EBI-6875195) P33991",,"false","EBI-6875195","P33993 (EBI-6875195) P33991"
"EBI-2626054","Q16637 (EBI-2626054) P57678",,"false","EBI-2626054","Q16637 (EBI-2626054) P57678"
"EBI-6598898","Q16637 (EBI-6598898) P57678",,"false","EBI-6598898","Q16637 (EBI-6598898) P57678"
"EBI-4326045","Q16637 (EBI-4326045) O14893",,"false","EBI-4326045","Q16637 (EBI-4326045) O14893"
"EBI-4325673","Q16637 (EBI-4325673) O14893",,"false","EBI-4325673","Q16637 (EBI-4325673) O14893"
"EBI-4326031","Q16637 (EBI-4326031) O14893",,"false","EBI-4326031","Q16637 (EBI-4326031) O14893"
"EBI-4325667","Q16637 (EBI-4325667) O14893",,"false","EBI-4325667","Q16637 (EBI-4325667) O14893"
"EBI-4325694","Q16637 (EBI-4325694) O14893",,"false","EBI-4325694","Q16637 (EBI-4325694) O14893"
"EBI-760456","Q16637 (EBI-760456) Q16637",,"false","EBI-760456","Q16637 (EBI-760456) Q16637"
"EBI-2626054","Q16637 (EBI-2626054) Q16637",,"false","EBI-2626054","Q16637 (EBI-2626054) Q16637"
"EBI-2108237","P05067 (EBI-2108237) O75955",,"false","EBI-2108237","P05067 (EBI-2108237) O75955"
"EBI-2108253","P05067 (EBI-2108253) O75955",,"false","EBI-2108253","P05067 (EBI-2108253) O75955"
"EBI-2431988","P05067 (EBI-2431988) P30101",,"false","EBI-2431988","P05067 (EBI-2431988) P30101"
"EBI-2432907","P05067 (EBI-2432907) P30101",,"false","EBI-2432907","P05067 (EBI-2432907) P30101"
"EBI-960318","P05067 (EBI-960318) P63104",,"false","EBI-960318","P05067 (EBI-960318) P63104"
"EBI-977478","P05067 (EBI-977478) P05067",,"false","EBI-977478","P05067 (EBI-977478) P05067"
"EBI-3942157","Q07065 (EBI-3942157) Q07065",,"false","EBI-3942157","Q07065 (EBI-3942157) Q07065"
"EBI-2610876","Q03111 (EBI-2610876) P50750",,"false","EBI-2610876","Q03111 (EBI-2610876) P50750"
"EBI-2620224","Q03111 (EBI-2620224) Q9UHB7",,"false","EBI-2620224","Q03111 (EBI-2620224) Q9UHB7"
"EBI-1228391","Q8N163 (EBI-1228391) P33993",,"false","EBI-1228391","Q8N163 (EBI-1228391) P33993"
"EBI-2619620","Q03111 (EBI-2619620) Q9UHB7",,"false","EBI-2619620","Q03111 (EBI-2619620) Q9UHB7"
"EBI-2619634","Q03111 (EBI-2619634) Q9UHB7",,"false","EBI-2619634","Q03111 (EBI-2619634) Q9UHB7"
"EBI-2610876","Q03111 (EBI-2610876) Q9UHB7",,"false","EBI-2610876","Q03111 (EBI-2610876) Q9UHB7"
"EBI-2619177","Q03111 (EBI-2619177) Q9UHB7",,"false","EBI-2619177","Q03111 (EBI-2619177) Q9UHB7"
"EBI-2510150","Q92905 (EBI-2510150) Q99627",,"false","EBI-2510150","Q92905 (EBI-2510150) Q99627"
"EBI-8822265","Q96R06 (EBI-8822265) Q13283",,"false","EBI-8822265","Q96R06 (EBI-8822265) Q13283"
"EBI-2510150","Q92905 (EBI-2510150) Q13619",,"false","EBI-2510150","Q92905 (EBI-2510150) Q13619"
"EBI-2510150","Q92905 (EBI-2510150) P61201",,"false","EBI-2510150","Q92905 (EBI-2510150) P61201"
"EBI-2510150","Q92905 (EBI-2510150) Q13098",,"false","EBI-2510150","Q92905 (EBI-2510150) Q13098"
"EBI-2659578","Q92905 (EBI-2659578) Q13098",,"false","EBI-2659578","Q92905 (EBI-2659578) Q13098"
"EBI-2659578","Q92905 (EBI-2659578) Q9BT78",,"false","EBI-2659578","Q92905 (EBI-2659578) Q9BT78"
"EBI-2510150","Q92905 (EBI-2510150) Q9Y4B6",,"false","EBI-2510150","Q92905 (EBI-2510150) Q9Y4B6"
"EBI-2510150","Q92905 (EBI-2510150) Q9UNS2",,"false","EBI-2510150","Q92905 (EBI-2510150) Q9UNS2"
"EBI-2510150","Q92905 (EBI-2510150) Q7L5N1",,"false","EBI-2510150","Q92905 (EBI-2510150) Q7L5N1"
"EBI-2659663","Q92905 (EBI-2659663) Q13617",,"false","EBI-2659663","Q92905 (EBI-2659663) Q13617"
"EBI-2659663","Q92905 (EBI-2659663) Q13616",,"false","EBI-2659663","Q92905 (EBI-2659663) Q13616"
"EBI-2659578","Q92905 (EBI-2659578) Q7L5N1",,"false","EBI-2659578","Q92905 (EBI-2659578) Q7L5N1"
"EBI-6146311","Q16537 (EBI-6146311) Q16537",,"false","EBI-6146311","Q16537 (EBI-6146311) Q16537"
"EBI-2108196","O75955 (EBI-2108196) P05067",,"false","EBI-2108196","O75955 (EBI-2108196) P05067"
"EBI-2108226","O75955 (EBI-2108226) P05067",,"false","EBI-2108226","O75955 (EBI-2108226) P05067"
"EBI-2510262","Q7L5N1 (EBI-2510262) Q13098",,"false","EBI-2510262","Q7L5N1 (EBI-2510262) Q13098"
"EBI-6171008","O94901 (EBI-6171008) O94901",,"false","EBI-6171008","O94901 (EBI-6171008) O94901"
"EBI-2465346","O75376 (EBI-2465346) O15379",,"false","EBI-2465346","O75376 (EBI-2465346) O15379"
"EBI-6598898","Q16637 (EBI-6598898) Q9UHI6",,"false","EBI-6598898","Q16637 (EBI-6598898) Q9UHI6"
"EBI-2626054","Q16637 (EBI-2626054) O14893",,"false","EBI-2626054","Q16637 (EBI-2626054) O14893"
"EBI-2626054","Q16637 (EBI-2626054) Q9UHI6",,"false","EBI-2626054","Q16637 (EBI-2626054) Q9UHI6"
"EBI-2693628","Q12904 (EBI-2693628) P54136",,"false","EBI-2693628","Q12904 (EBI-2693628) P54136"
"EBI-2693628","Q12904 (EBI-2693628) Q15046",,"false","EBI-2693628","Q12904 (EBI-2693628) Q15046"
"EBI-2693647","P54136 (EBI-2693647) Q9P2J5",,"false","EBI-2693647","P54136 (EBI-2693647) Q9P2J5"
"EBI-2693639","P54136 (EBI-2693639) Q9P2J5",,"false","EBI-2693639","P54136 (EBI-2693639) Q9P2J5"
"EBI-2323130","P63208 (EBI-2323130) Q9UKB1",,"false","EBI-2323130","P63208 (EBI-2323130) Q9UKB1"
"EBI-756523","O60232 (EBI-756523) O60232",,"false","EBI-756523","O60232 (EBI-756523) O60232"
"EBI-3203924","Q9Y3P9 (EBI-3203924) Q9Y3P9",,"false","EBI-3203924","Q9Y3P9 (EBI-3203924) Q9Y3P9"
"EBI-755914","Q8NFF5 (EBI-755914) Q8NFF5",,"false","EBI-755914","Q8NFF5 (EBI-755914) Q8NFF5"
"EBI-1165514","P68431 (EBI-1165514) Q13112",,"false","EBI-1165514","P68431 (EBI-1165514) Q13112"
"EBI-301276","Q15370 (EBI-301276) Q15369",,"false","EBI-301276","Q15370 (EBI-301276) Q15369"
"EBI-2349080","P68431 (EBI-2349080) Q13112",,"false","EBI-2349080","P68431 (EBI-2349080) Q13112"
"EBI-398510","Q15370 (EBI-398510) Q15369",,"false","EBI-398510","Q15370 (EBI-398510) Q15369"
"EBI-8837421","Q15370 (EBI-8837421) Q15369",,"false","EBI-8837421","Q15370 (EBI-8837421) Q15369"
"EBI-760396","Q15370 (EBI-760396) Q15369",,"false","EBI-760396","Q15370 (EBI-760396) Q15369"
"EBI-8837569","Q15370 (EBI-8837569) Q15369",,"false","EBI-8837569","Q15370 (EBI-8837569) Q15369"
"EBI-2108012","O14893 (EBI-2108012) Q16637",,"false","EBI-2108012","O14893 (EBI-2108012) Q16637"
"EBI-4325746","O14893 (EBI-4325746) Q16637",,"false","EBI-4325746","O14893 (EBI-4325746) Q16637"
"EBI-4325704","O14893 (EBI-4325704) Q16637",,"false","EBI-4325704","O14893 (EBI-4325704) Q16637"
"EBI-2527634","P26038 (EBI-2527634) O14745",,"false","EBI-2527634","P26038 (EBI-2527634) O14745"
"EBI-595260","Q13616 (EBI-595260) P63208",,"false","EBI-595260","Q13616 (EBI-595260) P63208"
"EBI-456350","Q13616 (EBI-456350) P63208",,"false","EBI-456350","Q13616 (EBI-456350) P63208"
"EBI-528781","P26038 (EBI-528781) O14745",,"false","EBI-528781","P26038 (EBI-528781) O14745"
"EBI-2527706","P26038 (EBI-2527706) O14745",,"false","EBI-2527706","P26038 (EBI-2527706) O14745"
"EBI-456255","Q13616 (EBI-456255) Q9Y297",,"false","EBI-456255","Q13616 (EBI-456255) Q9Y297"
"EBI-456255","Q13616 (EBI-456255) P63208",,"false","EBI-456255","Q13616 (EBI-456255) P63208"
"EBI-2507455","Q13616 (EBI-2507455) P63208",,"false","EBI-2507455","Q13616 (EBI-2507455) P63208"
"EBI-3450084","P49792 (EBI-3450084) P49792",,"false","EBI-3450084","P49792 (EBI-3450084) P49792"
"EBI-2507455","Q13616 (EBI-2507455) Q9Y297",,"false","EBI-2507455","Q13616 (EBI-2507455) Q9Y297"
"EBI-1177688","Q13619 (EBI-1177688) Q16531",,"false","EBI-1177688","Q13619 (EBI-1177688) Q16531"
"EBI-730168","Q99873 (EBI-730168) Q99873",,"false","EBI-730168","Q99873 (EBI-730168) Q99873"
"EBI-528793","P26038 (EBI-528793) O14745",,"false","EBI-528793","P26038 (EBI-528793) O14745"
"EBI-297464","P62993 (EBI-297464) P62993",,"false","EBI-297464","P62993 (EBI-297464) P62993"
"EBI-350217","P62993 (EBI-350217) P62993",,"false","EBI-350217","P62993 (EBI-350217) P62993"
"EBI-6172641","P62993 (EBI-6172641) P62993",,"false","EBI-6172641","P62993 (EBI-6172641) P62993"
"EBI-6172942","P62993 (EBI-6172942) P62993",,"false","EBI-6172942","P62993 (EBI-6172942) P62993"
"EBI-297464","P62993 (EBI-297464) P68431",,"false","EBI-297464","P62993 (EBI-297464) P68431"
"EBI-364099","Q9NYJ8 (EBI-364099) Q9NYJ8",,"false","EBI-364099","Q9NYJ8 (EBI-364099) Q9NYJ8"
"EBI-2615054","P62993 (EBI-2615054) P14868",,"false","EBI-2615054","P62993 (EBI-2615054) P14868"
"EBI-3197899","Q13501 (EBI-3197899) Q13501",,"false","EBI-3197899","Q13501 (EBI-3197899) Q13501"
"EBI-350217","P62993 (EBI-350217) P58107",,"false","EBI-350217","P62993 (EBI-350217) P58107"
"EBI-733385","Q13501 (EBI-733385) Q13501",,"false","EBI-733385","Q13501 (EBI-733385) Q13501"
"EBI-350217","P62993 (EBI-350217) Q2TAY7",,"false","EBI-350217","P62993 (EBI-350217) Q2TAY7"
"EBI-3453005","P62258 (EBI-3453005) P62258",,"false","EBI-3453005","P62258 (EBI-3453005) P62258"
"EBI-3253145","Q9BW61 (EBI-3253145) Q9C0C7",,"false","EBI-3253145","Q9BW61 (EBI-3253145) Q9C0C7"
"EBI-3253145","Q9BW61 (EBI-3253145) Q9BW61",,"false","EBI-3253145","Q9BW61 (EBI-3253145) Q9BW61"
"EBI-759688","O95197 (EBI-759688) O95197",,"false","EBI-759688","O95197 (EBI-759688) O95197"
"EBI-6162373","Q9Y297 (EBI-6162373) P63208",,"false","EBI-6162373","Q9Y297 (EBI-6162373) P63208"
"EBI-914716","Q9Y297 (EBI-914716) P63208",,"false","EBI-914716","Q9Y297 (EBI-914716) P63208"
"EBI-456337","Q9Y297 (EBI-456337) Q13616",,"false","EBI-456337","Q9Y297 (EBI-456337) Q13616"
"EBI-456337","Q9Y297 (EBI-456337) P63208",,"false","EBI-456337","Q9Y297 (EBI-456337) P63208"
"EBI-2514141","Q9Y297 (EBI-2514141) Q9UKB1",,"false","EBI-2514141","Q9Y297 (EBI-2514141) Q9UKB1"
"EBI-3951004","P63104 (EBI-3951004) P62258",,"false","EBI-3951004","P63104 (EBI-3951004) P62258"
"EBI-81008","P28288 (EBI-81008) P28288",,"false","EBI-81008","P28288 (EBI-81008) P28288"
"EBI-2615301","P51825 (EBI-2615301) P50750",,"false","EBI-2615301","P51825 (EBI-2615301) P50750"
"EBI-2619073","P51825 (EBI-2619073) P50750",,"false","EBI-2619073","P51825 (EBI-2619073) P50750"
"EBI-2614786","P51825 (EBI-2614786) P50750",,"false","EBI-2614786","P51825 (EBI-2614786) P50750"
"EBI-2614890","P51825 (EBI-2614890) P50750",,"false","EBI-2614890","P51825 (EBI-2614890) P50750"
"EBI-2619832","P51825 (EBI-2619832) P50750",,"false","EBI-2619832","P51825 (EBI-2619832) P50750"
"EBI-2660609","Q13098 (EBI-2660609) Q92905",,"false","EBI-2660609","Q13098 (EBI-2660609) Q92905"
"EBI-2676954","Q13098 (EBI-2676954) Q7L5N1",,"false","EBI-2676954","Q13098 (EBI-2676954) Q7L5N1"
"EBI-2676954","Q13098 (EBI-2676954) Q99627",,"false","EBI-2676954","Q13098 (EBI-2676954) Q99627"
"EBI-2660609","Q13098 (EBI-2660609) Q9UNS2",,"false","EBI-2660609","Q13098 (EBI-2660609) Q9UNS2"
"EBI-2660609","Q13098 (EBI-2660609) Q9BT78",,"false","EBI-2660609","Q13098 (EBI-2660609) Q9BT78"
"EBI-2660609","Q13098 (EBI-2660609) P61201",,"false","EBI-2660609","Q13098 (EBI-2660609) P61201"
"EBI-2127728","Q9Y3F4 (EBI-2127728) Q9Y3F4",,"false","EBI-2127728","Q9Y3F4 (EBI-2127728) Q9Y3F4"
"EBI-2606697","P24539 (EBI-2606697) P06576",,"false","EBI-2606697","P24539 (EBI-2606697) P06576"
"EBI-2606697","P24539 (EBI-2606697) P30049",,"false","EBI-2606697","P24539 (EBI-2606697) P30049"
"EBI-2606697","P24539 (EBI-2606697) P18859",,"false","EBI-2606697","P24539 (EBI-2606697) P18859"
"EBI-2606697","P24539 (EBI-2606697) O75947",,"false","EBI-2606697","P24539 (EBI-2606697) O75947"
"EBI-2619832","P51825 (EBI-2619832) O60563",,"false","EBI-2619832","P51825 (EBI-2619832) O60563"
"EBI-2619925","P51825 (EBI-2619925) O60563",,"false","EBI-2619925","P51825 (EBI-2619925) O60563"
"EBI-2610858","P51825 (EBI-2610858) P50750",,"false","EBI-2610858","P51825 (EBI-2610858) P50750"
"EBI-2614890","P51825 (EBI-2614890) O60563",,"false","EBI-2614890","P51825 (EBI-2614890) O60563"
"EBI-2614786","P51825 (EBI-2614786) O60563",,"false","EBI-2614786","P51825 (EBI-2614786) O60563"
"EBI-1164319","P43246 (EBI-1164319) P43246",,"false","EBI-1164319","P43246 (EBI-1164319) P43246"
"EBI-2619073","P51825 (EBI-2619073) O60563",,"false","EBI-2619073","P51825 (EBI-2619073) O60563"
"EBI-2615301","P51825 (EBI-2615301) O60563",,"false","EBI-2615301","P51825 (EBI-2615301) O60563"
"EBI-2619832","P51825 (EBI-2619832) Q9UHB7",,"false","EBI-2619832","P51825 (EBI-2619832) Q9UHB7"
"EBI-2615301","P51825 (EBI-2615301) Q9UHB7",,"false","EBI-2615301","P51825 (EBI-2615301) Q9UHB7"
"EBI-2610858","P51825 (EBI-2610858) O60563",,"false","EBI-2610858","P51825 (EBI-2610858) O60563"
"EBI-2610858","P51825 (EBI-2610858) Q9UHB7",,"false","EBI-2610858","P51825 (EBI-2610858) Q9UHB7"
"EBI-2610179","P51825 (EBI-2610179) Q9UHB7",,"false","EBI-2610179","P51825 (EBI-2610179) Q9UHB7"
"EBI-2614890","P51825 (EBI-2614890) Q9UHB7",,"false","EBI-2614890","P51825 (EBI-2614890) Q9UHB7"
"EBI-2614786","P51825 (EBI-2614786) Q03111",,"false","EBI-2614786","P51825 (EBI-2614786) Q03111"
"EBI-1060890","Q14978 (EBI-1060890) P32121",,"false","EBI-1060890","Q14978 (EBI-1060890) P32121"
"EBI-2614890","P51825 (EBI-2614890) Q03111",,"false","EBI-2614890","P51825 (EBI-2614890) Q03111"
"EBI-2615301","P51825 (EBI-2615301) Q03111",,"false","EBI-2615301","P51825 (EBI-2615301) Q03111"
"EBI-2619832","P51825 (EBI-2619832) Q03111",,"false","EBI-2619832","P51825 (EBI-2619832) Q03111"
"EBI-1074591","Q14978 (EBI-1074591) P61981",,"false","EBI-1074591","Q14978 (EBI-1074591) P61981"
"EBI-2610179","P51825 (EBI-2610179) Q03111",,"false","EBI-2610179","P51825 (EBI-2610179) Q03111"
"EBI-760429","Q14566 (EBI-760429) Q14566",,"false","EBI-760429","Q14566 (EBI-760429) Q14566"
"EBI-375230","Q14566 (EBI-375230) Q14566",,"false","EBI-375230","Q14566 (EBI-375230) Q14566"
"EBI-1647790","Q14566 (EBI-1647790) P42771",,"false","EBI-1647790","Q14566 (EBI-1647790) P42771"
"EBI-1642843","P32121 (EBI-1642843) Q14978",,"false","EBI-1642843","P32121 (EBI-1642843) Q14978"
"EBI-1642567","P32121 (EBI-1642567) Q14978",,"false","EBI-1642567","P32121 (EBI-1642567) Q14978"
"EBI-1642567","P32121 (EBI-1642567) O14974",,"false","EBI-1642567","P32121 (EBI-1642567) O14974"
"EBI-1643217","P32121 (EBI-1643217) Q14978",,"false","EBI-1643217","P32121 (EBI-1643217) Q14978"
"EBI-1642843","P32121 (EBI-1642843) P07384",,"false","EBI-1642843","P32121 (EBI-1642843) P07384"
"EBI-1642843","P32121 (EBI-1642843) Q9UQ35",,"false","EBI-1642843","P32121 (EBI-1642843) Q9UQ35"
"EBI-1641832","P42771 (EBI-1641832) Q14566",,"false","EBI-1641832","P42771 (EBI-1641832) Q14566"
"EBI-1641665","P42771 (EBI-1641665) Q14566",,"false","EBI-1641665","P42771 (EBI-1641665) Q14566"
"EBI-703050","P13612 (EBI-703050) P13612",,"false","EBI-703050","P13612 (EBI-703050) P13612"
"EBI-703182","P13612 (EBI-703182) P13612",,"false","EBI-703182","P13612 (EBI-703182) P13612"
"EBI-2510472","O15372 (EBI-2510472) O15372",,"false","EBI-2510472","O15372 (EBI-2510472) O15372"
"EBI-1063848","O15372 (EBI-1063848) Q14152",,"false","EBI-1063848","O15372 (EBI-1063848) Q14152"
"EBI-876717","Q07864 (EBI-876717) Q9NRF9",,"false","EBI-876717","Q07864 (EBI-876717) Q9NRF9"
"EBI-3452954","P61981 (EBI-3452954) P62258",,"false","EBI-3452954","P61981 (EBI-3452954) P62258"
"EBI-3453496","P61981 (EBI-3453496) P62258",,"false","EBI-3453496","P61981 (EBI-3453496) P62258"
"EBI-867144","Q9NRF9 (EBI-867144) Q9NR33",,"false","EBI-867144","Q9NRF9 (EBI-867144) Q9NR33"
"EBI-867144","Q9NRF9 (EBI-867144) Q07864",,"false","EBI-867144","Q9NRF9 (EBI-867144) Q07864"
"EBI-876717","Q07864 (EBI-876717) Q9NR33",,"false","EBI-876717","Q07864 (EBI-876717) Q9NR33"
"EBI-3934432","P61981 (EBI-3934432) P62258",,"false","EBI-3934432","P61981 (EBI-3934432) P62258"
"EBI-8758601","P31946 (EBI-8758601) P31946",,"false","EBI-8758601","P31946 (EBI-8758601) P31946"
"EBI-8798209","P31946 (EBI-8798209) P63104",,"false","EBI-8798209","P31946 (EBI-8798209) P63104"
"EBI-3931369","Q13155 (EBI-3931369) Q15046",,"false","EBI-3931369","Q13155 (EBI-3931369) Q15046"
"EBI-8798209","P31946 (EBI-8798209) P62258",,"false","EBI-8798209","P31946 (EBI-8798209) P62258"
"EBI-8796749","P31946 (EBI-8796749) P62258",,"false","EBI-8796749","P31946 (EBI-8796749) P62258"
"EBI-6175491","P04578 (EBI-6175491) P27824",,"false","EBI-6175491","P04578 (EBI-6175491) P27824"
"EBI-6175491","P04578 (EBI-6175491) P25786",,"false","EBI-6175491","P04578 (EBI-6175491) P25786"
"EBI-6175491","P04578 (EBI-6175491) P05067",,"false","EBI-6175491","P04578 (EBI-6175491) P05067"
"EBI-6177436","P04578 (EBI-6177436) P27797",,"false","EBI-6177436","P04578 (EBI-6177436) P27797"
"EBI-6174316","P04578 (EBI-6174316) P27797",,"false","EBI-6174316","P04578 (EBI-6174316) P27797"
"EBI-6175491","P04578 (EBI-6175491) P07237",,"false","EBI-6175491","P04578 (EBI-6175491) P07237"
"EBI-6176529","P04578 (EBI-6176529) P30101",,"false","EBI-6176529","P04578 (EBI-6176529) P30101"
"EBI-2514231","Q9UKB1 (EBI-2514231) P63208",,"false","EBI-2514231","Q9UKB1 (EBI-2514231) P63208"
"EBI-914707","Q9UKB1 (EBI-914707) P63208",,"false","EBI-914707","Q9UKB1 (EBI-914707) P63208"
"EBI-867075","Q9NRF9 (EBI-867075) Q9NR33",,"false","EBI-867075","Q9NRF9 (EBI-867075) Q9NR33"
"EBI-6177436","P04578 (EBI-6177436) Q9UBS4",,"false","EBI-6177436","P04578 (EBI-6177436) Q9UBS4"
"EBI-6174316","P04578 (EBI-6174316) Q9UBS4",,"false","EBI-6174316","P04578 (EBI-6174316) Q9UBS4"
"EBI-6176529","P04578 (EBI-6176529) O00264",,"false","EBI-6176529","P04578 (EBI-6176529) O00264"
"EBI-6176529","P04578 (EBI-6176529) P04843",,"false","EBI-6176529","P04578 (EBI-6176529) P04843"
"EBI-6175491","P04578 (EBI-6175491) Q9UBS4",,"false","EBI-6175491","P04578 (EBI-6175491) Q9UBS4"
"EBI-6176529","P04578 (EBI-6176529) P05107",,"false","EBI-6176529","P04578 (EBI-6176529) P05107"
"EBI-6175491","P04578 (EBI-6175491) P27797",,"false","EBI-6175491","P04578 (EBI-6175491) P27797"
"EBI-6175491","P04578 (EBI-6175491) Q14697",,"false","EBI-6175491","P04578 (EBI-6175491) Q14697"
"EBI-6176529","P04578 (EBI-6176529) Q14697",,"false","EBI-6176529","P04578 (EBI-6176529) Q14697"
"EBI-6177436","P04578 (EBI-6177436) Q14697",,"false","EBI-6177436","P04578 (EBI-6177436) Q14697"
"EBI-6176529","P04578 (EBI-6176529) P16615",,"false","EBI-6176529","P04578 (EBI-6176529) P16615"
"EBI-6176529","P04578 (EBI-6176529) P51571",,"false","EBI-6176529","P04578 (EBI-6176529) P51571"
"EBI-6176529","P04578 (EBI-6176529) Q07065",,"false","EBI-6176529","P04578 (EBI-6176529) Q07065"
"EBI-6175491","P04578 (EBI-6175491) Q07065",,"false","EBI-6175491","P04578 (EBI-6175491) Q07065"
"EBI-6174316","P04578 (EBI-6174316) Q07065",,"false","EBI-6174316","P04578 (EBI-6174316) Q07065"
"EBI-6176529","P04578 (EBI-6176529) Q9H3P7",,"false","EBI-6176529","P04578 (EBI-6176529) Q9H3P7"
"EBI-6177436","P04578 (EBI-6177436) P61619",,"false","EBI-6177436","P04578 (EBI-6177436) P61619"
"EBI-6177436","P04578 (EBI-6177436) Q13438",,"false","EBI-6177436","P04578 (EBI-6177436) Q13438"
"EBI-6176529","P04578 (EBI-6176529) P14314",,"false","EBI-6176529","P04578 (EBI-6176529) P14314"
"EBI-6177436","P04578 (EBI-6177436) P14314",,"false","EBI-6177436","P04578 (EBI-6177436) P14314"
"EBI-6177436","P04578 (EBI-6177436) P07339",,"false","EBI-6177436","P04578 (EBI-6177436) P07339"
"EBI-6175491","P04578 (EBI-6175491) P14314",,"false","EBI-6175491","P04578 (EBI-6175491) P14314"
"EBI-6177436","P04578 (EBI-6177436) Q13112",,"false","EBI-6177436","P04578 (EBI-6177436) Q13112"
"EBI-2479735","O60563 (EBI-2479735) P50750",,"false","EBI-2479735","O60563 (EBI-2479735) P50750"
"EBI-6174316","P04578 (EBI-6174316) P49257",,"false","EBI-6174316","P04578 (EBI-6174316) P49257"
"EBI-6177436","P04578 (EBI-6177436) P01130",,"false","EBI-6177436","P04578 (EBI-6177436) P01130"
"EBI-6174316","P04578 (EBI-6174316) P45880",,"false","EBI-6174316","P04578 (EBI-6174316) P45880"
"EBI-6174316","P04578 (EBI-6174316) P28072",,"false","EBI-6174316","P04578 (EBI-6174316) P28072"
"EBI-6175491","P04578 (EBI-6175491) P13073",,"false","EBI-6175491","P04578 (EBI-6175491) P13073"
"EBI-6177436","P04578 (EBI-6177436) Q9NYU2",,"false","EBI-6177436","P04578 (EBI-6177436) Q9NYU2"
"EBI-6174316","P04578 (EBI-6174316) Q9UBV2",,"false","EBI-6174316","P04578 (EBI-6174316) Q9UBV2"
"EBI-6177436","P04578 (EBI-6177436) Q9UBV2",,"false","EBI-6177436","P04578 (EBI-6177436) Q9UBV2"
"EBI-6176529","P04578 (EBI-6176529) Q9UBV2",,"false","EBI-6176529","P04578 (EBI-6176529) Q9UBV2"
"EBI-6177436","P04578 (EBI-6177436) Q9BXS5",,"false","EBI-6177436","P04578 (EBI-6177436) Q9BXS5"
"EBI-6177436","P04578 (EBI-6177436) P49257",,"false","EBI-6177436","P04578 (EBI-6177436) P49257"
"EBI-6177436","P04578 (EBI-6177436) Q96EE3",,"false","EBI-6177436","P04578 (EBI-6177436) Q96EE3"
"EBI-6174316","P04578 (EBI-6174316) Q9Y287",,"false","EBI-6174316","P04578 (EBI-6174316) Q9Y287"
"EBI-6174316","P04578 (EBI-6174316) Q96DZ1",,"false","EBI-6174316","P04578 (EBI-6174316) Q96DZ1"
"EBI-6175491","P04578 (EBI-6175491) Q9HCN8",,"false","EBI-6175491","P04578 (EBI-6175491) Q9HCN8"
"EBI-6176529","P04578 (EBI-6176529) O94901",,"false","EBI-6176529","P04578 (EBI-6176529) O94901"
"EBI-6176529","P04578 (EBI-6176529) Q9HCN8",,"false","EBI-6176529","P04578 (EBI-6176529) Q9HCN8"
"EBI-6176529","P04578 (EBI-6176529) Q8TCT9",,"false","EBI-6176529","P04578 (EBI-6176529) Q8TCT9"
"EBI-6177436","P04578 (EBI-6177436) O94901",,"false","EBI-6177436","P04578 (EBI-6177436) O94901"
"EBI-6177436","P04578 (EBI-6177436) Q9HCN8",,"false","EBI-6177436","P04578 (EBI-6177436) Q9HCN8"
"EBI-6176529","P04578 (EBI-6176529) P20701",,"false","EBI-6176529","P04578 (EBI-6176529) P20701"
"EBI-6176529","P04578 (EBI-6176529) Q9Y282",,"false","EBI-6176529","P04578 (EBI-6176529) Q9Y282"
"EBI-6176529","P04578 (EBI-6176529) Q99470",,"false","EBI-6176529","P04578 (EBI-6176529) Q99470"
"EBI-6175491","P04578 (EBI-6175491) Q99470",,"false","EBI-6175491","P04578 (EBI-6175491) Q99470"
"EBI-6177436","P04578 (EBI-6177436) O14967",,"false","EBI-6177436","P04578 (EBI-6177436) O14967"
"EBI-6174316","P04578 (EBI-6174316) Q99470",,"false","EBI-6174316","P04578 (EBI-6174316) Q99470"
"EBI-6176529","P04578 (EBI-6176529) Q9Y287",,"false","EBI-6176529","P04578 (EBI-6176529) Q9Y287"
"EBI-6176529","P04578 (EBI-6176529) Q14696",,"false","EBI-6176529","P04578 (EBI-6176529) Q14696"
"EBI-6176529","P04578 (EBI-6176529) Q96DZ1",,"false","EBI-6176529","P04578 (EBI-6176529) Q96DZ1"
"EBI-6177436","P04578 (EBI-6177436) P01733",,"false","EBI-6177436","P04578 (EBI-6177436) P01733"
"EBI-6177436","P04578 (EBI-6177436) P01850",,"false","EBI-6177436","P04578 (EBI-6177436) P01850"
"EBI-6177436","P04578 (EBI-6177436) Q9NWW5",,"false","EBI-6177436","P04578 (EBI-6177436) Q9NWW5"
"EBI-6174316","P04578 (EBI-6174316) Q9BYC5",,"false","EBI-6174316","P04578 (EBI-6174316) Q9BYC5"
"EBI-6177436","P04578 (EBI-6177436) Q96IV0",,"false","EBI-6177436","P04578 (EBI-6177436) Q96IV0"
"EBI-6177436","P04578 (EBI-6177436) Q15392",,"false","EBI-6177436","P04578 (EBI-6177436) Q15392"
"EBI-6177436","P04578 (EBI-6177436) Q6DD88",,"false","EBI-6177436","P04578 (EBI-6177436) Q6DD88"
"EBI-6174316","P04578 (EBI-6174316) Q15165",,"false","EBI-6174316","P04578 (EBI-6174316) Q15165"
"EBI-6177436","P04578 (EBI-6177436) P43630",,"false","EBI-6177436","P04578 (EBI-6177436) P43630"
"EBI-847979","Q9Y282 (EBI-847979) Q969X5",,"false","EBI-847979","Q9Y282 (EBI-847979) Q969X5"
"EBI-781570","Q9Y282 (EBI-781570) Q969X5",,"false","EBI-781570","Q9Y282 (EBI-781570) Q969X5"
"EBI-1642567","P32121 (EBI-1642567) P32121",,"false","EBI-1642567","P32121 (EBI-1642567) P32121"
"EBI-1642843","P32121 (EBI-1642843) P31946",,"false","EBI-1642843","P32121 (EBI-1642843) P31946"
"EBI-8838177","P32121 (EBI-8838177) P32121",,"false","EBI-8838177","P32121 (EBI-8838177) P32121"
"EBI-1642843","P32121 (EBI-1642843) P32121",,"false","EBI-1642843","P32121 (EBI-1642843) P32121"
"EBI-1642843","P32121 (EBI-1642843) Q9Y2W1",,"false","EBI-1642843","P32121 (EBI-1642843) Q9Y2W1"
"EBI-6124485","Q6P2E9 (EBI-6124485) P19525",,"false","EBI-6124485","Q6P2E9 (EBI-6124485) P19525"
"EBI-1642567","P32121 (EBI-1642567) P61981",,"false","EBI-1642567","P32121 (EBI-1642567) P61981"
"EBI-2679404","P07814 (EBI-2679404) P41252",,"false","EBI-2679404","P07814 (EBI-2679404) P41252"
"EBI-2679429","P07814 (EBI-2679429) P41252",,"false","EBI-2679429","P07814 (EBI-2679429) P41252"
"EBI-2679483","P07814 (EBI-2679483) P41252",,"false","EBI-2679483","P07814 (EBI-2679483) P41252"
"EBI-6598911","Q9UHI6 (EBI-6598911) P57678",,"false","EBI-6598911","Q9UHI6 (EBI-6598911) P57678"
