gene_symbol,string_id
A2M,9606.ENSP00000323929
AAAS,9606.ENSP00000209873
AADAT,9606.ENSP00000423190
AARS1,9606.ENSP00000261772
ABAT,9606.ENSP00000379845
ABCA1,9606.ENSP00000363868
ABCA2,9606.ENSP00000344155
ABCA3,9606.ENSP00000301732
ABCA4,9606.ENSP00000359245
ABCA5,9606.ENSP00000376443
ABCA6,9606.ENSP00000284425
ABCA8,9606.ENSP00000467271
ABCA9,9606.ENSP00000342216
ABCB1,9606.ENSP00000478255
ABCB4,9606.ENSP00000265723
ABCB7,9606.ENSP00000253577
ABCB8,9606.ENSP00000297504
ABCB9,9606.ENSP00000440288
ABCC1,9606.ENSP00000382342
ABCC3,9606.ENSP00000285238
ABCC4,9606.ENSP00000494609
ABCC5,9606.ENSP00000333926
ABCC8,9606.ENSP00000494321
ABCD1,9606.ENSP00000218104
ABCD2,9606.ENSP00000310688
ABCD3,9606.ENSP00000359233
ABCE1,9606.ENSP00000296577
ABCF2,9606.ENSP00000222388
ABCG2,9606.ENSP00000498246
ABHD2,9606.ENSP00000268129
ABHD4,9606.ENSP00000414558
ABHD6,9606.ENSP00000295962
ABI1,9606.ENSP00000365312
ABI3BP,9606.ENSP00000284322
ABL1,9606.ENSP00000361423
ABLIM1,9606.ENSP00000277895
ABR,9606.ENSP00000303909
ACAA1,9606.ENSP00000333664
ACAA2,9606.ENSP00000285093
ACACA,9606.ENSP00000483300
ACADM,9606.ENSP00000359871
ACADS,9606.ENSP00000242592
ACADSB,9606.ENSP00000357873
ACADVL,9606.ENSP00000438689
ACAT1,9606.ENSP00000265838
ACAT2,9606.ENSP00000356015
ACE,9606.ENSP00000290866
ACHE,9606.ENSP00000303211
ACKR1,9606.ENSP00000357103
ACKR3,9606.ENSP00000272928
ACLY,9606.ENSP00000466259
ACO2,9606.ENSP00000216254
ACOT2,9606.ENSP00000238651
ACOT8,9606.ENSP00000217455
ACOX1,9606.ENSP00000293217
ACOX2,9606.ENSP00000307697
ACOX3,9606.ENSP00000348775
ACP1,9606.ENSP00000272067
ACP5,9606.ENSP00000218758
ACRBP,9606.ENSP00000229243
ACSL1,9606.ENSP00000422607
ACSL3,9606.ENSP00000350012
ACSL4,9606.ENSP00000339787
ACSL5,9606.ENSP00000348429
ACSM1,9606.ENSP00000301956
ACSM3,9606.ENSP00000289416
ACSS1,9606.ENSP00000316924
ACSS2,9606.ENSP00000253382
ACTA1,9606.ENSP00000355645
ACTA2,9606.ENSP00000224784
ACTB,9606.ENSP00000494750
ACTG1,9606.ENSP00000458162
ACTG2,9606.ENSP00000386857
ACTN1,9606.ENSP00000377941
ACTN4,9606.ENSP00000252699
ACTR2,9606.ENSP00000367220
ACTR3,9606.ENSP00000263238
ACVR1,9606.ENSP00000405004
ACVR1B,9606.ENSP00000442656
ACVR2A,9606.ENSP00000241416
ACVRL1,9606.ENSP00000373574
ADA,9606.ENSP00000361965
ADAM10,9606.ENSP00000260408
ADAM12,9606.ENSP00000357668
ADAM15,9606.ENSP00000349436
ADAM17,9606.ENSP00000309968
ADAM19,9606.ENSP00000257527
ADAM23,9606.ENSP00000264377
ADAM8,9606.ENSP00000453302
ADAM9,9606.ENSP00000419446
ADAMDEC1,9606.ENSP00000256412
ADAMTS1,9606.ENSP00000284984
ADAMTS5,9606.ENSP00000284987
ADAR,9606.ENSP00000357459
ADCY1,9606.ENSP00000297323
ADCY2,9606.ENSP00000342952
ADCY6,9606.ENSP00000311405
ADCY9,9606.ENSP00000294016
ADCYAP1,9606.ENSP00000462647
ADD1,9606.ENSP00000264758
ADD2,9606.ENSP00000264436
ADD3,9606.ENSP00000348381
ADGRA2,9606.ENSP00000406367
ADGRE1,9606.ENSP00000311545
ADGRG1,9606.ENSP00000455215
ADGRL2,9606.ENSP00000359765
ADGRL4,9606.ENSP00000359778
ADH1C,9606.ENSP00000426083
ADH5,9606.ENSP00000296412
ADIPOQ,9606.ENSP00000389814
ADIPOR1,9606.ENSP00000341785
ADIPOR2,9606.ENSP00000349616
ADM,9606.ENSP00000436607
ADORA2B,9606.ENSP00000304501
ADRA1B,9606.ENSP00000306662
ADRA2B,9606.ENSP00000480573
ADRA2C,9606.ENSP00000386069
ADRM1,9606.ENSP00000478877
ADSL,9606.ENSP00000485525
AEBP1,9606.ENSP00000223357
AEN,9606.ENSP00000331944
AFAP1L2,9606.ENSP00000303042
AFF1,9606.ENSP00000378578
AFG3L2,9606.ENSP00000269143
AGER,9606.ENSP00000364210
AGFG1,9606.ENSP00000387282
AGGF1,9606.ENSP00000316109
AGL,9606.ENSP00000294724
AGO2,9606.ENSP00000220592
AGO4,9606.ENSP00000362306
AGPAT3,9606.ENSP00000291572
AGPAT4,9606.ENSP00000314036
AGR2,9606.ENSP00000391490
AGRN,9606.ENSP00000368678
AHCY,9606.ENSP00000217426
AHNAK,9606.ENSP00000367263
AHR,9606.ENSP00000242057
AIFM1,9606.ENSP00000287295
AIFM3,9606.ENSP00000382120
AIMP2,9606.ENSP00000223029
AK1,9606.ENSP00000223836
AK2,9606.ENSP00000499935
AK3,9606.ENSP00000371230
AK4,9606.ENSP00000378743
AKAP1,9606.ENSP00000478212
AKAP10,9606.ENSP00000225737
AKAP12,9606.ENSP00000384537
AKAP13,9606.ENSP00000354718
AKAP7,9606.ENSP00000405252
AKR1A1,9606.ENSP00000361140
AKR1B10,9606.ENSP00000352584
AKR1C2,9606.ENSP00000370129
AKR1C3,9606.ENSP00000369927
AKT1,9606.ENSP00000451828
AKT1S1,9606.ENSP00000375711
AKT2,9606.ENSP00000375892
AKT3,9606.ENSP00000500582
ALAD,9606.ENSP00000386284
ALAS1,9606.ENSP00000378416
ALB,9606.ENSP00000295897
ALCAM,9606.ENSP00000305988
ALDH18A1,9606.ENSP00000360268
ALDH1A1,9606.ENSP00000297785
ALDH1A2,9606.ENSP00000249750
ALDH1A3,9606.ENSP00000332256
ALDH2,9606.ENSP00000261733
ALDH3A2,9606.ENSP00000345774
ALDH3B1,9606.ENSP00000473990
ALDH6A1,9606.ENSP00000450436
ALDH7A1,9606.ENSP00000387123
ALDH8A1,9606.ENSP00000265605
ALDH9A1,9606.ENSP00000346827
ALDOA,9606.ENSP00000496166
ALDOC,9606.ENSP00000378731
ALG1,9606.ENSP00000262374
ALMS1,9606.ENSP00000482968
ALOX15,9606.ENSP00000293761
ALOX15B,9606.ENSP00000369530
ALS2,9606.ENSP00000264276
ALYREF,9606.ENSP00000421592
AMACR,9606.ENSP00000371517
AMFR,9606.ENSP00000290649
AMH,9606.ENSP00000221496
AMIGO1,9606.ENSP00000358880
AMIGO2,9606.ENSP00000266581
AMMECR1,9606.ENSP00000262844
AMOT,9606.ENSP00000361027
AMPD3,9606.ENSP00000379802
AMPH,9606.ENSP00000348602
ANG,9606.ENSP00000336762
ANGPT1,9606.ENSP00000428340
ANGPTL4,9606.ENSP00000301455
ANKH,9606.ENSP00000284268
ANKRA2,9606.ENSP00000296785
ANKZF1,9606.ENSP00000321617
ANLN,9606.ENSP00000265748
ANO1,9606.ENSP00000347454
ANP32E,9606.ENSP00000463154
ANPEP,9606.ENSP00000300060
ANTXR2,9606.ENSP00000306185
ANXA1,9606.ENSP00000366109
ANXA2,9606.ENSP00000346032
ANXA4,9606.ENSP00000377833
ANXA5,9606.ENSP00000296511
ANXA9,9606.ENSP00000357943
AOC3,9606.ENSP00000312326
AOX1,9606.ENSP00000363832
AP1G1,9606.ENSP00000377148
AP2B1,9606.ENSP00000483185
AP2M1,9606.ENSP00000403362
AP2S1,9606.ENSP00000470176
AP3B1,9606.ENSP00000255194
AP3S1,9606.ENSP00000325369
AP4B1,9606.ENSP00000358582
APAF1,9606.ENSP00000448165
APBB1,9606.ENSP00000477213
APBB2,9606.ENSP00000427211
APC,9606.ENSP00000257430
APEX1,9606.ENSP00000216714
APH1A,9606.ENSP00000358105
APLNR,9606.ENSP00000475344
APLP1,9606.ENSP00000221891
APLP2,9606.ENSP00000497691
APOBEC3F,9606.ENSP00000309749
APOBEC3G,9606.ENSP00000385057
APOC1,9606.ENSP00000465356
APOD,9606.ENSP00000345179
APOE,9606.ENSP00000252486
APOL6,9606.ENSP00000386280
APOM,9606.ENSP00000365081
APP,9606.ENSP00000284981
APPBP2,9606.ENSP00000083182
APRT,9606.ENSP00000367615
AQP3,9606.ENSP00000297991
AQP7,9606.ENSP00000297988
AQP9,9606.ENSP00000219919
AR,9606.ENSP00000363822
ARAF,9606.ENSP00000290277
ARAP3,9606.ENSP00000239440
ARCN1,9606.ENSP00000264028
AREG,9606.ENSP00000379097
ARF1,9606.ENSP00000440005
ARF4,9606.ENSP00000306010
ARF6,9606.ENSP00000298316
ARFGAP1,9606.ENSP00000314615
ARFGAP3,9606.ENSP00000263245
ARFGEF1,9606.ENSP00000262215
ARFGEF2,9606.ENSP00000360985
ARFIP1,9606.ENSP00000296557
ARFIP2,9606.ENSP00000484121
ARG2,9606.ENSP00000261783
ARHGAP10,9606.ENSP00000336923
ARHGAP27,9606.ENSP00000403323
ARHGAP29,9606.ENSP00000260526
ARHGAP4,9606.ENSP00000359045
ARHGAP5,9606.ENSP00000371897
ARHGDIA,9606.ENSP00000463939
ARHGDIG,9606.ENSP00000219409
ARHGEF11,9606.ENSP00000357177
ARHGEF12,9606.ENSP00000380942
ARHGEF2,9606.ENSP00000354837
ARHGEF3,9606.ENSP00000341071
ARHGEF6,9606.ENSP00000250617
ARHGEF7,9606.ENSP00000495631
ARHGEF9,9606.ENSP00000490940
ARID4A,9606.ENSP00000347602
ARID4B,9606.ENSP00000264183
ARID5B,9606.ENSP00000279873
ARL3,9606.ENSP00000260746
ARL4A,9606.ENSP00000379898
ARL6IP1,9606.ENSP00000306788
ARL8A,9606.ENSP00000272217
ARPC2,9606.ENSP00000295685
ARPC3,9606.ENSP00000228825
ARPC5L,9606.ENSP00000345361
ARPP19,9606.ENSP00000454341
ARRB1,9606.ENSP00000409581
ARRB2,9606.ENSP00000403701
ARTN,9606.ENSP00000387435
ASB13,9606.ENSP00000350331
ASB7,9606.ENSP00000328327
ASCL1,9606.ENSP00000266744
ASF1A,9606.ENSP00000229595
ASF1B,9606.ENSP00000263382
ASL,9606.ENSP00000307188
ASS1,9606.ENSP00000361471
ATAD2,9606.ENSP00000287394
ATF1,9606.ENSP00000262053
ATF3,9606.ENSP00000344352
ATF4,9606.ENSP00000336790
ATF5,9606.ENSP00000396954
ATF6,9606.ENSP00000356919
ATG10,9606.ENSP00000282185
ATG4A,9606.ENSP00000361306
ATG4B,9606.ENSP00000384259
ATL2,9606.ENSP00000368237
ATOH8,9606.ENSP00000304676
ATOX1,9606.ENSP00000430598
ATP1A1,9606.ENSP00000445306
ATP1B1,9606.ENSP00000356790
ATP1B3,9606.ENSP00000286371
ATP2A1,9606.ENSP00000349595
ATP2A2,9606.ENSP00000440045
ATP2B1,9606.ENSP00000392043
ATP2B4,9606.ENSP00000350310
ATP2C1,9606.ENSP00000421326
ATP5F1A,9606.ENSP00000381736
ATP5F1B,9606.ENSP00000262030
ATP5F1C,9606.ENSP00000349142
ATP5F1D,9606.ENSP00000215375
ATP5F1E,9606.ENSP00000243997
ATP5MC1,9606.ENSP00000377033
ATP5MC2,9606.ENSP00000499883
ATP5MC3,9606.ENSP00000284727
ATP5ME,9606.ENSP00000306003
ATP5MF,9606.ENSP00000292475
ATP5MG,9606.ENSP00000300688
ATP5PB,9606.ENSP00000358737
ATP5PD,9606.ENSP00000301587
ATP5PF,9606.ENSP00000389649
ATP5PO,9606.ENSP00000290299
ATP6AP1,9606.ENSP00000358777
ATP6V0A1,9606.ENSP00000264649
ATP6V0A4,9606.ENSP00000308122
ATP6V0B,9606.ENSP00000434729
ATP6V0D1,9606.ENSP00000290949
ATP6V0E1,9606.ENSP00000429690
ATP6V1B1,9606.ENSP00000234396
ATP6V1C1,9606.ENSP00000430282
ATP6V1D,9606.ENSP00000216442
ATP6V1E1,9606.ENSP00000253413
ATP6V1F,9606.ENSP00000417378
ATP6V1G1,9606.ENSP00000363162
ATP6V1H,9606.ENSP00000352522
ATP7A,9606.ENSP00000345728
ATP8B1,9606.ENSP00000497896
ATRN,9606.ENSP00000262919
ATRX,9606.ENSP00000362441
ATXN1,9606.ENSP00000244769
ATXN2,9606.ENSP00000446576
AUH,9606.ENSP00000364883
AURKA,9606.ENSP00000216911
AURKB,9606.ENSP00000313950
AUTS2,9606.ENSP00000344087
AVL9,9606.ENSP00000315568
AVPR1A,9606.ENSP00000299178
AXIN1,9606.ENSP00000262320
AXIN2,9606.ENSP00000302625
AXL,9606.ENSP00000301178
AZGP1,9606.ENSP00000292401
B2M,9606.ENSP00000497910
B3GALT6,9606.ENSP00000368496
B3GAT3,9606.ENSP00000265471
B3GNT3,9606.ENSP00000321874
B4GALT1,9606.ENSP00000369055
B4GALT2,9606.ENSP00000310696
B4GALT4,9606.ENSP00000420161
B4GALT5,9606.ENSP00000360776
B4GALT7,9606.ENSP00000029410
BACH1,9606.ENSP00000382805
BAG1,9606.ENSP00000489189
BAG3,9606.ENSP00000358081
BAIAP2,9606.ENSP00000316338
BAK1,9606.ENSP00000363591
BANF1,9606.ENSP00000433760
BANK1,9606.ENSP00000320509
BARD1,9606.ENSP00000260947
BASP1,9606.ENSP00000319281
BATF,9606.ENSP00000286639
BATF2,9606.ENSP00000301887
BATF3,9606.ENSP00000243440
BAX,9606.ENSP00000293288
BAZ2A,9606.ENSP00000446880
BBOX1,9606.ENSP00000263182
BCAM,9606.ENSP00000270233
BCAN,9606.ENSP00000331210
BCAP31,9606.ENSP00000392330
BCAR1,9606.ENSP00000391669
BCAR3,9606.ENSP00000260502
BCAT1,9606.ENSP00000443459
BCKDHB,9606.ENSP00000318351
BCL10,9606.ENSP00000498104
BCL11B,9606.ENSP00000349723
BCL2,9606.ENSP00000381185
BCL2A1,9606.ENSP00000267953
BCL2L1,9606.ENSP00000365230
BCL2L10,9606.ENSP00000453562
BCL2L11,9606.ENSP00000376943
BCL2L13,9606.ENSP00000480836
BCL2L2,9606.ENSP00000250405
BCL3,9606.ENSP00000164227
BCL6,9606.ENSP00000384371
BCR,9606.ENSP00000303507
BDH2,9606.ENSP00000296424
BDKRB1,9606.ENSP00000216629
BDKRB2,9606.ENSP00000450482
BEST1,9606.ENSP00000399709
BET1,9606.ENSP00000222547
BGN,9606.ENSP00000327336
BHLHE40,9606.ENSP00000256495
BID,9606.ENSP00000318822
BIK,9606.ENSP00000216115
BIN1,9606.ENSP00000316779
BIRC2,9606.ENSP00000477613
BIRC3,9606.ENSP00000263464
BIRC5,9606.ENSP00000301633
BLCAP,9606.ENSP00000397172
BLVRA,9606.ENSP00000385757
BLVRB,9606.ENSP00000263368
BMF,9606.ENSP00000346697
BMP1,9606.ENSP00000305714
BMP2,9606.ENSP00000368104
BMP2K,9606.ENSP00000334836
BMP6,9606.ENSP00000283147
BMPR1A,9606.ENSP00000361107
BMPR1B,9606.ENSP00000401907
BMPR2,9606.ENSP00000363708
BNIP3,9606.ENSP00000357625
BNIP3L,9606.ENSP00000370003
BPGM,9606.ENSP00000376840
BPHL,9606.ENSP00000369739
BPNT1,9606.ENSP00000446828
BRAF,9606.ENSP00000419060
BRCA1,9606.ENSP00000418960
BRCA2,9606.ENSP00000369497
BRF2,9606.ENSP00000220659
BRMS1L,9606.ENSP00000216807
BRPF3,9606.ENSP00000350267
BSG,9606.ENSP00000333769
BST2,9606.ENSP00000252593
BTBD3,9606.ENSP00000384545
BTC,9606.ENSP00000379092
BTG1,9606.ENSP00000256015
BTG2,9606.ENSP00000290551
BTG3,9606.ENSP00000344609
BTRC,9606.ENSP00000359206
BUB1,9606.ENSP00000302530
BUB1B,9606.ENSP00000287598
BUB3,9606.ENSP00000357858
BYSL,9606.ENSP00000230340
C1QA,9606.ENSP00000363773
C1QBP,9606.ENSP00000225698
C1QC,9606.ENSP00000363770
C1R,9606.ENSP00000444271
C1S,9606.ENSP00000385035
C2,9606.ENSP00000299367
C3,9606.ENSP00000245907
C3AR1,9606.ENSP00000302079
C4BPB,9606.ENSP00000243611
C5,9606.ENSP00000223642
C5AR1,9606.ENSP00000347197
C8G,9606.ENSP00000360697
CA12,9606.ENSP00000178638
CA2,9606.ENSP00000285379
CAB39,9606.ENSP00000258418
CAB39L,9606.ENSP00000479669
CACNA1F,9606.ENSP00000365441
CACNA1H,9606.ENSP00000334198
CACNA2D2,9606.ENSP00000418081
CACNG1,9606.ENSP00000226021
CACYBP,9606.ENSP00000356652
CAD,9606.ENSP00000264705
CADM1,9606.ENSP00000329797
CADM2,9606.ENSP00000384193
CADM3,9606.ENSP00000357106
CALB2,9606.ENSP00000307508
CALCRL,9606.ENSP00000376177
CALD1,9606.ENSP00000354826
CALM1,9606.ENSP00000499717
CALM3,9606.ENSP00000291295
CALML5,9606.ENSP00000369689
CALR,9606.ENSP00000320866
CALU,9606.ENSP00000438248
CAMK1D,9606.ENSP00000478874
CAMK2B,9606.ENSP00000379098
CAMK4,9606.ENSP00000282356
CAMKK2,9606.ENSP00000312741
CANT1,9606.ENSP00000307674
CANX,9606.ENSP00000247461
CAP1,9606.ENSP00000361883
CAP2,9606.ENSP00000229922
CAPG,9606.ENSP00000263867
CAPN2,9606.ENSP00000295006
CAPN5,9606.ENSP00000498132
CAPN9,9606.ENSP00000271971
CAPZB,9606.ENSP00000401010
CASP1,9606.ENSP00000433138
CASP10,9606.ENSP00000286186
CASP2,9606.ENSP00000312664
CASP3,9606.ENSP00000311032
CASP4,9606.ENSP00000388566
CASP6,9606.ENSP00000265164
CASP7,9606.ENSP00000358327
CASP8,9606.ENSP00000351273
CASP8AP2,9606.ENSP00000478179
CASP9,9606.ENSP00000330237
CASQ1,9606.ENSP00000357057
CASQ2,9606.ENSP00000261448
CAST,9606.ENSP00000422176
CAT,9606.ENSP00000241052
CAV1,9606.ENSP00000339191
CAV2,9606.ENSP00000222693
CAVIN1,9606.ENSP00000349541
CAVIN2,9606.ENSP00000305675
CAVIN3,9606.ENSP00000307292
CBFA2T3,9606.ENSP00000268679
CBL,9606.ENSP00000264033
CBLB,9606.ENSP00000499037
CBR1,9606.ENSP00000290349
CBR3,9606.ENSP00000290354
CBR4,9606.ENSP00000303525
CBX1,9606.ENSP00000377060
CBX3,9606.ENSP00000336687
CBX5,9606.ENSP00000209875
CBX8,9606.ENSP00000269385
CCDC106,9606.ENSP00000465757
CCDC28A,9606.ENSP00000479060
CCDC88A,9606.ENSP00000338728
CCL11,9606.ENSP00000302234
CCL13,9606.ENSP00000225844
CCL17,9606.ENSP00000219244
CCL19,9606.ENSP00000308815
CCL2,9606.ENSP00000225831
CCL20,9606.ENSP00000351671
CCL22,9606.ENSP00000219235
CCL4,9606.ENSP00000482259
CCL5,9606.ENSP00000474412
CCL7,9606.ENSP00000367832
CCN1,9606.ENSP00000398736
CCN2,9606.ENSP00000356954
CCN5,9606.ENSP00000361959
CCNA1,9606.ENSP00000255465
CCNA2,9606.ENSP00000481380
CCNB2,9606.ENSP00000288207
CCND1,9606.ENSP00000227507
CCND2,9606.ENSP00000261254
CCND3,9606.ENSP00000362082
CCNE1,9606.ENSP00000262643
CCNF,9606.ENSP00000380256
CCNG1,9606.ENSP00000344635
CCNG2,9606.ENSP00000315743
CCNK,9606.ENSP00000374529
CCNL1,9606.ENSP00000295926
CCNO,9606.ENSP00000282572
CCNT1,9606.ENSP00000261900
CCP110,9606.ENSP00000370803
CCR1,9606.ENSP00000296140
CCR2,9606.ENSP00000292301
CCR4,9606.ENSP00000332659
CCR5,9606.ENSP00000292303
CCR7,9606.ENSP00000246657
CCR8,9606.ENSP00000326432
CCRL2,9606.ENSP00000349967
CCSER2,9606.ENSP00000361160
CCT2,9606.ENSP00000299300
CCT3,9606.ENSP00000295688
CCT4,9606.ENSP00000377958
CCT5,9606.ENSP00000280326
CCT6A,9606.ENSP00000275603
CCT6B,9606.ENSP00000327191
CCT7,9606.ENSP00000258091
CD14,9606.ENSP00000385519
CD151,9606.ENSP00000324101
CD1D,9606.ENSP00000501245
CD2,9606.ENSP00000358490
CD207,9606.ENSP00000386378
CD209,9606.ENSP00000315477
CD247,9606.ENSP00000354782
CD274,9606.ENSP00000370989
CD276,9606.ENSP00000320084
CD28,9606.ENSP00000324890
CD2AP,9606.ENSP00000352264
CD302,9606.ENSP00000259053
CD34,9606.ENSP00000310036
CD36,9606.ENSP00000415743
CD37,9606.ENSP00000325708
CD38,9606.ENSP00000226279
CD3D,9606.ENSP00000300692
CD3E,9606.ENSP00000354566
CD3G,9606.ENSP00000431445
CD4,9606.ENSP00000011653
CD40,9606.ENSP00000361359
CD40LG,9606.ENSP00000359663
CD44,9606.ENSP00000398632
CD46,9606.ENSP00000313875
CD47,9606.ENSP00000355361
CD48,9606.ENSP00000484431
CD55,9606.ENSP00000356030
CD59,9606.ENSP00000498879
CD63,9606.ENSP00000447730
CD69,9606.ENSP00000228434
CD7,9606.ENSP00000312027
CD70,9606.ENSP00000395294
CD74,9606.ENSP00000009530
CD79A,9606.ENSP00000221972
CD79B,9606.ENSP00000376544
CD80,9606.ENSP00000264246
CD81,9606.ENSP00000263645
CD82,9606.ENSP00000227155
CD83,9606.ENSP00000368450
CD86,9606.ENSP00000332049
CD8A,9606.ENSP00000386559
CD8B,9606.ENSP00000331172
CD9,9606.ENSP00000371958
CD96,9606.ENSP00000283285
CD99,9606.ENSP00000370588
CDA,9606.ENSP00000364212
CDADC1,9606.ENSP00000251108
CDC14B,9606.ENSP00000364389
CDC20,9606.ENSP00000361540
CDC25A,9606.ENSP00000303706
CDC25B,9606.ENSP00000245960
CDC27,9606.ENSP00000434614
CDC34,9606.ENSP00000215574
CDC42,9606.ENSP00000497733
CDC42BPA,9606.ENSP00000355731
CDC42EP1,9606.ENSP00000249014
CDC42EP4,9606.ENSP00000338258
CDC42SE2,9606.ENSP00000427421
CDC45,9606.ENSP00000405726
CDC5L,9606.ENSP00000360532
CDC6,9606.ENSP00000209728
CDC7,9606.ENSP00000393139
CDCA3,9606.ENSP00000442068
CDCA8,9606.ENSP00000362146
CDCP1,9606.ENSP00000296129
CDH1,9606.ENSP00000261769
CDH11,9606.ENSP00000268603
CDH13,9606.ENSP00000268613
CDH2,9606.ENSP00000269141
CDH3,9606.ENSP00000264012
CDH6,9606.ENSP00000265071
CDK1,9606.ENSP00000378699
CDK13,9606.ENSP00000181839
CDK2,9606.ENSP00000266970
CDK4,9606.ENSP00000257904
CDK5R1,9606.ENSP00000318486
CDK5RAP2,9606.ENSP00000343818
CDK6,9606.ENSP00000265734
CDK7,9606.ENSP00000256443
CDK8,9606.ENSP00000370938
CDK9,9606.ENSP00000362361
CDKAL1,9606.ENSP00000274695
CDKN1A,9606.ENSP00000384849
CDKN1B,9606.ENSP00000228872
CDKN1C,9606.ENSP00000413720
CDKN2A,9606.ENSP00000418915
CDKN2AIP,9606.ENSP00000427108
CDKN2B,9606.ENSP00000276925
CDKN2C,9606.ENSP00000262662
CDKN2D,9606.ENSP00000377224
CDKN3,9606.ENSP00000335357
CDO1,9606.ENSP00000250535
CDON,9606.ENSP00000376458
CDR2,9606.ENSP00000268383
CEBPA,9606.ENSP00000427514
CEBPB,9606.ENSP00000305422
CEBPD,9606.ENSP00000386165
CEBPG,9606.ENSP00000466022
CEL,9606.ENSP00000501111
CELF2,9606.ENSP00000488422
CELSR1,9606.ENSP00000262738
CELSR2,9606.ENSP00000271332
CENPA,9606.ENSP00000336868
CENPE,9606.ENSP00000265148
CENPF,9606.ENSP00000355922
CENPM,9606.ENSP00000215980
CENPN,9606.ENSP00000377007
CEP131,9606.ENSP00000269392
CEP192,9606.ENSP00000427550
CEP250,9606.ENSP00000380661
CEP57,9606.ENSP00000317902
CEP72,9606.ENSP00000264935
CERCAM,9606.ENSP00000361929
CES1,9606.ENSP00000353720
CETN2,9606.ENSP00000359300
CFB,9606.ENSP00000416561
CFD,9606.ENSP00000468253
CFH,9606.ENSP00000356399
CFI,9606.ENSP00000378131
CFL1,9606.ENSP00000432660
CFLAR,9606.ENSP00000312455
CGRRF1,9606.ENSP00000216420
CH25H,9606.ENSP00000360918
CHAC1,9606.ENSP00000484644
CHAF1A,9606.ENSP00000301280
CHCHD10,9606.ENSP00000384973
CHEK1,9606.ENSP00000391090
CHEK2,9606.ENSP00000372023
CHFR,9606.ENSP00000392395
CHKA,9606.ENSP00000265689
CHMP1A,9606.ENSP00000380998
CHPF,9606.ENSP00000243776
CHPF2,9606.ENSP00000035307
CHPT1,9606.ENSP00000229266
CHRM4,9606.ENSP00000409378
CHRNA1,9606.ENSP00000261007
CHRNA5,9606.ENSP00000299565
CHRNB1,9606.ENSP00000304290
CHST1,9606.ENSP00000309270
CHST12,9606.ENSP00000481912
CHST2,9606.ENSP00000307911
CHST3,9606.ENSP00000362207
CHST6,9606.ENSP00000328983
CHST8,9606.ENSP00000262622
CHUK,9606.ENSP00000359424
CIDEA,9606.ENSP00000320209
CIITA,9606.ENSP00000485010
CIR1,9606.ENSP00000339723
CISH,9606.ENSP00000409346
CIT,9606.ENSP00000376306
CITED2,9606.ENSP00000444198
CKAP4,9606.ENSP00000367265
CKAP5,9606.ENSP00000432768
CKB,9606.ENSP00000299198
CKMT2,9606.ENSP00000404203
CKS1B,9606.ENSP00000311083
CKS2,9606.ENSP00000364976
CLASP1,9606.ENSP00000263710
CLCA2,9606.ENSP00000359596
CLCF1,9606.ENSP00000309338
CLCN2,9606.ENSP00000265593
CLCN3,9606.ENSP00000261514
CLDN11,9606.ENSP00000064724
CLDN14,9606.ENSP00000382090
CLDN15,9606.ENSP00000385300
CLDN3,9606.ENSP00000378577
CLDN4,9606.ENSP00000409544
CLDN5,9606.ENSP00000385477
CLDN7,9606.ENSP00000353475
CLDN8,9606.ENSP00000382783
CLDN9,9606.ENSP00000398017
CLEC5A,9606.ENSP00000449999
CLGN,9606.ENSP00000392782
CLIC2,9606.ENSP00000358460
CLIC3,9606.ENSP00000419378
CLIP1,9606.ENSP00000479322
CLIP2,9606.ENSP00000223398
CLN5,9606.ENSP00000498772
CLN6,9606.ENSP00000249806
CLN8,9606.ENSP00000328182
CLNS1A,9606.ENSP00000433919
CLP1,9606.ENSP00000434995
CLPB,9606.ENSP00000294053
CLPS,9606.ENSP00000259938
CLSTN3,9606.ENSP00000266546
CLTA,9606.ENSP00000242285
CLTB,9606.ENSP00000309415
CLTC,9606.ENSP00000479606
CLU,9606.ENSP00000315130
CMBL,9606.ENSP00000296658
CMKLR1,9606.ENSP00000449716
CMPK1,9606.ENSP00000360939
CMPK2,9606.ENSP00000256722
CMTR1,9606.ENSP00000362550
CNBP,9606.ENSP00000410769
CNDP2,9606.ENSP00000325548
CNIH2,9606.ENSP00000310003
CNN2,9606.ENSP00000456436
CNN3,9606.ENSP00000359225
CNOT2,9606.ENSP00000229195
CNOT4,9606.ENSP00000445508
CNOT6,9606.ENSP00000481893
CNOT9,9606.ENSP00000486540
CNP,9606.ENSP00000377470
CNTFR,9606.ENSP00000368265
CNTN1,9606.ENSP00000447006
CNTRL,9606.ENSP00000362962
CNTROB,9606.ENSP00000369614
COCH,9606.ENSP00000216361
COG2,9606.ENSP00000355629
COIL,9606.ENSP00000240316
COL11A1,9606.ENSP00000359114
COL12A1,9606.ENSP00000325146
COL15A1,9606.ENSP00000364140
COL16A1,9606.ENSP00000362776
COL17A1,9606.ENSP00000497653
COL1A1,9606.ENSP00000225964
COL1A2,9606.ENSP00000297268
COL2A1,9606.ENSP00000369889
COL3A1,9606.ENSP00000304408
COL4A1,9606.ENSP00000364979
COL4A2,9606.ENSP00000353654
COL5A1,9606.ENSP00000360882
COL5A2,9606.ENSP00000364000
COL5A3,9606.ENSP00000264828
COL6A1,9606.ENSP00000355180
COL6A2,9606.ENSP00000300527
COL6A3,9606.ENSP00000295550
COL7A1,9606.ENSP00000332371
COL8A2,9606.ENSP00000380901
COLGALT1,9606.ENSP00000252599
COMP,9606.ENSP00000222271
COMT,9606.ENSP00000354511
COPA,9606.ENSP00000357048
COPB1,9606.ENSP00000249923
COPB2,9606.ENSP00000329419
COPE,9606.ENSP00000469035
COPS5,9606.ENSP00000350512
COPZ2,9606.ENSP00000480707
COQ3,9606.ENSP00000254759
COQ5,9606.ENSP00000288532
COQ9,9606.ENSP00000262507
CORO1A,9606.ENSP00000219150
COX10,9606.ENSP00000261643
COX11,9606.ENSP00000299335
COX15,9606.ENSP00000016171
COX17,9606.ENSP00000261070
COX4I1,9606.ENSP00000457513
COX5A,9606.ENSP00000317780
COX5B,9606.ENSP00000258424
COX6A1,9606.ENSP00000229379
COX6B1,9606.ENSP00000466818
COX6C,9606.ENSP00000429707
COX7A1,9606.ENSP00000292907
COX7A2,9606.ENSP00000359098
COX7A2L,9606.ENSP00000367938
COX7B,9606.ENSP00000497474
COX7C,9606.ENSP00000425759
COX8A,9606.ENSP00000321260
CP,9606.ENSP00000264613
CPB1,9606.ENSP00000417222
CPE,9606.ENSP00000386104
CPEB2,9606.ENSP00000443985
CPEB3,9606.ENSP00000265997
CPM,9606.ENSP00000339157
CPOX,9606.ENSP00000497326
CPQ,9606.ENSP00000220763
CPT1A,9606.ENSP00000265641
CPT2,9606.ENSP00000360541
CR2,9606.ENSP00000356024
CRABP1,9606.ENSP00000299529
CRABP2,9606.ENSP00000482841
CRAT,9606.ENSP00000315013
CRB3,9606.ENSP00000349204
CREBBP,9606.ENSP00000262367
CREG1,9606.ENSP00000359540
CRIP2,9606.ENSP00000426119
CRLF1,9606.ENSP00000376188
CRMP1,9606.ENSP00000321606
CROCC,9606.ENSP00000364691
CROT,9606.ENSP00000413575
CRTAM,9606.ENSP00000227348
CRYAB,9606.ENSP00000433560
CRYBG1,9606.ENSP00000358062
CRYZ,9606.ENSP00000399805
CS,9606.ENSP00000342056
CSAD,9606.ENSP00000267085
CSE1L,9606.ENSP00000262982
CSF1,9606.ENSP00000327513
CSF2RA,9606.ENSP00000394227
CSF2RB,9606.ENSP00000384053
CSF3R,9606.ENSP00000362195
CSK,9606.ENSP00000220003
CSNK1D,9606.ENSP00000381531
CSNK1E,9606.ENSP00000380044
CSNK2A2,9606.ENSP00000262506
CSNK2B,9606.ENSP00000365042
CSRNP2,9606.ENSP00000228515
CSRP1,9606.ENSP00000356275
CSRP2,9606.ENSP00000310901
CST7,9606.ENSP00000420384
CSTF2,9606.ENSP00000387996
CSTF3,9606.ENSP00000315791
CTBP1,9606.ENSP00000290921
CTCF,9606.ENSP00000494538
CTF1,9606.ENSP00000279804
CTH,9606.ENSP00000359976
CTHRC1,9606.ENSP00000330523
CTLA4,9606.ENSP00000497102
CTNNA1,9606.ENSP00000304669
CTNNB1,9606.ENSP00000495360
CTNND1,9606.ENSP00000382004
CTNS,9606.ENSP00000371294
CTPS1,9606.ENSP00000497744
CTSB,9606.ENSP00000345672
CTSC,9606.ENSP00000227266
CTSD,9606.ENSP00000236671
CTSF,9606.ENSP00000310832
CTSH,9606.ENSP00000220166
CTSK,9606.ENSP00000271651
CTSL,9606.ENSP00000345344
CTSO,9606.ENSP00000414904
CTSS,9606.ENSP00000357981
CTSV,9606.ENSP00000259470
CTSZ,9606.ENSP00000217131
CTTN,9606.ENSP00000365745
CUL1,9606.ENSP00000326804
CUL3,9606.ENSP00000264414
CUL4A,9606.ENSP00000364589
CUL5,9606.ENSP00000376808
CX3CL1,9606.ENSP00000006053
CXCL1,9606.ENSP00000379110
CXCL10,9606.ENSP00000305651
CXCL11,9606.ENSP00000306884
CXCL12,9606.ENSP00000379140
CXCL13,9606.ENSP00000286758
CXCL14,9606.ENSP00000337065
CXCL16,9606.ENSP00000293778
CXCL2,9606.ENSP00000427279
CXCL8,9606.ENSP00000306512
CXCL9,9606.ENSP00000354901
CXCR3,9606.ENSP00000362795
CXCR4,9606.ENSP00000386884
CXCR6,9606.ENSP00000395704
CXXC1,9606.ENSP00000390475
CYB5A,9606.ENSP00000341625
CYB5B,9606.ENSP00000308430
CYB5R1,9606.ENSP00000356218
CYB5R3,9606.ENSP00000354468
CYBB,9606.ENSP00000367851
CYC1,9606.ENSP00000317159
CYCS,9606.ENSP00000307786
CYFIP1,9606.ENSP00000481038
CYFIP2,9606.ENSP00000479719
CYLD,9606.ENSP00000392025
CYP26A1,9606.ENSP00000224356
CYP26B1,9606.ENSP00000001146
CYP27A1,9606.ENSP00000258415
CYP2J2,9606.ENSP00000360247
CYP2S1,9606.ENSP00000308032
CYP39A1,9606.ENSP00000275016
CYP4B1,9606.ENSP00000360991
CYP4F11,9606.ENSP00000384588
CYP51A1,9606.ENSP00000003100
CYP7B1,9606.ENSP00000310721
CYTH2,9606.ENSP00000493357
D2HGDH,9606.ENSP00000315351
DAAM1,9606.ENSP00000378557
DAB2,9606.ENSP00000313391
DAD1,9606.ENSP00000250498
DAP,9606.ENSP00000394163
DAP3,9606.ENSP00000357320
DAPK2,9606.ENSP00000484390
DAPP1,9606.ENSP00000423602
DARS1,9606.ENSP00000264161
DBF4,9606.ENSP00000265728
DBI,9606.ENSP00000486361
DBP,9606.ENSP00000222122
DBT,9606.ENSP00000359151
DCAF10,9606.ENSP00000366953
DCAF11,9606.ENSP00000415556
DCBLD2,9606.ENSP00000321573
DCK,9606.ENSP00000286648
DCLRE1B,9606.ENSP00000498042
DCN,9606.ENSP00000052754
DCP1A,9606.ENSP00000476386
DCP2,9606.ENSP00000373715
DCPS,9606.ENSP00000263579
DCTN1,9606.ENSP00000354791
DCTN4,9606.ENSP00000414906
DCTPP1,9606.ENSP00000322524
DCUN1D1,9606.ENSP00000292782
DCXR,9606.ENSP00000303356
DDAH1,9606.ENSP00000284031
DDAH2,9606.ENSP00000364949
DDB1,9606.ENSP00000301764
DDB2,9606.ENSP00000256996
DDIT3,9606.ENSP00000448665
DDIT4,9606.ENSP00000307305
DDX10,9606.ENSP00000314348
DDX18,9606.ENSP00000263239
DDX21,9606.ENSP00000346120
DDX39A,9606.ENSP00000242776
DDX60,9606.ENSP00000377344
DECR1,9606.ENSP00000220764
DEF6,9606.ENSP00000319831
DEGS1,9606.ENSP00000316476
DEK,9606.ENSP00000498653
DENND2B,9606.ENSP00000433528
DENND5A,9606.ENSP00000328524
DEPDC1,9606.ENSP00000412292
DEPTOR,9606.ENSP00000286234
DES,9606.ENSP00000363071
DFFA,9606.ENSP00000366237
DGAT1,9606.ENSP00000482264
DGCR8,9606.ENSP00000263209
DGKA,9606.ENSP00000377703
DGKH,9606.ENSP00000337572
DGUOK,9606.ENSP00000264093
DHCR24,9606.ENSP00000360316
DHCR7,9606.ENSP00000347717
DHFR,9606.ENSP00000396308
DHPS,9606.ENSP00000210060
DHRS1,9606.ENSP00000380027
DHRS2,9606.ENSP00000344674
DHRS3,9606.ENSP00000480439
DHRS7,9606.ENSP00000216500
DHRS7B,9606.ENSP00000378887
DHX15,9606.ENSP00000336741
DHX16,9606.ENSP00000365625
DHX58,9606.ENSP00000251642
DIAPH3,9606.ENSP00000383178
DIO1,9606.ENSP00000354643
DIO2,9606.ENSP00000451419
DKC1,9606.ENSP00000358563
DKK1,9606.ENSP00000363081
DLAT,9606.ENSP00000280346
DLC1,9606.ENSP00000276297
DLD,9606.ENSP00000205402
DLG1,9606.ENSP00000345731
DLG4,9606.ENSP00000497806
DLG5,9606.ENSP00000361467
DLGAP5,9606.ENSP00000247191
DLK2,9606.ENSP00000349893
DLL1,9606.ENSP00000355718
DLST,9606.ENSP00000335304
DMAC2L,9606.ENSP00000451583
DMC1,9606.ENSP00000216024
DMD,9606.ENSP00000354923
DMPK,9606.ENSP00000345997
DMTN,9606.ENSP00000427866
DNAJA1,9606.ENSP00000369127
DNAJA4,9606.ENSP00000378324
DNAJB1,9606.ENSP00000254322
DNAJB4,9606.ENSP00000359799
DNAJB9,9606.ENSP00000249356
DNAJC1,9606.ENSP00000366179
DNAJC12,9606.ENSP00000225171
DNAJC15,9606.ENSP00000368523
DNAJC3,9606.ENSP00000473631
DNM1L,9606.ENSP00000449089
DNMBP,9606.ENSP00000315659
DNMT1,9606.ENSP00000352516
DNTTIP2,9606.ENSP00000411010
DOCK10,9606.ENSP00000493664
DOCK2,9606.ENSP00000429283
DOCK4,9606.ENSP00000410746
DOCK9,9606.ENSP00000365643
DONSON,9606.ENSP00000307143
DOP1A,9606.ENSP00000237163
DPP4,9606.ENSP00000353731
DPYD,9606.ENSP00000359211
DPYSL2,9606.ENSP00000427985
DPYSL3,9606.ENSP00000343690
DPYSL4,9606.ENSP00000339850
DR1,9606.ENSP00000359295
DRAM1,9606.ENSP00000258534
DRAM2,9606.ENSP00000286692
DSC2,9606.ENSP00000280904
DSC3,9606.ENSP00000353608
DSCC1,9606.ENSP00000322180
DST,9606.ENSP00000307959
DTNA,9606.ENSP00000470152
DTNB,9606.ENSP00000384084
DTX1,9606.ENSP00000257600
DTX2,9606.ENSP00000322885
DTX4,9606.ENSP00000227451
DTYMK,9606.ENSP00000304802
DUSP1,9606.ENSP00000239223
DUSP14,9606.ENSP00000477653
DUSP2,9606.ENSP00000288943
DUSP3,9606.ENSP00000226004
DUSP4,9606.ENSP00000240100
DUSP5,9606.ENSP00000358596
DUSP6,9606.ENSP00000279488
DUT,9606.ENSP00000370376
DVL2,9606.ENSP00000005340
DYNC1H1,9606.ENSP00000348965
DYNLL2,9606.ENSP00000477310
DYNLT3,9606.ENSP00000367841
DYRK1A,9606.ENSP00000340373
DYRK2,9606.ENSP00000342105
DYRK3,9606.ENSP00000356076
E2F1,9606.ENSP00000345571
E2F2,9606.ENSP00000355249
E2F3,9606.ENSP00000262904
E2F4,9606.ENSP00000368686
E2F5,9606.ENSP00000398124
E2F8,9606.ENSP00000250024
EBI3,9606.ENSP00000221847
EBP,9606.ENSP00000417052
ECD,9606.ENSP00000401566
ECH1,9606.ENSP00000221418
ECHS1,9606.ENSP00000357535
ECI1,9606.ENSP00000301729
ECI2,9606.ENSP00000369461
ECM1,9606.ENSP00000358045
ECM2,9606.ENSP00000344758
ECSIT,9606.ENSP00000270517
ECT2,9606.ENSP00000376457
EDC4,9606.ENSP00000351811
EDEM1,9606.ENSP00000256497
EDF1,9606.ENSP00000224073
EDIL3,9606.ENSP00000296591
EDN1,9606.ENSP00000368683
EDN2,9606.ENSP00000361668
EED,9606.ENSP00000338186
EEF1AKMT1,9606.ENSP00000372206
EEF1B2,9606.ENSP00000376055
EEF1E1,9606.ENSP00000369038
EEF2,9606.ENSP00000307940
EFEMP1,9606.ENSP00000378058
EFEMP2,9606.ENSP00000309953
EFHC1,9606.ENSP00000360107
EFHD1,9606.ENSP00000264059
EFNA1,9606.ENSP00000357392
EFNA3,9606.ENSP00000357393
EFNA5,9606.ENSP00000328777
EFS,9606.ENSP00000216733
EGF,9606.ENSP00000265171
EGFR,9606.ENSP00000275493
EGLN2,9606.ENSP00000469686
EGLN3,9606.ENSP00000250457
EGR1,9606.ENSP00000239938
EGR2,9606.ENSP00000242480
EGR3,9606.ENSP00000318057
EHD1,9606.ENSP00000479153
EHHADH,9606.ENSP00000231887
EI24,9606.ENSP00000278903
EIF1,9606.ENSP00000419449
EIF1AX,9606.ENSP00000368927
EIF1B,9606.ENSP00000232905
EIF2AK1,9606.ENSP00000199389
EIF2AK2,9606.ENSP00000233057
EIF2AK3,9606.ENSP00000307235
EIF2S1,9606.ENSP00000256383
EIF2S2,9606.ENSP00000364119
EIF2S3,9606.ENSP00000253039
EIF3A,9606.ENSP00000358140
EIF3B,9606.ENSP00000354125
EIF3D,9606.ENSP00000216190
EIF3J,9606.ENSP00000261868
EIF4A1,9606.ENSP00000293831
EIF4A2,9606.ENSP00000326381
EIF4A3,9606.ENSP00000497641
EIF4E,9606.ENSP00000425561
EIF4E3,9606.ENSP00000393324
EIF4EBP1,9606.ENSP00000340691
EIF4G1,9606.ENSP00000416255
EIF4G2,9606.ENSP00000433664
EIF4G3,9606.ENSP00000383274
EIF4H,9606.ENSP00000265753
EIF5,9606.ENSP00000216554
EIF5A,9606.ENSP00000336702
ELF1,9606.ENSP00000239882
ELF3,9606.ENSP00000352673
ELF4,9606.ENSP00000311280
ELK4,9606.ENSP00000350681
ELL,9606.ENSP00000262809
ELL2,9606.ENSP00000237853
ELMOD3,9606.ENSP00000386248
ELN,9606.ENSP00000351807
ELOA,9606.ENSP00000395574
ELOVL2,9606.ENSP00000346693
ELOVL3,9606.ENSP00000359022
ELOVL5,9606.ENSP00000359956
ELOVL6,9606.ENSP00000378105
ELP1,9606.ENSP00000363779
ELP4,9606.ENSP00000379267
EMP1,9606.ENSP00000256951
EMP2,9606.ENSP00000352540
EMP3,9606.ENSP00000469194
ENDOD1,9606.ENSP00000278505
ENG,9606.ENSP00000362299
ENO1,9606.ENSP00000495530
ENO2,9606.ENSP00000437402
ENO3,9606.ENSP00000324105
ENPEP,9606.ENSP00000265162
ENPP1,9606.ENSP00000498074
ENPP2,9606.ENSP00000259486
ENTPD5,9606.ENSP00000335246
ENTPD7,9606.ENSP00000359520
EOMES,9606.ENSP00000388620
EPB41,9606.ENSP00000345259
EPB41L2,9606.ENSP00000357110
EPB41L3,9606.ENSP00000343158
EPCAM,9606.ENSP00000263735
EPHA2,9606.ENSP00000351209
EPHB2,9606.ENSP00000383053
EPHB3,9606.ENSP00000332118
EPHB4,9606.ENSP00000350896
EPHX1,9606.ENSP00000480004
EPHX2,9606.ENSP00000430269
EPOR,9606.ENSP00000222139
EPRS1,9606.ENSP00000355890
EPS8L2,9606.ENSP00000435585
EPSTI1,9606.ENSP00000318982
ERAP2,9606.ENSP00000400376
ERBB2,9606.ENSP00000269571
ERBB3,9606.ENSP00000267101
ERCC1,9606.ENSP00000013807
ERCC2,9606.ENSP00000375809
ERCC3,9606.ENSP00000285398
ERCC4,9606.ENSP00000310520
ERCC5,9606.ENSP00000498881
ERCC8,9606.ENSP00000265038
ERGIC3,9606.ENSP00000349970
ERH,9606.ENSP00000451080
ERMAP,9606.ENSP00000361595
ERN1,9606.ENSP00000401445
ERO1A,9606.ENSP00000379042
ERP29,9606.ENSP00000261735
ERRFI1,9606.ENSP00000366702
ESPL1,9606.ENSP00000257934
ESR1,9606.ENSP00000405330
ESRP2,9606.ENSP00000418748
ESRRA,9606.ENSP00000384851
ESYT1,9606.ENSP00000267113
ETF1,9606.ENSP00000353741
ETFA,9606.ENSP00000452762
ETFB,9606.ENSP00000346173
ETFBKMT,9606.ENSP00000350353
ETFDH,9606.ENSP00000426638
ETHE1,9606.ENSP00000292147
ETS1,9606.ENSP00000376436
ETS2,9606.ENSP00000353344
ETV1,9606.ENSP00000405327
ETV4,9606.ENSP00000321835
ETV5,9606.ENSP00000306894
EVI5,9606.ENSP00000440826
EVL,9606.ENSP00000376652
EWSR1,9606.ENSP00000400142
EXO1,9606.ENSP00000355506
EXOC2,9606.ENSP00000230449
EXOC4,9606.ENSP00000253861
EXOSC1,9606.ENSP00000359939
EXOSC10,9606.ENSP00000366135
EXOSC2,9606.ENSP00000361433
EXOSC4,9606.ENSP00000315476
EXOSC5,9606.ENSP00000221233
EXOSC7,9606.ENSP00000265564
EXOSC8,9606.ENSP00000374354
EXOSC9,9606.ENSP00000368984
EXT1,9606.ENSP00000367446
EXT2,9606.ENSP00000379032
EZH1,9606.ENSP00000404658
EZH2,9606.ENSP00000320147
EZR,9606.ENSP00000338934
F10,9606.ENSP00000364709
F12,9606.ENSP00000253496
F13A1,9606.ENSP00000264870
F2R,9606.ENSP00000321326
F2RL1,9606.ENSP00000296677
F2RL2,9606.ENSP00000296641
F3,9606.ENSP00000334145
F5,9606.ENSP00000356771
F7,9606.ENSP00000364731
F8,9606.ENSP00000353393
FABP3,9606.ENSP00000362817
FABP4,9606.ENSP00000256104
FABP5,9606.ENSP00000297258
FABP6,9606.ENSP00000377549
FADS1,9606.ENSP00000322229
FADS2,9606.ENSP00000278840
FAH,9606.ENSP00000385080
FAM120A,9606.ENSP00000277165
FAM162A,9606.ENSP00000419088
FANCC,9606.ENSP00000289081
FAP,9606.ENSP00000188790
FARP1,9606.ENSP00000486285
FARSA,9606.ENSP00000320309
FAS,9606.ENSP00000498466
FASLG,9606.ENSP00000356694
FASN,9606.ENSP00000304592
FBL,9606.ENSP00000221801
FBLN1,9606.ENSP00000331544
FBLN2,9606.ENSP00000384169
FBLN5,9606.ENSP00000345008
FBN1,9606.ENSP00000325527
FBN2,9606.ENSP00000424571
FBP1,9606.ENSP00000408025
FBXO34,9606.ENSP00000313159
FBXO4,9606.ENSP00000281623
FBXO5,9606.ENSP00000229758
FBXO6,9606.ENSP00000365944
FBXO7,9606.ENSP00000266087
FBXO9,9606.ENSP00000244426
FBXW11,9606.ENSP00000265094
FBXW7,9606.ENSP00000474725
FCER1G,9606.ENSP00000289902
FCGR1A,9606.ENSP00000358165
FCGR2B,9606.ENSP00000351497
FCMR,9606.ENSP00000356058
FCN1,9606.ENSP00000360871
FDFT1,9606.ENSP00000491537
FDPS,9606.ENSP00000349078
FDX1,9606.ENSP00000260270
FDXR,9606.ENSP00000416515
FECH,9606.ENSP00000498358
FEN1,9606.ENSP00000305480
FERMT2,9606.ENSP00000342858
FES,9606.ENSP00000331504
FEZ1,9606.ENSP00000497070
FFAR2,9606.ENSP00000473159
FGD4,9606.ENSP00000433666
FGD6,9606.ENSP00000344446
FGF13,9606.ENSP00000396198
FGF16,9606.ENSP00000399324
FGF18,9606.ENSP00000274625
FGF2,9606.ENSP00000264498
FGFR1,9606.ENSP00000393312
FGFR3,9606.ENSP00000339824
FGGY,9606.ENSP00000360262
FGL2,9606.ENSP00000248598
FGR,9606.ENSP00000363117
FH,9606.ENSP00000355518
FHL1,9606.ENSP00000498684
FHL2,9606.ENSP00000386892
FIS1,9606.ENSP00000223136
FJX1,9606.ENSP00000400223
FKBP14,9606.ENSP00000222803
FKBP1A,9606.ENSP00000383003
FKBP1B,9606.ENSP00000370373
FKBP4,9606.ENSP00000001008
FKBP5,9606.ENSP00000444810
FLII,9606.ENSP00000324573
FLNA,9606.ENSP00000358866
FLNB,9606.ENSP00000420213
FLNC,9606.ENSP00000327145
FLOT2,9606.ENSP00000378368
FLT4,9606.ENSP00000261937
FMO1,9606.ENSP00000346901
FMO3,9606.ENSP00000356729
FMOD,9606.ENSP00000347041
FN1,9606.ENSP00000346839
FN3K,9606.ENSP00000300784
FNTA,9606.ENSP00000303423
FOS,9606.ENSP00000306245
FOSB,9606.ENSP00000245919
FOSL1,9606.ENSP00000310170
FOSL2,9606.ENSP00000264716
FOXC1,9606.ENSP00000493906
FOXC2,9606.ENSP00000497759
FOXJ2,9606.ENSP00000162391
FOXN3,9606.ENSP00000343288
FOXO1,9606.ENSP00000368880
FOXO3,9606.ENSP00000339527
FOXO4,9606.ENSP00000363377
FPR1,9606.ENSP00000471493
FRAT1,9606.ENSP00000360060
FRK,9606.ENSP00000476145
FSCN1,9606.ENSP00000371798
FST,9606.ENSP00000256759
FSTL1,9606.ENSP00000295633
FSTL3,9606.ENSP00000166139
FTL,9606.ENSP00000366525
FUCA1,9606.ENSP00000363603
FURIN,9606.ENSP00000483552
FUS,9606.ENSP00000254108
FUT4,9606.ENSP00000351602
FUT8,9606.ENSP00000353910
FXN,9606.ENSP00000419243
FYB1,9606.ENSP00000493623
FYN,9606.ENSP00000346671
FZD1,9606.ENSP00000287934
FZD2,9606.ENSP00000323901
FZD4,9606.ENSP00000434034
FZD5,9606.ENSP00000354607
FZD7,9606.ENSP00000286201
FZD8,9606.ENSP00000363826
G0S2,9606.ENSP00000355996
G3BP1,9606.ENSP00000377681
G3BP2,9606.ENSP00000352738
G6PD,9606.ENSP00000377192
GAA,9606.ENSP00000305692
GAB2,9606.ENSP00000354952
GABARAPL1,9606.ENSP00000411256
GABARAPL2,9606.ENSP00000037243
GABBR1,9606.ENSP00000366233
GADD45A,9606.ENSP00000360025
GADD45B,9606.ENSP00000215631
GADD45G,9606.ENSP00000252506
GAL,9606.ENSP00000265643
GALC,9606.ENSP00000261304
GALE,9606.ENSP00000483375
GALK1,9606.ENSP00000225614
GALK2,9606.ENSP00000453129
GALM,9606.ENSP00000272252
GALNT1,9606.ENSP00000269195
GALNT3,9606.ENSP00000376465
GAMT,9606.ENSP00000403536
GAPDH,9606.ENSP00000380070
GAPVD1,9606.ENSP00000377665
GART,9606.ENSP00000371253
GAS1,9606.ENSP00000298743
GATA3,9606.ENSP00000368632
GBE1,9606.ENSP00000410833
GBF1,9606.ENSP00000359000
GBP2,9606.ENSP00000359497
GBP4,9606.ENSP00000359490
GCA,9606.ENSP00000394842
GCDH,9606.ENSP00000466845
GCH1,9606.ENSP00000477796
GCLC,9606.ENSP00000497574
GCLM,9606.ENSP00000359258
GCNT1,9606.ENSP00000415454
GCNT2,9606.ENSP00000419411
GDE1,9606.ENSP00000261386
GEM,9606.ENSP00000297596
GEMIN4,9606.ENSP00000321706
GFI1,9606.ENSP00000294702
GFPT1,9606.ENSP00000349860
GFPT2,9606.ENSP00000253778
GFRA1,9606.ENSP00000347591
GGA2,9606.ENSP00000311962
GGH,9606.ENSP00000260118
GHITM,9606.ENSP00000361207
GHRL,9606.ENSP00000335074
GINS1,9606.ENSP00000262460
GINS2,9606.ENSP00000253462
GINS3,9606.ENSP00000401018
GINS4,9606.ENSP00000276533
GJA1,9606.ENSP00000282561
GJA5,9606.ENSP00000484552
GJB3,9606.ENSP00000362464
GLA,9606.ENSP00000218516
GLCE,9606.ENSP00000261858
GLDC,9606.ENSP00000370737
GLI1,9606.ENSP00000228682
GLIPR1,9606.ENSP00000266659
GLIPR2,9606.ENSP00000367196
GLMN,9606.ENSP00000359385
GLO1,9606.ENSP00000362463
GLRX,9606.ENSP00000369314
GLRX2,9606.ENSP00000356410
GLRX5,9606.ENSP00000328570
GLS,9606.ENSP00000317379
GLUD1,9606.ENSP00000277865
GLUL,9606.ENSP00000307900
GM2A,9606.ENSP00000349687
GMCL1,9606.ENSP00000282570
GMFB,9606.ENSP00000350757
GMPPA,9606.ENSP00000350949
GMPPB,9606.ENSP00000309092
GMPR,9606.ENSP00000259727
GMPR2,9606.ENSP00000454038
GMPS,9606.ENSP00000419851
GNA14,9606.ENSP00000365807
GNA15,9606.ENSP00000262958
GNAI1,9606.ENSP00000497260
GNAI2,9606.ENSP00000312999
GNAI3,9606.ENSP00000358867
GNAO1,9606.ENSP00000262494
GNAS,9606.ENSP00000360141
GNB2,9606.ENSP00000305260
GNB4,9606.ENSP00000232564
GNE,9606.ENSP00000379839
GNG11,9606.ENSP00000248564
GNG12,9606.ENSP00000360021
GNG2,9606.ENSP00000334448
GNGT2,9606.ENSP00000421710
GNL3,9606.ENSP00000395772
GNMT,9606.ENSP00000361894
GNPAT,9606.ENSP00000355607
GNPDA1,9606.ENSP00000423674
GOLGA4,9606.ENSP00000349305
GOSR2,9606.ENSP00000461784
GOT1,9606.ENSP00000359539
GOT2,9606.ENSP00000245206
GP1BA,9606.ENSP00000329380
GP2,9606.ENSP00000370767
GPAM,9606.ENSP00000265276
GPAT4,9606.ENSP00000380184
GPC1,9606.ENSP00000264039
GPC3,9606.ENSP00000377836
GPC4,9606.ENSP00000359864
GPD1,9606.ENSP00000301149
GPD1L,9606.ENSP00000282541
GPD2,9606.ENSP00000308610
GPER1,9606.ENSP00000380281
GPHN,9606.ENSP00000417901
GPI,9606.ENSP00000405573
GPNMB,9606.ENSP00000371420
GPR132,9606.ENSP00000328818
GPR18,9606.ENSP00000343428
GPR183,9606.ENSP00000365596
GPR19,9606.ENSP00000498976
GPR3,9606.ENSP00000363136
GPR65,9606.ENSP00000267549
GPRC5B,9606.ENSP00000300571
GPRC5C,9606.ENSP00000499092
GPX2,9606.ENSP00000374265
GPX3,9606.ENSP00000373477
GPX4,9606.ENSP00000346103
GPX7,9606.ENSP00000354677
GPX8,9606.ENSP00000423822
GRB2,9606.ENSP00000376345
GRB7,9606.ENSP00000403459
GREB1,9606.ENSP00000370896
GREM1,9606.ENSP00000498748
GRHPR,9606.ENSP00000313432
GRINA,9606.ENSP00000314380
GRK2,9606.ENSP00000312262
GRK5,9606.ENSP00000376609
GRPEL1,9606.ENSP00000264954
GRWD1,9606.ENSP00000253237
GSDME,9606.ENSP00000339587
GSK3B,9606.ENSP00000324806
GSN,9606.ENSP00000362924
GSPT1,9606.ENSP00000398131
GSR,9606.ENSP00000221130
GSS,9606.ENSP00000495750
GSTK1,9606.ENSP00000431049
GSTM1,9606.ENSP00000311469
GSTM2,9606.ENSP00000241337
GSTM3,9606.ENSP00000354357
GSTM4,9606.ENSP00000358851
GSTO1,9606.ENSP00000358727
GSTZ1,9606.ENSP00000451976
GTF2A2,9606.ENSP00000379372
GTF2B,9606.ENSP00000359531
GTF2F1,9606.ENSP00000377969
GTF2H1,9606.ENSP00000265963
GTF2H3,9606.ENSP00000445162
GTF2H5,9606.ENSP00000476100
GTF3C5,9606.ENSP00000361180
GUCY1A1,9606.ENSP00000296518
GUCY1B1,9606.ENSP00000426786
GUCY2D,9606.ENSP00000254854
GUK1,9606.ENSP00000355689
GUSB,9606.ENSP00000302728
GYPC,9606.ENSP00000259254
GYS1,9606.ENSP00000317904
GZMA,9606.ENSP00000274306
GZMB,9606.ENSP00000216341
GZMK,9606.ENSP00000231009
H1-0,9606.ENSP00000344504
H1-2,9606.ENSP00000339566
H2AJ,9606.ENSP00000438553
H2AX,9606.ENSP00000434024
H2AZ1,9606.ENSP00000296417
H2AZ2,9606.ENSP00000308405
H2BC12,9606.ENSP00000349430
H4C3,9606.ENSP00000367034
HACL1,9606.ENSP00000323811
HADH,9606.ENSP00000474560
HADHA,9606.ENSP00000370023
HADHB,9606.ENSP00000325136
HAGH,9606.ENSP00000380514
HAS1,9606.ENSP00000222115
HAS2,9606.ENSP00000306991
HAX1,9606.ENSP00000329002
HBB,9606.ENSP00000494175
HBEGF,9606.ENSP00000230990
HCCS,9606.ENSP00000370139
HCLS1,9606.ENSP00000320176
HDAC1,9606.ENSP00000362649
HDAC11,9606.ENSP00000295757
HDAC2,9606.ENSP00000430432
HDAC3,9606.ENSP00000302967
HDAC5,9606.ENSP00000225983
HDAC6,9606.ENSP00000365804
HDAC9,9606.ENSP00000408617
HDDC2,9606.ENSP00000381220
HDGF,9606.ENSP00000357189
HDLBP,9606.ENSP00000375836
HEBP1,9606.ENSP00000014930
HELLS,9606.ENSP00000377601
HELZ2,9606.ENSP00000417401
HERC6,9606.ENSP00000264346
HERPUD1,9606.ENSP00000409555
HES1,9606.ENSP00000232424
HES6,9606.ENSP00000272937
HEXA,9606.ENSP00000455114
HEXIM1,9606.ENSP00000328773
HEY1,9606.ENSP00000338272
HEY2,9606.ENSP00000357348
HEYL,9606.ENSP00000361943
HGF,9606.ENSP00000222390
HHEX,9606.ENSP00000282728
HIBCH,9606.ENSP00000352706
HIF1A,9606.ENSP00000437955
HINT1,9606.ENSP00000304229
HIPK2,9606.ENSP00000385571
HIRA,9606.ENSP00000263208
HK1,9606.ENSP00000494664
HK2,9606.ENSP00000290573
HLA-A,9606.ENSP00000379873
HLA-B,9606.ENSP00000399168
HLA-C,9606.ENSP00000365402
HLA-DMA,9606.ENSP00000363976
HLA-DMB,9606.ENSP00000398890
HLA-DOA,9606.ENSP00000229829
HLA-DOB,9606.ENSP00000496848
HLA-DQA1,9606.ENSP00000339398
HLA-DRA,9606.ENSP00000378786
HLA-DRB1,9606.ENSP00000353099
HLA-E,9606.ENSP00000365817
HLA-F,9606.ENSP00000259951
HLA-G,9606.ENSP00000366024
HMBS,9606.ENSP00000498786
HMGA1,9606.ENSP00000399888
HMGB2,9606.ENSP00000296503
HMGB3,9606.ENSP00000359393
HMGCL,9606.ENSP00000363614
HMGCR,9606.ENSP00000287936
HMGCS1,9606.ENSP00000322706
HMGCS2,9606.ENSP00000358414
HMGN2,9606.ENSP00000355228
HMMR,9606.ENSP00000377492
HMOX1,9606.ENSP00000216117
HMOX2,9606.ENSP00000477572
HNRNPA1,9606.ENSP00000341826
HNRNPA2B1,9606.ENSP00000346694
HNRNPA3,9606.ENSP00000376309
HNRNPC,9606.ENSP00000451291
HNRNPD,9606.ENSP00000313199
HNRNPR,9606.ENSP00000363745
HNRNPU,9606.ENSP00000491215
HOMER1,9606.ENSP00000334382
HOMER2,9606.ENSP00000305632
HOOK3,9606.ENSP00000305699
HOPX,9606.ENSP00000450527
HOXB9,9606.ENSP00000309439
HOXC10,9606.ENSP00000307321
HPGD,9606.ENSP00000296522
HPN,9606.ENSP00000262626
HPRT1,9606.ENSP00000298556
HR,9606.ENSP00000370826
HRAS,9606.ENSP00000407586
HRC,9606.ENSP00000252825
HRH1,9606.ENSP00000380247
HS2ST1,9606.ENSP00000359581
HS3ST1,9606.ENSP00000002596
HS6ST2,9606.ENSP00000429473
HSD11B1,9606.ENSP00000355995
HSD11B2,9606.ENSP00000316786
HSD17B10,9606.ENSP00000168216
HSD17B11,9606.ENSP00000351035
HSD17B14,9606.ENSP00000263278
HSD17B4,9606.ENSP00000411960
HSD17B6,9606.ENSP00000451406
HSD17B7,9606.ENSP00000254521
HSD3B7,9606.ENSP00000297679
HSDL2,9606.ENSP00000381785
HSP90AA1,9606.ENSP00000335153
HSP90AB1,9606.ENSP00000360609
HSP90B1,9606.ENSP00000299767
HSPA13,9606.ENSP00000285667
HSPA1A,9606.ENSP00000364802
HSPA1L,9606.ENSP00000364805
HSPA2,9606.ENSP00000378199
HSPA4,9606.ENSP00000302961
HSPA4L,9606.ENSP00000296464
HSPA5,9606.ENSP00000324173
HSPA8,9606.ENSP00000437125
HSPA9,9606.ENSP00000297185
HSPB1,9606.ENSP00000248553
HSPB8,9606.ENSP00000281938
HSPD1,9606.ENSP00000340019
HSPE1,9606.ENSP00000233893
HSPH1,9606.ENSP00000487365
HTATIP2,9606.ENSP00000392985
HTR1D,9606.ENSP00000363748
HTR7,9606.ENSP00000337949
HTRA1,9606.ENSP00000357980
HTRA2,9606.ENSP00000258080
HUS1,9606.ENSP00000258774
HUWE1,9606.ENSP00000340648
HYAL2,9606.ENSP00000401853
HYOU1,9606.ENSP00000480150
IARS1,9606.ENSP00000364794
ICA1,9606.ENSP00000403982
ICAM1,9606.ENSP00000264832
ICAM2,9606.ENSP00000415283
ICOS,9606.ENSP00000319476
ID1,9606.ENSP00000365280
ID2,9606.ENSP00000234091
ID3,9606.ENSP00000363689
IDE,9606.ENSP00000265986
IDH1,9606.ENSP00000390265
IDH2,9606.ENSP00000331897
IDH3A,9606.ENSP00000299518
IDH3B,9606.ENSP00000482773
IDH3G,9606.ENSP00000217901
IDI1,9606.ENSP00000370748
IDO1,9606.ENSP00000430950
IDS,9606.ENSP00000339801
IDUA,9606.ENSP00000247933
IER2,9606.ENSP00000465617
IER3,9606.ENSP00000259874
IER5,9606.ENSP00000356549
IFI27,9606.ENSP00000483430
IFI35,9606.ENSP00000395590
IFI44,9606.ENSP00000359783
IFI44L,9606.ENSP00000359787
IFIH1,9606.ENSP00000497271
IFIT1,9606.ENSP00000360869
IFIT2,9606.ENSP00000490935
IFIT3,9606.ENSP00000360876
IFITM1,9606.ENSP00000330825
IFITM2,9606.ENSP00000484689
IFITM3,9606.ENSP00000382707
IFNAR1,9606.ENSP00000270139
IFNAR2,9606.ENSP00000343957
IFNG,9606.ENSP00000229135
IFNGR1,9606.ENSP00000356713
IFNGR2,9606.ENSP00000371425
IFRD1,9606.ENSP00000384477
IFT88,9606.ENSP00000323580
IGF1,9606.ENSP00000376637
IGF1R,9606.ENSP00000497069
IGF2,9606.ENSP00000391826
IGF2R,9606.ENSP00000349437
IGFBP2,9606.ENSP00000233809
IGFBP3,9606.ENSP00000370473
IGFBP4,9606.ENSP00000269593
IGFBP5,9606.ENSP00000233813
IGFBP6,9606.ENSP00000301464
IGFBP7,9606.ENSP00000295666
IGSF1,9606.ENSP00000359940
IGSF3,9606.ENSP00000358495
IGSF6,9606.ENSP00000268389
IKBKB,9606.ENSP00000430684
IKBKG,9606.ENSP00000483825
IKZF1,9606.ENSP00000331614
IKZF2,9606.ENSP00000412869
IKZF4,9606.ENSP00000448419
IL10RA,9606.ENSP00000227752
IL11,9606.ENSP00000264563
IL12A,9606.ENSP00000303231
IL12RB1,9606.ENSP00000470788
IL12RB2,9606.ENSP00000262345
IL13RA1,9606.ENSP00000360730
IL13RA2,9606.ENSP00000361004
IL15,9606.ENSP00000296545
IL15RA,9606.ENSP00000380421
IL16,9606.ENSP00000302935
IL17RA,9606.ENSP00000320936
IL17RB,9606.ENSP00000288167
IL18,9606.ENSP00000280357
IL18BP,9606.ENSP00000434717
IL18R1,9606.ENSP00000387211
IL18RAP,9606.ENSP00000264260
IL1B,9606.ENSP00000263341
IL1R1,9606.ENSP00000386380
IL1R2,9606.ENSP00000330959
IL1RL1,9606.ENSP00000233954
IL1RL2,9606.ENSP00000264257
IL23A,9606.ENSP00000228534
IL27RA,9606.ENSP00000263379
IL2RA,9606.ENSP00000369293
IL2RB,9606.ENSP00000216223
IL2RG,9606.ENSP00000363318
IL32,9606.ENSP00000431775
IL33,9606.ENSP00000370842
IL3RA,9606.ENSP00000327890
IL4I1,9606.ENSP00000472474
IL4R,9606.ENSP00000379111
IL6,9606.ENSP00000385675
IL6ST,9606.ENSP00000370698
IL7,9606.ENSP00000263851
IL7R,9606.ENSP00000306157
ILF2,9606.ENSP00000355011
ILF3,9606.ENSP00000404121
ILVBL,9606.ENSP00000263383
IMMT,9606.ENSP00000387262
IMP3,9606.ENSP00000326981
IMP4,9606.ENSP00000259239
IMPA2,9606.ENSP00000269159
IMPDH2,9606.ENSP00000321584
INCENP,9606.ENSP00000378295
ING3,9606.ENSP00000320566
INHA,9606.ENSP00000243786
INHBA,9606.ENSP00000242208
INHBB,9606.ENSP00000295228
INMT,9606.ENSP00000013222
INPP4B,9606.ENSP00000422793
INPP5F,9606.ENSP00000497527
INPPL1,9606.ENSP00000298229
INSIG1,9606.ENSP00000344741
INSM1,9606.ENSP00000312631
IP6K1,9606.ENSP00000482032
IP6K2,9606.ENSP00000331103
IPCEF1,9606.ENSP00000394751
IPO7,9606.ENSP00000369042
IQGAP2,9606.ENSP00000274364
IRAK1,9606.ENSP00000358997
IRAK2,9606.ENSP00000256458
IRAK4,9606.ENSP00000479889
IRF1,9606.ENSP00000245414
IRF2,9606.ENSP00000377218
IRF4,9606.ENSP00000370343
IRF5,9606.ENSP00000418037
IRF6,9606.ENSP00000355988
IRF7,9606.ENSP00000380697
IRF8,9606.ENSP00000268638
IRF9,9606.ENSP00000380073
IRS1,9606.ENSP00000304895
IRS2,9606.ENSP00000365016
ISCA1,9606.ENSP00000365159
ISCU,9606.ENSP00000310623
ISG15,9606.ENSP00000496832
ISG20,9606.ENSP00000306565
ISG20L2,9606.ENSP00000323424
ISOC1,9606.ENSP00000173527
ITGA10,9606.ENSP00000358310
ITGA2,9606.ENSP00000296585
ITGA3,9606.ENSP00000315190
ITGA4,9606.ENSP00000380227
ITGA5,9606.ENSP00000293379
ITGA6,9606.ENSP00000386896
ITGA7,9606.ENSP00000452120
ITGA9,9606.ENSP00000264741
ITGAE,9606.ENSP00000263087
ITGAL,9606.ENSP00000349252
ITGAM,9606.ENSP00000496959
ITGAV,9606.ENSP00000261023
ITGB1,9606.ENSP00000379350
ITGB1BP1,9606.ENSP00000353850
ITGB1BP2,9606.ENSP00000362935
ITGB2,9606.ENSP00000380948
ITGB3,9606.ENSP00000452786
ITGB4,9606.ENSP00000200181
ITGB5,9606.ENSP00000296181
ITGB7,9606.ENSP00000267082
ITGB8,9606.ENSP00000222573
ITGBL1,9606.ENSP00000365351
ITIH5,9606.ENSP00000380333
ITK,9606.ENSP00000398655
ITPA,9606.ENSP00000369456
ITPK1,9606.ENSP00000267615
ITPR2,9606.ENSP00000370744
ITSN1,9606.ENSP00000370719
JAG1,9606.ENSP00000254958
JAG2,9606.ENSP00000328169
JAGN1,9606.ENSP00000496942
JAK1,9606.ENSP00000499900
JAK2,9606.ENSP00000371067
JAM3,9606.ENSP00000299106
JMJD6,9606.ENSP00000394085
JPT1,9606.ENSP00000348316
JUN,9606.ENSP00000360266
JUNB,9606.ENSP00000303315
JUP,9606.ENSP00000377508
KALRN,9606.ENSP00000240874
KARS1,9606.ENSP00000325448
KAT2A,9606.ENSP00000225916
KAT2B,9606.ENSP00000263754
KATNA1,9606.ENSP00000356381
KATNB1,9606.ENSP00000368982
KAZN,9606.ENSP00000365198
KCNA3,9606.ENSP00000358784
KCND1,9606.ENSP00000218176
KCNH1,9606.ENSP00000271751
KCNH2,9606.ENSP00000262186
KCNIP2,9606.ENSP00000420040
KCNIP3,9606.ENSP00000295225
KCNJ2,9606.ENSP00000243457
KCNJ8,9606.ENSP00000499300
KCNK15,9606.ENSP00000361952
KCNK5,9606.ENSP00000352527
KCNMA1,9606.ENSP00000286628
KCNMB1,9606.ENSP00000274629
KCNN4,9606.ENSP00000496939
KDELR3,9606.ENSP00000386918
KDM3A,9606.ENSP00000386660
KDM4B,9606.ENSP00000159111
KDM6B,9606.ENSP00000254846
KDM7A,9606.ENSP00000380692
KEL,9606.ENSP00000347409
KHNYN,9606.ENSP00000450799
KHSRP,9606.ENSP00000381216
KIF11,9606.ENSP00000260731
KIF13B,9606.ENSP00000427900
KIF15,9606.ENSP00000324020
KIF18B,9606.ENSP00000465992
KIF1B,9606.ENSP00000263934
KIF20A,9606.ENSP00000378356
KIF20B,9606.ENSP00000360793
KIF22,9606.ENSP00000160827
KIF23,9606.ENSP00000260363
KIF2A,9606.ENSP00000385000
KIF2C,9606.ENSP00000361298
KIF3B,9606.ENSP00000364864
KIF3C,9606.ENSP00000264712
KIF4A,9606.ENSP00000363524
KIF5B,9606.ENSP00000307078
KIF5C,9606.ENSP00000393379
KIFAP3,9606.ENSP00000354560
KIFC3,9606.ENSP00000442008
KIT,9606.ENSP00000288135
KLC1,9606.ENSP00000414982
KLF10,9606.ENSP00000285407
KLF2,9606.ENSP00000248071
KLF3,9606.ENSP00000261438
KLF4,9606.ENSP00000363804
KLF5,9606.ENSP00000366915
KLF6,9606.ENSP00000419923
KLF7,9606.ENSP00000309570
KLF9,9606.ENSP00000366330
KLHDC3,9606.ENSP00000313995
KLHDC8A,9606.ENSP00000356124
KLHL24,9606.ENSP00000395012
KLK1,9606.ENSP00000301420
KLK10,9606.ENSP00000311746
KLK11,9606.ENSP00000473047
KLK7,9606.ENSP00000470538
KLK8,9606.ENSP00000375682
KMT2D,9606.ENSP00000301067
KMT5A,9606.ENSP00000384629
KNL1,9606.ENSP00000335463
KNTC1,9606.ENSP00000328236
KPNA2,9606.ENSP00000438483
KPNB1,9606.ENSP00000290158
KPTN,9606.ENSP00000337850
KRT15,9606.ENSP00000377546
KRT17,9606.ENSP00000308452
KRT18,9606.ENSP00000373489
KRT19,9606.ENSP00000355124
KRT31,9606.ENSP00000251645
KRT5,9606.ENSP00000252242
KRT8,9606.ENSP00000449404
KYNU,9606.ENSP00000264170
L1CAM,9606.ENSP00000359077
L3MBTL4,9606.ENSP00000382976
LAD1,9606.ENSP00000375829
LAMA1,9606.ENSP00000374309
LAMA2,9606.ENSP00000400365
LAMA3,9606.ENSP00000324532
LAMA4,9606.ENSP00000230538
LAMB3,9606.ENSP00000375778
LAMC1,9606.ENSP00000258341
LAMC2,9606.ENSP00000264144
LAMP2,9606.ENSP00000408411
LAMP3,9606.ENSP00000265598
LAMTOR5,9606.ENSP00000256644
LAP3,9606.ENSP00000226299
LAPTM5,9606.ENSP00000294507
LARGE1,9606.ENSP00000347088
LAS1L,9606.ENSP00000363944
LAT2,9606.ENSP00000381492
LATS1,9606.ENSP00000437550
LATS2,9606.ENSP00000372035
LAYN,9606.ENSP00000364765
LBR,9606.ENSP00000339883
LCAT,9606.ENSP00000264005
LCK,9606.ENSP00000477713
LCLAT1,9606.ENSP00000310551
LCP1,9606.ENSP00000381581
LCP2,9606.ENSP00000046794
LDB1,9606.ENSP00000501277
LDB3,9606.ENSP00000401437
LDHA,9606.ENSP00000445175
LDHC,9606.ENSP00000437783
LDLR,9606.ENSP00000454071
LDLRAP1,9606.ENSP00000363458
LEAP2,9606.ENSP00000296877
LEF1,9606.ENSP00000265165
LEFTY2,9606.ENSP00000355785
LEP,9606.ENSP00000312652
LEPR,9606.ENSP00000330393
LFNG,9606.ENSP00000222725
LGALS1,9606.ENSP00000215909
LGALS3,9606.ENSP00000254301
LGALS3BP,9606.ENSP00000262776
LGALS7,9606.ENSP00000367891
LGMN,9606.ENSP00000376911
LHPP,9606.ENSP00000357835
LHX2,9606.ENSP00000362717
LIF,9606.ENSP00000249075
LIFR,9606.ENSP00000398368
LIG1,9606.ENSP00000263274
LIG3,9606.ENSP00000367787
LIMA1,9606.ENSP00000378400
LIPA,9606.ENSP00000337354
LIPE,9606.ENSP00000244289
LITAF,9606.ENSP00000459533
LLGL1,9606.ENSP00000321537
LLGL2,9606.ENSP00000376333
LMAN1,9606.ENSP00000251047
LMNA,9606.ENSP00000357283
LMNB1,9606.ENSP00000261366
LMO2,9606.ENSP00000257818
LONP1,9606.ENSP00000353826
LONP2,9606.ENSP00000285737
LOX,9606.ENSP00000231004
LOXL1,9606.ENSP00000261921
LOXL2,9606.ENSP00000373783
LPAR1,9606.ENSP00000363553
LPAR6,9606.ENSP00000367691
LPCAT3,9606.ENSP00000261407
LPIN1,9606.ENSP00000397908
LPIN2,9606.ENSP00000261596
LPL,9606.ENSP00000497642
LRIG1,9606.ENSP00000273261
LRP1,9606.ENSP00000243077
LRP10,9606.ENSP00000352601
LRPAP1,9606.ENSP00000497444
LRPPRC,9606.ENSP00000260665
LRRC15,9606.ENSP00000413707
LRRC8C,9606.ENSP00000359483
LSM1,9606.ENSP00000310596
LSM2,9606.ENSP00000364813
LSM4,9606.ENSP00000469468
LSM7,9606.ENSP00000252622
LSP1,9606.ENSP00000371194
LSR,9606.ENSP00000480821
LSS,9606.ENSP00000380837
LTA,9606.ENSP00000403495
LTA4H,9606.ENSP00000228740
LTB,9606.ENSP00000410481
LTBP1,9606.ENSP00000386043
LTBP2,9606.ENSP00000261978
LTBR,9606.ENSP00000228918
LTC4S,9606.ENSP00000292596
LTF,9606.ENSP00000231751
LUC7L3,9606.ENSP00000376919
LUM,9606.ENSP00000266718
LXN,9606.ENSP00000264265
LY6E,9606.ENSP00000428572
LY75,9606.ENSP00000263636
LY86,9606.ENSP00000369286
LY96,9606.ENSP00000284818
LYAR,9606.ENSP00000345917
LYN,9606.ENSP00000428924
LYPD3,9606.ENSP00000244333
LYSMD2,9606.ENSP00000267838
M6PR,9606.ENSP00000000412
MACROH2A2,9606.ENSP00000362352
MAD2L1,9606.ENSP00000296509
MADD,9606.ENSP00000310933
MAF,9606.ENSP00000327048
MAFB,9606.ENSP00000362410
MAFF,9606.ENSP00000442060
MAGEE1,9606.ENSP00000354912
MAGI2,9606.ENSP00000346151
MAGIX,9606.ENSP00000471299
MAK,9606.ENSP00000346484
MAL,9606.ENSP00000310880
MAL2,9606.ENSP00000479708
MALL,9606.ENSP00000272462
MAML1,9606.ENSP00000292599
MAML2,9606.ENSP00000434552
MAN1A1,9606.ENSP00000357453
MAOA,9606.ENSP00000340684
MAOB,9606.ENSP00000367309
MAP1B,9606.ENSP00000296755
MAP1S,9606.ENSP00000325313
MAP2K3,9606.ENSP00000345083
MAP2K5,9606.ENSP00000178640
MAP2K6,9606.ENSP00000468348
MAP3K1,9606.ENSP00000382423
MAP3K11,9606.ENSP00000309597
MAP3K20,9606.ENSP00000364361
MAP3K6,9606.ENSP00000350195
MAP3K7,9606.ENSP00000358335
MAP3K8,9606.ENSP00000263056
MAP4K1,9606.ENSP00000465039
MAP4K2,9606.ENSP00000294066
MAP4K3,9606.ENSP00000263881
MAP6,9606.ENSP00000307093
MAP7,9606.ENSP00000482335
MAPK1,9606.ENSP00000215832
MAPK11,9606.ENSP00000333685
MAPK12,9606.ENSP00000215659
MAPK13,9606.ENSP00000211287
MAPK14,9606.ENSP00000229795
MAPK8,9606.ENSP00000378974
MAPK8IP2,9606.ENSP00000330572
MAPK9,9606.ENSP00000394560
MAPKAP1,9606.ENSP00000265960
MAPKAPK2,9606.ENSP00000356070
MAPKAPK3,9606.ENSP00000396467
MAPRE1,9606.ENSP00000364721
MAPRE3,9606.ENSP00000233121
MAPT,9606.ENSP00000340820
MARCHF1,9606.ENSP00000427223
MARCHF2,9606.ENSP00000471536
MARCHF6,9606.ENSP00000274140
MARCHF8,9606.ENSP00000411848
MARCKS,9606.ENSP00000478061
MARCO,9606.ENSP00000318916
MARK2,9606.ENSP00000385751
MARK3,9606.ENSP00000411397
MARK4,9606.ENSP00000262891
MASP2,9606.ENSP00000383690
MAST2,9606.ENSP00000354671
MAST3,9606.ENSP00000262811
MAST4,9606.ENSP00000385727
MATN2,9606.ENSP00000254898
MATN3,9606.ENSP00000383894
MB,9606.ENSP00000352835
MBOAT2,9606.ENSP00000302177
MBP,9606.ENSP00000380958
MCCC1,9606.ENSP00000265594
MCCC2,9606.ENSP00000343657
MCEE,9606.ENSP00000244217
MCL1,9606.ENSP00000358022
MCM2,9606.ENSP00000265056
MCM3,9606.ENSP00000480987
MCM4,9606.ENSP00000262105
MCM5,9606.ENSP00000216122
MCM6,9606.ENSP00000264156
MCM7,9606.ENSP00000307288
MDGA1,9606.ENSP00000402584
MDH2,9606.ENSP00000327070
MDK,9606.ENSP00000385451
MDM2,9606.ENSP00000258149
ME1,9606.ENSP00000358719
ME2,9606.ENSP00000321070
MED13L,9606.ENSP00000281928
MED24,9606.ENSP00000440100
MEF2A,9606.ENSP00000453095
MEF2C,9606.ENSP00000340874
MEF2D,9606.ENSP00000271555
MEIS1,9606.ENSP00000272369
MEIS2,9606.ENSP00000453793
MELK,9606.ENSP00000298048
MERTK,9606.ENSP00000295408
MEST,9606.ENSP00000223215
MET,9606.ENSP00000317272
METAP1,9606.ENSP00000296411
METTL3,9606.ENSP00000298717
MFAP5,9606.ENSP00000352455
MFHAS1,9606.ENSP00000276282
MFN2,9606.ENSP00000416338
MFSD6,9606.ENSP00000376141
MGAT1,9606.ENSP00000332073
MGLL,9606.ENSP00000265052
MGMT,9606.ENSP00000302111
MGP,9606.ENSP00000228938
MGST1,9606.ENSP00000379512
MGST3,9606.ENSP00000356864
MICB,9606.ENSP00000252229
MID1,9606.ENSP00000414521
MID1IP1,9606.ENSP00000483547
MIGA2,9606.ENSP00000351138
MINDY1,9606.ENSP00000354669
MINPP1,9606.ENSP00000361064
MIOS,9606.ENSP00000339881
MKI67,9606.ENSP00000357643
MKNK1,9606.ENSP00000498083
MKNK2,9606.ENSP00000250896
MKRN1,9606.ENSP00000255977
MLF1,9606.ENSP00000376568
MLH1,9606.ENSP00000231790
MLLT10,9606.ENSP00000307411
MLLT11,9606.ENSP00000357917
MLPH,9606.ENSP00000264605
MLYCD,9606.ENSP00000262430
MMD,9606.ENSP00000262065
MMP1,9606.ENSP00000322788
MMP10,9606.ENSP00000279441
MMP11,9606.ENSP00000215743
MMP12,9606.ENSP00000458585
MMP13,9606.ENSP00000260302
MMP14,9606.ENSP00000308208
MMP15,9606.ENSP00000219271
MMP16,9606.ENSP00000286614
MMP2,9606.ENSP00000219070
MMP3,9606.ENSP00000299855
MMP7,9606.ENSP00000260227
MMP9,9606.ENSP00000361405
MMS22L,9606.ENSP00000275053
MNAT1,9606.ENSP00000261245
MOCOS,9606.ENSP00000261326
MOCS2,9606.ENSP00000380157
MON2,9606.ENSP00000377250
MOSPD1,9606.ENSP00000359819
MOV10,9606.ENSP00000399797
MPC1,9606.ENSP00000354223
MPC2,9606.ENSP00000271373
MPG,9606.ENSP00000219431
MPHOSPH10,9606.ENSP00000244230
MPI,9606.ENSP00000318318
MPP1,9606.ENSP00000358547
MPP2,9606.ENSP00000428182
MPPED2,9606.ENSP00000350833
MPZL1,9606.ENSP00000352513
MPZL2,9606.ENSP00000278937
MRAS,9606.ENSP00000289104
MRE11,9606.ENSP00000325863
MREG,9606.ENSP00000263268
MRPL11,9606.ENSP00000308897
MRPL15,9606.ENSP00000260102
MRPL23,9606.ENSP00000380466
MRPL3,9606.ENSP00000264995
MRPL34,9606.ENSP00000252602
MRPL35,9606.ENSP00000338389
MRPL40,9606.ENSP00000333401
MRPL9,9606.ENSP00000357823
MRPS11,9606.ENSP00000317376
MRPS12,9606.ENSP00000384952
MRPS15,9606.ENSP00000362208
MRPS18B,9606.ENSP00000259873
MRPS22,9606.ENSP00000418008
MRPS30,9606.ENSP00000424328
MRPS31,9606.ENSP00000315397
MRTO4,9606.ENSP00000364320
MSC,9606.ENSP00000321445
MSH2,9606.ENSP00000233146
MSH5,9606.ENSP00000364855
MSMB,9606.ENSP00000463092
MSN,9606.ENSP00000353408
MSR1,9606.ENSP00000405453
MSRA,9606.ENSP00000313921
MSRB1,9606.ENSP00000355084
MSRB2,9606.ENSP00000365693
MST1,9606.ENSP00000414287
MSX1,9606.ENSP00000372170
MT1E,9606.ENSP00000328137
MT2A,9606.ENSP00000245185
MTA1,9606.ENSP00000333633
MTCH2,9606.ENSP00000303222
MTF2,9606.ENSP00000359321
MTHFD1,9606.ENSP00000498336
MTHFD2,9606.ENSP00000377617
MTHFD2L,9606.ENSP00000379108
MTHFR,9606.ENSP00000365770
MTIF2,9606.ENSP00000263629
MTMR10,9606.ENSP00000402537
MTOR,9606.ENSP00000354558
MTREX,9606.ENSP00000230640
MTRF1,9606.ENSP00000368793
MTRR,9606.ENSP00000402510
MTX2,9606.ENSP00000249442
MUC1,9606.ENSP00000484824
MVB12A,9606.ENSP00000324810
MVD,9606.ENSP00000301012
MVK,9606.ENSP00000228510
MVP,9606.ENSP00000378760
MX1,9606.ENSP00000381601
MX2,9606.ENSP00000333657
MXD1,9606.ENSP00000264444
MXD3,9606.ENSP00000401867
MXD4,9606.ENSP00000337889
MXI1,9606.ENSP00000331152
MXRA5,9606.ENSP00000217939
MYB,9606.ENSP00000339992
MYBBP1A,9606.ENSP00000370968
MYBL1,9606.ENSP00000429633
MYBL2,9606.ENSP00000217026
MYC,9606.ENSP00000478887
MYCN,9606.ENSP00000281043
MYD88,9606.ENSP00000498321
MYH10,9606.ENSP00000353590
MYH11,9606.ENSP00000379616
MYH3,9606.ENSP00000464317
MYH9,9606.ENSP00000216181
MYL12A,9606.ENSP00000464359
MYL12B,9606.ENSP00000463559
MYL3,9606.ENSP00000499406
MYL6B,9606.ENSP00000450385
MYL7,9606.ENSP00000223364
MYL9,9606.ENSP00000279022
MYLK,9606.ENSP00000353452
MYO1C,9606.ENSP00000496954
MYO1E,9606.ENSP00000288235
MYO9B,9606.ENSP00000471457
MYOF,9606.ENSP00000352208
MYOM1,9606.ENSP00000348821
MYOM2,9606.ENSP00000262113
MYOZ1,9606.ENSP00000352272
NAA38,9606.ENSP00000332103
NAB2,9606.ENSP00000300131
NABP1,9606.ENSP00000403683
NADSYN1,9606.ENSP00000326424
NAGK,9606.ENSP00000477639
NAMPT,9606.ENSP00000222553
NANP,9606.ENSP00000302441
NAP1L1,9606.ENSP00000477538
NAP1L2,9606.ENSP00000362616
NAPA,9606.ENSP00000263354
NAPG,9606.ENSP00000324628
NARF,9606.ENSP00000309899
NASP,9606.ENSP00000255120
NAT1,9606.ENSP00000443194
NAV2,9606.ENSP00000379396
NBL1,9606.ENSP00000289749
NBN,9606.ENSP00000265433
NCAM1,9606.ENSP00000480132
NCAPD2,9606.ENSP00000325017
NCAPH,9606.ENSP00000240423
NCAPH2,9606.ENSP00000299821
NCBP1,9606.ENSP00000364289
NCBP2,9606.ENSP00000326806
NCF4,9606.ENSP00000380334
NCK1,9606.ENSP00000417273
NCK2,9606.ENSP00000233154
NCL,9606.ENSP00000318195
NCOA3,9606.ENSP00000361066
NCOA4,9606.ENSP00000463027
NCOA6,9606.ENSP00000363929
NCOA7,9606.ENSP00000376269
NCOR2,9606.ENSP00000384018
NCS1,9606.ENSP00000361475
NCSTN,9606.ENSP00000294785
NDC80,9606.ENSP00000261597
NDP,9606.ENSP00000495811
NDRG1,9606.ENSP00000404854
NDRG2,9606.ENSP00000451712
NDST1,9606.ENSP00000261797
NDUFA1,9606.ENSP00000360492
NDUFA2,9606.ENSP00000252102
NDUFA3,9606.ENSP00000418438
NDUFA4,9606.ENSP00000339720
NDUFA5,9606.ENSP00000417142
NDUFA6,9606.ENSP00000482543
NDUFA7,9606.ENSP00000301457
NDUFA8,9606.ENSP00000362873
NDUFA9,9606.ENSP00000266544
NDUFAB1,9606.ENSP00000458770
NDUFAF4,9606.ENSP00000358272
NDUFB1,9606.ENSP00000483888
NDUFB2,9606.ENSP00000419087
NDUFB3,9606.ENSP00000407336
NDUFB4,9606.ENSP00000184266
NDUFB5,9606.ENSP00000259037
NDUFB6,9606.ENSP00000369176
NDUFB7,9606.ENSP00000215565
NDUFB8,9606.ENSP00000299166
NDUFC1,9606.ENSP00000441126
NDUFC2,9606.ENSP00000281031
NDUFS1,9606.ENSP00000392709
NDUFS2,9606.ENSP00000356972
NDUFS3,9606.ENSP00000263774
NDUFS4,9606.ENSP00000296684
NDUFS6,9606.ENSP00000274137
NDUFS7,9606.ENSP00000233627
NDUFS8,9606.ENSP00000315774
NDUFV1,9606.ENSP00000497587
NDUFV2,9606.ENSP00000327268
NDUFV3,9606.ENSP00000346196
NECTIN1,9606.ENSP00000264025
NECTIN2,9606.ENSP00000252483
NECTIN3,9606.ENSP00000418070
NECTIN4,9606.ENSP00000356991
NEDD4,9606.ENSP00000424827
NEDD4L,9606.ENSP00000383199
NEDD9,9606.ENSP00000368759
NEFH,9606.ENSP00000311997
NEGR1,9606.ENSP00000350364
NEK2,9606.ENSP00000355966
NEK7,9606.ENSP00000356355
NELFB,9606.ENSP00000339495
NELFCD,9606.ENSP00000473290
NELFE,9606.ENSP00000364578
NET1,9606.ENSP00000347134
NEXN,9606.ENSP00000333938
NF1,9606.ENSP00000351015
NF2,9606.ENSP00000344666
NFASC,9606.ENSP00000344786
NFAT5,9606.ENSP00000338806
NFE2,9606.ENSP00000439120
NFE2L1,9606.ENSP00000354855
NFE2L2,9606.ENSP00000380252
NFIB,9606.ENSP00000370340
NFIL3,9606.ENSP00000297689
NFKB1,9606.ENSP00000226574
NFKB2,9606.ENSP00000358983
NFKBIA,9606.ENSP00000216797
NFKBIB,9606.ENSP00000312988
NFKBIE,9606.ENSP00000275015
NFKBIZ,9606.ENSP00000325663
NFS1,9606.ENSP00000363205
NFX1,9606.ENSP00000368856
NFYA,9606.ENSP00000345702
NFYB,9606.ENSP00000240055
NFYC,9606.ENSP00000312617
NGF,9606.ENSP00000358525
NGLY1,9606.ENSP00000280700
NHP2,9606.ENSP00000274606
NIBAN1,9606.ENSP00000356481
NID2,9606.ENSP00000216286
NIN,9606.ENSP00000371472
NINJ1,9606.ENSP00000364595
NIP7,9606.ENSP00000254940
NIPBL,9606.ENSP00000282516
NKD1,9606.ENSP00000268459
NKIRAS1,9606.ENSP00000393785
NKX3-1,9606.ENSP00000370253
NKX6-1,9606.ENSP00000295886
NLGN2,9606.ENSP00000305288
NLGN3,9606.ENSP00000351591
NLRC5,9606.ENSP00000262510
NLRP3,9606.ENSP00000337383
NME1,9606.ENSP00000337060
NME3,9606.ENSP00000219302
NME4,9606.ENSP00000219479
NMI,9606.ENSP00000243346
NMT1,9606.ENSP00000468424
NMU,9606.ENSP00000264218
NNMT,9606.ENSP00000441434
NNT,9606.ENSP00000264663
NOC4L,9606.ENSP00000328854
NOCT,9606.ENSP00000280614
NOD1,9606.ENSP00000222823
NOD2,9606.ENSP00000300589
NOL3,9606.ENSP00000457243
NOL8,9606.ENSP00000441140
NOLC1,9606.ENSP00000385410
NOP14,9606.ENSP00000405068
NOP16,9606.ENSP00000483001
NOP56,9606.ENSP00000370589
NOS2,9606.ENSP00000327251
NOTCH1,9606.ENSP00000498587
NOTCH2,9606.ENSP00000256646
NOTCH3,9606.ENSP00000263388
NOTCH4,9606.ENSP00000364163
NPC1,9606.ENSP00000269228
NPHP1,9606.ENSP00000313169
NPM1,9606.ENSP00000296930
NPR2,9606.ENSP00000341083
NPTX2,9606.ENSP00000265634
NPTXR,9606.ENSP00000327545
NPY1R,9606.ENSP00000354652
NPY5R,9606.ENSP00000423917
NQO1,9606.ENSP00000319788
NQO2,9606.ENSP00000369822
NR1D2,9606.ENSP00000310006
NR3C1,9606.ENSP00000231509
NR3C2,9606.ENSP00000350815
NR4A1,9606.ENSP00000440864
NR4A2,9606.ENSP00000344479
NR4A3,9606.ENSP00000482027
NR6A1,9606.ENSP00000420267
NRCAM,9606.ENSP00000368314
NRIP1,9606.ENSP00000327213
NRIP2,9606.ENSP00000337501
NRP1,9606.ENSP00000265371
NRP2,9606.ENSP00000353582
NRTN,9606.ENSP00000302648
NRXN2,9606.ENSP00000265459
NSD2,9606.ENSP00000372351
NSDHL,9606.ENSP00000359297
NT5C,9606.ENSP00000245552
NT5C3A,9606.ENSP00000476480
NT5E,9606.ENSP00000257770
NTF3,9606.ENSP00000397297
NTHL1,9606.ENSP00000219066
NTM,9606.ENSP00000396722
NTRK3,9606.ENSP00000354207
NUB1,9606.ENSP00000454264
NUDT11,9606.ENSP00000365160
NUDT12,9606.ENSP00000230792
NUDT15,9606.ENSP00000258662
NUDT19,9606.ENSP00000380251
NUDT21,9606.ENSP00000300291
NUDT4,9606.ENSP00000338352
NUDT9,9606.ENSP00000303575
NUFIP1,9606.ENSP00000368459
NUMA1,9606.ENSP00000377298
NUMB,9606.ENSP00000451300
NUP107,9606.ENSP00000229179
NUP153,9606.ENSP00000444029
NUP205,9606.ENSP00000285968
NUP50,9606.ENSP00000345895
NUP58,9606.ENSP00000371155
NUP93,9606.ENSP00000310668
NUP98,9606.ENSP00000316032
NUPR1,9606.ENSP00000379003
NXF1,9606.ENSP00000436679
NXT1,9606.ENSP00000254998
OAS1,9606.ENSP00000388001
OAS2,9606.ENSP00000342278
OAS3,9606.ENSP00000228928
OASL,9606.ENSP00000257570
OAT,9606.ENSP00000357838
OAZ3,9606.ENSP00000383784
OCEL1,9606.ENSP00000215061
OCRL,9606.ENSP00000360154
ODC1,9606.ENSP00000234111
ODF2,9606.ENSP00000403453
OGDH,9606.ENSP00000388183
OGFR,9606.ENSP00000290291
OLFM1,9606.ENSP00000360858
OLFML3,9606.ENSP00000322273
OLR1,9606.ENSP00000309124
OMD,9606.ENSP00000364700
OPA1,9606.ENSP00000354681
OPHN1,9606.ENSP00000347710
OPN3,9606.ENSP00000355512
OPTN,9606.ENSP00000368022
ORC2,9606.ENSP00000234296
ORC5,9606.ENSP00000297431
ORC6,9606.ENSP00000219097
ORM1,9606.ENSP00000259396
OSBP2,9606.ENSP00000332576
OSGIN1,9606.ENSP00000355374
OSM,9606.ENSP00000215781
OSMR,9606.ENSP00000274276
OSTC,9606.ENSP00000426167
OVOL2,9606.ENSP00000278780
OXA1L,9606.ENSP00000285848
OXSR1,9606.ENSP00000311713
OXT,9606.ENSP00000217386
OXTR,9606.ENSP00000324270
P2RX4,9606.ENSP00000353032
P2RX7,9606.ENSP00000330696
P2RY1,9606.ENSP00000304767
P2RY14,9606.ENSP00000308361
P2RY2,9606.ENSP00000310305
P3H1,9606.ENSP00000236040
P4HA1,9606.ENSP00000263556
P4HA2,9606.ENSP00000384999
PA2G4,9606.ENSP00000302886
PABPC1,9606.ENSP00000313007
PABPC4,9606.ENSP00000361949
PACRG,9606.ENSP00000337946
PAFAH1B1,9606.ENSP00000380378
PAICS,9606.ENSP00000382595
PAIP1,9606.ENSP00000302768
PAK1,9606.ENSP00000278568
PAK3,9606.ENSP00000353864
PAK4,9606.ENSP00000469413
PALLD,9606.ENSP00000425556
PAM,9606.ENSP00000306100
PAN2,9606.ENSP00000481859
PANX1,9606.ENSP00000227638
PAPSS2,9606.ENSP00000406157
PARD6G,9606.ENSP00000343144
PARN,9606.ENSP00000387911
PARP12,9606.ENSP00000263549
PARP14,9606.ENSP00000418194
PARP2,9606.ENSP00000250416
PARP9,9606.ENSP00000353512
PARVA,9606.ENSP00000334008
PAXIP1,9606.ENSP00000384048
PBK,9606.ENSP00000428489
PBX2,9606.ENSP00000364190
PC,9606.ENSP00000498994
PCBD1,9606.ENSP00000299299
PCBP1,9606.ENSP00000305556
PCDH1,9606.ENSP00000287008
PCDH7,9606.ENSP00000441802
PCGF5,9606.ENSP00000337500
PCK1,9606.ENSP00000319814
PCLO,9606.ENSP00000334319
PCM1,9606.ENSP00000327077
PCNA,9606.ENSP00000368458
PCNT,9606.ENSP00000352572
PCOLCE,9606.ENSP00000223061
PCOLCE2,9606.ENSP00000295992
PCP4,9606.ENSP00000329403
PCSK1,9606.ENSP00000308024
PCSK1N,9606.ENSP00000218230
PCSK4,9606.ENSP00000300954
PCYT2,9606.ENSP00000442050
PDAP1,9606.ENSP00000222968
PDCD1,9606.ENSP00000335062
PDCD1LG2,9606.ENSP00000380855
PDCD2L,9606.ENSP00000246535
PDCD4,9606.ENSP00000280154
PDE4B,9606.ENSP00000342637
PDE4DIP,9606.ENSP00000358363
PDE6B,9606.ENSP00000420295
PDE6G,9606.ENSP00000328412
PDGFA,9606.ENSP00000346508
PDGFB,9606.ENSP00000330382
PDGFC,9606.ENSP00000422464
PDGFRB,9606.ENSP00000261799
PDHA1,9606.ENSP00000369134
PDHB,9606.ENSP00000307241
PDHX,9606.ENSP00000227868
PDIA5,9606.ENSP00000323313
PDIA6,9606.ENSP00000385385
PDK1,9606.ENSP00000376352
PDK2,9606.ENSP00000420927
PDK3,9606.ENSP00000498864
PDK4,9606.ENSP00000005178
PDLIM1,9606.ENSP00000360305
PDLIM3,9606.ENSP00000284767
PDLIM4,9606.ENSP00000253754
PDLIM5,9606.ENSP00000480359
PDLIM7,9606.ENSP00000348099
PDP1,9606.ENSP00000379503
PDPN,9606.ENSP00000294489
PDS5B,9606.ENSP00000313851
PDZK1,9606.ENSP00000342143
PDZK1IP1,9606.ENSP00000294338
PEA15,9606.ENSP00000357055
PEBP1,9606.ENSP00000261313
PECAM1,9606.ENSP00000457421
PECR,9606.ENSP00000265322
PEF1,9606.ENSP00000362807
PEG3,9606.ENSP00000326581
PELI1,9606.ENSP00000351789
PEMT,9606.ENSP00000255389
PER1,9606.ENSP00000314420
PERP,9606.ENSP00000397157
PES1,9606.ENSP00000346725
PEX1,9606.ENSP00000248633
PEX11A,9606.ENSP00000300056
PEX11B,9606.ENSP00000358312
PEX11G,9606.ENSP00000221480
PEX12,9606.ENSP00000482609
PEX13,9606.ENSP00000295030
PEX14,9606.ENSP00000349016
PEX16,9606.ENSP00000241041
PEX19,9606.ENSP00000357051
PEX2,9606.ENSP00000349543
PEX26,9606.ENSP00000331106
PEX5,9606.ENSP00000391601
PEX6,9606.ENSP00000303511
PEX7,9606.ENSP00000315680
PFKFB1,9606.ENSP00000364145
PFKFB3,9606.ENSP00000492001
PFKL,9606.ENSP00000269848
PFKM,9606.ENSP00000496597
PFKP,9606.ENSP00000370517
PFN1,9606.ENSP00000225655
PFN2,9606.ENSP00000239940
PGAM1,9606.ENSP00000359991
PGD,9606.ENSP00000270776
PGF,9606.ENSP00000451040
PGK1,9606.ENSP00000362413
PGLS,9606.ENSP00000252603
PGM1,9606.ENSP00000360124
PGM2,9606.ENSP00000371393
PGM3,9606.ENSP00000425809
PGR,9606.ENSP00000325120
PGRMC1,9606.ENSP00000217971
PGS1,9606.ENSP00000262764
PHB2,9606.ENSP00000441875
PHEX,9606.ENSP00000368682
PHF3,9606.ENSP00000262043
PHF5A,9606.ENSP00000216252
PHF7,9606.ENSP00000333024
PHGDH,9606.ENSP00000493382
PHKA2,9606.ENSP00000369274
PHKG1,9606.ENSP00000445440
PHKG2,9606.ENSP00000455607
PHLDA1,9606.ENSP00000266671
PHLDA2,9606.ENSP00000319231
PHLDA3,9606.ENSP00000356280
PHLDB1,9606.ENSP00000354498
PHTF2,9606.ENSP00000403042
PHYH,9606.ENSP00000263038
PIAS1,9606.ENSP00000438574
PIAS2,9606.ENSP00000465676
PIAS3,9606.ENSP00000376765
PICALM,9606.ENSP00000377015
PICK1,9606.ENSP00000385205
PIDD1,9606.ENSP00000337797
PIF1,9606.ENSP00000328174
PIGQ,9606.ENSP00000026218
PIGR,9606.ENSP00000348888
PIK3CA,9606.ENSP00000263967
PIK3CB,9606.ENSP00000501150
PIK3CD,9606.ENSP00000366563
PIK3CG,9606.ENSP00000419260
PIK3R3,9606.ENSP00000262741
PIK3R5,9606.ENSP00000392812
PIKFYVE,9606.ENSP00000264380
PIM1,9606.ENSP00000362608
PIM3,9606.ENSP00000353824
PIN1,9606.ENSP00000247970
PINK1,9606.ENSP00000364204
PIPOX,9606.ENSP00000317721
PITPNB,9606.ENSP00000487693
PITPNC1,9606.ENSP00000464006
PKD1,9606.ENSP00000262304
PKD2,9606.ENSP00000237596
PKIA,9606.ENSP00000379696
PKM,9606.ENSP00000320171
PKP1,9606.ENSP00000263946
PKP2,9606.ENSP00000070846
PKP3,9606.ENSP00000331678
PLA2G12A,9606.ENSP00000243501
PLA2G2A,9606.ENSP00000383364
PLA2G4A,9606.ENSP00000356436
PLA2G7,9606.ENSP00000274793
PLAAT3,9606.ENSP00000320337
PLAC1,9606.ENSP00000352173
PLAC8,9606.ENSP00000399700
PLAGL1,9606.ENSP00000353734
PLAT,9606.ENSP00000220809
PLAU,9606.ENSP00000361850
PLAUR,9606.ENSP00000339328
PLCB1,9606.ENSP00000338185
PLCB2,9606.ENSP00000260402
PLCB4,9606.ENSP00000367762
PLCG1,9606.ENSP00000244007
PLCL1,9606.ENSP00000402861
PLEC,9606.ENSP00000323856
PLEK,9606.ENSP00000234313
PLEK2,9606.ENSP00000216446
PLEKHG2,9606.ENSP00000392906
PLIN2,9606.ENSP00000276914
PLK1,9606.ENSP00000300093
PLK2,9606.ENSP00000274289
PLK3,9606.ENSP00000361275
PLK4,9606.ENSP00000270861
PLOD1,9606.ENSP00000196061
PLOD2,9606.ENSP00000282903
PLOD3,9606.ENSP00000223127
PLPP1,9606.ENSP00000264775
PLPP3,9606.ENSP00000360296
PLPPR4,9606.ENSP00000359204
PLSCR1,9606.ENSP00000345494
PLVAP,9606.ENSP00000252590
PLXNB1,9606.ENSP00000351338
PLXNB2,9606.ENSP00000352288
PMAIP1,9606.ENSP00000326119
PMEPA1,9606.ENSP00000345826
PML,9606.ENSP00000268058
PMM1,9606.ENSP00000216259
PMM2,9606.ENSP00000268261
PMP22,9606.ENSP00000308937
PMPCA,9606.ENSP00000360782
PMS2,9606.ENSP00000265849
PMVK,9606.ENSP00000357452
PNMT,9606.ENSP00000269582
PNN,9606.ENSP00000216832
PNO1,9606.ENSP00000263657
PNP,9606.ENSP00000354532
PNPLA8,9606.ENSP00000257694
PNPT1,9606.ENSP00000400646
PNRC1,9606.ENSP00000336931
PODXL,9606.ENSP00000367817
POLA1,9606.ENSP00000368358
POLA2,9606.ENSP00000265465
POLB,9606.ENSP00000265421
POLD1,9606.ENSP00000472445
POLD2,9606.ENSP00000480186
POLD3,9606.ENSP00000263681
POLD4,9606.ENSP00000311368
POLE,9606.ENSP00000322570
POLE3,9606.ENSP00000363286
POLE4,9606.ENSP00000420176
POLG2,9606.ENSP00000442563
POLH,9606.ENSP00000361310
POLL,9606.ENSP00000359181
POLQ,9606.ENSP00000264233
POLR1C,9606.ENSP00000496044
POLR1D,9606.ENSP00000302478
POLR2A,9606.ENSP00000461879
POLR2C,9606.ENSP00000219252
POLR2D,9606.ENSP00000272645
POLR2E,9606.ENSP00000478303
POLR2F,9606.ENSP00000385725
POLR2G,9606.ENSP00000301788
POLR2H,9606.ENSP00000415536
POLR2I,9606.ENSP00000221859
POLR2J,9606.ENSP00000292614
POLR2K,9606.ENSP00000342889
POLR3C,9606.ENSP00000334564
POLR3G,9606.ENSP00000498469
POLR3GL,9606.ENSP00000358320
POLR3K,9606.ENSP00000293860
POM121,9606.ENSP00000378687
POMC,9606.ENSP00000384092
POP4,9606.ENSP00000465213
POP7,9606.ENSP00000304353
POR,9606.ENSP00000419970
POSTN,9606.ENSP00000369071
POU2F1,9606.ENSP00000356840
PPA1,9606.ENSP00000362329
PPAN,9606.ENSP00000253107
PPARA,9606.ENSP00000385523
PPARD,9606.ENSP00000310928
PPARG,9606.ENSP00000287820
PPAT,9606.ENSP00000264220
PPFIA4,9606.ENSP00000402576
PPIA,9606.ENSP00000419425
PPIB,9606.ENSP00000300026
PPIF,9606.ENSP00000225174
PPM1A,9606.ENSP00000327255
PPM1B,9606.ENSP00000282412
PPM1D,9606.ENSP00000306682
PPM1G,9606.ENSP00000342778
PPOX,9606.ENSP00000356978
PPP1CA,9606.ENSP00000326031
PPP1R15A,9606.ENSP00000200453
PPP1R15B,9606.ENSP00000356156
PPP1R2,9606.ENSP00000484580
PPP1R3C,9606.ENSP00000238994
PPP1R8,9606.ENSP00000311677
PPP2CB,9606.ENSP00000221138
PPP2R1B,9606.ENSP00000311344
PPP2R2C,9606.ENSP00000372042
PPP2R5B,9606.ENSP00000164133
PPP3R1,9606.ENSP00000234310
PPP4C,9606.ENSP00000279387
PPP4R2,9606.ENSP00000349124
PPRC1,9606.ENSP00000278070
PPT1,9606.ENSP00000493153
PRAF2,9606.ENSP00000451962
PRCP,9606.ENSP00000377055
PRDM1,9606.ENSP00000358092
PRDM2,9606.ENSP00000235372
PRDM4,9606.ENSP00000228437
PRDX1,9606.ENSP00000262746
PRDX2,9606.ENSP00000301522
PRDX3,9606.ENSP00000298510
PRDX4,9606.ENSP00000368646
PRDX5,9606.ENSP00000265462
PRDX6,9606.ENSP00000342026
PREB,9606.ENSP00000260643
PRELID3B,9606.ENSP00000348206
PREP,9606.ENSP00000499089
PREX1,9606.ENSP00000361009
PRF1,9606.ENSP00000398568
PRIM1,9606.ENSP00000350491
PRIM2,9606.ENSP00000484105
PRKAA2,9606.ENSP00000360290
PRKAB1,9606.ENSP00000441369
PRKACA,9606.ENSP00000309591
PRKAG1,9606.ENSP00000323867
PRKAR2A,9606.ENSP00000265563
PRKAR2B,9606.ENSP00000265717
PRKCA,9606.ENSP00000408695
PRKCB,9606.ENSP00000496129
PRKCD,9606.ENSP00000331602
PRKCE,9606.ENSP00000306124
PRKCH,9606.ENSP00000329127
PRKDC,9606.ENSP00000313420
PRKG2,9606.ENSP00000264399
PRKN,9606.ENSP00000355865
PRLR,9606.ENSP00000482954
PRMT2,9606.ENSP00000380759
PRMT3,9606.ENSP00000331879
PRMT5,9606.ENSP00000319169
PRNP,9606.ENSP00000399376
PROC,9606.ENSP00000234071
PROCR,9606.ENSP00000216968
PRODH,9606.ENSP00000349577
PROS1,9606.ENSP00000377783
PRPF3,9606.ENSP00000315379
PRPF31,9606.ENSP00000324122
PRPS1,9606.ENSP00000361512
PRPS2,9606.ENSP00000381504
PRRX1,9606.ENSP00000239461
PRSS2,9606.ENSP00000488437
PRSS23,9606.ENSP00000280258
PRSS36,9606.ENSP00000268281
PSAT1,9606.ENSP00000365773
PSEN1,9606.ENSP00000326366
PSENEN,9606.ENSP00000468411
PSIP1,9606.ENSP00000370114
PSMA1,9606.ENSP00000414359
PSMA3,9606.ENSP00000216455
PSMA4,9606.ENSP00000044462
PSMA6,9606.ENSP00000261479
PSMA7,9606.ENSP00000359910
PSMB10,9606.ENSP00000351314
PSMB2,9606.ENSP00000362334
PSMB3,9606.ENSP00000483688
PSMB5,9606.ENSP00000355325
PSMB8,9606.ENSP00000364016
PSMB9,9606.ENSP00000363993
PSMC2,9606.ENSP00000391211
PSMC3,9606.ENSP00000481029
PSMC3IP,9606.ENSP00000377384
PSMC4,9606.ENSP00000157812
PSMC6,9606.ENSP00000484998
PSMD1,9606.ENSP00000309474
PSMD12,9606.ENSP00000348442
PSMD13,9606.ENSP00000396937
PSMD14,9606.ENSP00000386541
PSMD3,9606.ENSP00000264639
PSMD7,9606.ENSP00000219313
PSMD8,9606.ENSP00000215071
PSMD9,9606.ENSP00000440485
PSME1,9606.ENSP00000372155
PSME2,9606.ENSP00000216802
PSME3,9606.ENSP00000293362
PSMG1,9606.ENSP00000329915
PSPH,9606.ENSP00000378854
PTAFR,9606.ENSP00000442658
PTBP2,9606.ENSP00000359216
PTCD2,9606.ENSP00000370013
PTCD3,9606.ENSP00000254630
PTCH1,9606.ENSP00000332353
PTEN,9606.ENSP00000361021
PTGDS,9606.ENSP00000360687
PTGER2,9606.ENSP00000245457
PTGER3,9606.ENSP00000349003
PTGER4,9606.ENSP00000302846
PTGES,9606.ENSP00000342385
PTGES3,9606.ENSP00000482075
PTGFR,9606.ENSP00000359793
PTGIR,9606.ENSP00000291294
PTGIS,9606.ENSP00000244043
PTGR1,9606.ENSP00000385763
PTGS2,9606.ENSP00000356438
PTH1R,9606.ENSP00000402723
PTHLH,9606.ENSP00000441765
PTK2,9606.ENSP00000341189
PTK2B,9606.ENSP00000380638
PTP4A3,9606.ENSP00000428976
PTPA,9606.ENSP00000377036
PTPN1,9606.ENSP00000360683
PTPN11,9606.ENSP00000489597
PTPN14,9606.ENSP00000355923
PTPN2,9606.ENSP00000311857
PTPN21,9606.ENSP00000452414
PTPN6,9606.ENSP00000391592
PTPRC,9606.ENSP00000411355
PTPRD,9606.ENSP00000370593
PTPRE,9606.ENSP00000254667
PTPRG,9606.ENSP00000418112
PTPRJ,9606.ENSP00000400010
PTPRM,9606.ENSP00000463325
PTRH2,9606.ENSP00000387180
PTS,9606.ENSP00000280362
PTTG1,9606.ENSP00000377536
PTX3,9606.ENSP00000295927
PURA,9606.ENSP00000332706
PUS1,9606.ENSP00000365837
PVALB,9606.ENSP00000216200
PVR,9606.ENSP00000402060
PWP1,9606.ENSP00000387365
PXMP2,9606.ENSP00000321271
PXN,9606.ENSP00000267257
PYCR1,9606.ENSP00000384949
PYGB,9606.ENSP00000216962
PYGL,9606.ENSP00000216392
PYGM,9606.ENSP00000164139
QDPR,9606.ENSP00000281243
QSOX1,9606.ENSP00000356574
RAB14,9606.ENSP00000362946
RAB17,9606.ENSP00000264601
RAB1A,9606.ENSP00000387286
RAB22A,9606.ENSP00000244040
RAB27A,9606.ENSP00000379601
RAB2A,9606.ENSP00000262646
RAB31,9606.ENSP00000461945
RAB34,9606.ENSP00000413156
RAB3GAP1,9606.ENSP00000411418
RAB40C,9606.ENSP00000248139
RAB4A,9606.ENSP00000355651
RAB5A,9606.ENSP00000273047
RAB9A,9606.ENSP00000420127
RABEP1,9606.ENSP00000445408
RABEPK,9606.ENSP00000362639
RABGAP1,9606.ENSP00000362751
RABGAP1L,9606.ENSP00000251507
RABIF,9606.ENSP00000356231
RAC1,9606.ENSP00000348461
RAC2,9606.ENSP00000249071
RACGAP1,9606.ENSP00000404190
RACK1,9606.ENSP00000426909
RAD1,9606.ENSP00000371469
RAD17,9606.ENSP00000426191
RAD21,9606.ENSP00000297338
RAD23A,9606.ENSP00000467024
RAD23B,9606.ENSP00000350708
RAD50,9606.ENSP00000368100
RAD51,9606.ENSP00000493712
RAD51AP1,9606.ENSP00000228843
RAD51C,9606.ENSP00000336701
RAD52,9606.ENSP00000351284
RAD54L,9606.ENSP00000361043
RAD9A,9606.ENSP00000311360
RAE1,9606.ENSP00000379181
RAF1,9606.ENSP00000401888
RALA,9606.ENSP00000005257
RALB,9606.ENSP00000272519
RALBP1,9606.ENSP00000372924
RALGDS,9606.ENSP00000361120
RAN,9606.ENSP00000446215
RANBP1,9606.ENSP00000401564
RANBP10,9606.ENSP00000316589
RANBP9,9606.ENSP00000011619
RAP1GAP,9606.ENSP00000363895
RAP1GDS1,9606.ENSP00000340454
RAP2B,9606.ENSP00000319096
RAPGEF3,9606.ENSP00000395708
RAPGEF5,9606.ENSP00000343656
RAPGEF6,9606.ENSP00000296859
RAPGEFL1,9606.ENSP00000479735
RARA,9606.ENSP00000254066
RARS1,9606.ENSP00000231572
RASA1,9606.ENSP00000274376
RASA2,9606.ENSP00000286364
RASAL2,9606.ENSP00000356621
RASGRP1,9606.ENSP00000310244
RB1,9606.ENSP00000267163
RBBP7,9606.ENSP00000369424
RBBP8,9606.ENSP00000382628
RBCK1,9606.ENSP00000348632
RBL1,9606.ENSP00000362768
RBM14,9606.ENSP00000311747
RBM38,9606.ENSP00000348538
RBM4,9606.ENSP00000386894
RBM5,9606.ENSP00000343054
RBP1,9606.ENSP00000232219
RBP4,9606.ENSP00000360522
RBPJ,9606.ENSP00000345206
RBPMS,9606.ENSP00000340176
RBSN,9606.ENSP00000253699
RBX1,9606.ENSP00000216225
RCAN1,9606.ENSP00000370527
RCE1,9606.ENSP00000309163
RCHY1,9606.ENSP00000321239
RCL1,9606.ENSP00000371169
RDH11,9606.ENSP00000370750
RDH16,9606.ENSP00000381206
REEP1,9606.ENSP00000392197
REEP5,9606.ENSP00000368959
REEP6,9606.ENSP00000233596
REL,9606.ENSP00000295025
RELA,9606.ENSP00000384273
RELB,9606.ENSP00000221452
RELN,9606.ENSP00000392423
RER1,9606.ENSP00000475168
RET,9606.ENSP00000347942
RETN,9606.ENSP00000221515
RETREG1,9606.ENSP00000304642
RETSAT,9606.ENSP00000295802
REV3L,9606.ENSP00000351697
RFC1,9606.ENSP00000371321
RFC2,9606.ENSP00000055077
RFC3,9606.ENSP00000369411
RFC4,9606.ENSP00000376272
RFC5,9606.ENSP00000408295
RGN,9606.ENSP00000380365
RGS1,9606.ENSP00000356429
RGS11,9606.ENSP00000380876
RGS16,9606.ENSP00000356529
RGS4,9606.ENSP00000397181
RHBDF2,9606.ENSP00000322775
RHCE,9606.ENSP00000294413
RHCG,9606.ENSP00000268122
RHOA,9606.ENSP00000400175
RHOB,9606.ENSP00000272233
RHOBTB3,9606.ENSP00000369318
RHOD,9606.ENSP00000308576
RHOG,9606.ENSP00000339467
RHOH,9606.ENSP00000371219
RHOT1,9606.ENSP00000351132
RHOT2,9606.ENSP00000321971
RIBC2,9606.ENSP00000483356
RICTOR,9606.ENSP00000296782
RIOK3,9606.ENSP00000341874
RIPK1,9606.ENSP00000259808
RIPK2,9606.ENSP00000220751
RIT1,9606.ENSP00000357305
RMDN3,9606.ENSP00000260385
RNASEL,9606.ENSP00000356530
RND3,9606.ENSP00000364886
RNF11,9606.ENSP00000242719
RNF123,9606.ENSP00000328287
RNF144B,9606.ENSP00000259939
RNF19A,9606.ENSP00000428968
RNF19B,9606.ENSP00000362555
RNF213,9606.ENSP00000464087
RNF4,9606.ENSP00000426503
RNH1,9606.ENSP00000433999
RNMT,9606.ENSP00000466111
RNPS1,9606.ENSP00000457723
ROCK1,9606.ENSP00000382697
RORA,9606.ENSP00000261523
RPA1,9606.ENSP00000254719
RPA2,9606.ENSP00000363017
RPA3,9606.ENSP00000223129
RPE,9606.ENSP00000352401
RPL14,9606.ENSP00000379506
RPL18,9606.ENSP00000447001
RPL22,9606.ENSP00000346088
RPL34,9606.ENSP00000378163
RPL36,9606.ENSP00000464342
RPL39,9606.ENSP00000355315
RPL39L,9606.ENSP00000389356
RPL6,9606.ENSP00000403172
RPL9,9606.ENSP00000494697
RPLP0,9606.ENSP00000449328
RPN1,9606.ENSP00000296255
RPS10,9606.ENSP00000481646
RPS12,9606.ENSP00000230050
RPS14,9606.ENSP00000385958
RPS19,9606.ENSP00000470972
RPS2,9606.ENSP00000341885
RPS27L,9606.ENSP00000331019
RPS3,9606.ENSP00000278572
RPS3A,9606.ENSP00000346050
RPS5,9606.ENSP00000472985
RPS6,9606.ENSP00000369757
RPS6KA1,9606.ENSP00000435412
RPS6KA2,9606.ENSP00000422435
RPS6KA3,9606.ENSP00000368884
RPS6KA5,9606.ENSP00000479667
RPS9,9606.ENSP00000375632
RPTOR,9606.ENSP00000307272
RRAD,9606.ENSP00000388744
RRAGD,9606.ENSP00000358423
RRAS,9606.ENSP00000246792
RREB1,9606.ENSP00000369270
RRM1,9606.ENSP00000300738
RRM2,9606.ENSP00000353770
RRM2B,9606.ENSP00000251810
RRP12,9606.ENSP00000446184
RRP8,9606.ENSP00000254605
RRP9,9606.ENSP00000232888
RSAD2,9606.ENSP00000371471
RSL1D1,9606.ENSP00000460871
RSU1,9606.ENSP00000367154
RTN1,9606.ENSP00000267484
RTN3,9606.ENSP00000367050
RTN4RL1,9606.ENSP00000330631
RTP4,9606.ENSP00000259030
RUNX1,9606.ENSP00000300305
RUVBL2,9606.ENSP00000473172
RXRA,9606.ENSP00000419692
RXRB,9606.ENSP00000363817
RYR1,9606.ENSP00000352608
S100A1,9606.ENSP00000292169
S100A10,9606.ENSP00000357801
S100A11,9606.ENSP00000271638
S100A13,9606.ENSP00000392767
S100A4,9606.ENSP00000357704
S100A9,9606.ENSP00000357727
SAC3D1,9606.ENSP00000436649
SAMD9,9606.ENSP00000369292
SAMD9L,9606.ENSP00000326247
SAMHD1,9606.ENSP00000493536
SAMM50,9606.ENSP00000345445
SAP30,9606.ENSP00000296504
SAR1B,9606.ENSP00000385432
SASS6,9606.ENSP00000287482
SAT1,9606.ENSP00000368572
SATB1,9606.ENSP00000399518
SBNO2,9606.ENSP00000354733
SC5D,9606.ENSP00000264027
SCAF4,9606.ENSP00000286835
SCAF8,9606.ENSP00000413098
SCAMP1,9606.ENSP00000481022
SCAMP3,9606.ENSP00000307275
SCARB1,9606.ENSP00000261693
SCARF1,9606.ENSP00000263071
SCD,9606.ENSP00000359380
SCG2,9606.ENSP00000304133
SCG5,9606.ENSP00000300175
SCGN,9606.ENSP00000367197
SCN1B,9606.ENSP00000396915
SCN8A,9606.ENSP00000346534
SCNN1A,9606.ENSP00000353292
SCP2,9606.ENSP00000360569
SCRN1,9606.ENSP00000388942
SCUBE1,9606.ENSP00000354080
SCUBE2,9606.ENSP00000310658
SDAD1,9606.ENSP00000348596
SDC1,9606.ENSP00000370542
SDC2,9606.ENSP00000307046
SDC3,9606.ENSP00000344468
SDC4,9606.ENSP00000361818
SDCBP,9606.ENSP00000428184
SDCCAG8,9606.ENSP00000355499
SDF2L1,9606.ENSP00000248958
SDHA,9606.ENSP00000264932
SDHB,9606.ENSP00000364649
SDHC,9606.ENSP00000356953
SDHD,9606.ENSP00000364699
SEC11A,9606.ENSP00000452697
SEC14L1,9606.ENSP00000376268
SEC14L2,9606.ENSP00000478755
SEC22B,9606.ENSP00000463393
SEC24D,9606.ENSP00000280551
SEC31A,9606.ENSP00000378721
SEC61A1,9606.ENSP00000243253
SECTM1,9606.ENSP00000269389
SELE,9606.ENSP00000331736
SELENBP1,9606.ENSP00000397261
SELENOP,9606.ENSP00000425915
SELENOS,9606.ENSP00000381282
SELENOW,9606.ENSP00000473185
SELL,9606.ENSP00000498227
SELP,9606.ENSP00000263686
SEMA3B,9606.ENSP00000480680
SEMA3C,9606.ENSP00000265361
SEMA4D,9606.ENSP00000416523
SEPTIN4,9606.ENSP00000354874
SEPTIN9,9606.ENSP00000391249
SERBP1,9606.ENSP00000360034
SERINC1,9606.ENSP00000342962
SERP1,9606.ENSP00000420076
SERPINA1,9606.ENSP00000416066
SERPINA3,9606.ENSP00000450540
SERPINA5,9606.ENSP00000333203
SERPINA6,9606.ENSP00000342850
SERPINB5,9606.ENSP00000372221
SERPINB6,9606.ENSP00000484343
SERPINB8,9606.ENSP00000331368
SERPINE1,9606.ENSP00000223095
SERPINE2,9606.ENSP00000415786
SERPING1,9606.ENSP00000278407
SERPINH1,9606.ENSP00000434412
SERTAD1,9606.ENSP00000350633
SERTAD3,9606.ENSP00000375882
SESN1,9606.ENSP00000393762
SET,9606.ENSP00000361777
SF3A1,9606.ENSP00000215793
SF3A3,9606.ENSP00000362110
SF3B3,9606.ENSP00000305790
SFMBT1,9606.ENSP00000378235
SFN,9606.ENSP00000340989
SFPQ,9606.ENSP00000349748
SFRP1,9606.ENSP00000220772
SFRP4,9606.ENSP00000410715
SGCA,9606.ENSP00000262018
SGCB,9606.ENSP00000370839
SGCD,9606.ENSP00000338343
SGCE,9606.ENSP00000496268
SGCG,9606.ENSP00000218867
SGK1,9606.ENSP00000356832
SGMS1,9606.ENSP00000354829
SGMS2,9606.ENSP00000378176
SH2B1,9606.ENSP00000321221
SH2B2,9606.ENSP00000440273
SH2B3,9606.ENSP00000345492
SH3BGR,9606.ENSP00000332513
SH3BGRL2,9606.ENSP00000358853
SH3BP5,9606.ENSP00000373301
SHC1,9606.ENSP00000401303
SHE,9606.ENSP00000307369
SHMT1,9606.ENSP00000318868
SHMT2,9606.ENSP00000333667
SHOX2,9606.ENSP00000374240
SHROOM1,9606.ENSP00000367950
SHROOM2,9606.ENSP00000370299
SIAH1,9606.ENSP00000349156
SIAH2,9606.ENSP00000322457
SIDT1,9606.ENSP00000377416
SIDT2,9606.ENSP00000314023
SIGMAR1,9606.ENSP00000277010
SIK1,9606.ENSP00000270162
SIPA1L1,9606.ENSP00000450832
SIRPA,9606.ENSP00000478763
SIRT1,9606.ENSP00000212015
SIRT2,9606.ENSP00000249396
SIRT6,9606.ENSP00000337332
SIT1,9606.ENSP00000259608
SKAP2,9606.ENSP00000005587
SKI,9606.ENSP00000367797
SKIL,9606.ENSP00000415243
SKP1,9606.ENSP00000231487
SKP2,9606.ENSP00000274255
SLA,9606.ENSP00000394049
SLAMF1,9606.ENSP00000438406
SLAMF7,9606.ENSP00000357022
SLBP,9606.ENSP00000417686
SLC10A3,9606.ENSP00000263512
SLC11A2,9606.ENSP00000378364
SLC12A2,9606.ENSP00000262461
SLC12A4,9606.ENSP00000395983
SLC16A1,9606.ENSP00000441065
SLC16A3,9606.ENSP00000463978
SLC16A6,9606.ENSP00000319991
SLC16A7,9606.ENSP00000448071
SLC19A1,9606.ENSP00000308895
SLC19A2,9606.ENSP00000236137
SLC1A1,9606.ENSP00000262352
SLC1A2,9606.ENSP00000278379
SLC1A4,9606.ENSP00000234256
SLC1A5,9606.ENSP00000444408
SLC20A1,9606.ENSP00000272542
SLC22A4,9606.ENSP00000200652
SLC22A5,9606.ENSP00000402760
SLC23A1,9606.ENSP00000302851
SLC23A2,9606.ENSP00000368637
SLC24A3,9606.ENSP00000333519
SLC25A1,9606.ENSP00000215882
SLC25A10,9606.ENSP00000446242
SLC25A11,9606.ENSP00000225665
SLC25A12,9606.ENSP00000388658
SLC25A13,9606.ENSP00000400101
SLC25A17,9606.ENSP00000390722
SLC25A19,9606.ENSP00000385312
SLC25A20,9606.ENSP00000326305
SLC25A23,9606.ENSP00000301454
SLC25A28,9606.ENSP00000359526
SLC25A3,9606.ENSP00000228318
SLC25A37,9606.ENSP00000429200
SLC25A38,9606.ENSP00000497532
SLC25A4,9606.ENSP00000281456
SLC25A5,9606.ENSP00000360671
SLC25A6,9606.ENSP00000370808
SLC26A2,9606.ENSP00000286298
SLC27A1,9606.ENSP00000252595
SLC27A2,9606.ENSP00000267842
SLC27A5,9606.ENSP00000263093
SLC29A1,9606.ENSP00000498610
SLC29A2,9606.ENSP00000440329
SLC29A3,9606.ENSP00000362285
SLC2A1,9606.ENSP00000416293
SLC2A3,9606.ENSP00000075120
SLC2A4,9606.ENSP00000320935
SLC2A5,9606.ENSP00000366641
SLC2A6,9606.ENSP00000360966
SLC2A8,9606.ENSP00000362469
SLC30A1,9606.ENSP00000355968
SLC30A5,9606.ENSP00000379836
SLC31A1,9606.ENSP00000363329
SLC35A3,9606.ENSP00000359172
SLC35B1,9606.ENSP00000497423
SLC35B2,9606.ENSP00000377401
SLC35D1,9606.ENSP00000235345
SLC37A1,9606.ENSP00000344648
SLC37A4,9606.ENSP00000476176
SLC38A1,9606.ENSP00000449756
SLC38A2,9606.ENSP00000256689
SLC38A3,9606.ENSP00000481301
SLC39A6,9606.ENSP00000269187
SLC39A8,9606.ENSP00000378310
SLC3A2,9606.ENSP00000367123
SLC46A3,9606.ENSP00000370192
SLC5A6,9606.ENSP00000310208
SLC66A2,9606.ENSP00000380880
SLC66A3,9606.ENSP00000295083
SLC6A12,9606.ENSP00000399136
SLC6A14,9606.ENSP00000470801
SLC6A6,9606.ENSP00000481625
SLC6A8,9606.ENSP00000253122
SLC6A9,9606.ENSP00000353791
SLC7A1,9606.ENSP00000370128
SLC7A11,9606.ENSP00000280612
SLC7A2,9606.ENSP00000004531
SLC7A5,9606.ENSP00000261622
SLCO2A1,9606.ENSP00000311291
SLIT2,9606.ENSP00000422591
SLIT3,9606.ENSP00000332164
SLN,9606.ENSP00000435380
SLPI,9606.ENSP00000342082
SMAD1,9606.ENSP00000305769
SMAD2,9606.ENSP00000262160
SMAD3,9606.ENSP00000332973
SMAD5,9606.ENSP00000441954
SMAD6,9606.ENSP00000288840
SMAD7,9606.ENSP00000262158
SMARCC1,9606.ENSP00000254480
SMC1A,9606.ENSP00000323421
SMC2,9606.ENSP00000286398
SMC3,9606.ENSP00000354720
SMC4,9606.ENSP00000341382
SMC6,9606.ENSP00000404092
SMOX,9606.ENSP00000478305
SMPDL3A,9606.ENSP00000357425
SMS,9606.ENSP00000385746
SMTN,9606.ENSP00000484398
SMURF1,9606.ENSP00000354621
SMURF2,9606.ENSP00000262435
SNAI2,9606.ENSP00000020945
SNAP23,9606.ENSP00000249647
SNAP25,9606.ENSP00000254976
SNAPC4,9606.ENSP00000298532
SNAPC5,9606.ENSP00000319597
SNCA,9606.ENSP00000500990
SNCG,9606.ENSP00000361087
SNN,9606.ENSP00000329287
SNRPA,9606.ENSP00000243563
SNRPA1,9606.ENSP00000254193
SNRPB,9606.ENSP00000412566
SNRPB2,9606.ENSP00000246071
SNRPD1,9606.ENSP00000300413
SNRPD2,9606.ENSP00000342374
SNRPD3,9606.ENSP00000215829
SNRPG,9606.ENSP00000393388
SNTB1,9606.ENSP00000378965
SNX10,9606.ENSP00000395474
SNX14,9606.ENSP00000313121
SNX2,9606.ENSP00000368831
SNX24,9606.ENSP00000261369
SNX9,9606.ENSP00000376024
SOCS1,9606.ENSP00000496577
SOCS2,9606.ENSP00000481249
SOCS3,9606.ENSP00000330341
SOCS5,9606.ENSP00000305133
SOD1,9606.ENSP00000270142
SOD2,9606.ENSP00000446252
SOD3,9606.ENSP00000371554
SORBS1,9606.ENSP00000360293
SORBS2,9606.ENSP00000347852
SORBS3,9606.ENSP00000240123
SORD,9606.ENSP00000267814
SOS1,9606.ENSP00000384675
SOWAHC,9606.ENSP00000365830
SOX10,9606.ENSP00000380093
SOX9,9606.ENSP00000245479
SP1,9606.ENSP00000329357
SP110,9606.ENSP00000258381
SPAG4,9606.ENSP00000363391
SPAG5,9606.ENSP00000323300
SPARC,9606.ENSP00000231061
SPARCL1,9606.ENSP00000414856
SPATA6,9606.ENSP00000360913
SPC24,9606.ENSP00000465075
SPC25,9606.ENSP00000282074
SPCS1,9606.ENSP00000233025
SPCS3,9606.ENSP00000427463
SPDEF,9606.ENSP00000363149
SPEG,9606.ENSP00000311684
SPHK1,9606.ENSP00000313681
SPHK2,9606.ENSP00000469158
SPI1,9606.ENSP00000227163
SPINT2,9606.ENSP00000301244
SPOCK1,9606.ENSP00000378401
SPOCK2,9606.ENSP00000321108
SPON1,9606.ENSP00000460236
SPOP,9606.ENSP00000377001
SPP1,9606.ENSP00000378517
SPPL2A,9606.ENSP00000261854
SPR,9606.ENSP00000234454
SPRED2,9606.ENSP00000348753
SPRY2,9606.ENSP00000366306
SPRY4,9606.ENSP00000344967
SPSB1,9606.ENSP00000330221
SPTAN1,9606.ENSP00000487444
SPTBN1,9606.ENSP00000349259
SPTBN2,9606.ENSP00000432568
SQLE,9606.ENSP00000265896
SQOR,9606.ENSP00000456019
SQSTM1,9606.ENSP00000374455
SRC,9606.ENSP00000362680
SRD5A1,9606.ENSP00000274192
SRD5A3,9606.ENSP00000264228
SREBF2,9606.ENSP00000354476
SRF,9606.ENSP00000265354
SRGN,9606.ENSP00000242465
SRI,9606.ENSP00000265729
SRM,9606.ENSP00000366156
SRP14,9606.ENSP00000267884
SRP19,9606.ENSP00000424870
SRP9,9606.ENSP00000305230
SRPK1,9606.ENSP00000362931
SRPRA,9606.ENSP00000328023
SRPRB,9606.ENSP00000418401
SRPX,9606.ENSP00000367794
SRSF1,9606.ENSP00000258962
SRSF10,9606.ENSP00000420195
SRSF2,9606.ENSP00000376276
SRSF3,9606.ENSP00000362820
SRSF6,9606.ENSP00000244020
SRSF7,9606.ENSP00000325905
SS18,9606.ENSP00000414516
SSB,9606.ENSP00000386636
SSBP1,9606.ENSP00000419665
SSH2,9606.ENSP00000444743
SSPN,9606.ENSP00000242729
SSR1,9606.ENSP00000244763
SSR3,9606.ENSP00000420641
SSRP1,9606.ENSP00000278412
ST14,9606.ENSP00000278742
ST3GAL4,9606.ENSP00000436047
ST3GAL5,9606.ENSP00000491316
ST3GAL6,9606.ENSP00000480884
ST6GAL1,9606.ENSP00000169298
ST6GALNAC2,9606.ENSP00000225276
ST8SIA4,9606.ENSP00000231461
STAB1,9606.ENSP00000312946
STAG1,9606.ENSP00000372689
STAG3,9606.ENSP00000477973
STAM,9606.ENSP00000366746
STAM2,9606.ENSP00000263904
STARD3,9606.ENSP00000337446
STARD4,9606.ENSP00000296632
STARD7,9606.ENSP00000338030
STAT1,9606.ENSP00000354394
STAT2,9606.ENSP00000315768
STAT3,9606.ENSP00000264657
STAT4,9606.ENSP00000351255
STAT5A,9606.ENSP00000341208
STAU1,9606.ENSP00000360922
STBD1,9606.ENSP00000237642
STC1,9606.ENSP00000290271
STC2,9606.ENSP00000265087
STEAP3,9606.ENSP00000376822
STEAP4,9606.ENSP00000369419
STIL,9606.ENSP00000360944
STIP1,9606.ENSP00000351646
STK25,9606.ENSP00000325748
STK38L,9606.ENSP00000373684
STK39,9606.ENSP00000348278
STMN1,9606.ENSP00000410452
STOM,9606.ENSP00000286713
STRBP,9606.ENSP00000321347
STRN,9606.ENSP00000263918
STS,9606.ENSP00000217961
STX12,9606.ENSP00000363054
STX16,9606.ENSP00000360183
STX3,9606.ENSP00000338562
STX4,9606.ENSP00000317714
STX5,9606.ENSP00000294179
STX7,9606.ENSP00000356918
STXBP1,9606.ENSP00000362399
SUCLA2,9606.ENSP00000494360
SUCLG1,9606.ENSP00000377446
SUCLG2,9606.ENSP00000419325
SULF2,9606.ENSP00000353007
SULT1A1,9606.ENSP00000378972
SULT2B1,9606.ENSP00000201586
SUN2,9606.ENSP00000385616
SUPT5H,9606.ENSP00000470252
SUPV3L1,9606.ENSP00000352678
SURF1,9606.ENSP00000361042
SUV39H1,9606.ENSP00000337976
SVIL,9606.ENSP00000348128
SWAP70,9606.ENSP00000315630
SYBU,9606.ENSP00000407118
SYK,9606.ENSP00000364898
SYMPK,9606.ENSP00000245934
SYNCRIP,9606.ENSP00000358635
SYNE1,9606.ENSP00000356224
SYNGR1,9606.ENSP00000332287
SYNGR2,9606.ENSP00000467600
SYNJ1,9606.ENSP00000409667
SYNJ2,9606.ENSP00000347792
SYNPO,9606.ENSP00000377789
SYT11,9606.ENSP00000357307
SYT12,9606.ENSP00000377520
SYT13,9606.ENSP00000020926
SYTL2,9606.ENSP00000318803
TACC3,9606.ENSP00000326550
TACR1,9606.ENSP00000303522
TAF10,9606.ENSP00000299424
TAF12,9606.ENSP00000263974
TAF13,9606.ENSP00000355051
TAF1C,9606.ENSP00000455265
TAF6,9606.ENSP00000399982
TAF9,9606.ENSP00000370193
TAGLN,9606.ENSP00000376678
TAL1,9606.ENSP00000294339
TALDO1,9606.ENSP00000321259
TANK,9606.ENSP00000259075
TAOK2,9606.ENSP00000310094
TAP1,9606.ENSP00000346206
TAP2,9606.ENSP00000364032
TAPBP,9606.ENSP00000404833
TARBP2,9606.ENSP00000266987
TARDBP,9606.ENSP00000240185
TARS1,9606.ENSP00000387710
TAT,9606.ENSP00000348234
TATDN2,9606.ENSP00000287652
TBC1D30,9606.ENSP00000440207
TBCD,9606.ENSP00000347719
TBK1,9606.ENSP00000329967
TBRG4,9606.ENSP00000258770
TCAP,9606.ENSP00000312624
TCEA1,9606.ENSP00000428426
TCF19,9606.ENSP00000365433
TCF7,9606.ENSP00000340347
TCF7L1,9606.ENSP00000282111
TCF7L2,9606.ENSP00000486891
TCIRG1,9606.ENSP00000265686
TCL1A,9606.ENSP00000451506
TCN2,9606.ENSP00000215838
TCOF1,9606.ENSP00000367028
TCP1,9606.ENSP00000317334
TDO2,9606.ENSP00000444788
TDRD7,9606.ENSP00000347444
TEAD4,9606.ENSP00000352926
TEKT2,9606.ENSP00000207457
TENM2,9606.ENSP00000427874
TENT4A,9606.ENSP00000488642
TENT5A,9606.ENSP00000318298
TENT5C,9606.ENSP00000358458
TES,9606.ENSP00000350937
TF,9606.ENSP00000385834
TFAP2B,9606.ENSP00000377265
TFAP2C,9606.ENSP00000201031
TFB2M,9606.ENSP00000355471
TFCP2L1,9606.ENSP00000263707
TFDP1,9606.ENSP00000364519
TFDP2,9606.ENSP00000420616
TFF1,9606.ENSP00000291527
TFF2,9606.ENSP00000291526
TFF3,9606.ENSP00000430690
TFPI,9606.ENSP00000233156
TFPI2,9606.ENSP00000222543
TFRC,9606.ENSP00000376197
TGFA,9606.ENSP00000404131
TGFB1,9606.ENSP00000221930
TGFB2,9606.ENSP00000355896
TGFB3,9606.ENSP00000238682
TGFBI,9606.ENSP00000416330
TGFBR1,9606.ENSP00000447297
TGFBR2,9606.ENSP00000351905
TGFBR3,9606.ENSP00000212355
TGFBRAP1,9606.ENSP00000377027
TGIF1,9606.ENSP00000327959
TGIF2,9606.ENSP00000362981
TGM1,9606.ENSP00000206765
TGM2,9606.ENSP00000355330
THBD,9606.ENSP00000366307
THBS1,9606.ENSP00000260356
THBS2,9606.ENSP00000355751
THBS3,9606.ENSP00000357362
THEM4,9606.ENSP00000357804
THNSL2,9606.ENSP00000327323
THRB,9606.ENSP00000379904
THSD4,9606.ENSP00000347484
THY1,9606.ENSP00000284240
TIAL1,9606.ENSP00000358089
TIAM1,9606.ENSP00000286827
TIMELESS,9606.ENSP00000450607
TIMM10,9606.ENSP00000257245
TIMM13,9606.ENSP00000215570
TIMM17A,9606.ENSP00000356256
TIMM50,9606.ENSP00000445806
TIMM8B,9606.ENSP00000438455
TIMM9,9606.ENSP00000378588
TIMP1,9606.ENSP00000218388
TIMP2,9606.ENSP00000262768
TIMP3,9606.ENSP00000266085
TIPARP,9606.ENSP00000420612
TIPIN,9606.ENSP00000261881
TJP1,9606.ENSP00000348416
TJP3,9606.ENSP00000465419
TK1,9606.ENSP00000468425
TK2,9606.ENSP00000299697
TKFC,9606.ENSP00000378360
TKT,9606.ENSP00000391481
TLE1,9606.ENSP00000365682
TLE3,9606.ENSP00000452871
TLE4,9606.ENSP00000365720
TLK1,9606.ENSP00000411099
TLR1,9606.ENSP00000354932
TLR2,9606.ENSP00000260010
TLR3,9606.ENSP00000296795
TLR6,9606.ENSP00000389600
TLR7,9606.ENSP00000370034
TLR8,9606.ENSP00000312082
TLX1,9606.ENSP00000359215
TM4SF1,9606.ENSP00000304277
TM7SF2,9606.ENSP00000279263
TM7SF3,9606.ENSP00000342322
TMBIM6,9606.ENSP00000389277
TMCC2,9606.ENSP00000350718
TMED10,9606.ENSP00000303145
TMED2,9606.ENSP00000262225
TMEM100,9606.ENSP00000465638
TMEM140,9606.ENSP00000275767
TMEM158,9606.ENSP00000422431
TMEM164,9606.ENSP00000361138
TMEM176A,9606.ENSP00000417626
TMEM176B,9606.ENSP00000410269
TMEM45A,9606.ENSP00000385089
TMEM50A,9606.ENSP00000363478
TMEM8B,9606.ENSP00000367230
TMEM97,9606.ENSP00000226230
TMEM9B,9606.ENSP00000433361
TMPO,9606.ENSP00000266732
TMPRSS2,9606.ENSP00000381588
TMPRSS3,9606.ENSP00000411013
TMPRSS6,9606.ENSP00000384964
TMX1,9606.ENSP00000393316
TNC,9606.ENSP00000265131
TNF,9606.ENSP00000398698
TNFAIP2,9606.ENSP00000452634
TNFAIP3,9606.ENSP00000481570
TNFAIP6,9606.ENSP00000243347
TNFAIP8,9606.ENSP00000427424
TNFRSF11B,9606.ENSP00000297350
TNFRSF12A,9606.ENSP00000326737
TNFRSF18,9606.ENSP00000328207
TNFRSF1A,9606.ENSP00000162749
TNFRSF1B,9606.ENSP00000365435
TNFRSF21,9606.ENSP00000296861
TNFRSF4,9606.ENSP00000368538
TNFRSF8,9606.ENSP00000263932
TNFRSF9,9606.ENSP00000478699
TNFSF10,9606.ENSP00000241261
TNFSF11,9606.ENSP00000381775
TNFSF15,9606.ENSP00000363157
TNFSF9,9606.ENSP00000245817
TNIP1,9606.ENSP00000317891
TNIP2,9606.ENSP00000321203
TNNC1,9606.ENSP00000232975
TNNC2,9606.ENSP00000361636
TNNI1,9606.ENSP00000354488
TNNI2,9606.ENSP00000371336
TNNI3,9606.ENSP00000341838
TNNT1,9606.ENSP00000467176
TNNT3,9606.ENSP00000370975
TNPO2,9606.ENSP00000407182
TNRC6B,9606.ENSP00000401946
TNS1,9606.ENSP00000171887
TOB1,9606.ENSP00000427695
TOGARAM1,9606.ENSP00000354917
TOM1L1,9606.ENSP00000460823
TOMM22,9606.ENSP00000216034
TOMM40,9606.ENSP00000410339
TOMM70,9606.ENSP00000284320
TOP1,9606.ENSP00000354522
TOP2A,9606.ENSP00000411532
TOPBP1,9606.ENSP00000260810
TOR1AIP2,9606.ENSP00000356584
TOR1B,9606.ENSP00000259339
TP53,9606.ENSP00000269305
TP53INP1,9606.ENSP00000344215
TP53INP2,9606.ENSP00000363943
TP63,9606.ENSP00000264731
TPBG,9606.ENSP00000358765
TPD52,9606.ENSP00000429309
TPD52L1,9606.ENSP00000306285
TPI1,9606.ENSP00000229270
TPM1,9606.ENSP00000351022
TPM2,9606.ENSP00000496494
TPM3,9606.ENSP00000498577
TPM4,9606.ENSP00000494125
TPRKB,9606.ENSP00000325398
TPSAB1,9606.ENSP00000343577
TPST1,9606.ENSP00000302413
TPST2,9606.ENSP00000339813
TPX2,9606.ENSP00000300403
TRA2B,9606.ENSP00000416959
TRAF1,9606.ENSP00000362994
TRAF2,9606.ENSP00000247668
TRAF4,9606.ENSP00000262395
TRAFD1,9606.ENSP00000257604
TRAIP,9606.ENSP00000328203
TRAK2,9606.ENSP00000328875
TRAT1,9606.ENSP00000295756
TRIAP1,9606.ENSP00000449795
TRIB1,9606.ENSP00000312150
TRIB2,9606.ENSP00000155926
TRIB3,9606.ENSP00000415416
TRIM14,9606.ENSP00000344208
TRIM21,9606.ENSP00000254436
TRIM25,9606.ENSP00000323889
TRIM26,9606.ENSP00000410446
TRIM28,9606.ENSP00000253024
TRIM29,9606.ENSP00000343129
TRIM33,9606.ENSP00000351250
TRIM5,9606.ENSP00000369373
TRIM58,9606.ENSP00000355437
TRIO,9606.ENSP00000339299
TRIP10,9606.ENSP00000320117
TRIP13,9606.ENSP00000166345
TRO,9606.ENSP00000173898
TROAP,9606.ENSP00000257909
TSC1,9606.ENSP00000298552
TSC2,9606.ENSP00000219476
TSC22D1,9606.ENSP00000397435
TSG101,9606.ENSP00000251968
TSKU,9606.ENSP00000434847
TSN,9606.ENSP00000374332
TSPAN1,9606.ENSP00000361072
TSPAN13,9606.ENSP00000262067
TSPAN4,9606.ENSP00000380553
TSPAN5,9606.ENSP00000307701
TSPAN7,9606.ENSP00000367743
TSPAN8,9606.ENSP00000377003
TSPO,9606.ENSP00000379563
TSPYL2,9606.ENSP00000364591
TST,9606.ENSP00000385828
TTC39A,9606.ENSP00000393952
TTC39B,9606.ENSP00000422496
TTK,9606.ENSP00000358813
TTPA,9606.ENSP00000260116
TUBA4A,9606.ENSP00000248437
TUBB,9606.ENSP00000339001
TUBB2A,9606.ENSP00000369703
TUBB2B,9606.ENSP00000259818
TUBD1,9606.ENSP00000320797
TUBG1,9606.ENSP00000251413
TUBGCP2,9606.ENSP00000446093
TUBGCP3,9606.ENSP00000261965
TUBGCP5,9606.ENSP00000480316
TUBGCP6,9606.ENSP00000248846
TUFM,9606.ENSP00000322439
TWSG1,9606.ENSP00000262120
TXN,9606.ENSP00000363641
TXNIP,9606.ENSP00000462521
TXNL4A,9606.ENSP00000269601
TXNRD1,9606.ENSP00000434516
TXNRD2,9606.ENSP00000383365
TYK2,9606.ENSP00000431885
TYMS,9606.ENSP00000315644
TYRO3,9606.ENSP00000263798
UAP1,9606.ENSP00000271469
UBA2,9606.ENSP00000246548
UBA7,9606.ENSP00000333266
UBAC1,9606.ENSP00000360821
UBC,9606.ENSP00000441543
UBE2C,9606.ENSP00000348838
UBE2D1,9606.ENSP00000363019
UBE2D3,9606.ENSP00000349722
UBE2E1,9606.ENSP00000303709
UBE2I,9606.ENSP00000348056
UBE2J1,9606.ENSP00000451261
UBE2L3,9606.ENSP00000400906
UBE2L6,9606.ENSP00000287156
UBE2N,9606.ENSP00000316176
UBE2S,9606.ENSP00000264552
UBE2T,9606.ENSP00000494957
UBQLN1,9606.ENSP00000365576
UBR7,9606.ENSP00000013070
UCHL5,9606.ENSP00000356421
UCK1,9606.ENSP00000361285
UCK2,9606.ENSP00000356853
UCP2,9606.ENSP00000499695
UFM1,9606.ENSP00000368970
UGCG,9606.ENSP00000363397
UGDH,9606.ENSP00000319501
UGP2,9606.ENSP00000338703
UGT2B17,9606.ENSP00000320401
UMPS,9606.ENSP00000232607
UNC119,9606.ENSP00000337040
UNC13B,9606.ENSP00000479261
UNC5C,9606.ENSP00000406022
UNG,9606.ENSP00000242576
UPF1,9606.ENSP00000470142
UPF3B,9606.ENSP00000276201
UPK3B,9606.ENSP00000334938
UPP1,9606.ENSP00000330032
UQCR10,9606.ENSP00000332887
UQCR11,9606.ENSP00000467262
UQCRB,9606.ENSP00000430494
UQCRC1,9606.ENSP00000203407
UQCRC2,9606.ENSP00000268379
UQCRFS1,9606.ENSP00000306397
UQCRH,9606.ENSP00000309565
UQCRQ,9606.ENSP00000367939
UROD,9606.ENSP00000246337
UROS,9606.ENSP00000357787
USO1,9606.ENSP00000264904
USP1,9606.ENSP00000343526
USP11,9606.ENSP00000218348
USP12,9606.ENSP00000282344
USP14,9606.ENSP00000261601
USP15,9606.ENSP00000280377
USP16,9606.ENSP00000334808
USP18,9606.ENSP00000215794
USP8,9606.ENSP00000379721
UTP20,9606.ENSP00000261637
UXT,9606.ENSP00000337393
VAMP3,9606.ENSP00000054666
VAMP4,9606.ENSP00000236192
VAMP5,9606.ENSP00000305647
VAMP7,9606.ENSP00000262640
VAMP8,9606.ENSP00000263864
VAPA,9606.ENSP00000345656
VASP,9606.ENSP00000245932
VAV2,9606.ENSP00000360916
VAV3,9606.ENSP00000359073
VBP1,9606.ENSP00000286428
VCAM1,9606.ENSP00000294728
VCAN,9606.ENSP00000265077
VCL,9606.ENSP00000211998
VCPIP1,9606.ENSP00000309031
VDAC1,9606.ENSP00000378487
VDAC2,9606.ENSP00000361635
VDAC3,9606.ENSP00000428845
VEGFB,9606.ENSP00000311127
VEGFC,9606.ENSP00000480043
VEZF1,9606.ENSP00000462337
VHL,9606.ENSP00000256474
VIM,9606.ENSP00000446007
VIPR1,9606.ENSP00000327246
VLDLR,9606.ENSP00000371532
VNN1,9606.ENSP00000356905
VPS28,9606.ENSP00000366565
VPS37B,9606.ENSP00000267202
VPS37D,9606.ENSP00000320416
VPS45,9606.ENSP00000495563
VPS4B,9606.ENSP00000238497
VPS50,9606.ENSP00000307666
VWA5A,9606.ENSP00000407726
VWF,9606.ENSP00000261405
WARS1,9606.ENSP00000347495
WAS,9606.ENSP00000365891
WASF1,9606.ENSP00000376367
WASF2,9606.ENSP00000483313
WASL,9606.ENSP00000223023
WDR1,9606.ENSP00000427687
WDR33,9606.ENSP00000325377
WDR37,9606.ENSP00000263150
WDR43,9606.ENSP00000384302
WDR74,9606.ENSP00000432119
WDR90,9606.ENSP00000293879
WEE1,9606.ENSP00000402084
WFS1,9606.ENSP00000226760
WIPF1,9606.ENSP00000376330
WIPI1,9606.ENSP00000262139
WIZ,9606.ENSP00000469534
WLS,9606.ENSP00000346829
WNK4,9606.ENSP00000246914
WNT2,9606.ENSP00000265441
WNT5A,9606.ENSP00000264634
WNT5B,9606.ENSP00000380379
WNT6,9606.ENSP00000233948
WRAP73,9606.ENSP00000270708
WRN,9606.ENSP00000298139
WSB1,9606.ENSP00000262394
WWC1,9606.ENSP00000427772
WWP1,9606.ENSP00000427793
WWTR1,9606.ENSP00000419465
XAF1,9606.ENSP00000354822
XBP1,9606.ENSP00000216037
XCL1,9606.ENSP00000356792
XDH,9606.ENSP00000368727
XIAP,9606.ENSP00000360242
XK,9606.ENSP00000367879
XPC,9606.ENSP00000285021
XPNPEP1,9606.ENSP00000421566
XPO1,9606.ENSP00000384863
XPO7,9606.ENSP00000252512
XPOT,9606.ENSP00000327821
XRCC3,9606.ENSP00000451974
XRCC5,9606.ENSP00000375978
XRCC6,9606.ENSP00000352257
XYLT2,9606.ENSP00000017003
YBX2,9606.ENSP00000007699
YIF1A,9606.ENSP00000366098
YIPF6,9606.ENSP00000417573
YKT6,9606.ENSP00000223369
YPEL1,9606.ENSP00000342832
YPEL5,9606.ENSP00000368835
YRDC,9606.ENSP00000362135
YTHDC1,9606.ENSP00000463982
YWHAB,9606.ENSP00000361930
YWHAE,9606.ENSP00000264335
YWHAG,9606.ENSP00000306330
YWHAH,9606.ENSP00000248975
YWHAQ,9606.ENSP00000371267
YWHAZ,9606.ENSP00000379287
ZAP70,9606.ENSP00000264972
ZBP1,9606.ENSP00000360215
ZBTB10,9606.ENSP00000387462
ZBTB16,9606.ENSP00000338157
ZBTB17,9606.ENSP00000364885
ZC2HC1C,9606.ENSP00000435550
ZC3H12A,9606.ENSP00000362179
ZC3H14,9606.ENSP00000251038
ZEB1,9606.ENSP00000354487
ZFP36,9606.ENSP00000471239
ZFP36L1,9606.ENSP00000337386
ZFPM2,9606.ENSP00000384179
ZMAT3,9606.ENSP00000311221
ZMIZ1,9606.ENSP00000334474
ZNF112,9606.ENSP00000337081
ZNF185,9606.ENSP00000440847
ZNF277,9606.ENSP00000354501
ZNF292,9606.ENSP00000358590
ZNF365,9606.ENSP00000387091
ZNF639,9606.ENSP00000325634
ZNF707,9606.ENSP00000436212
ZNFX1,9606.ENSP00000360817
ZW10,9606.ENSP00000200135
ZWINT,9606.ENSP00000363055
ZYX,9606.ENSP00000324422
