Hallmark pathway,Gene symbol,STRING ID,Degree centrality
HALLMARK_ADIPOGENESIS,CS,9606.ENSP00000342056,0.174242424242424
HALLMARK_ADIPOGENESIS,SDHB,9606.ENSP00000364649,0.174242424242424
HALLMARK_ADIPOGENESIS,ACOX1,9606.ENSP00000293217,0.151515151515152
HALLMARK_ADIPOGENESIS,CYC1,9606.ENSP00000317159,0.151515151515152
HALLMARK_ADIPOGENESIS,NDUFS3,9606.ENSP00000263774,0.151515151515152
HALLMARK_ADIPOGENESIS,MDH2,9606.ENSP00000327070,0.143939393939394
HALLMARK_ADIPOGENESIS,SUCLG1,9606.ENSP00000377446,0.143939393939394
HALLMARK_ADIPOGENESIS,ACO2,9606.ENSP00000216254,0.136363636363636
HALLMARK_ADIPOGENESIS,PPARG,9606.ENSP00000287820,0.136363636363636
HALLMARK_ADIPOGENESIS,UQCRC1,9606.ENSP00000203407,0.136363636363636
HALLMARK_ADIPOGENESIS,ACAA2,9606.ENSP00000285093,0.121212121212121
HALLMARK_ADIPOGENESIS,ACLY,9606.ENSP00000466259,0.106060606060606
HALLMARK_ADIPOGENESIS,NDUFB7,9606.ENSP00000215565,0.106060606060606
HALLMARK_ADIPOGENESIS,SDHC,9606.ENSP00000356953,0.106060606060606
HALLMARK_ADIPOGENESIS,UQCR10,9606.ENSP00000332887,0.106060606060606
HALLMARK_ADIPOGENESIS,UQCRQ,9606.ENSP00000367939,0.106060606060606
HALLMARK_ADIPOGENESIS,ADIPOQ,9606.ENSP00000389814,0.0984848484848485
HALLMARK_ADIPOGENESIS,DLD,9606.ENSP00000205402,0.0984848484848485
HALLMARK_ADIPOGENESIS,IDH1,9606.ENSP00000390265,0.0984848484848485
HALLMARK_ADIPOGENESIS,DBT,9606.ENSP00000359151,0.0909090909090909
HALLMARK_ADIPOGENESIS,DLAT,9606.ENSP00000280346,0.0909090909090909
HALLMARK_ADIPOGENESIS,ECHS1,9606.ENSP00000357535,0.0909090909090909
HALLMARK_ADIPOGENESIS,HADH,9606.ENSP00000474560,0.0909090909090909
HALLMARK_ADIPOGENESIS,LIPE,9606.ENSP00000244289,0.0909090909090909
HALLMARK_ADIPOGENESIS,NDUFAB1,9606.ENSP00000458770,0.0909090909090909
HALLMARK_ADIPOGENESIS,ATP5PO,9606.ENSP00000290299,0.0833333333333333
HALLMARK_ADIPOGENESIS,COX6A1,9606.ENSP00000229379,0.0833333333333333
HALLMARK_ADIPOGENESIS,LEP,9606.ENSP00000312652,0.0833333333333333
HALLMARK_ADIPOGENESIS,NDUFA5,9606.ENSP00000417142,0.0833333333333333
HALLMARK_ADIPOGENESIS,APOE,9606.ENSP00000252486,0.0757575757575758
HALLMARK_ADIPOGENESIS,IDH3A,9606.ENSP00000299518,0.0757575757575758
HALLMARK_ADIPOGENESIS,IDH3G,9606.ENSP00000217901,0.0757575757575758
HALLMARK_ADIPOGENESIS,SCP2,9606.ENSP00000360569,0.0757575757575758
HALLMARK_ADIPOGENESIS,ACADM,9606.ENSP00000359871,0.0681818181818182
HALLMARK_ADIPOGENESIS,ETFB,9606.ENSP00000346173,0.0681818181818182
HALLMARK_ADIPOGENESIS,FABP4,9606.ENSP00000256104,0.0681818181818182
HALLMARK_ADIPOGENESIS,LPL,9606.ENSP00000497642,0.0681818181818182
HALLMARK_ADIPOGENESIS,UQCR11,9606.ENSP00000467262,0.0681818181818182
HALLMARK_ADIPOGENESIS,ACADS,9606.ENSP00000242592,0.0606060606060606
HALLMARK_ADIPOGENESIS,CD36,9606.ENSP00000415743,0.0606060606060606
HALLMARK_ADIPOGENESIS,COX7B,9606.ENSP00000497474,0.0606060606060606
HALLMARK_ADIPOGENESIS,COX8A,9606.ENSP00000321260,0.0606060606060606
HALLMARK_ADIPOGENESIS,SCARB1,9606.ENSP00000261693,0.0606060606060606
HALLMARK_ADIPOGENESIS,GPD2,9606.ENSP00000308610,0.053030303030303
HALLMARK_ADIPOGENESIS,ME1,9606.ENSP00000358719,0.053030303030303
HALLMARK_ADIPOGENESIS,MGLL,9606.ENSP00000265052,0.053030303030303
HALLMARK_ADIPOGENESIS,TALDO1,9606.ENSP00000321259,0.053030303030303
HALLMARK_ADIPOGENESIS,ALDH2,9606.ENSP00000261733,0.0454545454545455
HALLMARK_ADIPOGENESIS,HIBCH,9606.ENSP00000352706,0.0454545454545455
HALLMARK_ADIPOGENESIS,CPT2,9606.ENSP00000360541,0.0378787878787879
HALLMARK_ADIPOGENESIS,DGAT1,9606.ENSP00000482264,0.0378787878787879
HALLMARK_ADIPOGENESIS,GPAM,9606.ENSP00000265276,0.0378787878787879
HALLMARK_ADIPOGENESIS,GPX3,9606.ENSP00000373477,0.0378787878787879
HALLMARK_ADIPOGENESIS,PGM1,9606.ENSP00000360124,0.0378787878787879
HALLMARK_ADIPOGENESIS,ABCA1,9606.ENSP00000363868,0.0303030303030303
HALLMARK_ADIPOGENESIS,ANGPTL4,9606.ENSP00000301455,0.0303030303030303
HALLMARK_ADIPOGENESIS,CIDEA,9606.ENSP00000320209,0.0303030303030303
HALLMARK_ADIPOGENESIS,ECH1,9606.ENSP00000221418,0.0303030303030303
HALLMARK_ADIPOGENESIS,GPAT4,9606.ENSP00000380184,0.0303030303030303
HALLMARK_ADIPOGENESIS,GPX4,9606.ENSP00000346103,0.0303030303030303
HALLMARK_ADIPOGENESIS,PFKL,9606.ENSP00000269848,0.0303030303030303
HALLMARK_ADIPOGENESIS,PLIN2,9606.ENSP00000276914,0.0303030303030303
HALLMARK_ADIPOGENESIS,RETN,9606.ENSP00000221515,0.0303030303030303
HALLMARK_ADIPOGENESIS,SLC27A1,9606.ENSP00000252595,0.0303030303030303
HALLMARK_ADIPOGENESIS,SOD1,9606.ENSP00000270142,0.0303030303030303
HALLMARK_ADIPOGENESIS,TKT,9606.ENSP00000391481,0.0303030303030303
HALLMARK_ADIPOGENESIS,UCP2,9606.ENSP00000499695,0.0303030303030303
HALLMARK_ADIPOGENESIS,ADIPOR2,9606.ENSP00000349616,0.0227272727272727
HALLMARK_ADIPOGENESIS,AGPAT3,9606.ENSP00000291572,0.0227272727272727
HALLMARK_ADIPOGENESIS,ALDOA,9606.ENSP00000496166,0.0227272727272727
HALLMARK_ADIPOGENESIS,CAT,9606.ENSP00000241052,0.0227272727272727
HALLMARK_ADIPOGENESIS,COL4A1,9606.ENSP00000364979,0.0227272727272727
HALLMARK_ADIPOGENESIS,CRAT,9606.ENSP00000315013,0.0227272727272727
HALLMARK_ADIPOGENESIS,LAMA4,9606.ENSP00000230538,0.0227272727272727
HALLMARK_ADIPOGENESIS,MGST3,9606.ENSP00000356864,0.0227272727272727
HALLMARK_ADIPOGENESIS,MRPL15,9606.ENSP00000260102,0.0227272727272727
HALLMARK_ADIPOGENESIS,PEX14,9606.ENSP00000349016,0.0227272727272727
HALLMARK_ADIPOGENESIS,REEP5,9606.ENSP00000368959,0.0227272727272727
HALLMARK_ADIPOGENESIS,STAT5A,9606.ENSP00000341208,0.0227272727272727
HALLMARK_ADIPOGENESIS,ATP1B3,9606.ENSP00000286371,0.0151515151515152
HALLMARK_ADIPOGENESIS,C3,9606.ENSP00000245907,0.0151515151515152
HALLMARK_ADIPOGENESIS,CHUK,9606.ENSP00000359424,0.0151515151515152
HALLMARK_ADIPOGENESIS,COQ3,9606.ENSP00000254759,0.0151515151515152
HALLMARK_ADIPOGENESIS,COQ5,9606.ENSP00000288532,0.0151515151515152
HALLMARK_ADIPOGENESIS,COQ9,9606.ENSP00000262507,0.0151515151515152
HALLMARK_ADIPOGENESIS,EPHX2,9606.ENSP00000430269,0.0151515151515152
HALLMARK_ADIPOGENESIS,FAH,9606.ENSP00000385080,0.0151515151515152
HALLMARK_ADIPOGENESIS,GRPEL1,9606.ENSP00000264954,0.0151515151515152
HALLMARK_ADIPOGENESIS,IMMT,9606.ENSP00000387262,0.0151515151515152
HALLMARK_ADIPOGENESIS,ITGA7,9606.ENSP00000452120,0.0151515151515152
HALLMARK_ADIPOGENESIS,LPCAT3,9606.ENSP00000261407,0.0151515151515152
HALLMARK_ADIPOGENESIS,RETSAT,9606.ENSP00000295802,0.0151515151515152
HALLMARK_ADIPOGENESIS,SAMM50,9606.ENSP00000345445,0.0151515151515152
HALLMARK_ADIPOGENESIS,SLC25A1,9606.ENSP00000215882,0.0151515151515152
HALLMARK_ADIPOGENESIS,ABCB8,9606.ENSP00000297504,0.0075757575757575
HALLMARK_ADIPOGENESIS,ADCY6,9606.ENSP00000311405,0.0075757575757575
HALLMARK_ADIPOGENESIS,AK2,9606.ENSP00000499935,0.0075757575757575
HALLMARK_ADIPOGENESIS,ANGPT1,9606.ENSP00000428340,0.0075757575757575
HALLMARK_ADIPOGENESIS,ARAF,9606.ENSP00000290277,0.0075757575757575
HALLMARK_ADIPOGENESIS,ATL2,9606.ENSP00000368237,0.0075757575757575
HALLMARK_ADIPOGENESIS,CAVIN1,9606.ENSP00000349541,0.0075757575757575
HALLMARK_ADIPOGENESIS,CAVIN2,9606.ENSP00000305675,0.0075757575757575
HALLMARK_ADIPOGENESIS,CHCHD10,9606.ENSP00000384973,0.0075757575757575
HALLMARK_ADIPOGENESIS,CMBL,9606.ENSP00000296658,0.0075757575757575
HALLMARK_ADIPOGENESIS,CMPK1,9606.ENSP00000360939,0.0075757575757575
HALLMARK_ADIPOGENESIS,COL15A1,9606.ENSP00000364140,0.0075757575757575
HALLMARK_ADIPOGENESIS,DECR1,9606.ENSP00000220764,0.0075757575757575
HALLMARK_ADIPOGENESIS,DNAJC15,9606.ENSP00000368523,0.0075757575757575
HALLMARK_ADIPOGENESIS,ELOVL6,9606.ENSP00000378105,0.0075757575757575
HALLMARK_ADIPOGENESIS,ESRRA,9606.ENSP00000384851,0.0075757575757575
HALLMARK_ADIPOGENESIS,GBE1,9606.ENSP00000410833,0.0075757575757575
HALLMARK_ADIPOGENESIS,GPHN,9606.ENSP00000417901,0.0075757575757575
HALLMARK_ADIPOGENESIS,LIFR,9606.ENSP00000398368,0.0075757575757575
HALLMARK_ADIPOGENESIS,LTC4S,9606.ENSP00000292596,0.0075757575757575
HALLMARK_ADIPOGENESIS,MCCC1,9606.ENSP00000265594,0.0075757575757575
HALLMARK_ADIPOGENESIS,MTARC2,9606.ENSP00000355880,0.0075757575757575
HALLMARK_ADIPOGENESIS,MTCH2,9606.ENSP00000303222,0.0075757575757575
HALLMARK_ADIPOGENESIS,ORM1,9606.ENSP00000259396,0.0075757575757575
HALLMARK_ADIPOGENESIS,PEMT,9606.ENSP00000255389,0.0075757575757575
HALLMARK_ADIPOGENESIS,PFKFB3,9606.ENSP00000492001,0.0075757575757575
HALLMARK_ADIPOGENESIS,PHYH,9606.ENSP00000263038,0.0075757575757575
HALLMARK_ADIPOGENESIS,PPM1B,9606.ENSP00000282412,0.0075757575757575
HALLMARK_ADIPOGENESIS,PTCD3,9606.ENSP00000254630,0.0075757575757575
HALLMARK_ADIPOGENESIS,REEP6,9606.ENSP00000233596,0.0075757575757575
HALLMARK_ADIPOGENESIS,RTN3,9606.ENSP00000367050,0.0075757575757575
HALLMARK_ADIPOGENESIS,SLC25A10,9606.ENSP00000446242,0.0075757575757575
HALLMARK_ADIPOGENESIS,SQOR,9606.ENSP00000456019,0.0075757575757575
HALLMARK_ADIPOGENESIS,TANK,9606.ENSP00000259075,0.0075757575757575
HALLMARK_ADIPOGENESIS,TST,9606.ENSP00000385828,0.0075757575757575
HALLMARK_ADIPOGENESIS,UBC,9606.ENSP00000441543,0.0075757575757575
HALLMARK_ADIPOGENESIS,UBQLN1,9606.ENSP00000365576,0.0075757575757575
HALLMARK_ADIPOGENESIS,VEGFB,9606.ENSP00000311127,0.0075757575757575
HALLMARK_ADIPOGENESIS,YWHAG,9606.ENSP00000306330,0.0075757575757575
HALLMARK_ALLOGRAFT_REJECTION,CD4,9606.ENSP00000011653,0.467065868263473
HALLMARK_ALLOGRAFT_REJECTION,IFNG,9606.ENSP00000229135,0.407185628742515
HALLMARK_ALLOGRAFT_REJECTION,CD8A,9606.ENSP00000386559,0.401197604790419
HALLMARK_ALLOGRAFT_REJECTION,TNF,9606.ENSP00000398698,0.383233532934132
HALLMARK_ALLOGRAFT_REJECTION,IL6,9606.ENSP00000385675,0.353293413173653
HALLMARK_ALLOGRAFT_REJECTION,IL1B,9606.ENSP00000263341,0.341317365269461
HALLMARK_ALLOGRAFT_REJECTION,PTPRC,9606.ENSP00000411355,0.317365269461078
HALLMARK_ALLOGRAFT_REJECTION,STAT1,9606.ENSP00000354394,0.281437125748503
HALLMARK_ALLOGRAFT_REJECTION,CCL2,9606.ENSP00000225831,0.251497005988024
HALLMARK_ALLOGRAFT_REJECTION,CCL5,9606.ENSP00000474412,0.239520958083832
HALLMARK_ALLOGRAFT_REJECTION,EGFR,9606.ENSP00000275493,0.221556886227545
HALLMARK_ALLOGRAFT_REJECTION,CD40LG,9606.ENSP00000359663,0.203592814371257
HALLMARK_ALLOGRAFT_REJECTION,CD86,9606.ENSP00000332049,0.203592814371257
HALLMARK_ALLOGRAFT_REJECTION,CCR5,9606.ENSP00000292303,0.197604790419162
HALLMARK_ALLOGRAFT_REJECTION,CD247,9606.ENSP00000354782,0.197604790419162
HALLMARK_ALLOGRAFT_REJECTION,CD28,9606.ENSP00000324890,0.197604790419162
HALLMARK_ALLOGRAFT_REJECTION,CD40,9606.ENSP00000361359,0.197604790419162
HALLMARK_ALLOGRAFT_REJECTION,ICAM1,9606.ENSP00000264832,0.197604790419162
HALLMARK_ALLOGRAFT_REJECTION,CD2,9606.ENSP00000358490,0.18562874251497
HALLMARK_ALLOGRAFT_REJECTION,CD80,9606.ENSP00000264246,0.18562874251497
HALLMARK_ALLOGRAFT_REJECTION,JAK2,9606.ENSP00000371067,0.18562874251497
HALLMARK_ALLOGRAFT_REJECTION,TLR2,9606.ENSP00000260010,0.18562874251497
HALLMARK_ALLOGRAFT_REJECTION,CXCL9,9606.ENSP00000354901,0.179640718562874
HALLMARK_ALLOGRAFT_REJECTION,IL15,9606.ENSP00000296545,0.179640718562874
HALLMARK_ALLOGRAFT_REJECTION,IL7,9606.ENSP00000263851,0.179640718562874
HALLMARK_ALLOGRAFT_REJECTION,LCK,9606.ENSP00000477713,0.179640718562874
HALLMARK_ALLOGRAFT_REJECTION,ITGB2,9606.ENSP00000380948,0.173652694610778
HALLMARK_ALLOGRAFT_REJECTION,CXCR3,9606.ENSP00000362795,0.167664670658683
HALLMARK_ALLOGRAFT_REJECTION,CCR2,9606.ENSP00000292301,0.155688622754491
HALLMARK_ALLOGRAFT_REJECTION,CD3E,9606.ENSP00000354566,0.155688622754491
HALLMARK_ALLOGRAFT_REJECTION,GZMB,9606.ENSP00000216341,0.155688622754491
HALLMARK_ALLOGRAFT_REJECTION,AKT1,9606.ENSP00000451828,0.149700598802395
HALLMARK_ALLOGRAFT_REJECTION,CCL4,9606.ENSP00000482259,0.149700598802395
HALLMARK_ALLOGRAFT_REJECTION,HLA-A,9606.ENSP00000379873,0.149700598802395
HALLMARK_ALLOGRAFT_REJECTION,ZAP70,9606.ENSP00000264972,0.149700598802395
HALLMARK_ALLOGRAFT_REJECTION,CD3D,9606.ENSP00000300692,0.143712574850299
HALLMARK_ALLOGRAFT_REJECTION,IL2RB,9606.ENSP00000216223,0.143712574850299
HALLMARK_ALLOGRAFT_REJECTION,CD74,9606.ENSP00000009530,0.137724550898204
HALLMARK_ALLOGRAFT_REJECTION,IL18,9606.ENSP00000280357,0.137724550898204
HALLMARK_ALLOGRAFT_REJECTION,IL2RA,9606.ENSP00000369293,0.137724550898204
HALLMARK_ALLOGRAFT_REJECTION,HLA-DRA,9606.ENSP00000378786,0.131736526946108
HALLMARK_ALLOGRAFT_REJECTION,IL4R,9606.ENSP00000379111,0.131736526946108
HALLMARK_ALLOGRAFT_REJECTION,ITK,9606.ENSP00000398655,0.131736526946108
HALLMARK_ALLOGRAFT_REJECTION,B2M,9606.ENSP00000497910,0.125748502994012
HALLMARK_ALLOGRAFT_REJECTION,MMP9,9606.ENSP00000361405,0.125748502994012
HALLMARK_ALLOGRAFT_REJECTION,PRF1,9606.ENSP00000398568,0.125748502994012
HALLMARK_ALLOGRAFT_REJECTION,TGFB1,9606.ENSP00000221930,0.125748502994012
HALLMARK_ALLOGRAFT_REJECTION,CCL19,9606.ENSP00000308815,0.119760479041916
HALLMARK_ALLOGRAFT_REJECTION,CCL22,9606.ENSP00000219235,0.119760479041916
HALLMARK_ALLOGRAFT_REJECTION,LCP2,9606.ENSP00000046794,0.119760479041916
HALLMARK_ALLOGRAFT_REJECTION,CXCL13,9606.ENSP00000286758,0.11377245508982
HALLMARK_ALLOGRAFT_REJECTION,FASLG,9606.ENSP00000356694,0.11377245508982
HALLMARK_ALLOGRAFT_REJECTION,CCL11,9606.ENSP00000302234,0.107784431137725
HALLMARK_ALLOGRAFT_REJECTION,CCR1,9606.ENSP00000296140,0.107784431137725
HALLMARK_ALLOGRAFT_REJECTION,CD3G,9606.ENSP00000431445,0.107784431137725
HALLMARK_ALLOGRAFT_REJECTION,GZMA,9606.ENSP00000274306,0.107784431137725
HALLMARK_ALLOGRAFT_REJECTION,HLA-E,9606.ENSP00000365817,0.107784431137725
HALLMARK_ALLOGRAFT_REJECTION,IL12RB1,9606.ENSP00000470788,0.107784431137725
HALLMARK_ALLOGRAFT_REJECTION,IL2RG,9606.ENSP00000363318,0.107784431137725
HALLMARK_ALLOGRAFT_REJECTION,TLR3,9606.ENSP00000296795,0.107784431137725
HALLMARK_ALLOGRAFT_REJECTION,LYN,9606.ENSP00000428924,0.101796407185629
HALLMARK_ALLOGRAFT_REJECTION,IFNGR1,9606.ENSP00000356713,0.0958083832335329
HALLMARK_ALLOGRAFT_REJECTION,FCGR2B,9606.ENSP00000351497,0.0898203592814371
HALLMARK_ALLOGRAFT_REJECTION,CSF1,9606.ENSP00000327513,0.0838323353293413
HALLMARK_ALLOGRAFT_REJECTION,ITGAL,9606.ENSP00000349252,0.0838323353293413
HALLMARK_ALLOGRAFT_REJECTION,RPS9,9606.ENSP00000375632,0.0838323353293413
HALLMARK_ALLOGRAFT_REJECTION,HLA-DMA,9606.ENSP00000363976,0.0778443113772455
HALLMARK_ALLOGRAFT_REJECTION,HLA-DQA1,9606.ENSP00000339398,0.0778443113772455
HALLMARK_ALLOGRAFT_REJECTION,IL11,9606.ENSP00000264563,0.0778443113772455
HALLMARK_ALLOGRAFT_REJECTION,IL27RA,9606.ENSP00000263379,0.0778443113772455
HALLMARK_ALLOGRAFT_REJECTION,RPS3A,9606.ENSP00000346050,0.0778443113772455
HALLMARK_ALLOGRAFT_REJECTION,SOCS1,9606.ENSP00000496577,0.0778443113772455
HALLMARK_ALLOGRAFT_REJECTION,HLA-DOA,9606.ENSP00000229829,0.0718562874251497
HALLMARK_ALLOGRAFT_REJECTION,IRF7,9606.ENSP00000380697,0.0718562874251497
HALLMARK_ALLOGRAFT_REJECTION,LIF,9606.ENSP00000249075,0.0718562874251497
HALLMARK_ALLOGRAFT_REJECTION,PTPN6,9606.ENSP00000391592,0.0718562874251497
HALLMARK_ALLOGRAFT_REJECTION,TRAF2,9606.ENSP00000247668,0.0718562874251497
HALLMARK_ALLOGRAFT_REJECTION,TRAT1,9606.ENSP00000295756,0.0718562874251497
HALLMARK_ALLOGRAFT_REJECTION,CCL13,9606.ENSP00000225844,0.0658682634730539
HALLMARK_ALLOGRAFT_REJECTION,CCL7,9606.ENSP00000367832,0.0658682634730539
HALLMARK_ALLOGRAFT_REJECTION,CD79A,9606.ENSP00000221972,0.0658682634730539
HALLMARK_ALLOGRAFT_REJECTION,CD8B,9606.ENSP00000331172,0.0658682634730539
HALLMARK_ALLOGRAFT_REJECTION,HLA-DMB,9606.ENSP00000398890,0.0658682634730539
HALLMARK_ALLOGRAFT_REJECTION,NCK1,9606.ENSP00000417273,0.0658682634730539
HALLMARK_ALLOGRAFT_REJECTION,RPS19,9606.ENSP00000470972,0.0658682634730539
HALLMARK_ALLOGRAFT_REJECTION,ABCE1,9606.ENSP00000296577,0.0598802395209581
HALLMARK_ALLOGRAFT_REJECTION,CD1D,9606.ENSP00000501245,0.0598802395209581
HALLMARK_ALLOGRAFT_REJECTION,CTSS,9606.ENSP00000357981,0.0598802395209581
HALLMARK_ALLOGRAFT_REJECTION,FAS,9606.ENSP00000498466,0.0598802395209581
HALLMARK_ALLOGRAFT_REJECTION,HIF1A,9606.ENSP00000437955,0.0598802395209581
HALLMARK_ALLOGRAFT_REJECTION,HLA-DOB,9606.ENSP00000496848,0.0598802395209581
HALLMARK_ALLOGRAFT_REJECTION,IFNAR2,9606.ENSP00000343957,0.0598802395209581
HALLMARK_ALLOGRAFT_REJECTION,IKBKB,9606.ENSP00000430684,0.0598802395209581
HALLMARK_ALLOGRAFT_REJECTION,STAT4,9606.ENSP00000351255,0.0598802395209581
HALLMARK_ALLOGRAFT_REJECTION,TIMP1,9606.ENSP00000218388,0.0598802395209581
HALLMARK_ALLOGRAFT_REJECTION,TLR1,9606.ENSP00000354932,0.0598802395209581
HALLMARK_ALLOGRAFT_REJECTION,HLA-G,9606.ENSP00000366024,0.0538922155688623
HALLMARK_ALLOGRAFT_REJECTION,IL16,9606.ENSP00000302935,0.0538922155688623
HALLMARK_ALLOGRAFT_REJECTION,THY1,9606.ENSP00000284240,0.0538922155688623
HALLMARK_ALLOGRAFT_REJECTION,WAS,9606.ENSP00000365891,0.0538922155688623
HALLMARK_ALLOGRAFT_REJECTION,EIF3D,9606.ENSP00000216190,0.0479041916167665
HALLMARK_ALLOGRAFT_REJECTION,IRF8,9606.ENSP00000268638,0.0479041916167665
HALLMARK_ALLOGRAFT_REJECTION,NLRP3,9606.ENSP00000337383,0.0479041916167665
HALLMARK_ALLOGRAFT_REJECTION,RIPK2,9606.ENSP00000220751,0.0479041916167665
HALLMARK_ALLOGRAFT_REJECTION,RPL9,9606.ENSP00000494697,0.0479041916167665
HALLMARK_ALLOGRAFT_REJECTION,UBE2N,9606.ENSP00000316176,0.0479041916167665
HALLMARK_ALLOGRAFT_REJECTION,CD7,9606.ENSP00000312027,0.0419161676646707
HALLMARK_ALLOGRAFT_REJECTION,CSK,9606.ENSP00000220003,0.0419161676646707
HALLMARK_ALLOGRAFT_REJECTION,EIF3A,9606.ENSP00000358140,0.0419161676646707
HALLMARK_ALLOGRAFT_REJECTION,EIF5A,9606.ENSP00000336702,0.0419161676646707
HALLMARK_ALLOGRAFT_REJECTION,IFNGR2,9606.ENSP00000371425,0.0419161676646707
HALLMARK_ALLOGRAFT_REJECTION,MAP3K7,9606.ENSP00000358335,0.0419161676646707
HALLMARK_ALLOGRAFT_REJECTION,MRPL3,9606.ENSP00000264995,0.0419161676646707
HALLMARK_ALLOGRAFT_REJECTION,RPL39,9606.ENSP00000355315,0.0419161676646707
HALLMARK_ALLOGRAFT_REJECTION,SPI1,9606.ENSP00000227163,0.0419161676646707
HALLMARK_ALLOGRAFT_REJECTION,TAP1,9606.ENSP00000346206,0.0419161676646707
HALLMARK_ALLOGRAFT_REJECTION,TAPBP,9606.ENSP00000404833,0.0419161676646707
HALLMARK_ALLOGRAFT_REJECTION,TGFB2,9606.ENSP00000355896,0.0419161676646707
HALLMARK_ALLOGRAFT_REJECTION,BRCA1,9606.ENSP00000418960,0.0359281437125748
HALLMARK_ALLOGRAFT_REJECTION,EIF3J,9606.ENSP00000261868,0.0359281437125748
HALLMARK_ALLOGRAFT_REJECTION,FLNA,9606.ENSP00000358866,0.0359281437125748
HALLMARK_ALLOGRAFT_REJECTION,HCLS1,9606.ENSP00000320176,0.0359281437125748
HALLMARK_ALLOGRAFT_REJECTION,IL12A,9606.ENSP00000303231,0.0359281437125748
HALLMARK_ALLOGRAFT_REJECTION,MTIF2,9606.ENSP00000263629,0.0359281437125748
HALLMARK_ALLOGRAFT_REJECTION,NOS2,9606.ENSP00000327251,0.0359281437125748
HALLMARK_ALLOGRAFT_REJECTION,CDKN2A,9606.ENSP00000418915,0.029940119760479
HALLMARK_ALLOGRAFT_REJECTION,FGR,9606.ENSP00000363117,0.029940119760479
HALLMARK_ALLOGRAFT_REJECTION,IRF4,9606.ENSP00000370343,0.029940119760479
HALLMARK_ALLOGRAFT_REJECTION,LY75,9606.ENSP00000263636,0.029940119760479
HALLMARK_ALLOGRAFT_REJECTION,NPM1,9606.ENSP00000296930,0.029940119760479
HALLMARK_ALLOGRAFT_REJECTION,TAP2,9606.ENSP00000364032,0.029940119760479
HALLMARK_ALLOGRAFT_REJECTION,TLR6,9606.ENSP00000389600,0.029940119760479
HALLMARK_ALLOGRAFT_REJECTION,BCL3,9606.ENSP00000164227,0.0239520958083832
HALLMARK_ALLOGRAFT_REJECTION,CD47,9606.ENSP00000355361,0.0239520958083832
HALLMARK_ALLOGRAFT_REJECTION,CD96,9606.ENSP00000283285,0.0239520958083832
HALLMARK_ALLOGRAFT_REJECTION,RARS1,9606.ENSP00000231572,0.0239520958083832
HALLMARK_ALLOGRAFT_REJECTION,SOCS5,9606.ENSP00000305133,0.0239520958083832
HALLMARK_ALLOGRAFT_REJECTION,AARS1,9606.ENSP00000261772,0.0179640718562874
HALLMARK_ALLOGRAFT_REJECTION,ACVR2A,9606.ENSP00000241416,0.0179640718562874
HALLMARK_ALLOGRAFT_REJECTION,BCL10,9606.ENSP00000498104,0.0179640718562874
HALLMARK_ALLOGRAFT_REJECTION,CCND2,9606.ENSP00000261254,0.0179640718562874
HALLMARK_ALLOGRAFT_REJECTION,CCND3,9606.ENSP00000362082,0.0179640718562874
HALLMARK_ALLOGRAFT_REJECTION,IL18RAP,9606.ENSP00000264260,0.0179640718562874
HALLMARK_ALLOGRAFT_REJECTION,INHBA,9606.ENSP00000242208,0.0179640718562874
HALLMARK_ALLOGRAFT_REJECTION,INHBB,9606.ENSP00000295228,0.0179640718562874
HALLMARK_ALLOGRAFT_REJECTION,LTB,9606.ENSP00000410481,0.0179640718562874
HALLMARK_ALLOGRAFT_REJECTION,NCF4,9606.ENSP00000380334,0.0179640718562874
HALLMARK_ALLOGRAFT_REJECTION,PSMB10,9606.ENSP00000351314,0.0179640718562874
HALLMARK_ALLOGRAFT_REJECTION,SIT1,9606.ENSP00000259608,0.0179640718562874
HALLMARK_ALLOGRAFT_REJECTION,UBE2D1,9606.ENSP00000363019,0.0179640718562874
HALLMARK_ALLOGRAFT_REJECTION,ABI1,9606.ENSP00000365312,0.0119760479041916
HALLMARK_ALLOGRAFT_REJECTION,DARS1,9606.ENSP00000264161,0.0119760479041916
HALLMARK_ALLOGRAFT_REJECTION,FYB1,9606.ENSP00000493623,0.0119760479041916
HALLMARK_ALLOGRAFT_REJECTION,GBP2,9606.ENSP00000359497,0.0119760479041916
HALLMARK_ALLOGRAFT_REJECTION,LY86,9606.ENSP00000369286,0.0119760479041916
HALLMARK_ALLOGRAFT_REJECTION,MAP4K1,9606.ENSP00000465039,0.0119760479041916
HALLMARK_ALLOGRAFT_REJECTION,SRGN,9606.ENSP00000242465,0.0119760479041916
HALLMARK_ALLOGRAFT_REJECTION,WARS1,9606.ENSP00000347495,0.0119760479041916
HALLMARK_ALLOGRAFT_REJECTION,CRTAM,9606.ENSP00000227348,0.0059880239520958
HALLMARK_ALLOGRAFT_REJECTION,EIF4G3,9606.ENSP00000383274,0.0059880239520958
HALLMARK_ALLOGRAFT_REJECTION,ETS1,9606.ENSP00000376436,0.0059880239520958
HALLMARK_ALLOGRAFT_REJECTION,F2R,9606.ENSP00000321326,0.0059880239520958
HALLMARK_ALLOGRAFT_REJECTION,GALNT1,9606.ENSP00000269195,0.0059880239520958
HALLMARK_ALLOGRAFT_REJECTION,GCNT1,9606.ENSP00000415454,0.0059880239520958
HALLMARK_ALLOGRAFT_REJECTION,GLMN,9606.ENSP00000359385,0.0059880239520958
HALLMARK_ALLOGRAFT_REJECTION,HDAC9,9606.ENSP00000408617,0.0059880239520958
HALLMARK_ALLOGRAFT_REJECTION,NME1,9606.ENSP00000337060,0.0059880239520958
HALLMARK_ALLOGRAFT_REJECTION,PRKCB,9606.ENSP00000496129,0.0059880239520958
HALLMARK_ANDROGEN_RESPONSE,HMGCR,9606.ENSP00000287936,0.131578947368421
HALLMARK_ANDROGEN_RESPONSE,HMGCS1,9606.ENSP00000322706,0.131578947368421
HALLMARK_ANDROGEN_RESPONSE,DHCR24,9606.ENSP00000360316,0.105263157894737
HALLMARK_ANDROGEN_RESPONSE,IDI1,9606.ENSP00000370748,0.105263157894737
HALLMARK_ANDROGEN_RESPONSE,INSIG1,9606.ENSP00000344741,0.105263157894737
HALLMARK_ANDROGEN_RESPONSE,SCD,9606.ENSP00000359380,0.105263157894737
HALLMARK_ANDROGEN_RESPONSE,AKT1,9606.ENSP00000451828,0.0789473684210526
HALLMARK_ANDROGEN_RESPONSE,CCND1,9606.ENSP00000227507,0.0789473684210526
HALLMARK_ANDROGEN_RESPONSE,CCND3,9606.ENSP00000362082,0.0789473684210526
HALLMARK_ANDROGEN_RESPONSE,NKX3-1,9606.ENSP00000370253,0.0789473684210526
HALLMARK_ANDROGEN_RESPONSE,SGK1,9606.ENSP00000356832,0.0789473684210526
HALLMARK_ANDROGEN_RESPONSE,B2M,9606.ENSP00000497910,0.0526315789473684
HALLMARK_ANDROGEN_RESPONSE,CDK6,9606.ENSP00000265734,0.0526315789473684
HALLMARK_ANDROGEN_RESPONSE,ELOVL5,9606.ENSP00000359956,0.0526315789473684
HALLMARK_ANDROGEN_RESPONSE,FADS1,9606.ENSP00000322229,0.0526315789473684
HALLMARK_ANDROGEN_RESPONSE,SRF,9606.ENSP00000265354,0.0526315789473684
HALLMARK_ANDROGEN_RESPONSE,UBE2I,9606.ENSP00000348056,0.0526315789473684
HALLMARK_ANDROGEN_RESPONSE,XRCC6,9606.ENSP00000352257,0.0526315789473684
HALLMARK_ANDROGEN_RESPONSE,ACTN1,9606.ENSP00000377941,0.0263157894736842
HALLMARK_ANDROGEN_RESPONSE,AZGP1,9606.ENSP00000292401,0.0263157894736842
HALLMARK_ANDROGEN_RESPONSE,ELK4,9606.ENSP00000350681,0.0263157894736842
HALLMARK_ANDROGEN_RESPONSE,FKBP5,9606.ENSP00000444810,0.0263157894736842
HALLMARK_ANDROGEN_RESPONSE,H1-0,9606.ENSP00000344504,0.0263157894736842
HALLMARK_ANDROGEN_RESPONSE,ITGAV,9606.ENSP00000261023,0.0263157894736842
HALLMARK_ANDROGEN_RESPONSE,KRT19,9606.ENSP00000355124,0.0263157894736842
HALLMARK_ANDROGEN_RESPONSE,KRT8,9606.ENSP00000449404,0.0263157894736842
HALLMARK_ANDROGEN_RESPONSE,LMAN1,9606.ENSP00000251047,0.0263157894736842
HALLMARK_ANDROGEN_RESPONSE,NDRG1,9606.ENSP00000404854,0.0263157894736842
HALLMARK_ANDROGEN_RESPONSE,PA2G4,9606.ENSP00000302886,0.0263157894736842
HALLMARK_ANDROGEN_RESPONSE,PGM3,9606.ENSP00000425809,0.0263157894736842
HALLMARK_ANDROGEN_RESPONSE,PIAS1,9606.ENSP00000438574,0.0263157894736842
HALLMARK_ANDROGEN_RESPONSE,RRP12,9606.ENSP00000446184,0.0263157894736842
HALLMARK_ANDROGEN_RESPONSE,SAT1,9606.ENSP00000368572,0.0263157894736842
HALLMARK_ANDROGEN_RESPONSE,SEC24D,9606.ENSP00000280551,0.0263157894736842
HALLMARK_ANDROGEN_RESPONSE,SMS,9606.ENSP00000385746,0.0263157894736842
HALLMARK_ANDROGEN_RESPONSE,SPDEF,9606.ENSP00000363149,0.0263157894736842
HALLMARK_ANDROGEN_RESPONSE,TMPRSS2,9606.ENSP00000381588,0.0263157894736842
HALLMARK_ANDROGEN_RESPONSE,UAP1,9606.ENSP00000271469,0.0263157894736842
HALLMARK_ANDROGEN_RESPONSE,XRCC5,9606.ENSP00000375978,0.0263157894736842
HALLMARK_ANGIOGENESIS,POSTN,9606.ENSP00000369071,0.294117647058824
HALLMARK_ANGIOGENESIS,COL3A1,9606.ENSP00000304408,0.235294117647059
HALLMARK_ANGIOGENESIS,LUM,9606.ENSP00000266718,0.235294117647059
HALLMARK_ANGIOGENESIS,SPP1,9606.ENSP00000378517,0.235294117647059
HALLMARK_ANGIOGENESIS,COL5A2,9606.ENSP00000364000,0.176470588235294
HALLMARK_ANGIOGENESIS,ITGAV,9606.ENSP00000261023,0.176470588235294
HALLMARK_ANGIOGENESIS,PTK2,9606.ENSP00000341189,0.176470588235294
HALLMARK_ANGIOGENESIS,FGFR1,9606.ENSP00000393312,0.117647058823529
HALLMARK_ANGIOGENESIS,NRP1,9606.ENSP00000265371,0.117647058823529
HALLMARK_ANGIOGENESIS,VCAN,9606.ENSP00000265077,0.117647058823529
HALLMARK_ANGIOGENESIS,APP,9606.ENSP00000284981,0.0588235294117647
HALLMARK_ANGIOGENESIS,JAG1,9606.ENSP00000254958,0.0588235294117647
HALLMARK_ANGIOGENESIS,JAG2,9606.ENSP00000328169,0.0588235294117647
HALLMARK_ANGIOGENESIS,PDGFA,9606.ENSP00000346508,0.0588235294117647
HALLMARK_ANGIOGENESIS,THBD,9606.ENSP00000366307,0.0588235294117647
HALLMARK_ANGIOGENESIS,TIMP1,9606.ENSP00000218388,0.0588235294117647
HALLMARK_ANGIOGENESIS,TNFRSF21,9606.ENSP00000296861,0.0588235294117647
HALLMARK_ANGIOGENESIS,VAV2,9606.ENSP00000360916,0.0588235294117647
HALLMARK_APICAL_JUNCTION,SRC,9606.ENSP00000362680,0.340740740740741
HALLMARK_APICAL_JUNCTION,ITGB1,9606.ENSP00000379350,0.266666666666667
HALLMARK_APICAL_JUNCTION,EGFR,9606.ENSP00000275493,0.251851851851852
HALLMARK_APICAL_JUNCTION,ACTB,9606.ENSP00000494750,0.22962962962963
HALLMARK_APICAL_JUNCTION,PTK2,9606.ENSP00000341189,0.207407407407407
HALLMARK_APICAL_JUNCTION,VCL,9606.ENSP00000211998,0.192592592592593
HALLMARK_APICAL_JUNCTION,TJP1,9606.ENSP00000348416,0.177777777777778
HALLMARK_APICAL_JUNCTION,ACTG1,9606.ENSP00000458162,0.17037037037037
HALLMARK_APICAL_JUNCTION,ITGA2,9606.ENSP00000296585,0.17037037037037
HALLMARK_APICAL_JUNCTION,ITGB4,9606.ENSP00000200181,0.17037037037037
HALLMARK_APICAL_JUNCTION,CDH1,9606.ENSP00000261769,0.162962962962963
HALLMARK_APICAL_JUNCTION,PTEN,9606.ENSP00000361021,0.155555555555556
HALLMARK_APICAL_JUNCTION,PIK3R3,9606.ENSP00000262741,0.140740740740741
HALLMARK_APICAL_JUNCTION,ICAM1,9606.ENSP00000264832,0.133333333333333
HALLMARK_APICAL_JUNCTION,VASP,9606.ENSP00000245932,0.133333333333333
HALLMARK_APICAL_JUNCTION,MMP9,9606.ENSP00000361405,0.125925925925926
HALLMARK_APICAL_JUNCTION,PIK3CB,9606.ENSP00000501150,0.125925925925926
HALLMARK_APICAL_JUNCTION,CTNNA1,9606.ENSP00000304669,0.118518518518519
HALLMARK_APICAL_JUNCTION,ITGA3,9606.ENSP00000315190,0.118518518518519
HALLMARK_APICAL_JUNCTION,PTPRC,9606.ENSP00000411355,0.118518518518519
HALLMARK_APICAL_JUNCTION,ACTN4,9606.ENSP00000252699,0.103703703703704
HALLMARK_APICAL_JUNCTION,CTNND1,9606.ENSP00000382004,0.103703703703704
HALLMARK_APICAL_JUNCTION,HRAS,9606.ENSP00000407586,0.103703703703704
HALLMARK_APICAL_JUNCTION,PECAM1,9606.ENSP00000457421,0.103703703703704
HALLMARK_APICAL_JUNCTION,ACTN1,9606.ENSP00000377941,0.0962962962962963
HALLMARK_APICAL_JUNCTION,PLCG1,9606.ENSP00000244007,0.0962962962962963
HALLMARK_APICAL_JUNCTION,SYK,9606.ENSP00000364898,0.0962962962962963
HALLMARK_APICAL_JUNCTION,VWF,9606.ENSP00000261405,0.0962962962962963
HALLMARK_APICAL_JUNCTION,WASL,9606.ENSP00000223023,0.0962962962962963
HALLMARK_APICAL_JUNCTION,ITGA9,9606.ENSP00000264741,0.0888888888888889
HALLMARK_APICAL_JUNCTION,MSN,9606.ENSP00000353408,0.0888888888888889
HALLMARK_APICAL_JUNCTION,ACTA1,9606.ENSP00000355645,0.0814814814814815
HALLMARK_APICAL_JUNCTION,AKT2,9606.ENSP00000375892,0.0814814814814815
HALLMARK_APICAL_JUNCTION,LAMC2,9606.ENSP00000264144,0.0814814814814815
HALLMARK_APICAL_JUNCTION,SHC1,9606.ENSP00000401303,0.0814814814814815
HALLMARK_APICAL_JUNCTION,VCAM1,9606.ENSP00000294728,0.0814814814814815
HALLMARK_APICAL_JUNCTION,ZYX,9606.ENSP00000324422,0.0814814814814815
HALLMARK_APICAL_JUNCTION,LAMA3,9606.ENSP00000324532,0.0740740740740741
HALLMARK_APICAL_JUNCTION,LAMB3,9606.ENSP00000375778,0.0740740740740741
HALLMARK_APICAL_JUNCTION,PFN1,9606.ENSP00000225655,0.0740740740740741
HALLMARK_APICAL_JUNCTION,RAC2,9606.ENSP00000249071,0.0740740740740741
HALLMARK_APICAL_JUNCTION,CD34,9606.ENSP00000310036,0.0666666666666667
HALLMARK_APICAL_JUNCTION,FLNC,9606.ENSP00000327145,0.0666666666666667
HALLMARK_APICAL_JUNCTION,MYH9,9606.ENSP00000216181,0.0666666666666667
HALLMARK_APICAL_JUNCTION,RASA1,9606.ENSP00000274376,0.0666666666666667
HALLMARK_APICAL_JUNCTION,VAV2,9606.ENSP00000360916,0.0666666666666667
HALLMARK_APICAL_JUNCTION,CLDN5,9606.ENSP00000385477,0.0592592592592593
HALLMARK_APICAL_JUNCTION,CLDN7,9606.ENSP00000353475,0.0592592592592593
HALLMARK_APICAL_JUNCTION,GNAI1,9606.ENSP00000497260,0.0592592592592593
HALLMARK_APICAL_JUNCTION,GNAI2,9606.ENSP00000312999,0.0592592592592593
HALLMARK_APICAL_JUNCTION,IRS1,9606.ENSP00000304895,0.0592592592592593
HALLMARK_APICAL_JUNCTION,ITGA10,9606.ENSP00000358310,0.0592592592592593
HALLMARK_APICAL_JUNCTION,JUP,9606.ENSP00000377508,0.0592592592592593
HALLMARK_APICAL_JUNCTION,MAPK11,9606.ENSP00000333685,0.0592592592592593
HALLMARK_APICAL_JUNCTION,MAPK13,9606.ENSP00000211287,0.0592592592592593
HALLMARK_APICAL_JUNCTION,MAPK14,9606.ENSP00000229795,0.0592592592592593
HALLMARK_APICAL_JUNCTION,MMP2,9606.ENSP00000219070,0.0592592592592593
HALLMARK_APICAL_JUNCTION,PARVA,9606.ENSP00000334008,0.0592592592592593
HALLMARK_APICAL_JUNCTION,AKT3,9606.ENSP00000500582,0.0518518518518519
HALLMARK_APICAL_JUNCTION,BAIAP2,9606.ENSP00000316338,0.0518518518518519
HALLMARK_APICAL_JUNCTION,CD274,9606.ENSP00000370989,0.0518518518518519
HALLMARK_APICAL_JUNCTION,CDH3,9606.ENSP00000264012,0.0518518518518519
HALLMARK_APICAL_JUNCTION,CLDN9,9606.ENSP00000398017,0.0518518518518519
HALLMARK_APICAL_JUNCTION,EVL,9606.ENSP00000376652,0.0518518518518519
HALLMARK_APICAL_JUNCTION,INPPL1,9606.ENSP00000298229,0.0518518518518519
HALLMARK_APICAL_JUNCTION,MYL9,9606.ENSP00000279022,0.0518518518518519
HALLMARK_APICAL_JUNCTION,NF1,9606.ENSP00000351015,0.0518518518518519
HALLMARK_APICAL_JUNCTION,CDH11,9606.ENSP00000268603,0.0444444444444444
HALLMARK_APICAL_JUNCTION,CLDN11,9606.ENSP00000064724,0.0444444444444444
HALLMARK_APICAL_JUNCTION,CLDN4,9606.ENSP00000409544,0.0444444444444444
HALLMARK_APICAL_JUNCTION,CLDN8,9606.ENSP00000382783,0.0444444444444444
HALLMARK_APICAL_JUNCTION,MYH10,9606.ENSP00000353590,0.0444444444444444
HALLMARK_APICAL_JUNCTION,NECTIN1,9606.ENSP00000264025,0.0444444444444444
HALLMARK_APICAL_JUNCTION,NF2,9606.ENSP00000344666,0.0444444444444444
HALLMARK_APICAL_JUNCTION,SIRPA,9606.ENSP00000478763,0.0444444444444444
HALLMARK_APICAL_JUNCTION,TSC1,9606.ENSP00000298552,0.0444444444444444
HALLMARK_APICAL_JUNCTION,ARPC2,9606.ENSP00000295685,0.037037037037037
HALLMARK_APICAL_JUNCTION,CD86,9606.ENSP00000332049,0.037037037037037
HALLMARK_APICAL_JUNCTION,CD99,9606.ENSP00000370588,0.037037037037037
HALLMARK_APICAL_JUNCTION,IKBKG,9606.ENSP00000483825,0.037037037037037
HALLMARK_APICAL_JUNCTION,RRAS,9606.ENSP00000246792,0.037037037037037
HALLMARK_APICAL_JUNCTION,THBS3,9606.ENSP00000357362,0.037037037037037
HALLMARK_APICAL_JUNCTION,THY1,9606.ENSP00000284240,0.037037037037037
HALLMARK_APICAL_JUNCTION,ACTG2,9606.ENSP00000386857,0.0296296296296296
HALLMARK_APICAL_JUNCTION,ARHGEF6,9606.ENSP00000250617,0.0296296296296296
HALLMARK_APICAL_JUNCTION,CAP1,9606.ENSP00000361883,0.0296296296296296
HALLMARK_APICAL_JUNCTION,CD209,9606.ENSP00000315477,0.0296296296296296
HALLMARK_APICAL_JUNCTION,CDH6,9606.ENSP00000265071,0.0296296296296296
HALLMARK_APICAL_JUNCTION,COL17A1,9606.ENSP00000497653,0.0296296296296296
HALLMARK_APICAL_JUNCTION,DLG1,9606.ENSP00000345731,0.0296296296296296
HALLMARK_APICAL_JUNCTION,FBN1,9606.ENSP00000325527,0.0296296296296296
HALLMARK_APICAL_JUNCTION,FSCN1,9606.ENSP00000371798,0.0296296296296296
HALLMARK_APICAL_JUNCTION,FYB1,9606.ENSP00000493623,0.0296296296296296
HALLMARK_APICAL_JUNCTION,GRB7,9606.ENSP00000403459,0.0296296296296296
HALLMARK_APICAL_JUNCTION,ICAM2,9606.ENSP00000415283,0.0296296296296296
HALLMARK_APICAL_JUNCTION,LIMA1,9606.ENSP00000378400,0.0296296296296296
HALLMARK_APICAL_JUNCTION,NECTIN3,9606.ENSP00000418070,0.0296296296296296
HALLMARK_APICAL_JUNCTION,CLDN14,9606.ENSP00000382090,0.0222222222222222
HALLMARK_APICAL_JUNCTION,CLDN15,9606.ENSP00000385300,0.0222222222222222
HALLMARK_APICAL_JUNCTION,MYL12B,9606.ENSP00000463559,0.0222222222222222
HALLMARK_APICAL_JUNCTION,NECTIN2,9606.ENSP00000252483,0.0222222222222222
HALLMARK_APICAL_JUNCTION,NECTIN4,9606.ENSP00000356991,0.0222222222222222
HALLMARK_APICAL_JUNCTION,PARD6G,9606.ENSP00000343144,0.0222222222222222
HALLMARK_APICAL_JUNCTION,SDC3,9606.ENSP00000344468,0.0222222222222222
HALLMARK_APICAL_JUNCTION,SKAP2,9606.ENSP00000005587,0.0222222222222222
HALLMARK_APICAL_JUNCTION,VCAN,9606.ENSP00000265077,0.0222222222222222
HALLMARK_APICAL_JUNCTION,ADAM15,9606.ENSP00000349436,0.0148148148148148
HALLMARK_APICAL_JUNCTION,CADM3,9606.ENSP00000357106,0.0148148148148148
HALLMARK_APICAL_JUNCTION,CD276,9606.ENSP00000320084,0.0148148148148148
HALLMARK_APICAL_JUNCTION,CNN2,9606.ENSP00000456436,0.0148148148148148
HALLMARK_APICAL_JUNCTION,CRB3,9606.ENSP00000349204,0.0148148148148148
HALLMARK_APICAL_JUNCTION,CX3CL1,9606.ENSP00000006053,0.0148148148148148
HALLMARK_APICAL_JUNCTION,JAM3,9606.ENSP00000299106,0.0148148148148148
HALLMARK_APICAL_JUNCTION,NRXN2,9606.ENSP00000265459,0.0148148148148148
HALLMARK_APICAL_JUNCTION,PKD1,9606.ENSP00000262304,0.0148148148148148
HALLMARK_APICAL_JUNCTION,TUBG1,9606.ENSP00000251413,0.0148148148148148
HALLMARK_APICAL_JUNCTION,YWHAH,9606.ENSP00000248975,0.0148148148148148
HALLMARK_APICAL_JUNCTION,CALB2,9606.ENSP00000307508,0.0074074074074074
HALLMARK_APICAL_JUNCTION,CNTN1,9606.ENSP00000447006,0.0074074074074074
HALLMARK_APICAL_JUNCTION,COL16A1,9606.ENSP00000362776,0.0074074074074074
HALLMARK_APICAL_JUNCTION,DSC3,9606.ENSP00000353608,0.0074074074074074
HALLMARK_APICAL_JUNCTION,EXOC4,9606.ENSP00000253861,0.0074074074074074
HALLMARK_APICAL_JUNCTION,LAYN,9606.ENSP00000364765,0.0074074074074074
HALLMARK_APICAL_JUNCTION,MPZL1,9606.ENSP00000352513,0.0074074074074074
HALLMARK_APICAL_JUNCTION,NEXN,9606.ENSP00000333938,0.0074074074074074
HALLMARK_APICAL_JUNCTION,NFASC,9606.ENSP00000344786,0.0074074074074074
HALLMARK_APICAL_JUNCTION,NLGN2,9606.ENSP00000305288,0.0074074074074074
HALLMARK_APICAL_JUNCTION,NLGN3,9606.ENSP00000351591,0.0074074074074074
HALLMARK_APICAL_JUNCTION,NRTN,9606.ENSP00000302648,0.0074074074074074
HALLMARK_APICAL_JUNCTION,RSU1,9606.ENSP00000367154,0.0074074074074074
HALLMARK_APICAL_JUNCTION,SHROOM2,9606.ENSP00000370299,0.0074074074074074
HALLMARK_APICAL_JUNCTION,SORBS3,9606.ENSP00000240123,0.0074074074074074
HALLMARK_APICAL_JUNCTION,STX4,9606.ENSP00000317714,0.0074074074074074
HALLMARK_APICAL_JUNCTION,SYMPK,9606.ENSP00000245934,0.0074074074074074
HALLMARK_APICAL_JUNCTION,TGFBI,9606.ENSP00000416330,0.0074074074074074
HALLMARK_APICAL_JUNCTION,TRAF1,9606.ENSP00000362994,0.0074074074074074
HALLMARK_APICAL_SURFACE,ADAM10,9606.ENSP00000260408,0.3
HALLMARK_APICAL_SURFACE,EFNA5,9606.ENSP00000328777,0.2
HALLMARK_APICAL_SURFACE,APP,9606.ENSP00000284981,0.1
HALLMARK_APICAL_SURFACE,BRCA1,9606.ENSP00000418960,0.1
HALLMARK_APICAL_SURFACE,CX3CL1,9606.ENSP00000006053,0.1
HALLMARK_APICAL_SURFACE,EPHB4,9606.ENSP00000350896,0.1
HALLMARK_APICAL_SURFACE,GATA3,9606.ENSP00000368632,0.1
HALLMARK_APICAL_SURFACE,IL2RB,9606.ENSP00000216223,0.1
HALLMARK_APICAL_SURFACE,IL2RG,9606.ENSP00000363318,0.1
HALLMARK_APICAL_SURFACE,LYPD3,9606.ENSP00000244333,0.1
HALLMARK_APICAL_SURFACE,PLAUR,9606.ENSP00000339328,0.1
HALLMARK_APOPTOSIS,CASP3,9606.ENSP00000311032,0.317829457364341
HALLMARK_APOPTOSIS,BCL2L1,9606.ENSP00000365230,0.27906976744186
HALLMARK_APOPTOSIS,TNF,9606.ENSP00000398698,0.263565891472868
HALLMARK_APOPTOSIS,CASP8,9606.ENSP00000351273,0.24031007751938
HALLMARK_APOPTOSIS,IL6,9606.ENSP00000385675,0.224806201550388
HALLMARK_APOPTOSIS,CTNNB1,9606.ENSP00000495360,0.217054263565891
HALLMARK_APOPTOSIS,JUN,9606.ENSP00000360266,0.201550387596899
HALLMARK_APOPTOSIS,CASP9,9606.ENSP00000330237,0.186046511627907
HALLMARK_APOPTOSIS,IL1B,9606.ENSP00000263341,0.186046511627907
HALLMARK_APOPTOSIS,MCL1,9606.ENSP00000358022,0.155038759689922
HALLMARK_APOPTOSIS,BCL2L11,9606.ENSP00000376943,0.147286821705426
HALLMARK_APOPTOSIS,CCND1,9606.ENSP00000227507,0.147286821705426
HALLMARK_APOPTOSIS,CDKN1A,9606.ENSP00000384849,0.147286821705426
HALLMARK_APOPTOSIS,CD44,9606.ENSP00000398632,0.131782945736434
HALLMARK_APOPTOSIS,ERBB2,9606.ENSP00000269571,0.131782945736434
HALLMARK_APOPTOSIS,RELA,9606.ENSP00000384273,0.131782945736434
HALLMARK_APOPTOSIS,MMP2,9606.ENSP00000219070,0.124031007751938
HALLMARK_APOPTOSIS,APP,9606.ENSP00000284981,0.116279069767442
HALLMARK_APOPTOSIS,CDK2,9606.ENSP00000266970,0.116279069767442
HALLMARK_APOPTOSIS,FASLG,9606.ENSP00000356694,0.116279069767442
HALLMARK_APOPTOSIS,XIAP,9606.ENSP00000360242,0.116279069767442
HALLMARK_APOPTOSIS,BAX,9606.ENSP00000293288,0.108527131782946
HALLMARK_APOPTOSIS,CASP1,9606.ENSP00000433138,0.108527131782946
HALLMARK_APOPTOSIS,BIRC3,9606.ENSP00000263464,0.10077519379845
HALLMARK_APOPTOSIS,FAS,9606.ENSP00000498466,0.10077519379845
HALLMARK_APOPTOSIS,BID,9606.ENSP00000318822,0.0930232558139535
HALLMARK_APOPTOSIS,CREBBP,9606.ENSP00000262367,0.0930232558139535
HALLMARK_APOPTOSIS,HMOX1,9606.ENSP00000216117,0.0930232558139535
HALLMARK_APOPTOSIS,BCL2L2,9606.ENSP00000250405,0.0852713178294574
HALLMARK_APOPTOSIS,BRCA1,9606.ENSP00000418960,0.0852713178294574
HALLMARK_APOPTOSIS,CASP6,9606.ENSP00000265164,0.0852713178294574
HALLMARK_APOPTOSIS,CASP7,9606.ENSP00000358327,0.0852713178294574
HALLMARK_APOPTOSIS,CFLAR,9606.ENSP00000312455,0.0852713178294574
HALLMARK_APOPTOSIS,PMAIP1,9606.ENSP00000326119,0.0852713178294574
HALLMARK_APOPTOSIS,GPX3,9606.ENSP00000373477,0.0775193798449612
HALLMARK_APOPTOSIS,TGFB2,9606.ENSP00000355896,0.0775193798449612
HALLMARK_APOPTOSIS,ATF3,9606.ENSP00000344352,0.0697674418604651
HALLMARK_APOPTOSIS,CDKN1B,9606.ENSP00000228872,0.0697674418604651
HALLMARK_APOPTOSIS,SOD1,9606.ENSP00000270142,0.0697674418604651
HALLMARK_APOPTOSIS,TNFSF10,9606.ENSP00000241261,0.0697674418604651
HALLMARK_APOPTOSIS,BGN,9606.ENSP00000327336,0.062015503875969
HALLMARK_APOPTOSIS,BIK,9606.ENSP00000216115,0.062015503875969
HALLMARK_APOPTOSIS,DCN,9606.ENSP00000052754,0.062015503875969
HALLMARK_APOPTOSIS,HGF,9606.ENSP00000222390,0.062015503875969
HALLMARK_APOPTOSIS,TIMP1,9606.ENSP00000218388,0.062015503875969
HALLMARK_APOPTOSIS,BCL2L10,9606.ENSP00000453562,0.0542635658914729
HALLMARK_APOPTOSIS,CASP2,9606.ENSP00000312664,0.0542635658914729
HALLMARK_APOPTOSIS,CD69,9606.ENSP00000228434,0.0542635658914729
HALLMARK_APOPTOSIS,IL18,9606.ENSP00000280357,0.0542635658914729
HALLMARK_APOPTOSIS,IRF1,9606.ENSP00000245414,0.0542635658914729
HALLMARK_APOPTOSIS,SOD2,9606.ENSP00000446252,0.0542635658914729
HALLMARK_APOPTOSIS,BMF,9606.ENSP00000346697,0.0465116279069767
HALLMARK_APOPTOSIS,BMP2,9606.ENSP00000368104,0.0465116279069767
HALLMARK_APOPTOSIS,CCNA1,9606.ENSP00000255465,0.0465116279069767
HALLMARK_APOPTOSIS,CYLD,9606.ENSP00000392025,0.0465116279069767
HALLMARK_APOPTOSIS,GADD45A,9606.ENSP00000360025,0.0465116279069767
HALLMARK_APOPTOSIS,GPX4,9606.ENSP00000346103,0.0465116279069767
HALLMARK_APOPTOSIS,GSR,9606.ENSP00000221130,0.0465116279069767
HALLMARK_APOPTOSIS,SQSTM1,9606.ENSP00000374455,0.0465116279069767
HALLMARK_APOPTOSIS,CD38,9606.ENSP00000226279,0.0387596899224806
HALLMARK_APOPTOSIS,DDIT3,9606.ENSP00000448665,0.0387596899224806
HALLMARK_APOPTOSIS,LEF1,9606.ENSP00000265165,0.0387596899224806
HALLMARK_APOPTOSIS,LGALS3,9606.ENSP00000254301,0.0387596899224806
HALLMARK_APOPTOSIS,LUM,9606.ENSP00000266718,0.0387596899224806
HALLMARK_APOPTOSIS,PDGFRB,9606.ENSP00000261799,0.0387596899224806
HALLMARK_APOPTOSIS,PRF1,9606.ENSP00000398568,0.0387596899224806
HALLMARK_APOPTOSIS,PTK2,9606.ENSP00000341189,0.0387596899224806
HALLMARK_APOPTOSIS,SMAD7,9606.ENSP00000262158,0.0387596899224806
HALLMARK_APOPTOSIS,CASP4,9606.ENSP00000388566,0.0310077519379845
HALLMARK_APOPTOSIS,CAV1,9606.ENSP00000339191,0.0310077519379845
HALLMARK_APOPTOSIS,CCND2,9606.ENSP00000261254,0.0310077519379845
HALLMARK_APOPTOSIS,CD2,9606.ENSP00000358490,0.0310077519379845
HALLMARK_APOPTOSIS,CDC25B,9606.ENSP00000245960,0.0310077519379845
HALLMARK_APOPTOSIS,ERBB3,9606.ENSP00000267101,0.0310077519379845
HALLMARK_APOPTOSIS,GADD45B,9606.ENSP00000215631,0.0310077519379845
HALLMARK_APOPTOSIS,RARA,9606.ENSP00000254066,0.0310077519379845
HALLMARK_APOPTOSIS,ROCK1,9606.ENSP00000382697,0.0310077519379845
HALLMARK_APOPTOSIS,TIMP2,9606.ENSP00000262768,0.0310077519379845
HALLMARK_APOPTOSIS,WEE1,9606.ENSP00000402084,0.0310077519379845
HALLMARK_APOPTOSIS,BCAP31,9606.ENSP00000392330,0.0232558139534884
HALLMARK_APOPTOSIS,BCL10,9606.ENSP00000498104,0.0232558139534884
HALLMARK_APOPTOSIS,BNIP3L,9606.ENSP00000370003,0.0232558139534884
HALLMARK_APOPTOSIS,CLU,9606.ENSP00000315130,0.0232558139534884
HALLMARK_APOPTOSIS,DFFA,9606.ENSP00000366237,0.0232558139534884
HALLMARK_APOPTOSIS,DNM1L,9606.ENSP00000449089,0.0232558139534884
HALLMARK_APOPTOSIS,GNA15,9606.ENSP00000262958,0.0232558139534884
HALLMARK_APOPTOSIS,GSTM1,9606.ENSP00000311469,0.0232558139534884
HALLMARK_APOPTOSIS,PSEN1,9606.ENSP00000326366,0.0232558139534884
HALLMARK_APOPTOSIS,TOP2A,9606.ENSP00000411532,0.0232558139534884
HALLMARK_APOPTOSIS,VDAC2,9606.ENSP00000361635,0.0232558139534884
HALLMARK_APOPTOSIS,EGR3,9606.ENSP00000318057,0.0155038759689922
HALLMARK_APOPTOSIS,GSN,9606.ENSP00000362924,0.0155038759689922
HALLMARK_APOPTOSIS,HSPB1,9606.ENSP00000248553,0.0155038759689922
HALLMARK_APOPTOSIS,IER3,9606.ENSP00000259874,0.0155038759689922
HALLMARK_APOPTOSIS,IFNGR1,9606.ENSP00000356713,0.0155038759689922
HALLMARK_APOPTOSIS,LMNA,9606.ENSP00000357283,0.0155038759689922
HALLMARK_APOPTOSIS,PLAT,9606.ENSP00000220809,0.0155038759689922
HALLMARK_APOPTOSIS,RHOB,9606.ENSP00000272233,0.0155038759689922
HALLMARK_APOPTOSIS,TGFBR3,9606.ENSP00000212355,0.0155038759689922
HALLMARK_APOPTOSIS,TIMP3,9606.ENSP00000266085,0.0155038759689922
HALLMARK_APOPTOSIS,TNFRSF12A,9606.ENSP00000326737,0.0155038759689922
HALLMARK_APOPTOSIS,TSPO,9606.ENSP00000379563,0.0155038759689922
HALLMARK_APOPTOSIS,TXNIP,9606.ENSP00000462521,0.0155038759689922
HALLMARK_APOPTOSIS,ADD1,9606.ENSP00000264758,0.0077519379844961
HALLMARK_APOPTOSIS,ANXA1,9606.ENSP00000366109,0.0077519379844961
HALLMARK_APOPTOSIS,AVPR1A,9606.ENSP00000299178,0.0077519379844961
HALLMARK_APOPTOSIS,BTG2,9606.ENSP00000290551,0.0077519379844961
HALLMARK_APOPTOSIS,DAP3,9606.ENSP00000357320,0.0077519379844961
HALLMARK_APOPTOSIS,DPYD,9606.ENSP00000359211,0.0077519379844961
HALLMARK_APOPTOSIS,EBP,9606.ENSP00000417052,0.0077519379844961
HALLMARK_APOPTOSIS,F2R,9606.ENSP00000321326,0.0077519379844961
HALLMARK_APOPTOSIS,FDXR,9606.ENSP00000416515,0.0077519379844961
HALLMARK_APOPTOSIS,GCH1,9606.ENSP00000477796,0.0077519379844961
HALLMARK_APOPTOSIS,GUCY2D,9606.ENSP00000254854,0.0077519379844961
HALLMARK_APOPTOSIS,H1-0,9606.ENSP00000344504,0.0077519379844961
HALLMARK_APOPTOSIS,IFITM3,9606.ENSP00000382707,0.0077519379844961
HALLMARK_APOPTOSIS,KRT18,9606.ENSP00000373489,0.0077519379844961
HALLMARK_APOPTOSIS,MADD,9606.ENSP00000310933,0.0077519379844961
HALLMARK_APOPTOSIS,MGMT,9606.ENSP00000302111,0.0077519379844961
HALLMARK_APOPTOSIS,NEDD9,9606.ENSP00000368759,0.0077519379844961
HALLMARK_APOPTOSIS,NEFH,9606.ENSP00000311997,0.0077519379844961
HALLMARK_APOPTOSIS,PAK1,9606.ENSP00000278568,0.0077519379844961
HALLMARK_APOPTOSIS,PEA15,9606.ENSP00000357055,0.0077519379844961
HALLMARK_APOPTOSIS,PLCB2,9606.ENSP00000260402,0.0077519379844961
HALLMARK_APOPTOSIS,PPP2R5B,9606.ENSP00000164133,0.0077519379844961
HALLMARK_APOPTOSIS,PPP3R1,9606.ENSP00000234310,0.0077519379844961
HALLMARK_APOPTOSIS,SATB1,9606.ENSP00000399518,0.0077519379844961
HALLMARK_APOPTOSIS,SC5D,9606.ENSP00000264027,0.0077519379844961
HALLMARK_APOPTOSIS,SPTAN1,9606.ENSP00000487444,0.0077519379844961
HALLMARK_APOPTOSIS,TAP1,9606.ENSP00000346206,0.0077519379844961
HALLMARK_BILE_ACID_METABOLISM,PEX13,9606.ENSP00000295030,0.3
HALLMARK_BILE_ACID_METABOLISM,PEX19,9606.ENSP00000357051,0.233333333333333
HALLMARK_BILE_ACID_METABOLISM,ABCD3,9606.ENSP00000359233,0.216666666666667
HALLMARK_BILE_ACID_METABOLISM,PEX12,9606.ENSP00000482609,0.216666666666667
HALLMARK_BILE_ACID_METABOLISM,SCP2,9606.ENSP00000360569,0.216666666666667
HALLMARK_BILE_ACID_METABOLISM,PEX16,9606.ENSP00000241041,0.2
HALLMARK_BILE_ACID_METABOLISM,PEX6,9606.ENSP00000303511,0.183333333333333
HALLMARK_BILE_ACID_METABOLISM,PEX7,9606.ENSP00000315680,0.183333333333333
HALLMARK_BILE_ACID_METABOLISM,ABCD1,9606.ENSP00000218104,0.166666666666667
HALLMARK_BILE_ACID_METABOLISM,HSD17B4,9606.ENSP00000411960,0.166666666666667
HALLMARK_BILE_ACID_METABOLISM,PEX26,9606.ENSP00000331106,0.15
HALLMARK_BILE_ACID_METABOLISM,PEX1,9606.ENSP00000248633,0.133333333333333
HALLMARK_BILE_ACID_METABOLISM,PEX11A,9606.ENSP00000300056,0.133333333333333
HALLMARK_BILE_ACID_METABOLISM,GNPAT,9606.ENSP00000355607,0.116666666666667
HALLMARK_BILE_ACID_METABOLISM,PEX11G,9606.ENSP00000221480,0.116666666666667
HALLMARK_BILE_ACID_METABOLISM,CYP27A1,9606.ENSP00000258415,0.1
HALLMARK_BILE_ACID_METABOLISM,SLC27A2,9606.ENSP00000267842,0.1
HALLMARK_BILE_ACID_METABOLISM,ABCD2,9606.ENSP00000310688,0.0833333333333333
HALLMARK_BILE_ACID_METABOLISM,AMACR,9606.ENSP00000371517,0.0833333333333333
HALLMARK_BILE_ACID_METABOLISM,CH25H,9606.ENSP00000360918,0.0833333333333333
HALLMARK_BILE_ACID_METABOLISM,HSD3B7,9606.ENSP00000297679,0.0833333333333333
HALLMARK_BILE_ACID_METABOLISM,PHYH,9606.ENSP00000263038,0.0833333333333333
HALLMARK_BILE_ACID_METABOLISM,PXMP2,9606.ENSP00000321271,0.0833333333333333
HALLMARK_BILE_ACID_METABOLISM,ALDH1A1,9606.ENSP00000297785,0.0666666666666667
HALLMARK_BILE_ACID_METABOLISM,CYP7B1,9606.ENSP00000310721,0.0666666666666667
HALLMARK_BILE_ACID_METABOLISM,DHCR24,9606.ENSP00000360316,0.0666666666666667
HALLMARK_BILE_ACID_METABOLISM,EPHX2,9606.ENSP00000430269,0.0666666666666667
HALLMARK_BILE_ACID_METABOLISM,SLC27A5,9606.ENSP00000263093,0.0666666666666667
HALLMARK_BILE_ACID_METABOLISM,ACSL1,9606.ENSP00000422607,0.05
HALLMARK_BILE_ACID_METABOLISM,CAT,9606.ENSP00000241052,0.05
HALLMARK_BILE_ACID_METABOLISM,HACL1,9606.ENSP00000323811,0.05
HALLMARK_BILE_ACID_METABOLISM,IDH1,9606.ENSP00000390265,0.05
HALLMARK_BILE_ACID_METABOLISM,LONP2,9606.ENSP00000285737,0.05
HALLMARK_BILE_ACID_METABOLISM,SOD1,9606.ENSP00000270142,0.05
HALLMARK_BILE_ACID_METABOLISM,ABCA1,9606.ENSP00000363868,0.0333333333333333
HALLMARK_BILE_ACID_METABOLISM,ALDH9A1,9606.ENSP00000346827,0.0333333333333333
HALLMARK_BILE_ACID_METABOLISM,CYP39A1,9606.ENSP00000275016,0.0333333333333333
HALLMARK_BILE_ACID_METABOLISM,FDXR,9606.ENSP00000416515,0.0333333333333333
HALLMARK_BILE_ACID_METABOLISM,HSD17B6,9606.ENSP00000451406,0.0333333333333333
HALLMARK_BILE_ACID_METABOLISM,PECR,9606.ENSP00000265322,0.0333333333333333
HALLMARK_BILE_ACID_METABOLISM,SULT2B1,9606.ENSP00000201586,0.0333333333333333
HALLMARK_BILE_ACID_METABOLISM,ABCA6,9606.ENSP00000284425,0.0166666666666667
HALLMARK_BILE_ACID_METABOLISM,ABCA9,9606.ENSP00000342216,0.0166666666666667
HALLMARK_BILE_ACID_METABOLISM,ALDH8A1,9606.ENSP00000265605,0.0166666666666667
HALLMARK_BILE_ACID_METABOLISM,AR,9606.ENSP00000363822,0.0166666666666667
HALLMARK_BILE_ACID_METABOLISM,BBOX1,9606.ENSP00000263182,0.0166666666666667
HALLMARK_BILE_ACID_METABOLISM,CROT,9606.ENSP00000413575,0.0166666666666667
HALLMARK_BILE_ACID_METABOLISM,DIO1,9606.ENSP00000354643,0.0166666666666667
HALLMARK_BILE_ACID_METABOLISM,DIO2,9606.ENSP00000451419,0.0166666666666667
HALLMARK_BILE_ACID_METABOLISM,GNMT,9606.ENSP00000361894,0.0166666666666667
HALLMARK_BILE_ACID_METABOLISM,IDH2,9606.ENSP00000331897,0.0166666666666667
HALLMARK_BILE_ACID_METABOLISM,IDI1,9606.ENSP00000370748,0.0166666666666667
HALLMARK_BILE_ACID_METABOLISM,NPC1,9606.ENSP00000269228,0.0166666666666667
HALLMARK_BILE_ACID_METABOLISM,NR3C2,9606.ENSP00000350815,0.0166666666666667
HALLMARK_BILE_ACID_METABOLISM,NUDT12,9606.ENSP00000230792,0.0166666666666667
HALLMARK_BILE_ACID_METABOLISM,OPTN,9606.ENSP00000368022,0.0166666666666667
HALLMARK_BILE_ACID_METABOLISM,PIPOX,9606.ENSP00000317721,0.0166666666666667
HALLMARK_BILE_ACID_METABOLISM,PRDX5,9606.ENSP00000265462,0.0166666666666667
HALLMARK_BILE_ACID_METABOLISM,RBP1,9606.ENSP00000232219,0.0166666666666667
HALLMARK_BILE_ACID_METABOLISM,RETSAT,9606.ENSP00000295802,0.0166666666666667
HALLMARK_BILE_ACID_METABOLISM,RXRA,9606.ENSP00000419692,0.0166666666666667
HALLMARK_CHOLESTEROL_HOMEOSTASIS,HMGCS1,9606.ENSP00000322706,0.463414634146341
HALLMARK_CHOLESTEROL_HOMEOSTASIS,HMGCR,9606.ENSP00000287936,0.439024390243902
HALLMARK_CHOLESTEROL_HOMEOSTASIS,LSS,9606.ENSP00000380837,0.439024390243902
HALLMARK_CHOLESTEROL_HOMEOSTASIS,SQLE,9606.ENSP00000265896,0.439024390243902
HALLMARK_CHOLESTEROL_HOMEOSTASIS,SREBF2,9606.ENSP00000354476,0.439024390243902
HALLMARK_CHOLESTEROL_HOMEOSTASIS,CYP51A1,9606.ENSP00000003100,0.414634146341463
HALLMARK_CHOLESTEROL_HOMEOSTASIS,DHCR7,9606.ENSP00000347717,0.414634146341463
HALLMARK_CHOLESTEROL_HOMEOSTASIS,FDFT1,9606.ENSP00000491537,0.414634146341463
HALLMARK_CHOLESTEROL_HOMEOSTASIS,MVK,9606.ENSP00000228510,0.414634146341463
HALLMARK_CHOLESTEROL_HOMEOSTASIS,FDPS,9606.ENSP00000349078,0.390243902439024
HALLMARK_CHOLESTEROL_HOMEOSTASIS,IDI1,9606.ENSP00000370748,0.390243902439024
HALLMARK_CHOLESTEROL_HOMEOSTASIS,MVD,9606.ENSP00000301012,0.390243902439024
HALLMARK_CHOLESTEROL_HOMEOSTASIS,NSDHL,9606.ENSP00000359297,0.390243902439024
HALLMARK_CHOLESTEROL_HOMEOSTASIS,SC5D,9606.ENSP00000264027,0.390243902439024
HALLMARK_CHOLESTEROL_HOMEOSTASIS,HSD17B7,9606.ENSP00000254521,0.341463414634146
HALLMARK_CHOLESTEROL_HOMEOSTASIS,ACAT2,9606.ENSP00000356015,0.317073170731707
HALLMARK_CHOLESTEROL_HOMEOSTASIS,TM7SF2,9606.ENSP00000279263,0.292682926829268
HALLMARK_CHOLESTEROL_HOMEOSTASIS,FASN,9606.ENSP00000304592,0.24390243902439
HALLMARK_CHOLESTEROL_HOMEOSTASIS,PMVK,9606.ENSP00000357452,0.24390243902439
HALLMARK_CHOLESTEROL_HOMEOSTASIS,EBP,9606.ENSP00000417052,0.195121951219512
HALLMARK_CHOLESTEROL_HOMEOSTASIS,PPARG,9606.ENSP00000287820,0.170731707317073
HALLMARK_CHOLESTEROL_HOMEOSTASIS,SCD,9606.ENSP00000359380,0.146341463414634
HALLMARK_CHOLESTEROL_HOMEOSTASIS,CTNNB1,9606.ENSP00000495360,0.0975609756097561
HALLMARK_CHOLESTEROL_HOMEOSTASIS,CD9,9606.ENSP00000371958,0.0731707317073171
HALLMARK_CHOLESTEROL_HOMEOSTASIS,ACSS2,9606.ENSP00000253382,0.0487804878048781
HALLMARK_CHOLESTEROL_HOMEOSTASIS,ACTG1,9606.ENSP00000458162,0.0487804878048781
HALLMARK_CHOLESTEROL_HOMEOSTASIS,ALCAM,9606.ENSP00000305988,0.0487804878048781
HALLMARK_CHOLESTEROL_HOMEOSTASIS,ANXA5,9606.ENSP00000296511,0.0487804878048781
HALLMARK_CHOLESTEROL_HOMEOSTASIS,FADS2,9606.ENSP00000278840,0.0487804878048781
HALLMARK_CHOLESTEROL_HOMEOSTASIS,LGALS3,9606.ENSP00000254301,0.0487804878048781
HALLMARK_CHOLESTEROL_HOMEOSTASIS,LPL,9606.ENSP00000497642,0.0487804878048781
HALLMARK_CHOLESTEROL_HOMEOSTASIS,TRIB3,9606.ENSP00000415416,0.0487804878048781
HALLMARK_CHOLESTEROL_HOMEOSTASIS,ATF3,9606.ENSP00000344352,0.024390243902439
HALLMARK_CHOLESTEROL_HOMEOSTASIS,ATF5,9606.ENSP00000396954,0.024390243902439
HALLMARK_CHOLESTEROL_HOMEOSTASIS,CHKA,9606.ENSP00000265689,0.024390243902439
HALLMARK_CHOLESTEROL_HOMEOSTASIS,CLU,9606.ENSP00000315130,0.024390243902439
HALLMARK_CHOLESTEROL_HOMEOSTASIS,FABP5,9606.ENSP00000297258,0.024390243902439
HALLMARK_CHOLESTEROL_HOMEOSTASIS,GPX8,9606.ENSP00000423822,0.024390243902439
HALLMARK_CHOLESTEROL_HOMEOSTASIS,GSTM2,9606.ENSP00000241337,0.024390243902439
HALLMARK_CHOLESTEROL_HOMEOSTASIS,JAG1,9606.ENSP00000254958,0.024390243902439
HALLMARK_CHOLESTEROL_HOMEOSTASIS,PCYT2,9606.ENSP00000442050,0.024390243902439
HALLMARK_CHOLESTEROL_HOMEOSTASIS,TMEM97,9606.ENSP00000226230,0.024390243902439
HALLMARK_COAGULATION,FN1,9606.ENSP00000346839,0.430555555555556
HALLMARK_COAGULATION,MMP9,9606.ENSP00000361405,0.277777777777778
HALLMARK_COAGULATION,SERPINE1,9606.ENSP00000223095,0.236111111111111
HALLMARK_COAGULATION,A2M,9606.ENSP00000323929,0.222222222222222
HALLMARK_COAGULATION,C3,9606.ENSP00000245907,0.222222222222222
HALLMARK_COAGULATION,MMP2,9606.ENSP00000219070,0.208333333333333
HALLMARK_COAGULATION,PLAU,9606.ENSP00000361850,0.208333333333333
HALLMARK_COAGULATION,VWF,9606.ENSP00000261405,0.194444444444444
HALLMARK_COAGULATION,F3,9606.ENSP00000334145,0.180555555555556
HALLMARK_COAGULATION,MMP1,9606.ENSP00000322788,0.180555555555556
HALLMARK_COAGULATION,THBS1,9606.ENSP00000260356,0.180555555555556
HALLMARK_COAGULATION,MMP3,9606.ENSP00000299855,0.166666666666667
HALLMARK_COAGULATION,TIMP1,9606.ENSP00000218388,0.166666666666667
HALLMARK_COAGULATION,MMP7,9606.ENSP00000260227,0.152777777777778
HALLMARK_COAGULATION,THBD,9606.ENSP00000366307,0.152777777777778
HALLMARK_COAGULATION,CFH,9606.ENSP00000356399,0.138888888888889
HALLMARK_COAGULATION,PLAT,9606.ENSP00000220809,0.138888888888889
HALLMARK_COAGULATION,PROC,9606.ENSP00000234071,0.138888888888889
HALLMARK_COAGULATION,SERPING1,9606.ENSP00000278407,0.138888888888889
HALLMARK_COAGULATION,C1S,9606.ENSP00000385035,0.125
HALLMARK_COAGULATION,CLU,9606.ENSP00000315130,0.125
HALLMARK_COAGULATION,F8,9606.ENSP00000353393,0.125
HALLMARK_COAGULATION,C1R,9606.ENSP00000444271,0.111111111111111
HALLMARK_COAGULATION,C2,9606.ENSP00000299367,0.111111111111111
HALLMARK_COAGULATION,CTSB,9606.ENSP00000345672,0.111111111111111
HALLMARK_COAGULATION,F10,9606.ENSP00000364709,0.111111111111111
HALLMARK_COAGULATION,F12,9606.ENSP00000253496,0.111111111111111
HALLMARK_COAGULATION,MMP14,9606.ENSP00000308208,0.111111111111111
HALLMARK_COAGULATION,TIMP3,9606.ENSP00000266085,0.111111111111111
HALLMARK_COAGULATION,CFB,9606.ENSP00000416561,0.0972222222222222
HALLMARK_COAGULATION,ITGB3,9606.ENSP00000452786,0.0972222222222222
HALLMARK_COAGULATION,MASP2,9606.ENSP00000383690,0.0972222222222222
HALLMARK_COAGULATION,MMP10,9606.ENSP00000279441,0.0972222222222222
HALLMARK_COAGULATION,FURIN,9606.ENSP00000483552,0.0833333333333333
HALLMARK_COAGULATION,ITGA2,9606.ENSP00000296585,0.0833333333333333
HALLMARK_COAGULATION,LRP1,9606.ENSP00000243077,0.0833333333333333
HALLMARK_COAGULATION,PECAM1,9606.ENSP00000457421,0.0833333333333333
HALLMARK_COAGULATION,SERPINA1,9606.ENSP00000416066,0.0833333333333333
HALLMARK_COAGULATION,C1QA,9606.ENSP00000363773,0.0694444444444444
HALLMARK_COAGULATION,CD9,9606.ENSP00000371958,0.0694444444444444
HALLMARK_COAGULATION,CFI,9606.ENSP00000378131,0.0694444444444444
HALLMARK_COAGULATION,GP1BA,9606.ENSP00000329380,0.0694444444444444
HALLMARK_COAGULATION,FBN1,9606.ENSP00000325527,0.0555555555555556
HALLMARK_COAGULATION,MMP11,9606.ENSP00000215743,0.0555555555555556
HALLMARK_COAGULATION,SPARC,9606.ENSP00000231061,0.0555555555555556
HALLMARK_COAGULATION,BMP1,9606.ENSP00000305714,0.0416666666666667
HALLMARK_COAGULATION,COMP,9606.ENSP00000222271,0.0416666666666667
HALLMARK_COAGULATION,CTSK,9606.ENSP00000271651,0.0416666666666667
HALLMARK_COAGULATION,DPP4,9606.ENSP00000353731,0.0416666666666667
HALLMARK_COAGULATION,PROS1,9606.ENSP00000377783,0.0416666666666667
HALLMARK_COAGULATION,ANXA1,9606.ENSP00000366109,0.0277777777777778
HALLMARK_COAGULATION,LGMN,9606.ENSP00000376911,0.0277777777777778
HALLMARK_COAGULATION,MMP15,9606.ENSP00000219271,0.0277777777777778
HALLMARK_COAGULATION,PDGFB,9606.ENSP00000330382,0.0277777777777778
HALLMARK_COAGULATION,RABIF,9606.ENSP00000356231,0.0277777777777778
HALLMARK_COAGULATION,TF,9606.ENSP00000385834,0.0277777777777778
HALLMARK_COAGULATION,APOC1,9606.ENSP00000465356,0.0138888888888889
HALLMARK_COAGULATION,C8G,9606.ENSP00000360697,0.0138888888888889
HALLMARK_COAGULATION,CFD,9606.ENSP00000468253,0.0138888888888889
HALLMARK_COAGULATION,CTSH,9606.ENSP00000220166,0.0138888888888889
HALLMARK_COAGULATION,CTSV,9606.ENSP00000259470,0.0138888888888889
HALLMARK_COAGULATION,FYN,9606.ENSP00000346671,0.0138888888888889
HALLMARK_COAGULATION,GNB2,9606.ENSP00000305260,0.0138888888888889
HALLMARK_COAGULATION,GNG12,9606.ENSP00000360021,0.0138888888888889
HALLMARK_COAGULATION,GSN,9606.ENSP00000362924,0.0138888888888889
HALLMARK_COAGULATION,HPN,9606.ENSP00000262626,0.0138888888888889
HALLMARK_COAGULATION,HTRA1,9606.ENSP00000357980,0.0138888888888889
HALLMARK_COAGULATION,LAMP2,9606.ENSP00000408411,0.0138888888888889
HALLMARK_COAGULATION,MST1,9606.ENSP00000414287,0.0138888888888889
HALLMARK_COAGULATION,PLEK,9606.ENSP00000234313,0.0138888888888889
HALLMARK_COAGULATION,PREP,9606.ENSP00000499089,0.0138888888888889
HALLMARK_COAGULATION,RAPGEF3,9606.ENSP00000395708,0.0138888888888889
HALLMARK_COAGULATION,TFPI2,9606.ENSP00000222543,0.0138888888888889
HALLMARK_COMPLEMENT,SRC,9606.ENSP00000362680,0.2109375
HALLMARK_COMPLEMENT,IL6,9606.ENSP00000385675,0.1953125
HALLMARK_COMPLEMENT,FN1,9606.ENSP00000346839,0.171875
HALLMARK_COMPLEMENT,C3,9606.ENSP00000245907,0.1484375
HALLMARK_COMPLEMENT,GRB2,9606.ENSP00000376345,0.140625
HALLMARK_COMPLEMENT,PIK3CA,9606.ENSP00000263967,0.140625
HALLMARK_COMPLEMENT,FYN,9606.ENSP00000346671,0.109375
HALLMARK_COMPLEMENT,ITGAM,9606.ENSP00000496959,0.1015625
HALLMARK_COMPLEMENT,CCL5,9606.ENSP00000474412,0.09375
HALLMARK_COMPLEMENT,CLU,9606.ENSP00000315130,0.09375
HALLMARK_COMPLEMENT,F3,9606.ENSP00000334145,0.09375
HALLMARK_COMPLEMENT,GNAI2,9606.ENSP00000312999,0.09375
HALLMARK_COMPLEMENT,GNAI3,9606.ENSP00000358867,0.09375
HALLMARK_COMPLEMENT,LYN,9606.ENSP00000428924,0.0859375
HALLMARK_COMPLEMENT,SERPING1,9606.ENSP00000278407,0.0859375
HALLMARK_COMPLEMENT,TIMP1,9606.ENSP00000218388,0.0859375
HALLMARK_COMPLEMENT,C1QA,9606.ENSP00000363773,0.078125
HALLMARK_COMPLEMENT,CASP3,9606.ENSP00000311032,0.078125
HALLMARK_COMPLEMENT,JAK2,9606.ENSP00000371067,0.078125
HALLMARK_COMPLEMENT,LCP2,9606.ENSP00000046794,0.078125
HALLMARK_COMPLEMENT,PIK3CG,9606.ENSP00000419260,0.078125
HALLMARK_COMPLEMENT,SERPINE1,9606.ENSP00000223095,0.078125
HALLMARK_COMPLEMENT,C1S,9606.ENSP00000385035,0.0703125
HALLMARK_COMPLEMENT,C2,9606.ENSP00000299367,0.0703125
HALLMARK_COMPLEMENT,CD36,9606.ENSP00000415743,0.0703125
HALLMARK_COMPLEMENT,CFH,9606.ENSP00000356399,0.0703125
HALLMARK_COMPLEMENT,LCK,9606.ENSP00000477713,0.0703125
HALLMARK_COMPLEMENT,C1R,9606.ENSP00000444271,0.0625
HALLMARK_COMPLEMENT,CASP1,9606.ENSP00000433138,0.0625
HALLMARK_COMPLEMENT,CTSB,9606.ENSP00000345672,0.0625
HALLMARK_COMPLEMENT,CTSS,9606.ENSP00000357981,0.0625
HALLMARK_COMPLEMENT,FCER1G,9606.ENSP00000289902,0.0625
HALLMARK_COMPLEMENT,MMP14,9606.ENSP00000308208,0.0625
HALLMARK_COMPLEMENT,PIK3R5,9606.ENSP00000392812,0.0625
HALLMARK_COMPLEMENT,PLAT,9606.ENSP00000220809,0.0625
HALLMARK_COMPLEMENT,PLAUR,9606.ENSP00000339328,0.0625
HALLMARK_COMPLEMENT,WAS,9606.ENSP00000365891,0.0625
HALLMARK_COMPLEMENT,ANXA5,9606.ENSP00000296511,0.0546875
HALLMARK_COMPLEMENT,CD55,9606.ENSP00000356030,0.0546875
HALLMARK_COMPLEMENT,CFB,9606.ENSP00000416561,0.0546875
HALLMARK_COMPLEMENT,GNG2,9606.ENSP00000334448,0.0546875
HALLMARK_COMPLEMENT,GZMB,9606.ENSP00000216341,0.0546875
HALLMARK_COMPLEMENT,RABIF,9606.ENSP00000356231,0.0546875
HALLMARK_COMPLEMENT,TIMP2,9606.ENSP00000262768,0.0546875
HALLMARK_COMPLEMENT,CASP7,9606.ENSP00000358327,0.046875
HALLMARK_COMPLEMENT,CASP9,9606.ENSP00000330237,0.046875
HALLMARK_COMPLEMENT,CD46,9606.ENSP00000313875,0.046875
HALLMARK_COMPLEMENT,CD59,9606.ENSP00000498879,0.046875
HALLMARK_COMPLEMENT,CTSD,9606.ENSP00000236671,0.046875
HALLMARK_COMPLEMENT,CTSL,9606.ENSP00000345344,0.046875
HALLMARK_COMPLEMENT,F5,9606.ENSP00000356771,0.046875
HALLMARK_COMPLEMENT,F7,9606.ENSP00000364731,0.046875
HALLMARK_COMPLEMENT,F8,9606.ENSP00000353393,0.046875
HALLMARK_COMPLEMENT,GNB4,9606.ENSP00000232564,0.046875
HALLMARK_COMPLEMENT,GP1BA,9606.ENSP00000329380,0.046875
HALLMARK_COMPLEMENT,LRP1,9606.ENSP00000243077,0.046875
HALLMARK_COMPLEMENT,SERPINA1,9606.ENSP00000416066,0.046875
HALLMARK_COMPLEMENT,C1QC,9606.ENSP00000363770,0.0390625
HALLMARK_COMPLEMENT,CASP10,9606.ENSP00000286186,0.0390625
HALLMARK_COMPLEMENT,CP,9606.ENSP00000264613,0.0390625
HALLMARK_COMPLEMENT,F10,9606.ENSP00000364709,0.0390625
HALLMARK_COMPLEMENT,FCN1,9606.ENSP00000360871,0.0390625
HALLMARK_COMPLEMENT,GNB2,9606.ENSP00000305260,0.0390625
HALLMARK_COMPLEMENT,GNGT2,9606.ENSP00000421710,0.0390625
HALLMARK_COMPLEMENT,HSPA5,9606.ENSP00000324173,0.0390625
HALLMARK_COMPLEMENT,IRF1,9606.ENSP00000245414,0.0390625
HALLMARK_COMPLEMENT,LGALS3,9606.ENSP00000254301,0.0390625
HALLMARK_COMPLEMENT,LGMN,9606.ENSP00000376911,0.0390625
HALLMARK_COMPLEMENT,MMP12,9606.ENSP00000458585,0.0390625
HALLMARK_COMPLEMENT,MMP13,9606.ENSP00000260302,0.0390625
HALLMARK_COMPLEMENT,PLEK,9606.ENSP00000234313,0.0390625
HALLMARK_COMPLEMENT,PRKCD,9606.ENSP00000331602,0.0390625
HALLMARK_COMPLEMENT,RAF1,9606.ENSP00000401888,0.0390625
HALLMARK_COMPLEMENT,CALM3,9606.ENSP00000291295,0.03125
HALLMARK_COMPLEMENT,CD40LG,9606.ENSP00000359663,0.03125
HALLMARK_COMPLEMENT,CTSC,9606.ENSP00000227266,0.03125
HALLMARK_COMPLEMENT,CXCL1,9606.ENSP00000379110,0.03125
HALLMARK_COMPLEMENT,GZMA,9606.ENSP00000274306,0.03125
HALLMARK_COMPLEMENT,LTF,9606.ENSP00000231751,0.03125
HALLMARK_COMPLEMENT,MMP15,9606.ENSP00000219271,0.03125
HALLMARK_COMPLEMENT,PSEN1,9606.ENSP00000326366,0.03125
HALLMARK_COMPLEMENT,CBLB,9606.ENSP00000499037,0.0234375
HALLMARK_COMPLEMENT,CEBPB,9606.ENSP00000305422,0.0234375
HALLMARK_COMPLEMENT,CTSH,9606.ENSP00000220166,0.0234375
HALLMARK_COMPLEMENT,DPP4,9606.ENSP00000353731,0.0234375
HALLMARK_COMPLEMENT,LAMP2,9606.ENSP00000408411,0.0234375
HALLMARK_COMPLEMENT,PLA2G7,9606.ENSP00000274793,0.0234375
HALLMARK_COMPLEMENT,RASGRP1,9606.ENSP00000310244,0.0234375
HALLMARK_COMPLEMENT,RHOG,9606.ENSP00000339467,0.0234375
HALLMARK_COMPLEMENT,SH2B3,9606.ENSP00000345492,0.0234375
HALLMARK_COMPLEMENT,APOBEC3F,9606.ENSP00000309749,0.015625
HALLMARK_COMPLEMENT,APOBEC3G,9606.ENSP00000385057,0.015625
HALLMARK_COMPLEMENT,APOC1,9606.ENSP00000465356,0.015625
HALLMARK_COMPLEMENT,CASP4,9606.ENSP00000388566,0.015625
HALLMARK_COMPLEMENT,CDA,9606.ENSP00000364212,0.015625
HALLMARK_COMPLEMENT,CTSV,9606.ENSP00000259470,0.015625
HALLMARK_COMPLEMENT,DOCK4,9606.ENSP00000410746,0.015625
HALLMARK_COMPLEMENT,GZMK,9606.ENSP00000231009,0.015625
HALLMARK_COMPLEMENT,IRF7,9606.ENSP00000380697,0.015625
HALLMARK_COMPLEMENT,PFN1,9606.ENSP00000225655,0.015625
HALLMARK_COMPLEMENT,PPP2CB,9606.ENSP00000221138,0.015625
HALLMARK_COMPLEMENT,PRCP,9606.ENSP00000377055,0.015625
HALLMARK_COMPLEMENT,PREP,9606.ENSP00000499089,0.015625
HALLMARK_COMPLEMENT,PSMB9,9606.ENSP00000363993,0.015625
HALLMARK_COMPLEMENT,USP14,9606.ENSP00000261601,0.015625
HALLMARK_COMPLEMENT,ATOX1,9606.ENSP00000430598,0.0078125
HALLMARK_COMPLEMENT,CALM1,9606.ENSP00000499717,0.0078125
HALLMARK_COMPLEMENT,COL4A2,9606.ENSP00000353654,0.0078125
HALLMARK_COMPLEMENT,CR2,9606.ENSP00000356024,0.0078125
HALLMARK_COMPLEMENT,DGKH,9606.ENSP00000337572,0.0078125
HALLMARK_COMPLEMENT,EHD1,9606.ENSP00000479153,0.0078125
HALLMARK_COMPLEMENT,GATA3,9606.ENSP00000368632,0.0078125
HALLMARK_COMPLEMENT,GPD2,9606.ENSP00000308610,0.0078125
HALLMARK_COMPLEMENT,HSPA1A,9606.ENSP00000364802,0.0078125
HALLMARK_COMPLEMENT,IRF2,9606.ENSP00000377218,0.0078125
HALLMARK_COMPLEMENT,KCNIP3,9606.ENSP00000295225,0.0078125
HALLMARK_COMPLEMENT,LAP3,9606.ENSP00000226299,0.0078125
HALLMARK_COMPLEMENT,NOTCH4,9606.ENSP00000364163,0.0078125
HALLMARK_COMPLEMENT,OLR1,9606.ENSP00000309124,0.0078125
HALLMARK_COMPLEMENT,PIM1,9606.ENSP00000362608,0.0078125
HALLMARK_COMPLEMENT,PLA2G4A,9606.ENSP00000356436,0.0078125
HALLMARK_COMPLEMENT,PPP4C,9606.ENSP00000279387,0.0078125
HALLMARK_COMPLEMENT,RBSN,9606.ENSP00000253699,0.0078125
HALLMARK_COMPLEMENT,S100A9,9606.ENSP00000357727,0.0078125
HALLMARK_COMPLEMENT,TFPI2,9606.ENSP00000222543,0.0078125
HALLMARK_COMPLEMENT,TNFAIP3,9606.ENSP00000481570,0.0078125
HALLMARK_COMPLEMENT,USP15,9606.ENSP00000280377,0.0078125
HALLMARK_COMPLEMENT,XPNPEP1,9606.ENSP00000421566,0.0078125
HALLMARK_COMPLEMENT,ZEB1,9606.ENSP00000354487,0.0078125
HALLMARK_DNA_REPAIR,POLR2C,9606.ENSP00000219252,0.2890625
HALLMARK_DNA_REPAIR,ERCC2,9606.ENSP00000375809,0.28125
HALLMARK_DNA_REPAIR,POLR2F,9606.ENSP00000385725,0.28125
HALLMARK_DNA_REPAIR,POLR2K,9606.ENSP00000342889,0.28125
HALLMARK_DNA_REPAIR,ERCC3,9606.ENSP00000285398,0.2734375
HALLMARK_DNA_REPAIR,GTF2H1,9606.ENSP00000265963,0.265625
HALLMARK_DNA_REPAIR,POLR2I,9606.ENSP00000221859,0.2578125
HALLMARK_DNA_REPAIR,POLR2D,9606.ENSP00000272645,0.25
HALLMARK_DNA_REPAIR,POLR2G,9606.ENSP00000301788,0.25
HALLMARK_DNA_REPAIR,POLR2J,9606.ENSP00000292614,0.25
HALLMARK_DNA_REPAIR,POLR2E,9606.ENSP00000478303,0.2265625
HALLMARK_DNA_REPAIR,POLR2H,9606.ENSP00000415536,0.2265625
HALLMARK_DNA_REPAIR,GTF2B,9606.ENSP00000359531,0.21875
HALLMARK_DNA_REPAIR,POLR2A,9606.ENSP00000461879,0.21875
HALLMARK_DNA_REPAIR,GTF2F1,9606.ENSP00000377969,0.2109375
HALLMARK_DNA_REPAIR,FEN1,9606.ENSP00000305480,0.203125
HALLMARK_DNA_REPAIR,GTF2H5,9606.ENSP00000476100,0.1953125
HALLMARK_DNA_REPAIR,POLD1,9606.ENSP00000472445,0.1953125
HALLMARK_DNA_REPAIR,DDB1,9606.ENSP00000301764,0.1875
HALLMARK_DNA_REPAIR,ERCC8,9606.ENSP00000265038,0.1875
HALLMARK_DNA_REPAIR,GTF2A2,9606.ENSP00000379372,0.1875
HALLMARK_DNA_REPAIR,PCNA,9606.ENSP00000368458,0.1875
HALLMARK_DNA_REPAIR,TAF12,9606.ENSP00000263974,0.1875
HALLMARK_DNA_REPAIR,TAF6,9606.ENSP00000399982,0.1875
HALLMARK_DNA_REPAIR,TAF9,9606.ENSP00000370193,0.1875
HALLMARK_DNA_REPAIR,GTF2H3,9606.ENSP00000445162,0.1796875
HALLMARK_DNA_REPAIR,TAF10,9606.ENSP00000299424,0.1796875
HALLMARK_DNA_REPAIR,TAF13,9606.ENSP00000355051,0.171875
HALLMARK_DNA_REPAIR,TP53,9606.ENSP00000269305,0.171875
HALLMARK_DNA_REPAIR,ERCC1,9606.ENSP00000013807,0.1640625
HALLMARK_DNA_REPAIR,RAD51,9606.ENSP00000493712,0.1640625
HALLMARK_DNA_REPAIR,RPA2,9606.ENSP00000363017,0.1640625
HALLMARK_DNA_REPAIR,LIG1,9606.ENSP00000263274,0.15625
HALLMARK_DNA_REPAIR,ERCC4,9606.ENSP00000310520,0.1484375
HALLMARK_DNA_REPAIR,RFC3,9606.ENSP00000369411,0.1484375
HALLMARK_DNA_REPAIR,TYMS,9606.ENSP00000315644,0.1484375
HALLMARK_DNA_REPAIR,NELFE,9606.ENSP00000364578,0.140625
HALLMARK_DNA_REPAIR,NT5C,9606.ENSP00000245552,0.140625
HALLMARK_DNA_REPAIR,NT5C3A,9606.ENSP00000476480,0.140625
HALLMARK_DNA_REPAIR,POLA1,9606.ENSP00000368358,0.140625
HALLMARK_DNA_REPAIR,POLR1C,9606.ENSP00000496044,0.140625
HALLMARK_DNA_REPAIR,ITPA,9606.ENSP00000369456,0.1328125
HALLMARK_DNA_REPAIR,POLD3,9606.ENSP00000263681,0.1328125
HALLMARK_DNA_REPAIR,RPA3,9606.ENSP00000223129,0.1328125
HALLMARK_DNA_REPAIR,SSRP1,9606.ENSP00000278412,0.1328125
HALLMARK_DNA_REPAIR,SUPT5H,9606.ENSP00000470252,0.1328125
HALLMARK_DNA_REPAIR,NELFB,9606.ENSP00000339495,0.125
HALLMARK_DNA_REPAIR,RFC4,9606.ENSP00000376272,0.125
HALLMARK_DNA_REPAIR,DDB2,9606.ENSP00000256996,0.1171875
HALLMARK_DNA_REPAIR,PRIM1,9606.ENSP00000350491,0.1171875
HALLMARK_DNA_REPAIR,RBX1,9606.ENSP00000216225,0.1171875
HALLMARK_DNA_REPAIR,REV3L,9606.ENSP00000351697,0.1171875
HALLMARK_DNA_REPAIR,RFC2,9606.ENSP00000055077,0.1171875
HALLMARK_DNA_REPAIR,RFC5,9606.ENSP00000408295,0.1171875
HALLMARK_DNA_REPAIR,XPC,9606.ENSP00000285021,0.1171875
HALLMARK_DNA_REPAIR,APRT,9606.ENSP00000367615,0.109375
HALLMARK_DNA_REPAIR,CETN2,9606.ENSP00000359300,0.109375
HALLMARK_DNA_REPAIR,POLA2,9606.ENSP00000265465,0.109375
HALLMARK_DNA_REPAIR,RRM2B,9606.ENSP00000251810,0.1015625
HALLMARK_DNA_REPAIR,CMPK2,9606.ENSP00000256722,0.09375
HALLMARK_DNA_REPAIR,ERCC5,9606.ENSP00000498881,0.09375
HALLMARK_DNA_REPAIR,NCBP2,9606.ENSP00000326806,0.09375
HALLMARK_DNA_REPAIR,RAD52,9606.ENSP00000351284,0.09375
HALLMARK_DNA_REPAIR,BRF2,9606.ENSP00000220659,0.0859375
HALLMARK_DNA_REPAIR,CANT1,9606.ENSP00000307674,0.0859375
HALLMARK_DNA_REPAIR,GUK1,9606.ENSP00000355689,0.0859375
HALLMARK_DNA_REPAIR,NELFCD,9606.ENSP00000473290,0.0859375
HALLMARK_DNA_REPAIR,NME4,9606.ENSP00000219479,0.0859375
HALLMARK_DNA_REPAIR,POLR1D,9606.ENSP00000302478,0.0859375
HALLMARK_DNA_REPAIR,POLR1H,9606.ENSP00000331111,0.0859375
HALLMARK_DNA_REPAIR,AK3,9606.ENSP00000371230,0.078125
HALLMARK_DNA_REPAIR,DGUOK,9606.ENSP00000264093,0.078125
HALLMARK_DNA_REPAIR,DUT,9606.ENSP00000370376,0.078125
HALLMARK_DNA_REPAIR,HPRT1,9606.ENSP00000298556,0.078125
HALLMARK_DNA_REPAIR,NME1,9606.ENSP00000337060,0.078125
HALLMARK_DNA_REPAIR,NME3,9606.ENSP00000219302,0.078125
HALLMARK_DNA_REPAIR,POLE4,9606.ENSP00000420176,0.078125
HALLMARK_DNA_REPAIR,POLR3C,9606.ENSP00000334564,0.078125
HALLMARK_DNA_REPAIR,PNP,9606.ENSP00000354532,0.0703125
HALLMARK_DNA_REPAIR,ELL,9606.ENSP00000262809,0.0625
HALLMARK_DNA_REPAIR,ELOA,9606.ENSP00000395574,0.0625
HALLMARK_DNA_REPAIR,POLR3GL,9606.ENSP00000358320,0.0625
HALLMARK_DNA_REPAIR,TK2,9606.ENSP00000299697,0.0625
HALLMARK_DNA_REPAIR,IMPDH2,9606.ENSP00000321584,0.0546875
HALLMARK_DNA_REPAIR,POLD4,9606.ENSP00000311368,0.0546875
HALLMARK_DNA_REPAIR,ADA,9606.ENSP00000361965,0.046875
HALLMARK_DNA_REPAIR,AK1,9606.ENSP00000223836,0.046875
HALLMARK_DNA_REPAIR,CDA,9606.ENSP00000364212,0.046875
HALLMARK_DNA_REPAIR,PDE6G,9606.ENSP00000328412,0.046875
HALLMARK_DNA_REPAIR,POLB,9606.ENSP00000265421,0.046875
HALLMARK_DNA_REPAIR,POLH,9606.ENSP00000361310,0.046875
HALLMARK_DNA_REPAIR,UMPS,9606.ENSP00000232607,0.046875
HALLMARK_DNA_REPAIR,ALYREF,9606.ENSP00000421592,0.0390625
HALLMARK_DNA_REPAIR,CLP1,9606.ENSP00000434995,0.0390625
HALLMARK_DNA_REPAIR,NUDT21,9606.ENSP00000300291,0.0390625
HALLMARK_DNA_REPAIR,POLL,9606.ENSP00000359181,0.0390625
HALLMARK_DNA_REPAIR,SEC61A1,9606.ENSP00000243253,0.0390625
HALLMARK_DNA_REPAIR,TSG101,9606.ENSP00000251968,0.0390625
HALLMARK_DNA_REPAIR,AGO4,9606.ENSP00000362306,0.03125
HALLMARK_DNA_REPAIR,CSTF3,9606.ENSP00000315791,0.03125
HALLMARK_DNA_REPAIR,DGCR8,9606.ENSP00000263209,0.03125
HALLMARK_DNA_REPAIR,RAE1,9606.ENSP00000379181,0.03125
HALLMARK_DNA_REPAIR,SNAPC5,9606.ENSP00000319597,0.03125
HALLMARK_DNA_REPAIR,ARL6IP1,9606.ENSP00000306788,0.0234375
HALLMARK_DNA_REPAIR,PDE4B,9606.ENSP00000342637,0.0234375
HALLMARK_DNA_REPAIR,SNAPC4,9606.ENSP00000298532,0.0234375
HALLMARK_DNA_REPAIR,SRSF6,9606.ENSP00000244020,0.0234375
HALLMARK_DNA_REPAIR,TARBP2,9606.ENSP00000266987,0.0234375
HALLMARK_DNA_REPAIR,VPS28,9606.ENSP00000366565,0.0234375
HALLMARK_DNA_REPAIR,VPS37B,9606.ENSP00000267202,0.0234375
HALLMARK_DNA_REPAIR,VPS37D,9606.ENSP00000320416,0.0234375
HALLMARK_DNA_REPAIR,ZWINT,9606.ENSP00000363055,0.0234375
HALLMARK_DNA_REPAIR,ADCY6,9606.ENSP00000311405,0.015625
HALLMARK_DNA_REPAIR,GTF3C5,9606.ENSP00000361180,0.015625
HALLMARK_DNA_REPAIR,NPR2,9606.ENSP00000341083,0.015625
HALLMARK_DNA_REPAIR,UPF3B,9606.ENSP00000276201,0.015625
HALLMARK_DNA_REPAIR,USP11,9606.ENSP00000218348,0.015625
HALLMARK_DNA_REPAIR,AAAS,9606.ENSP00000209873,0.0078125
HALLMARK_DNA_REPAIR,BCAP31,9606.ENSP00000392330,0.0078125
HALLMARK_DNA_REPAIR,COX17,9606.ENSP00000261070,0.0078125
HALLMARK_DNA_REPAIR,DAD1,9606.ENSP00000250498,0.0078125
HALLMARK_DNA_REPAIR,GPX4,9606.ENSP00000346103,0.0078125
HALLMARK_DNA_REPAIR,GSDME,9606.ENSP00000339587,0.0078125
HALLMARK_DNA_REPAIR,POM121,9606.ENSP00000378687,0.0078125
HALLMARK_DNA_REPAIR,RNMT,9606.ENSP00000466111,0.0078125
HALLMARK_DNA_REPAIR,SDCBP,9606.ENSP00000428184,0.0078125
HALLMARK_DNA_REPAIR,SF3A3,9606.ENSP00000362110,0.0078125
HALLMARK_DNA_REPAIR,SURF1,9606.ENSP00000361042,0.0078125
HALLMARK_DNA_REPAIR,TAF1C,9606.ENSP00000455265,0.0078125
HALLMARK_E2F_TARGETS,CDK1,9606.ENSP00000378699,0.404371584699454
HALLMARK_E2F_TARGETS,CDC20,9606.ENSP00000361540,0.333333333333333
HALLMARK_E2F_TARGETS,CHEK1,9606.ENSP00000391090,0.327868852459016
HALLMARK_E2F_TARGETS,PLK1,9606.ENSP00000300093,0.311475409836066
HALLMARK_E2F_TARGETS,AURKB,9606.ENSP00000313950,0.300546448087432
HALLMARK_E2F_TARGETS,CCNB2,9606.ENSP00000288207,0.289617486338798
HALLMARK_E2F_TARGETS,BRCA1,9606.ENSP00000418960,0.284153005464481
HALLMARK_E2F_TARGETS,TOP2A,9606.ENSP00000411532,0.284153005464481
HALLMARK_E2F_TARGETS,TP53,9606.ENSP00000269305,0.278688524590164
HALLMARK_E2F_TARGETS,MAD2L1,9606.ENSP00000296509,0.262295081967213
HALLMARK_E2F_TARGETS,BUB1B,9606.ENSP00000287598,0.251366120218579
HALLMARK_E2F_TARGETS,MCM4,9606.ENSP00000262105,0.245901639344262
HALLMARK_E2F_TARGETS,MCM7,9606.ENSP00000307288,0.245901639344262
HALLMARK_E2F_TARGETS,RRM2,9606.ENSP00000353770,0.245901639344262
HALLMARK_E2F_TARGETS,AURKA,9606.ENSP00000216911,0.240437158469945
HALLMARK_E2F_TARGETS,BIRC5,9606.ENSP00000301633,0.240437158469945
HALLMARK_E2F_TARGETS,MCM6,9606.ENSP00000264156,0.229508196721311
HALLMARK_E2F_TARGETS,RPA1,9606.ENSP00000254719,0.229508196721311
HALLMARK_E2F_TARGETS,MCM5,9606.ENSP00000216122,0.224043715846995
HALLMARK_E2F_TARGETS,PCNA,9606.ENSP00000368458,0.224043715846995
HALLMARK_E2F_TARGETS,DLGAP5,9606.ENSP00000247191,0.213114754098361
HALLMARK_E2F_TARGETS,MCM3,9606.ENSP00000480987,0.207650273224044
HALLMARK_E2F_TARGETS,MELK,9606.ENSP00000298048,0.207650273224044
HALLMARK_E2F_TARGETS,RFC3,9606.ENSP00000369411,0.207650273224044
HALLMARK_E2F_TARGETS,MCM2,9606.ENSP00000265056,0.202185792349727
HALLMARK_E2F_TARGETS,CDCA8,9606.ENSP00000362146,0.19672131147541
HALLMARK_E2F_TARGETS,KIF2C,9606.ENSP00000361298,0.19672131147541
HALLMARK_E2F_TARGETS,KIF4A,9606.ENSP00000363524,0.19672131147541
HALLMARK_E2F_TARGETS,BRCA2,9606.ENSP00000369497,0.191256830601093
HALLMARK_E2F_TARGETS,CHEK2,9606.ENSP00000372023,0.191256830601093
HALLMARK_E2F_TARGETS,ESPL1,9606.ENSP00000257934,0.191256830601093
HALLMARK_E2F_TARGETS,RPA2,9606.ENSP00000363017,0.191256830601093
HALLMARK_E2F_TARGETS,POLE,9606.ENSP00000322570,0.185792349726776
HALLMARK_E2F_TARGETS,CDKN3,9606.ENSP00000335357,0.174863387978142
HALLMARK_E2F_TARGETS,CENPE,9606.ENSP00000265148,0.174863387978142
HALLMARK_E2F_TARGETS,POLD1,9606.ENSP00000472445,0.174863387978142
HALLMARK_E2F_TARGETS,HMMR,9606.ENSP00000377492,0.169398907103825
HALLMARK_E2F_TARGETS,CDCA3,9606.ENSP00000442068,0.163934426229508
HALLMARK_E2F_TARGETS,CDK4,9606.ENSP00000257904,0.163934426229508
HALLMARK_E2F_TARGETS,PTTG1,9606.ENSP00000377536,0.163934426229508
HALLMARK_E2F_TARGETS,SMC4,9606.ENSP00000341382,0.163934426229508
HALLMARK_E2F_TARGETS,RACGAP1,9606.ENSP00000404190,0.158469945355191
HALLMARK_E2F_TARGETS,MSH2,9606.ENSP00000233146,0.153005464480874
HALLMARK_E2F_TARGETS,RFC2,9606.ENSP00000055077,0.153005464480874
HALLMARK_E2F_TARGETS,H2AX,9606.ENSP00000434024,0.147540983606557
HALLMARK_E2F_TARGETS,MKI67,9606.ENSP00000357643,0.147540983606557
HALLMARK_E2F_TARGETS,XRCC6,9606.ENSP00000352257,0.147540983606557
HALLMARK_E2F_TARGETS,ASF1B,9606.ENSP00000263382,0.14207650273224
HALLMARK_E2F_TARGETS,RPA3,9606.ENSP00000223129,0.14207650273224
HALLMARK_E2F_TARGETS,SPAG5,9606.ENSP00000323300,0.136612021857924
HALLMARK_E2F_TARGETS,MRE11,9606.ENSP00000325863,0.12568306010929
HALLMARK_E2F_TARGETS,MYC,9606.ENSP00000478887,0.12568306010929
HALLMARK_E2F_TARGETS,POLA2,9606.ENSP00000265465,0.12568306010929
HALLMARK_E2F_TARGETS,LIG1,9606.ENSP00000263274,0.120218579234973
HALLMARK_E2F_TARGETS,PRIM2,9606.ENSP00000484105,0.120218579234973
HALLMARK_E2F_TARGETS,RAD21,9606.ENSP00000297338,0.120218579234973
HALLMARK_E2F_TARGETS,BARD1,9606.ENSP00000260947,0.114754098360656
HALLMARK_E2F_TARGETS,CDC25A,9606.ENSP00000303706,0.114754098360656
HALLMARK_E2F_TARGETS,CDKN1A,9606.ENSP00000384849,0.114754098360656
HALLMARK_E2F_TARGETS,H2AZ1,9606.ENSP00000296417,0.114754098360656
HALLMARK_E2F_TARGETS,PRKDC,9606.ENSP00000313420,0.114754098360656
HALLMARK_E2F_TARGETS,RAD51AP1,9606.ENSP00000228843,0.114754098360656
HALLMARK_E2F_TARGETS,RAD51C,9606.ENSP00000336701,0.114754098360656
HALLMARK_E2F_TARGETS,TK1,9606.ENSP00000468425,0.114754098360656
HALLMARK_E2F_TARGETS,TRIP13,9606.ENSP00000166345,0.114754098360656
HALLMARK_E2F_TARGETS,MLH1,9606.ENSP00000231790,0.109289617486339
HALLMARK_E2F_TARGETS,CKS2,9606.ENSP00000364976,0.103825136612022
HALLMARK_E2F_TARGETS,DEPDC1,9606.ENSP00000412292,0.103825136612022
HALLMARK_E2F_TARGETS,DNMT1,9606.ENSP00000352516,0.103825136612022
HALLMARK_E2F_TARGETS,PLK4,9606.ENSP00000270861,0.103825136612022
HALLMARK_E2F_TARGETS,SMC3,9606.ENSP00000354720,0.103825136612022
HALLMARK_E2F_TARGETS,TIPIN,9606.ENSP00000261881,0.103825136612022
HALLMARK_E2F_TARGETS,CCNE1,9606.ENSP00000262643,0.0983606557377049
HALLMARK_E2F_TARGETS,CDKN2A,9606.ENSP00000418915,0.0983606557377049
HALLMARK_E2F_TARGETS,NBN,9606.ENSP00000265433,0.0983606557377049
HALLMARK_E2F_TARGETS,SPC25,9606.ENSP00000282074,0.0983606557377049
HALLMARK_E2F_TARGETS,CDKN1B,9606.ENSP00000228872,0.092896174863388
HALLMARK_E2F_TARGETS,CENPM,9606.ENSP00000215980,0.092896174863388
HALLMARK_E2F_TARGETS,EZH2,9606.ENSP00000320147,0.092896174863388
HALLMARK_E2F_TARGETS,GINS4,9606.ENSP00000276533,0.092896174863388
HALLMARK_E2F_TARGETS,HUS1,9606.ENSP00000258774,0.092896174863388
HALLMARK_E2F_TARGETS,NCAPD2,9606.ENSP00000325017,0.092896174863388
HALLMARK_E2F_TARGETS,SMC1A,9606.ENSP00000323421,0.092896174863388
HALLMARK_E2F_TARGETS,POLD3,9606.ENSP00000263681,0.087431693989071
HALLMARK_E2F_TARGETS,RFC1,9606.ENSP00000371321,0.087431693989071
HALLMARK_E2F_TARGETS,TACC3,9606.ENSP00000326550,0.087431693989071
HALLMARK_E2F_TARGETS,TIMELESS,9606.ENSP00000450607,0.087431693989071
HALLMARK_E2F_TARGETS,KPNA2,9606.ENSP00000438483,0.0819672131147541
HALLMARK_E2F_TARGETS,WEE1,9606.ENSP00000402084,0.0819672131147541
HALLMARK_E2F_TARGETS,GINS1,9606.ENSP00000262460,0.0765027322404372
HALLMARK_E2F_TARGETS,MYBL2,9606.ENSP00000217026,0.0765027322404372
HALLMARK_E2F_TARGETS,PMS2,9606.ENSP00000265849,0.0765027322404372
HALLMARK_E2F_TARGETS,SRSF1,9606.ENSP00000258962,0.0765027322404372
HALLMARK_E2F_TARGETS,SSRP1,9606.ENSP00000278412,0.0765027322404372
HALLMARK_E2F_TARGETS,CKS1B,9606.ENSP00000311083,0.0710382513661202
HALLMARK_E2F_TARGETS,KIF18B,9606.ENSP00000465992,0.0710382513661202
HALLMARK_E2F_TARGETS,ORC2,9606.ENSP00000234296,0.0710382513661202
HALLMARK_E2F_TARGETS,ORC6,9606.ENSP00000219097,0.0710382513661202
HALLMARK_E2F_TARGETS,RAD50,9606.ENSP00000368100,0.0710382513661202
HALLMARK_E2F_TARGETS,XPO1,9606.ENSP00000384863,0.0710382513661202
HALLMARK_E2F_TARGETS,ASF1A,9606.ENSP00000229595,0.0655737704918033
HALLMARK_E2F_TARGETS,E2F8,9606.ENSP00000250024,0.0655737704918033
HALLMARK_E2F_TARGETS,GINS3,9606.ENSP00000401018,0.0655737704918033
HALLMARK_E2F_TARGETS,KIF22,9606.ENSP00000160827,0.0655737704918033
HALLMARK_E2F_TARGETS,POLD2,9606.ENSP00000480186,0.0655737704918033
HALLMARK_E2F_TARGETS,RBBP7,9606.ENSP00000369424,0.0655737704918033
HALLMARK_E2F_TARGETS,SPC24,9606.ENSP00000465075,0.0655737704918033
HALLMARK_E2F_TARGETS,UBE2S,9606.ENSP00000264552,0.0655737704918033
HALLMARK_E2F_TARGETS,DONSON,9606.ENSP00000307143,0.0601092896174863
HALLMARK_E2F_TARGETS,DSCC1,9606.ENSP00000322180,0.0601092896174863
HALLMARK_E2F_TARGETS,DUT,9606.ENSP00000370376,0.0601092896174863
HALLMARK_E2F_TARGETS,CDC25B,9606.ENSP00000245960,0.0546448087431694
HALLMARK_E2F_TARGETS,CTCF,9606.ENSP00000494538,0.0546448087431694
HALLMARK_E2F_TARGETS,STAG1,9606.ENSP00000372689,0.0546448087431694
HALLMARK_E2F_TARGETS,UBE2T,9606.ENSP00000494957,0.0546448087431694
HALLMARK_E2F_TARGETS,CBX5,9606.ENSP00000209875,0.0491803278688525
HALLMARK_E2F_TARGETS,RAD1,9606.ENSP00000371469,0.0491803278688525
HALLMARK_E2F_TARGETS,HNRNPD,9606.ENSP00000313199,0.0437158469945355
HALLMARK_E2F_TARGETS,NUP153,9606.ENSP00000444029,0.0437158469945355
HALLMARK_E2F_TARGETS,PDS5B,9606.ENSP00000313851,0.0437158469945355
HALLMARK_E2F_TARGETS,SMC6,9606.ENSP00000404092,0.0437158469945355
HALLMARK_E2F_TARGETS,NASP,9606.ENSP00000255120,0.0382513661202186
HALLMARK_E2F_TARGETS,NOP56,9606.ENSP00000370589,0.0382513661202186
HALLMARK_E2F_TARGETS,RAN,9606.ENSP00000446215,0.0382513661202186
HALLMARK_E2F_TARGETS,MMS22L,9606.ENSP00000275053,0.0327868852459016
HALLMARK_E2F_TARGETS,RANBP1,9606.ENSP00000401564,0.0327868852459016
HALLMARK_E2F_TARGETS,SUV39H1,9606.ENSP00000337976,0.0327868852459016
HALLMARK_E2F_TARGETS,SYNCRIP,9606.ENSP00000358635,0.0327868852459016
HALLMARK_E2F_TARGETS,ZW10,9606.ENSP00000200135,0.0327868852459016
HALLMARK_E2F_TARGETS,ATAD2,9606.ENSP00000287394,0.0273224043715847
HALLMARK_E2F_TARGETS,CDKN2C,9606.ENSP00000262662,0.0273224043715847
HALLMARK_E2F_TARGETS,HELLS,9606.ENSP00000377601,0.0273224043715847
HALLMARK_E2F_TARGETS,ILF3,9606.ENSP00000404121,0.0273224043715847
HALLMARK_E2F_TARGETS,LMNB1,9606.ENSP00000261366,0.0273224043715847
HALLMARK_E2F_TARGETS,NME1,9606.ENSP00000337060,0.0273224043715847
HALLMARK_E2F_TARGETS,NUP107,9606.ENSP00000229179,0.0273224043715847
HALLMARK_E2F_TARGETS,SLBP,9606.ENSP00000417686,0.0273224043715847
HALLMARK_E2F_TARGETS,SRSF2,9606.ENSP00000376276,0.0273224043715847
HALLMARK_E2F_TARGETS,TRA2B,9606.ENSP00000416959,0.0273224043715847
HALLMARK_E2F_TARGETS,TUBG1,9606.ENSP00000251413,0.0273224043715847
HALLMARK_E2F_TARGETS,UNG,9606.ENSP00000242576,0.0273224043715847
HALLMARK_E2F_TARGETS,CSE1L,9606.ENSP00000262982,0.0218579234972678
HALLMARK_E2F_TARGETS,DCK,9606.ENSP00000286648,0.0218579234972678
HALLMARK_E2F_TARGETS,EED,9606.ENSP00000338186,0.0218579234972678
HALLMARK_E2F_TARGETS,IPO7,9606.ENSP00000369042,0.0218579234972678
HALLMARK_E2F_TARGETS,LUC7L3,9606.ENSP00000376919,0.0218579234972678
HALLMARK_E2F_TARGETS,POLE4,9606.ENSP00000420176,0.0218579234972678
HALLMARK_E2F_TARGETS,PPM1D,9606.ENSP00000306682,0.0218579234972678
HALLMARK_E2F_TARGETS,SNRPB,9606.ENSP00000412566,0.0218579234972678
HALLMARK_E2F_TARGETS,AK2,9606.ENSP00000499935,0.0163934426229508
HALLMARK_E2F_TARGETS,CCP110,9606.ENSP00000370803,0.0163934426229508
HALLMARK_E2F_TARGETS,DCTPP1,9606.ENSP00000322524,0.0163934426229508
HALLMARK_E2F_TARGETS,ING3,9606.ENSP00000320566,0.0163934426229508
HALLMARK_E2F_TARGETS,LBR,9606.ENSP00000339883,0.0163934426229508
HALLMARK_E2F_TARGETS,PHF5A,9606.ENSP00000216252,0.0163934426229508
HALLMARK_E2F_TARGETS,PNN,9606.ENSP00000216832,0.0163934426229508
HALLMARK_E2F_TARGETS,PSIP1,9606.ENSP00000370114,0.0163934426229508
HALLMARK_E2F_TARGETS,ANP32E,9606.ENSP00000463154,0.0109289617486339
HALLMARK_E2F_TARGETS,BRMS1L,9606.ENSP00000216807,0.0109289617486339
HALLMARK_E2F_TARGETS,CIT,9606.ENSP00000376306,0.0109289617486339
HALLMARK_E2F_TARGETS,HMGA1,9606.ENSP00000399888,0.0109289617486339
HALLMARK_E2F_TARGETS,LYAR,9606.ENSP00000345917,0.0109289617486339
HALLMARK_E2F_TARGETS,NUP205,9606.ENSP00000285968,0.0109289617486339
HALLMARK_E2F_TARGETS,PA2G4,9606.ENSP00000302886,0.0109289617486339
HALLMARK_E2F_TARGETS,SHMT1,9606.ENSP00000318868,0.0109289617486339
HALLMARK_E2F_TARGETS,STMN1,9606.ENSP00000410452,0.0109289617486339
HALLMARK_E2F_TARGETS,TMPO,9606.ENSP00000266732,0.0109289617486339
HALLMARK_E2F_TARGETS,TUBB,9606.ENSP00000339001,0.0109289617486339
HALLMARK_E2F_TARGETS,USP1,9606.ENSP00000343526,0.0109289617486339
HALLMARK_E2F_TARGETS,CTPS1,9606.ENSP00000497744,0.0054644808743169
HALLMARK_E2F_TARGETS,DCLRE1B,9606.ENSP00000498042,0.0054644808743169
HALLMARK_E2F_TARGETS,DDX39A,9606.ENSP00000242776,0.0054644808743169
HALLMARK_E2F_TARGETS,DEK,9606.ENSP00000498653,0.0054644808743169
HALLMARK_E2F_TARGETS,DIAPH3,9606.ENSP00000383178,0.0054644808743169
HALLMARK_E2F_TARGETS,EIF2S1,9606.ENSP00000256383,0.0054644808743169
HALLMARK_E2F_TARGETS,EXOSC8,9606.ENSP00000374354,0.0054644808743169
HALLMARK_E2F_TARGETS,MTHFD2,9606.ENSP00000377617,0.0054644808743169
HALLMARK_E2F_TARGETS,NAP1L1,9606.ENSP00000477538,0.0054644808743169
HALLMARK_E2F_TARGETS,NOLC1,9606.ENSP00000385410,0.0054644808743169
HALLMARK_E2F_TARGETS,NUDT21,9606.ENSP00000300291,0.0054644808743169
HALLMARK_E2F_TARGETS,PAICS,9606.ENSP00000382595,0.0054644808743169
HALLMARK_E2F_TARGETS,POP7,9606.ENSP00000304353,0.0054644808743169
HALLMARK_E2F_TARGETS,PSMC3IP,9606.ENSP00000377384,0.0054644808743169
HALLMARK_E2F_TARGETS,UBR7,9606.ENSP00000013070,0.0054644808743169
HALLMARK_EPITHELIAL_MESENCHYMAL_TRANSITION,FN1,9606.ENSP00000346839,0.450980392156863
HALLMARK_EPITHELIAL_MESENCHYMAL_TRANSITION,COL1A1,9606.ENSP00000225964,0.38562091503268
HALLMARK_EPITHELIAL_MESENCHYMAL_TRANSITION,COL1A2,9606.ENSP00000297268,0.333333333333333
HALLMARK_EPITHELIAL_MESENCHYMAL_TRANSITION,CD44,9606.ENSP00000398632,0.287581699346405
HALLMARK_EPITHELIAL_MESENCHYMAL_TRANSITION,TGFB1,9606.ENSP00000221930,0.26797385620915
HALLMARK_EPITHELIAL_MESENCHYMAL_TRANSITION,COL3A1,9606.ENSP00000304408,0.261437908496732
HALLMARK_EPITHELIAL_MESENCHYMAL_TRANSITION,ITGB1,9606.ENSP00000379350,0.254901960784314
HALLMARK_EPITHELIAL_MESENCHYMAL_TRANSITION,MMP2,9606.ENSP00000219070,0.235294117647059
HALLMARK_EPITHELIAL_MESENCHYMAL_TRANSITION,BGN,9606.ENSP00000327336,0.215686274509804
HALLMARK_EPITHELIAL_MESENCHYMAL_TRANSITION,COL4A1,9606.ENSP00000364979,0.215686274509804
HALLMARK_EPITHELIAL_MESENCHYMAL_TRANSITION,COL6A2,9606.ENSP00000300527,0.202614379084967
HALLMARK_EPITHELIAL_MESENCHYMAL_TRANSITION,COL5A1,9606.ENSP00000360882,0.196078431372549
HALLMARK_EPITHELIAL_MESENCHYMAL_TRANSITION,FBN1,9606.ENSP00000325527,0.196078431372549
HALLMARK_EPITHELIAL_MESENCHYMAL_TRANSITION,ITGAV,9606.ENSP00000261023,0.196078431372549
HALLMARK_EPITHELIAL_MESENCHYMAL_TRANSITION,THBS1,9606.ENSP00000260356,0.196078431372549
HALLMARK_EPITHELIAL_MESENCHYMAL_TRANSITION,ITGB3,9606.ENSP00000452786,0.189542483660131
HALLMARK_EPITHELIAL_MESENCHYMAL_TRANSITION,DCN,9606.ENSP00000052754,0.183006535947712
HALLMARK_EPITHELIAL_MESENCHYMAL_TRANSITION,ITGA5,9606.ENSP00000293379,0.183006535947712
HALLMARK_EPITHELIAL_MESENCHYMAL_TRANSITION,COL4A2,9606.ENSP00000353654,0.176470588235294
HALLMARK_EPITHELIAL_MESENCHYMAL_TRANSITION,COL6A3,9606.ENSP00000295550,0.176470588235294
HALLMARK_EPITHELIAL_MESENCHYMAL_TRANSITION,ELN,9606.ENSP00000351807,0.176470588235294
HALLMARK_EPITHELIAL_MESENCHYMAL_TRANSITION,IL6,9606.ENSP00000385675,0.176470588235294
HALLMARK_EPITHELIAL_MESENCHYMAL_TRANSITION,ITGA2,9606.ENSP00000296585,0.169934640522876
HALLMARK_EPITHELIAL_MESENCHYMAL_TRANSITION,LUM,9606.ENSP00000266718,0.169934640522876
HALLMARK_EPITHELIAL_MESENCHYMAL_TRANSITION,CCN2,9606.ENSP00000356954,0.163398692810458
HALLMARK_EPITHELIAL_MESENCHYMAL_TRANSITION,COL5A2,9606.ENSP00000364000,0.163398692810458
HALLMARK_EPITHELIAL_MESENCHYMAL_TRANSITION,ITGB5,9606.ENSP00000296181,0.163398692810458
HALLMARK_EPITHELIAL_MESENCHYMAL_TRANSITION,POSTN,9606.ENSP00000369071,0.163398692810458
HALLMARK_EPITHELIAL_MESENCHYMAL_TRANSITION,THBS2,9606.ENSP00000355751,0.163398692810458
HALLMARK_EPITHELIAL_MESENCHYMAL_TRANSITION,FGF2,9606.ENSP00000264498,0.150326797385621
HALLMARK_EPITHELIAL_MESENCHYMAL_TRANSITION,SDC1,9606.ENSP00000370542,0.150326797385621
HALLMARK_EPITHELIAL_MESENCHYMAL_TRANSITION,SPP1,9606.ENSP00000378517,0.143790849673203
HALLMARK_EPITHELIAL_MESENCHYMAL_TRANSITION,COL12A1,9606.ENSP00000325146,0.137254901960784
HALLMARK_EPITHELIAL_MESENCHYMAL_TRANSITION,CXCL8,9606.ENSP00000306512,0.137254901960784
HALLMARK_EPITHELIAL_MESENCHYMAL_TRANSITION,LAMC1,9606.ENSP00000258341,0.130718954248366
HALLMARK_EPITHELIAL_MESENCHYMAL_TRANSITION,LOX,9606.ENSP00000231004,0.124183006535948
HALLMARK_EPITHELIAL_MESENCHYMAL_TRANSITION,TIMP1,9606.ENSP00000218388,0.124183006535948
HALLMARK_EPITHELIAL_MESENCHYMAL_TRANSITION,SDC4,9606.ENSP00000361818,0.117647058823529
HALLMARK_EPITHELIAL_MESENCHYMAL_TRANSITION,SPARC,9606.ENSP00000231061,0.117647058823529
HALLMARK_EPITHELIAL_MESENCHYMAL_TRANSITION,MMP1,9606.ENSP00000322788,0.111111111111111
HALLMARK_EPITHELIAL_MESENCHYMAL_TRANSITION,CXCL12,9606.ENSP00000379140,0.104575163398693
HALLMARK_EPITHELIAL_MESENCHYMAL_TRANSITION,PLOD1,9606.ENSP00000196061,0.104575163398693
HALLMARK_EPITHELIAL_MESENCHYMAL_TRANSITION,ACTA2,9606.ENSP00000224784,0.0980392156862745
HALLMARK_EPITHELIAL_MESENCHYMAL_TRANSITION,COL11A1,9606.ENSP00000359114,0.0980392156862745
HALLMARK_EPITHELIAL_MESENCHYMAL_TRANSITION,LAMA2,9606.ENSP00000400365,0.0980392156862745
HALLMARK_EPITHELIAL_MESENCHYMAL_TRANSITION,MMP3,9606.ENSP00000299855,0.0980392156862745
HALLMARK_EPITHELIAL_MESENCHYMAL_TRANSITION,PDGFRB,9606.ENSP00000261799,0.0980392156862745
HALLMARK_EPITHELIAL_MESENCHYMAL_TRANSITION,SERPINH1,9606.ENSP00000434412,0.0980392156862745
HALLMARK_EPITHELIAL_MESENCHYMAL_TRANSITION,VCAN,9606.ENSP00000265077,0.0980392156862745
HALLMARK_EPITHELIAL_MESENCHYMAL_TRANSITION,COL16A1,9606.ENSP00000362776,0.0915032679738562
HALLMARK_EPITHELIAL_MESENCHYMAL_TRANSITION,SERPINE1,9606.ENSP00000223095,0.0915032679738562
HALLMARK_EPITHELIAL_MESENCHYMAL_TRANSITION,VCAM1,9606.ENSP00000294728,0.0849673202614379
HALLMARK_EPITHELIAL_MESENCHYMAL_TRANSITION,BMP1,9606.ENSP00000305714,0.0784313725490196
HALLMARK_EPITHELIAL_MESENCHYMAL_TRANSITION,COL5A3,9606.ENSP00000264828,0.0784313725490196
HALLMARK_EPITHELIAL_MESENCHYMAL_TRANSITION,COMP,9606.ENSP00000222271,0.0784313725490196
HALLMARK_EPITHELIAL_MESENCHYMAL_TRANSITION,FBLN2,9606.ENSP00000384169,0.0784313725490196
HALLMARK_EPITHELIAL_MESENCHYMAL_TRANSITION,LAMA1,9606.ENSP00000374309,0.0784313725490196
HALLMARK_EPITHELIAL_MESENCHYMAL_TRANSITION,LAMA3,9606.ENSP00000324532,0.0784313725490196
HALLMARK_EPITHELIAL_MESENCHYMAL_TRANSITION,PLOD2,9606.ENSP00000282903,0.0784313725490196
HALLMARK_EPITHELIAL_MESENCHYMAL_TRANSITION,CDH2,9606.ENSP00000269141,0.0718954248366013
HALLMARK_EPITHELIAL_MESENCHYMAL_TRANSITION,FBLN5,9606.ENSP00000345008,0.0718954248366013
HALLMARK_EPITHELIAL_MESENCHYMAL_TRANSITION,GPC1,9606.ENSP00000264039,0.0718954248366013
HALLMARK_EPITHELIAL_MESENCHYMAL_TRANSITION,LAMC2,9606.ENSP00000264144,0.0718954248366013
HALLMARK_EPITHELIAL_MESENCHYMAL_TRANSITION,THY1,9606.ENSP00000284240,0.0718954248366013
HALLMARK_EPITHELIAL_MESENCHYMAL_TRANSITION,FMOD,9606.ENSP00000347041,0.065359477124183
HALLMARK_EPITHELIAL_MESENCHYMAL_TRANSITION,P3H1,9606.ENSP00000236040,0.065359477124183
HALLMARK_EPITHELIAL_MESENCHYMAL_TRANSITION,PCOLCE,9606.ENSP00000223061,0.065359477124183
HALLMARK_EPITHELIAL_MESENCHYMAL_TRANSITION,FLNA,9606.ENSP00000358866,0.0588235294117647
HALLMARK_EPITHELIAL_MESENCHYMAL_TRANSITION,JUN,9606.ENSP00000360266,0.0588235294117647
HALLMARK_EPITHELIAL_MESENCHYMAL_TRANSITION,MFAP5,9606.ENSP00000352455,0.0588235294117647
HALLMARK_EPITHELIAL_MESENCHYMAL_TRANSITION,TAGLN,9606.ENSP00000376678,0.0588235294117647
HALLMARK_EPITHELIAL_MESENCHYMAL_TRANSITION,TNC,9606.ENSP00000265131,0.0588235294117647
HALLMARK_EPITHELIAL_MESENCHYMAL_TRANSITION,COLGALT1,9606.ENSP00000252599,0.0522875816993464
HALLMARK_EPITHELIAL_MESENCHYMAL_TRANSITION,CXCL1,9606.ENSP00000379110,0.0522875816993464
HALLMARK_EPITHELIAL_MESENCHYMAL_TRANSITION,IGFBP3,9606.ENSP00000370473,0.0522875816993464
HALLMARK_EPITHELIAL_MESENCHYMAL_TRANSITION,NID2,9606.ENSP00000216286,0.0522875816993464
HALLMARK_EPITHELIAL_MESENCHYMAL_TRANSITION,PLOD3,9606.ENSP00000223127,0.0522875816993464
HALLMARK_EPITHELIAL_MESENCHYMAL_TRANSITION,TIMP3,9606.ENSP00000266085,0.0522875816993464
HALLMARK_EPITHELIAL_MESENCHYMAL_TRANSITION,EFEMP2,9606.ENSP00000309953,0.0457516339869281
HALLMARK_EPITHELIAL_MESENCHYMAL_TRANSITION,FBLN1,9606.ENSP00000331544,0.0457516339869281
HALLMARK_EPITHELIAL_MESENCHYMAL_TRANSITION,MMP14,9606.ENSP00000308208,0.0457516339869281
HALLMARK_EPITHELIAL_MESENCHYMAL_TRANSITION,MYL9,9606.ENSP00000279022,0.0457516339869281
HALLMARK_EPITHELIAL_MESENCHYMAL_TRANSITION,MYLK,9606.ENSP00000353452,0.0457516339869281
HALLMARK_EPITHELIAL_MESENCHYMAL_TRANSITION,SNAI2,9606.ENSP00000020945,0.0457516339869281
HALLMARK_EPITHELIAL_MESENCHYMAL_TRANSITION,TPM1,9606.ENSP00000351022,0.0457516339869281
HALLMARK_EPITHELIAL_MESENCHYMAL_TRANSITION,VIM,9606.ENSP00000446007,0.0457516339869281
HALLMARK_EPITHELIAL_MESENCHYMAL_TRANSITION,CALD1,9606.ENSP00000354826,0.0392156862745098
HALLMARK_EPITHELIAL_MESENCHYMAL_TRANSITION,COL7A1,9606.ENSP00000332371,0.0392156862745098
HALLMARK_EPITHELIAL_MESENCHYMAL_TRANSITION,FBN2,9606.ENSP00000424571,0.0392156862745098
HALLMARK_EPITHELIAL_MESENCHYMAL_TRANSITION,LOXL1,9606.ENSP00000261921,0.0392156862745098
HALLMARK_EPITHELIAL_MESENCHYMAL_TRANSITION,NT5E,9606.ENSP00000257770,0.0392156862745098
HALLMARK_EPITHELIAL_MESENCHYMAL_TRANSITION,PLAUR,9606.ENSP00000339328,0.0392156862745098
HALLMARK_EPITHELIAL_MESENCHYMAL_TRANSITION,SGCG,9606.ENSP00000218867,0.0392156862745098
HALLMARK_EPITHELIAL_MESENCHYMAL_TRANSITION,TPM2,9606.ENSP00000496494,0.0392156862745098
HALLMARK_EPITHELIAL_MESENCHYMAL_TRANSITION,FZD8,9606.ENSP00000363826,0.0326797385620915
HALLMARK_EPITHELIAL_MESENCHYMAL_TRANSITION,LOXL2,9606.ENSP00000373783,0.0326797385620915
HALLMARK_EPITHELIAL_MESENCHYMAL_TRANSITION,LRP1,9606.ENSP00000243077,0.0326797385620915
HALLMARK_EPITHELIAL_MESENCHYMAL_TRANSITION,TGFBI,9606.ENSP00000416330,0.0326797385620915
HALLMARK_EPITHELIAL_MESENCHYMAL_TRANSITION,ANPEP,9606.ENSP00000300060,0.0261437908496732
HALLMARK_EPITHELIAL_MESENCHYMAL_TRANSITION,GJA1,9606.ENSP00000282561,0.0261437908496732
HALLMARK_EPITHELIAL_MESENCHYMAL_TRANSITION,IL15,9606.ENSP00000296545,0.0261437908496732
HALLMARK_EPITHELIAL_MESENCHYMAL_TRANSITION,LGALS1,9606.ENSP00000215909,0.0261437908496732
HALLMARK_EPITHELIAL_MESENCHYMAL_TRANSITION,PPIB,9606.ENSP00000300026,0.0261437908496732
HALLMARK_EPITHELIAL_MESENCHYMAL_TRANSITION,SGCB,9606.ENSP00000370839,0.0261437908496732
HALLMARK_EPITHELIAL_MESENCHYMAL_TRANSITION,SGCD,9606.ENSP00000338343,0.0261437908496732
HALLMARK_EPITHELIAL_MESENCHYMAL_TRANSITION,VEGFC,9606.ENSP00000480043,0.0261437908496732
HALLMARK_EPITHELIAL_MESENCHYMAL_TRANSITION,WNT5A,9606.ENSP00000264634,0.0261437908496732
HALLMARK_EPITHELIAL_MESENCHYMAL_TRANSITION,CCN1,9606.ENSP00000398736,0.0196078431372549
HALLMARK_EPITHELIAL_MESENCHYMAL_TRANSITION,DKK1,9606.ENSP00000363081,0.0196078431372549
HALLMARK_EPITHELIAL_MESENCHYMAL_TRANSITION,FERMT2,9606.ENSP00000342858,0.0196078431372549
HALLMARK_EPITHELIAL_MESENCHYMAL_TRANSITION,SFRP1,9606.ENSP00000220772,0.0196078431372549
HALLMARK_EPITHELIAL_MESENCHYMAL_TRANSITION,SNTB1,9606.ENSP00000378965,0.0196078431372549
HALLMARK_EPITHELIAL_MESENCHYMAL_TRANSITION,TPM4,9606.ENSP00000494125,0.0196078431372549
HALLMARK_EPITHELIAL_MESENCHYMAL_TRANSITION,CDH11,9606.ENSP00000268603,0.0130718954248366
HALLMARK_EPITHELIAL_MESENCHYMAL_TRANSITION,CDH6,9606.ENSP00000265071,0.0130718954248366
HALLMARK_EPITHELIAL_MESENCHYMAL_TRANSITION,COL8A2,9606.ENSP00000380901,0.0130718954248366
HALLMARK_EPITHELIAL_MESENCHYMAL_TRANSITION,CTHRC1,9606.ENSP00000330523,0.0130718954248366
HALLMARK_EPITHELIAL_MESENCHYMAL_TRANSITION,ECM1,9606.ENSP00000358045,0.0130718954248366
HALLMARK_EPITHELIAL_MESENCHYMAL_TRANSITION,FSTL1,9606.ENSP00000295633,0.0130718954248366
HALLMARK_EPITHELIAL_MESENCHYMAL_TRANSITION,GADD45B,9606.ENSP00000215631,0.0130718954248366
HALLMARK_EPITHELIAL_MESENCHYMAL_TRANSITION,INHBA,9606.ENSP00000242208,0.0130718954248366
HALLMARK_EPITHELIAL_MESENCHYMAL_TRANSITION,MGP,9606.ENSP00000228938,0.0130718954248366
HALLMARK_EPITHELIAL_MESENCHYMAL_TRANSITION,PTX3,9606.ENSP00000295927,0.0130718954248366
HALLMARK_EPITHELIAL_MESENCHYMAL_TRANSITION,SFRP4,9606.ENSP00000410715,0.0130718954248366
HALLMARK_EPITHELIAL_MESENCHYMAL_TRANSITION,SLIT2,9606.ENSP00000422591,0.0130718954248366
HALLMARK_EPITHELIAL_MESENCHYMAL_TRANSITION,TGM2,9606.ENSP00000355330,0.0130718954248366
HALLMARK_EPITHELIAL_MESENCHYMAL_TRANSITION,TNFAIP3,9606.ENSP00000481570,0.0130718954248366
HALLMARK_EPITHELIAL_MESENCHYMAL_TRANSITION,ADAM12,9606.ENSP00000357668,0.0065359477124183
HALLMARK_EPITHELIAL_MESENCHYMAL_TRANSITION,AREG,9606.ENSP00000379097,0.0065359477124183
HALLMARK_EPITHELIAL_MESENCHYMAL_TRANSITION,CADM1,9606.ENSP00000329797,0.0065359477124183
HALLMARK_EPITHELIAL_MESENCHYMAL_TRANSITION,CD59,9606.ENSP00000498879,0.0065359477124183
HALLMARK_EPITHELIAL_MESENCHYMAL_TRANSITION,DAB2,9606.ENSP00000313391,0.0065359477124183
HALLMARK_EPITHELIAL_MESENCHYMAL_TRANSITION,DPYSL3,9606.ENSP00000343690,0.0065359477124183
HALLMARK_EPITHELIAL_MESENCHYMAL_TRANSITION,DST,9606.ENSP00000307959,0.0065359477124183
HALLMARK_EPITHELIAL_MESENCHYMAL_TRANSITION,EMP3,9606.ENSP00000469194,0.0065359477124183
HALLMARK_EPITHELIAL_MESENCHYMAL_TRANSITION,FAP,9606.ENSP00000188790,0.0065359477124183
HALLMARK_EPITHELIAL_MESENCHYMAL_TRANSITION,FAS,9606.ENSP00000498466,0.0065359477124183
HALLMARK_EPITHELIAL_MESENCHYMAL_TRANSITION,FOXC2,9606.ENSP00000497759,0.0065359477124183
HALLMARK_EPITHELIAL_MESENCHYMAL_TRANSITION,FSTL3,9606.ENSP00000166139,0.0065359477124183
HALLMARK_EPITHELIAL_MESENCHYMAL_TRANSITION,GADD45A,9606.ENSP00000360025,0.0065359477124183
HALLMARK_EPITHELIAL_MESENCHYMAL_TRANSITION,GPX7,9606.ENSP00000354677,0.0065359477124183
HALLMARK_EPITHELIAL_MESENCHYMAL_TRANSITION,IGFBP2,9606.ENSP00000233809,0.0065359477124183
HALLMARK_EPITHELIAL_MESENCHYMAL_TRANSITION,IGFBP4,9606.ENSP00000269593,0.0065359477124183
HALLMARK_EPITHELIAL_MESENCHYMAL_TRANSITION,IL32,9606.ENSP00000431775,0.0065359477124183
HALLMARK_EPITHELIAL_MESENCHYMAL_TRANSITION,MATN3,9606.ENSP00000383894,0.0065359477124183
HALLMARK_EPITHELIAL_MESENCHYMAL_TRANSITION,OXTR,9606.ENSP00000324270,0.0065359477124183
HALLMARK_EPITHELIAL_MESENCHYMAL_TRANSITION,PCOLCE2,9606.ENSP00000295992,0.0065359477124183
HALLMARK_EPITHELIAL_MESENCHYMAL_TRANSITION,PDLIM4,9606.ENSP00000253754,0.0065359477124183
HALLMARK_EPITHELIAL_MESENCHYMAL_TRANSITION,PTHLH,9606.ENSP00000441765,0.0065359477124183
HALLMARK_EPITHELIAL_MESENCHYMAL_TRANSITION,SERPINE2,9606.ENSP00000415786,0.0065359477124183
HALLMARK_EPITHELIAL_MESENCHYMAL_TRANSITION,SLIT3,9606.ENSP00000332164,0.0065359477124183
HALLMARK_EPITHELIAL_MESENCHYMAL_TRANSITION,SPOCK1,9606.ENSP00000378401,0.0065359477124183
HALLMARK_EPITHELIAL_MESENCHYMAL_TRANSITION,TGFBR3,9606.ENSP00000212355,0.0065359477124183
HALLMARK_EPITHELIAL_MESENCHYMAL_TRANSITION,TNFRSF11B,9606.ENSP00000297350,0.0065359477124183
HALLMARK_ESTROGEN_RESPONSE_EARLY,AR,9606.ENSP00000363822,0.146666666666667
HALLMARK_ESTROGEN_RESPONSE_EARLY,MYC,9606.ENSP00000478887,0.133333333333333
HALLMARK_ESTROGEN_RESPONSE_EARLY,BCL2,9606.ENSP00000381185,0.12
HALLMARK_ESTROGEN_RESPONSE_EARLY,PGR,9606.ENSP00000325120,0.12
HALLMARK_ESTROGEN_RESPONSE_EARLY,FOS,9606.ENSP00000306245,0.106666666666667
HALLMARK_ESTROGEN_RESPONSE_EARLY,CCND1,9606.ENSP00000227507,0.0933333333333333
HALLMARK_ESTROGEN_RESPONSE_EARLY,JAK2,9606.ENSP00000371067,0.08
HALLMARK_ESTROGEN_RESPONSE_EARLY,CD44,9606.ENSP00000398632,0.0666666666666667
HALLMARK_ESTROGEN_RESPONSE_EARLY,IGF1R,9606.ENSP00000497069,0.0666666666666667
HALLMARK_ESTROGEN_RESPONSE_EARLY,NCOR2,9606.ENSP00000384018,0.0666666666666667
HALLMARK_ESTROGEN_RESPONSE_EARLY,DHCR7,9606.ENSP00000347717,0.0533333333333333
HALLMARK_ESTROGEN_RESPONSE_EARLY,FKBP5,9606.ENSP00000444810,0.0533333333333333
HALLMARK_ESTROGEN_RESPONSE_EARLY,CLDN7,9606.ENSP00000353475,0.04
HALLMARK_ESTROGEN_RESPONSE_EARLY,CXCL12,9606.ENSP00000379140,0.04
HALLMARK_ESTROGEN_RESPONSE_EARLY,FKBP4,9606.ENSP00000001008,0.04
HALLMARK_ESTROGEN_RESPONSE_EARLY,KRT19,9606.ENSP00000355124,0.04
HALLMARK_ESTROGEN_RESPONSE_EARLY,RARA,9606.ENSP00000254066,0.04
HALLMARK_ESTROGEN_RESPONSE_EARLY,SCARB1,9606.ENSP00000261693,0.04
HALLMARK_ESTROGEN_RESPONSE_EARLY,TFF1,9606.ENSP00000291527,0.04
HALLMARK_ESTROGEN_RESPONSE_EARLY,BAG1,9606.ENSP00000489189,0.0266666666666667
HALLMARK_ESTROGEN_RESPONSE_EARLY,FASN,9606.ENSP00000304592,0.0266666666666667
HALLMARK_ESTROGEN_RESPONSE_EARLY,GREB1,9606.ENSP00000370896,0.0266666666666667
HALLMARK_ESTROGEN_RESPONSE_EARLY,KLF4,9606.ENSP00000363804,0.0266666666666667
HALLMARK_ESTROGEN_RESPONSE_EARLY,KRT18,9606.ENSP00000373489,0.0266666666666667
HALLMARK_ESTROGEN_RESPONSE_EARLY,KRT8,9606.ENSP00000449404,0.0266666666666667
HALLMARK_ESTROGEN_RESPONSE_EARLY,MAPT,9606.ENSP00000340820,0.0266666666666667
HALLMARK_ESTROGEN_RESPONSE_EARLY,MUC1,9606.ENSP00000484824,0.0266666666666667
HALLMARK_ESTROGEN_RESPONSE_EARLY,MYB,9606.ENSP00000339992,0.0266666666666667
HALLMARK_ESTROGEN_RESPONSE_EARLY,MYBBP1A,9606.ENSP00000370968,0.0266666666666667
HALLMARK_ESTROGEN_RESPONSE_EARLY,NRIP1,9606.ENSP00000327213,0.0266666666666667
HALLMARK_ESTROGEN_RESPONSE_EARLY,RET,9606.ENSP00000347942,0.0266666666666667
HALLMARK_ESTROGEN_RESPONSE_EARLY,SIAH2,9606.ENSP00000322457,0.0266666666666667
HALLMARK_ESTROGEN_RESPONSE_EARLY,SLC26A2,9606.ENSP00000286298,0.0266666666666667
HALLMARK_ESTROGEN_RESPONSE_EARLY,TUBB2B,9606.ENSP00000259818,0.0266666666666667
HALLMARK_ESTROGEN_RESPONSE_EARLY,ABAT,9606.ENSP00000379845,0.0133333333333333
HALLMARK_ESTROGEN_RESPONSE_EARLY,ADCY1,9606.ENSP00000297323,0.0133333333333333
HALLMARK_ESTROGEN_RESPONSE_EARLY,ADCY9,9606.ENSP00000294016,0.0133333333333333
HALLMARK_ESTROGEN_RESPONSE_EARLY,AKAP1,9606.ENSP00000478212,0.0133333333333333
HALLMARK_ESTROGEN_RESPONSE_EARLY,ALDH3B1,9606.ENSP00000473990,0.0133333333333333
HALLMARK_ESTROGEN_RESPONSE_EARLY,AREG,9606.ENSP00000379097,0.0133333333333333
HALLMARK_ESTROGEN_RESPONSE_EARLY,ARL3,9606.ENSP00000260746,0.0133333333333333
HALLMARK_ESTROGEN_RESPONSE_EARLY,CANT1,9606.ENSP00000307674,0.0133333333333333
HALLMARK_ESTROGEN_RESPONSE_EARLY,CHPT1,9606.ENSP00000229266,0.0133333333333333
HALLMARK_ESTROGEN_RESPONSE_EARLY,CISH,9606.ENSP00000409346,0.0133333333333333
HALLMARK_ESTROGEN_RESPONSE_EARLY,EGR3,9606.ENSP00000318057,0.0133333333333333
HALLMARK_ESTROGEN_RESPONSE_EARLY,FDFT1,9606.ENSP00000491537,0.0133333333333333
HALLMARK_ESTROGEN_RESPONSE_EARLY,FHL2,9606.ENSP00000386892,0.0133333333333333
HALLMARK_ESTROGEN_RESPONSE_EARLY,FLNB,9606.ENSP00000420213,0.0133333333333333
HALLMARK_ESTROGEN_RESPONSE_EARLY,GAB2,9606.ENSP00000354952,0.0133333333333333
HALLMARK_ESTROGEN_RESPONSE_EARLY,GFRA1,9606.ENSP00000347591,0.0133333333333333
HALLMARK_ESTROGEN_RESPONSE_EARLY,GJA1,9606.ENSP00000282561,0.0133333333333333
HALLMARK_ESTROGEN_RESPONSE_EARLY,IL6ST,9606.ENSP00000370698,0.0133333333333333
HALLMARK_ESTROGEN_RESPONSE_EARLY,LRIG1,9606.ENSP00000273261,0.0133333333333333
HALLMARK_ESTROGEN_RESPONSE_EARLY,MED13L,9606.ENSP00000281928,0.0133333333333333
HALLMARK_ESTROGEN_RESPONSE_EARLY,MED24,9606.ENSP00000440100,0.0133333333333333
HALLMARK_ESTROGEN_RESPONSE_EARLY,MLPH,9606.ENSP00000264605,0.0133333333333333
HALLMARK_ESTROGEN_RESPONSE_EARLY,MREG,9606.ENSP00000263268,0.0133333333333333
HALLMARK_ESTROGEN_RESPONSE_EARLY,NADSYN1,9606.ENSP00000326424,0.0133333333333333
HALLMARK_ESTROGEN_RESPONSE_EARLY,PAPSS2,9606.ENSP00000406157,0.0133333333333333
HALLMARK_ESTROGEN_RESPONSE_EARLY,PDZK1,9606.ENSP00000342143,0.0133333333333333
HALLMARK_ESTROGEN_RESPONSE_EARLY,PLAAT3,9606.ENSP00000320337,0.0133333333333333
HALLMARK_ESTROGEN_RESPONSE_EARLY,PMAIP1,9606.ENSP00000326119,0.0133333333333333
HALLMARK_ESTROGEN_RESPONSE_EARLY,PPIF,9606.ENSP00000225174,0.0133333333333333
HALLMARK_ESTROGEN_RESPONSE_EARLY,RPS6KA2,9606.ENSP00000422435,0.0133333333333333
HALLMARK_ESTROGEN_RESPONSE_EARLY,RRP12,9606.ENSP00000446184,0.0133333333333333
HALLMARK_ESTROGEN_RESPONSE_EARLY,SFN,9606.ENSP00000340989,0.0133333333333333
HALLMARK_ESTROGEN_RESPONSE_EARLY,SLC2A1,9606.ENSP00000416293,0.0133333333333333
HALLMARK_ESTROGEN_RESPONSE_EARLY,SLC7A5,9606.ENSP00000261622,0.0133333333333333
HALLMARK_ESTROGEN_RESPONSE_EARLY,SULT2B1,9606.ENSP00000201586,0.0133333333333333
HALLMARK_ESTROGEN_RESPONSE_EARLY,TFAP2C,9606.ENSP00000201031,0.0133333333333333
HALLMARK_ESTROGEN_RESPONSE_EARLY,TFF3,9606.ENSP00000430690,0.0133333333333333
HALLMARK_ESTROGEN_RESPONSE_EARLY,TIAM1,9606.ENSP00000286827,0.0133333333333333
HALLMARK_ESTROGEN_RESPONSE_EARLY,TJP3,9606.ENSP00000465419,0.0133333333333333
HALLMARK_ESTROGEN_RESPONSE_EARLY,UNC119,9606.ENSP00000337040,0.0133333333333333
HALLMARK_ESTROGEN_RESPONSE_EARLY,WFS1,9606.ENSP00000226760,0.0133333333333333
HALLMARK_ESTROGEN_RESPONSE_EARLY,XBP1,9606.ENSP00000216037,0.0133333333333333
HALLMARK_ESTROGEN_RESPONSE_LATE,JAK2,9606.ENSP00000371067,0.104166666666667
HALLMARK_ESTROGEN_RESPONSE_LATE,FOS,9606.ENSP00000306245,0.09375
HALLMARK_ESTROGEN_RESPONSE_LATE,CDH1,9606.ENSP00000261769,0.0833333333333333
HALLMARK_ESTROGEN_RESPONSE_LATE,BCL2,9606.ENSP00000381185,0.0729166666666667
HALLMARK_ESTROGEN_RESPONSE_LATE,PGR,9606.ENSP00000325120,0.0729166666666667
HALLMARK_ESTROGEN_RESPONSE_LATE,CCND1,9606.ENSP00000227507,0.0625
HALLMARK_ESTROGEN_RESPONSE_LATE,CAV1,9606.ENSP00000339191,0.0520833333333333
HALLMARK_ESTROGEN_RESPONSE_LATE,CD44,9606.ENSP00000398632,0.0520833333333333
HALLMARK_ESTROGEN_RESPONSE_LATE,CDC20,9606.ENSP00000361540,0.0520833333333333
HALLMARK_ESTROGEN_RESPONSE_LATE,CXCL12,9606.ENSP00000379140,0.0520833333333333
HALLMARK_ESTROGEN_RESPONSE_LATE,JAK1,9606.ENSP00000499900,0.0520833333333333
HALLMARK_ESTROGEN_RESPONSE_LATE,TOP2A,9606.ENSP00000411532,0.0520833333333333
HALLMARK_ESTROGEN_RESPONSE_LATE,CDC6,9606.ENSP00000209728,0.0416666666666667
HALLMARK_ESTROGEN_RESPONSE_LATE,FKBP5,9606.ENSP00000444810,0.0416666666666667
HALLMARK_ESTROGEN_RESPONSE_LATE,PLK4,9606.ENSP00000270861,0.0416666666666667
HALLMARK_ESTROGEN_RESPONSE_LATE,CCNA1,9606.ENSP00000255465,0.03125
HALLMARK_ESTROGEN_RESPONSE_LATE,CISH,9606.ENSP00000409346,0.03125
HALLMARK_ESTROGEN_RESPONSE_LATE,DHCR7,9606.ENSP00000347717,0.03125
HALLMARK_ESTROGEN_RESPONSE_LATE,FGFR3,9606.ENSP00000339824,0.03125
HALLMARK_ESTROGEN_RESPONSE_LATE,KIF20A,9606.ENSP00000378356,0.03125
HALLMARK_ESTROGEN_RESPONSE_LATE,MAPK13,9606.ENSP00000211287,0.03125
HALLMARK_ESTROGEN_RESPONSE_LATE,SCARB1,9606.ENSP00000261693,0.03125
HALLMARK_ESTROGEN_RESPONSE_LATE,TFF1,9606.ENSP00000291527,0.03125
HALLMARK_ESTROGEN_RESPONSE_LATE,AGR2,9606.ENSP00000391490,0.0208333333333333
HALLMARK_ESTROGEN_RESPONSE_LATE,BAG1,9606.ENSP00000489189,0.0208333333333333
HALLMARK_ESTROGEN_RESPONSE_LATE,CD9,9606.ENSP00000371958,0.0208333333333333
HALLMARK_ESTROGEN_RESPONSE_LATE,EGR3,9606.ENSP00000318057,0.0208333333333333
HALLMARK_ESTROGEN_RESPONSE_LATE,FDFT1,9606.ENSP00000491537,0.0208333333333333
HALLMARK_ESTROGEN_RESPONSE_LATE,FKBP4,9606.ENSP00000001008,0.0208333333333333
HALLMARK_ESTROGEN_RESPONSE_LATE,GALE,9606.ENSP00000483375,0.0208333333333333
HALLMARK_ESTROGEN_RESPONSE_LATE,GFUS,9606.ENSP00000398803,0.0208333333333333
HALLMARK_ESTROGEN_RESPONSE_LATE,GINS2,9606.ENSP00000253462,0.0208333333333333
HALLMARK_ESTROGEN_RESPONSE_LATE,GPER1,9606.ENSP00000380281,0.0208333333333333
HALLMARK_ESTROGEN_RESPONSE_LATE,HMGCS2,9606.ENSP00000358414,0.0208333333333333
HALLMARK_ESTROGEN_RESPONSE_LATE,IL6ST,9606.ENSP00000370698,0.0208333333333333
HALLMARK_ESTROGEN_RESPONSE_LATE,KLF4,9606.ENSP00000363804,0.0208333333333333
HALLMARK_ESTROGEN_RESPONSE_LATE,LLGL2,9606.ENSP00000376333,0.0208333333333333
HALLMARK_ESTROGEN_RESPONSE_LATE,NCOR2,9606.ENSP00000384018,0.0208333333333333
HALLMARK_ESTROGEN_RESPONSE_LATE,NMU,9606.ENSP00000264218,0.0208333333333333
HALLMARK_ESTROGEN_RESPONSE_LATE,PKP3,9606.ENSP00000331678,0.0208333333333333
HALLMARK_ESTROGEN_RESPONSE_LATE,PRLR,9606.ENSP00000482954,0.0208333333333333
HALLMARK_ESTROGEN_RESPONSE_LATE,PTPN6,9606.ENSP00000391592,0.0208333333333333
HALLMARK_ESTROGEN_RESPONSE_LATE,RBBP8,9606.ENSP00000382628,0.0208333333333333
HALLMARK_ESTROGEN_RESPONSE_LATE,SGK1,9606.ENSP00000356832,0.0208333333333333
HALLMARK_ESTROGEN_RESPONSE_LATE,TFF3,9606.ENSP00000430690,0.0208333333333333
HALLMARK_ESTROGEN_RESPONSE_LATE,UGDH,9606.ENSP00000319501,0.0208333333333333
HALLMARK_ESTROGEN_RESPONSE_LATE,ACOX2,9606.ENSP00000307697,0.0104166666666667
HALLMARK_ESTROGEN_RESPONSE_LATE,ADD3,9606.ENSP00000348381,0.0104166666666667
HALLMARK_ESTROGEN_RESPONSE_LATE,AREG,9606.ENSP00000379097,0.0104166666666667
HALLMARK_ESTROGEN_RESPONSE_LATE,BATF,9606.ENSP00000286639,0.0104166666666667
HALLMARK_ESTROGEN_RESPONSE_LATE,CA2,9606.ENSP00000285379,0.0104166666666667
HALLMARK_ESTROGEN_RESPONSE_LATE,CHPT1,9606.ENSP00000229266,0.0104166666666667
HALLMARK_ESTROGEN_RESPONSE_LATE,CXCL14,9606.ENSP00000337065,0.0104166666666667
HALLMARK_ESTROGEN_RESPONSE_LATE,DCXR,9606.ENSP00000303356,0.0104166666666667
HALLMARK_ESTROGEN_RESPONSE_LATE,DLG5,9606.ENSP00000361467,0.0104166666666667
HALLMARK_ESTROGEN_RESPONSE_LATE,DNAJC1,9606.ENSP00000366179,0.0104166666666667
HALLMARK_ESTROGEN_RESPONSE_LATE,DUSP2,9606.ENSP00000288943,0.0104166666666667
HALLMARK_ESTROGEN_RESPONSE_LATE,ETFB,9606.ENSP00000346173,0.0104166666666667
HALLMARK_ESTROGEN_RESPONSE_LATE,FABP5,9606.ENSP00000297258,0.0104166666666667
HALLMARK_ESTROGEN_RESPONSE_LATE,FLNB,9606.ENSP00000420213,0.0104166666666667
HALLMARK_ESTROGEN_RESPONSE_LATE,GAL,9606.ENSP00000265643,0.0104166666666667
HALLMARK_ESTROGEN_RESPONSE_LATE,HPRT1,9606.ENSP00000298556,0.0104166666666667
HALLMARK_ESTROGEN_RESPONSE_LATE,HSPA4L,9606.ENSP00000296464,0.0104166666666667
HALLMARK_ESTROGEN_RESPONSE_LATE,KLK10,9606.ENSP00000311746,0.0104166666666667
HALLMARK_ESTROGEN_RESPONSE_LATE,KLK11,9606.ENSP00000473047,0.0104166666666667
HALLMARK_ESTROGEN_RESPONSE_LATE,KRT19,9606.ENSP00000355124,0.0104166666666667
HALLMARK_ESTROGEN_RESPONSE_LATE,LAMC2,9606.ENSP00000264144,0.0104166666666667
HALLMARK_ESTROGEN_RESPONSE_LATE,MAPT,9606.ENSP00000340820,0.0104166666666667
HALLMARK_ESTROGEN_RESPONSE_LATE,MOCS2,9606.ENSP00000380157,0.0104166666666667
HALLMARK_ESTROGEN_RESPONSE_LATE,NAB2,9606.ENSP00000300131,0.0104166666666667
HALLMARK_ESTROGEN_RESPONSE_LATE,NRIP1,9606.ENSP00000327213,0.0104166666666667
HALLMARK_ESTROGEN_RESPONSE_LATE,PAPSS2,9606.ENSP00000406157,0.0104166666666667
HALLMARK_ESTROGEN_RESPONSE_LATE,PDZK1,9606.ENSP00000342143,0.0104166666666667
HALLMARK_ESTROGEN_RESPONSE_LATE,PERP,9606.ENSP00000397157,0.0104166666666667
HALLMARK_ESTROGEN_RESPONSE_LATE,PLAAT3,9606.ENSP00000320337,0.0104166666666667
HALLMARK_ESTROGEN_RESPONSE_LATE,PLAC1,9606.ENSP00000352173,0.0104166666666667
HALLMARK_ESTROGEN_RESPONSE_LATE,PLXNB1,9606.ENSP00000351338,0.0104166666666667
HALLMARK_ESTROGEN_RESPONSE_LATE,PPIF,9606.ENSP00000225174,0.0104166666666667
HALLMARK_ESTROGEN_RESPONSE_LATE,PTGER3,9606.ENSP00000349003,0.0104166666666667
HALLMARK_ESTROGEN_RESPONSE_LATE,PTGES,9606.ENSP00000342385,0.0104166666666667
HALLMARK_ESTROGEN_RESPONSE_LATE,RPS6KA2,9606.ENSP00000422435,0.0104166666666667
HALLMARK_ESTROGEN_RESPONSE_LATE,SCNN1A,9606.ENSP00000353292,0.0104166666666667
HALLMARK_ESTROGEN_RESPONSE_LATE,SEMA3B,9606.ENSP00000480680,0.0104166666666667
HALLMARK_ESTROGEN_RESPONSE_LATE,SERPINA3,9606.ENSP00000450540,0.0104166666666667
HALLMARK_ESTROGEN_RESPONSE_LATE,SFN,9606.ENSP00000340989,0.0104166666666667
HALLMARK_ESTROGEN_RESPONSE_LATE,SLC16A1,9606.ENSP00000441065,0.0104166666666667
HALLMARK_ESTROGEN_RESPONSE_LATE,SLC26A2,9606.ENSP00000286298,0.0104166666666667
HALLMARK_ESTROGEN_RESPONSE_LATE,SLC7A5,9606.ENSP00000261622,0.0104166666666667
HALLMARK_ESTROGEN_RESPONSE_LATE,SORD,9606.ENSP00000267814,0.0104166666666667
HALLMARK_ESTROGEN_RESPONSE_LATE,STIL,9606.ENSP00000360944,0.0104166666666667
HALLMARK_ESTROGEN_RESPONSE_LATE,SULT2B1,9606.ENSP00000201586,0.0104166666666667
HALLMARK_ESTROGEN_RESPONSE_LATE,TIAM1,9606.ENSP00000286827,0.0104166666666667
HALLMARK_ESTROGEN_RESPONSE_LATE,TST,9606.ENSP00000385828,0.0104166666666667
HALLMARK_ESTROGEN_RESPONSE_LATE,WFS1,9606.ENSP00000226760,0.0104166666666667
HALLMARK_ESTROGEN_RESPONSE_LATE,XBP1,9606.ENSP00000216037,0.0104166666666667
HALLMARK_ESTROGEN_RESPONSE_LATE,XRCC3,9606.ENSP00000451974,0.0104166666666667
HALLMARK_ESTROGEN_RESPONSE_LATE,ZFP36,9606.ENSP00000471239,0.0104166666666667
HALLMARK_FATTY_ACID_METABOLISM,ACAA2,9606.ENSP00000285093,0.299065420560748
HALLMARK_FATTY_ACID_METABOLISM,ACOX1,9606.ENSP00000293217,0.299065420560748
HALLMARK_FATTY_ACID_METABOLISM,HADHB,9606.ENSP00000325136,0.289719626168224
HALLMARK_FATTY_ACID_METABOLISM,ACAA1,9606.ENSP00000333664,0.280373831775701
HALLMARK_FATTY_ACID_METABOLISM,SUCLG1,9606.ENSP00000377446,0.252336448598131
HALLMARK_FATTY_ACID_METABOLISM,DLST,9606.ENSP00000335304,0.233644859813084
HALLMARK_FATTY_ACID_METABOLISM,EHHADH,9606.ENSP00000231887,0.214953271028037
HALLMARK_FATTY_ACID_METABOLISM,SUCLA2,9606.ENSP00000494360,0.214953271028037
HALLMARK_FATTY_ACID_METABOLISM,ACADM,9606.ENSP00000359871,0.205607476635514
HALLMARK_FATTY_ACID_METABOLISM,ACAT2,9606.ENSP00000356015,0.205607476635514
HALLMARK_FATTY_ACID_METABOLISM,HSDL2,9606.ENSP00000381785,0.196261682242991
HALLMARK_FATTY_ACID_METABOLISM,MDH2,9606.ENSP00000327070,0.196261682242991
HALLMARK_FATTY_ACID_METABOLISM,SDHA,9606.ENSP00000264932,0.196261682242991
HALLMARK_FATTY_ACID_METABOLISM,ECHS1,9606.ENSP00000357535,0.186915887850467
HALLMARK_FATTY_ACID_METABOLISM,FH,9606.ENSP00000355518,0.186915887850467
HALLMARK_FATTY_ACID_METABOLISM,IDH1,9606.ENSP00000390265,0.186915887850467
HALLMARK_FATTY_ACID_METABOLISM,SUCLG2,9606.ENSP00000419325,0.186915887850467
HALLMARK_FATTY_ACID_METABOLISM,ACADS,9606.ENSP00000242592,0.177570093457944
HALLMARK_FATTY_ACID_METABOLISM,HMGCS1,9606.ENSP00000322706,0.177570093457944
HALLMARK_FATTY_ACID_METABOLISM,DLD,9606.ENSP00000205402,0.158878504672897
HALLMARK_FATTY_ACID_METABOLISM,HADH,9606.ENSP00000474560,0.158878504672897
HALLMARK_FATTY_ACID_METABOLISM,HMGCL,9606.ENSP00000363614,0.158878504672897
HALLMARK_FATTY_ACID_METABOLISM,ACADVL,9606.ENSP00000438689,0.149532710280374
HALLMARK_FATTY_ACID_METABOLISM,IDH3G,9606.ENSP00000217901,0.149532710280374
HALLMARK_FATTY_ACID_METABOLISM,ACO2,9606.ENSP00000216254,0.14018691588785
HALLMARK_FATTY_ACID_METABOLISM,ACSS1,9606.ENSP00000316924,0.14018691588785
HALLMARK_FATTY_ACID_METABOLISM,ECI1,9606.ENSP00000301729,0.14018691588785
HALLMARK_FATTY_ACID_METABOLISM,ECI2,9606.ENSP00000369461,0.14018691588785
HALLMARK_FATTY_ACID_METABOLISM,HMGCS2,9606.ENSP00000358414,0.14018691588785
HALLMARK_FATTY_ACID_METABOLISM,FASN,9606.ENSP00000304592,0.130841121495327
HALLMARK_FATTY_ACID_METABOLISM,HSD17B4,9606.ENSP00000411960,0.130841121495327
HALLMARK_FATTY_ACID_METABOLISM,PPARA,9606.ENSP00000385523,0.130841121495327
HALLMARK_FATTY_ACID_METABOLISM,PDHB,9606.ENSP00000307241,0.121495327102804
HALLMARK_FATTY_ACID_METABOLISM,CPT1A,9606.ENSP00000265641,0.11214953271028
HALLMARK_FATTY_ACID_METABOLISM,CPT2,9606.ENSP00000360541,0.11214953271028
HALLMARK_FATTY_ACID_METABOLISM,IDH3B,9606.ENSP00000482773,0.11214953271028
HALLMARK_FATTY_ACID_METABOLISM,PDHA1,9606.ENSP00000369134,0.11214953271028
HALLMARK_FATTY_ACID_METABOLISM,ALDH9A1,9606.ENSP00000346827,0.102803738317757
HALLMARK_FATTY_ACID_METABOLISM,BCKDHB,9606.ENSP00000318351,0.0934579439252336
HALLMARK_FATTY_ACID_METABOLISM,GCDH,9606.ENSP00000466845,0.0934579439252336
HALLMARK_FATTY_ACID_METABOLISM,HIBCH,9606.ENSP00000352706,0.0934579439252336
HALLMARK_FATTY_ACID_METABOLISM,SDHC,9606.ENSP00000356953,0.0934579439252336
HALLMARK_FATTY_ACID_METABOLISM,ACSL1,9606.ENSP00000422607,0.0841121495327103
HALLMARK_FATTY_ACID_METABOLISM,ALDH3A2,9606.ENSP00000345774,0.0841121495327103
HALLMARK_FATTY_ACID_METABOLISM,LDHA,9606.ENSP00000445175,0.0841121495327103
HALLMARK_FATTY_ACID_METABOLISM,SDHD,9606.ENSP00000364699,0.0841121495327103
HALLMARK_FATTY_ACID_METABOLISM,AUH,9606.ENSP00000364883,0.0747663551401869
HALLMARK_FATTY_ACID_METABOLISM,HSD17B10,9606.ENSP00000168216,0.0654205607476635
HALLMARK_FATTY_ACID_METABOLISM,MAOA,9606.ENSP00000340684,0.0654205607476635
HALLMARK_FATTY_ACID_METABOLISM,ACSL4,9606.ENSP00000339787,0.0560747663551402
HALLMARK_FATTY_ACID_METABOLISM,ACSL5,9606.ENSP00000348429,0.0560747663551402
HALLMARK_FATTY_ACID_METABOLISM,ECH1,9606.ENSP00000221418,0.0560747663551402
HALLMARK_FATTY_ACID_METABOLISM,ETFDH,9606.ENSP00000426638,0.0560747663551402
HALLMARK_FATTY_ACID_METABOLISM,IDI1,9606.ENSP00000370748,0.0560747663551402
HALLMARK_FATTY_ACID_METABOLISM,ME1,9606.ENSP00000358719,0.0560747663551402
HALLMARK_FATTY_ACID_METABOLISM,NSDHL,9606.ENSP00000359297,0.0560747663551402
HALLMARK_FATTY_ACID_METABOLISM,ACOT8,9606.ENSP00000217455,0.0467289719626168
HALLMARK_FATTY_ACID_METABOLISM,ADH1C,9606.ENSP00000426083,0.0467289719626168
HALLMARK_FATTY_ACID_METABOLISM,ADSL,9606.ENSP00000485525,0.0467289719626168
HALLMARK_FATTY_ACID_METABOLISM,ALDH1A1,9606.ENSP00000297785,0.0467289719626168
HALLMARK_FATTY_ACID_METABOLISM,DHCR24,9606.ENSP00000360316,0.0467289719626168
HALLMARK_FATTY_ACID_METABOLISM,IL4I1,9606.ENSP00000472474,0.0467289719626168
HALLMARK_FATTY_ACID_METABOLISM,RETSAT,9606.ENSP00000295802,0.0467289719626168
HALLMARK_FATTY_ACID_METABOLISM,ALAD,9606.ENSP00000386284,0.0373831775700935
HALLMARK_FATTY_ACID_METABOLISM,AOC3,9606.ENSP00000312326,0.0373831775700935
HALLMARK_FATTY_ACID_METABOLISM,DECR1,9606.ENSP00000220764,0.0373831775700935
HALLMARK_FATTY_ACID_METABOLISM,GPD2,9606.ENSP00000308610,0.0373831775700935
HALLMARK_FATTY_ACID_METABOLISM,HSD17B7,9606.ENSP00000254521,0.0373831775700935
HALLMARK_FATTY_ACID_METABOLISM,MGLL,9606.ENSP00000265052,0.0373831775700935
HALLMARK_FATTY_ACID_METABOLISM,MLYCD,9606.ENSP00000262430,0.0373831775700935
HALLMARK_FATTY_ACID_METABOLISM,AADAT,9606.ENSP00000423190,0.0280373831775701
HALLMARK_FATTY_ACID_METABOLISM,ACOT2,9606.ENSP00000238651,0.0280373831775701
HALLMARK_FATTY_ACID_METABOLISM,ACSM3,9606.ENSP00000289416,0.0280373831775701
HALLMARK_FATTY_ACID_METABOLISM,CBR1,9606.ENSP00000290349,0.0280373831775701
HALLMARK_FATTY_ACID_METABOLISM,CD36,9606.ENSP00000415743,0.0280373831775701
HALLMARK_FATTY_ACID_METABOLISM,CPOX,9606.ENSP00000497326,0.0280373831775701
HALLMARK_FATTY_ACID_METABOLISM,ENO2,9606.ENSP00000437402,0.0280373831775701
HALLMARK_FATTY_ACID_METABOLISM,ENO3,9606.ENSP00000324105,0.0280373831775701
HALLMARK_FATTY_ACID_METABOLISM,GLUL,9606.ENSP00000307900,0.0280373831775701
HALLMARK_FATTY_ACID_METABOLISM,HSP90AA1,9606.ENSP00000335153,0.0280373831775701
HALLMARK_FATTY_ACID_METABOLISM,MCEE,9606.ENSP00000244217,0.0280373831775701
HALLMARK_FATTY_ACID_METABOLISM,PTS,9606.ENSP00000280362,0.0280373831775701
HALLMARK_FATTY_ACID_METABOLISM,UROD,9606.ENSP00000246337,0.0280373831775701
HALLMARK_FATTY_ACID_METABOLISM,UROS,9606.ENSP00000357787,0.0280373831775701
HALLMARK_FATTY_ACID_METABOLISM,ALDOA,9606.ENSP00000496166,0.0186915887850467
HALLMARK_FATTY_ACID_METABOLISM,CEL,9606.ENSP00000501111,0.0186915887850467
HALLMARK_FATTY_ACID_METABOLISM,CRAT,9606.ENSP00000315013,0.0186915887850467
HALLMARK_FATTY_ACID_METABOLISM,GABARAPL1,9606.ENSP00000411256,0.0186915887850467
HALLMARK_FATTY_ACID_METABOLISM,GRHPR,9606.ENSP00000313432,0.0186915887850467
HALLMARK_FATTY_ACID_METABOLISM,RDH11,9606.ENSP00000370750,0.0186915887850467
HALLMARK_FATTY_ACID_METABOLISM,RDH16,9606.ENSP00000381206,0.0186915887850467
HALLMARK_FATTY_ACID_METABOLISM,ADIPOR2,9606.ENSP00000349616,0.0093457943925233
HALLMARK_FATTY_ACID_METABOLISM,APEX1,9606.ENSP00000216714,0.0093457943925233
HALLMARK_FATTY_ACID_METABOLISM,CBR3,9606.ENSP00000290354,0.0093457943925233
HALLMARK_FATTY_ACID_METABOLISM,D2HGDH,9606.ENSP00000315351,0.0093457943925233
HALLMARK_FATTY_ACID_METABOLISM,GPD1,9606.ENSP00000301149,0.0093457943925233
HALLMARK_FATTY_ACID_METABOLISM,H2AZ1,9606.ENSP00000296417,0.0093457943925233
HALLMARK_FATTY_ACID_METABOLISM,HSPH1,9606.ENSP00000487365,0.0093457943925233
HALLMARK_FATTY_ACID_METABOLISM,INMT,9606.ENSP00000013222,0.0093457943925233
HALLMARK_FATTY_ACID_METABOLISM,NTHL1,9606.ENSP00000219066,0.0093457943925233
HALLMARK_FATTY_ACID_METABOLISM,ODC1,9606.ENSP00000234111,0.0093457943925233
HALLMARK_FATTY_ACID_METABOLISM,PCBD1,9606.ENSP00000299299,0.0093457943925233
HALLMARK_FATTY_ACID_METABOLISM,PSME1,9606.ENSP00000372155,0.0093457943925233
HALLMARK_FATTY_ACID_METABOLISM,PTPRG,9606.ENSP00000418112,0.0093457943925233
HALLMARK_FATTY_ACID_METABOLISM,SMS,9606.ENSP00000385746,0.0093457943925233
HALLMARK_FATTY_ACID_METABOLISM,TP53INP2,9606.ENSP00000363943,0.0093457943925233
HALLMARK_FATTY_ACID_METABOLISM,UBE2L6,9606.ENSP00000287156,0.0093457943925233
HALLMARK_FATTY_ACID_METABOLISM,UGDH,9606.ENSP00000319501,0.0093457943925233
HALLMARK_G2M_CHECKPOINT,CDK1,9606.ENSP00000378699,0.447058823529412
HALLMARK_G2M_CHECKPOINT,CDC20,9606.ENSP00000361540,0.382352941176471
HALLMARK_G2M_CHECKPOINT,PLK1,9606.ENSP00000300093,0.376470588235294
HALLMARK_G2M_CHECKPOINT,CCNA2,9606.ENSP00000481380,0.370588235294118
HALLMARK_G2M_CHECKPOINT,AURKB,9606.ENSP00000313950,0.323529411764706
HALLMARK_G2M_CHECKPOINT,CCNB2,9606.ENSP00000288207,0.323529411764706
HALLMARK_G2M_CHECKPOINT,BUB1,9606.ENSP00000302530,0.3
HALLMARK_G2M_CHECKPOINT,CDC45,9606.ENSP00000405726,0.3
HALLMARK_G2M_CHECKPOINT,TOP2A,9606.ENSP00000411532,0.3
HALLMARK_G2M_CHECKPOINT,KIF11,9606.ENSP00000260731,0.294117647058824
HALLMARK_G2M_CHECKPOINT,AURKA,9606.ENSP00000216911,0.288235294117647
HALLMARK_G2M_CHECKPOINT,MAD2L1,9606.ENSP00000296509,0.288235294117647
HALLMARK_G2M_CHECKPOINT,CHEK1,9606.ENSP00000391090,0.276470588235294
HALLMARK_G2M_CHECKPOINT,EXO1,9606.ENSP00000355506,0.270588235294118
HALLMARK_G2M_CHECKPOINT,BIRC5,9606.ENSP00000301633,0.264705882352941
HALLMARK_G2M_CHECKPOINT,UBE2C,9606.ENSP00000348838,0.264705882352941
HALLMARK_G2M_CHECKPOINT,CDC6,9606.ENSP00000209728,0.252941176470588
HALLMARK_G2M_CHECKPOINT,ESPL1,9606.ENSP00000257934,0.252941176470588
HALLMARK_G2M_CHECKPOINT,KIF2C,9606.ENSP00000361298,0.252941176470588
HALLMARK_G2M_CHECKPOINT,CENPA,9606.ENSP00000336868,0.247058823529412
HALLMARK_G2M_CHECKPOINT,KIF23,9606.ENSP00000260363,0.247058823529412
HALLMARK_G2M_CHECKPOINT,CENPF,9606.ENSP00000355922,0.241176470588235
HALLMARK_G2M_CHECKPOINT,CENPE,9606.ENSP00000265148,0.235294117647059
HALLMARK_G2M_CHECKPOINT,NDC80,9606.ENSP00000261597,0.229411764705882
HALLMARK_G2M_CHECKPOINT,TTK,9606.ENSP00000358813,0.229411764705882
HALLMARK_G2M_CHECKPOINT,KIF4A,9606.ENSP00000363524,0.223529411764706
HALLMARK_G2M_CHECKPOINT,PTTG1,9606.ENSP00000377536,0.223529411764706
HALLMARK_G2M_CHECKPOINT,KIF15,9606.ENSP00000324020,0.217647058823529
HALLMARK_G2M_CHECKPOINT,RACGAP1,9606.ENSP00000404190,0.217647058823529
HALLMARK_G2M_CHECKPOINT,TPX2,9606.ENSP00000300403,0.217647058823529
HALLMARK_G2M_CHECKPOINT,NEK2,9606.ENSP00000355966,0.205882352941176
HALLMARK_G2M_CHECKPOINT,PBK,9606.ENSP00000428489,0.205882352941176
HALLMARK_G2M_CHECKPOINT,CDK4,9606.ENSP00000257904,0.2
HALLMARK_G2M_CHECKPOINT,MYC,9606.ENSP00000478887,0.2
HALLMARK_G2M_CHECKPOINT,HMMR,9606.ENSP00000377492,0.194117647058824
HALLMARK_G2M_CHECKPOINT,CDKN3,9606.ENSP00000335357,0.188235294117647
HALLMARK_G2M_CHECKPOINT,MCM6,9606.ENSP00000264156,0.188235294117647
HALLMARK_G2M_CHECKPOINT,MKI67,9606.ENSP00000357643,0.188235294117647
HALLMARK_G2M_CHECKPOINT,SMC4,9606.ENSP00000341382,0.188235294117647
HALLMARK_G2M_CHECKPOINT,MCM5,9606.ENSP00000216122,0.182352941176471
HALLMARK_G2M_CHECKPOINT,BRCA2,9606.ENSP00000369497,0.170588235294118
HALLMARK_G2M_CHECKPOINT,MCM3,9606.ENSP00000480987,0.164705882352941
HALLMARK_G2M_CHECKPOINT,PLK4,9606.ENSP00000270861,0.164705882352941
HALLMARK_G2M_CHECKPOINT,CCND1,9606.ENSP00000227507,0.158823529411765
HALLMARK_G2M_CHECKPOINT,MCM2,9606.ENSP00000265056,0.152941176470588
HALLMARK_G2M_CHECKPOINT,SMC2,9606.ENSP00000286398,0.147058823529412
HALLMARK_G2M_CHECKPOINT,CDC25A,9606.ENSP00000303706,0.141176470588235
HALLMARK_G2M_CHECKPOINT,BUB3,9606.ENSP00000357858,0.135294117647059
HALLMARK_G2M_CHECKPOINT,E2F1,9606.ENSP00000345571,0.135294117647059
HALLMARK_G2M_CHECKPOINT,INCENP,9606.ENSP00000378295,0.135294117647059
HALLMARK_G2M_CHECKPOINT,CDKN1B,9606.ENSP00000228872,0.123529411764706
HALLMARK_G2M_CHECKPOINT,H2AX,9606.ENSP00000434024,0.123529411764706
HALLMARK_G2M_CHECKPOINT,MYBL2,9606.ENSP00000217026,0.123529411764706
HALLMARK_G2M_CHECKPOINT,TACC3,9606.ENSP00000326550,0.123529411764706
HALLMARK_G2M_CHECKPOINT,CDC7,9606.ENSP00000393139,0.117647058823529
HALLMARK_G2M_CHECKPOINT,KNL1,9606.ENSP00000335463,0.117647058823529
HALLMARK_G2M_CHECKPOINT,CDC27,9606.ENSP00000434614,0.111764705882353
HALLMARK_G2M_CHECKPOINT,CKS2,9606.ENSP00000364976,0.111764705882353
HALLMARK_G2M_CHECKPOINT,EZH2,9606.ENSP00000320147,0.111764705882353
HALLMARK_G2M_CHECKPOINT,CUL1,9606.ENSP00000326804,0.105882352941176
HALLMARK_G2M_CHECKPOINT,POLE,9606.ENSP00000322570,0.105882352941176
HALLMARK_G2M_CHECKPOINT,KIF22,9606.ENSP00000160827,0.1
HALLMARK_G2M_CHECKPOINT,RPA2,9606.ENSP00000363017,0.1
HALLMARK_G2M_CHECKPOINT,E2F4,9606.ENSP00000368686,0.0941176470588235
HALLMARK_G2M_CHECKPOINT,ORC5,9606.ENSP00000297431,0.0941176470588235
HALLMARK_G2M_CHECKPOINT,RAD21,9606.ENSP00000297338,0.0941176470588235
HALLMARK_G2M_CHECKPOINT,SRSF1,9606.ENSP00000258962,0.0941176470588235
HALLMARK_G2M_CHECKPOINT,BARD1,9606.ENSP00000260947,0.0882352941176471
HALLMARK_G2M_CHECKPOINT,H2AZ1,9606.ENSP00000296417,0.0882352941176471
HALLMARK_G2M_CHECKPOINT,KPNA2,9606.ENSP00000438483,0.0882352941176471
HALLMARK_G2M_CHECKPOINT,SMC1A,9606.ENSP00000323421,0.0882352941176471
HALLMARK_G2M_CHECKPOINT,UBE2S,9606.ENSP00000264552,0.0882352941176471
HALLMARK_G2M_CHECKPOINT,CKS1B,9606.ENSP00000311083,0.0823529411764706
HALLMARK_G2M_CHECKPOINT,ORC6,9606.ENSP00000219097,0.0823529411764706
HALLMARK_G2M_CHECKPOINT,PRIM2,9606.ENSP00000484105,0.0823529411764706
HALLMARK_G2M_CHECKPOINT,TROAP,9606.ENSP00000257909,0.0823529411764706
HALLMARK_G2M_CHECKPOINT,WRN,9606.ENSP00000298139,0.0823529411764706
HALLMARK_G2M_CHECKPOINT,CDC25B,9606.ENSP00000245960,0.0764705882352941
HALLMARK_G2M_CHECKPOINT,DBF4,9606.ENSP00000265728,0.0764705882352941
HALLMARK_G2M_CHECKPOINT,KIF20B,9606.ENSP00000360793,0.0764705882352941
HALLMARK_G2M_CHECKPOINT,NCL,9606.ENSP00000318195,0.0764705882352941
HALLMARK_G2M_CHECKPOINT,POLA2,9606.ENSP00000265465,0.0764705882352941
HALLMARK_G2M_CHECKPOINT,TFDP1,9606.ENSP00000364519,0.0764705882352941
HALLMARK_G2M_CHECKPOINT,CCNF,9606.ENSP00000380256,0.0705882352941176
HALLMARK_G2M_CHECKPOINT,E2F3,9606.ENSP00000262904,0.0705882352941176
HALLMARK_G2M_CHECKPOINT,FBXO5,9606.ENSP00000229758,0.0705882352941176
HALLMARK_G2M_CHECKPOINT,SRSF2,9606.ENSP00000376276,0.0705882352941176
HALLMARK_G2M_CHECKPOINT,ATRX,9606.ENSP00000362441,0.0647058823529412
HALLMARK_G2M_CHECKPOINT,E2F2,9606.ENSP00000355249,0.0647058823529412
HALLMARK_G2M_CHECKPOINT,GINS2,9606.ENSP00000253462,0.0647058823529412
HALLMARK_G2M_CHECKPOINT,RBL1,9606.ENSP00000362768,0.0647058823529412
HALLMARK_G2M_CHECKPOINT,TOP1,9606.ENSP00000354522,0.0647058823529412
HALLMARK_G2M_CHECKPOINT,HNRNPD,9606.ENSP00000313199,0.0588235294117647
HALLMARK_G2M_CHECKPOINT,HNRNPU,9606.ENSP00000491215,0.0588235294117647
HALLMARK_G2M_CHECKPOINT,SFPQ,9606.ENSP00000349748,0.0588235294117647
HALLMARK_G2M_CHECKPOINT,SMAD3,9606.ENSP00000332973,0.0588235294117647
HALLMARK_G2M_CHECKPOINT,SYNCRIP,9606.ENSP00000358635,0.0588235294117647
HALLMARK_G2M_CHECKPOINT,XPO1,9606.ENSP00000384863,0.0588235294117647
HALLMARK_G2M_CHECKPOINT,ILF3,9606.ENSP00000404121,0.0529411764705882
HALLMARK_G2M_CHECKPOINT,NUP98,9606.ENSP00000316032,0.0529411764705882
HALLMARK_G2M_CHECKPOINT,SUV39H1,9606.ENSP00000337976,0.0529411764705882
HALLMARK_G2M_CHECKPOINT,LIG3,9606.ENSP00000367787,0.0470588235294118
HALLMARK_G2M_CHECKPOINT,RAD54L,9606.ENSP00000361043,0.0470588235294118
HALLMARK_G2M_CHECKPOINT,RBM14,9606.ENSP00000311747,0.0470588235294118
HALLMARK_G2M_CHECKPOINT,CTCF,9606.ENSP00000494538,0.0411764705882353
HALLMARK_G2M_CHECKPOINT,CUL4A,9606.ENSP00000364589,0.0411764705882353
HALLMARK_G2M_CHECKPOINT,H2BC12,9606.ENSP00000349430,0.0411764705882353
HALLMARK_G2M_CHECKPOINT,HIF1A,9606.ENSP00000437955,0.0411764705882353
HALLMARK_G2M_CHECKPOINT,PDS5B,9606.ENSP00000313851,0.0411764705882353
HALLMARK_G2M_CHECKPOINT,STAG1,9606.ENSP00000372689,0.0411764705882353
HALLMARK_G2M_CHECKPOINT,TRA2B,9606.ENSP00000416959,0.0411764705882353
HALLMARK_G2M_CHECKPOINT,CCNT1,9606.ENSP00000261900,0.0352941176470588
HALLMARK_G2M_CHECKPOINT,HUS1,9606.ENSP00000258774,0.0352941176470588
HALLMARK_G2M_CHECKPOINT,KPNB1,9606.ENSP00000290158,0.0352941176470588
HALLMARK_G2M_CHECKPOINT,PRMT5,9606.ENSP00000319169,0.0352941176470588
HALLMARK_G2M_CHECKPOINT,EGF,9606.ENSP00000265171,0.0294117647058824
HALLMARK_G2M_CHECKPOINT,EWSR1,9606.ENSP00000400142,0.0294117647058824
HALLMARK_G2M_CHECKPOINT,LBR,9606.ENSP00000339883,0.0294117647058824
HALLMARK_G2M_CHECKPOINT,PML,9606.ENSP00000268058,0.0294117647058824
HALLMARK_G2M_CHECKPOINT,POLQ,9606.ENSP00000264233,0.0294117647058824
HALLMARK_G2M_CHECKPOINT,STIL,9606.ENSP00000360944,0.0294117647058824
HALLMARK_G2M_CHECKPOINT,ABL1,9606.ENSP00000361423,0.0235294117647059
HALLMARK_G2M_CHECKPOINT,CBX1,9606.ENSP00000377060,0.0235294117647059
HALLMARK_G2M_CHECKPOINT,CHAF1A,9606.ENSP00000301280,0.0235294117647059
HALLMARK_G2M_CHECKPOINT,CUL3,9606.ENSP00000264414,0.0235294117647059
HALLMARK_G2M_CHECKPOINT,DKC1,9606.ENSP00000358563,0.0235294117647059
HALLMARK_G2M_CHECKPOINT,HSPA8,9606.ENSP00000437125,0.0235294117647059
HALLMARK_G2M_CHECKPOINT,LMNB1,9606.ENSP00000261366,0.0235294117647059
HALLMARK_G2M_CHECKPOINT,NUMA1,9606.ENSP00000377298,0.0235294117647059
HALLMARK_G2M_CHECKPOINT,NUP50,9606.ENSP00000345895,0.0235294117647059
HALLMARK_G2M_CHECKPOINT,SMARCC1,9606.ENSP00000254480,0.0235294117647059
HALLMARK_G2M_CHECKPOINT,TGFB1,9606.ENSP00000221930,0.0235294117647059
HALLMARK_G2M_CHECKPOINT,UPF1,9606.ENSP00000470142,0.0235294117647059
HALLMARK_G2M_CHECKPOINT,CDKN2C,9606.ENSP00000262662,0.0176470588235294
HALLMARK_G2M_CHECKPOINT,CUL5,9606.ENSP00000376808,0.0176470588235294
HALLMARK_G2M_CHECKPOINT,FANCC,9606.ENSP00000289081,0.0176470588235294
HALLMARK_G2M_CHECKPOINT,G3BP1,9606.ENSP00000377681,0.0176470588235294
HALLMARK_G2M_CHECKPOINT,MAPK14,9606.ENSP00000229795,0.0176470588235294
HALLMARK_G2M_CHECKPOINT,MEIS1,9606.ENSP00000272369,0.0176470588235294
HALLMARK_G2M_CHECKPOINT,MNAT1,9606.ENSP00000261245,0.0176470588235294
HALLMARK_G2M_CHECKPOINT,PAFAH1B1,9606.ENSP00000380378,0.0176470588235294
HALLMARK_G2M_CHECKPOINT,RAD23B,9606.ENSP00000350708,0.0176470588235294
HALLMARK_G2M_CHECKPOINT,SNRPD1,9606.ENSP00000300413,0.0176470588235294
HALLMARK_G2M_CHECKPOINT,SRSF10,9606.ENSP00000420195,0.0176470588235294
HALLMARK_G2M_CHECKPOINT,ARID4A,9606.ENSP00000347602,0.0117647058823529
HALLMARK_G2M_CHECKPOINT,H2AZ2,9606.ENSP00000308405,0.0117647058823529
HALLMARK_G2M_CHECKPOINT,KMT5A,9606.ENSP00000384629,0.0117647058823529
HALLMARK_G2M_CHECKPOINT,MTF2,9606.ENSP00000359321,0.0117647058823529
HALLMARK_G2M_CHECKPOINT,NOLC1,9606.ENSP00000385410,0.0117647058823529
HALLMARK_G2M_CHECKPOINT,PURA,9606.ENSP00000332706,0.0117647058823529
HALLMARK_G2M_CHECKPOINT,RPS6KA5,9606.ENSP00000479667,0.0117647058823529
HALLMARK_G2M_CHECKPOINT,SLC7A5,9606.ENSP00000261622,0.0117647058823529
HALLMARK_G2M_CHECKPOINT,SS18,9606.ENSP00000414516,0.0117647058823529
HALLMARK_G2M_CHECKPOINT,TMPO,9606.ENSP00000266732,0.0117647058823529
HALLMARK_G2M_CHECKPOINT,TNPO2,9606.ENSP00000407182,0.0117647058823529
HALLMARK_G2M_CHECKPOINT,YTHDC1,9606.ENSP00000463982,0.0117647058823529
HALLMARK_G2M_CHECKPOINT,GSPT1,9606.ENSP00000398131,0.0058823529411764
HALLMARK_G2M_CHECKPOINT,HIRA,9606.ENSP00000263208,0.0058823529411764
HALLMARK_G2M_CHECKPOINT,KIF5B,9606.ENSP00000307078,0.0058823529411764
HALLMARK_G2M_CHECKPOINT,MEIS2,9606.ENSP00000453793,0.0058823529411764
HALLMARK_G2M_CHECKPOINT,MT2A,9606.ENSP00000245185,0.0058823529411764
HALLMARK_G2M_CHECKPOINT,NASP,9606.ENSP00000255120,0.0058823529411764
HALLMARK_G2M_CHECKPOINT,NSD2,9606.ENSP00000372351,0.0058823529411764
HALLMARK_G2M_CHECKPOINT,ODC1,9606.ENSP00000234111,0.0058823529411764
HALLMARK_G2M_CHECKPOINT,ODF2,9606.ENSP00000403453,0.0058823529411764
HALLMARK_G2M_CHECKPOINT,SAP30,9606.ENSP00000296504,0.0058823529411764
HALLMARK_G2M_CHECKPOINT,SLC38A1,9606.ENSP00000449756,0.0058823529411764
HALLMARK_G2M_CHECKPOINT,SLC7A1,9606.ENSP00000370128,0.0058823529411764
HALLMARK_G2M_CHECKPOINT,SQLE,9606.ENSP00000265896,0.0058823529411764
HALLMARK_G2M_CHECKPOINT,STMN1,9606.ENSP00000410452,0.0058823529411764
HALLMARK_G2M_CHECKPOINT,TRAIP,9606.ENSP00000328203,0.0058823529411764
HALLMARK_GLYCOLYSIS,TALDO1,9606.ENSP00000321259,0.175
HALLMARK_GLYCOLYSIS,G6PD,9606.ENSP00000377192,0.166666666666667
HALLMARK_GLYCOLYSIS,PKM,9606.ENSP00000320171,0.166666666666667
HALLMARK_GLYCOLYSIS,ENO1,9606.ENSP00000495530,0.133333333333333
HALLMARK_GLYCOLYSIS,TPI1,9606.ENSP00000229270,0.133333333333333
HALLMARK_GLYCOLYSIS,MPI,9606.ENSP00000318318,0.125
HALLMARK_GLYCOLYSIS,PGK1,9606.ENSP00000362413,0.125
HALLMARK_GLYCOLYSIS,HK2,9606.ENSP00000290573,0.116666666666667
HALLMARK_GLYCOLYSIS,IDH1,9606.ENSP00000390265,0.116666666666667
HALLMARK_GLYCOLYSIS,LDHA,9606.ENSP00000445175,0.116666666666667
HALLMARK_GLYCOLYSIS,MDH2,9606.ENSP00000327070,0.116666666666667
HALLMARK_GLYCOLYSIS,EGFR,9606.ENSP00000275493,0.108333333333333
HALLMARK_GLYCOLYSIS,PFKP,9606.ENSP00000370517,0.108333333333333
HALLMARK_GLYCOLYSIS,PGM2,9606.ENSP00000371393,0.108333333333333
HALLMARK_GLYCOLYSIS,CD44,9606.ENSP00000398632,0.1
HALLMARK_GLYCOLYSIS,GPC1,9606.ENSP00000264039,0.1
HALLMARK_GLYCOLYSIS,GOT2,9606.ENSP00000245206,0.0916666666666667
HALLMARK_GLYCOLYSIS,PGAM1,9606.ENSP00000359991,0.0916666666666667
HALLMARK_GLYCOLYSIS,GOT1,9606.ENSP00000359539,0.0833333333333333
HALLMARK_GLYCOLYSIS,SDC1,9606.ENSP00000370542,0.0833333333333333
HALLMARK_GLYCOLYSIS,ALDOA,9606.ENSP00000496166,0.075
HALLMARK_GLYCOLYSIS,ENO2,9606.ENSP00000437402,0.075
HALLMARK_GLYCOLYSIS,LDHC,9606.ENSP00000437783,0.075
HALLMARK_GLYCOLYSIS,ME1,9606.ENSP00000358719,0.075
HALLMARK_GLYCOLYSIS,SDC2,9606.ENSP00000307046,0.075
HALLMARK_GLYCOLYSIS,DCN,9606.ENSP00000052754,0.0666666666666667
HALLMARK_GLYCOLYSIS,PC,9606.ENSP00000498994,0.0666666666666667
HALLMARK_GLYCOLYSIS,CDK1,9606.ENSP00000378699,0.0583333333333333
HALLMARK_GLYCOLYSIS,GALE,9606.ENSP00000483375,0.0583333333333333
HALLMARK_GLYCOLYSIS,HS2ST1,9606.ENSP00000359581,0.0583333333333333
HALLMARK_GLYCOLYSIS,ME2,9606.ENSP00000321070,0.0583333333333333
HALLMARK_GLYCOLYSIS,PYGL,9606.ENSP00000216392,0.0583333333333333
HALLMARK_GLYCOLYSIS,SDC3,9606.ENSP00000344468,0.0583333333333333
HALLMARK_GLYCOLYSIS,TXN,9606.ENSP00000363641,0.0583333333333333
HALLMARK_GLYCOLYSIS,UGP2,9606.ENSP00000338703,0.0583333333333333
HALLMARK_GLYCOLYSIS,AGL,9606.ENSP00000294724,0.05
HALLMARK_GLYCOLYSIS,AGRN,9606.ENSP00000368678,0.05
HALLMARK_GLYCOLYSIS,AURKA,9606.ENSP00000216911,0.05
HALLMARK_GLYCOLYSIS,EXT1,9606.ENSP00000367446,0.05
HALLMARK_GLYCOLYSIS,GFPT1,9606.ENSP00000349860,0.05
HALLMARK_GLYCOLYSIS,GNE,9606.ENSP00000379839,0.05
HALLMARK_GLYCOLYSIS,GPC3,9606.ENSP00000377836,0.05
HALLMARK_GLYCOLYSIS,HMMR,9606.ENSP00000377492,0.05
HALLMARK_GLYCOLYSIS,MET,9606.ENSP00000317272,0.05
HALLMARK_GLYCOLYSIS,PMM2,9606.ENSP00000268261,0.05
HALLMARK_GLYCOLYSIS,PYGB,9606.ENSP00000216962,0.05
HALLMARK_GLYCOLYSIS,SOD1,9606.ENSP00000270142,0.05
HALLMARK_GLYCOLYSIS,VCAN,9606.ENSP00000265077,0.05
HALLMARK_GLYCOLYSIS,B4GALT1,9606.ENSP00000369055,0.0416666666666667
HALLMARK_GLYCOLYSIS,CENPA,9606.ENSP00000336868,0.0416666666666667
HALLMARK_GLYCOLYSIS,CTH,9606.ENSP00000359976,0.0416666666666667
HALLMARK_GLYCOLYSIS,DEPDC1,9606.ENSP00000412292,0.0416666666666667
HALLMARK_GLYCOLYSIS,GCLC,9606.ENSP00000497574,0.0416666666666667
HALLMARK_GLYCOLYSIS,GMPPB,9606.ENSP00000309092,0.0416666666666667
HALLMARK_GLYCOLYSIS,HSPA5,9606.ENSP00000324173,0.0416666666666667
HALLMARK_GLYCOLYSIS,KIF20A,9606.ENSP00000378356,0.0416666666666667
HALLMARK_GLYCOLYSIS,B4GALT2,9606.ENSP00000310696,0.0333333333333333
HALLMARK_GLYCOLYSIS,GMPPA,9606.ENSP00000350949,0.0333333333333333
HALLMARK_GLYCOLYSIS,GNPDA1,9606.ENSP00000423674,0.0333333333333333
HALLMARK_GLYCOLYSIS,GYS1,9606.ENSP00000317904,0.0333333333333333
HALLMARK_GLYCOLYSIS,NT5E,9606.ENSP00000257770,0.0333333333333333
HALLMARK_GLYCOLYSIS,PLOD1,9606.ENSP00000196061,0.0333333333333333
HALLMARK_GLYCOLYSIS,PLOD2,9606.ENSP00000282903,0.0333333333333333
HALLMARK_GLYCOLYSIS,RPE,9606.ENSP00000352401,0.0333333333333333
HALLMARK_GLYCOLYSIS,AKR1A1,9606.ENSP00000361140,0.025
HALLMARK_GLYCOLYSIS,ALG1,9606.ENSP00000262374,0.025
HALLMARK_GLYCOLYSIS,B3GALT6,9606.ENSP00000368496,0.025
HALLMARK_GLYCOLYSIS,B3GAT3,9606.ENSP00000265471,0.025
HALLMARK_GLYCOLYSIS,B3GNT3,9606.ENSP00000321874,0.025
HALLMARK_GLYCOLYSIS,B4GALT7,9606.ENSP00000029410,0.025
HALLMARK_GLYCOLYSIS,CXCR4,9606.ENSP00000386884,0.025
HALLMARK_GLYCOLYSIS,DLD,9606.ENSP00000205402,0.025
HALLMARK_GLYCOLYSIS,EXT2,9606.ENSP00000379032,0.025
HALLMARK_GLYCOLYSIS,GPC4,9606.ENSP00000359864,0.025
HALLMARK_GLYCOLYSIS,GUSB,9606.ENSP00000302728,0.025
HALLMARK_GLYCOLYSIS,P4HA1,9606.ENSP00000263556,0.025
HALLMARK_GLYCOLYSIS,P4HA2,9606.ENSP00000384999,0.025
HALLMARK_GLYCOLYSIS,PFKFB1,9606.ENSP00000364145,0.025
HALLMARK_GLYCOLYSIS,PGLS,9606.ENSP00000252603,0.025
HALLMARK_GLYCOLYSIS,SDHC,9606.ENSP00000356953,0.025
HALLMARK_GLYCOLYSIS,XYLT2,9606.ENSP00000017003,0.025
HALLMARK_GLYCOLYSIS,AK3,9606.ENSP00000371230,0.0166666666666667
HALLMARK_GLYCOLYSIS,B4GALT4,9606.ENSP00000420161,0.0166666666666667
HALLMARK_GLYCOLYSIS,COL5A1,9606.ENSP00000360882,0.0166666666666667
HALLMARK_GLYCOLYSIS,EFNA3,9606.ENSP00000357393,0.0166666666666667
HALLMARK_GLYCOLYSIS,FUT8,9606.ENSP00000353910,0.0166666666666667
HALLMARK_GLYCOLYSIS,GALK1,9606.ENSP00000225614,0.0166666666666667
HALLMARK_GLYCOLYSIS,GLCE,9606.ENSP00000261858,0.0166666666666667
HALLMARK_GLYCOLYSIS,HS6ST2,9606.ENSP00000429473,0.0166666666666667
HALLMARK_GLYCOLYSIS,IGFBP3,9606.ENSP00000370473,0.0166666666666667
HALLMARK_GLYCOLYSIS,NANP,9606.ENSP00000302441,0.0166666666666667
HALLMARK_GLYCOLYSIS,PHKA2,9606.ENSP00000369274,0.0166666666666667
HALLMARK_GLYCOLYSIS,SLC16A3,9606.ENSP00000463978,0.0166666666666667
HALLMARK_GLYCOLYSIS,SRD5A3,9606.ENSP00000264228,0.0166666666666667
HALLMARK_GLYCOLYSIS,TGFA,9606.ENSP00000404131,0.0166666666666667
HALLMARK_GLYCOLYSIS,ADORA2B,9606.ENSP00000304501,0.0083333333333333
HALLMARK_GLYCOLYSIS,AK4,9606.ENSP00000378743,0.0083333333333333
HALLMARK_GLYCOLYSIS,ALDH7A1,9606.ENSP00000387123,0.0083333333333333
HALLMARK_GLYCOLYSIS,ALDH9A1,9606.ENSP00000346827,0.0083333333333333
HALLMARK_GLYCOLYSIS,ARPP19,9606.ENSP00000454341,0.0083333333333333
HALLMARK_GLYCOLYSIS,ARTN,9606.ENSP00000387435,0.0083333333333333
HALLMARK_GLYCOLYSIS,CHPF,9606.ENSP00000243776,0.0083333333333333
HALLMARK_GLYCOLYSIS,CHPF2,9606.ENSP00000035307,0.0083333333333333
HALLMARK_GLYCOLYSIS,CLDN3,9606.ENSP00000378577,0.0083333333333333
HALLMARK_GLYCOLYSIS,CLDN9,9606.ENSP00000398017,0.0083333333333333
HALLMARK_GLYCOLYSIS,DSC2,9606.ENSP00000280904,0.0083333333333333
HALLMARK_GLYCOLYSIS,EGLN3,9606.ENSP00000250457,0.0083333333333333
HALLMARK_GLYCOLYSIS,ERO1A,9606.ENSP00000379042,0.0083333333333333
HALLMARK_GLYCOLYSIS,GFUS,9606.ENSP00000398803,0.0083333333333333
HALLMARK_GLYCOLYSIS,GLRX,9606.ENSP00000369314,0.0083333333333333
HALLMARK_GLYCOLYSIS,IDUA,9606.ENSP00000247933,0.0083333333333333
HALLMARK_GLYCOLYSIS,IRS2,9606.ENSP00000365016,0.0083333333333333
HALLMARK_GLYCOLYSIS,KIF2A,9606.ENSP00000385000,0.0083333333333333
HALLMARK_GLYCOLYSIS,PDK3,9606.ENSP00000498864,0.0083333333333333
HALLMARK_GLYCOLYSIS,PKP2,9606.ENSP00000070846,0.0083333333333333
HALLMARK_GLYCOLYSIS,PPIA,9606.ENSP00000419425,0.0083333333333333
HALLMARK_GLYCOLYSIS,PRPS1,9606.ENSP00000361512,0.0083333333333333
HALLMARK_GLYCOLYSIS,PSMC4,9606.ENSP00000157812,0.0083333333333333
HALLMARK_GLYCOLYSIS,QSOX1,9606.ENSP00000356574,0.0083333333333333
HALLMARK_GLYCOLYSIS,TFF3,9606.ENSP00000430690,0.0083333333333333
HALLMARK_GLYCOLYSIS,TGFBI,9606.ENSP00000416330,0.0083333333333333
HALLMARK_HEDGEHOG_SIGNALING,NRP1,9606.ENSP00000265371,0.2
HALLMARK_HEDGEHOG_SIGNALING,CRMP1,9606.ENSP00000321606,0.133333333333333
HALLMARK_HEDGEHOG_SIGNALING,NRP2,9606.ENSP00000353582,0.133333333333333
HALLMARK_HEDGEHOG_SIGNALING,TLE1,9606.ENSP00000365682,0.133333333333333
HALLMARK_HEDGEHOG_SIGNALING,TLE3,9606.ENSP00000452871,0.133333333333333
HALLMARK_HEDGEHOG_SIGNALING,DPYSL2,9606.ENSP00000427985,0.0666666666666667
HALLMARK_HEDGEHOG_SIGNALING,GLI1,9606.ENSP00000228682,0.0666666666666667
HALLMARK_HEDGEHOG_SIGNALING,HEY1,9606.ENSP00000338272,0.0666666666666667
HALLMARK_HEDGEHOG_SIGNALING,HEY2,9606.ENSP00000357348,0.0666666666666667
HALLMARK_HEDGEHOG_SIGNALING,L1CAM,9606.ENSP00000359077,0.0666666666666667
HALLMARK_HEDGEHOG_SIGNALING,LDB1,9606.ENSP00000501277,0.0666666666666667
HALLMARK_HEDGEHOG_SIGNALING,NF1,9606.ENSP00000351015,0.0666666666666667
HALLMARK_HEDGEHOG_SIGNALING,NKX6-1,9606.ENSP00000295886,0.0666666666666667
HALLMARK_HEDGEHOG_SIGNALING,NRCAM,9606.ENSP00000368314,0.0666666666666667
HALLMARK_HEDGEHOG_SIGNALING,PTCH1,9606.ENSP00000332353,0.0666666666666667
HALLMARK_HEDGEHOG_SIGNALING,RASA1,9606.ENSP00000274376,0.0666666666666667
HALLMARK_HEME_METABOLISM,FECH,9606.ENSP00000498358,0.136363636363636
HALLMARK_HEME_METABOLISM,ALAD,9606.ENSP00000386284,0.0909090909090909
HALLMARK_HEME_METABOLISM,GYPC,9606.ENSP00000259254,0.0909090909090909
HALLMARK_HEME_METABOLISM,PPOX,9606.ENSP00000356978,0.0909090909090909
HALLMARK_HEME_METABOLISM,UROD,9606.ENSP00000246337,0.0909090909090909
HALLMARK_HEME_METABOLISM,UROS,9606.ENSP00000357787,0.0909090909090909
HALLMARK_HEME_METABOLISM,ADD1,9606.ENSP00000264758,0.0757575757575758
HALLMARK_HEME_METABOLISM,DMTN,9606.ENSP00000427866,0.0757575757575758
HALLMARK_HEME_METABOLISM,EPB41,9606.ENSP00000345259,0.0757575757575758
HALLMARK_HEME_METABOLISM,ADD2,9606.ENSP00000264436,0.0606060606060606
HALLMARK_HEME_METABOLISM,CPOX,9606.ENSP00000497326,0.0606060606060606
HALLMARK_HEME_METABOLISM,HMBS,9606.ENSP00000498786,0.0606060606060606
HALLMARK_HEME_METABOLISM,BLVRB,9606.ENSP00000263368,0.0454545454545455
HALLMARK_HEME_METABOLISM,GLRX5,9606.ENSP00000328570,0.0454545454545455
HALLMARK_HEME_METABOLISM,SNCA,9606.ENSP00000500990,0.0454545454545455
HALLMARK_HEME_METABOLISM,TFRC,9606.ENSP00000376197,0.0454545454545455
HALLMARK_HEME_METABOLISM,AGPAT4,9606.ENSP00000314036,0.0303030303030303
HALLMARK_HEME_METABOLISM,BPGM,9606.ENSP00000376840,0.0303030303030303
HALLMARK_HEME_METABOLISM,BSG,9606.ENSP00000333769,0.0303030303030303
HALLMARK_HEME_METABOLISM,E2F2,9606.ENSP00000355249,0.0303030303030303
HALLMARK_HEME_METABOLISM,FBXO7,9606.ENSP00000266087,0.0303030303030303
HALLMARK_HEME_METABOLISM,FOXO3,9606.ENSP00000339527,0.0303030303030303
HALLMARK_HEME_METABOLISM,H4C3,9606.ENSP00000367034,0.0303030303030303
HALLMARK_HEME_METABOLISM,HTRA2,9606.ENSP00000258080,0.0303030303030303
HALLMARK_HEME_METABOLISM,ISCA1,9606.ENSP00000365159,0.0303030303030303
HALLMARK_HEME_METABOLISM,KEL,9606.ENSP00000347409,0.0303030303030303
HALLMARK_HEME_METABOLISM,LAMP2,9606.ENSP00000408411,0.0303030303030303
HALLMARK_HEME_METABOLISM,LPIN2,9606.ENSP00000261596,0.0303030303030303
HALLMARK_HEME_METABOLISM,MBOAT2,9606.ENSP00000302177,0.0303030303030303
HALLMARK_HEME_METABOLISM,MPP1,9606.ENSP00000358547,0.0303030303030303
HALLMARK_HEME_METABOLISM,MXI1,9606.ENSP00000331152,0.0303030303030303
HALLMARK_HEME_METABOLISM,OPTN,9606.ENSP00000368022,0.0303030303030303
HALLMARK_HEME_METABOLISM,PICALM,9606.ENSP00000377015,0.0303030303030303
HALLMARK_HEME_METABOLISM,SLC11A2,9606.ENSP00000378364,0.0303030303030303
HALLMARK_HEME_METABOLISM,SLC2A1,9606.ENSP00000416293,0.0303030303030303
HALLMARK_HEME_METABOLISM,ABCG2,9606.ENSP00000498246,0.0151515151515152
HALLMARK_HEME_METABOLISM,ACKR1,9606.ENSP00000357103,0.0151515151515152
HALLMARK_HEME_METABOLISM,ACP5,9606.ENSP00000218758,0.0151515151515152
HALLMARK_HEME_METABOLISM,BLVRA,9606.ENSP00000385757,0.0151515151515152
HALLMARK_HEME_METABOLISM,BMP2K,9606.ENSP00000334836,0.0151515151515152
HALLMARK_HEME_METABOLISM,BNIP3L,9606.ENSP00000370003,0.0151515151515152
HALLMARK_HEME_METABOLISM,BTRC,9606.ENSP00000359206,0.0151515151515152
HALLMARK_HEME_METABOLISM,CCND3,9606.ENSP00000362082,0.0151515151515152
HALLMARK_HEME_METABOLISM,CDC27,9606.ENSP00000434614,0.0151515151515152
HALLMARK_HEME_METABOLISM,CTSB,9606.ENSP00000345672,0.0151515151515152
HALLMARK_HEME_METABOLISM,DCAF10,9606.ENSP00000366953,0.0151515151515152
HALLMARK_HEME_METABOLISM,DCAF11,9606.ENSP00000415556,0.0151515151515152
HALLMARK_HEME_METABOLISM,GCLC,9606.ENSP00000497574,0.0151515151515152
HALLMARK_HEME_METABOLISM,GCLM,9606.ENSP00000359258,0.0151515151515152
HALLMARK_HEME_METABOLISM,H1-0,9606.ENSP00000344504,0.0151515151515152
HALLMARK_HEME_METABOLISM,KAT2B,9606.ENSP00000263754,0.0151515151515152
HALLMARK_HEME_METABOLISM,LMO2,9606.ENSP00000257818,0.0151515151515152
HALLMARK_HEME_METABOLISM,MARCHF8,9606.ENSP00000411848,0.0151515151515152
HALLMARK_HEME_METABOLISM,MINPP1,9606.ENSP00000361064,0.0151515151515152
HALLMARK_HEME_METABOLISM,OSBP2,9606.ENSP00000332576,0.0151515151515152
HALLMARK_HEME_METABOLISM,RANBP10,9606.ENSP00000316589,0.0151515151515152
HALLMARK_HEME_METABOLISM,RHCE,9606.ENSP00000294413,0.0151515151515152
HALLMARK_HEME_METABOLISM,RNF123,9606.ENSP00000328287,0.0151515151515152
HALLMARK_HEME_METABOLISM,SLC25A38,9606.ENSP00000497532,0.0151515151515152
HALLMARK_HEME_METABOLISM,SYNJ1,9606.ENSP00000409667,0.0151515151515152
HALLMARK_HEME_METABOLISM,TAL1,9606.ENSP00000294339,0.0151515151515152
HALLMARK_HEME_METABOLISM,TCEA1,9606.ENSP00000428426,0.0151515151515152
HALLMARK_HEME_METABOLISM,TFDP2,9606.ENSP00000420616,0.0151515151515152
HALLMARK_HEME_METABOLISM,UBAC1,9606.ENSP00000360821,0.0151515151515152
HALLMARK_HEME_METABOLISM,USP15,9606.ENSP00000280377,0.0151515151515152
HALLMARK_HEME_METABOLISM,XK,9606.ENSP00000367879,0.0151515151515152
HALLMARK_HEME_METABOLISM,YPEL5,9606.ENSP00000368835,0.0151515151515152
HALLMARK_HYPOXIA,EGFR,9606.ENSP00000275493,0.260162601626016
HALLMARK_HYPOXIA,GAPDH,9606.ENSP00000380070,0.219512195121951
HALLMARK_HYPOXIA,GPI,9606.ENSP00000405573,0.178861788617886
HALLMARK_HYPOXIA,FOS,9606.ENSP00000306245,0.154471544715447
HALLMARK_HYPOXIA,JUN,9606.ENSP00000360266,0.154471544715447
HALLMARK_HYPOXIA,ENO1,9606.ENSP00000495530,0.146341463414634
HALLMARK_HYPOXIA,IL6,9606.ENSP00000385675,0.146341463414634
HALLMARK_HYPOXIA,ALDOC,9606.ENSP00000378731,0.130081300813008
HALLMARK_HYPOXIA,HK2,9606.ENSP00000290573,0.130081300813008
HALLMARK_HYPOXIA,PFKL,9606.ENSP00000269848,0.121951219512195
HALLMARK_HYPOXIA,PFKP,9606.ENSP00000370517,0.121951219512195
HALLMARK_HYPOXIA,TPI1,9606.ENSP00000229270,0.121951219512195
HALLMARK_HYPOXIA,BCL2,9606.ENSP00000381185,0.113821138211382
HALLMARK_HYPOXIA,ENO3,9606.ENSP00000324105,0.113821138211382
HALLMARK_HYPOXIA,PGK1,9606.ENSP00000362413,0.113821138211382
HALLMARK_HYPOXIA,ALDOA,9606.ENSP00000496166,0.0975609756097561
HALLMARK_HYPOXIA,LDHA,9606.ENSP00000445175,0.0975609756097561
HALLMARK_HYPOXIA,HK1,9606.ENSP00000494664,0.0894308943089431
HALLMARK_HYPOXIA,ATF3,9606.ENSP00000344352,0.0813008130081301
HALLMARK_HYPOXIA,CCN2,9606.ENSP00000356954,0.0813008130081301
HALLMARK_HYPOXIA,CDKN1A,9606.ENSP00000384849,0.0813008130081301
HALLMARK_HYPOXIA,FBP1,9606.ENSP00000408025,0.0813008130081301
HALLMARK_HYPOXIA,GPC1,9606.ENSP00000264039,0.0813008130081301
HALLMARK_HYPOXIA,PGM1,9606.ENSP00000360124,0.0813008130081301
HALLMARK_HYPOXIA,PGM2,9606.ENSP00000371393,0.0813008130081301
HALLMARK_HYPOXIA,PYGM,9606.ENSP00000164139,0.0813008130081301
HALLMARK_HYPOXIA,CAV1,9606.ENSP00000339191,0.0731707317073171
HALLMARK_HYPOXIA,DCN,9606.ENSP00000052754,0.0731707317073171
HALLMARK_HYPOXIA,ENO2,9606.ENSP00000437402,0.0731707317073171
HALLMARK_HYPOXIA,FOXO3,9606.ENSP00000339527,0.0731707317073171
HALLMARK_HYPOXIA,BGN,9606.ENSP00000327336,0.0650406504065041
HALLMARK_HYPOXIA,HSPA5,9606.ENSP00000324173,0.0650406504065041
HALLMARK_HYPOXIA,SDC2,9606.ENSP00000307046,0.0650406504065041
HALLMARK_HYPOXIA,SDC4,9606.ENSP00000361818,0.0650406504065041
HALLMARK_HYPOXIA,SERPINE1,9606.ENSP00000223095,0.0650406504065041
HALLMARK_HYPOXIA,ANXA2,9606.ENSP00000346032,0.0569105691056911
HALLMARK_HYPOXIA,DDIT3,9606.ENSP00000448665,0.0569105691056911
HALLMARK_HYPOXIA,DUSP1,9606.ENSP00000239223,0.0569105691056911
HALLMARK_HYPOXIA,GBE1,9606.ENSP00000410833,0.0569105691056911
HALLMARK_HYPOXIA,GYS1,9606.ENSP00000317904,0.0569105691056911
HALLMARK_HYPOXIA,PFKFB3,9606.ENSP00000492001,0.0569105691056911
HALLMARK_HYPOXIA,UGP2,9606.ENSP00000338703,0.0569105691056911
HALLMARK_HYPOXIA,PLAUR,9606.ENSP00000339328,0.0487804878048781
HALLMARK_HYPOXIA,CDKN1B,9606.ENSP00000228872,0.040650406504065
HALLMARK_HYPOXIA,HMOX1,9606.ENSP00000216117,0.040650406504065
HALLMARK_HYPOXIA,PPP1R15A,9606.ENSP00000200453,0.040650406504065
HALLMARK_HYPOXIA,PRKCA,9606.ENSP00000408695,0.040650406504065
HALLMARK_HYPOXIA,SDC3,9606.ENSP00000344468,0.040650406504065
HALLMARK_HYPOXIA,SLC2A1,9606.ENSP00000416293,0.040650406504065
HALLMARK_HYPOXIA,CAVIN1,9606.ENSP00000349541,0.032520325203252
HALLMARK_HYPOXIA,CXCR4,9606.ENSP00000386884,0.032520325203252
HALLMARK_HYPOXIA,GPC3,9606.ENSP00000377836,0.032520325203252
HALLMARK_HYPOXIA,LDHC,9606.ENSP00000437783,0.032520325203252
HALLMARK_HYPOXIA,NR3C1,9606.ENSP00000231509,0.032520325203252
HALLMARK_HYPOXIA,PCK1,9606.ENSP00000319814,0.032520325203252
HALLMARK_HYPOXIA,PDK1,9606.ENSP00000376352,0.032520325203252
HALLMARK_HYPOXIA,S100A4,9606.ENSP00000357704,0.032520325203252
HALLMARK_HYPOXIA,SLC2A3,9606.ENSP00000075120,0.032520325203252
HALLMARK_HYPOXIA,ACKR3,9606.ENSP00000272928,0.024390243902439
HALLMARK_HYPOXIA,AKAP12,9606.ENSP00000384537,0.024390243902439
HALLMARK_HYPOXIA,ATP7A,9606.ENSP00000345728,0.024390243902439
HALLMARK_HYPOXIA,BCAN,9606.ENSP00000331210,0.024390243902439
HALLMARK_HYPOXIA,CCN1,9606.ENSP00000398736,0.024390243902439
HALLMARK_HYPOXIA,CP,9606.ENSP00000264613,0.024390243902439
HALLMARK_HYPOXIA,ERO1A,9606.ENSP00000379042,0.024390243902439
HALLMARK_HYPOXIA,EXT1,9606.ENSP00000367446,0.024390243902439
HALLMARK_HYPOXIA,F3,9606.ENSP00000334145,0.024390243902439
HALLMARK_HYPOXIA,GPC4,9606.ENSP00000359864,0.024390243902439
HALLMARK_HYPOXIA,KLF6,9606.ENSP00000419923,0.024390243902439
HALLMARK_HYPOXIA,LOX,9606.ENSP00000231004,0.024390243902439
HALLMARK_HYPOXIA,MAFF,9606.ENSP00000442060,0.024390243902439
HALLMARK_HYPOXIA,MT1E,9606.ENSP00000328137,0.024390243902439
HALLMARK_HYPOXIA,RORA,9606.ENSP00000261523,0.024390243902439
HALLMARK_HYPOXIA,SCARB1,9606.ENSP00000261693,0.024390243902439
HALLMARK_HYPOXIA,STBD1,9606.ENSP00000237642,0.024390243902439
HALLMARK_HYPOXIA,TGFB3,9606.ENSP00000238682,0.024390243902439
HALLMARK_HYPOXIA,ZFP36,9606.ENSP00000471239,0.024390243902439
HALLMARK_HYPOXIA,BHLHE40,9606.ENSP00000256495,0.016260162601626
HALLMARK_HYPOXIA,CAVIN3,9606.ENSP00000307292,0.016260162601626
HALLMARK_HYPOXIA,CDKN1C,9606.ENSP00000413720,0.016260162601626
HALLMARK_HYPOXIA,COL5A1,9606.ENSP00000360882,0.016260162601626
HALLMARK_HYPOXIA,ETS1,9606.ENSP00000376436,0.016260162601626
HALLMARK_HYPOXIA,FOSL2,9606.ENSP00000264716,0.016260162601626
HALLMARK_HYPOXIA,GAA,9606.ENSP00000305692,0.016260162601626
HALLMARK_HYPOXIA,IGFBP3,9606.ENSP00000370473,0.016260162601626
HALLMARK_HYPOXIA,NDST1,9606.ENSP00000261797,0.016260162601626
HALLMARK_HYPOXIA,NFIL3,9606.ENSP00000297689,0.016260162601626
HALLMARK_HYPOXIA,PPP1R3C,9606.ENSP00000238994,0.016260162601626
HALLMARK_HYPOXIA,TGFBI,9606.ENSP00000416330,0.016260162601626
HALLMARK_HYPOXIA,ADM,9606.ENSP00000436607,0.008130081300813
HALLMARK_HYPOXIA,AK4,9606.ENSP00000378743,0.008130081300813
HALLMARK_HYPOXIA,AMPD3,9606.ENSP00000379802,0.008130081300813
HALLMARK_HYPOXIA,ANGPTL4,9606.ENSP00000301455,0.008130081300813
HALLMARK_HYPOXIA,BNIP3L,9606.ENSP00000370003,0.008130081300813
HALLMARK_HYPOXIA,BTG1,9606.ENSP00000256015,0.008130081300813
HALLMARK_HYPOXIA,CCNG2,9606.ENSP00000315743,0.008130081300813
HALLMARK_HYPOXIA,CITED2,9606.ENSP00000444198,0.008130081300813
HALLMARK_HYPOXIA,EFNA1,9606.ENSP00000357392,0.008130081300813
HALLMARK_HYPOXIA,EFNA3,9606.ENSP00000357393,0.008130081300813
HALLMARK_HYPOXIA,ERRFI1,9606.ENSP00000366702,0.008130081300813
HALLMARK_HYPOXIA,GALK1,9606.ENSP00000225614,0.008130081300813
HALLMARK_HYPOXIA,GLRX,9606.ENSP00000369314,0.008130081300813
HALLMARK_HYPOXIA,GRHPR,9606.ENSP00000313432,0.008130081300813
HALLMARK_HYPOXIA,IRS2,9606.ENSP00000365016,0.008130081300813
HALLMARK_HYPOXIA,MAP3K1,9606.ENSP00000382423,0.008130081300813
HALLMARK_HYPOXIA,MT2A,9606.ENSP00000245185,0.008130081300813
HALLMARK_HYPOXIA,MXI1,9606.ENSP00000331152,0.008130081300813
HALLMARK_HYPOXIA,MYH9,9606.ENSP00000216181,0.008130081300813
HALLMARK_HYPOXIA,NEDD4L,9606.ENSP00000383199,0.008130081300813
HALLMARK_HYPOXIA,P4HA1,9606.ENSP00000263556,0.008130081300813
HALLMARK_HYPOXIA,P4HA2,9606.ENSP00000384999,0.008130081300813
HALLMARK_HYPOXIA,PDGFB,9606.ENSP00000330382,0.008130081300813
HALLMARK_HYPOXIA,PDK3,9606.ENSP00000498864,0.008130081300813
HALLMARK_HYPOXIA,PGF,9606.ENSP00000451040,0.008130081300813
HALLMARK_HYPOXIA,PHKG1,9606.ENSP00000445440,0.008130081300813
HALLMARK_HYPOXIA,PLIN2,9606.ENSP00000276914,0.008130081300813
HALLMARK_HYPOXIA,RBPJ,9606.ENSP00000345206,0.008130081300813
HALLMARK_HYPOXIA,SAP30,9606.ENSP00000296504,0.008130081300813
HALLMARK_HYPOXIA,SELENBP1,9606.ENSP00000397261,0.008130081300813
HALLMARK_HYPOXIA,SIAH2,9606.ENSP00000322457,0.008130081300813
HALLMARK_HYPOXIA,SLC2A5,9606.ENSP00000366641,0.008130081300813
HALLMARK_HYPOXIA,TNFAIP3,9606.ENSP00000481570,0.008130081300813
HALLMARK_HYPOXIA,VHL,9606.ENSP00000256474,0.008130081300813
HALLMARK_HYPOXIA,VLDLR,9606.ENSP00000371532,0.008130081300813
HALLMARK_IL2_STAT5_SIGNALING,CD44,9606.ENSP00000398632,0.173469387755102
HALLMARK_IL2_STAT5_SIGNALING,MYC,9606.ENSP00000478887,0.173469387755102
HALLMARK_IL2_STAT5_SIGNALING,CD86,9606.ENSP00000332049,0.142857142857143
HALLMARK_IL2_STAT5_SIGNALING,IL2RA,9606.ENSP00000369293,0.102040816326531
HALLMARK_IL2_STAT5_SIGNALING,TNFRSF18,9606.ENSP00000328207,0.0918367346938776
HALLMARK_IL2_STAT5_SIGNALING,ICOS,9606.ENSP00000319476,0.0816326530612245
HALLMARK_IL2_STAT5_SIGNALING,CTLA4,9606.ENSP00000497102,0.0714285714285714
HALLMARK_IL2_STAT5_SIGNALING,CXCL10,9606.ENSP00000305651,0.0714285714285714
HALLMARK_IL2_STAT5_SIGNALING,NT5E,9606.ENSP00000257770,0.0714285714285714
HALLMARK_IL2_STAT5_SIGNALING,TNFRSF4,9606.ENSP00000368538,0.0714285714285714
HALLMARK_IL2_STAT5_SIGNALING,TNFRSF9,9606.ENSP00000478699,0.0714285714285714
HALLMARK_IL2_STAT5_SIGNALING,BCL2,9606.ENSP00000381185,0.0612244897959184
HALLMARK_IL2_STAT5_SIGNALING,IL10RA,9606.ENSP00000227752,0.0612244897959184
HALLMARK_IL2_STAT5_SIGNALING,IL2RB,9606.ENSP00000216223,0.0612244897959184
HALLMARK_IL2_STAT5_SIGNALING,IL4R,9606.ENSP00000379111,0.0612244897959184
HALLMARK_IL2_STAT5_SIGNALING,ITGAE,9606.ENSP00000263087,0.0612244897959184
HALLMARK_IL2_STAT5_SIGNALING,SELL,9606.ENSP00000498227,0.0612244897959184
HALLMARK_IL2_STAT5_SIGNALING,TNFRSF1B,9606.ENSP00000365435,0.0612244897959184
HALLMARK_IL2_STAT5_SIGNALING,BATF,9606.ENSP00000286639,0.0510204081632653
HALLMARK_IL2_STAT5_SIGNALING,BCL2L1,9606.ENSP00000365230,0.0510204081632653
HALLMARK_IL2_STAT5_SIGNALING,CASP3,9606.ENSP00000311032,0.0510204081632653
HALLMARK_IL2_STAT5_SIGNALING,CDKN1C,9606.ENSP00000413720,0.0510204081632653
HALLMARK_IL2_STAT5_SIGNALING,ITGA6,9606.ENSP00000386896,0.0510204081632653
HALLMARK_IL2_STAT5_SIGNALING,ITGAV,9606.ENSP00000261023,0.0510204081632653
HALLMARK_IL2_STAT5_SIGNALING,SPP1,9606.ENSP00000378517,0.0510204081632653
HALLMARK_IL2_STAT5_SIGNALING,TNFRSF8,9606.ENSP00000263932,0.0510204081632653
HALLMARK_IL2_STAT5_SIGNALING,TNFSF11,9606.ENSP00000381775,0.0510204081632653
HALLMARK_IL2_STAT5_SIGNALING,TRAF1,9606.ENSP00000362994,0.0510204081632653
HALLMARK_IL2_STAT5_SIGNALING,BATF3,9606.ENSP00000243440,0.0408163265306122
HALLMARK_IL2_STAT5_SIGNALING,CCND2,9606.ENSP00000261254,0.0408163265306122
HALLMARK_IL2_STAT5_SIGNALING,CSF1,9606.ENSP00000327513,0.0408163265306122
HALLMARK_IL2_STAT5_SIGNALING,IGF1R,9606.ENSP00000497069,0.0408163265306122
HALLMARK_IL2_STAT5_SIGNALING,IRF4,9606.ENSP00000370343,0.0408163265306122
HALLMARK_IL2_STAT5_SIGNALING,IRF8,9606.ENSP00000268638,0.0408163265306122
HALLMARK_IL2_STAT5_SIGNALING,LIF,9606.ENSP00000249075,0.0408163265306122
HALLMARK_IL2_STAT5_SIGNALING,SOCS1,9606.ENSP00000496577,0.0408163265306122
HALLMARK_IL2_STAT5_SIGNALING,BMP2,9606.ENSP00000368104,0.0306122448979592
HALLMARK_IL2_STAT5_SIGNALING,CCNE1,9606.ENSP00000262643,0.0306122448979592
HALLMARK_IL2_STAT5_SIGNALING,CD81,9606.ENSP00000263645,0.0306122448979592
HALLMARK_IL2_STAT5_SIGNALING,COL6A1,9606.ENSP00000355180,0.0306122448979592
HALLMARK_IL2_STAT5_SIGNALING,ENPP1,9606.ENSP00000498074,0.0306122448979592
HALLMARK_IL2_STAT5_SIGNALING,IFNGR1,9606.ENSP00000356713,0.0306122448979592
HALLMARK_IL2_STAT5_SIGNALING,IGF2R,9606.ENSP00000349437,0.0306122448979592
HALLMARK_IL2_STAT5_SIGNALING,NFIL3,9606.ENSP00000297689,0.0306122448979592
HALLMARK_IL2_STAT5_SIGNALING,RORA,9606.ENSP00000261523,0.0306122448979592
HALLMARK_IL2_STAT5_SIGNALING,UMPS,9606.ENSP00000232607,0.0306122448979592
HALLMARK_IL2_STAT5_SIGNALING,ALCAM,9606.ENSP00000305988,0.0204081632653061
HALLMARK_IL2_STAT5_SIGNALING,BHLHE40,9606.ENSP00000256495,0.0204081632653061
HALLMARK_IL2_STAT5_SIGNALING,CCND3,9606.ENSP00000362082,0.0204081632653061
HALLMARK_IL2_STAT5_SIGNALING,CDC6,9606.ENSP00000209728,0.0204081632653061
HALLMARK_IL2_STAT5_SIGNALING,CTSZ,9606.ENSP00000217131,0.0204081632653061
HALLMARK_IL2_STAT5_SIGNALING,EOMES,9606.ENSP00000388620,0.0204081632653061
HALLMARK_IL2_STAT5_SIGNALING,HK2,9606.ENSP00000290573,0.0204081632653061
HALLMARK_IL2_STAT5_SIGNALING,IL18R1,9606.ENSP00000387211,0.0204081632653061
HALLMARK_IL2_STAT5_SIGNALING,LTB,9606.ENSP00000410481,0.0204081632653061
HALLMARK_IL2_STAT5_SIGNALING,NCOA3,9606.ENSP00000361066,0.0204081632653061
HALLMARK_IL2_STAT5_SIGNALING,NRP1,9606.ENSP00000265371,0.0204081632653061
HALLMARK_IL2_STAT5_SIGNALING,PLEC,9606.ENSP00000323856,0.0204081632653061
HALLMARK_IL2_STAT5_SIGNALING,RHOB,9606.ENSP00000272233,0.0204081632653061
HALLMARK_IL2_STAT5_SIGNALING,SELP,9606.ENSP00000263686,0.0204081632653061
HALLMARK_IL2_STAT5_SIGNALING,TIAM1,9606.ENSP00000286827,0.0204081632653061
HALLMARK_IL2_STAT5_SIGNALING,TLR7,9606.ENSP00000370034,0.0204081632653061
HALLMARK_IL2_STAT5_SIGNALING,TNFSF10,9606.ENSP00000241261,0.0204081632653061
HALLMARK_IL2_STAT5_SIGNALING,UCK2,9606.ENSP00000356853,0.0204081632653061
HALLMARK_IL2_STAT5_SIGNALING,XBP1,9606.ENSP00000216037,0.0204081632653061
HALLMARK_IL2_STAT5_SIGNALING,AGER,9606.ENSP00000364210,0.0102040816326531
HALLMARK_IL2_STAT5_SIGNALING,AHNAK,9606.ENSP00000367263,0.0102040816326531
HALLMARK_IL2_STAT5_SIGNALING,APLP1,9606.ENSP00000221891,0.0102040816326531
HALLMARK_IL2_STAT5_SIGNALING,BMPR2,9606.ENSP00000363708,0.0102040816326531
HALLMARK_IL2_STAT5_SIGNALING,CCR4,9606.ENSP00000332659,0.0102040816326531
HALLMARK_IL2_STAT5_SIGNALING,CD48,9606.ENSP00000484431,0.0102040816326531
HALLMARK_IL2_STAT5_SIGNALING,CD79B,9606.ENSP00000376544,0.0102040816326531
HALLMARK_IL2_STAT5_SIGNALING,CD83,9606.ENSP00000368450,0.0102040816326531
HALLMARK_IL2_STAT5_SIGNALING,CISH,9606.ENSP00000409346,0.0102040816326531
HALLMARK_IL2_STAT5_SIGNALING,ETV4,9606.ENSP00000321835,0.0102040816326531
HALLMARK_IL2_STAT5_SIGNALING,FURIN,9606.ENSP00000483552,0.0102040816326531
HALLMARK_IL2_STAT5_SIGNALING,GALM,9606.ENSP00000272252,0.0102040816326531
HALLMARK_IL2_STAT5_SIGNALING,GBP4,9606.ENSP00000359490,0.0102040816326531
HALLMARK_IL2_STAT5_SIGNALING,GPX4,9606.ENSP00000346103,0.0102040816326531
HALLMARK_IL2_STAT5_SIGNALING,GSTO1,9606.ENSP00000358727,0.0102040816326531
HALLMARK_IL2_STAT5_SIGNALING,HOPX,9606.ENSP00000450527,0.0102040816326531
HALLMARK_IL2_STAT5_SIGNALING,HUWE1,9606.ENSP00000340648,0.0102040816326531
HALLMARK_IL2_STAT5_SIGNALING,IL3RA,9606.ENSP00000327890,0.0102040816326531
HALLMARK_IL2_STAT5_SIGNALING,LRIG1,9606.ENSP00000273261,0.0102040816326531
HALLMARK_IL2_STAT5_SIGNALING,MUC1,9606.ENSP00000484824,0.0102040816326531
HALLMARK_IL2_STAT5_SIGNALING,MXD1,9606.ENSP00000264444,0.0102040816326531
HALLMARK_IL2_STAT5_SIGNALING,NDRG1,9606.ENSP00000404854,0.0102040816326531
HALLMARK_IL2_STAT5_SIGNALING,ODC1,9606.ENSP00000234111,0.0102040816326531
HALLMARK_IL2_STAT5_SIGNALING,PIM1,9606.ENSP00000362608,0.0102040816326531
HALLMARK_IL2_STAT5_SIGNALING,PLAGL1,9606.ENSP00000353734,0.0102040816326531
HALLMARK_IL2_STAT5_SIGNALING,PNP,9606.ENSP00000354532,0.0102040816326531
HALLMARK_IL2_STAT5_SIGNALING,POU2F1,9606.ENSP00000356840,0.0102040816326531
HALLMARK_IL2_STAT5_SIGNALING,PRNP,9606.ENSP00000399376,0.0102040816326531
HALLMARK_IL2_STAT5_SIGNALING,RHOH,9606.ENSP00000371219,0.0102040816326531
HALLMARK_IL2_STAT5_SIGNALING,S100A1,9606.ENSP00000292169,0.0102040816326531
HALLMARK_IL2_STAT5_SIGNALING,SLC2A3,9606.ENSP00000075120,0.0102040816326531
HALLMARK_IL2_STAT5_SIGNALING,SPRED2,9606.ENSP00000348753,0.0102040816326531
HALLMARK_IL2_STAT5_SIGNALING,SPRY4,9606.ENSP00000344967,0.0102040816326531
HALLMARK_IL2_STAT5_SIGNALING,TNFRSF21,9606.ENSP00000296861,0.0102040816326531
HALLMARK_IL6_JAK_STAT3_SIGNALING,IL6,9606.ENSP00000385675,0.652777777777778
HALLMARK_IL6_JAK_STAT3_SIGNALING,STAT3,9606.ENSP00000264657,0.5
HALLMARK_IL6_JAK_STAT3_SIGNALING,TNF,9606.ENSP00000398698,0.486111111111111
HALLMARK_IL6_JAK_STAT3_SIGNALING,IL1B,9606.ENSP00000263341,0.458333333333333
HALLMARK_IL6_JAK_STAT3_SIGNALING,STAT1,9606.ENSP00000354394,0.402777777777778
HALLMARK_IL6_JAK_STAT3_SIGNALING,TYK2,9606.ENSP00000431885,0.375
HALLMARK_IL6_JAK_STAT3_SIGNALING,IL7,9606.ENSP00000263851,0.291666666666667
HALLMARK_IL6_JAK_STAT3_SIGNALING,SOCS3,9606.ENSP00000330341,0.277777777777778
HALLMARK_IL6_JAK_STAT3_SIGNALING,CXCL1,9606.ENSP00000379110,0.25
HALLMARK_IL6_JAK_STAT3_SIGNALING,CXCL10,9606.ENSP00000305651,0.236111111111111
HALLMARK_IL6_JAK_STAT3_SIGNALING,TNFRSF1A,9606.ENSP00000162749,0.236111111111111
HALLMARK_IL6_JAK_STAT3_SIGNALING,IL2RA,9606.ENSP00000369293,0.222222222222222
HALLMARK_IL6_JAK_STAT3_SIGNALING,IFNGR1,9606.ENSP00000356713,0.208333333333333
HALLMARK_IL6_JAK_STAT3_SIGNALING,IL1R1,9606.ENSP00000386380,0.208333333333333
HALLMARK_IL6_JAK_STAT3_SIGNALING,CD44,9606.ENSP00000398632,0.194444444444444
HALLMARK_IL6_JAK_STAT3_SIGNALING,SOCS1,9606.ENSP00000496577,0.194444444444444
HALLMARK_IL6_JAK_STAT3_SIGNALING,CXCL9,9606.ENSP00000354901,0.180555555555556
HALLMARK_IL6_JAK_STAT3_SIGNALING,IL6ST,9606.ENSP00000370698,0.180555555555556
HALLMARK_IL6_JAK_STAT3_SIGNALING,IRF1,9606.ENSP00000245414,0.180555555555556
HALLMARK_IL6_JAK_STAT3_SIGNALING,TLR2,9606.ENSP00000260010,0.180555555555556
HALLMARK_IL6_JAK_STAT3_SIGNALING,GRB2,9606.ENSP00000376345,0.166666666666667
HALLMARK_IL6_JAK_STAT3_SIGNALING,IFNAR1,9606.ENSP00000270139,0.166666666666667
HALLMARK_IL6_JAK_STAT3_SIGNALING,IL4R,9606.ENSP00000379111,0.166666666666667
HALLMARK_IL6_JAK_STAT3_SIGNALING,MYD88,9606.ENSP00000498321,0.166666666666667
HALLMARK_IL6_JAK_STAT3_SIGNALING,PTPN11,9606.ENSP00000489597,0.166666666666667
HALLMARK_IL6_JAK_STAT3_SIGNALING,TGFB1,9606.ENSP00000221930,0.166666666666667
HALLMARK_IL6_JAK_STAT3_SIGNALING,CSF1,9606.ENSP00000327513,0.152777777777778
HALLMARK_IL6_JAK_STAT3_SIGNALING,CXCL11,9606.ENSP00000306884,0.152777777777778
HALLMARK_IL6_JAK_STAT3_SIGNALING,IL13RA1,9606.ENSP00000360730,0.152777777777778
HALLMARK_IL6_JAK_STAT3_SIGNALING,JUN,9606.ENSP00000360266,0.152777777777778
HALLMARK_IL6_JAK_STAT3_SIGNALING,STAT2,9606.ENSP00000315768,0.152777777777778
HALLMARK_IL6_JAK_STAT3_SIGNALING,CCR1,9606.ENSP00000296140,0.138888888888889
HALLMARK_IL6_JAK_STAT3_SIGNALING,CSF3R,9606.ENSP00000362195,0.138888888888889
HALLMARK_IL6_JAK_STAT3_SIGNALING,IFNGR2,9606.ENSP00000371425,0.138888888888889
HALLMARK_IL6_JAK_STAT3_SIGNALING,IL12RB1,9606.ENSP00000470788,0.125
HALLMARK_IL6_JAK_STAT3_SIGNALING,IL2RG,9606.ENSP00000363318,0.125
HALLMARK_IL6_JAK_STAT3_SIGNALING,TNFRSF1B,9606.ENSP00000365435,0.125
HALLMARK_IL6_JAK_STAT3_SIGNALING,CCL7,9606.ENSP00000367832,0.111111111111111
HALLMARK_IL6_JAK_STAT3_SIGNALING,CSF2RB,9606.ENSP00000384053,0.111111111111111
HALLMARK_IL6_JAK_STAT3_SIGNALING,CBL,9606.ENSP00000264033,0.0972222222222222
HALLMARK_IL6_JAK_STAT3_SIGNALING,CXCL13,9606.ENSP00000286758,0.0972222222222222
HALLMARK_IL6_JAK_STAT3_SIGNALING,IL17RA,9606.ENSP00000320936,0.0972222222222222
HALLMARK_IL6_JAK_STAT3_SIGNALING,IRF9,9606.ENSP00000380073,0.0972222222222222
HALLMARK_IL6_JAK_STAT3_SIGNALING,LEPR,9606.ENSP00000330393,0.0972222222222222
HALLMARK_IL6_JAK_STAT3_SIGNALING,CD36,9606.ENSP00000415743,0.0833333333333333
HALLMARK_IL6_JAK_STAT3_SIGNALING,CD38,9606.ENSP00000226279,0.0833333333333333
HALLMARK_IL6_JAK_STAT3_SIGNALING,IL3RA,9606.ENSP00000327890,0.0833333333333333
HALLMARK_IL6_JAK_STAT3_SIGNALING,PTPN1,9606.ENSP00000360683,0.0833333333333333
HALLMARK_IL6_JAK_STAT3_SIGNALING,FAS,9606.ENSP00000498466,0.0694444444444444
HALLMARK_IL6_JAK_STAT3_SIGNALING,HMOX1,9606.ENSP00000216117,0.0694444444444444
HALLMARK_IL6_JAK_STAT3_SIGNALING,LTBR,9606.ENSP00000228918,0.0694444444444444
HALLMARK_IL6_JAK_STAT3_SIGNALING,OSMR,9606.ENSP00000274276,0.0694444444444444
HALLMARK_IL6_JAK_STAT3_SIGNALING,PTPN2,9606.ENSP00000311857,0.0694444444444444
HALLMARK_IL6_JAK_STAT3_SIGNALING,A2M,9606.ENSP00000323929,0.0555555555555556
HALLMARK_IL6_JAK_STAT3_SIGNALING,CNTFR,9606.ENSP00000368265,0.0555555555555556
HALLMARK_IL6_JAK_STAT3_SIGNALING,IL18R1,9606.ENSP00000387211,0.0555555555555556
HALLMARK_IL6_JAK_STAT3_SIGNALING,IL1R2,9606.ENSP00000330959,0.0555555555555556
HALLMARK_IL6_JAK_STAT3_SIGNALING,ITGA4,9606.ENSP00000380227,0.0555555555555556
HALLMARK_IL6_JAK_STAT3_SIGNALING,ITGB3,9606.ENSP00000452786,0.0555555555555556
HALLMARK_IL6_JAK_STAT3_SIGNALING,LTB,9606.ENSP00000410481,0.0555555555555556
HALLMARK_IL6_JAK_STAT3_SIGNALING,CD9,9606.ENSP00000371958,0.0416666666666667
HALLMARK_IL6_JAK_STAT3_SIGNALING,IL15RA,9606.ENSP00000380421,0.0416666666666667
HALLMARK_IL6_JAK_STAT3_SIGNALING,TNFRSF12A,9606.ENSP00000326737,0.0416666666666667
HALLMARK_IL6_JAK_STAT3_SIGNALING,CSF2RA,9606.ENSP00000394227,0.0277777777777778
HALLMARK_IL6_JAK_STAT3_SIGNALING,EBI3,9606.ENSP00000221847,0.0277777777777778
HALLMARK_IL6_JAK_STAT3_SIGNALING,TNFRSF21,9606.ENSP00000296861,0.0277777777777778
HALLMARK_IL6_JAK_STAT3_SIGNALING,ACVRL1,9606.ENSP00000373574,0.0138888888888889
HALLMARK_IL6_JAK_STAT3_SIGNALING,CD14,9606.ENSP00000385519,0.0138888888888889
HALLMARK_IL6_JAK_STAT3_SIGNALING,HAX1,9606.ENSP00000329002,0.0138888888888889
HALLMARK_IL6_JAK_STAT3_SIGNALING,IL17RB,9606.ENSP00000288167,0.0138888888888889
HALLMARK_IL6_JAK_STAT3_SIGNALING,MAP3K8,9606.ENSP00000263056,0.0138888888888889
HALLMARK_IL6_JAK_STAT3_SIGNALING,PIM1,9606.ENSP00000362608,0.0138888888888889
HALLMARK_IL6_JAK_STAT3_SIGNALING,STAM2,9606.ENSP00000263904,0.0138888888888889
HALLMARK_INFLAMMATORY_RESPONSE,IL6,9606.ENSP00000385675,0.435483870967742
HALLMARK_INFLAMMATORY_RESPONSE,IL1B,9606.ENSP00000263341,0.419354838709677
HALLMARK_INFLAMMATORY_RESPONSE,CXCL8,9606.ENSP00000306512,0.32258064516129
HALLMARK_INFLAMMATORY_RESPONSE,CCL2,9606.ENSP00000225831,0.258064516129032
HALLMARK_INFLAMMATORY_RESPONSE,CCL5,9606.ENSP00000474412,0.241935483870968
HALLMARK_INFLAMMATORY_RESPONSE,CXCL10,9606.ENSP00000305651,0.225806451612903
HALLMARK_INFLAMMATORY_RESPONSE,NFKB1,9606.ENSP00000226574,0.225806451612903
HALLMARK_INFLAMMATORY_RESPONSE,TLR2,9606.ENSP00000260010,0.225806451612903
HALLMARK_INFLAMMATORY_RESPONSE,ICAM1,9606.ENSP00000264832,0.217741935483871
HALLMARK_INFLAMMATORY_RESPONSE,CCR7,9606.ENSP00000246657,0.185483870967742
HALLMARK_INFLAMMATORY_RESPONSE,IL15,9606.ENSP00000296545,0.185483870967742
HALLMARK_INFLAMMATORY_RESPONSE,IL18,9606.ENSP00000280357,0.169354838709677
HALLMARK_INFLAMMATORY_RESPONSE,CD40,9606.ENSP00000361359,0.161290322580645
HALLMARK_INFLAMMATORY_RESPONSE,CXCL9,9606.ENSP00000354901,0.161290322580645
HALLMARK_INFLAMMATORY_RESPONSE,CCRL2,9606.ENSP00000349967,0.153225806451613
HALLMARK_INFLAMMATORY_RESPONSE,IL7R,9606.ENSP00000306157,0.145161290322581
HALLMARK_INFLAMMATORY_RESPONSE,TLR3,9606.ENSP00000296795,0.145161290322581
HALLMARK_INFLAMMATORY_RESPONSE,CCL20,9606.ENSP00000351671,0.137096774193548
HALLMARK_INFLAMMATORY_RESPONSE,CXCL11,9606.ENSP00000306884,0.137096774193548
HALLMARK_INFLAMMATORY_RESPONSE,RELA,9606.ENSP00000384273,0.137096774193548
HALLMARK_INFLAMMATORY_RESPONSE,IL1R1,9606.ENSP00000386380,0.129032258064516
HALLMARK_INFLAMMATORY_RESPONSE,CCL22,9606.ENSP00000219235,0.120967741935484
HALLMARK_INFLAMMATORY_RESPONSE,CD69,9606.ENSP00000228434,0.120967741935484
HALLMARK_INFLAMMATORY_RESPONSE,CX3CL1,9606.ENSP00000006053,0.120967741935484
HALLMARK_INFLAMMATORY_RESPONSE,CXCR6,9606.ENSP00000395704,0.120967741935484
HALLMARK_INFLAMMATORY_RESPONSE,IRF7,9606.ENSP00000380697,0.120967741935484
HALLMARK_INFLAMMATORY_RESPONSE,CCL17,9606.ENSP00000219244,0.112903225806452
HALLMARK_INFLAMMATORY_RESPONSE,NFKBIA,9606.ENSP00000216797,0.112903225806452
HALLMARK_INFLAMMATORY_RESPONSE,CCL7,9606.ENSP00000367832,0.0967741935483871
HALLMARK_INFLAMMATORY_RESPONSE,IL2RB,9606.ENSP00000216223,0.0967741935483871
HALLMARK_INFLAMMATORY_RESPONSE,NLRP3,9606.ENSP00000337383,0.0887096774193548
HALLMARK_INFLAMMATORY_RESPONSE,SERPINE1,9606.ENSP00000223095,0.0887096774193548
HALLMARK_INFLAMMATORY_RESPONSE,TIMP1,9606.ENSP00000218388,0.0887096774193548
HALLMARK_INFLAMMATORY_RESPONSE,GNAI3,9606.ENSP00000358867,0.0806451612903226
HALLMARK_INFLAMMATORY_RESPONSE,NOD2,9606.ENSP00000300589,0.0806451612903226
HALLMARK_INFLAMMATORY_RESPONSE,SELL,9606.ENSP00000498227,0.0806451612903226
HALLMARK_INFLAMMATORY_RESPONSE,CSF1,9606.ENSP00000327513,0.0725806451612903
HALLMARK_INFLAMMATORY_RESPONSE,IFNAR1,9606.ENSP00000270139,0.0725806451612903
HALLMARK_INFLAMMATORY_RESPONSE,IL10RA,9606.ENSP00000227752,0.0725806451612903
HALLMARK_INFLAMMATORY_RESPONSE,IL4R,9606.ENSP00000379111,0.0725806451612903
HALLMARK_INFLAMMATORY_RESPONSE,LIF,9606.ENSP00000249075,0.0725806451612903
HALLMARK_INFLAMMATORY_RESPONSE,MYC,9606.ENSP00000478887,0.0725806451612903
HALLMARK_INFLAMMATORY_RESPONSE,EDN1,9606.ENSP00000368683,0.0645161290322581
HALLMARK_INFLAMMATORY_RESPONSE,IRF1,9606.ENSP00000245414,0.0645161290322581
HALLMARK_INFLAMMATORY_RESPONSE,LTA,9606.ENSP00000403495,0.0645161290322581
HALLMARK_INFLAMMATORY_RESPONSE,OSM,9606.ENSP00000215781,0.0645161290322581
HALLMARK_INFLAMMATORY_RESPONSE,SELE,9606.ENSP00000331736,0.0645161290322581
HALLMARK_INFLAMMATORY_RESPONSE,TLR1,9606.ENSP00000354932,0.0645161290322581
HALLMARK_INFLAMMATORY_RESPONSE,TNFRSF1B,9606.ENSP00000365435,0.0645161290322581
HALLMARK_INFLAMMATORY_RESPONSE,F3,9606.ENSP00000334145,0.0564516129032258
HALLMARK_INFLAMMATORY_RESPONSE,LYN,9606.ENSP00000428924,0.0564516129032258
HALLMARK_INFLAMMATORY_RESPONSE,TNFAIP6,9606.ENSP00000243347,0.0564516129032258
HALLMARK_INFLAMMATORY_RESPONSE,TNFRSF9,9606.ENSP00000478699,0.0564516129032258
HALLMARK_INFLAMMATORY_RESPONSE,EIF2AK2,9606.ENSP00000233057,0.0483870967741935
HALLMARK_INFLAMMATORY_RESPONSE,HIF1A,9606.ENSP00000437955,0.0483870967741935
HALLMARK_INFLAMMATORY_RESPONSE,IL18R1,9606.ENSP00000387211,0.0483870967741935
HALLMARK_INFLAMMATORY_RESPONSE,IRAK2,9606.ENSP00000256458,0.0483870967741935
HALLMARK_INFLAMMATORY_RESPONSE,LCK,9606.ENSP00000477713,0.0483870967741935
HALLMARK_INFLAMMATORY_RESPONSE,C3AR1,9606.ENSP00000302079,0.0403225806451613
HALLMARK_INFLAMMATORY_RESPONSE,C5AR1,9606.ENSP00000347197,0.0403225806451613
HALLMARK_INFLAMMATORY_RESPONSE,CSF3R,9606.ENSP00000362195,0.0403225806451613
HALLMARK_INFLAMMATORY_RESPONSE,RIPK2,9606.ENSP00000220751,0.0403225806451613
HALLMARK_INFLAMMATORY_RESPONSE,CDKN1A,9606.ENSP00000384849,0.032258064516129
HALLMARK_INFLAMMATORY_RESPONSE,CYBB,9606.ENSP00000367851,0.032258064516129
HALLMARK_INFLAMMATORY_RESPONSE,ITGB3,9606.ENSP00000452786,0.032258064516129
HALLMARK_INFLAMMATORY_RESPONSE,NAMPT,9606.ENSP00000222553,0.032258064516129
HALLMARK_INFLAMMATORY_RESPONSE,PLAUR,9606.ENSP00000339328,0.032258064516129
HALLMARK_INFLAMMATORY_RESPONSE,CD55,9606.ENSP00000356030,0.0241935483870968
HALLMARK_INFLAMMATORY_RESPONSE,CD70,9606.ENSP00000395294,0.0241935483870968
HALLMARK_INFLAMMATORY_RESPONSE,FPR1,9606.ENSP00000471493,0.0241935483870968
HALLMARK_INFLAMMATORY_RESPONSE,IFITM1,9606.ENSP00000330825,0.0241935483870968
HALLMARK_INFLAMMATORY_RESPONSE,IL15RA,9606.ENSP00000380421,0.0241935483870968
HALLMARK_INFLAMMATORY_RESPONSE,ITGA5,9606.ENSP00000293379,0.0241935483870968
HALLMARK_INFLAMMATORY_RESPONSE,LCP2,9606.ENSP00000046794,0.0241935483870968
HALLMARK_INFLAMMATORY_RESPONSE,MET,9606.ENSP00000317272,0.0241935483870968
HALLMARK_INFLAMMATORY_RESPONSE,MMP14,9606.ENSP00000308208,0.0241935483870968
HALLMARK_INFLAMMATORY_RESPONSE,OSMR,9606.ENSP00000274276,0.0241935483870968
HALLMARK_INFLAMMATORY_RESPONSE,P2RX7,9606.ENSP00000330696,0.0241935483870968
HALLMARK_INFLAMMATORY_RESPONSE,RAF1,9606.ENSP00000401888,0.0241935483870968
HALLMARK_INFLAMMATORY_RESPONSE,TNFSF9,9606.ENSP00000245817,0.0241935483870968
HALLMARK_INFLAMMATORY_RESPONSE,ACVR1B,9606.ENSP00000442656,0.0161290322580645
HALLMARK_INFLAMMATORY_RESPONSE,ACVR2A,9606.ENSP00000241416,0.0161290322580645
HALLMARK_INFLAMMATORY_RESPONSE,ADM,9606.ENSP00000436607,0.0161290322580645
HALLMARK_INFLAMMATORY_RESPONSE,AXL,9606.ENSP00000301178,0.0161290322580645
HALLMARK_INFLAMMATORY_RESPONSE,BST2,9606.ENSP00000252593,0.0161290322580645
HALLMARK_INFLAMMATORY_RESPONSE,CALCRL,9606.ENSP00000376177,0.0161290322580645
HALLMARK_INFLAMMATORY_RESPONSE,GABBR1,9606.ENSP00000366233,0.0161290322580645
HALLMARK_INFLAMMATORY_RESPONSE,GNA15,9606.ENSP00000262958,0.0161290322580645
HALLMARK_INFLAMMATORY_RESPONSE,GP1BA,9606.ENSP00000329380,0.0161290322580645
HALLMARK_INFLAMMATORY_RESPONSE,IL18RAP,9606.ENSP00000264260,0.0161290322580645
HALLMARK_INFLAMMATORY_RESPONSE,INHBA,9606.ENSP00000242208,0.0161290322580645
HALLMARK_INFLAMMATORY_RESPONSE,ITGB8,9606.ENSP00000222573,0.0161290322580645
HALLMARK_INFLAMMATORY_RESPONSE,LPAR1,9606.ENSP00000363553,0.0161290322580645
HALLMARK_INFLAMMATORY_RESPONSE,MSR1,9606.ENSP00000405453,0.0161290322580645
HALLMARK_INFLAMMATORY_RESPONSE,NMI,9606.ENSP00000243346,0.0161290322580645
HALLMARK_INFLAMMATORY_RESPONSE,P2RX4,9606.ENSP00000353032,0.0161290322580645
HALLMARK_INFLAMMATORY_RESPONSE,P2RY2,9606.ENSP00000310305,0.0161290322580645
HALLMARK_INFLAMMATORY_RESPONSE,PIK3R5,9606.ENSP00000392812,0.0161290322580645
HALLMARK_INFLAMMATORY_RESPONSE,PTGER2,9606.ENSP00000245457,0.0161290322580645
HALLMARK_INFLAMMATORY_RESPONSE,PTGER4,9606.ENSP00000302846,0.0161290322580645
HALLMARK_INFLAMMATORY_RESPONSE,RGS1,9606.ENSP00000356429,0.0161290322580645
HALLMARK_INFLAMMATORY_RESPONSE,SCARF1,9606.ENSP00000263071,0.0161290322580645
HALLMARK_INFLAMMATORY_RESPONSE,APLNR,9606.ENSP00000475344,0.0080645161290322
HALLMARK_INFLAMMATORY_RESPONSE,ATP2A2,9606.ENSP00000440045,0.0080645161290322
HALLMARK_INFLAMMATORY_RESPONSE,ATP2B1,9606.ENSP00000392043,0.0080645161290322
HALLMARK_INFLAMMATORY_RESPONSE,BDKRB1,9606.ENSP00000216629,0.0080645161290322
HALLMARK_INFLAMMATORY_RESPONSE,CD14,9606.ENSP00000385519,0.0080645161290322
HALLMARK_INFLAMMATORY_RESPONSE,CD48,9606.ENSP00000484431,0.0080645161290322
HALLMARK_INFLAMMATORY_RESPONSE,CMKLR1,9606.ENSP00000449716,0.0080645161290322
HALLMARK_INFLAMMATORY_RESPONSE,GPR183,9606.ENSP00000365596,0.0080645161290322
HALLMARK_INFLAMMATORY_RESPONSE,HAS2,9606.ENSP00000306991,0.0080645161290322
HALLMARK_INFLAMMATORY_RESPONSE,HBEGF,9606.ENSP00000230990,0.0080645161290322
HALLMARK_INFLAMMATORY_RESPONSE,HRH1,9606.ENSP00000380247,0.0080645161290322
HALLMARK_INFLAMMATORY_RESPONSE,IFNGR2,9606.ENSP00000371425,0.0080645161290322
HALLMARK_INFLAMMATORY_RESPONSE,MARCO,9606.ENSP00000318916,0.0080645161290322
HALLMARK_INFLAMMATORY_RESPONSE,MXD1,9606.ENSP00000264444,0.0080645161290322
HALLMARK_INFLAMMATORY_RESPONSE,OLR1,9606.ENSP00000309124,0.0080645161290322
HALLMARK_INFLAMMATORY_RESPONSE,PTAFR,9606.ENSP00000442658,0.0080645161290322
HALLMARK_INFLAMMATORY_RESPONSE,RASGRP1,9606.ENSP00000310244,0.0080645161290322
HALLMARK_INFLAMMATORY_RESPONSE,RGS16,9606.ENSP00000356529,0.0080645161290322
HALLMARK_INFLAMMATORY_RESPONSE,RTP4,9606.ENSP00000259030,0.0080645161290322
HALLMARK_INFLAMMATORY_RESPONSE,SEMA4D,9606.ENSP00000416523,0.0080645161290322
HALLMARK_INFLAMMATORY_RESPONSE,SLAMF1,9606.ENSP00000438406,0.0080645161290322
HALLMARK_INFLAMMATORY_RESPONSE,STAB1,9606.ENSP00000312946,0.0080645161290322
HALLMARK_INFLAMMATORY_RESPONSE,TNFSF15,9606.ENSP00000363157,0.0080645161290322
HALLMARK_INTERFERON_ALPHA_RESPONSE,IFIT3,9606.ENSP00000360876,0.573529411764706
HALLMARK_INTERFERON_ALPHA_RESPONSE,IFI35,9606.ENSP00000395590,0.544117647058823
HALLMARK_INTERFERON_ALPHA_RESPONSE,IFIH1,9606.ENSP00000497271,0.514705882352941
HALLMARK_INTERFERON_ALPHA_RESPONSE,IFI44,9606.ENSP00000359783,0.5
HALLMARK_INTERFERON_ALPHA_RESPONSE,OAS1,9606.ENSP00000388001,0.5
HALLMARK_INTERFERON_ALPHA_RESPONSE,RSAD2,9606.ENSP00000371471,0.5
HALLMARK_INTERFERON_ALPHA_RESPONSE,ISG15,9606.ENSP00000496832,0.485294117647059
HALLMARK_INTERFERON_ALPHA_RESPONSE,MX1,9606.ENSP00000381601,0.485294117647059
HALLMARK_INTERFERON_ALPHA_RESPONSE,IRF9,9606.ENSP00000380073,0.470588235294118
HALLMARK_INTERFERON_ALPHA_RESPONSE,IFI44L,9606.ENSP00000359787,0.441176470588235
HALLMARK_INTERFERON_ALPHA_RESPONSE,IRF7,9606.ENSP00000380697,0.426470588235294
HALLMARK_INTERFERON_ALPHA_RESPONSE,STAT2,9606.ENSP00000315768,0.426470588235294
HALLMARK_INTERFERON_ALPHA_RESPONSE,IFIT2,9606.ENSP00000490935,0.411764705882353
HALLMARK_INTERFERON_ALPHA_RESPONSE,OASL,9606.ENSP00000257570,0.411764705882353
HALLMARK_INTERFERON_ALPHA_RESPONSE,EIF2AK2,9606.ENSP00000233057,0.397058823529412
HALLMARK_INTERFERON_ALPHA_RESPONSE,USP18,9606.ENSP00000215794,0.382352941176471
HALLMARK_INTERFERON_ALPHA_RESPONSE,PARP9,9606.ENSP00000353512,0.367647058823529
HALLMARK_INTERFERON_ALPHA_RESPONSE,DDX60,9606.ENSP00000377344,0.338235294117647
HALLMARK_INTERFERON_ALPHA_RESPONSE,IRF1,9606.ENSP00000245414,0.338235294117647
HALLMARK_INTERFERON_ALPHA_RESPONSE,HERC6,9606.ENSP00000264346,0.308823529411765
HALLMARK_INTERFERON_ALPHA_RESPONSE,IFITM3,9606.ENSP00000382707,0.308823529411765
HALLMARK_INTERFERON_ALPHA_RESPONSE,DHX58,9606.ENSP00000251642,0.294117647058824
HALLMARK_INTERFERON_ALPHA_RESPONSE,EPSTI1,9606.ENSP00000318982,0.294117647058824
HALLMARK_INTERFERON_ALPHA_RESPONSE,IFITM1,9606.ENSP00000330825,0.294117647058824
HALLMARK_INTERFERON_ALPHA_RESPONSE,CXCL10,9606.ENSP00000305651,0.279411764705882
HALLMARK_INTERFERON_ALPHA_RESPONSE,RTP4,9606.ENSP00000259030,0.279411764705882
HALLMARK_INTERFERON_ALPHA_RESPONSE,CMPK2,9606.ENSP00000256722,0.25
HALLMARK_INTERFERON_ALPHA_RESPONSE,IFI27,9606.ENSP00000483430,0.25
HALLMARK_INTERFERON_ALPHA_RESPONSE,SAMD9L,9606.ENSP00000326247,0.220588235294118
HALLMARK_INTERFERON_ALPHA_RESPONSE,UBE2L6,9606.ENSP00000287156,0.220588235294118
HALLMARK_INTERFERON_ALPHA_RESPONSE,ISG20,9606.ENSP00000306565,0.191176470588235
HALLMARK_INTERFERON_ALPHA_RESPONSE,BST2,9606.ENSP00000252593,0.176470588235294
HALLMARK_INTERFERON_ALPHA_RESPONSE,PARP14,9606.ENSP00000418194,0.176470588235294
HALLMARK_INTERFERON_ALPHA_RESPONSE,SAMD9,9606.ENSP00000369292,0.176470588235294
HALLMARK_INTERFERON_ALPHA_RESPONSE,PSMB8,9606.ENSP00000364016,0.161764705882353
HALLMARK_INTERFERON_ALPHA_RESPONSE,PARP12,9606.ENSP00000263549,0.147058823529412
HALLMARK_INTERFERON_ALPHA_RESPONSE,PSMB9,9606.ENSP00000363993,0.132352941176471
HALLMARK_INTERFERON_ALPHA_RESPONSE,TRIM25,9606.ENSP00000323889,0.132352941176471
HALLMARK_INTERFERON_ALPHA_RESPONSE,PSME2,9606.ENSP00000216802,0.117647058823529
HALLMARK_INTERFERON_ALPHA_RESPONSE,GBP2,9606.ENSP00000359497,0.102941176470588
HALLMARK_INTERFERON_ALPHA_RESPONSE,GBP4,9606.ENSP00000359490,0.102941176470588
HALLMARK_INTERFERON_ALPHA_RESPONSE,HELZ2,9606.ENSP00000417401,0.102941176470588
HALLMARK_INTERFERON_ALPHA_RESPONSE,LY6E,9606.ENSP00000428572,0.102941176470588
HALLMARK_INTERFERON_ALPHA_RESPONSE,PLSCR1,9606.ENSP00000345494,0.102941176470588
HALLMARK_INTERFERON_ALPHA_RESPONSE,PSME1,9606.ENSP00000372155,0.102941176470588
HALLMARK_INTERFERON_ALPHA_RESPONSE,ADAR,9606.ENSP00000357459,0.0735294117647059
HALLMARK_INTERFERON_ALPHA_RESPONSE,B2M,9606.ENSP00000497910,0.0735294117647059
HALLMARK_INTERFERON_ALPHA_RESPONSE,IFITM2,9606.ENSP00000484689,0.0735294117647059
HALLMARK_INTERFERON_ALPHA_RESPONSE,NMI,9606.ENSP00000243346,0.0735294117647059
HALLMARK_INTERFERON_ALPHA_RESPONSE,SP110,9606.ENSP00000258381,0.0735294117647059
HALLMARK_INTERFERON_ALPHA_RESPONSE,TRIM21,9606.ENSP00000254436,0.0735294117647059
HALLMARK_INTERFERON_ALPHA_RESPONSE,CASP1,9606.ENSP00000433138,0.0588235294117647
HALLMARK_INTERFERON_ALPHA_RESPONSE,CD74,9606.ENSP00000009530,0.0588235294117647
HALLMARK_INTERFERON_ALPHA_RESPONSE,IL15,9606.ENSP00000296545,0.0588235294117647
HALLMARK_INTERFERON_ALPHA_RESPONSE,PSMA3,9606.ENSP00000216455,0.0588235294117647
HALLMARK_INTERFERON_ALPHA_RESPONSE,TAP1,9606.ENSP00000346206,0.0588235294117647
HALLMARK_INTERFERON_ALPHA_RESPONSE,UBA7,9606.ENSP00000333266,0.0588235294117647
HALLMARK_INTERFERON_ALPHA_RESPONSE,CXCL11,9606.ENSP00000306884,0.0441176470588235
HALLMARK_INTERFERON_ALPHA_RESPONSE,HLA-C,9606.ENSP00000365402,0.0441176470588235
HALLMARK_INTERFERON_ALPHA_RESPONSE,IL7,9606.ENSP00000263851,0.0441176470588235
HALLMARK_INTERFERON_ALPHA_RESPONSE,CASP8,9606.ENSP00000351273,0.0294117647058824
HALLMARK_INTERFERON_ALPHA_RESPONSE,CCRL2,9606.ENSP00000349967,0.0294117647058824
HALLMARK_INTERFERON_ALPHA_RESPONSE,IL4R,9606.ENSP00000379111,0.0294117647058824
HALLMARK_INTERFERON_ALPHA_RESPONSE,IRF2,9606.ENSP00000377218,0.0294117647058824
HALLMARK_INTERFERON_ALPHA_RESPONSE,TRIM5,9606.ENSP00000369373,0.0294117647058824
HALLMARK_INTERFERON_ALPHA_RESPONSE,BATF2,9606.ENSP00000301887,0.0147058823529412
HALLMARK_INTERFERON_ALPHA_RESPONSE,CSF1,9606.ENSP00000327513,0.0147058823529412
HALLMARK_INTERFERON_ALPHA_RESPONSE,RIPK2,9606.ENSP00000220751,0.0147058823529412
HALLMARK_INTERFERON_ALPHA_RESPONSE,SELL,9606.ENSP00000498227,0.0147058823529412
HALLMARK_INTERFERON_GAMMA_RESPONSE,STAT1,9606.ENSP00000354394,0.556291390728477
HALLMARK_INTERFERON_GAMMA_RESPONSE,IRF7,9606.ENSP00000380697,0.291390728476821
HALLMARK_INTERFERON_GAMMA_RESPONSE,IFIT3,9606.ENSP00000360876,0.28476821192053
HALLMARK_INTERFERON_GAMMA_RESPONSE,IL6,9606.ENSP00000385675,0.28476821192053
HALLMARK_INTERFERON_GAMMA_RESPONSE,STAT2,9606.ENSP00000315768,0.278145695364238
HALLMARK_INTERFERON_GAMMA_RESPONSE,IFI35,9606.ENSP00000395590,0.271523178807947
HALLMARK_INTERFERON_GAMMA_RESPONSE,IFIH1,9606.ENSP00000497271,0.264900662251656
HALLMARK_INTERFERON_GAMMA_RESPONSE,IRF9,9606.ENSP00000380073,0.264900662251656
HALLMARK_INTERFERON_GAMMA_RESPONSE,MX1,9606.ENSP00000381601,0.258278145695364
HALLMARK_INTERFERON_GAMMA_RESPONSE,CXCL10,9606.ENSP00000305651,0.251655629139073
HALLMARK_INTERFERON_GAMMA_RESPONSE,ISG15,9606.ENSP00000496832,0.245033112582781
HALLMARK_INTERFERON_GAMMA_RESPONSE,RSAD2,9606.ENSP00000371471,0.245033112582781
HALLMARK_INTERFERON_GAMMA_RESPONSE,IFI44,9606.ENSP00000359783,0.23841059602649
HALLMARK_INTERFERON_GAMMA_RESPONSE,IFIT1,9606.ENSP00000360869,0.23841059602649
HALLMARK_INTERFERON_GAMMA_RESPONSE,IRF1,9606.ENSP00000245414,0.23841059602649
HALLMARK_INTERFERON_GAMMA_RESPONSE,OAS2,9606.ENSP00000342278,0.231788079470199
HALLMARK_INTERFERON_GAMMA_RESPONSE,STAT3,9606.ENSP00000264657,0.231788079470199
HALLMARK_INTERFERON_GAMMA_RESPONSE,XAF1,9606.ENSP00000354822,0.218543046357616
HALLMARK_INTERFERON_GAMMA_RESPONSE,IFI44L,9606.ENSP00000359787,0.211920529801325
HALLMARK_INTERFERON_GAMMA_RESPONSE,OAS3,9606.ENSP00000228928,0.211920529801325
HALLMARK_INTERFERON_GAMMA_RESPONSE,OASL,9606.ENSP00000257570,0.211920529801325
HALLMARK_INTERFERON_GAMMA_RESPONSE,EIF2AK2,9606.ENSP00000233057,0.205298013245033
HALLMARK_INTERFERON_GAMMA_RESPONSE,USP18,9606.ENSP00000215794,0.205298013245033
HALLMARK_INTERFERON_GAMMA_RESPONSE,IFIT2,9606.ENSP00000490935,0.19205298013245
HALLMARK_INTERFERON_GAMMA_RESPONSE,MX2,9606.ENSP00000333657,0.19205298013245
HALLMARK_INTERFERON_GAMMA_RESPONSE,NFKB1,9606.ENSP00000226574,0.178807947019868
HALLMARK_INTERFERON_GAMMA_RESPONSE,DDX60,9606.ENSP00000377344,0.165562913907285
HALLMARK_INTERFERON_GAMMA_RESPONSE,DHX58,9606.ENSP00000251642,0.165562913907285
HALLMARK_INTERFERON_GAMMA_RESPONSE,IFITM3,9606.ENSP00000382707,0.165562913907285
HALLMARK_INTERFERON_GAMMA_RESPONSE,CCL2,9606.ENSP00000225831,0.158940397350993
HALLMARK_INTERFERON_GAMMA_RESPONSE,CCL5,9606.ENSP00000474412,0.158940397350993
HALLMARK_INTERFERON_GAMMA_RESPONSE,HERC6,9606.ENSP00000264346,0.158940397350993
HALLMARK_INTERFERON_GAMMA_RESPONSE,EPSTI1,9606.ENSP00000318982,0.152317880794702
HALLMARK_INTERFERON_GAMMA_RESPONSE,RTP4,9606.ENSP00000259030,0.152317880794702
HALLMARK_INTERFERON_GAMMA_RESPONSE,MYD88,9606.ENSP00000498321,0.145695364238411
HALLMARK_INTERFERON_GAMMA_RESPONSE,IFI27,9606.ENSP00000483430,0.132450331125828
HALLMARK_INTERFERON_GAMMA_RESPONSE,CMPK2,9606.ENSP00000256722,0.125827814569536
HALLMARK_INTERFERON_GAMMA_RESPONSE,NFKBIA,9606.ENSP00000216797,0.125827814569536
HALLMARK_INTERFERON_GAMMA_RESPONSE,CD40,9606.ENSP00000361359,0.119205298013245
HALLMARK_INTERFERON_GAMMA_RESPONSE,IL15,9606.ENSP00000296545,0.119205298013245
HALLMARK_INTERFERON_GAMMA_RESPONSE,UBE2L6,9606.ENSP00000287156,0.119205298013245
HALLMARK_INTERFERON_GAMMA_RESPONSE,CD86,9606.ENSP00000332049,0.112582781456954
HALLMARK_INTERFERON_GAMMA_RESPONSE,JAK2,9606.ENSP00000371067,0.112582781456954
HALLMARK_INTERFERON_GAMMA_RESPONSE,PSMB9,9606.ENSP00000363993,0.112582781456954
HALLMARK_INTERFERON_GAMMA_RESPONSE,RIPK1,9606.ENSP00000259808,0.112582781456954
HALLMARK_INTERFERON_GAMMA_RESPONSE,ICAM1,9606.ENSP00000264832,0.105960264900662
HALLMARK_INTERFERON_GAMMA_RESPONSE,PSMB8,9606.ENSP00000364016,0.105960264900662
HALLMARK_INTERFERON_GAMMA_RESPONSE,SAMD9L,9606.ENSP00000326247,0.105960264900662
HALLMARK_INTERFERON_GAMMA_RESPONSE,CXCL9,9606.ENSP00000354901,0.0993377483443709
HALLMARK_INTERFERON_GAMMA_RESPONSE,ISG20,9606.ENSP00000306565,0.0993377483443709
HALLMARK_INTERFERON_GAMMA_RESPONSE,BST2,9606.ENSP00000252593,0.0927152317880795
HALLMARK_INTERFERON_GAMMA_RESPONSE,CASP3,9606.ENSP00000311032,0.0927152317880795
HALLMARK_INTERFERON_GAMMA_RESPONSE,CASP8,9606.ENSP00000351273,0.0927152317880795
HALLMARK_INTERFERON_GAMMA_RESPONSE,CD274,9606.ENSP00000370989,0.0927152317880795
HALLMARK_INTERFERON_GAMMA_RESPONSE,IL7,9606.ENSP00000263851,0.0927152317880795
HALLMARK_INTERFERON_GAMMA_RESPONSE,PARP14,9606.ENSP00000418194,0.0927152317880795
HALLMARK_INTERFERON_GAMMA_RESPONSE,PTGS2,9606.ENSP00000356438,0.0927152317880795
HALLMARK_INTERFERON_GAMMA_RESPONSE,CASP1,9606.ENSP00000433138,0.0860927152317881
HALLMARK_INTERFERON_GAMMA_RESPONSE,HLA-A,9606.ENSP00000379873,0.0860927152317881
HALLMARK_INTERFERON_GAMMA_RESPONSE,HLA-B,9606.ENSP00000399168,0.0860927152317881
HALLMARK_INTERFERON_GAMMA_RESPONSE,SOCS3,9606.ENSP00000330341,0.0860927152317881
HALLMARK_INTERFERON_GAMMA_RESPONSE,VCAM1,9606.ENSP00000294728,0.0860927152317881
HALLMARK_INTERFERON_GAMMA_RESPONSE,PSME2,9606.ENSP00000216802,0.0794701986754967
HALLMARK_INTERFERON_GAMMA_RESPONSE,SAMHD1,9606.ENSP00000493536,0.0794701986754967
HALLMARK_INTERFERON_GAMMA_RESPONSE,SOCS1,9606.ENSP00000496577,0.0794701986754967
HALLMARK_INTERFERON_GAMMA_RESPONSE,STAT4,9606.ENSP00000351255,0.0794701986754967
HALLMARK_INTERFERON_GAMMA_RESPONSE,B2M,9606.ENSP00000497910,0.0728476821192053
HALLMARK_INTERFERON_GAMMA_RESPONSE,CXCL11,9606.ENSP00000306884,0.0728476821192053
HALLMARK_INTERFERON_GAMMA_RESPONSE,HLA-G,9606.ENSP00000366024,0.0728476821192053
HALLMARK_INTERFERON_GAMMA_RESPONSE,IDO1,9606.ENSP00000430950,0.0728476821192053
HALLMARK_INTERFERON_GAMMA_RESPONSE,IL10RA,9606.ENSP00000227752,0.0728476821192053
HALLMARK_INTERFERON_GAMMA_RESPONSE,IL2RB,9606.ENSP00000216223,0.0728476821192053
HALLMARK_INTERFERON_GAMMA_RESPONSE,IL4R,9606.ENSP00000379111,0.0728476821192053
HALLMARK_INTERFERON_GAMMA_RESPONSE,IRF8,9606.ENSP00000268638,0.0728476821192053
HALLMARK_INTERFERON_GAMMA_RESPONSE,TRIM25,9606.ENSP00000323889,0.0728476821192053
HALLMARK_INTERFERON_GAMMA_RESPONSE,CD38,9606.ENSP00000226279,0.0662251655629139
HALLMARK_INTERFERON_GAMMA_RESPONSE,CD74,9606.ENSP00000009530,0.0662251655629139
HALLMARK_INTERFERON_GAMMA_RESPONSE,HLA-DRB1,9606.ENSP00000353099,0.0662251655629139
HALLMARK_INTERFERON_GAMMA_RESPONSE,IFNAR2,9606.ENSP00000343957,0.0662251655629139
HALLMARK_INTERFERON_GAMMA_RESPONSE,PARP12,9606.ENSP00000263549,0.0662251655629139
HALLMARK_INTERFERON_GAMMA_RESPONSE,PSMB10,9606.ENSP00000351314,0.0662251655629139
HALLMARK_INTERFERON_GAMMA_RESPONSE,PSME1,9606.ENSP00000372155,0.0596026490066225
HALLMARK_INTERFERON_GAMMA_RESPONSE,TAP1,9606.ENSP00000346206,0.0596026490066225
HALLMARK_INTERFERON_GAMMA_RESPONSE,ADAR,9606.ENSP00000357459,0.0529801324503311
HALLMARK_INTERFERON_GAMMA_RESPONSE,CD69,9606.ENSP00000228434,0.0529801324503311
HALLMARK_INTERFERON_GAMMA_RESPONSE,FAS,9606.ENSP00000498466,0.0529801324503311
HALLMARK_INTERFERON_GAMMA_RESPONSE,HIF1A,9606.ENSP00000437955,0.0529801324503311
HALLMARK_INTERFERON_GAMMA_RESPONSE,HLA-DMA,9606.ENSP00000363976,0.0529801324503311
HALLMARK_INTERFERON_GAMMA_RESPONSE,HLA-DQA1,9606.ENSP00000339398,0.0529801324503311
HALLMARK_INTERFERON_GAMMA_RESPONSE,TAPBP,9606.ENSP00000404833,0.0529801324503311
HALLMARK_INTERFERON_GAMMA_RESPONSE,GBP4,9606.ENSP00000359490,0.0463576158940397
HALLMARK_INTERFERON_GAMMA_RESPONSE,HELZ2,9606.ENSP00000417401,0.0463576158940397
HALLMARK_INTERFERON_GAMMA_RESPONSE,LY6E,9606.ENSP00000428572,0.0463576158940397
HALLMARK_INTERFERON_GAMMA_RESPONSE,PSMA3,9606.ENSP00000216455,0.0463576158940397
HALLMARK_INTERFERON_GAMMA_RESPONSE,RIPK2,9606.ENSP00000220751,0.0463576158940397
HALLMARK_INTERFERON_GAMMA_RESPONSE,SP110,9606.ENSP00000258381,0.0463576158940397
HALLMARK_INTERFERON_GAMMA_RESPONSE,TNFAIP3,9606.ENSP00000481570,0.0463576158940397
HALLMARK_INTERFERON_GAMMA_RESPONSE,TRIM21,9606.ENSP00000254436,0.0463576158940397
HALLMARK_INTERFERON_GAMMA_RESPONSE,CDKN1A,9606.ENSP00000384849,0.0397350993377483
HALLMARK_INTERFERON_GAMMA_RESPONSE,CSF2RB,9606.ENSP00000384053,0.0397350993377483
HALLMARK_INTERFERON_GAMMA_RESPONSE,IRF4,9606.ENSP00000370343,0.0397350993377483
HALLMARK_INTERFERON_GAMMA_RESPONSE,IRF5,9606.ENSP00000418037,0.0397350993377483
HALLMARK_INTERFERON_GAMMA_RESPONSE,NMI,9606.ENSP00000243346,0.0397350993377483
HALLMARK_INTERFERON_GAMMA_RESPONSE,NOD1,9606.ENSP00000222823,0.0397350993377483
HALLMARK_INTERFERON_GAMMA_RESPONSE,PLSCR1,9606.ENSP00000345494,0.0397350993377483
HALLMARK_INTERFERON_GAMMA_RESPONSE,PSMB2,9606.ENSP00000362334,0.0397350993377483
HALLMARK_INTERFERON_GAMMA_RESPONSE,PTPN2,9606.ENSP00000311857,0.0397350993377483
HALLMARK_INTERFERON_GAMMA_RESPONSE,PTPN6,9606.ENSP00000391592,0.0397350993377483
HALLMARK_INTERFERON_GAMMA_RESPONSE,SELP,9606.ENSP00000263686,0.0397350993377483
HALLMARK_INTERFERON_GAMMA_RESPONSE,TNFSF10,9606.ENSP00000241261,0.0397350993377483
HALLMARK_INTERFERON_GAMMA_RESPONSE,CCL7,9606.ENSP00000367832,0.033112582781457
HALLMARK_INTERFERON_GAMMA_RESPONSE,FCGR1A,9606.ENSP00000358165,0.033112582781457
HALLMARK_INTERFERON_GAMMA_RESPONSE,GZMA,9606.ENSP00000274306,0.033112582781457
HALLMARK_INTERFERON_GAMMA_RESPONSE,IFITM2,9606.ENSP00000484689,0.033112582781457
HALLMARK_INTERFERON_GAMMA_RESPONSE,NLRC5,9606.ENSP00000262510,0.033112582781457
HALLMARK_INTERFERON_GAMMA_RESPONSE,TNFAIP6,9606.ENSP00000243347,0.033112582781457
HALLMARK_INTERFERON_GAMMA_RESPONSE,XCL1,9606.ENSP00000356792,0.033112582781457
HALLMARK_INTERFERON_GAMMA_RESPONSE,CASP7,9606.ENSP00000358327,0.0264900662251656
HALLMARK_INTERFERON_GAMMA_RESPONSE,CFH,9606.ENSP00000356399,0.0264900662251656
HALLMARK_INTERFERON_GAMMA_RESPONSE,NAMPT,9606.ENSP00000222553,0.0264900662251656
HALLMARK_INTERFERON_GAMMA_RESPONSE,SERPING1,9606.ENSP00000278407,0.0264900662251656
HALLMARK_INTERFERON_GAMMA_RESPONSE,ZBP1,9606.ENSP00000360215,0.0264900662251656
HALLMARK_INTERFERON_GAMMA_RESPONSE,C1R,9606.ENSP00000444271,0.0198675496688742
HALLMARK_INTERFERON_GAMMA_RESPONSE,C1S,9606.ENSP00000385035,0.0198675496688742
HALLMARK_INTERFERON_GAMMA_RESPONSE,CASP4,9606.ENSP00000388566,0.0198675496688742
HALLMARK_INTERFERON_GAMMA_RESPONSE,CIITA,9606.ENSP00000485010,0.0198675496688742
HALLMARK_INTERFERON_GAMMA_RESPONSE,IL15RA,9606.ENSP00000380421,0.0198675496688742
HALLMARK_INTERFERON_GAMMA_RESPONSE,IRF2,9606.ENSP00000377218,0.0198675496688742
HALLMARK_INTERFERON_GAMMA_RESPONSE,PNP,9606.ENSP00000354532,0.0198675496688742
HALLMARK_INTERFERON_GAMMA_RESPONSE,RBCK1,9606.ENSP00000348632,0.0198675496688742
HALLMARK_INTERFERON_GAMMA_RESPONSE,CFB,9606.ENSP00000416561,0.0132450331125828
HALLMARK_INTERFERON_GAMMA_RESPONSE,LCP2,9606.ENSP00000046794,0.0132450331125828
HALLMARK_INTERFERON_GAMMA_RESPONSE,PELI1,9606.ENSP00000351789,0.0132450331125828
HALLMARK_INTERFERON_GAMMA_RESPONSE,PTPN1,9606.ENSP00000360683,0.0132450331125828
HALLMARK_INTERFERON_GAMMA_RESPONSE,RNF213,9606.ENSP00000464087,0.0132450331125828
HALLMARK_INTERFERON_GAMMA_RESPONSE,SOD2,9606.ENSP00000446252,0.0132450331125828
HALLMARK_INTERFERON_GAMMA_RESPONSE,BANK1,9606.ENSP00000320509,0.0066225165562913
HALLMARK_INTERFERON_GAMMA_RESPONSE,BATF2,9606.ENSP00000301887,0.0066225165562913
HALLMARK_INTERFERON_GAMMA_RESPONSE,CMKLR1,9606.ENSP00000449716,0.0066225165562913
HALLMARK_INTERFERON_GAMMA_RESPONSE,ITGB7,9606.ENSP00000267082,0.0066225165562913
HALLMARK_INTERFERON_GAMMA_RESPONSE,LAP3,9606.ENSP00000226299,0.0066225165562913
HALLMARK_INTERFERON_GAMMA_RESPONSE,LATS2,9606.ENSP00000372035,0.0066225165562913
HALLMARK_INTERFERON_GAMMA_RESPONSE,MARCHF1,9606.ENSP00000427223,0.0066225165562913
HALLMARK_INTERFERON_GAMMA_RESPONSE,MVP,9606.ENSP00000378760,0.0066225165562913
HALLMARK_INTERFERON_GAMMA_RESPONSE,PIM1,9606.ENSP00000362608,0.0066225165562913
HALLMARK_INTERFERON_GAMMA_RESPONSE,PLA2G4A,9606.ENSP00000356436,0.0066225165562913
HALLMARK_INTERFERON_GAMMA_RESPONSE,PML,9606.ENSP00000268058,0.0066225165562913
HALLMARK_INTERFERON_GAMMA_RESPONSE,SLAMF7,9606.ENSP00000357022,0.0066225165562913
HALLMARK_INTERFERON_GAMMA_RESPONSE,TOR1B,9606.ENSP00000259339,0.0066225165562913
HALLMARK_INTERFERON_GAMMA_RESPONSE,UPP1,9606.ENSP00000330032,0.0066225165562913
HALLMARK_INTERFERON_GAMMA_RESPONSE,VAMP5,9606.ENSP00000305647,0.0066225165562913
HALLMARK_INTERFERON_GAMMA_RESPONSE,VAMP8,9606.ENSP00000263864,0.0066225165562913
HALLMARK_KRAS_SIGNALING_DN,EGF,9606.ENSP00000265171,0.178571428571429
HALLMARK_KRAS_SIGNALING_DN,IFNG,9606.ENSP00000229135,0.178571428571429
HALLMARK_KRAS_SIGNALING_DN,CACNA1F,9606.ENSP00000365441,0.142857142857143
HALLMARK_KRAS_SIGNALING_DN,CD40LG,9606.ENSP00000359663,0.107142857142857
HALLMARK_KRAS_SIGNALING_DN,CD80,9606.ENSP00000264246,0.107142857142857
HALLMARK_KRAS_SIGNALING_DN,EDN1,9606.ENSP00000368683,0.107142857142857
HALLMARK_KRAS_SIGNALING_DN,FGFR3,9606.ENSP00000339824,0.107142857142857
HALLMARK_KRAS_SIGNALING_DN,MX1,9606.ENSP00000381601,0.107142857142857
HALLMARK_KRAS_SIGNALING_DN,PDCD1,9606.ENSP00000335062,0.107142857142857
HALLMARK_KRAS_SIGNALING_DN,RYR1,9606.ENSP00000352608,0.107142857142857
HALLMARK_KRAS_SIGNALING_DN,CACNG1,9606.ENSP00000226021,0.0714285714285714
HALLMARK_KRAS_SIGNALING_DN,CALML5,9606.ENSP00000369689,0.0714285714285714
HALLMARK_KRAS_SIGNALING_DN,FGF16,9606.ENSP00000399324,0.0714285714285714
HALLMARK_KRAS_SIGNALING_DN,HTR1D,9606.ENSP00000363748,0.0714285714285714
HALLMARK_KRAS_SIGNALING_DN,IFI44L,9606.ENSP00000359787,0.0714285714285714
HALLMARK_KRAS_SIGNALING_DN,KRT5,9606.ENSP00000252242,0.0714285714285714
HALLMARK_KRAS_SIGNALING_DN,PKP1,9606.ENSP00000263946,0.0714285714285714
HALLMARK_KRAS_SIGNALING_DN,RSAD2,9606.ENSP00000371471,0.0714285714285714
HALLMARK_KRAS_SIGNALING_DN,CAMK1D,9606.ENSP00000478874,0.0357142857142857
HALLMARK_KRAS_SIGNALING_DN,CNTFR,9606.ENSP00000368265,0.0357142857142857
HALLMARK_KRAS_SIGNALING_DN,COL2A1,9606.ENSP00000369889,0.0357142857142857
HALLMARK_KRAS_SIGNALING_DN,EDN2,9606.ENSP00000361668,0.0357142857142857
HALLMARK_KRAS_SIGNALING_DN,KCNMB1,9606.ENSP00000274629,0.0357142857142857
HALLMARK_KRAS_SIGNALING_DN,KLK7,9606.ENSP00000470538,0.0357142857142857
HALLMARK_KRAS_SIGNALING_DN,KLK8,9606.ENSP00000375682,0.0357142857142857
HALLMARK_KRAS_SIGNALING_DN,KRT15,9606.ENSP00000377546,0.0357142857142857
HALLMARK_KRAS_SIGNALING_DN,OXT,9606.ENSP00000217386,0.0357142857142857
HALLMARK_KRAS_SIGNALING_DN,PDE6B,9606.ENSP00000420295,0.0357142857142857
HALLMARK_KRAS_SIGNALING_DN,TGM1,9606.ENSP00000206765,0.0357142857142857
HALLMARK_KRAS_SIGNALING_UP,IL1B,9606.ENSP00000263341,0.2625
HALLMARK_KRAS_SIGNALING_UP,MMP9,9606.ENSP00000361405,0.1625
HALLMARK_KRAS_SIGNALING_UP,ITGB2,9606.ENSP00000380948,0.15
HALLMARK_KRAS_SIGNALING_UP,CXCR4,9606.ENSP00000386884,0.1
HALLMARK_KRAS_SIGNALING_UP,IL7R,9606.ENSP00000306157,0.075
HALLMARK_KRAS_SIGNALING_UP,PECAM1,9606.ENSP00000457421,0.075
HALLMARK_KRAS_SIGNALING_UP,SPP1,9606.ENSP00000378517,0.075
HALLMARK_KRAS_SIGNALING_UP,BIRC3,9606.ENSP00000263464,0.0625
HALLMARK_KRAS_SIGNALING_UP,CTSS,9606.ENSP00000357981,0.0625
HALLMARK_KRAS_SIGNALING_UP,CXCL10,9606.ENSP00000305651,0.0625
HALLMARK_KRAS_SIGNALING_UP,HBEGF,9606.ENSP00000230990,0.0625
HALLMARK_KRAS_SIGNALING_UP,TNFRSF1B,9606.ENSP00000365435,0.0625
HALLMARK_KRAS_SIGNALING_UP,ADAM17,9606.ENSP00000309968,0.05
HALLMARK_KRAS_SIGNALING_UP,C3AR1,9606.ENSP00000302079,0.05
HALLMARK_KRAS_SIGNALING_UP,FLT4,9606.ENSP00000261937,0.05
HALLMARK_KRAS_SIGNALING_UP,IL10RA,9606.ENSP00000227752,0.05
HALLMARK_KRAS_SIGNALING_UP,PLAT,9606.ENSP00000220809,0.05
HALLMARK_KRAS_SIGNALING_UP,PLAU,9606.ENSP00000361850,0.05
HALLMARK_KRAS_SIGNALING_UP,PLAUR,9606.ENSP00000339328,0.05
HALLMARK_KRAS_SIGNALING_UP,BMP2,9606.ENSP00000368104,0.0375
HALLMARK_KRAS_SIGNALING_UP,CCL20,9606.ENSP00000351671,0.0375
HALLMARK_KRAS_SIGNALING_UP,CFH,9606.ENSP00000356399,0.0375
HALLMARK_KRAS_SIGNALING_UP,FCER1G,9606.ENSP00000289902,0.0375
HALLMARK_KRAS_SIGNALING_UP,IGF2,9606.ENSP00000391826,0.0375
HALLMARK_KRAS_SIGNALING_UP,IL2RG,9606.ENSP00000363318,0.0375
HALLMARK_KRAS_SIGNALING_UP,ITGA2,9606.ENSP00000296585,0.0375
HALLMARK_KRAS_SIGNALING_UP,LIF,9606.ENSP00000249075,0.0375
HALLMARK_KRAS_SIGNALING_UP,PTGS2,9606.ENSP00000356438,0.0375
HALLMARK_KRAS_SIGNALING_UP,TNFAIP3,9606.ENSP00000481570,0.0375
HALLMARK_KRAS_SIGNALING_UP,TRAF1,9606.ENSP00000362994,0.0375
HALLMARK_KRAS_SIGNALING_UP,ACE,9606.ENSP00000290866,0.025
HALLMARK_KRAS_SIGNALING_UP,BTC,9606.ENSP00000379092,0.025
HALLMARK_KRAS_SIGNALING_UP,ENG,9606.ENSP00000362299,0.025
HALLMARK_KRAS_SIGNALING_UP,ETS1,9606.ENSP00000376436,0.025
HALLMARK_KRAS_SIGNALING_UP,IKZF1,9606.ENSP00000331614,0.025
HALLMARK_KRAS_SIGNALING_UP,IL1RL2,9606.ENSP00000264257,0.025
HALLMARK_KRAS_SIGNALING_UP,IL33,9606.ENSP00000370842,0.025
HALLMARK_KRAS_SIGNALING_UP,IRF8,9606.ENSP00000268638,0.025
HALLMARK_KRAS_SIGNALING_UP,LAPTM5,9606.ENSP00000294507,0.025
HALLMARK_KRAS_SIGNALING_UP,LCP1,9606.ENSP00000381581,0.025
HALLMARK_KRAS_SIGNALING_UP,MAFB,9606.ENSP00000362410,0.025
HALLMARK_KRAS_SIGNALING_UP,NGF,9606.ENSP00000358525,0.025
HALLMARK_KRAS_SIGNALING_UP,NRP1,9606.ENSP00000265371,0.025
HALLMARK_KRAS_SIGNALING_UP,RETN,9606.ENSP00000221515,0.025
HALLMARK_KRAS_SIGNALING_UP,SPRY2,9606.ENSP00000366306,0.025
HALLMARK_KRAS_SIGNALING_UP,AKT2,9606.ENSP00000375892,0.0125
HALLMARK_KRAS_SIGNALING_UP,ALDH1A2,9606.ENSP00000249750,0.0125
HALLMARK_KRAS_SIGNALING_UP,ALDH1A3,9606.ENSP00000332256,0.0125
HALLMARK_KRAS_SIGNALING_UP,CBL,9606.ENSP00000264033,0.0125
HALLMARK_KRAS_SIGNALING_UP,CFB,9606.ENSP00000416561,0.0125
HALLMARK_KRAS_SIGNALING_UP,CPE,9606.ENSP00000386104,0.0125
HALLMARK_KRAS_SIGNALING_UP,DUSP6,9606.ENSP00000279488,0.0125
HALLMARK_KRAS_SIGNALING_UP,ERO1A,9606.ENSP00000379042,0.0125
HALLMARK_KRAS_SIGNALING_UP,GNG11,9606.ENSP00000248564,0.0125
HALLMARK_KRAS_SIGNALING_UP,GPNMB,9606.ENSP00000371420,0.0125
HALLMARK_KRAS_SIGNALING_UP,GUCY1A1,9606.ENSP00000296518,0.0125
HALLMARK_KRAS_SIGNALING_UP,ID2,9606.ENSP00000234091,0.0125
HALLMARK_KRAS_SIGNALING_UP,IGFBP3,9606.ENSP00000370473,0.0125
HALLMARK_KRAS_SIGNALING_UP,KLF4,9606.ENSP00000363804,0.0125
HALLMARK_KRAS_SIGNALING_UP,LY96,9606.ENSP00000284818,0.0125
HALLMARK_KRAS_SIGNALING_UP,MAP3K1,9606.ENSP00000382423,0.0125
HALLMARK_KRAS_SIGNALING_UP,MMP10,9606.ENSP00000279441,0.0125
HALLMARK_KRAS_SIGNALING_UP,MMP11,9606.ENSP00000215743,0.0125
HALLMARK_KRAS_SIGNALING_UP,NIN,9606.ENSP00000371472,0.0125
HALLMARK_KRAS_SIGNALING_UP,PCSK1N,9606.ENSP00000218230,0.0125
HALLMARK_KRAS_SIGNALING_UP,PLEK2,9606.ENSP00000216446,0.0125
HALLMARK_KRAS_SIGNALING_UP,PPP1R15A,9606.ENSP00000200453,0.0125
HALLMARK_KRAS_SIGNALING_UP,PRDM1,9606.ENSP00000358092,0.0125
HALLMARK_KRAS_SIGNALING_UP,PRKG2,9606.ENSP00000264399,0.0125
HALLMARK_KRAS_SIGNALING_UP,PTBP2,9606.ENSP00000359216,0.0125
HALLMARK_KRAS_SIGNALING_UP,RBM4,9606.ENSP00000386894,0.0125
HALLMARK_KRAS_SIGNALING_UP,RBP4,9606.ENSP00000360522,0.0125
HALLMARK_KRAS_SIGNALING_UP,SDCCAG8,9606.ENSP00000355499,0.0125
HALLMARK_KRAS_SIGNALING_UP,SEMA3B,9606.ENSP00000480680,0.0125
HALLMARK_KRAS_SIGNALING_UP,SOX9,9606.ENSP00000245479,0.0125
HALLMARK_KRAS_SIGNALING_UP,TFPI,9606.ENSP00000233156,0.0125
HALLMARK_KRAS_SIGNALING_UP,TLR8,9606.ENSP00000312082,0.0125
HALLMARK_KRAS_SIGNALING_UP,TMEM176A,9606.ENSP00000417626,0.0125
HALLMARK_KRAS_SIGNALING_UP,TMEM176B,9606.ENSP00000410269,0.0125
HALLMARK_KRAS_SIGNALING_UP,TRIB1,9606.ENSP00000312150,0.0125
HALLMARK_KRAS_SIGNALING_UP,TRIB2,9606.ENSP00000155926,0.0125
HALLMARK_MITOTIC_SPINDLE,PLK1,9606.ENSP00000300093,0.300613496932515
HALLMARK_MITOTIC_SPINDLE,CDC42,9606.ENSP00000497733,0.239263803680982
HALLMARK_MITOTIC_SPINDLE,CDK1,9606.ENSP00000378699,0.233128834355828
HALLMARK_MITOTIC_SPINDLE,KIF11,9606.ENSP00000260731,0.202453987730061
HALLMARK_MITOTIC_SPINDLE,AURKA,9606.ENSP00000216911,0.190184049079755
HALLMARK_MITOTIC_SPINDLE,BUB1,9606.ENSP00000302530,0.184049079754601
HALLMARK_MITOTIC_SPINDLE,CENPE,9606.ENSP00000265148,0.184049079754601
HALLMARK_MITOTIC_SPINDLE,KIF23,9606.ENSP00000260363,0.177914110429448
HALLMARK_MITOTIC_SPINDLE,DLGAP5,9606.ENSP00000247191,0.165644171779141
HALLMARK_MITOTIC_SPINDLE,KIF2C,9606.ENSP00000361298,0.165644171779141
HALLMARK_MITOTIC_SPINDLE,KIF4A,9606.ENSP00000363524,0.165644171779141
HALLMARK_MITOTIC_SPINDLE,ESPL1,9606.ENSP00000257934,0.159509202453988
HALLMARK_MITOTIC_SPINDLE,RACGAP1,9606.ENSP00000404190,0.159509202453988
HALLMARK_MITOTIC_SPINDLE,BIRC5,9606.ENSP00000301633,0.153374233128834
HALLMARK_MITOTIC_SPINDLE,CCNB2,9606.ENSP00000288207,0.153374233128834
HALLMARK_MITOTIC_SPINDLE,KIF15,9606.ENSP00000324020,0.153374233128834
HALLMARK_MITOTIC_SPINDLE,NDC80,9606.ENSP00000261597,0.153374233128834
HALLMARK_MITOTIC_SPINDLE,NEK2,9606.ENSP00000355966,0.153374233128834
HALLMARK_MITOTIC_SPINDLE,CENPF,9606.ENSP00000355922,0.147239263803681
HALLMARK_MITOTIC_SPINDLE,TPX2,9606.ENSP00000300403,0.147239263803681
HALLMARK_MITOTIC_SPINDLE,TTK,9606.ENSP00000358813,0.147239263803681
HALLMARK_MITOTIC_SPINDLE,ANLN,9606.ENSP00000265748,0.141104294478528
HALLMARK_MITOTIC_SPINDLE,ECT2,9606.ENSP00000376457,0.141104294478528
HALLMARK_MITOTIC_SPINDLE,TOP2A,9606.ENSP00000411532,0.141104294478528
HALLMARK_MITOTIC_SPINDLE,SMC4,9606.ENSP00000341382,0.122699386503067
HALLMARK_MITOTIC_SPINDLE,INCENP,9606.ENSP00000378295,0.116564417177914
HALLMARK_MITOTIC_SPINDLE,PCNT,9606.ENSP00000352572,0.0920245398773006
HALLMARK_MITOTIC_SPINDLE,PXN,9606.ENSP00000267257,0.0920245398773006
HALLMARK_MITOTIC_SPINDLE,WASL,9606.ENSP00000223023,0.0920245398773006
HALLMARK_MITOTIC_SPINDLE,CKAP5,9606.ENSP00000432768,0.0858895705521472
HALLMARK_MITOTIC_SPINDLE,CTTN,9606.ENSP00000365745,0.0858895705521472
HALLMARK_MITOTIC_SPINDLE,KNTC1,9606.ENSP00000328236,0.0858895705521472
HALLMARK_MITOTIC_SPINDLE,MAPRE1,9606.ENSP00000364721,0.0797546012269939
HALLMARK_MITOTIC_SPINDLE,ABL1,9606.ENSP00000361423,0.0736196319018405
HALLMARK_MITOTIC_SPINDLE,EZR,9606.ENSP00000338934,0.0736196319018405
HALLMARK_MITOTIC_SPINDLE,KIF20B,9606.ENSP00000360793,0.0736196319018405
HALLMARK_MITOTIC_SPINDLE,KIF22,9606.ENSP00000160827,0.0736196319018405
HALLMARK_MITOTIC_SPINDLE,RASA1,9606.ENSP00000274376,0.0736196319018405
HALLMARK_MITOTIC_SPINDLE,FLNA,9606.ENSP00000358866,0.0674846625766871
HALLMARK_MITOTIC_SPINDLE,NCK1,9606.ENSP00000417273,0.0674846625766871
HALLMARK_MITOTIC_SPINDLE,VCL,9606.ENSP00000211998,0.0674846625766871
HALLMARK_MITOTIC_SPINDLE,ACTN4,9606.ENSP00000252699,0.0613496932515337
HALLMARK_MITOTIC_SPINDLE,BCAR1,9606.ENSP00000391669,0.0613496932515337
HALLMARK_MITOTIC_SPINDLE,CDC27,9606.ENSP00000434614,0.0613496932515337
HALLMARK_MITOTIC_SPINDLE,CLIP1,9606.ENSP00000479322,0.0613496932515337
HALLMARK_MITOTIC_SPINDLE,ABI1,9606.ENSP00000365312,0.0552147239263804
HALLMARK_MITOTIC_SPINDLE,ARF6,9606.ENSP00000298316,0.0552147239263804
HALLMARK_MITOTIC_SPINDLE,NIN,9606.ENSP00000371472,0.0552147239263804
HALLMARK_MITOTIC_SPINDLE,SOS1,9606.ENSP00000384675,0.0552147239263804
HALLMARK_MITOTIC_SPINDLE,CDK5RAP2,9606.ENSP00000343818,0.049079754601227
HALLMARK_MITOTIC_SPINDLE,DYNC1H1,9606.ENSP00000348965,0.049079754601227
HALLMARK_MITOTIC_SPINDLE,GSN,9606.ENSP00000362924,0.049079754601227
HALLMARK_MITOTIC_SPINDLE,MYH9,9606.ENSP00000216181,0.049079754601227
HALLMARK_MITOTIC_SPINDLE,WASF1,9606.ENSP00000376367,0.049079754601227
HALLMARK_MITOTIC_SPINDLE,CD2AP,9606.ENSP00000352264,0.0429447852760736
HALLMARK_MITOTIC_SPINDLE,KIFAP3,9606.ENSP00000354560,0.0429447852760736
HALLMARK_MITOTIC_SPINDLE,APC,9606.ENSP00000257430,0.0368098159509202
HALLMARK_MITOTIC_SPINDLE,BRCA2,9606.ENSP00000369497,0.0368098159509202
HALLMARK_MITOTIC_SPINDLE,CEP192,9606.ENSP00000427550,0.0368098159509202
HALLMARK_MITOTIC_SPINDLE,CLASP1,9606.ENSP00000263710,0.0368098159509202
HALLMARK_MITOTIC_SPINDLE,CNTROB,9606.ENSP00000369614,0.0368098159509202
HALLMARK_MITOTIC_SPINDLE,ITSN1,9606.ENSP00000370719,0.0368098159509202
HALLMARK_MITOTIC_SPINDLE,NCK2,9606.ENSP00000233154,0.0368098159509202
HALLMARK_MITOTIC_SPINDLE,PAFAH1B1,9606.ENSP00000380378,0.0368098159509202
HALLMARK_MITOTIC_SPINDLE,PCM1,9606.ENSP00000327077,0.0368098159509202
HALLMARK_MITOTIC_SPINDLE,SMC1A,9606.ENSP00000323421,0.0368098159509202
HALLMARK_MITOTIC_SPINDLE,TUBGCP3,9606.ENSP00000261965,0.0368098159509202
HALLMARK_MITOTIC_SPINDLE,TUBGCP6,9606.ENSP00000248846,0.0368098159509202
HALLMARK_MITOTIC_SPINDLE,CEP250,9606.ENSP00000380661,0.0306748466257669
HALLMARK_MITOTIC_SPINDLE,FBXO5,9606.ENSP00000229758,0.0306748466257669
HALLMARK_MITOTIC_SPINDLE,FLNB,9606.ENSP00000420213,0.0306748466257669
HALLMARK_MITOTIC_SPINDLE,FSCN1,9606.ENSP00000371798,0.0306748466257669
HALLMARK_MITOTIC_SPINDLE,KLC1,9606.ENSP00000414982,0.0306748466257669
HALLMARK_MITOTIC_SPINDLE,ROCK1,9606.ENSP00000382697,0.0306748466257669
HALLMARK_MITOTIC_SPINDLE,SASS6,9606.ENSP00000287482,0.0306748466257669
HALLMARK_MITOTIC_SPINDLE,SMC3,9606.ENSP00000354720,0.0306748466257669
HALLMARK_MITOTIC_SPINDLE,SPTAN1,9606.ENSP00000487444,0.0306748466257669
HALLMARK_MITOTIC_SPINDLE,TUBA4A,9606.ENSP00000248437,0.0306748466257669
HALLMARK_MITOTIC_SPINDLE,TUBGCP2,9606.ENSP00000446093,0.0306748466257669
HALLMARK_MITOTIC_SPINDLE,WASF2,9606.ENSP00000483313,0.0306748466257669
HALLMARK_MITOTIC_SPINDLE,YWHAE,9606.ENSP00000264335,0.0306748466257669
HALLMARK_MITOTIC_SPINDLE,ARHGEF11,9606.ENSP00000357177,0.0245398773006135
HALLMARK_MITOTIC_SPINDLE,ARHGEF12,9606.ENSP00000380942,0.0245398773006135
HALLMARK_MITOTIC_SPINDLE,BIN1,9606.ENSP00000316779,0.0245398773006135
HALLMARK_MITOTIC_SPINDLE,CAPZB,9606.ENSP00000401010,0.0245398773006135
HALLMARK_MITOTIC_SPINDLE,CEP131,9606.ENSP00000269392,0.0245398773006135
HALLMARK_MITOTIC_SPINDLE,CNTRL,9606.ENSP00000362962,0.0245398773006135
HALLMARK_MITOTIC_SPINDLE,DLG1,9606.ENSP00000345731,0.0245398773006135
HALLMARK_MITOTIC_SPINDLE,EPB41,9606.ENSP00000345259,0.0245398773006135
HALLMARK_MITOTIC_SPINDLE,KIF3B,9606.ENSP00000364864,0.0245398773006135
HALLMARK_MITOTIC_SPINDLE,NEDD9,9606.ENSP00000368759,0.0245398773006135
HALLMARK_MITOTIC_SPINDLE,NUMA1,9606.ENSP00000377298,0.0245398773006135
HALLMARK_MITOTIC_SPINDLE,RICTOR,9606.ENSP00000296782,0.0245398773006135
HALLMARK_MITOTIC_SPINDLE,SPTBN1,9606.ENSP00000349259,0.0245398773006135
HALLMARK_MITOTIC_SPINDLE,ARHGEF2,9606.ENSP00000354837,0.0184049079754601
HALLMARK_MITOTIC_SPINDLE,ARHGEF7,9606.ENSP00000495631,0.0184049079754601
HALLMARK_MITOTIC_SPINDLE,DYNLL2,9606.ENSP00000477310,0.0184049079754601
HALLMARK_MITOTIC_SPINDLE,EPB41L2,9606.ENSP00000357110,0.0184049079754601
HALLMARK_MITOTIC_SPINDLE,HDAC6,9606.ENSP00000365804,0.0184049079754601
HALLMARK_MITOTIC_SPINDLE,KIF5B,9606.ENSP00000307078,0.0184049079754601
HALLMARK_MITOTIC_SPINDLE,MAP1S,9606.ENSP00000325313,0.0184049079754601
HALLMARK_MITOTIC_SPINDLE,MYO1E,9606.ENSP00000288235,0.0184049079754601
HALLMARK_MITOTIC_SPINDLE,NF1,9606.ENSP00000351015,0.0184049079754601
HALLMARK_MITOTIC_SPINDLE,RALBP1,9606.ENSP00000372924,0.0184049079754601
HALLMARK_MITOTIC_SPINDLE,SORBS2,9606.ENSP00000347852,0.0184049079754601
HALLMARK_MITOTIC_SPINDLE,SYNPO,9606.ENSP00000377789,0.0184049079754601
HALLMARK_MITOTIC_SPINDLE,TSC1,9606.ENSP00000298552,0.0184049079754601
HALLMARK_MITOTIC_SPINDLE,TUBD1,9606.ENSP00000320797,0.0184049079754601
HALLMARK_MITOTIC_SPINDLE,TUBGCP5,9606.ENSP00000480316,0.0184049079754601
HALLMARK_MITOTIC_SPINDLE,ARHGEF3,9606.ENSP00000341071,0.0122699386503067
HALLMARK_MITOTIC_SPINDLE,BCR,9606.ENSP00000303507,0.0122699386503067
HALLMARK_MITOTIC_SPINDLE,CDC42EP4,9606.ENSP00000338258,0.0122699386503067
HALLMARK_MITOTIC_SPINDLE,CEP72,9606.ENSP00000264935,0.0122699386503067
HALLMARK_MITOTIC_SPINDLE,CLIP2,9606.ENSP00000223398,0.0122699386503067
HALLMARK_MITOTIC_SPINDLE,CSNK1D,9606.ENSP00000381531,0.0122699386503067
HALLMARK_MITOTIC_SPINDLE,HOOK3,9606.ENSP00000305699,0.0122699386503067
HALLMARK_MITOTIC_SPINDLE,KIF3C,9606.ENSP00000264712,0.0122699386503067
HALLMARK_MITOTIC_SPINDLE,LMNB1,9606.ENSP00000261366,0.0122699386503067
HALLMARK_MITOTIC_SPINDLE,LRPPRC,9606.ENSP00000260665,0.0122699386503067
HALLMARK_MITOTIC_SPINDLE,MARK4,9606.ENSP00000262891,0.0122699386503067
HALLMARK_MITOTIC_SPINDLE,MYH10,9606.ENSP00000353590,0.0122699386503067
HALLMARK_MITOTIC_SPINDLE,PALLD,9606.ENSP00000425556,0.0122699386503067
HALLMARK_MITOTIC_SPINDLE,RFC1,9606.ENSP00000371321,0.0122699386503067
HALLMARK_MITOTIC_SPINDLE,SEPTIN9,9606.ENSP00000391249,0.0122699386503067
HALLMARK_MITOTIC_SPINDLE,TIAM1,9606.ENSP00000286827,0.0122699386503067
HALLMARK_MITOTIC_SPINDLE,UXT,9606.ENSP00000337393,0.0122699386503067
HALLMARK_MITOTIC_SPINDLE,AKAP13,9606.ENSP00000354718,0.0061349693251533
HALLMARK_MITOTIC_SPINDLE,ALMS1,9606.ENSP00000482968,0.0061349693251533
HALLMARK_MITOTIC_SPINDLE,ARAP3,9606.ENSP00000239440,0.0061349693251533
HALLMARK_MITOTIC_SPINDLE,ARFGEF1,9606.ENSP00000262215,0.0061349693251533
HALLMARK_MITOTIC_SPINDLE,ARFIP2,9606.ENSP00000484121,0.0061349693251533
HALLMARK_MITOTIC_SPINDLE,ARHGAP10,9606.ENSP00000336923,0.0061349693251533
HALLMARK_MITOTIC_SPINDLE,ARHGAP27,9606.ENSP00000403323,0.0061349693251533
HALLMARK_MITOTIC_SPINDLE,ARHGAP29,9606.ENSP00000260526,0.0061349693251533
HALLMARK_MITOTIC_SPINDLE,ARHGAP5,9606.ENSP00000371897,0.0061349693251533
HALLMARK_MITOTIC_SPINDLE,ARHGDIA,9606.ENSP00000463939,0.0061349693251533
HALLMARK_MITOTIC_SPINDLE,ATG4B,9606.ENSP00000384259,0.0061349693251533
HALLMARK_MITOTIC_SPINDLE,BCL2L11,9606.ENSP00000376943,0.0061349693251533
HALLMARK_MITOTIC_SPINDLE,CDC42BPA,9606.ENSP00000355731,0.0061349693251533
HALLMARK_MITOTIC_SPINDLE,CDC42EP1,9606.ENSP00000249014,0.0061349693251533
HALLMARK_MITOTIC_SPINDLE,CEP57,9606.ENSP00000317902,0.0061349693251533
HALLMARK_MITOTIC_SPINDLE,CYTH2,9606.ENSP00000493357,0.0061349693251533
HALLMARK_MITOTIC_SPINDLE,DOCK4,9606.ENSP00000410746,0.0061349693251533
HALLMARK_MITOTIC_SPINDLE,DST,9606.ENSP00000307959,0.0061349693251533
HALLMARK_MITOTIC_SPINDLE,GEMIN4,9606.ENSP00000321706,0.0061349693251533
HALLMARK_MITOTIC_SPINDLE,KATNA1,9606.ENSP00000356381,0.0061349693251533
HALLMARK_MITOTIC_SPINDLE,KATNB1,9606.ENSP00000368982,0.0061349693251533
HALLMARK_MITOTIC_SPINDLE,KIF1B,9606.ENSP00000263934,0.0061349693251533
HALLMARK_MITOTIC_SPINDLE,LATS1,9606.ENSP00000437550,0.0061349693251533
HALLMARK_MITOTIC_SPINDLE,LLGL1,9606.ENSP00000321537,0.0061349693251533
HALLMARK_MITOTIC_SPINDLE,MAP3K11,9606.ENSP00000309597,0.0061349693251533
HALLMARK_MITOTIC_SPINDLE,MYO9B,9606.ENSP00000471457,0.0061349693251533
HALLMARK_MITOTIC_SPINDLE,OPHN1,9606.ENSP00000347710,0.0061349693251533
HALLMARK_MITOTIC_SPINDLE,PDLIM5,9606.ENSP00000480359,0.0061349693251533
HALLMARK_MITOTIC_SPINDLE,PLEKHG2,9606.ENSP00000392906,0.0061349693251533
HALLMARK_MITOTIC_SPINDLE,PPP4R2,9606.ENSP00000349124,0.0061349693251533
HALLMARK_MITOTIC_SPINDLE,PREX1,9606.ENSP00000361009,0.0061349693251533
HALLMARK_MITOTIC_SPINDLE,RAB3GAP1,9606.ENSP00000411418,0.0061349693251533
HALLMARK_MITOTIC_SPINDLE,RANBP9,9606.ENSP00000011619,0.0061349693251533
HALLMARK_MITOTIC_SPINDLE,RASA2,9606.ENSP00000286364,0.0061349693251533
HALLMARK_MITOTIC_SPINDLE,SHROOM2,9606.ENSP00000370299,0.0061349693251533
HALLMARK_MITOTIC_SPINDLE,SUN2,9606.ENSP00000385616,0.0061349693251533
HALLMARK_MITOTIC_SPINDLE,TBCD,9606.ENSP00000347719,0.0061349693251533
HALLMARK_MITOTIC_SPINDLE,TRIO,9606.ENSP00000339299,0.0061349693251533
HALLMARK_MTORC1_SIGNALING,GAPDH,9606.ENSP00000380070,0.210526315789474
HALLMARK_MTORC1_SIGNALING,HSPA5,9606.ENSP00000324173,0.125
HALLMARK_MTORC1_SIGNALING,ENO1,9606.ENSP00000495530,0.0986842105263158
HALLMARK_MTORC1_SIGNALING,HSPA4,9606.ENSP00000302961,0.0986842105263158
HALLMARK_MTORC1_SIGNALING,LDHA,9606.ENSP00000445175,0.0921052631578947
HALLMARK_MTORC1_SIGNALING,PGK1,9606.ENSP00000362413,0.0921052631578947
HALLMARK_MTORC1_SIGNALING,CANX,9606.ENSP00000247461,0.0855263157894737
HALLMARK_MTORC1_SIGNALING,GPI,9606.ENSP00000405573,0.0855263157894737
HALLMARK_MTORC1_SIGNALING,TPI1,9606.ENSP00000229270,0.0855263157894737
HALLMARK_MTORC1_SIGNALING,G6PD,9606.ENSP00000377192,0.0789473684210526
HALLMARK_MTORC1_SIGNALING,HSPA9,9606.ENSP00000297185,0.0789473684210526
HALLMARK_MTORC1_SIGNALING,HSPD1,9606.ENSP00000340019,0.0789473684210526
HALLMARK_MTORC1_SIGNALING,IDH1,9606.ENSP00000390265,0.0789473684210526
HALLMARK_MTORC1_SIGNALING,PSMA3,9606.ENSP00000216455,0.0789473684210526
HALLMARK_MTORC1_SIGNALING,PSMC2,9606.ENSP00000391211,0.0789473684210526
HALLMARK_MTORC1_SIGNALING,PSMD14,9606.ENSP00000386541,0.0789473684210526
HALLMARK_MTORC1_SIGNALING,CYP51A1,9606.ENSP00000003100,0.0723684210526316
HALLMARK_MTORC1_SIGNALING,HK2,9606.ENSP00000290573,0.0723684210526316
HALLMARK_MTORC1_SIGNALING,HMGCR,9606.ENSP00000287936,0.0723684210526316
HALLMARK_MTORC1_SIGNALING,HMGCS1,9606.ENSP00000322706,0.0723684210526316
HALLMARK_MTORC1_SIGNALING,HSP90B1,9606.ENSP00000299767,0.0723684210526316
HALLMARK_MTORC1_SIGNALING,PSMA4,9606.ENSP00000044462,0.0723684210526316
HALLMARK_MTORC1_SIGNALING,PSMC6,9606.ENSP00000484998,0.0723684210526316
HALLMARK_MTORC1_SIGNALING,PSMD12,9606.ENSP00000348442,0.0723684210526316
HALLMARK_MTORC1_SIGNALING,PSMD13,9606.ENSP00000396937,0.0723684210526316
HALLMARK_MTORC1_SIGNALING,UCHL5,9606.ENSP00000356421,0.0723684210526316
HALLMARK_MTORC1_SIGNALING,CALR,9606.ENSP00000320866,0.0657894736842105
HALLMARK_MTORC1_SIGNALING,DHCR24,9606.ENSP00000360316,0.0657894736842105
HALLMARK_MTORC1_SIGNALING,PSMC4,9606.ENSP00000157812,0.0657894736842105
HALLMARK_MTORC1_SIGNALING,PSME3,9606.ENSP00000293362,0.0657894736842105
HALLMARK_MTORC1_SIGNALING,SC5D,9606.ENSP00000264027,0.0657894736842105
HALLMARK_MTORC1_SIGNALING,XBP1,9606.ENSP00000216037,0.0657894736842105
HALLMARK_MTORC1_SIGNALING,ACLY,9606.ENSP00000466259,0.0592105263157895
HALLMARK_MTORC1_SIGNALING,DHCR7,9606.ENSP00000347717,0.0592105263157895
HALLMARK_MTORC1_SIGNALING,HSPE1,9606.ENSP00000233893,0.0592105263157895
HALLMARK_MTORC1_SIGNALING,IDI1,9606.ENSP00000370748,0.0592105263157895
HALLMARK_MTORC1_SIGNALING,PSMB5,9606.ENSP00000355325,0.0592105263157895
HALLMARK_MTORC1_SIGNALING,SCD,9606.ENSP00000359380,0.0592105263157895
HALLMARK_MTORC1_SIGNALING,SQLE,9606.ENSP00000265896,0.0592105263157895
HALLMARK_MTORC1_SIGNALING,CCT6A,9606.ENSP00000275603,0.0526315789473684
HALLMARK_MTORC1_SIGNALING,PFKL,9606.ENSP00000269848,0.0526315789473684
HALLMARK_MTORC1_SIGNALING,PLK1,9606.ENSP00000300093,0.0526315789473684
HALLMARK_MTORC1_SIGNALING,RRM2,9606.ENSP00000353770,0.0526315789473684
HALLMARK_MTORC1_SIGNALING,SHMT2,9606.ENSP00000333667,0.0526315789473684
HALLMARK_MTORC1_SIGNALING,ALDOA,9606.ENSP00000496166,0.0460526315789474
HALLMARK_MTORC1_SIGNALING,AURKA,9606.ENSP00000216911,0.0460526315789474
HALLMARK_MTORC1_SIGNALING,INSIG1,9606.ENSP00000344741,0.0460526315789474
HALLMARK_MTORC1_SIGNALING,EBP,9606.ENSP00000417052,0.0394736842105263
HALLMARK_MTORC1_SIGNALING,EPRS1,9606.ENSP00000355890,0.0394736842105263
HALLMARK_MTORC1_SIGNALING,MCM4,9606.ENSP00000262105,0.0394736842105263
HALLMARK_MTORC1_SIGNALING,MTHFD2,9606.ENSP00000377617,0.0394736842105263
HALLMARK_MTORC1_SIGNALING,PGM1,9606.ENSP00000360124,0.0394736842105263
HALLMARK_MTORC1_SIGNALING,SDF2L1,9606.ENSP00000248958,0.0394736842105263
HALLMARK_MTORC1_SIGNALING,TM7SF2,9606.ENSP00000279263,0.0394736842105263
HALLMARK_MTORC1_SIGNALING,COPS5,9606.ENSP00000350512,0.0328947368421053
HALLMARK_MTORC1_SIGNALING,CTH,9606.ENSP00000359976,0.0328947368421053
HALLMARK_MTORC1_SIGNALING,DDIT3,9606.ENSP00000448665,0.0328947368421053
HALLMARK_MTORC1_SIGNALING,EDEM1,9606.ENSP00000256497,0.0328947368421053
HALLMARK_MTORC1_SIGNALING,ELOVL6,9606.ENSP00000378105,0.0328947368421053
HALLMARK_MTORC1_SIGNALING,ERO1A,9606.ENSP00000379042,0.0328947368421053
HALLMARK_MTORC1_SIGNALING,FADS1,9606.ENSP00000322229,0.0328947368421053
HALLMARK_MTORC1_SIGNALING,GMPS,9606.ENSP00000419851,0.0328947368421053
HALLMARK_MTORC1_SIGNALING,GOT1,9606.ENSP00000359539,0.0328947368421053
HALLMARK_MTORC1_SIGNALING,GSK3B,9606.ENSP00000324806,0.0328947368421053
HALLMARK_MTORC1_SIGNALING,GSR,9606.ENSP00000221130,0.0328947368421053
HALLMARK_MTORC1_SIGNALING,HPRT1,9606.ENSP00000298556,0.0328947368421053
HALLMARK_MTORC1_SIGNALING,PHGDH,9606.ENSP00000493382,0.0328947368421053
HALLMARK_MTORC1_SIGNALING,PSMG1,9606.ENSP00000329915,0.0328947368421053
HALLMARK_MTORC1_SIGNALING,PSPH,9606.ENSP00000378854,0.0328947368421053
HALLMARK_MTORC1_SIGNALING,SLC2A1,9606.ENSP00000416293,0.0328947368421053
HALLMARK_MTORC1_SIGNALING,STIP1,9606.ENSP00000351646,0.0328947368421053
HALLMARK_MTORC1_SIGNALING,ACACA,9606.ENSP00000483300,0.0263157894736842
HALLMARK_MTORC1_SIGNALING,BUB1,9606.ENSP00000302530,0.0263157894736842
HALLMARK_MTORC1_SIGNALING,CCNF,9606.ENSP00000380256,0.0263157894736842
HALLMARK_MTORC1_SIGNALING,CD9,9606.ENSP00000371958,0.0263157894736842
HALLMARK_MTORC1_SIGNALING,CDC25A,9606.ENSP00000303706,0.0263157894736842
HALLMARK_MTORC1_SIGNALING,CDKN1A,9606.ENSP00000384849,0.0263157894736842
HALLMARK_MTORC1_SIGNALING,DHFR,9606.ENSP00000396308,0.0263157894736842
HALLMARK_MTORC1_SIGNALING,GTF2H1,9606.ENSP00000265963,0.0263157894736842
HALLMARK_MTORC1_SIGNALING,ME1,9606.ENSP00000358719,0.0263157894736842
HALLMARK_MTORC1_SIGNALING,PRDX1,9606.ENSP00000262746,0.0263157894736842
HALLMARK_MTORC1_SIGNALING,PSAT1,9606.ENSP00000365773,0.0263157894736842
HALLMARK_MTORC1_SIGNALING,RPN1,9606.ENSP00000296255,0.0263157894736842
HALLMARK_MTORC1_SIGNALING,SLC7A5,9606.ENSP00000261622,0.0263157894736842
HALLMARK_MTORC1_SIGNALING,SQSTM1,9606.ENSP00000374455,0.0263157894736842
HALLMARK_MTORC1_SIGNALING,TOMM40,9606.ENSP00000410339,0.0263157894736842
HALLMARK_MTORC1_SIGNALING,TXNRD1,9606.ENSP00000434516,0.0263157894736842
HALLMARK_MTORC1_SIGNALING,ACTR2,9606.ENSP00000367220,0.0197368421052632
HALLMARK_MTORC1_SIGNALING,ELOVL5,9606.ENSP00000359956,0.0197368421052632
HALLMARK_MTORC1_SIGNALING,FADS2,9606.ENSP00000278840,0.0197368421052632
HALLMARK_MTORC1_SIGNALING,GCLC,9606.ENSP00000497574,0.0197368421052632
HALLMARK_MTORC1_SIGNALING,GLRX,9606.ENSP00000369314,0.0197368421052632
HALLMARK_MTORC1_SIGNALING,IMMT,9606.ENSP00000387262,0.0197368421052632
HALLMARK_MTORC1_SIGNALING,ITGB2,9606.ENSP00000380948,0.0197368421052632
HALLMARK_MTORC1_SIGNALING,MCM2,9606.ENSP00000265056,0.0197368421052632
HALLMARK_MTORC1_SIGNALING,PDK1,9606.ENSP00000376352,0.0197368421052632
HALLMARK_MTORC1_SIGNALING,PNP,9606.ENSP00000354532,0.0197368421052632
HALLMARK_MTORC1_SIGNALING,PPA1,9606.ENSP00000362329,0.0197368421052632
HALLMARK_MTORC1_SIGNALING,PPIA,9606.ENSP00000419425,0.0197368421052632
HALLMARK_MTORC1_SIGNALING,RPA1,9606.ENSP00000254719,0.0197368421052632
HALLMARK_MTORC1_SIGNALING,SORD,9606.ENSP00000267814,0.0197368421052632
HALLMARK_MTORC1_SIGNALING,SSR1,9606.ENSP00000244763,0.0197368421052632
HALLMARK_MTORC1_SIGNALING,TBK1,9606.ENSP00000329967,0.0197368421052632
HALLMARK_MTORC1_SIGNALING,TRIB3,9606.ENSP00000415416,0.0197368421052632
HALLMARK_MTORC1_SIGNALING,ACTR3,9606.ENSP00000263238,0.0131578947368421
HALLMARK_MTORC1_SIGNALING,ADD3,9606.ENSP00000348381,0.0131578947368421
HALLMARK_MTORC1_SIGNALING,ARPC5L,9606.ENSP00000345361,0.0131578947368421
HALLMARK_MTORC1_SIGNALING,ATP5MC1,9606.ENSP00000377033,0.0131578947368421
HALLMARK_MTORC1_SIGNALING,ATP6V1D,9606.ENSP00000216442,0.0131578947368421
HALLMARK_MTORC1_SIGNALING,BCAT1,9606.ENSP00000443459,0.0131578947368421
HALLMARK_MTORC1_SIGNALING,CORO1A,9606.ENSP00000219150,0.0131578947368421
HALLMARK_MTORC1_SIGNALING,CYB5B,9606.ENSP00000308430,0.0131578947368421
HALLMARK_MTORC1_SIGNALING,EIF2S2,9606.ENSP00000364119,0.0131578947368421
HALLMARK_MTORC1_SIGNALING,ETF1,9606.ENSP00000353741,0.0131578947368421
HALLMARK_MTORC1_SIGNALING,GBE1,9606.ENSP00000410833,0.0131578947368421
HALLMARK_MTORC1_SIGNALING,HMBS,9606.ENSP00000498786,0.0131578947368421
HALLMARK_MTORC1_SIGNALING,MTHFD2L,9606.ENSP00000379108,0.0131578947368421
HALLMARK_MTORC1_SIGNALING,NAMPT,9606.ENSP00000222553,0.0131578947368421
HALLMARK_MTORC1_SIGNALING,PPP1R15A,9606.ENSP00000200453,0.0131578947368421
HALLMARK_MTORC1_SIGNALING,RAB1A,9606.ENSP00000387286,0.0131578947368421
HALLMARK_MTORC1_SIGNALING,SERPINH1,9606.ENSP00000434412,0.0131578947368421
HALLMARK_MTORC1_SIGNALING,SLC1A5,9606.ENSP00000444408,0.0131578947368421
HALLMARK_MTORC1_SIGNALING,SLC2A3,9606.ENSP00000075120,0.0131578947368421
HALLMARK_MTORC1_SIGNALING,SLC7A11,9606.ENSP00000280612,0.0131578947368421
HALLMARK_MTORC1_SIGNALING,TFRC,9606.ENSP00000376197,0.0131578947368421
HALLMARK_MTORC1_SIGNALING,TUBA4A,9606.ENSP00000248437,0.0131578947368421
HALLMARK_MTORC1_SIGNALING,TUBG1,9606.ENSP00000251413,0.0131578947368421
HALLMARK_MTORC1_SIGNALING,USO1,9606.ENSP00000264904,0.0131578947368421
HALLMARK_MTORC1_SIGNALING,YKT6,9606.ENSP00000223369,0.0131578947368421
HALLMARK_MTORC1_SIGNALING,ACSL3,9606.ENSP00000350012,0.006578947368421
HALLMARK_MTORC1_SIGNALING,ADIPOR2,9606.ENSP00000349616,0.006578947368421
HALLMARK_MTORC1_SIGNALING,AK4,9606.ENSP00000378743,0.006578947368421
HALLMARK_MTORC1_SIGNALING,ATP2A2,9606.ENSP00000440045,0.006578947368421
HALLMARK_MTORC1_SIGNALING,BHLHE40,9606.ENSP00000256495,0.006578947368421
HALLMARK_MTORC1_SIGNALING,CACYBP,9606.ENSP00000356652,0.006578947368421
HALLMARK_MTORC1_SIGNALING,CTSC,9606.ENSP00000227266,0.006578947368421
HALLMARK_MTORC1_SIGNALING,CXCR4,9606.ENSP00000386884,0.006578947368421
HALLMARK_MTORC1_SIGNALING,EEF1E1,9606.ENSP00000369038,0.006578947368421
HALLMARK_MTORC1_SIGNALING,GGA2,9606.ENSP00000311962,0.006578947368421
HALLMARK_MTORC1_SIGNALING,LGMN,9606.ENSP00000376911,0.006578947368421
HALLMARK_MTORC1_SIGNALING,M6PR,9606.ENSP00000000412,0.006578947368421
HALLMARK_MTORC1_SIGNALING,NFIL3,9606.ENSP00000297689,0.006578947368421
HALLMARK_MTORC1_SIGNALING,P4HA1,9606.ENSP00000263556,0.006578947368421
HALLMARK_MTORC1_SIGNALING,PIK3R3,9606.ENSP00000262741,0.006578947368421
HALLMARK_MTORC1_SIGNALING,PLOD2,9606.ENSP00000282903,0.006578947368421
HALLMARK_MTORC1_SIGNALING,PNO1,9606.ENSP00000263657,0.006578947368421
HALLMARK_MTORC1_SIGNALING,QDPR,9606.ENSP00000281243,0.006578947368421
HALLMARK_MTORC1_SIGNALING,RRP9,9606.ENSP00000232888,0.006578947368421
HALLMARK_MTORC1_SIGNALING,SERP1,9606.ENSP00000420076,0.006578947368421
HALLMARK_MTORC1_SIGNALING,TCEA1,9606.ENSP00000428426,0.006578947368421
HALLMARK_MTORC1_SIGNALING,UBE2D3,9606.ENSP00000349722,0.006578947368421
HALLMARK_MTORC1_SIGNALING,UNG,9606.ENSP00000242576,0.006578947368421
HALLMARK_MTORC1_SIGNALING,WARS1,9606.ENSP00000347495,0.006578947368421
HALLMARK_MYC_TARGETS_V1,RPS3,9606.ENSP00000278572,0.244565217391304
HALLMARK_MYC_TARGETS_V1,RPS6,9606.ENSP00000369757,0.21195652173913
HALLMARK_MYC_TARGETS_V1,HNRNPA1,9606.ENSP00000341826,0.206521739130435
HALLMARK_MYC_TARGETS_V1,RPS2,9606.ENSP00000341885,0.206521739130435
HALLMARK_MYC_TARGETS_V1,SRSF1,9606.ENSP00000258962,0.206521739130435
HALLMARK_MYC_TARGETS_V1,RACK1,9606.ENSP00000426909,0.201086956521739
HALLMARK_MYC_TARGETS_V1,EIF2S1,9606.ENSP00000256383,0.184782608695652
HALLMARK_MYC_TARGETS_V1,RPL6,9606.ENSP00000403172,0.184782608695652
HALLMARK_MYC_TARGETS_V1,NPM1,9606.ENSP00000296930,0.179347826086957
HALLMARK_MYC_TARGETS_V1,RPS5,9606.ENSP00000472985,0.179347826086957
HALLMARK_MYC_TARGETS_V1,CCT2,9606.ENSP00000299300,0.173913043478261
HALLMARK_MYC_TARGETS_V1,HNRNPC,9606.ENSP00000451291,0.168478260869565
HALLMARK_MYC_TARGETS_V1,SNRPD2,9606.ENSP00000342374,0.168478260869565
HALLMARK_MYC_TARGETS_V1,DHX15,9606.ENSP00000336741,0.16304347826087
HALLMARK_MYC_TARGETS_V1,PABPC1,9606.ENSP00000313007,0.16304347826087
HALLMARK_MYC_TARGETS_V1,CCT4,9606.ENSP00000377958,0.157608695652174
HALLMARK_MYC_TARGETS_V1,NCBP1,9606.ENSP00000364289,0.157608695652174
HALLMARK_MYC_TARGETS_V1,RPLP0,9606.ENSP00000449328,0.157608695652174
HALLMARK_MYC_TARGETS_V1,SNRPD3,9606.ENSP00000215829,0.157608695652174
HALLMARK_MYC_TARGETS_V1,EIF4A1,9606.ENSP00000293831,0.152173913043478
HALLMARK_MYC_TARGETS_V1,HSP90AB1,9606.ENSP00000360609,0.152173913043478
HALLMARK_MYC_TARGETS_V1,NCBP2,9606.ENSP00000326806,0.152173913043478
HALLMARK_MYC_TARGETS_V1,NHP2,9606.ENSP00000274606,0.152173913043478
HALLMARK_MYC_TARGETS_V1,RPL14,9606.ENSP00000379506,0.152173913043478
HALLMARK_MYC_TARGETS_V1,SNRPG,9606.ENSP00000393388,0.152173913043478
HALLMARK_MYC_TARGETS_V1,CCT7,9606.ENSP00000258091,0.146739130434783
HALLMARK_MYC_TARGETS_V1,NOP56,9606.ENSP00000370589,0.146739130434783
HALLMARK_MYC_TARGETS_V1,SYNCRIP,9606.ENSP00000358635,0.146739130434783
HALLMARK_MYC_TARGETS_V1,ABCE1,9606.ENSP00000296577,0.141304347826087
HALLMARK_MYC_TARGETS_V1,EIF3B,9606.ENSP00000354125,0.141304347826087
HALLMARK_MYC_TARGETS_V1,EPRS1,9606.ENSP00000355890,0.141304347826087
HALLMARK_MYC_TARGETS_V1,FBL,9606.ENSP00000221801,0.141304347826087
HALLMARK_MYC_TARGETS_V1,PA2G4,9606.ENSP00000302886,0.141304347826087
HALLMARK_MYC_TARGETS_V1,SRSF3,9606.ENSP00000362820,0.141304347826087
HALLMARK_MYC_TARGETS_V1,HNRNPA2B1,9606.ENSP00000346694,0.135869565217391
HALLMARK_MYC_TARGETS_V1,HNRNPR,9606.ENSP00000363745,0.135869565217391
HALLMARK_MYC_TARGETS_V1,SNRPD1,9606.ENSP00000300413,0.135869565217391
HALLMARK_MYC_TARGETS_V1,TARDBP,9606.ENSP00000240185,0.135869565217391
HALLMARK_MYC_TARGETS_V1,CCT5,9606.ENSP00000280326,0.130434782608696
HALLMARK_MYC_TARGETS_V1,EEF1B2,9606.ENSP00000376055,0.130434782608696
HALLMARK_MYC_TARGETS_V1,RPL34,9606.ENSP00000378163,0.130434782608696
HALLMARK_MYC_TARGETS_V1,CDC20,9606.ENSP00000361540,0.125
HALLMARK_MYC_TARGETS_V1,EIF2S2,9606.ENSP00000364119,0.125
HALLMARK_MYC_TARGETS_V1,ETF1,9606.ENSP00000353741,0.125
HALLMARK_MYC_TARGETS_V1,PSMD14,9606.ENSP00000386541,0.125
HALLMARK_MYC_TARGETS_V1,RPS10,9606.ENSP00000481646,0.125
HALLMARK_MYC_TARGETS_V1,SNRPA,9606.ENSP00000243563,0.119565217391304
HALLMARK_MYC_TARGETS_V1,SRSF2,9606.ENSP00000376276,0.119565217391304
HALLMARK_MYC_TARGETS_V1,TCP1,9606.ENSP00000317334,0.119565217391304
HALLMARK_MYC_TARGETS_V1,RPL18,9606.ENSP00000447001,0.114130434782609
HALLMARK_MYC_TARGETS_V1,EIF3D,9606.ENSP00000216190,0.108695652173913
HALLMARK_MYC_TARGETS_V1,HNRNPU,9606.ENSP00000491215,0.108695652173913
HALLMARK_MYC_TARGETS_V1,PCNA,9606.ENSP00000368458,0.108695652173913
HALLMARK_MYC_TARGETS_V1,RPL22,9606.ENSP00000346088,0.108695652173913
HALLMARK_MYC_TARGETS_V1,CDK2,9606.ENSP00000266970,0.103260869565217
HALLMARK_MYC_TARGETS_V1,PCBP1,9606.ENSP00000305556,0.103260869565217
HALLMARK_MYC_TARGETS_V1,SRSF7,9606.ENSP00000325905,0.103260869565217
HALLMARK_MYC_TARGETS_V1,CCNA2,9606.ENSP00000481380,0.0978260869565217
HALLMARK_MYC_TARGETS_V1,EIF1AX,9606.ENSP00000368927,0.0978260869565217
HALLMARK_MYC_TARGETS_V1,MCM7,9606.ENSP00000307288,0.0978260869565217
HALLMARK_MYC_TARGETS_V1,PSMA7,9606.ENSP00000359910,0.0978260869565217
HALLMARK_MYC_TARGETS_V1,PSMD1,9606.ENSP00000309474,0.0978260869565217
HALLMARK_MYC_TARGETS_V1,SERBP1,9606.ENSP00000360034,0.0978260869565217
HALLMARK_MYC_TARGETS_V1,DDX21,9606.ENSP00000346120,0.0923913043478261
HALLMARK_MYC_TARGETS_V1,ILF2,9606.ENSP00000355011,0.0923913043478261
HALLMARK_MYC_TARGETS_V1,MCM5,9606.ENSP00000216122,0.0923913043478261
HALLMARK_MYC_TARGETS_V1,MCM6,9606.ENSP00000264156,0.0923913043478261
HALLMARK_MYC_TARGETS_V1,PSMA6,9606.ENSP00000261479,0.0923913043478261
HALLMARK_MYC_TARGETS_V1,PSMC4,9606.ENSP00000157812,0.0923913043478261
HALLMARK_MYC_TARGETS_V1,RAN,9606.ENSP00000446215,0.0923913043478261
HALLMARK_MYC_TARGETS_V1,SF3A1,9606.ENSP00000215793,0.0923913043478261
HALLMARK_MYC_TARGETS_V1,TRA2B,9606.ENSP00000416959,0.0923913043478261
HALLMARK_MYC_TARGETS_V1,DDX18,9606.ENSP00000263239,0.0869565217391304
HALLMARK_MYC_TARGETS_V1,EIF3J,9606.ENSP00000261868,0.0869565217391304
HALLMARK_MYC_TARGETS_V1,EIF4E,9606.ENSP00000425561,0.0869565217391304
HALLMARK_MYC_TARGETS_V1,GSPT1,9606.ENSP00000398131,0.0869565217391304
HALLMARK_MYC_TARGETS_V1,HNRNPA3,9606.ENSP00000376309,0.0869565217391304
HALLMARK_MYC_TARGETS_V1,LSM2,9606.ENSP00000364813,0.0869565217391304
HALLMARK_MYC_TARGETS_V1,LSM7,9606.ENSP00000252622,0.0869565217391304
HALLMARK_MYC_TARGETS_V1,MCM2,9606.ENSP00000265056,0.0869565217391304
HALLMARK_MYC_TARGETS_V1,MCM4,9606.ENSP00000262105,0.0869565217391304
HALLMARK_MYC_TARGETS_V1,MYC,9606.ENSP00000478887,0.0869565217391304
HALLMARK_MYC_TARGETS_V1,RSL1D1,9606.ENSP00000460871,0.0869565217391304
HALLMARK_MYC_TARGETS_V1,SF3B3,9606.ENSP00000305790,0.0869565217391304
HALLMARK_MYC_TARGETS_V1,SNRPA1,9606.ENSP00000254193,0.0869565217391304
HALLMARK_MYC_TARGETS_V1,SNRPB2,9606.ENSP00000246071,0.0869565217391304
HALLMARK_MYC_TARGETS_V1,CCT3,9606.ENSP00000295688,0.0815217391304348
HALLMARK_MYC_TARGETS_V1,CDC45,9606.ENSP00000405726,0.0815217391304348
HALLMARK_MYC_TARGETS_V1,GNL3,9606.ENSP00000395772,0.0815217391304348
HALLMARK_MYC_TARGETS_V1,HNRNPD,9606.ENSP00000313199,0.0815217391304348
HALLMARK_MYC_TARGETS_V1,PSMD7,9606.ENSP00000219313,0.0815217391304348
HALLMARK_MYC_TARGETS_V1,ERH,9606.ENSP00000451080,0.0760869565217391
HALLMARK_MYC_TARGETS_V1,PSMA1,9606.ENSP00000414359,0.0760869565217391
HALLMARK_MYC_TARGETS_V1,PSMA4,9606.ENSP00000044462,0.0760869565217391
HALLMARK_MYC_TARGETS_V1,PSMD3,9606.ENSP00000264639,0.0760869565217391
HALLMARK_MYC_TARGETS_V1,PSMD8,9606.ENSP00000215071,0.0760869565217391
HALLMARK_MYC_TARGETS_V1,RFC4,9606.ENSP00000376272,0.0760869565217391
HALLMARK_MYC_TARGETS_V1,RRM1,9606.ENSP00000300738,0.0760869565217391
HALLMARK_MYC_TARGETS_V1,TUFM,9606.ENSP00000322439,0.0760869565217391
HALLMARK_MYC_TARGETS_V1,TYMS,9606.ENSP00000315644,0.0760869565217391
HALLMARK_MYC_TARGETS_V1,XPO1,9606.ENSP00000384863,0.0760869565217391
HALLMARK_MYC_TARGETS_V1,G3BP1,9606.ENSP00000377681,0.0706521739130435
HALLMARK_MYC_TARGETS_V1,MAD2L1,9606.ENSP00000296509,0.0706521739130435
HALLMARK_MYC_TARGETS_V1,PRPF31,9606.ENSP00000324122,0.0706521739130435
HALLMARK_MYC_TARGETS_V1,PSMB2,9606.ENSP00000362334,0.0706521739130435
HALLMARK_MYC_TARGETS_V1,RUVBL2,9606.ENSP00000473172,0.0706521739130435
HALLMARK_MYC_TARGETS_V1,SSB,9606.ENSP00000386636,0.0706521739130435
HALLMARK_MYC_TARGETS_V1,CDK4,9606.ENSP00000257904,0.0652173913043478
HALLMARK_MYC_TARGETS_V1,H2AZ1,9606.ENSP00000296417,0.0652173913043478
HALLMARK_MYC_TARGETS_V1,PSMC6,9606.ENSP00000484998,0.0652173913043478
HALLMARK_MYC_TARGETS_V1,TXNL4A,9606.ENSP00000269601,0.0652173913043478
HALLMARK_MYC_TARGETS_V1,COPS5,9606.ENSP00000350512,0.0597826086956522
HALLMARK_MYC_TARGETS_V1,KPNB1,9606.ENSP00000290158,0.0597826086956522
HALLMARK_MYC_TARGETS_V1,PSMB3,9606.ENSP00000483688,0.0597826086956522
HALLMARK_MYC_TARGETS_V1,VDAC1,9606.ENSP00000378487,0.0597826086956522
HALLMARK_MYC_TARGETS_V1,HSPE1,9606.ENSP00000233893,0.0489130434782609
HALLMARK_MYC_TARGETS_V1,PTGES3,9606.ENSP00000482075,0.0489130434782609
HALLMARK_MYC_TARGETS_V1,RAD23B,9606.ENSP00000350708,0.0489130434782609
HALLMARK_MYC_TARGETS_V1,RRP9,9606.ENSP00000232888,0.0489130434782609
HALLMARK_MYC_TARGETS_V1,XRCC6,9606.ENSP00000352257,0.0489130434782609
HALLMARK_MYC_TARGETS_V1,DUT,9606.ENSP00000370376,0.0434782608695652
HALLMARK_MYC_TARGETS_V1,EIF4H,9606.ENSP00000265753,0.0434782608695652
HALLMARK_MYC_TARGETS_V1,HSPD1,9606.ENSP00000340019,0.0434782608695652
HALLMARK_MYC_TARGETS_V1,KARS1,9606.ENSP00000325448,0.0434782608695652
HALLMARK_MYC_TARGETS_V1,KPNA2,9606.ENSP00000438483,0.0434782608695652
HALLMARK_MYC_TARGETS_V1,MRPL9,9606.ENSP00000357823,0.0434782608695652
HALLMARK_MYC_TARGETS_V1,ORC2,9606.ENSP00000234296,0.0434782608695652
HALLMARK_MYC_TARGETS_V1,POLE3,9606.ENSP00000363286,0.0434782608695652
HALLMARK_MYC_TARGETS_V1,PWP1,9606.ENSP00000387365,0.0434782608695652
HALLMARK_MYC_TARGETS_V1,SRPK1,9606.ENSP00000362931,0.0434782608695652
HALLMARK_MYC_TARGETS_V1,CBX3,9606.ENSP00000336687,0.0380434782608696
HALLMARK_MYC_TARGETS_V1,CUL1,9606.ENSP00000326804,0.0380434782608696
HALLMARK_MYC_TARGETS_V1,EIF4G2,9606.ENSP00000433664,0.0380434782608696
HALLMARK_MYC_TARGETS_V1,IFRD1,9606.ENSP00000384477,0.0380434782608696
HALLMARK_MYC_TARGETS_V1,NOLC1,9606.ENSP00000385410,0.0380434782608696
HALLMARK_MYC_TARGETS_V1,RNPS1,9606.ENSP00000457723,0.0380434782608696
HALLMARK_MYC_TARGETS_V1,VBP1,9606.ENSP00000286428,0.0380434782608696
HALLMARK_MYC_TARGETS_V1,CTPS1,9606.ENSP00000497744,0.0326086956521739
HALLMARK_MYC_TARGETS_V1,MRPL23,9606.ENSP00000380466,0.0326086956521739
HALLMARK_MYC_TARGETS_V1,NDUFAB1,9606.ENSP00000458770,0.0326086956521739
HALLMARK_MYC_TARGETS_V1,PABPC4,9606.ENSP00000361949,0.0326086956521739
HALLMARK_MYC_TARGETS_V1,PPIA,9606.ENSP00000419425,0.0326086956521739
HALLMARK_MYC_TARGETS_V1,SET,9606.ENSP00000361777,0.0326086956521739
HALLMARK_MYC_TARGETS_V1,TRIM28,9606.ENSP00000253024,0.0326086956521739
HALLMARK_MYC_TARGETS_V1,APEX1,9606.ENSP00000216714,0.0271739130434783
HALLMARK_MYC_TARGETS_V1,CLNS1A,9606.ENSP00000433919,0.0271739130434783
HALLMARK_MYC_TARGETS_V1,CYC1,9606.ENSP00000317159,0.0271739130434783
HALLMARK_MYC_TARGETS_V1,NME1,9606.ENSP00000337060,0.0271739130434783
HALLMARK_MYC_TARGETS_V1,POLD2,9606.ENSP00000480186,0.0271739130434783
HALLMARK_MYC_TARGETS_V1,RANBP1,9606.ENSP00000401564,0.0271739130434783
HALLMARK_MYC_TARGETS_V1,TFDP1,9606.ENSP00000364519,0.0271739130434783
HALLMARK_MYC_TARGETS_V1,C1QBP,9606.ENSP00000225698,0.0217391304347826
HALLMARK_MYC_TARGETS_V1,COX5A,9606.ENSP00000317780,0.0217391304347826
HALLMARK_MYC_TARGETS_V1,CSTF2,9606.ENSP00000387996,0.0217391304347826
HALLMARK_MYC_TARGETS_V1,IMPDH2,9606.ENSP00000321584,0.0217391304347826
HALLMARK_MYC_TARGETS_V1,PGK1,9606.ENSP00000362413,0.0217391304347826
HALLMARK_MYC_TARGETS_V1,PHB2,9606.ENSP00000441875,0.0217391304347826
HALLMARK_MYC_TARGETS_V1,SLC25A3,9606.ENSP00000228318,0.0217391304347826
HALLMARK_MYC_TARGETS_V1,YWHAE,9606.ENSP00000264335,0.0217391304347826
HALLMARK_MYC_TARGETS_V1,AIMP2,9606.ENSP00000223029,0.016304347826087
HALLMARK_MYC_TARGETS_V1,BUB3,9606.ENSP00000357858,0.016304347826087
HALLMARK_MYC_TARGETS_V1,CAD,9606.ENSP00000264705,0.016304347826087
HALLMARK_MYC_TARGETS_V1,EXOSC7,9606.ENSP00000265564,0.016304347826087
HALLMARK_MYC_TARGETS_V1,GOT2,9606.ENSP00000245206,0.016304347826087
HALLMARK_MYC_TARGETS_V1,HDAC2,9606.ENSP00000430432,0.016304347826087
HALLMARK_MYC_TARGETS_V1,HPRT1,9606.ENSP00000298556,0.016304347826087
HALLMARK_MYC_TARGETS_V1,IARS1,9606.ENSP00000364794,0.016304347826087
HALLMARK_MYC_TARGETS_V1,MRPS18B,9606.ENSP00000259873,0.016304347826087
HALLMARK_MYC_TARGETS_V1,NAP1L1,9606.ENSP00000477538,0.016304347826087
HALLMARK_MYC_TARGETS_V1,SMARCC1,9606.ENSP00000254480,0.016304347826087
HALLMARK_MYC_TARGETS_V1,TOMM70,9606.ENSP00000284320,0.016304347826087
HALLMARK_MYC_TARGETS_V1,XPOT,9606.ENSP00000327821,0.016304347826087
HALLMARK_MYC_TARGETS_V1,YWHAQ,9606.ENSP00000371267,0.016304347826087
HALLMARK_MYC_TARGETS_V1,CANX,9606.ENSP00000247461,0.0108695652173913
HALLMARK_MYC_TARGETS_V1,FAM120A,9606.ENSP00000277165,0.0108695652173913
HALLMARK_MYC_TARGETS_V1,LDHA,9606.ENSP00000445175,0.0108695652173913
HALLMARK_MYC_TARGETS_V1,NOP16,9606.ENSP00000483001,0.0108695652173913
HALLMARK_MYC_TARGETS_V1,ODC1,9606.ENSP00000234111,0.0108695652173913
HALLMARK_MYC_TARGETS_V1,SSBP1,9606.ENSP00000419665,0.0108695652173913
HALLMARK_MYC_TARGETS_V1,USP1,9606.ENSP00000343526,0.0108695652173913
HALLMARK_MYC_TARGETS_V1,VDAC3,9606.ENSP00000428845,0.0108695652173913
HALLMARK_MYC_TARGETS_V1,CNBP,9606.ENSP00000410769,0.0054347826086956
HALLMARK_MYC_TARGETS_V1,DEK,9606.ENSP00000498653,0.0054347826086956
HALLMARK_MYC_TARGETS_V1,PRDX3,9606.ENSP00000298510,0.0054347826086956
HALLMARK_MYC_TARGETS_V1,SRM,9606.ENSP00000366156,0.0054347826086956
HALLMARK_MYC_TARGETS_V2,NOP56,9606.ENSP00000370589,0.58974358974359
HALLMARK_MYC_TARGETS_V2,BYSL,9606.ENSP00000230340,0.564102564102564
HALLMARK_MYC_TARGETS_V2,IMP4,9606.ENSP00000259239,0.538461538461538
HALLMARK_MYC_TARGETS_V2,WDR43,9606.ENSP00000384302,0.538461538461538
HALLMARK_MYC_TARGETS_V2,PES1,9606.ENSP00000346725,0.512820512820513
HALLMARK_MYC_TARGETS_V2,NOC4L,9606.ENSP00000328854,0.487179487179487
HALLMARK_MYC_TARGETS_V2,DDX18,9606.ENSP00000263239,0.461538461538462
HALLMARK_MYC_TARGETS_V2,MRTO4,9606.ENSP00000364320,0.461538461538462
HALLMARK_MYC_TARGETS_V2,NIP7,9606.ENSP00000254940,0.461538461538462
HALLMARK_MYC_TARGETS_V2,RRP9,9606.ENSP00000232888,0.461538461538462
HALLMARK_MYC_TARGETS_V2,GNL3,9606.ENSP00000395772,0.435897435897436
HALLMARK_MYC_TARGETS_V2,GRWD1,9606.ENSP00000253237,0.435897435897436
HALLMARK_MYC_TARGETS_V2,RRP12,9606.ENSP00000446184,0.435897435897436
HALLMARK_MYC_TARGETS_V2,RCL1,9606.ENSP00000371169,0.384615384615385
HALLMARK_MYC_TARGETS_V2,WDR74,9606.ENSP00000432119,0.384615384615385
HALLMARK_MYC_TARGETS_V2,MPHOSPH10,9606.ENSP00000244230,0.358974358974359
HALLMARK_MYC_TARGETS_V2,PPAN,9606.ENSP00000253107,0.358974358974359
HALLMARK_MYC_TARGETS_V2,UTP20,9606.ENSP00000261637,0.333333333333333
HALLMARK_MYC_TARGETS_V2,PA2G4,9606.ENSP00000302886,0.307692307692308
HALLMARK_MYC_TARGETS_V2,EXOSC5,9606.ENSP00000221233,0.256410256410256
HALLMARK_MYC_TARGETS_V2,MYBBP1A,9606.ENSP00000370968,0.205128205128205
HALLMARK_MYC_TARGETS_V2,TFB2M,9606.ENSP00000355471,0.205128205128205
HALLMARK_MYC_TARGETS_V2,NOLC1,9606.ENSP00000385410,0.153846153846154
HALLMARK_MYC_TARGETS_V2,NPM1,9606.ENSP00000296930,0.153846153846154
HALLMARK_MYC_TARGETS_V2,PLK1,9606.ENSP00000300093,0.128205128205128
HALLMARK_MYC_TARGETS_V2,LAS1L,9606.ENSP00000363944,0.102564102564103
HALLMARK_MYC_TARGETS_V2,MYC,9606.ENSP00000478887,0.0769230769230769
HALLMARK_MYC_TARGETS_V2,NOP16,9606.ENSP00000483001,0.0769230769230769
HALLMARK_MYC_TARGETS_V2,CDK4,9606.ENSP00000257904,0.0512820512820513
HALLMARK_MYC_TARGETS_V2,HSPD1,9606.ENSP00000340019,0.0512820512820513
HALLMARK_MYC_TARGETS_V2,MCM4,9606.ENSP00000262105,0.0512820512820513
HALLMARK_MYC_TARGETS_V2,MCM5,9606.ENSP00000216122,0.0512820512820513
HALLMARK_MYC_TARGETS_V2,TCOF1,9606.ENSP00000367028,0.0512820512820513
HALLMARK_MYC_TARGETS_V2,HK2,9606.ENSP00000290573,0.0256410256410256
HALLMARK_MYC_TARGETS_V2,HSPE1,9606.ENSP00000233893,0.0256410256410256
HALLMARK_MYC_TARGETS_V2,PLK4,9606.ENSP00000270861,0.0256410256410256
HALLMARK_MYC_TARGETS_V2,PPRC1,9606.ENSP00000278070,0.0256410256410256
HALLMARK_MYC_TARGETS_V2,PUS1,9606.ENSP00000365837,0.0256410256410256
HALLMARK_MYC_TARGETS_V2,SORD,9606.ENSP00000267814,0.0256410256410256
HALLMARK_MYC_TARGETS_V2,SUPV3L1,9606.ENSP00000352678,0.0256410256410256
HALLMARK_MYOGENESIS,COL1A1,9606.ENSP00000225964,0.135135135135135
HALLMARK_MYOGENESIS,TNNT3,9606.ENSP00000370975,0.126126126126126
HALLMARK_MYOGENESIS,ITGB1,9606.ENSP00000379350,0.117117117117117
HALLMARK_MYOGENESIS,DMD,9606.ENSP00000354923,0.108108108108108
HALLMARK_MYOGENESIS,ITGB5,9606.ENSP00000296181,0.108108108108108
HALLMARK_MYOGENESIS,TNNC2,9606.ENSP00000361636,0.108108108108108
HALLMARK_MYOGENESIS,ACTA1,9606.ENSP00000355645,0.0990990990990991
HALLMARK_MYOGENESIS,ITGA7,9606.ENSP00000452120,0.0990990990990991
HALLMARK_MYOGENESIS,MYH9,9606.ENSP00000216181,0.0990990990990991
HALLMARK_MYOGENESIS,TNNI1,9606.ENSP00000354488,0.0990990990990991
HALLMARK_MYOGENESIS,TNNI2,9606.ENSP00000371336,0.0990990990990991
HALLMARK_MYOGENESIS,TPM2,9606.ENSP00000496494,0.0990990990990991
HALLMARK_MYOGENESIS,MYH11,9606.ENSP00000379616,0.0900900900900901
HALLMARK_MYOGENESIS,MYL3,9606.ENSP00000499406,0.0900900900900901
HALLMARK_MYOGENESIS,TCAP,9606.ENSP00000312624,0.0900900900900901
HALLMARK_MYOGENESIS,TGFB1,9606.ENSP00000221930,0.0900900900900901
HALLMARK_MYOGENESIS,APP,9606.ENSP00000284981,0.0810810810810811
HALLMARK_MYOGENESIS,COL4A2,9606.ENSP00000353654,0.0810810810810811
HALLMARK_MYOGENESIS,COL6A2,9606.ENSP00000300527,0.0810810810810811
HALLMARK_MYOGENESIS,LAMA2,9606.ENSP00000400365,0.0810810810810811
HALLMARK_MYOGENESIS,MYH3,9606.ENSP00000464317,0.0810810810810811
HALLMARK_MYOGENESIS,MYOZ1,9606.ENSP00000352272,0.0810810810810811
HALLMARK_MYOGENESIS,TPM3,9606.ENSP00000498577,0.0810810810810811
HALLMARK_MYOGENESIS,ATP2A1,9606.ENSP00000349595,0.0720720720720721
HALLMARK_MYOGENESIS,COL3A1,9606.ENSP00000304408,0.0720720720720721
HALLMARK_MYOGENESIS,COL6A3,9606.ENSP00000295550,0.0720720720720721
HALLMARK_MYOGENESIS,ITGB4,9606.ENSP00000200181,0.0720720720720721
HALLMARK_MYOGENESIS,MYLK,9606.ENSP00000353452,0.0720720720720721
HALLMARK_MYOGENESIS,SGCD,9606.ENSP00000338343,0.0720720720720721
HALLMARK_MYOGENESIS,TNNC1,9606.ENSP00000232975,0.0720720720720721
HALLMARK_MYOGENESIS,AGRN,9606.ENSP00000368678,0.0630630630630631
HALLMARK_MYOGENESIS,IGF1,9606.ENSP00000376637,0.0630630630630631
HALLMARK_MYOGENESIS,MYL7,9606.ENSP00000223364,0.0630630630630631
HALLMARK_MYOGENESIS,RYR1,9606.ENSP00000352608,0.0630630630630631
HALLMARK_MYOGENESIS,SGCA,9606.ENSP00000262018,0.0630630630630631
HALLMARK_MYOGENESIS,SGCG,9606.ENSP00000218867,0.0630630630630631
HALLMARK_MYOGENESIS,TNNT1,9606.ENSP00000467176,0.0630630630630631
HALLMARK_MYOGENESIS,DTNA,9606.ENSP00000470152,0.0540540540540541
HALLMARK_MYOGENESIS,LDB3,9606.ENSP00000401437,0.0540540540540541
HALLMARK_MYOGENESIS,AKT2,9606.ENSP00000375892,0.045045045045045
HALLMARK_MYOGENESIS,CASQ1,9606.ENSP00000357057,0.045045045045045
HALLMARK_MYOGENESIS,MAPK12,9606.ENSP00000215659,0.045045045045045
HALLMARK_MYOGENESIS,SSPN,9606.ENSP00000242729,0.045045045045045
HALLMARK_MYOGENESIS,CASQ2,9606.ENSP00000261448,0.036036036036036
HALLMARK_MYOGENESIS,CLU,9606.ENSP00000315130,0.036036036036036
HALLMARK_MYOGENESIS,COL15A1,9606.ENSP00000364140,0.036036036036036
HALLMARK_MYOGENESIS,FGF2,9606.ENSP00000264498,0.036036036036036
HALLMARK_MYOGENESIS,MEF2A,9606.ENSP00000453095,0.036036036036036
HALLMARK_MYOGENESIS,MYL6B,9606.ENSP00000450385,0.036036036036036
HALLMARK_MYOGENESIS,PYGM,9606.ENSP00000164139,0.036036036036036
HALLMARK_MYOGENESIS,SPARC,9606.ENSP00000231061,0.036036036036036
HALLMARK_MYOGENESIS,TAGLN,9606.ENSP00000376678,0.036036036036036
HALLMARK_MYOGENESIS,CACNG1,9606.ENSP00000226021,0.027027027027027
HALLMARK_MYOGENESIS,CD36,9606.ENSP00000415743,0.027027027027027
HALLMARK_MYOGENESIS,CDKN1A,9606.ENSP00000384849,0.027027027027027
HALLMARK_MYOGENESIS,CRYAB,9606.ENSP00000433560,0.027027027027027
HALLMARK_MYOGENESIS,ERBB3,9606.ENSP00000267101,0.027027027027027
HALLMARK_MYOGENESIS,GSN,9606.ENSP00000362924,0.027027027027027
HALLMARK_MYOGENESIS,HDAC5,9606.ENSP00000225983,0.027027027027027
HALLMARK_MYOGENESIS,IGFBP3,9606.ENSP00000370473,0.027027027027027
HALLMARK_MYOGENESIS,MB,9606.ENSP00000352835,0.027027027027027
HALLMARK_MYOGENESIS,MEF2C,9606.ENSP00000340874,0.027027027027027
HALLMARK_MYOGENESIS,MEF2D,9606.ENSP00000271555,0.027027027027027
HALLMARK_MYOGENESIS,SLN,9606.ENSP00000435380,0.027027027027027
HALLMARK_MYOGENESIS,ACHE,9606.ENSP00000303211,0.018018018018018
HALLMARK_MYOGENESIS,BIN1,9606.ENSP00000316779,0.018018018018018
HALLMARK_MYOGENESIS,CACNA1H,9606.ENSP00000334198,0.018018018018018
HALLMARK_MYOGENESIS,CAMK2B,9606.ENSP00000379098,0.018018018018018
HALLMARK_MYOGENESIS,DES,9606.ENSP00000363071,0.018018018018018
HALLMARK_MYOGENESIS,ENO3,9606.ENSP00000324105,0.018018018018018
HALLMARK_MYOGENESIS,FABP3,9606.ENSP00000362817,0.018018018018018
HALLMARK_MYOGENESIS,FKBP1B,9606.ENSP00000370373,0.018018018018018
HALLMARK_MYOGENESIS,FOXO4,9606.ENSP00000363377,0.018018018018018
HALLMARK_MYOGENESIS,FST,9606.ENSP00000256759,0.018018018018018
HALLMARK_MYOGENESIS,GPX3,9606.ENSP00000373477,0.018018018018018
HALLMARK_MYOGENESIS,HBEGF,9606.ENSP00000230990,0.018018018018018
HALLMARK_MYOGENESIS,IGFBP7,9606.ENSP00000295666,0.018018018018018
HALLMARK_MYOGENESIS,NCAM1,9606.ENSP00000480132,0.018018018018018
HALLMARK_MYOGENESIS,PFKM,9606.ENSP00000496597,0.018018018018018
HALLMARK_MYOGENESIS,PRNP,9606.ENSP00000399376,0.018018018018018
HALLMARK_MYOGENESIS,RB1,9606.ENSP00000267163,0.018018018018018
HALLMARK_MYOGENESIS,SMTN,9606.ENSP00000484398,0.018018018018018
HALLMARK_MYOGENESIS,SORBS1,9606.ENSP00000360293,0.018018018018018
HALLMARK_MYOGENESIS,SORBS3,9606.ENSP00000240123,0.018018018018018
HALLMARK_MYOGENESIS,ADAM12,9606.ENSP00000357668,0.009009009009009
HALLMARK_MYOGENESIS,ADCY9,9606.ENSP00000294016,0.009009009009009
HALLMARK_MYOGENESIS,AGL,9606.ENSP00000294724,0.009009009009009
HALLMARK_MYOGENESIS,APLNR,9606.ENSP00000475344,0.009009009009009
HALLMARK_MYOGENESIS,APOD,9606.ENSP00000345179,0.009009009009009
HALLMARK_MYOGENESIS,CHRNA1,9606.ENSP00000261007,0.009009009009009
HALLMARK_MYOGENESIS,CHRNB1,9606.ENSP00000304290,0.009009009009009
HALLMARK_MYOGENESIS,CKB,9606.ENSP00000299198,0.009009009009009
HALLMARK_MYOGENESIS,CKMT2,9606.ENSP00000404203,0.009009009009009
HALLMARK_MYOGENESIS,DMPK,9606.ENSP00000345997,0.009009009009009
HALLMARK_MYOGENESIS,FLII,9606.ENSP00000324573,0.009009009009009
HALLMARK_MYOGENESIS,GADD45B,9606.ENSP00000215631,0.009009009009009
HALLMARK_MYOGENESIS,GNAO1,9606.ENSP00000262494,0.009009009009009
HALLMARK_MYOGENESIS,HRC,9606.ENSP00000252825,0.009009009009009
HALLMARK_MYOGENESIS,HSPB8,9606.ENSP00000281938,0.009009009009009
HALLMARK_MYOGENESIS,MAPRE3,9606.ENSP00000233121,0.009009009009009
HALLMARK_MYOGENESIS,MYO1C,9606.ENSP00000496954,0.009009009009009
HALLMARK_MYOGENESIS,MYOM1,9606.ENSP00000348821,0.009009009009009
HALLMARK_MYOGENESIS,NOTCH1,9606.ENSP00000498587,0.009009009009009
HALLMARK_MYOGENESIS,NQO1,9606.ENSP00000319788,0.009009009009009
HALLMARK_MYOGENESIS,PDE4DIP,9606.ENSP00000358363,0.009009009009009
HALLMARK_MYOGENESIS,PDLIM7,9606.ENSP00000348099,0.009009009009009
HALLMARK_MYOGENESIS,SLC6A8,9606.ENSP00000253122,0.009009009009009
HALLMARK_MYOGENESIS,SOD3,9606.ENSP00000371554,0.009009009009009
HALLMARK_MYOGENESIS,SPTAN1,9606.ENSP00000487444,0.009009009009009
HALLMARK_MYOGENESIS,TEAD4,9606.ENSP00000352926,0.009009009009009
HALLMARK_MYOGENESIS,TSC2,9606.ENSP00000219476,0.009009009009009
HALLMARK_MYOGENESIS,WWTR1,9606.ENSP00000419465,0.009009009009009
HALLMARK_NOTCH_SIGNALING,NOTCH1,9606.ENSP00000498587,0.592592592592593
HALLMARK_NOTCH_SIGNALING,NOTCH3,9606.ENSP00000263388,0.444444444444444
HALLMARK_NOTCH_SIGNALING,NOTCH2,9606.ENSP00000256646,0.407407407407407
HALLMARK_NOTCH_SIGNALING,JAG1,9606.ENSP00000254958,0.296296296296296
HALLMARK_NOTCH_SIGNALING,MAML2,9606.ENSP00000434552,0.259259259259259
HALLMARK_NOTCH_SIGNALING,DLL1,9606.ENSP00000355718,0.222222222222222
HALLMARK_NOTCH_SIGNALING,CCND1,9606.ENSP00000227507,0.185185185185185
HALLMARK_NOTCH_SIGNALING,CUL1,9606.ENSP00000326804,0.185185185185185
HALLMARK_NOTCH_SIGNALING,HES1,9606.ENSP00000232424,0.185185185185185
HALLMARK_NOTCH_SIGNALING,LFNG,9606.ENSP00000222725,0.185185185185185
HALLMARK_NOTCH_SIGNALING,SKP1,9606.ENSP00000231487,0.185185185185185
HALLMARK_NOTCH_SIGNALING,WNT5A,9606.ENSP00000264634,0.185185185185185
HALLMARK_NOTCH_SIGNALING,APH1A,9606.ENSP00000358105,0.148148148148148
HALLMARK_NOTCH_SIGNALING,FZD1,9606.ENSP00000287934,0.148148148148148
HALLMARK_NOTCH_SIGNALING,FZD5,9606.ENSP00000354607,0.148148148148148
HALLMARK_NOTCH_SIGNALING,FZD7,9606.ENSP00000286201,0.148148148148148
HALLMARK_NOTCH_SIGNALING,WNT2,9606.ENSP00000265441,0.148148148148148
HALLMARK_NOTCH_SIGNALING,DTX1,9606.ENSP00000257600,0.111111111111111
HALLMARK_NOTCH_SIGNALING,DTX2,9606.ENSP00000322885,0.111111111111111
HALLMARK_NOTCH_SIGNALING,FBXW11,9606.ENSP00000265094,0.111111111111111
HALLMARK_NOTCH_SIGNALING,HEYL,9606.ENSP00000361943,0.111111111111111
HALLMARK_NOTCH_SIGNALING,PSENEN,9606.ENSP00000468411,0.111111111111111
HALLMARK_NOTCH_SIGNALING,RBX1,9606.ENSP00000216225,0.111111111111111
HALLMARK_NOTCH_SIGNALING,KAT2A,9606.ENSP00000225916,0.0740740740740741
HALLMARK_NOTCH_SIGNALING,ARRB1,9606.ENSP00000409581,0.037037037037037
HALLMARK_NOTCH_SIGNALING,DTX4,9606.ENSP00000227451,0.037037037037037
HALLMARK_NOTCH_SIGNALING,PRKCA,9606.ENSP00000408695,0.037037037037037
HALLMARK_NOTCH_SIGNALING,TCF7L2,9606.ENSP00000486891,0.037037037037037
HALLMARK_OXIDATIVE_PHOSPHORYLATION,CYC1,9606.ENSP00000317159,0.433862433862434
HALLMARK_OXIDATIVE_PHOSPHORYLATION,UQCRC2,9606.ENSP00000268379,0.417989417989418
HALLMARK_OXIDATIVE_PHOSPHORYLATION,COX5A,9606.ENSP00000317780,0.407407407407407
HALLMARK_OXIDATIVE_PHOSPHORYLATION,UQCRFS1,9606.ENSP00000306397,0.407407407407407
HALLMARK_OXIDATIVE_PHOSPHORYLATION,NDUFS3,9606.ENSP00000263774,0.396825396825397
HALLMARK_OXIDATIVE_PHOSPHORYLATION,UQCRC1,9606.ENSP00000203407,0.396825396825397
HALLMARK_OXIDATIVE_PHOSPHORYLATION,ATP5F1C,9606.ENSP00000349142,0.391534391534392
HALLMARK_OXIDATIVE_PHOSPHORYLATION,COX5B,9606.ENSP00000258424,0.386243386243386
HALLMARK_OXIDATIVE_PHOSPHORYLATION,ATP5F1A,9606.ENSP00000381736,0.380952380952381
HALLMARK_OXIDATIVE_PHOSPHORYLATION,NDUFS8,9606.ENSP00000315774,0.380952380952381
HALLMARK_OXIDATIVE_PHOSPHORYLATION,NDUFB8,9606.ENSP00000299166,0.375661375661376
HALLMARK_OXIDATIVE_PHOSPHORYLATION,SDHB,9606.ENSP00000364649,0.375661375661376
HALLMARK_OXIDATIVE_PHOSPHORYLATION,NDUFV2,9606.ENSP00000327268,0.37037037037037
HALLMARK_OXIDATIVE_PHOSPHORYLATION,NDUFS2,9606.ENSP00000356972,0.365079365079365
HALLMARK_OXIDATIVE_PHOSPHORYLATION,NDUFS1,9606.ENSP00000392709,0.35978835978836
HALLMARK_OXIDATIVE_PHOSPHORYLATION,UQCRQ,9606.ENSP00000367939,0.35978835978836
HALLMARK_OXIDATIVE_PHOSPHORYLATION,SDHA,9606.ENSP00000264932,0.354497354497354
HALLMARK_OXIDATIVE_PHOSPHORYLATION,UQCR10,9606.ENSP00000332887,0.349206349206349
HALLMARK_OXIDATIVE_PHOSPHORYLATION,NDUFB5,9606.ENSP00000259037,0.338624338624339
HALLMARK_OXIDATIVE_PHOSPHORYLATION,ATP5PD,9606.ENSP00000301587,0.333333333333333
HALLMARK_OXIDATIVE_PHOSPHORYLATION,NDUFA9,9606.ENSP00000266544,0.333333333333333
HALLMARK_OXIDATIVE_PHOSPHORYLATION,NDUFS4,9606.ENSP00000296684,0.333333333333333
HALLMARK_OXIDATIVE_PHOSPHORYLATION,NDUFA8,9606.ENSP00000362873,0.328042328042328
HALLMARK_OXIDATIVE_PHOSPHORYLATION,NDUFS6,9606.ENSP00000274137,0.322751322751323
HALLMARK_OXIDATIVE_PHOSPHORYLATION,NDUFA4,9606.ENSP00000339720,0.317460317460317
HALLMARK_OXIDATIVE_PHOSPHORYLATION,UQCRH,9606.ENSP00000309565,0.317460317460317
HALLMARK_OXIDATIVE_PHOSPHORYLATION,COX4I1,9606.ENSP00000457513,0.312169312169312
HALLMARK_OXIDATIVE_PHOSPHORYLATION,NDUFB6,9606.ENSP00000369176,0.312169312169312
HALLMARK_OXIDATIVE_PHOSPHORYLATION,ATP5F1D,9606.ENSP00000215375,0.306878306878307
HALLMARK_OXIDATIVE_PHOSPHORYLATION,ATP5PO,9606.ENSP00000290299,0.306878306878307
HALLMARK_OXIDATIVE_PHOSPHORYLATION,NDUFA2,9606.ENSP00000252102,0.306878306878307
HALLMARK_OXIDATIVE_PHOSPHORYLATION,NDUFB7,9606.ENSP00000215565,0.306878306878307
HALLMARK_OXIDATIVE_PHOSPHORYLATION,NDUFS7,9606.ENSP00000233627,0.306878306878307
HALLMARK_OXIDATIVE_PHOSPHORYLATION,ATP5F1B,9606.ENSP00000262030,0.296296296296296
HALLMARK_OXIDATIVE_PHOSPHORYLATION,NDUFB3,9606.ENSP00000407336,0.285714285714286
HALLMARK_OXIDATIVE_PHOSPHORYLATION,NDUFB4,9606.ENSP00000184266,0.285714285714286
HALLMARK_OXIDATIVE_PHOSPHORYLATION,NDUFV1,9606.ENSP00000497587,0.285714285714286
HALLMARK_OXIDATIVE_PHOSPHORYLATION,UQCRB,9606.ENSP00000430494,0.28042328042328
HALLMARK_OXIDATIVE_PHOSPHORYLATION,ATP5PB,9606.ENSP00000358737,0.275132275132275
HALLMARK_OXIDATIVE_PHOSPHORYLATION,CS,9606.ENSP00000342056,0.275132275132275
HALLMARK_OXIDATIVE_PHOSPHORYLATION,NDUFA1,9606.ENSP00000360492,0.275132275132275
HALLMARK_OXIDATIVE_PHOSPHORYLATION,NDUFAB1,9606.ENSP00000458770,0.275132275132275
HALLMARK_OXIDATIVE_PHOSPHORYLATION,NDUFC2,9606.ENSP00000281031,0.275132275132275
HALLMARK_OXIDATIVE_PHOSPHORYLATION,ATP5MG,9606.ENSP00000300688,0.26984126984127
HALLMARK_OXIDATIVE_PHOSPHORYLATION,NDUFA7,9606.ENSP00000301457,0.26984126984127
HALLMARK_OXIDATIVE_PHOSPHORYLATION,SDHC,9606.ENSP00000356953,0.26984126984127
HALLMARK_OXIDATIVE_PHOSPHORYLATION,ATP5ME,9606.ENSP00000306003,0.264550264550265
HALLMARK_OXIDATIVE_PHOSPHORYLATION,COX6B1,9606.ENSP00000466818,0.264550264550265
HALLMARK_OXIDATIVE_PHOSPHORYLATION,COX7C,9606.ENSP00000425759,0.259259259259259
HALLMARK_OXIDATIVE_PHOSPHORYLATION,CYCS,9606.ENSP00000307786,0.259259259259259
HALLMARK_OXIDATIVE_PHOSPHORYLATION,NDUFA5,9606.ENSP00000417142,0.259259259259259
HALLMARK_OXIDATIVE_PHOSPHORYLATION,ATP5MF,9606.ENSP00000292475,0.253968253968254
HALLMARK_OXIDATIVE_PHOSPHORYLATION,COX6A1,9606.ENSP00000229379,0.253968253968254
HALLMARK_OXIDATIVE_PHOSPHORYLATION,COX7A2,9606.ENSP00000359098,0.253968253968254
HALLMARK_OXIDATIVE_PHOSPHORYLATION,ACO2,9606.ENSP00000216254,0.248677248677249
HALLMARK_OXIDATIVE_PHOSPHORYLATION,SDHD,9606.ENSP00000364699,0.248677248677249
HALLMARK_OXIDATIVE_PHOSPHORYLATION,ATP5PF,9606.ENSP00000389649,0.243386243386243
HALLMARK_OXIDATIVE_PHOSPHORYLATION,COX6C,9606.ENSP00000429707,0.243386243386243
HALLMARK_OXIDATIVE_PHOSPHORYLATION,NDUFA6,9606.ENSP00000482543,0.243386243386243
HALLMARK_OXIDATIVE_PHOSPHORYLATION,SUCLG1,9606.ENSP00000377446,0.238095238095238
HALLMARK_OXIDATIVE_PHOSPHORYLATION,UQCR11,9606.ENSP00000467262,0.238095238095238
HALLMARK_OXIDATIVE_PHOSPHORYLATION,MDH2,9606.ENSP00000327070,0.216931216931217
HALLMARK_OXIDATIVE_PHOSPHORYLATION,ATP5MC1,9606.ENSP00000377033,0.211640211640212
HALLMARK_OXIDATIVE_PHOSPHORYLATION,COX7B,9606.ENSP00000497474,0.211640211640212
HALLMARK_OXIDATIVE_PHOSPHORYLATION,ATP5F1E,9606.ENSP00000243997,0.185185185185185
HALLMARK_OXIDATIVE_PHOSPHORYLATION,VDAC1,9606.ENSP00000378487,0.185185185185185
HALLMARK_OXIDATIVE_PHOSPHORYLATION,DLST,9606.ENSP00000335304,0.17989417989418
HALLMARK_OXIDATIVE_PHOSPHORYLATION,NDUFA3,9606.ENSP00000418438,0.17989417989418
HALLMARK_OXIDATIVE_PHOSPHORYLATION,ATP5MC3,9606.ENSP00000284727,0.174603174603175
HALLMARK_OXIDATIVE_PHOSPHORYLATION,NDUFC1,9606.ENSP00000441126,0.174603174603175
HALLMARK_OXIDATIVE_PHOSPHORYLATION,NDUFB2,9606.ENSP00000419087,0.169312169312169
HALLMARK_OXIDATIVE_PHOSPHORYLATION,SUCLA2,9606.ENSP00000494360,0.169312169312169
HALLMARK_OXIDATIVE_PHOSPHORYLATION,NDUFB1,9606.ENSP00000483888,0.164021164021164
HALLMARK_OXIDATIVE_PHOSPHORYLATION,PMPCA,9606.ENSP00000360782,0.164021164021164
HALLMARK_OXIDATIVE_PHOSPHORYLATION,DLD,9606.ENSP00000205402,0.158730158730159
HALLMARK_OXIDATIVE_PHOSPHORYLATION,PDHB,9606.ENSP00000307241,0.158730158730159
HALLMARK_OXIDATIVE_PHOSPHORYLATION,COX10,9606.ENSP00000261643,0.153439153439153
HALLMARK_OXIDATIVE_PHOSPHORYLATION,IDH3A,9606.ENSP00000299518,0.153439153439153
HALLMARK_OXIDATIVE_PHOSPHORYLATION,OGDH,9606.ENSP00000388183,0.153439153439153
HALLMARK_OXIDATIVE_PHOSPHORYLATION,DLAT,9606.ENSP00000280346,0.148148148148148
HALLMARK_OXIDATIVE_PHOSPHORYLATION,FH,9606.ENSP00000355518,0.148148148148148
HALLMARK_OXIDATIVE_PHOSPHORYLATION,PDHA1,9606.ENSP00000369134,0.148148148148148
HALLMARK_OXIDATIVE_PHOSPHORYLATION,COX15,9606.ENSP00000016171,0.142857142857143
HALLMARK_OXIDATIVE_PHOSPHORYLATION,HSPA9,9606.ENSP00000297185,0.137566137566138
HALLMARK_OXIDATIVE_PHOSPHORYLATION,ATP5MC2,9606.ENSP00000499883,0.132275132275132
HALLMARK_OXIDATIVE_PHOSPHORYLATION,COX8A,9606.ENSP00000321260,0.132275132275132
HALLMARK_OXIDATIVE_PHOSPHORYLATION,ACAA2,9606.ENSP00000285093,0.126984126984127
HALLMARK_OXIDATIVE_PHOSPHORYLATION,HADHB,9606.ENSP00000325136,0.126984126984127
HALLMARK_OXIDATIVE_PHOSPHORYLATION,IDH2,9606.ENSP00000331897,0.121693121693122
HALLMARK_OXIDATIVE_PHOSPHORYLATION,COX7A2L,9606.ENSP00000367938,0.116402116402116
HALLMARK_OXIDATIVE_PHOSPHORYLATION,ETFA,9606.ENSP00000452762,0.116402116402116
HALLMARK_OXIDATIVE_PHOSPHORYLATION,IDH1,9606.ENSP00000390265,0.116402116402116
HALLMARK_OXIDATIVE_PHOSPHORYLATION,IDH3B,9606.ENSP00000482773,0.116402116402116
HALLMARK_OXIDATIVE_PHOSPHORYLATION,IDH3G,9606.ENSP00000217901,0.111111111111111
HALLMARK_OXIDATIVE_PHOSPHORYLATION,ACAA1,9606.ENSP00000333664,0.105820105820106
HALLMARK_OXIDATIVE_PHOSPHORYLATION,GOT2,9606.ENSP00000245206,0.100529100529101
HALLMARK_OXIDATIVE_PHOSPHORYLATION,TIMM17A,9606.ENSP00000356256,0.100529100529101
HALLMARK_OXIDATIVE_PHOSPHORYLATION,VDAC2,9606.ENSP00000361635,0.100529100529101
HALLMARK_OXIDATIVE_PHOSPHORYLATION,ATP6V1E1,9606.ENSP00000253413,0.0952380952380952
HALLMARK_OXIDATIVE_PHOSPHORYLATION,ATP6V0B,9606.ENSP00000434729,0.0899470899470899
HALLMARK_OXIDATIVE_PHOSPHORYLATION,ATP6V1D,9606.ENSP00000216442,0.0899470899470899
HALLMARK_OXIDATIVE_PHOSPHORYLATION,ECHS1,9606.ENSP00000357535,0.0899470899470899
HALLMARK_OXIDATIVE_PHOSPHORYLATION,PDHX,9606.ENSP00000227868,0.0899470899470899
HALLMARK_OXIDATIVE_PHOSPHORYLATION,SLC25A6,9606.ENSP00000370808,0.0899470899470899
HALLMARK_OXIDATIVE_PHOSPHORYLATION,MRPS12,9606.ENSP00000384952,0.0846560846560847
HALLMARK_OXIDATIVE_PHOSPHORYLATION,OXA1L,9606.ENSP00000285848,0.0846560846560847
HALLMARK_OXIDATIVE_PHOSPHORYLATION,SLC25A3,9606.ENSP00000228318,0.0846560846560847
HALLMARK_OXIDATIVE_PHOSPHORYLATION,SURF1,9606.ENSP00000361042,0.0846560846560847
HALLMARK_OXIDATIVE_PHOSPHORYLATION,TOMM22,9606.ENSP00000216034,0.0846560846560847
HALLMARK_OXIDATIVE_PHOSPHORYLATION,TOMM70,9606.ENSP00000284320,0.0846560846560847
HALLMARK_OXIDATIVE_PHOSPHORYLATION,ACADM,9606.ENSP00000359871,0.0793650793650794
HALLMARK_OXIDATIVE_PHOSPHORYLATION,ACAT1,9606.ENSP00000265838,0.0793650793650794
HALLMARK_OXIDATIVE_PHOSPHORYLATION,ATP6V1F,9606.ENSP00000417378,0.0793650793650794
HALLMARK_OXIDATIVE_PHOSPHORYLATION,FDX1,9606.ENSP00000260270,0.0793650793650794
HALLMARK_OXIDATIVE_PHOSPHORYLATION,HADHA,9606.ENSP00000370023,0.0793650793650794
HALLMARK_OXIDATIVE_PHOSPHORYLATION,IMMT,9606.ENSP00000387262,0.0793650793650794
HALLMARK_OXIDATIVE_PHOSPHORYLATION,MRPS11,9606.ENSP00000317376,0.0793650793650794
HALLMARK_OXIDATIVE_PHOSPHORYLATION,TIMM50,9606.ENSP00000445806,0.0793650793650794
HALLMARK_OXIDATIVE_PHOSPHORYLATION,ETFB,9606.ENSP00000346173,0.0740740740740741
HALLMARK_OXIDATIVE_PHOSPHORYLATION,SLC25A4,9606.ENSP00000281456,0.0740740740740741
HALLMARK_OXIDATIVE_PHOSPHORYLATION,TIMM10,9606.ENSP00000257245,0.0740740740740741
HALLMARK_OXIDATIVE_PHOSPHORYLATION,ATP6V1H,9606.ENSP00000352522,0.0687830687830688
HALLMARK_OXIDATIVE_PHOSPHORYLATION,GLUD1,9606.ENSP00000277865,0.0687830687830688
HALLMARK_OXIDATIVE_PHOSPHORYLATION,MRPS15,9606.ENSP00000362208,0.0634920634920635
HALLMARK_OXIDATIVE_PHOSPHORYLATION,TCIRG1,9606.ENSP00000265686,0.0634920634920635
HALLMARK_OXIDATIVE_PHOSPHORYLATION,TIMM9,9606.ENSP00000378588,0.0634920634920635
HALLMARK_OXIDATIVE_PHOSPHORYLATION,VDAC3,9606.ENSP00000428845,0.0634920634920635
HALLMARK_OXIDATIVE_PHOSPHORYLATION,ACADVL,9606.ENSP00000438689,0.0582010582010582
HALLMARK_OXIDATIVE_PHOSPHORYLATION,ATP6V1G1,9606.ENSP00000363162,0.0582010582010582
HALLMARK_OXIDATIVE_PHOSPHORYLATION,COX17,9606.ENSP00000261070,0.0582010582010582
HALLMARK_OXIDATIVE_PHOSPHORYLATION,ECI1,9606.ENSP00000301729,0.0582010582010582
HALLMARK_OXIDATIVE_PHOSPHORYLATION,FXN,9606.ENSP00000419243,0.0582010582010582
HALLMARK_OXIDATIVE_PHOSPHORYLATION,LDHA,9606.ENSP00000445175,0.0582010582010582
HALLMARK_OXIDATIVE_PHOSPHORYLATION,MRPL34,9606.ENSP00000252602,0.0582010582010582
HALLMARK_OXIDATIVE_PHOSPHORYLATION,MRPL35,9606.ENSP00000338389,0.0582010582010582
HALLMARK_OXIDATIVE_PHOSPHORYLATION,PHB2,9606.ENSP00000441875,0.0582010582010582
HALLMARK_OXIDATIVE_PHOSPHORYLATION,SLC25A5,9606.ENSP00000360671,0.0582010582010582
HALLMARK_OXIDATIVE_PHOSPHORYLATION,ACADSB,9606.ENSP00000357873,0.0529100529100529
HALLMARK_OXIDATIVE_PHOSPHORYLATION,GPI,9606.ENSP00000405573,0.0529100529100529
HALLMARK_OXIDATIVE_PHOSPHORYLATION,MRPL11,9606.ENSP00000308897,0.0529100529100529
HALLMARK_OXIDATIVE_PHOSPHORYLATION,MRPL15,9606.ENSP00000260102,0.0529100529100529
HALLMARK_OXIDATIVE_PHOSPHORYLATION,TIMM13,9606.ENSP00000215570,0.0529100529100529
HALLMARK_OXIDATIVE_PHOSPHORYLATION,ATP6AP1,9606.ENSP00000358777,0.0476190476190476
HALLMARK_OXIDATIVE_PHOSPHORYLATION,ATP6V0E1,9606.ENSP00000429690,0.0476190476190476
HALLMARK_OXIDATIVE_PHOSPHORYLATION,ISCU,9606.ENSP00000310623,0.0476190476190476
HALLMARK_OXIDATIVE_PHOSPHORYLATION,MFN2,9606.ENSP00000416338,0.0476190476190476
HALLMARK_OXIDATIVE_PHOSPHORYLATION,AFG3L2,9606.ENSP00000269143,0.0423280423280423
HALLMARK_OXIDATIVE_PHOSPHORYLATION,ATP6V1C1,9606.ENSP00000430282,0.0423280423280423
HALLMARK_OXIDATIVE_PHOSPHORYLATION,GRPEL1,9606.ENSP00000264954,0.0423280423280423
HALLMARK_OXIDATIVE_PHOSPHORYLATION,MRPS22,9606.ENSP00000418008,0.0423280423280423
HALLMARK_OXIDATIVE_PHOSPHORYLATION,MRPS30,9606.ENSP00000424328,0.0423280423280423
HALLMARK_OXIDATIVE_PHOSPHORYLATION,TIMM8B,9606.ENSP00000438455,0.0423280423280423
HALLMARK_OXIDATIVE_PHOSPHORYLATION,ALDH6A1,9606.ENSP00000450436,0.037037037037037
HALLMARK_OXIDATIVE_PHOSPHORYLATION,ETFDH,9606.ENSP00000426638,0.037037037037037
HALLMARK_OXIDATIVE_PHOSPHORYLATION,HSD17B10,9606.ENSP00000168216,0.037037037037037
HALLMARK_OXIDATIVE_PHOSPHORYLATION,LRPPRC,9606.ENSP00000260665,0.037037037037037
HALLMARK_OXIDATIVE_PHOSPHORYLATION,BAX,9606.ENSP00000293288,0.0317460317460317
HALLMARK_OXIDATIVE_PHOSPHORYLATION,COX11,9606.ENSP00000299335,0.0317460317460317
HALLMARK_OXIDATIVE_PHOSPHORYLATION,CPT1A,9606.ENSP00000265641,0.0317460317460317
HALLMARK_OXIDATIVE_PHOSPHORYLATION,PDK4,9606.ENSP00000005178,0.0317460317460317
HALLMARK_OXIDATIVE_PHOSPHORYLATION,PDP1,9606.ENSP00000379503,0.0317460317460317
HALLMARK_OXIDATIVE_PHOSPHORYLATION,SLC25A20,9606.ENSP00000326305,0.0317460317460317
HALLMARK_OXIDATIVE_PHOSPHORYLATION,ISCA1,9606.ENSP00000365159,0.0264550264550265
HALLMARK_OXIDATIVE_PHOSPHORYLATION,MTX2,9606.ENSP00000249442,0.0264550264550265
HALLMARK_OXIDATIVE_PHOSPHORYLATION,CYB5A,9606.ENSP00000341625,0.0211640211640212
HALLMARK_OXIDATIVE_PHOSPHORYLATION,DECR1,9606.ENSP00000220764,0.0211640211640212
HALLMARK_OXIDATIVE_PHOSPHORYLATION,HCCS,9606.ENSP00000370139,0.0211640211640212
HALLMARK_OXIDATIVE_PHOSPHORYLATION,OPA1,9606.ENSP00000354681,0.0211640211640212
HALLMARK_OXIDATIVE_PHOSPHORYLATION,POLR2F,9606.ENSP00000385725,0.0211640211640212
HALLMARK_OXIDATIVE_PHOSPHORYLATION,PRDX3,9606.ENSP00000298510,0.0211640211640212
HALLMARK_OXIDATIVE_PHOSPHORYLATION,RHOT1,9606.ENSP00000351132,0.0211640211640212
HALLMARK_OXIDATIVE_PHOSPHORYLATION,ABCB7,9606.ENSP00000253577,0.0158730158730159
HALLMARK_OXIDATIVE_PHOSPHORYLATION,NNT,9606.ENSP00000264663,0.0158730158730159
HALLMARK_OXIDATIVE_PHOSPHORYLATION,POR,9606.ENSP00000419970,0.0158730158730159
HALLMARK_OXIDATIVE_PHOSPHORYLATION,CYB5R3,9606.ENSP00000354468,0.0105820105820106
HALLMARK_OXIDATIVE_PHOSPHORYLATION,ECH1,9606.ENSP00000221418,0.0105820105820106
HALLMARK_OXIDATIVE_PHOSPHORYLATION,GPX4,9606.ENSP00000346103,0.0105820105820106
HALLMARK_OXIDATIVE_PHOSPHORYLATION,HTRA2,9606.ENSP00000258080,0.0105820105820106
HALLMARK_OXIDATIVE_PHOSPHORYLATION,MTRF1,9606.ENSP00000368793,0.0105820105820106
HALLMARK_OXIDATIVE_PHOSPHORYLATION,OAT,9606.ENSP00000357838,0.0105820105820106
HALLMARK_OXIDATIVE_PHOSPHORYLATION,RHOT2,9606.ENSP00000321971,0.0105820105820106
HALLMARK_OXIDATIVE_PHOSPHORYLATION,SLC25A11,9606.ENSP00000225665,0.0105820105820106
HALLMARK_OXIDATIVE_PHOSPHORYLATION,SLC25A12,9606.ENSP00000388658,0.0105820105820106
HALLMARK_OXIDATIVE_PHOSPHORYLATION,AIFM1,9606.ENSP00000287295,0.0052910052910052
HALLMARK_OXIDATIVE_PHOSPHORYLATION,BDH2,9606.ENSP00000296424,0.0052910052910052
HALLMARK_OXIDATIVE_PHOSPHORYLATION,CASP7,9606.ENSP00000358327,0.0052910052910052
HALLMARK_OXIDATIVE_PHOSPHORYLATION,MGST3,9606.ENSP00000356864,0.0052910052910052
HALLMARK_OXIDATIVE_PHOSPHORYLATION,PHYH,9606.ENSP00000263038,0.0052910052910052
HALLMARK_OXIDATIVE_PHOSPHORYLATION,RETSAT,9606.ENSP00000295802,0.0052910052910052
HALLMARK_OXIDATIVE_PHOSPHORYLATION,SUPV3L1,9606.ENSP00000352678,0.0052910052910052
HALLMARK_P53_PATHWAY,TP53,9606.ENSP00000269305,0.486486486486487
HALLMARK_P53_PATHWAY,JUN,9606.ENSP00000360266,0.171171171171171
HALLMARK_P53_PATHWAY,MDM2,9606.ENSP00000258149,0.162162162162162
HALLMARK_P53_PATHWAY,CDKN1A,9606.ENSP00000384849,0.135135135135135
HALLMARK_P53_PATHWAY,FOS,9606.ENSP00000306245,0.117117117117117
HALLMARK_P53_PATHWAY,FOXO3,9606.ENSP00000339527,0.117117117117117
HALLMARK_P53_PATHWAY,CDKN2A,9606.ENSP00000418915,0.108108108108108
HALLMARK_P53_PATHWAY,GADD45A,9606.ENSP00000360025,0.0900900900900901
HALLMARK_P53_PATHWAY,ATF3,9606.ENSP00000344352,0.0810810810810811
HALLMARK_P53_PATHWAY,PCNA,9606.ENSP00000368458,0.0720720720720721
HALLMARK_P53_PATHWAY,RB1,9606.ENSP00000267163,0.0720720720720721
HALLMARK_P53_PATHWAY,SFN,9606.ENSP00000340989,0.0720720720720721
HALLMARK_P53_PATHWAY,TGFB1,9606.ENSP00000221930,0.0720720720720721
HALLMARK_P53_PATHWAY,CDKN2B,9606.ENSP00000276925,0.0630630630630631
HALLMARK_P53_PATHWAY,HRAS,9606.ENSP00000407586,0.0630630630630631
HALLMARK_P53_PATHWAY,APP,9606.ENSP00000284981,0.0540540540540541
HALLMARK_P53_PATHWAY,CCND2,9606.ENSP00000261254,0.0540540540540541
HALLMARK_P53_PATHWAY,CCND3,9606.ENSP00000362082,0.0540540540540541
HALLMARK_P53_PATHWAY,HDAC3,9606.ENSP00000302967,0.0540540540540541
HALLMARK_P53_PATHWAY,RPS12,9606.ENSP00000230050,0.0540540540540541
HALLMARK_P53_PATHWAY,SP1,9606.ENSP00000329357,0.0540540540540541
HALLMARK_P53_PATHWAY,TP63,9606.ENSP00000264731,0.0540540540540541
HALLMARK_P53_PATHWAY,BAX,9606.ENSP00000293288,0.045045045045045
HALLMARK_P53_PATHWAY,CEBPA,9606.ENSP00000427514,0.045045045045045
HALLMARK_P53_PATHWAY,DDB2,9606.ENSP00000256996,0.045045045045045
HALLMARK_P53_PATHWAY,DDIT3,9606.ENSP00000448665,0.045045045045045
HALLMARK_P53_PATHWAY,KLF4,9606.ENSP00000363804,0.045045045045045
HALLMARK_P53_PATHWAY,NOTCH1,9606.ENSP00000498587,0.045045045045045
HALLMARK_P53_PATHWAY,RACK1,9606.ENSP00000426909,0.045045045045045
HALLMARK_P53_PATHWAY,RPS27L,9606.ENSP00000331019,0.045045045045045
HALLMARK_P53_PATHWAY,HMOX1,9606.ENSP00000216117,0.036036036036036
HALLMARK_P53_PATHWAY,PPP1R15A,9606.ENSP00000200453,0.036036036036036
HALLMARK_P53_PATHWAY,SEC61A1,9606.ENSP00000243253,0.036036036036036
HALLMARK_P53_PATHWAY,TGFA,9606.ENSP00000404131,0.036036036036036
HALLMARK_P53_PATHWAY,APAF1,9606.ENSP00000448165,0.027027027027027
HALLMARK_P53_PATHWAY,BAK1,9606.ENSP00000363591,0.027027027027027
HALLMARK_P53_PATHWAY,CASP1,9606.ENSP00000433138,0.027027027027027
HALLMARK_P53_PATHWAY,CDK5R1,9606.ENSP00000318486,0.027027027027027
HALLMARK_P53_PATHWAY,DDIT4,9606.ENSP00000307305,0.027027027027027
HALLMARK_P53_PATHWAY,EPHA2,9606.ENSP00000351209,0.027027027027027
HALLMARK_P53_PATHWAY,ERCC5,9606.ENSP00000498881,0.027027027027027
HALLMARK_P53_PATHWAY,GPX2,9606.ENSP00000374265,0.027027027027027
HALLMARK_P53_PATHWAY,RCHY1,9606.ENSP00000321239,0.027027027027027
HALLMARK_P53_PATHWAY,RPL18,9606.ENSP00000447001,0.027027027027027
HALLMARK_P53_PATHWAY,RPL36,9606.ENSP00000464342,0.027027027027027
HALLMARK_P53_PATHWAY,S100A4,9606.ENSP00000357704,0.027027027027027
HALLMARK_P53_PATHWAY,SESN1,9606.ENSP00000393762,0.027027027027027
HALLMARK_P53_PATHWAY,TXNIP,9606.ENSP00000462521,0.027027027027027
HALLMARK_P53_PATHWAY,ACVR1B,9606.ENSP00000442656,0.018018018018018
HALLMARK_P53_PATHWAY,BMP2,9606.ENSP00000368104,0.018018018018018
HALLMARK_P53_PATHWAY,BTG2,9606.ENSP00000290551,0.018018018018018
HALLMARK_P53_PATHWAY,CCNG1,9606.ENSP00000344635,0.018018018018018
HALLMARK_P53_PATHWAY,CD81,9606.ENSP00000263645,0.018018018018018
HALLMARK_P53_PATHWAY,CTSD,9606.ENSP00000236671,0.018018018018018
HALLMARK_P53_PATHWAY,DNTTIP2,9606.ENSP00000411010,0.018018018018018
HALLMARK_P53_PATHWAY,FBXW7,9606.ENSP00000474725,0.018018018018018
HALLMARK_P53_PATHWAY,FDXR,9606.ENSP00000416515,0.018018018018018
HALLMARK_P53_PATHWAY,FGF13,9606.ENSP00000396198,0.018018018018018
HALLMARK_P53_PATHWAY,HBEGF,9606.ENSP00000230990,0.018018018018018
HALLMARK_P53_PATHWAY,INHBB,9606.ENSP00000295228,0.018018018018018
HALLMARK_P53_PATHWAY,PDGFA,9606.ENSP00000346508,0.018018018018018
HALLMARK_P53_PATHWAY,PERP,9606.ENSP00000397157,0.018018018018018
HALLMARK_P53_PATHWAY,POLH,9606.ENSP00000361310,0.018018018018018
HALLMARK_P53_PATHWAY,PPM1D,9606.ENSP00000306682,0.018018018018018
HALLMARK_P53_PATHWAY,PRKAB1,9606.ENSP00000441369,0.018018018018018
HALLMARK_P53_PATHWAY,RAD51C,9606.ENSP00000336701,0.018018018018018
HALLMARK_P53_PATHWAY,RAD9A,9606.ENSP00000311360,0.018018018018018
HALLMARK_P53_PATHWAY,RALGDS,9606.ENSP00000361120,0.018018018018018
HALLMARK_P53_PATHWAY,RXRA,9606.ENSP00000419692,0.018018018018018
HALLMARK_P53_PATHWAY,SDC1,9606.ENSP00000370542,0.018018018018018
HALLMARK_P53_PATHWAY,SERPINB5,9606.ENSP00000372221,0.018018018018018
HALLMARK_P53_PATHWAY,SLC7A11,9606.ENSP00000280612,0.018018018018018
HALLMARK_P53_PATHWAY,SOCS1,9606.ENSP00000496577,0.018018018018018
HALLMARK_P53_PATHWAY,XPC,9606.ENSP00000285021,0.018018018018018
HALLMARK_P53_PATHWAY,ZBTB16,9606.ENSP00000338157,0.018018018018018
HALLMARK_P53_PATHWAY,AK1,9606.ENSP00000223836,0.009009009009009
HALLMARK_P53_PATHWAY,ALOX15B,9606.ENSP00000369530,0.009009009009009
HALLMARK_P53_PATHWAY,BAIAP2,9606.ENSP00000316338,0.009009009009009
HALLMARK_P53_PATHWAY,BTG1,9606.ENSP00000256015,0.009009009009009
HALLMARK_P53_PATHWAY,CCNK,9606.ENSP00000374529,0.009009009009009
HALLMARK_P53_PATHWAY,CD82,9606.ENSP00000227155,0.009009009009009
HALLMARK_P53_PATHWAY,CDH13,9606.ENSP00000268613,0.009009009009009
HALLMARK_P53_PATHWAY,CTSF,9606.ENSP00000310832,0.009009009009009
HALLMARK_P53_PATHWAY,CYFIP2,9606.ENSP00000479719,0.009009009009009
HALLMARK_P53_PATHWAY,DGKA,9606.ENSP00000377703,0.009009009009009
HALLMARK_P53_PATHWAY,DRAM1,9606.ENSP00000258534,0.009009009009009
HALLMARK_P53_PATHWAY,F2R,9606.ENSP00000321326,0.009009009009009
HALLMARK_P53_PATHWAY,FAS,9606.ENSP00000498466,0.009009009009009
HALLMARK_P53_PATHWAY,IRAK1,9606.ENSP00000358997,0.009009009009009
HALLMARK_P53_PATHWAY,ISCU,9606.ENSP00000310623,0.009009009009009
HALLMARK_P53_PATHWAY,ITGB4,9606.ENSP00000200181,0.009009009009009
HALLMARK_P53_PATHWAY,JAG2,9606.ENSP00000328169,0.009009009009009
HALLMARK_P53_PATHWAY,KLK8,9606.ENSP00000375682,0.009009009009009
HALLMARK_P53_PATHWAY,KRT17,9606.ENSP00000308452,0.009009009009009
HALLMARK_P53_PATHWAY,LIF,9606.ENSP00000249075,0.009009009009009
HALLMARK_P53_PATHWAY,NDRG1,9606.ENSP00000404854,0.009009009009009
HALLMARK_P53_PATHWAY,NUPR1,9606.ENSP00000379003,0.009009009009009
HALLMARK_P53_PATHWAY,PIDD1,9606.ENSP00000337797,0.009009009009009
HALLMARK_P53_PATHWAY,PLK2,9606.ENSP00000274289,0.009009009009009
HALLMARK_P53_PATHWAY,PLK3,9606.ENSP00000361275,0.009009009009009
HALLMARK_P53_PATHWAY,PROCR,9606.ENSP00000216968,0.009009009009009
HALLMARK_P53_PATHWAY,RAP2B,9606.ENSP00000319096,0.009009009009009
HALLMARK_P53_PATHWAY,S100A10,9606.ENSP00000357801,0.009009009009009
HALLMARK_P53_PATHWAY,SAT1,9606.ENSP00000368572,0.009009009009009
HALLMARK_P53_PATHWAY,SLC3A2,9606.ENSP00000367123,0.009009009009009
HALLMARK_P53_PATHWAY,SPHK1,9606.ENSP00000313681,0.009009009009009
HALLMARK_P53_PATHWAY,STEAP3,9606.ENSP00000376822,0.009009009009009
HALLMARK_P53_PATHWAY,TCN2,9606.ENSP00000215838,0.009009009009009
HALLMARK_P53_PATHWAY,TRIAP1,9606.ENSP00000449795,0.009009009009009
HALLMARK_P53_PATHWAY,TRIB3,9606.ENSP00000415416,0.009009009009009
HALLMARK_P53_PATHWAY,VDR,9606.ENSP00000228606,0.009009009009009
HALLMARK_P53_PATHWAY,ZMAT3,9606.ENSP00000311221,0.009009009009009
HALLMARK_PANCREAS_BETA_CELLS,SRP14,9606.ENSP00000267884,0.25
HALLMARK_PANCREAS_BETA_CELLS,SRP9,9606.ENSP00000305230,0.25
HALLMARK_PANCREAS_BETA_CELLS,SRPRB,9606.ENSP00000418401,0.25
HALLMARK_PANCREAS_BETA_CELLS,AKT3,9606.ENSP00000500582,0.125
HALLMARK_PANCREAS_BETA_CELLS,FOXO1,9606.ENSP00000368880,0.125
HALLMARK_PANCREAS_BETA_CELLS,MAFB,9606.ENSP00000362410,0.125
HALLMARK_PANCREAS_BETA_CELLS,NKX6-1,9606.ENSP00000295886,0.125
HALLMARK_PANCREAS_BETA_CELLS,SEC11A,9606.ENSP00000452697,0.125
HALLMARK_PANCREAS_BETA_CELLS,SPCS1,9606.ENSP00000233025,0.125
HALLMARK_PEROXISOME,ACOX1,9606.ENSP00000293217,0.403225806451613
HALLMARK_PEROXISOME,PEX5,9606.ENSP00000391601,0.32258064516129
HALLMARK_PEROXISOME,PEX13,9606.ENSP00000295030,0.306451612903226
HALLMARK_PEROXISOME,SCP2,9606.ENSP00000360569,0.274193548387097
HALLMARK_PEROXISOME,HSD17B4,9606.ENSP00000411960,0.258064516129032
HALLMARK_PEROXISOME,ABCD3,9606.ENSP00000359233,0.241935483870968
HALLMARK_PEROXISOME,PEX14,9606.ENSP00000349016,0.225806451612903
HALLMARK_PEROXISOME,ACAA1,9606.ENSP00000333664,0.193548387096774
HALLMARK_PEROXISOME,PEX2,9606.ENSP00000349543,0.193548387096774
HALLMARK_PEROXISOME,PEX11B,9606.ENSP00000358312,0.17741935483871
HALLMARK_PEROXISOME,ABCD1,9606.ENSP00000218104,0.161290322580645
HALLMARK_PEROXISOME,PEX11A,9606.ENSP00000300056,0.145161290322581
HALLMARK_PEROXISOME,EHHADH,9606.ENSP00000231887,0.129032258064516
HALLMARK_PEROXISOME,GNPAT,9606.ENSP00000355607,0.129032258064516
HALLMARK_PEROXISOME,SLC27A2,9606.ENSP00000267842,0.129032258064516
HALLMARK_PEROXISOME,ECI2,9606.ENSP00000369461,0.112903225806452
HALLMARK_PEROXISOME,PEX6,9606.ENSP00000303511,0.112903225806452
HALLMARK_PEROXISOME,ACSL4,9606.ENSP00000339787,0.0967741935483871
HALLMARK_PEROXISOME,CAT,9606.ENSP00000241052,0.0967741935483871
HALLMARK_PEROXISOME,ABCD2,9606.ENSP00000310688,0.0806451612903226
HALLMARK_PEROXISOME,ACOT8,9606.ENSP00000217455,0.0806451612903226
HALLMARK_PEROXISOME,ACSL1,9606.ENSP00000422607,0.0806451612903226
HALLMARK_PEROXISOME,DHCR24,9606.ENSP00000360316,0.0806451612903226
HALLMARK_PEROXISOME,ECH1,9606.ENSP00000221418,0.0806451612903226
HALLMARK_PEROXISOME,FIS1,9606.ENSP00000223136,0.0806451612903226
HALLMARK_PEROXISOME,SLC25A17,9606.ENSP00000390722,0.0806451612903226
HALLMARK_PEROXISOME,SOD2,9606.ENSP00000446252,0.0806451612903226
HALLMARK_PEROXISOME,ALDH1A1,9606.ENSP00000297785,0.0645161290322581
HALLMARK_PEROXISOME,CRAT,9606.ENSP00000315013,0.0645161290322581
HALLMARK_PEROXISOME,IDH1,9606.ENSP00000390265,0.0645161290322581
HALLMARK_PEROXISOME,LONP2,9606.ENSP00000285737,0.0645161290322581
HALLMARK_PEROXISOME,SOD1,9606.ENSP00000270142,0.0645161290322581
HALLMARK_PEROXISOME,ACSL5,9606.ENSP00000348429,0.0483870967741935
HALLMARK_PEROXISOME,ALDH9A1,9606.ENSP00000346827,0.0483870967741935
HALLMARK_PEROXISOME,CEL,9606.ENSP00000501111,0.0483870967741935
HALLMARK_PEROXISOME,DHRS3,9606.ENSP00000480439,0.0483870967741935
HALLMARK_PEROXISOME,EPHX2,9606.ENSP00000430269,0.0483870967741935
HALLMARK_PEROXISOME,ERCC1,9606.ENSP00000013807,0.0483870967741935
HALLMARK_PEROXISOME,ERCC3,9606.ENSP00000285398,0.0483870967741935
HALLMARK_PEROXISOME,PRDX1,9606.ENSP00000262746,0.0483870967741935
HALLMARK_PEROXISOME,PRDX5,9606.ENSP00000265462,0.0483870967741935
HALLMARK_PEROXISOME,RDH11,9606.ENSP00000370750,0.0483870967741935
HALLMARK_PEROXISOME,STS,9606.ENSP00000217961,0.0483870967741935
HALLMARK_PEROXISOME,SULT2B1,9606.ENSP00000201586,0.0483870967741935
HALLMARK_PEROXISOME,CDK7,9606.ENSP00000256443,0.032258064516129
HALLMARK_PEROXISOME,FDPS,9606.ENSP00000349078,0.032258064516129
HALLMARK_PEROXISOME,HMGCL,9606.ENSP00000363614,0.032258064516129
HALLMARK_PEROXISOME,IDH2,9606.ENSP00000331897,0.032258064516129
HALLMARK_PEROXISOME,IDI1,9606.ENSP00000370748,0.032258064516129
HALLMARK_PEROXISOME,MSH2,9606.ENSP00000233146,0.032258064516129
HALLMARK_PEROXISOME,RETSAT,9606.ENSP00000295802,0.032258064516129
HALLMARK_PEROXISOME,ABCB1,9606.ENSP00000478255,0.0161290322580645
HALLMARK_PEROXISOME,ALB,9606.ENSP00000295897,0.0161290322580645
HALLMARK_PEROXISOME,CLN6,9606.ENSP00000249806,0.0161290322580645
HALLMARK_PEROXISOME,CLN8,9606.ENSP00000328182,0.0161290322580645
HALLMARK_PEROXISOME,ELOVL5,9606.ENSP00000359956,0.0161290322580645
HALLMARK_PEROXISOME,FADS1,9606.ENSP00000322229,0.0161290322580645
HALLMARK_PEROXISOME,GSTK1,9606.ENSP00000431049,0.0161290322580645
HALLMARK_PEROXISOME,MLYCD,9606.ENSP00000262430,0.0161290322580645
HALLMARK_PEROXISOME,MVP,9606.ENSP00000378760,0.0161290322580645
HALLMARK_PEROXISOME,SERPINA6,9606.ENSP00000342850,0.0161290322580645
HALLMARK_PEROXISOME,SLC25A4,9606.ENSP00000281456,0.0161290322580645
HALLMARK_PEROXISOME,TSPO,9606.ENSP00000379563,0.0161290322580645
HALLMARK_PI3K_AKT_MTOR_SIGNALING,AKT1,9606.ENSP00000451828,0.370786516853933
HALLMARK_PI3K_AKT_MTOR_SIGNALING,EGFR,9606.ENSP00000275493,0.325842696629214
HALLMARK_PI3K_AKT_MTOR_SIGNALING,MAPK1,9606.ENSP00000215832,0.258426966292135
HALLMARK_PI3K_AKT_MTOR_SIGNALING,PTEN,9606.ENSP00000361021,0.191011235955056
HALLMARK_PI3K_AKT_MTOR_SIGNALING,MAPK8,9606.ENSP00000378974,0.179775280898876
HALLMARK_PI3K_AKT_MTOR_SIGNALING,PLCG1,9606.ENSP00000244007,0.179775280898876
HALLMARK_PI3K_AKT_MTOR_SIGNALING,HRAS,9606.ENSP00000407586,0.168539325842697
HALLMARK_PI3K_AKT_MTOR_SIGNALING,TSC2,9606.ENSP00000219476,0.168539325842697
HALLMARK_PI3K_AKT_MTOR_SIGNALING,GRB2,9606.ENSP00000376345,0.157303370786517
HALLMARK_PI3K_AKT_MTOR_SIGNALING,MAP3K7,9606.ENSP00000358335,0.157303370786517
HALLMARK_PI3K_AKT_MTOR_SIGNALING,TRAF2,9606.ENSP00000247668,0.157303370786517
HALLMARK_PI3K_AKT_MTOR_SIGNALING,CDKN1B,9606.ENSP00000228872,0.134831460674157
HALLMARK_PI3K_AKT_MTOR_SIGNALING,RAF1,9606.ENSP00000401888,0.134831460674157
HALLMARK_PI3K_AKT_MTOR_SIGNALING,PIK3R3,9606.ENSP00000262741,0.123595505617978
HALLMARK_PI3K_AKT_MTOR_SIGNALING,RPTOR,9606.ENSP00000307272,0.123595505617978
HALLMARK_PI3K_AKT_MTOR_SIGNALING,CDKN1A,9606.ENSP00000384849,0.112359550561798
HALLMARK_PI3K_AKT_MTOR_SIGNALING,GSK3B,9606.ENSP00000324806,0.112359550561798
HALLMARK_PI3K_AKT_MTOR_SIGNALING,PTPN11,9606.ENSP00000489597,0.112359550561798
HALLMARK_PI3K_AKT_MTOR_SIGNALING,RIPK1,9606.ENSP00000259808,0.112359550561798
HALLMARK_PI3K_AKT_MTOR_SIGNALING,TBK1,9606.ENSP00000329967,0.112359550561798
HALLMARK_PI3K_AKT_MTOR_SIGNALING,TNFRSF1A,9606.ENSP00000162749,0.112359550561798
HALLMARK_PI3K_AKT_MTOR_SIGNALING,RAC1,9606.ENSP00000348461,0.101123595505618
HALLMARK_PI3K_AKT_MTOR_SIGNALING,SFN,9606.ENSP00000340989,0.101123595505618
HALLMARK_PI3K_AKT_MTOR_SIGNALING,VAV3,9606.ENSP00000359073,0.101123595505618
HALLMARK_PI3K_AKT_MTOR_SIGNALING,CDK2,9606.ENSP00000266970,0.0898876404494382
HALLMARK_PI3K_AKT_MTOR_SIGNALING,E2F1,9606.ENSP00000345571,0.0898876404494382
HALLMARK_PI3K_AKT_MTOR_SIGNALING,MAP2K3,9606.ENSP00000345083,0.0898876404494382
HALLMARK_PI3K_AKT_MTOR_SIGNALING,MAPK9,9606.ENSP00000394560,0.0898876404494382
HALLMARK_PI3K_AKT_MTOR_SIGNALING,MYD88,9606.ENSP00000498321,0.0898876404494382
HALLMARK_PI3K_AKT_MTOR_SIGNALING,PLCB1,9606.ENSP00000338185,0.0898876404494382
HALLMARK_PI3K_AKT_MTOR_SIGNALING,PRKAA2,9606.ENSP00000360290,0.0898876404494382
HALLMARK_PI3K_AKT_MTOR_SIGNALING,PRKCB,9606.ENSP00000496129,0.0898876404494382
HALLMARK_PI3K_AKT_MTOR_SIGNALING,SQSTM1,9606.ENSP00000374455,0.0898876404494382
HALLMARK_PI3K_AKT_MTOR_SIGNALING,ACTR2,9606.ENSP00000367220,0.0786516853932584
HALLMARK_PI3K_AKT_MTOR_SIGNALING,AKT1S1,9606.ENSP00000375711,0.0786516853932584
HALLMARK_PI3K_AKT_MTOR_SIGNALING,CDK1,9606.ENSP00000378699,0.0786516853932584
HALLMARK_PI3K_AKT_MTOR_SIGNALING,CDK4,9606.ENSP00000257904,0.0786516853932584
HALLMARK_PI3K_AKT_MTOR_SIGNALING,LCK,9606.ENSP00000477713,0.0786516853932584
HALLMARK_PI3K_AKT_MTOR_SIGNALING,MAP2K6,9606.ENSP00000468348,0.0786516853932584
HALLMARK_PI3K_AKT_MTOR_SIGNALING,PRKAG1,9606.ENSP00000323867,0.0786516853932584
HALLMARK_PI3K_AKT_MTOR_SIGNALING,RPS6KA1,9606.ENSP00000435412,0.0786516853932584
HALLMARK_PI3K_AKT_MTOR_SIGNALING,MAPKAP1,9606.ENSP00000265960,0.0674157303370786
HALLMARK_PI3K_AKT_MTOR_SIGNALING,NCK1,9606.ENSP00000417273,0.0674157303370786
HALLMARK_PI3K_AKT_MTOR_SIGNALING,UBE2N,9606.ENSP00000316176,0.0674157303370786
HALLMARK_PI3K_AKT_MTOR_SIGNALING,YWHAB,9606.ENSP00000361930,0.0674157303370786
HALLMARK_PI3K_AKT_MTOR_SIGNALING,EIF4E,9606.ENSP00000425561,0.0561797752808989
HALLMARK_PI3K_AKT_MTOR_SIGNALING,ACTR3,9606.ENSP00000263238,0.0449438202247191
HALLMARK_PI3K_AKT_MTOR_SIGNALING,CFL1,9606.ENSP00000432660,0.0449438202247191
HALLMARK_PI3K_AKT_MTOR_SIGNALING,FASLG,9606.ENSP00000356694,0.0449438202247191
HALLMARK_PI3K_AKT_MTOR_SIGNALING,HSP90B1,9606.ENSP00000299767,0.0449438202247191
HALLMARK_PI3K_AKT_MTOR_SIGNALING,IRAK4,9606.ENSP00000479889,0.0449438202247191
HALLMARK_PI3K_AKT_MTOR_SIGNALING,NGF,9606.ENSP00000358525,0.0449438202247191
HALLMARK_PI3K_AKT_MTOR_SIGNALING,PIKFYVE,9606.ENSP00000264380,0.0449438202247191
HALLMARK_PI3K_AKT_MTOR_SIGNALING,PPP1CA,9606.ENSP00000326031,0.0449438202247191
HALLMARK_PI3K_AKT_MTOR_SIGNALING,PPP2R1B,9606.ENSP00000311344,0.0449438202247191
HALLMARK_PI3K_AKT_MTOR_SIGNALING,RPS6KA3,9606.ENSP00000368884,0.0449438202247191
HALLMARK_PI3K_AKT_MTOR_SIGNALING,ADCY2,9606.ENSP00000342952,0.0337078651685393
HALLMARK_PI3K_AKT_MTOR_SIGNALING,CAB39,9606.ENSP00000258418,0.0337078651685393
HALLMARK_PI3K_AKT_MTOR_SIGNALING,CAB39L,9606.ENSP00000479669,0.0337078651685393
HALLMARK_PI3K_AKT_MTOR_SIGNALING,CXCR4,9606.ENSP00000386884,0.0337078651685393
HALLMARK_PI3K_AKT_MTOR_SIGNALING,DUSP3,9606.ENSP00000226004,0.0337078651685393
HALLMARK_PI3K_AKT_MTOR_SIGNALING,GNA14,9606.ENSP00000365807,0.0337078651685393
HALLMARK_PI3K_AKT_MTOR_SIGNALING,GRK2,9606.ENSP00000312262,0.0337078651685393
HALLMARK_PI3K_AKT_MTOR_SIGNALING,ITPR2,9606.ENSP00000370744,0.0337078651685393
HALLMARK_PI3K_AKT_MTOR_SIGNALING,MKNK2,9606.ENSP00000250896,0.0337078651685393
HALLMARK_PI3K_AKT_MTOR_SIGNALING,PDK1,9606.ENSP00000376352,0.0337078651685393
HALLMARK_PI3K_AKT_MTOR_SIGNALING,PFN1,9606.ENSP00000225655,0.0337078651685393
HALLMARK_PI3K_AKT_MTOR_SIGNALING,RALB,9606.ENSP00000272519,0.0337078651685393
HALLMARK_PI3K_AKT_MTOR_SIGNALING,SMAD2,9606.ENSP00000262160,0.0337078651685393
HALLMARK_PI3K_AKT_MTOR_SIGNALING,TIAM1,9606.ENSP00000286827,0.0337078651685393
HALLMARK_PI3K_AKT_MTOR_SIGNALING,ACACA,9606.ENSP00000483300,0.0224719101123595
HALLMARK_PI3K_AKT_MTOR_SIGNALING,AP2M1,9606.ENSP00000403362,0.0224719101123595
HALLMARK_PI3K_AKT_MTOR_SIGNALING,ARHGDIA,9606.ENSP00000463939,0.0224719101123595
HALLMARK_PI3K_AKT_MTOR_SIGNALING,ARPC3,9606.ENSP00000228825,0.0224719101123595
HALLMARK_PI3K_AKT_MTOR_SIGNALING,CAMK4,9606.ENSP00000282356,0.0224719101123595
HALLMARK_PI3K_AKT_MTOR_SIGNALING,CLTC,9606.ENSP00000479606,0.0224719101123595
HALLMARK_PI3K_AKT_MTOR_SIGNALING,CSNK2B,9606.ENSP00000365042,0.0224719101123595
HALLMARK_PI3K_AKT_MTOR_SIGNALING,MKNK1,9606.ENSP00000498083,0.0224719101123595
HALLMARK_PI3K_AKT_MTOR_SIGNALING,PAK4,9606.ENSP00000469413,0.0224719101123595
HALLMARK_PI3K_AKT_MTOR_SIGNALING,SLC2A1,9606.ENSP00000416293,0.0224719101123595
HALLMARK_PI3K_AKT_MTOR_SIGNALING,STAT2,9606.ENSP00000315768,0.0224719101123595
HALLMARK_PI3K_AKT_MTOR_SIGNALING,UBE2D3,9606.ENSP00000349722,0.0224719101123595
HALLMARK_PI3K_AKT_MTOR_SIGNALING,ATF1,9606.ENSP00000262053,0.0112359550561798
HALLMARK_PI3K_AKT_MTOR_SIGNALING,CALR,9606.ENSP00000320866,0.0112359550561798
HALLMARK_PI3K_AKT_MTOR_SIGNALING,DDIT3,9606.ENSP00000448665,0.0112359550561798
HALLMARK_PI3K_AKT_MTOR_SIGNALING,IL2RG,9606.ENSP00000363318,0.0112359550561798
HALLMARK_PI3K_AKT_MTOR_SIGNALING,NOD1,9606.ENSP00000222823,0.0112359550561798
HALLMARK_PI3K_AKT_MTOR_SIGNALING,PIN1,9606.ENSP00000247970,0.0112359550561798
HALLMARK_PI3K_AKT_MTOR_SIGNALING,SLA,9606.ENSP00000394049,0.0112359550561798
HALLMARK_PI3K_AKT_MTOR_SIGNALING,THEM4,9606.ENSP00000357804,0.0112359550561798
HALLMARK_PROTEIN_SECRETION,BET1,9606.ENSP00000222547,0.287671232876712
HALLMARK_PROTEIN_SECRETION,SEC22B,9606.ENSP00000463393,0.287671232876712
HALLMARK_PROTEIN_SECRETION,GOSR2,9606.ENSP00000461784,0.219178082191781
HALLMARK_PROTEIN_SECRETION,NAPA,9606.ENSP00000263354,0.219178082191781
HALLMARK_PROTEIN_SECRETION,STX16,9606.ENSP00000360183,0.205479452054795
HALLMARK_PROTEIN_SECRETION,YKT6,9606.ENSP00000223369,0.205479452054795
HALLMARK_PROTEIN_SECRETION,COPB1,9606.ENSP00000249923,0.191780821917808
HALLMARK_PROTEIN_SECRETION,STX12,9606.ENSP00000363054,0.191780821917808
HALLMARK_PROTEIN_SECRETION,VAMP3,9606.ENSP00000054666,0.191780821917808
HALLMARK_PROTEIN_SECRETION,VAMP4,9606.ENSP00000236192,0.191780821917808
HALLMARK_PROTEIN_SECRETION,ARCN1,9606.ENSP00000264028,0.178082191780822
HALLMARK_PROTEIN_SECRETION,COPB2,9606.ENSP00000329419,0.178082191780822
HALLMARK_PROTEIN_SECRETION,STX7,9606.ENSP00000356918,0.178082191780822
HALLMARK_PROTEIN_SECRETION,VAMP7,9606.ENSP00000262640,0.178082191780822
HALLMARK_PROTEIN_SECRETION,EGFR,9606.ENSP00000275493,0.164383561643836
HALLMARK_PROTEIN_SECRETION,ARF1,9606.ENSP00000440005,0.150684931506849
HALLMARK_PROTEIN_SECRETION,CLTC,9606.ENSP00000479606,0.150684931506849
HALLMARK_PROTEIN_SECRETION,LMAN1,9606.ENSP00000251047,0.150684931506849
HALLMARK_PROTEIN_SECRETION,SNAP23,9606.ENSP00000249647,0.150684931506849
HALLMARK_PROTEIN_SECRETION,USO1,9606.ENSP00000264904,0.150684931506849
HALLMARK_PROTEIN_SECRETION,NAPG,9606.ENSP00000324628,0.136986301369863
HALLMARK_PROTEIN_SECRETION,AP1G1,9606.ENSP00000377148,0.123287671232877
HALLMARK_PROTEIN_SECRETION,RAB5A,9606.ENSP00000273047,0.10958904109589
HALLMARK_PROTEIN_SECRETION,TMED10,9606.ENSP00000303145,0.10958904109589
HALLMARK_PROTEIN_SECRETION,AP2M1,9606.ENSP00000403362,0.0958904109589041
HALLMARK_PROTEIN_SECRETION,COPE,9606.ENSP00000469035,0.0958904109589041
HALLMARK_PROTEIN_SECRETION,SEC24D,9606.ENSP00000280551,0.0958904109589041
HALLMARK_PROTEIN_SECRETION,SEC31A,9606.ENSP00000378721,0.0958904109589041
HALLMARK_PROTEIN_SECRETION,TSG101,9606.ENSP00000251968,0.0958904109589041
HALLMARK_PROTEIN_SECRETION,VPS45,9606.ENSP00000495563,0.0958904109589041
HALLMARK_PROTEIN_SECRETION,AP2B1,9606.ENSP00000483185,0.0821917808219178
HALLMARK_PROTEIN_SECRETION,AP3S1,9606.ENSP00000325369,0.0821917808219178
HALLMARK_PROTEIN_SECRETION,CLTA,9606.ENSP00000242285,0.0821917808219178
HALLMARK_PROTEIN_SECRETION,COG2,9606.ENSP00000355629,0.0821917808219178
HALLMARK_PROTEIN_SECRETION,TMED2,9606.ENSP00000262225,0.0821917808219178
HALLMARK_PROTEIN_SECRETION,ZW10,9606.ENSP00000200135,0.0821917808219178
HALLMARK_PROTEIN_SECRETION,AP2S1,9606.ENSP00000470176,0.0684931506849315
HALLMARK_PROTEIN_SECRETION,ARFGAP3,9606.ENSP00000263245,0.0684931506849315
HALLMARK_PROTEIN_SECRETION,AP3B1,9606.ENSP00000255194,0.0547945205479452
HALLMARK_PROTEIN_SECRETION,GBF1,9606.ENSP00000359000,0.0547945205479452
HALLMARK_PROTEIN_SECRETION,OCRL,9606.ENSP00000360154,0.0547945205479452
HALLMARK_PROTEIN_SECRETION,CD63,9606.ENSP00000447730,0.0410958904109589
HALLMARK_PROTEIN_SECRETION,RAB9A,9606.ENSP00000420127,0.0410958904109589
HALLMARK_PROTEIN_SECRETION,STAM,9606.ENSP00000366746,0.0410958904109589
HALLMARK_PROTEIN_SECRETION,ATP6V1H,9606.ENSP00000352522,0.0273972602739726
HALLMARK_PROTEIN_SECRETION,GALC,9606.ENSP00000261304,0.0273972602739726
HALLMARK_PROTEIN_SECRETION,GNAS,9606.ENSP00000360141,0.0273972602739726
HALLMARK_PROTEIN_SECRETION,IGF2R,9606.ENSP00000349437,0.0273972602739726
HALLMARK_PROTEIN_SECRETION,LAMP2,9606.ENSP00000408411,0.0273972602739726
HALLMARK_PROTEIN_SECRETION,MAPK1,9606.ENSP00000215832,0.0273972602739726
HALLMARK_PROTEIN_SECRETION,SNX2,9606.ENSP00000368831,0.0273972602739726
HALLMARK_PROTEIN_SECRETION,ARFGEF1,9606.ENSP00000262215,0.0136986301369863
HALLMARK_PROTEIN_SECRETION,ARFGEF2,9606.ENSP00000360985,0.0136986301369863
HALLMARK_PROTEIN_SECRETION,ARFIP1,9606.ENSP00000296557,0.0136986301369863
HALLMARK_PROTEIN_SECRETION,ATP1A1,9606.ENSP00000445306,0.0136986301369863
HALLMARK_PROTEIN_SECRETION,ATP6V1B1,9606.ENSP00000234396,0.0136986301369863
HALLMARK_PROTEIN_SECRETION,ATP7A,9606.ENSP00000345728,0.0136986301369863
HALLMARK_PROTEIN_SECRETION,CAV2,9606.ENSP00000222693,0.0136986301369863
HALLMARK_PROTEIN_SECRETION,CTSC,9606.ENSP00000227266,0.0136986301369863
HALLMARK_PROTEIN_SECRETION,DOP1A,9606.ENSP00000237163,0.0136986301369863
HALLMARK_PROTEIN_SECRETION,ERGIC3,9606.ENSP00000349970,0.0136986301369863
HALLMARK_PROTEIN_SECRETION,GLA,9606.ENSP00000218516,0.0136986301369863
HALLMARK_PROTEIN_SECRETION,ICA1,9606.ENSP00000403982,0.0136986301369863
HALLMARK_PROTEIN_SECRETION,KRT18,9606.ENSP00000373489,0.0136986301369863
HALLMARK_PROTEIN_SECRETION,M6PR,9606.ENSP00000000412,0.0136986301369863
HALLMARK_PROTEIN_SECRETION,MON2,9606.ENSP00000377250,0.0136986301369863
HALLMARK_PROTEIN_SECRETION,RAB14,9606.ENSP00000362946,0.0136986301369863
HALLMARK_PROTEIN_SECRETION,RAB2A,9606.ENSP00000262646,0.0136986301369863
HALLMARK_PROTEIN_SECRETION,RPS6KA3,9606.ENSP00000368884,0.0136986301369863
HALLMARK_PROTEIN_SECRETION,SCAMP3,9606.ENSP00000307275,0.0136986301369863
HALLMARK_PROTEIN_SECRETION,SGMS1,9606.ENSP00000354829,0.0136986301369863
HALLMARK_PROTEIN_SECRETION,SOD1,9606.ENSP00000270142,0.0136986301369863
HALLMARK_PROTEIN_SECRETION,TOM1L1,9606.ENSP00000460823,0.0136986301369863
HALLMARK_PROTEIN_SECRETION,VPS4B,9606.ENSP00000238497,0.0136986301369863
HALLMARK_REACTIVE_OXYGEN_SPECIES_PATHWAY,GPX3,9606.ENSP00000373477,0.592592592592593
HALLMARK_REACTIVE_OXYGEN_SPECIES_PATHWAY,TXN,9606.ENSP00000363641,0.592592592592593
HALLMARK_REACTIVE_OXYGEN_SPECIES_PATHWAY,GPX4,9606.ENSP00000346103,0.518518518518518
HALLMARK_REACTIVE_OXYGEN_SPECIES_PATHWAY,GSR,9606.ENSP00000221130,0.518518518518518
HALLMARK_REACTIVE_OXYGEN_SPECIES_PATHWAY,SOD1,9606.ENSP00000270142,0.407407407407407
HALLMARK_REACTIVE_OXYGEN_SPECIES_PATHWAY,TXNRD1,9606.ENSP00000434516,0.37037037037037
HALLMARK_REACTIVE_OXYGEN_SPECIES_PATHWAY,SOD2,9606.ENSP00000446252,0.333333333333333
HALLMARK_REACTIVE_OXYGEN_SPECIES_PATHWAY,GCLC,9606.ENSP00000497574,0.259259259259259
HALLMARK_REACTIVE_OXYGEN_SPECIES_PATHWAY,GLRX,9606.ENSP00000369314,0.259259259259259
HALLMARK_REACTIVE_OXYGEN_SPECIES_PATHWAY,PRDX1,9606.ENSP00000262746,0.259259259259259
HALLMARK_REACTIVE_OXYGEN_SPECIES_PATHWAY,PRDX2,9606.ENSP00000301522,0.259259259259259
HALLMARK_REACTIVE_OXYGEN_SPECIES_PATHWAY,PRDX6,9606.ENSP00000342026,0.259259259259259
HALLMARK_REACTIVE_OXYGEN_SPECIES_PATHWAY,TXNRD2,9606.ENSP00000383365,0.259259259259259
HALLMARK_REACTIVE_OXYGEN_SPECIES_PATHWAY,NQO1,9606.ENSP00000319788,0.222222222222222
HALLMARK_REACTIVE_OXYGEN_SPECIES_PATHWAY,GCLM,9606.ENSP00000359258,0.185185185185185
HALLMARK_REACTIVE_OXYGEN_SPECIES_PATHWAY,GLRX2,9606.ENSP00000356410,0.185185185185185
HALLMARK_REACTIVE_OXYGEN_SPECIES_PATHWAY,MGST1,9606.ENSP00000379512,0.148148148148148
HALLMARK_REACTIVE_OXYGEN_SPECIES_PATHWAY,MSRA,9606.ENSP00000313921,0.111111111111111
HALLMARK_REACTIVE_OXYGEN_SPECIES_PATHWAY,SELENOS,9606.ENSP00000381282,0.111111111111111
HALLMARK_REACTIVE_OXYGEN_SPECIES_PATHWAY,ATOX1,9606.ENSP00000430598,0.0740740740740741
HALLMARK_REACTIVE_OXYGEN_SPECIES_PATHWAY,CAT,9606.ENSP00000241052,0.0740740740740741
HALLMARK_REACTIVE_OXYGEN_SPECIES_PATHWAY,G6PD,9606.ENSP00000377192,0.0740740740740741
HALLMARK_REACTIVE_OXYGEN_SPECIES_PATHWAY,NDUFA6,9606.ENSP00000482543,0.0740740740740741
HALLMARK_REACTIVE_OXYGEN_SPECIES_PATHWAY,NDUFB4,9606.ENSP00000184266,0.0740740740740741
HALLMARK_REACTIVE_OXYGEN_SPECIES_PATHWAY,NDUFS2,9606.ENSP00000356972,0.0740740740740741
HALLMARK_REACTIVE_OXYGEN_SPECIES_PATHWAY,PRDX4,9606.ENSP00000368646,0.0740740740740741
HALLMARK_REACTIVE_OXYGEN_SPECIES_PATHWAY,FTL,9606.ENSP00000366525,0.037037037037037
HALLMARK_REACTIVE_OXYGEN_SPECIES_PATHWAY,PRNP,9606.ENSP00000399376,0.037037037037037
HALLMARK_SPERMATOGENESIS,CDK1,9606.ENSP00000378699,0.305555555555556
HALLMARK_SPERMATOGENESIS,CCNB2,9606.ENSP00000288207,0.277777777777778
HALLMARK_SPERMATOGENESIS,AURKA,9606.ENSP00000216911,0.25
HALLMARK_SPERMATOGENESIS,BUB1,9606.ENSP00000302530,0.25
HALLMARK_SPERMATOGENESIS,KIF2C,9606.ENSP00000361298,0.25
HALLMARK_SPERMATOGENESIS,CDKN3,9606.ENSP00000335357,0.222222222222222
HALLMARK_SPERMATOGENESIS,NEK2,9606.ENSP00000355966,0.222222222222222
HALLMARK_SPERMATOGENESIS,TTK,9606.ENSP00000358813,0.222222222222222
HALLMARK_SPERMATOGENESIS,NCAPH,9606.ENSP00000240423,0.194444444444444
HALLMARK_SPERMATOGENESIS,RFC4,9606.ENSP00000376272,0.166666666666667
HALLMARK_SPERMATOGENESIS,CCNA1,9606.ENSP00000255465,0.0833333333333333
HALLMARK_SPERMATOGENESIS,EZH2,9606.ENSP00000320147,0.0833333333333333
HALLMARK_SPERMATOGENESIS,HSPA4L,9606.ENSP00000296464,0.0833333333333333
HALLMARK_SPERMATOGENESIS,POMC,9606.ENSP00000384092,0.0833333333333333
HALLMARK_SPERMATOGENESIS,TOPBP1,9606.ENSP00000260810,0.0833333333333333
HALLMARK_SPERMATOGENESIS,CLPB,9606.ENSP00000294053,0.0555555555555556
HALLMARK_SPERMATOGENESIS,HSPA2,9606.ENSP00000378199,0.0555555555555556
HALLMARK_SPERMATOGENESIS,MTOR,9606.ENSP00000354558,0.0555555555555556
HALLMARK_SPERMATOGENESIS,PEBP1,9606.ENSP00000261313,0.0555555555555556
HALLMARK_SPERMATOGENESIS,RAD17,9606.ENSP00000426191,0.0555555555555556
HALLMARK_SPERMATOGENESIS,SIRT1,9606.ENSP00000212015,0.0555555555555556
HALLMARK_SPERMATOGENESIS,ADCYAP1,9606.ENSP00000462647,0.0277777777777778
HALLMARK_SPERMATOGENESIS,ALOX15,9606.ENSP00000293761,0.0277777777777778
HALLMARK_SPERMATOGENESIS,BRAF,9606.ENSP00000419060,0.0277777777777778
HALLMARK_SPERMATOGENESIS,CCT6B,9606.ENSP00000327191,0.0277777777777778
HALLMARK_SPERMATOGENESIS,DBF4,9606.ENSP00000265728,0.0277777777777778
HALLMARK_SPERMATOGENESIS,HSPA1L,9606.ENSP00000364805,0.0277777777777778
HALLMARK_SPERMATOGENESIS,IFT88,9606.ENSP00000323580,0.0277777777777778
HALLMARK_SPERMATOGENESIS,LDHC,9606.ENSP00000437783,0.0277777777777778
HALLMARK_SPERMATOGENESIS,LPIN1,9606.ENSP00000397908,0.0277777777777778
HALLMARK_SPERMATOGENESIS,NPHP1,9606.ENSP00000313169,0.0277777777777778
HALLMARK_SPERMATOGENESIS,NPY5R,9606.ENSP00000423917,0.0277777777777778
HALLMARK_SPERMATOGENESIS,PACRG,9606.ENSP00000337946,0.0277777777777778
HALLMARK_SPERMATOGENESIS,PCSK1N,9606.ENSP00000218230,0.0277777777777778
HALLMARK_SPERMATOGENESIS,PSMG1,9606.ENSP00000329915,0.0277777777777778
HALLMARK_SPERMATOGENESIS,TALDO1,9606.ENSP00000321259,0.0277777777777778
HALLMARK_SPERMATOGENESIS,TEKT2,9606.ENSP00000207457,0.0277777777777778
HALLMARK_TGF_BETA_SIGNALING,SMAD3,9606.ENSP00000332973,0.590909090909091
HALLMARK_TGF_BETA_SIGNALING,TGFB1,9606.ENSP00000221930,0.454545454545455
HALLMARK_TGF_BETA_SIGNALING,SMAD7,9606.ENSP00000262158,0.386363636363636
HALLMARK_TGF_BETA_SIGNALING,TGFBR1,9606.ENSP00000447297,0.340909090909091
HALLMARK_TGF_BETA_SIGNALING,SMAD6,9606.ENSP00000288840,0.295454545454545
HALLMARK_TGF_BETA_SIGNALING,SMURF1,9606.ENSP00000354621,0.295454545454545
HALLMARK_TGF_BETA_SIGNALING,CTNNB1,9606.ENSP00000495360,0.272727272727273
HALLMARK_TGF_BETA_SIGNALING,SMURF2,9606.ENSP00000262435,0.272727272727273
HALLMARK_TGF_BETA_SIGNALING,ACVR1,9606.ENSP00000405004,0.25
HALLMARK_TGF_BETA_SIGNALING,BMP2,9606.ENSP00000368104,0.25
HALLMARK_TGF_BETA_SIGNALING,BMPR2,9606.ENSP00000363708,0.25
HALLMARK_TGF_BETA_SIGNALING,SMAD1,9606.ENSP00000305769,0.25
HALLMARK_TGF_BETA_SIGNALING,BMPR1A,9606.ENSP00000361107,0.227272727272727
HALLMARK_TGF_BETA_SIGNALING,HDAC1,9606.ENSP00000362649,0.181818181818182
HALLMARK_TGF_BETA_SIGNALING,CDH1,9606.ENSP00000261769,0.159090909090909
HALLMARK_TGF_BETA_SIGNALING,RHOA,9606.ENSP00000400175,0.159090909090909
HALLMARK_TGF_BETA_SIGNALING,SKIL,9606.ENSP00000415243,0.159090909090909
HALLMARK_TGF_BETA_SIGNALING,SKI,9606.ENSP00000367797,0.136363636363636
HALLMARK_TGF_BETA_SIGNALING,ENG,9606.ENSP00000362299,0.113636363636364
HALLMARK_TGF_BETA_SIGNALING,FKBP1A,9606.ENSP00000383003,0.0909090909090909
HALLMARK_TGF_BETA_SIGNALING,MAP3K7,9606.ENSP00000358335,0.0909090909090909
HALLMARK_TGF_BETA_SIGNALING,PPP1CA,9606.ENSP00000326031,0.0909090909090909
HALLMARK_TGF_BETA_SIGNALING,SERPINE1,9606.ENSP00000223095,0.0909090909090909
HALLMARK_TGF_BETA_SIGNALING,NCOR2,9606.ENSP00000384018,0.0681818181818182
HALLMARK_TGF_BETA_SIGNALING,PPP1R15A,9606.ENSP00000200453,0.0681818181818182
HALLMARK_TGF_BETA_SIGNALING,THBS1,9606.ENSP00000260356,0.0681818181818182
HALLMARK_TGF_BETA_SIGNALING,TJP1,9606.ENSP00000348416,0.0681818181818182
HALLMARK_TGF_BETA_SIGNALING,TRIM33,9606.ENSP00000351250,0.0681818181818182
HALLMARK_TGF_BETA_SIGNALING,UBE2D3,9606.ENSP00000349722,0.0681818181818182
HALLMARK_TGF_BETA_SIGNALING,WWTR1,9606.ENSP00000419465,0.0681818181818182
HALLMARK_TGF_BETA_SIGNALING,XIAP,9606.ENSP00000360242,0.0681818181818182
HALLMARK_TGF_BETA_SIGNALING,APC,9606.ENSP00000257430,0.0454545454545455
HALLMARK_TGF_BETA_SIGNALING,FURIN,9606.ENSP00000483552,0.0454545454545455
HALLMARK_TGF_BETA_SIGNALING,ID1,9606.ENSP00000365280,0.0454545454545455
HALLMARK_TGF_BETA_SIGNALING,TGIF1,9606.ENSP00000327959,0.0454545454545455
HALLMARK_TGF_BETA_SIGNALING,ARID4B,9606.ENSP00000264183,0.0227272727272727
HALLMARK_TGF_BETA_SIGNALING,CDK9,9606.ENSP00000362361,0.0227272727272727
HALLMARK_TGF_BETA_SIGNALING,ID3,9606.ENSP00000363689,0.0227272727272727
HALLMARK_TGF_BETA_SIGNALING,JUNB,9606.ENSP00000303315,0.0227272727272727
HALLMARK_TGF_BETA_SIGNALING,KLF10,9606.ENSP00000285407,0.0227272727272727
HALLMARK_TGF_BETA_SIGNALING,LEFTY2,9606.ENSP00000355785,0.0227272727272727
HALLMARK_TGF_BETA_SIGNALING,LTBP2,9606.ENSP00000261978,0.0227272727272727
HALLMARK_TGF_BETA_SIGNALING,PMEPA1,9606.ENSP00000345826,0.0227272727272727
HALLMARK_TGF_BETA_SIGNALING,PPM1A,9606.ENSP00000327255,0.0227272727272727
HALLMARK_TGF_BETA_SIGNALING,SPTBN1,9606.ENSP00000349259,0.0227272727272727
HALLMARK_TNFA_SIGNALING_VIA_NFKB,TNF,9606.ENSP00000398698,0.392592592592593
HALLMARK_TNFA_SIGNALING_VIA_NFKB,IL6,9606.ENSP00000385675,0.377777777777778
HALLMARK_TNFA_SIGNALING_VIA_NFKB,IL1B,9606.ENSP00000263341,0.318518518518519
HALLMARK_TNFA_SIGNALING_VIA_NFKB,NFKB1,9606.ENSP00000226574,0.311111111111111
HALLMARK_TNFA_SIGNALING_VIA_NFKB,FOS,9606.ENSP00000306245,0.303703703703704
HALLMARK_TNFA_SIGNALING_VIA_NFKB,JUN,9606.ENSP00000360266,0.303703703703704
HALLMARK_TNFA_SIGNALING_VIA_NFKB,RELA,9606.ENSP00000384273,0.259259259259259
HALLMARK_TNFA_SIGNALING_VIA_NFKB,CCL2,9606.ENSP00000225831,0.22962962962963
HALLMARK_TNFA_SIGNALING_VIA_NFKB,MYC,9606.ENSP00000478887,0.2
HALLMARK_TNFA_SIGNALING_VIA_NFKB,ATF3,9606.ENSP00000344352,0.192592592592593
HALLMARK_TNFA_SIGNALING_VIA_NFKB,NFKBIA,9606.ENSP00000216797,0.192592592592593
HALLMARK_TNFA_SIGNALING_VIA_NFKB,ICAM1,9606.ENSP00000264832,0.177777777777778
HALLMARK_TNFA_SIGNALING_VIA_NFKB,CCL5,9606.ENSP00000474412,0.162962962962963
HALLMARK_TNFA_SIGNALING_VIA_NFKB,CEBPB,9606.ENSP00000305422,0.162962962962963
HALLMARK_TNFA_SIGNALING_VIA_NFKB,CXCL10,9606.ENSP00000305651,0.162962962962963
HALLMARK_TNFA_SIGNALING_VIA_NFKB,EGR1,9606.ENSP00000239938,0.162962962962963
HALLMARK_TNFA_SIGNALING_VIA_NFKB,PTGS2,9606.ENSP00000356438,0.155555555555556
HALLMARK_TNFA_SIGNALING_VIA_NFKB,CXCL1,9606.ENSP00000379110,0.148148148148148
HALLMARK_TNFA_SIGNALING_VIA_NFKB,TLR2,9606.ENSP00000260010,0.140740740740741
HALLMARK_TNFA_SIGNALING_VIA_NFKB,FOSB,9606.ENSP00000245919,0.133333333333333
HALLMARK_TNFA_SIGNALING_VIA_NFKB,CXCL2,9606.ENSP00000427279,0.118518518518519
HALLMARK_TNFA_SIGNALING_VIA_NFKB,IL18,9606.ENSP00000280357,0.118518518518519
HALLMARK_TNFA_SIGNALING_VIA_NFKB,IRF1,9606.ENSP00000245414,0.118518518518519
HALLMARK_TNFA_SIGNALING_VIA_NFKB,NFKB2,9606.ENSP00000358983,0.118518518518519
HALLMARK_TNFA_SIGNALING_VIA_NFKB,CD44,9606.ENSP00000398632,0.111111111111111
HALLMARK_TNFA_SIGNALING_VIA_NFKB,CDKN1A,9606.ENSP00000384849,0.111111111111111
HALLMARK_TNFA_SIGNALING_VIA_NFKB,REL,9606.ENSP00000295025,0.111111111111111
HALLMARK_TNFA_SIGNALING_VIA_NFKB,SMAD3,9606.ENSP00000332973,0.111111111111111
HALLMARK_TNFA_SIGNALING_VIA_NFKB,CCL4,9606.ENSP00000482259,0.103703703703704
HALLMARK_TNFA_SIGNALING_VIA_NFKB,CD80,9606.ENSP00000264246,0.103703703703704
HALLMARK_TNFA_SIGNALING_VIA_NFKB,CXCL11,9606.ENSP00000306884,0.103703703703704
HALLMARK_TNFA_SIGNALING_VIA_NFKB,JUNB,9606.ENSP00000303315,0.103703703703704
HALLMARK_TNFA_SIGNALING_VIA_NFKB,SOCS3,9606.ENSP00000330341,0.103703703703704
HALLMARK_TNFA_SIGNALING_VIA_NFKB,BIRC3,9606.ENSP00000263464,0.0962962962962963
HALLMARK_TNFA_SIGNALING_VIA_NFKB,CCL20,9606.ENSP00000351671,0.0962962962962963
HALLMARK_TNFA_SIGNALING_VIA_NFKB,NFE2L2,9606.ENSP00000380252,0.0962962962962963
HALLMARK_TNFA_SIGNALING_VIA_NFKB,SERPINE1,9606.ENSP00000223095,0.0962962962962963
HALLMARK_TNFA_SIGNALING_VIA_NFKB,TNFAIP3,9606.ENSP00000481570,0.0962962962962963
HALLMARK_TNFA_SIGNALING_VIA_NFKB,CCRL2,9606.ENSP00000349967,0.0888888888888889
HALLMARK_TNFA_SIGNALING_VIA_NFKB,DUSP1,9606.ENSP00000239223,0.0888888888888889
HALLMARK_TNFA_SIGNALING_VIA_NFKB,EGR2,9606.ENSP00000242480,0.0888888888888889
HALLMARK_TNFA_SIGNALING_VIA_NFKB,NR4A1,9606.ENSP00000440864,0.0888888888888889
HALLMARK_TNFA_SIGNALING_VIA_NFKB,FOSL1,9606.ENSP00000310170,0.0814814814814815
HALLMARK_TNFA_SIGNALING_VIA_NFKB,IL7R,9606.ENSP00000306157,0.0814814814814815
HALLMARK_TNFA_SIGNALING_VIA_NFKB,RELB,9606.ENSP00000221452,0.0814814814814815
HALLMARK_TNFA_SIGNALING_VIA_NFKB,BCL3,9606.ENSP00000164227,0.0740740740740741
HALLMARK_TNFA_SIGNALING_VIA_NFKB,BIRC2,9606.ENSP00000477613,0.0740740740740741
HALLMARK_TNFA_SIGNALING_VIA_NFKB,CCND1,9606.ENSP00000227507,0.0740740740740741
HALLMARK_TNFA_SIGNALING_VIA_NFKB,CSF1,9606.ENSP00000327513,0.0740740740740741
HALLMARK_TNFA_SIGNALING_VIA_NFKB,STAT5A,9606.ENSP00000341208,0.0740740740740741
HALLMARK_TNFA_SIGNALING_VIA_NFKB,EGR3,9606.ENSP00000318057,0.0666666666666667
HALLMARK_TNFA_SIGNALING_VIA_NFKB,F3,9606.ENSP00000334145,0.0666666666666667
HALLMARK_TNFA_SIGNALING_VIA_NFKB,FOSL2,9606.ENSP00000264716,0.0666666666666667
HALLMARK_TNFA_SIGNALING_VIA_NFKB,TNIP2,9606.ENSP00000321203,0.0666666666666667
HALLMARK_TNFA_SIGNALING_VIA_NFKB,CD69,9606.ENSP00000228434,0.0592592592592593
HALLMARK_TNFA_SIGNALING_VIA_NFKB,LIF,9606.ENSP00000249075,0.0592592592592593
HALLMARK_TNFA_SIGNALING_VIA_NFKB,RIPK2,9606.ENSP00000220751,0.0592592592592593
HALLMARK_TNFA_SIGNALING_VIA_NFKB,TNFAIP6,9606.ENSP00000243347,0.0592592592592593
HALLMARK_TNFA_SIGNALING_VIA_NFKB,TRAF1,9606.ENSP00000362994,0.0592592592592593
HALLMARK_TNFA_SIGNALING_VIA_NFKB,NFKBIE,9606.ENSP00000275015,0.0518518518518519
HALLMARK_TNFA_SIGNALING_VIA_NFKB,PLAU,9606.ENSP00000361850,0.0518518518518519
HALLMARK_TNFA_SIGNALING_VIA_NFKB,ZFP36,9606.ENSP00000471239,0.0518518518518519
HALLMARK_TNFA_SIGNALING_VIA_NFKB,CFLAR,9606.ENSP00000312455,0.0444444444444444
HALLMARK_TNFA_SIGNALING_VIA_NFKB,EDN1,9606.ENSP00000368683,0.0444444444444444
HALLMARK_TNFA_SIGNALING_VIA_NFKB,IER2,9606.ENSP00000465617,0.0444444444444444
HALLMARK_TNFA_SIGNALING_VIA_NFKB,MCL1,9606.ENSP00000358022,0.0444444444444444
HALLMARK_TNFA_SIGNALING_VIA_NFKB,NR4A2,9606.ENSP00000344479,0.0444444444444444
HALLMARK_TNFA_SIGNALING_VIA_NFKB,SQSTM1,9606.ENSP00000374455,0.0444444444444444
HALLMARK_TNFA_SIGNALING_VIA_NFKB,TANK,9606.ENSP00000259075,0.0444444444444444
HALLMARK_TNFA_SIGNALING_VIA_NFKB,TNFRSF9,9606.ENSP00000478699,0.0444444444444444
HALLMARK_TNFA_SIGNALING_VIA_NFKB,BCL6,9606.ENSP00000384371,0.037037037037037
HALLMARK_TNFA_SIGNALING_VIA_NFKB,CEBPD,9606.ENSP00000386165,0.037037037037037
HALLMARK_TNFA_SIGNALING_VIA_NFKB,GADD45A,9606.ENSP00000360025,0.037037037037037
HALLMARK_TNFA_SIGNALING_VIA_NFKB,GADD45B,9606.ENSP00000215631,0.037037037037037
HALLMARK_TNFA_SIGNALING_VIA_NFKB,IFIH1,9606.ENSP00000497271,0.037037037037037
HALLMARK_TNFA_SIGNALING_VIA_NFKB,IL6ST,9606.ENSP00000370698,0.037037037037037
HALLMARK_TNFA_SIGNALING_VIA_NFKB,MAP3K8,9606.ENSP00000263056,0.037037037037037
HALLMARK_TNFA_SIGNALING_VIA_NFKB,PLAUR,9606.ENSP00000339328,0.037037037037037
HALLMARK_TNFA_SIGNALING_VIA_NFKB,TRIB1,9606.ENSP00000312150,0.037037037037037
HALLMARK_TNFA_SIGNALING_VIA_NFKB,ZC3H12A,9606.ENSP00000362179,0.037037037037037
HALLMARK_TNFA_SIGNALING_VIA_NFKB,CD83,9606.ENSP00000368450,0.0296296296296296
HALLMARK_TNFA_SIGNALING_VIA_NFKB,KLF2,9606.ENSP00000248071,0.0296296296296296
HALLMARK_TNFA_SIGNALING_VIA_NFKB,KLF4,9606.ENSP00000363804,0.0296296296296296
HALLMARK_TNFA_SIGNALING_VIA_NFKB,KLF6,9606.ENSP00000419923,0.0296296296296296
HALLMARK_TNFA_SIGNALING_VIA_NFKB,MAFF,9606.ENSP00000442060,0.0296296296296296
HALLMARK_TNFA_SIGNALING_VIA_NFKB,NR4A3,9606.ENSP00000482027,0.0296296296296296
HALLMARK_TNFA_SIGNALING_VIA_NFKB,PPP1R15A,9606.ENSP00000200453,0.0296296296296296
HALLMARK_TNFA_SIGNALING_VIA_NFKB,TNIP1,9606.ENSP00000317891,0.0296296296296296
HALLMARK_TNFA_SIGNALING_VIA_NFKB,ACKR3,9606.ENSP00000272928,0.0222222222222222
HALLMARK_TNFA_SIGNALING_VIA_NFKB,BCL2A1,9606.ENSP00000267953,0.0222222222222222
HALLMARK_TNFA_SIGNALING_VIA_NFKB,BTG2,9606.ENSP00000290551,0.0222222222222222
HALLMARK_TNFA_SIGNALING_VIA_NFKB,CCN1,9606.ENSP00000398736,0.0222222222222222
HALLMARK_TNFA_SIGNALING_VIA_NFKB,HBEGF,9606.ENSP00000230990,0.0222222222222222
HALLMARK_TNFA_SIGNALING_VIA_NFKB,ID2,9606.ENSP00000234091,0.0222222222222222
HALLMARK_TNFA_SIGNALING_VIA_NFKB,IL23A,9606.ENSP00000228534,0.0222222222222222
HALLMARK_TNFA_SIGNALING_VIA_NFKB,KDM6B,9606.ENSP00000254846,0.0222222222222222
HALLMARK_TNFA_SIGNALING_VIA_NFKB,NFIL3,9606.ENSP00000297689,0.0222222222222222
HALLMARK_TNFA_SIGNALING_VIA_NFKB,SOD2,9606.ENSP00000446252,0.0222222222222222
HALLMARK_TNFA_SIGNALING_VIA_NFKB,TNFSF9,9606.ENSP00000245817,0.0222222222222222
HALLMARK_TNFA_SIGNALING_VIA_NFKB,AREG,9606.ENSP00000379097,0.0148148148148148
HALLMARK_TNFA_SIGNALING_VIA_NFKB,BHLHE40,9606.ENSP00000256495,0.0148148148148148
HALLMARK_TNFA_SIGNALING_VIA_NFKB,ETS2,9606.ENSP00000353344,0.0148148148148148
HALLMARK_TNFA_SIGNALING_VIA_NFKB,F2RL1,9606.ENSP00000296677,0.0148148148148148
HALLMARK_TNFA_SIGNALING_VIA_NFKB,IFIT2,9606.ENSP00000490935,0.0148148148148148
HALLMARK_TNFA_SIGNALING_VIA_NFKB,IL15RA,9606.ENSP00000380421,0.0148148148148148
HALLMARK_TNFA_SIGNALING_VIA_NFKB,JAG1,9606.ENSP00000254958,0.0148148148148148
HALLMARK_TNFA_SIGNALING_VIA_NFKB,MAP2K3,9606.ENSP00000345083,0.0148148148148148
HALLMARK_TNFA_SIGNALING_VIA_NFKB,PTX3,9606.ENSP00000295927,0.0148148148148148
HALLMARK_TNFA_SIGNALING_VIA_NFKB,SDC4,9606.ENSP00000361818,0.0148148148148148
HALLMARK_TNFA_SIGNALING_VIA_NFKB,SPHK1,9606.ENSP00000313681,0.0148148148148148
HALLMARK_TNFA_SIGNALING_VIA_NFKB,B4GALT1,9606.ENSP00000369055,0.0074074074074074
HALLMARK_TNFA_SIGNALING_VIA_NFKB,BMP2,9606.ENSP00000368104,0.0074074074074074
HALLMARK_TNFA_SIGNALING_VIA_NFKB,CLCF1,9606.ENSP00000309338,0.0074074074074074
HALLMARK_TNFA_SIGNALING_VIA_NFKB,DUSP5,9606.ENSP00000358596,0.0074074074074074
HALLMARK_TNFA_SIGNALING_VIA_NFKB,FUT4,9606.ENSP00000351602,0.0074074074074074
HALLMARK_TNFA_SIGNALING_VIA_NFKB,GPR183,9606.ENSP00000365596,0.0074074074074074
HALLMARK_TNFA_SIGNALING_VIA_NFKB,HES1,9606.ENSP00000232424,0.0074074074074074
HALLMARK_TNFA_SIGNALING_VIA_NFKB,IER3,9606.ENSP00000259874,0.0074074074074074
HALLMARK_TNFA_SIGNALING_VIA_NFKB,IFNGR2,9606.ENSP00000371425,0.0074074074074074
HALLMARK_TNFA_SIGNALING_VIA_NFKB,INHBA,9606.ENSP00000242208,0.0074074074074074
HALLMARK_TNFA_SIGNALING_VIA_NFKB,IRS2,9606.ENSP00000365016,0.0074074074074074
HALLMARK_TNFA_SIGNALING_VIA_NFKB,LAMB3,9606.ENSP00000375778,0.0074074074074074
HALLMARK_TNFA_SIGNALING_VIA_NFKB,MXD1,9606.ENSP00000264444,0.0074074074074074
HALLMARK_TNFA_SIGNALING_VIA_NFKB,NAMPT,9606.ENSP00000222553,0.0074074074074074
HALLMARK_TNFA_SIGNALING_VIA_NFKB,NFAT5,9606.ENSP00000338806,0.0074074074074074
HALLMARK_TNFA_SIGNALING_VIA_NFKB,PER1,9606.ENSP00000314420,0.0074074074074074
HALLMARK_TNFA_SIGNALING_VIA_NFKB,PFKFB3,9606.ENSP00000492001,0.0074074074074074
HALLMARK_TNFA_SIGNALING_VIA_NFKB,PLPP3,9606.ENSP00000360296,0.0074074074074074
HALLMARK_TNFA_SIGNALING_VIA_NFKB,PMEPA1,9606.ENSP00000345826,0.0074074074074074
HALLMARK_TNFA_SIGNALING_VIA_NFKB,PTGER4,9606.ENSP00000302846,0.0074074074074074
HALLMARK_TNFA_SIGNALING_VIA_NFKB,SAT1,9606.ENSP00000368572,0.0074074074074074
HALLMARK_TNFA_SIGNALING_VIA_NFKB,SIK1,9606.ENSP00000270162,0.0074074074074074
HALLMARK_TNFA_SIGNALING_VIA_NFKB,SLC2A3,9606.ENSP00000075120,0.0074074074074074
HALLMARK_TNFA_SIGNALING_VIA_NFKB,TAP1,9606.ENSP00000346206,0.0074074074074074
HALLMARK_TNFA_SIGNALING_VIA_NFKB,TGIF1,9606.ENSP00000327959,0.0074074074074074
HALLMARK_TNFA_SIGNALING_VIA_NFKB,TNC,9606.ENSP00000265131,0.0074074074074074
HALLMARK_UNFOLDED_PROTEIN_RESPONSE,XBP1,9606.ENSP00000216037,0.391752577319588
HALLMARK_UNFOLDED_PROTEIN_RESPONSE,HSPA5,9606.ENSP00000324173,0.195876288659794
HALLMARK_UNFOLDED_PROTEIN_RESPONSE,ATF6,9606.ENSP00000356919,0.185567010309278
HALLMARK_UNFOLDED_PROTEIN_RESPONSE,EIF2S1,9606.ENSP00000256383,0.185567010309278
HALLMARK_UNFOLDED_PROTEIN_RESPONSE,NOP56,9606.ENSP00000370589,0.175257731958763
HALLMARK_UNFOLDED_PROTEIN_RESPONSE,NOP14,9606.ENSP00000405068,0.154639175257732
HALLMARK_UNFOLDED_PROTEIN_RESPONSE,EXOSC4,9606.ENSP00000315476,0.144329896907216
HALLMARK_UNFOLDED_PROTEIN_RESPONSE,IMP3,9606.ENSP00000326981,0.144329896907216
HALLMARK_UNFOLDED_PROTEIN_RESPONSE,MTREX,9606.ENSP00000230640,0.144329896907216
HALLMARK_UNFOLDED_PROTEIN_RESPONSE,RRP9,9606.ENSP00000232888,0.144329896907216
HALLMARK_UNFOLDED_PROTEIN_RESPONSE,HSP90B1,9606.ENSP00000299767,0.134020618556701
HALLMARK_UNFOLDED_PROTEIN_RESPONSE,ATF4,9606.ENSP00000336790,0.123711340206186
HALLMARK_UNFOLDED_PROTEIN_RESPONSE,ERN1,9606.ENSP00000401445,0.123711340206186
HALLMARK_UNFOLDED_PROTEIN_RESPONSE,EXOSC10,9606.ENSP00000366135,0.123711340206186
HALLMARK_UNFOLDED_PROTEIN_RESPONSE,EXOSC5,9606.ENSP00000221233,0.123711340206186
HALLMARK_UNFOLDED_PROTEIN_RESPONSE,RPS14,9606.ENSP00000385958,0.123711340206186
HALLMARK_UNFOLDED_PROTEIN_RESPONSE,DNAJC3,9606.ENSP00000473631,0.11340206185567
HALLMARK_UNFOLDED_PROTEIN_RESPONSE,EXOSC1,9606.ENSP00000359939,0.11340206185567
HALLMARK_UNFOLDED_PROTEIN_RESPONSE,EXOSC2,9606.ENSP00000361433,0.11340206185567
HALLMARK_UNFOLDED_PROTEIN_RESPONSE,EDEM1,9606.ENSP00000256497,0.103092783505155
HALLMARK_UNFOLDED_PROTEIN_RESPONSE,EIF2AK3,9606.ENSP00000307235,0.103092783505155
HALLMARK_UNFOLDED_PROTEIN_RESPONSE,EIF4A1,9606.ENSP00000293831,0.103092783505155
HALLMARK_UNFOLDED_PROTEIN_RESPONSE,EXOSC9,9606.ENSP00000368984,0.103092783505155
HALLMARK_UNFOLDED_PROTEIN_RESPONSE,CALR,9606.ENSP00000320866,0.0927835051546392
HALLMARK_UNFOLDED_PROTEIN_RESPONSE,DCP2,9606.ENSP00000373715,0.0927835051546392
HALLMARK_UNFOLDED_PROTEIN_RESPONSE,DNAJB9,9606.ENSP00000249356,0.0927835051546392
HALLMARK_UNFOLDED_PROTEIN_RESPONSE,NHP2,9606.ENSP00000274606,0.0927835051546392
HALLMARK_UNFOLDED_PROTEIN_RESPONSE,PDIA6,9606.ENSP00000385385,0.0927835051546392
HALLMARK_UNFOLDED_PROTEIN_RESPONSE,ATF3,9606.ENSP00000344352,0.0824742268041237
HALLMARK_UNFOLDED_PROTEIN_RESPONSE,EEF2,9606.ENSP00000307940,0.0824742268041237
HALLMARK_UNFOLDED_PROTEIN_RESPONSE,EIF4A2,9606.ENSP00000326381,0.0824742268041237
HALLMARK_UNFOLDED_PROTEIN_RESPONSE,EIF4E,9606.ENSP00000425561,0.0824742268041237
HALLMARK_UNFOLDED_PROTEIN_RESPONSE,EIF4G1,9606.ENSP00000416255,0.0824742268041237
HALLMARK_UNFOLDED_PROTEIN_RESPONSE,HSPA9,9606.ENSP00000297185,0.0824742268041237
HALLMARK_UNFOLDED_PROTEIN_RESPONSE,HYOU1,9606.ENSP00000480150,0.0824742268041237
HALLMARK_UNFOLDED_PROTEIN_RESPONSE,DKC1,9606.ENSP00000358563,0.0721649484536082
HALLMARK_UNFOLDED_PROTEIN_RESPONSE,ERO1A,9606.ENSP00000379042,0.0721649484536082
HALLMARK_UNFOLDED_PROTEIN_RESPONSE,PARN,9606.ENSP00000387911,0.0721649484536082
HALLMARK_UNFOLDED_PROTEIN_RESPONSE,DDX10,9606.ENSP00000314348,0.0618556701030928
HALLMARK_UNFOLDED_PROTEIN_RESPONSE,EIF4A3,9606.ENSP00000497641,0.0618556701030928
HALLMARK_UNFOLDED_PROTEIN_RESPONSE,NPM1,9606.ENSP00000296930,0.0618556701030928
HALLMARK_UNFOLDED_PROTEIN_RESPONSE,CEBPB,9606.ENSP00000305422,0.0515463917525773
HALLMARK_UNFOLDED_PROTEIN_RESPONSE,CNOT2,9606.ENSP00000229195,0.0515463917525773
HALLMARK_UNFOLDED_PROTEIN_RESPONSE,EDC4,9606.ENSP00000351811,0.0515463917525773
HALLMARK_UNFOLDED_PROTEIN_RESPONSE,HERPUD1,9606.ENSP00000409555,0.0515463917525773
HALLMARK_UNFOLDED_PROTEIN_RESPONSE,LSM1,9606.ENSP00000310596,0.0515463917525773
HALLMARK_UNFOLDED_PROTEIN_RESPONSE,EIF4EBP1,9606.ENSP00000340691,0.0412371134020619
HALLMARK_UNFOLDED_PROTEIN_RESPONSE,KHSRP,9606.ENSP00000381216,0.0412371134020619
HALLMARK_UNFOLDED_PROTEIN_RESPONSE,KIF5B,9606.ENSP00000307078,0.0412371134020619
HALLMARK_UNFOLDED_PROTEIN_RESPONSE,NOLC1,9606.ENSP00000385410,0.0412371134020619
HALLMARK_UNFOLDED_PROTEIN_RESPONSE,PAIP1,9606.ENSP00000302768,0.0412371134020619
HALLMARK_UNFOLDED_PROTEIN_RESPONSE,SDAD1,9606.ENSP00000348596,0.0412371134020619
HALLMARK_UNFOLDED_PROTEIN_RESPONSE,SEC31A,9606.ENSP00000378721,0.0412371134020619
HALLMARK_UNFOLDED_PROTEIN_RESPONSE,SSR1,9606.ENSP00000244763,0.0412371134020619
HALLMARK_UNFOLDED_PROTEIN_RESPONSE,CEBPG,9606.ENSP00000466022,0.0309278350515464
HALLMARK_UNFOLDED_PROTEIN_RESPONSE,CNOT4,9606.ENSP00000445508,0.0309278350515464
HALLMARK_UNFOLDED_PROTEIN_RESPONSE,DCP1A,9606.ENSP00000476386,0.0309278350515464
HALLMARK_UNFOLDED_PROTEIN_RESPONSE,DCTN1,9606.ENSP00000354791,0.0309278350515464
HALLMARK_UNFOLDED_PROTEIN_RESPONSE,LSM4,9606.ENSP00000469468,0.0309278350515464
HALLMARK_UNFOLDED_PROTEIN_RESPONSE,PREB,9606.ENSP00000260643,0.0309278350515464
HALLMARK_UNFOLDED_PROTEIN_RESPONSE,SRPRA,9606.ENSP00000328023,0.0309278350515464
HALLMARK_UNFOLDED_PROTEIN_RESPONSE,SRPRB,9606.ENSP00000418401,0.0309278350515464
HALLMARK_UNFOLDED_PROTEIN_RESPONSE,YWHAZ,9606.ENSP00000379287,0.0309278350515464
HALLMARK_UNFOLDED_PROTEIN_RESPONSE,ALDH18A1,9606.ENSP00000360268,0.0206185567010309
HALLMARK_UNFOLDED_PROTEIN_RESPONSE,ARFGAP1,9606.ENSP00000314615,0.0206185567010309
HALLMARK_UNFOLDED_PROTEIN_RESPONSE,BAG3,9606.ENSP00000358081,0.0206185567010309
HALLMARK_UNFOLDED_PROTEIN_RESPONSE,CCL2,9606.ENSP00000225831,0.0206185567010309
HALLMARK_UNFOLDED_PROTEIN_RESPONSE,CHAC1,9606.ENSP00000484644,0.0206185567010309
HALLMARK_UNFOLDED_PROTEIN_RESPONSE,CNOT6,9606.ENSP00000481893,0.0206185567010309
HALLMARK_UNFOLDED_PROTEIN_RESPONSE,DNAJA4,9606.ENSP00000378324,0.0206185567010309
HALLMARK_UNFOLDED_PROTEIN_RESPONSE,FUS,9606.ENSP00000254108,0.0206185567010309
HALLMARK_UNFOLDED_PROTEIN_RESPONSE,GOSR2,9606.ENSP00000461784,0.0206185567010309
HALLMARK_UNFOLDED_PROTEIN_RESPONSE,MTHFD2,9606.ENSP00000377617,0.0206185567010309
HALLMARK_UNFOLDED_PROTEIN_RESPONSE,NFYA,9606.ENSP00000345702,0.0206185567010309
HALLMARK_UNFOLDED_PROTEIN_RESPONSE,PDIA5,9606.ENSP00000323313,0.0206185567010309
HALLMARK_UNFOLDED_PROTEIN_RESPONSE,PSAT1,9606.ENSP00000365773,0.0206185567010309
HALLMARK_UNFOLDED_PROTEIN_RESPONSE,SHC1,9606.ENSP00000401303,0.0206185567010309
HALLMARK_UNFOLDED_PROTEIN_RESPONSE,SPCS1,9606.ENSP00000233025,0.0206185567010309
HALLMARK_UNFOLDED_PROTEIN_RESPONSE,SPCS3,9606.ENSP00000427463,0.0206185567010309
HALLMARK_UNFOLDED_PROTEIN_RESPONSE,TARS1,9606.ENSP00000387710,0.0206185567010309
HALLMARK_UNFOLDED_PROTEIN_RESPONSE,WFS1,9606.ENSP00000226760,0.0206185567010309
HALLMARK_UNFOLDED_PROTEIN_RESPONSE,ATP6V0D1,9606.ENSP00000290949,0.0103092783505155
HALLMARK_UNFOLDED_PROTEIN_RESPONSE,CXXC1,9606.ENSP00000390475,0.0103092783505155
HALLMARK_UNFOLDED_PROTEIN_RESPONSE,DDIT4,9606.ENSP00000307305,0.0103092783505155
HALLMARK_UNFOLDED_PROTEIN_RESPONSE,FKBP14,9606.ENSP00000222803,0.0103092783505155
HALLMARK_UNFOLDED_PROTEIN_RESPONSE,IARS1,9606.ENSP00000364794,0.0103092783505155
HALLMARK_UNFOLDED_PROTEIN_RESPONSE,IFIT1,9606.ENSP00000360869,0.0103092783505155
HALLMARK_UNFOLDED_PROTEIN_RESPONSE,KDELR3,9606.ENSP00000386918,0.0103092783505155
HALLMARK_UNFOLDED_PROTEIN_RESPONSE,NFYB,9606.ENSP00000240055,0.0103092783505155
HALLMARK_UNFOLDED_PROTEIN_RESPONSE,POP4,9606.ENSP00000465213,0.0103092783505155
HALLMARK_UNFOLDED_PROTEIN_RESPONSE,SEC11A,9606.ENSP00000452697,0.0103092783505155
HALLMARK_UNFOLDED_PROTEIN_RESPONSE,SERP1,9606.ENSP00000420076,0.0103092783505155
HALLMARK_UNFOLDED_PROTEIN_RESPONSE,TATDN2,9606.ENSP00000287652,0.0103092783505155
HALLMARK_UNFOLDED_PROTEIN_RESPONSE,TSPYL2,9606.ENSP00000364591,0.0103092783505155
HALLMARK_UNFOLDED_PROTEIN_RESPONSE,TUBB2A,9606.ENSP00000369703,0.0103092783505155
HALLMARK_UNFOLDED_PROTEIN_RESPONSE,WIPI1,9606.ENSP00000262139,0.0103092783505155
HALLMARK_UNFOLDED_PROTEIN_RESPONSE,YIF1A,9606.ENSP00000366098,0.0103092783505155
HALLMARK_UNFOLDED_PROTEIN_RESPONSE,ZBTB17,9606.ENSP00000364885,0.0103092783505155
HALLMARK_UV_RESPONSE_DN,PTEN,9606.ENSP00000361021,0.318840579710145
HALLMARK_UV_RESPONSE_DN,CAV1,9606.ENSP00000339191,0.188405797101449
HALLMARK_UV_RESPONSE_DN,SMAD3,9606.ENSP00000332973,0.188405797101449
HALLMARK_UV_RESPONSE_DN,ERBB2,9606.ENSP00000269571,0.173913043478261
HALLMARK_UV_RESPONSE_DN,IRS1,9606.ENSP00000304895,0.173913043478261
HALLMARK_UV_RESPONSE_DN,PIK3CD,9606.ENSP00000366563,0.173913043478261
HALLMARK_UV_RESPONSE_DN,PIK3R3,9606.ENSP00000262741,0.173913043478261
HALLMARK_UV_RESPONSE_DN,FYN,9606.ENSP00000346671,0.130434782608696
HALLMARK_UV_RESPONSE_DN,KIT,9606.ENSP00000288135,0.130434782608696
HALLMARK_UV_RESPONSE_DN,MYC,9606.ENSP00000478887,0.130434782608696
HALLMARK_UV_RESPONSE_DN,COL1A1,9606.ENSP00000225964,0.115942028985507
HALLMARK_UV_RESPONSE_DN,COL1A2,9606.ENSP00000297268,0.115942028985507
HALLMARK_UV_RESPONSE_DN,IGF1R,9606.ENSP00000497069,0.115942028985507
HALLMARK_UV_RESPONSE_DN,PDGFRB,9606.ENSP00000261799,0.115942028985507
HALLMARK_UV_RESPONSE_DN,PPARG,9606.ENSP00000287820,0.115942028985507
HALLMARK_UV_RESPONSE_DN,SERPINE1,9606.ENSP00000223095,0.115942028985507
HALLMARK_UV_RESPONSE_DN,COL3A1,9606.ENSP00000304408,0.101449275362319
HALLMARK_UV_RESPONSE_DN,ITGB3,9606.ENSP00000452786,0.101449275362319
HALLMARK_UV_RESPONSE_DN,NFKB1,9606.ENSP00000226574,0.101449275362319
HALLMARK_UV_RESPONSE_DN,PRKCA,9606.ENSP00000408695,0.101449275362319
HALLMARK_UV_RESPONSE_DN,TGFBR2,9606.ENSP00000351905,0.101449275362319
HALLMARK_UV_RESPONSE_DN,MAPK14,9606.ENSP00000229795,0.0869565217391304
HALLMARK_UV_RESPONSE_DN,AKT3,9606.ENSP00000500582,0.072463768115942
HALLMARK_UV_RESPONSE_DN,BMPR1A,9606.ENSP00000361107,0.072463768115942
HALLMARK_UV_RESPONSE_DN,CDKN1B,9606.ENSP00000228872,0.072463768115942
HALLMARK_UV_RESPONSE_DN,MET,9606.ENSP00000317272,0.072463768115942
HALLMARK_UV_RESPONSE_DN,SMAD7,9606.ENSP00000262158,0.072463768115942
HALLMARK_UV_RESPONSE_DN,ACVR2A,9606.ENSP00000241416,0.0579710144927536
HALLMARK_UV_RESPONSE_DN,COL11A1,9606.ENSP00000359114,0.0579710144927536
HALLMARK_UV_RESPONSE_DN,COL5A2,9606.ENSP00000364000,0.0579710144927536
HALLMARK_UV_RESPONSE_DN,SYNJ2,9606.ENSP00000347792,0.0579710144927536
HALLMARK_UV_RESPONSE_DN,ANXA2,9606.ENSP00000346032,0.0434782608695652
HALLMARK_UV_RESPONSE_DN,DAB2,9606.ENSP00000313391,0.0434782608695652
HALLMARK_UV_RESPONSE_DN,GJA1,9606.ENSP00000282561,0.0434782608695652
HALLMARK_UV_RESPONSE_DN,IGFBP5,9606.ENSP00000233813,0.0434782608695652
HALLMARK_UV_RESPONSE_DN,INPP4B,9606.ENSP00000422793,0.0434782608695652
HALLMARK_UV_RESPONSE_DN,LAMC1,9606.ENSP00000258341,0.0434782608695652
HALLMARK_UV_RESPONSE_DN,PLCB4,9606.ENSP00000367762,0.0434782608695652
HALLMARK_UV_RESPONSE_DN,PRKCE,9606.ENSP00000306124,0.0434782608695652
HALLMARK_UV_RESPONSE_DN,RUNX1,9606.ENSP00000300305,0.0434782608695652
HALLMARK_UV_RESPONSE_DN,ATRX,9606.ENSP00000362441,0.0289855072463768
HALLMARK_UV_RESPONSE_DN,BHLHE40,9606.ENSP00000256495,0.0289855072463768
HALLMARK_UV_RESPONSE_DN,DLG1,9606.ENSP00000345731,0.0289855072463768
HALLMARK_UV_RESPONSE_DN,F3,9606.ENSP00000334145,0.0289855072463768
HALLMARK_UV_RESPONSE_DN,FBLN5,9606.ENSP00000345008,0.0289855072463768
HALLMARK_UV_RESPONSE_DN,FHL2,9606.ENSP00000386892,0.0289855072463768
HALLMARK_UV_RESPONSE_DN,MGMT,9606.ENSP00000302111,0.0289855072463768
HALLMARK_UV_RESPONSE_DN,NR3C1,9606.ENSP00000231509,0.0289855072463768
HALLMARK_UV_RESPONSE_DN,NRP1,9606.ENSP00000265371,0.0289855072463768
HALLMARK_UV_RESPONSE_DN,RXRA,9606.ENSP00000419692,0.0289855072463768
HALLMARK_UV_RESPONSE_DN,SNAI2,9606.ENSP00000020945,0.0289855072463768
HALLMARK_UV_RESPONSE_DN,SPOP,9606.ENSP00000377001,0.0289855072463768
HALLMARK_UV_RESPONSE_DN,TFPI,9606.ENSP00000233156,0.0289855072463768
HALLMARK_UV_RESPONSE_DN,TGFBR3,9606.ENSP00000212355,0.0289855072463768
HALLMARK_UV_RESPONSE_DN,TJP1,9606.ENSP00000348416,0.0289855072463768
HALLMARK_UV_RESPONSE_DN,VAV2,9606.ENSP00000360916,0.0289855072463768
HALLMARK_UV_RESPONSE_DN,ADD3,9606.ENSP00000348381,0.0144927536231884
HALLMARK_UV_RESPONSE_DN,AMPH,9606.ENSP00000348602,0.0144927536231884
HALLMARK_UV_RESPONSE_DN,ATXN1,9606.ENSP00000244769,0.0144927536231884
HALLMARK_UV_RESPONSE_DN,DLC1,9606.ENSP00000276297,0.0144927536231884
HALLMARK_UV_RESPONSE_DN,DUSP1,9606.ENSP00000239223,0.0144927536231884
HALLMARK_UV_RESPONSE_DN,LDLR,9606.ENSP00000454071,0.0144927536231884
HALLMARK_UV_RESPONSE_DN,MAGI2,9606.ENSP00000346151,0.0144927536231884
HALLMARK_UV_RESPONSE_DN,NIPBL,9606.ENSP00000282516,0.0144927536231884
HALLMARK_UV_RESPONSE_DN,NR1D2,9606.ENSP00000310006,0.0144927536231884
HALLMARK_UV_RESPONSE_DN,PDLIM5,9606.ENSP00000480359,0.0144927536231884
HALLMARK_UV_RESPONSE_DN,PHF3,9606.ENSP00000262043,0.0144927536231884
HALLMARK_UV_RESPONSE_DN,RBPMS,9606.ENSP00000340176,0.0144927536231884
HALLMARK_UV_RESPONSE_DN,RND3,9606.ENSP00000364886,0.0144927536231884
HALLMARK_UV_RESPONSE_DN,VLDLR,9606.ENSP00000371532,0.0144927536231884
HALLMARK_UV_RESPONSE_UP,CASP3,9606.ENSP00000311032,0.116279069767442
HALLMARK_UV_RESPONSE_UP,FOS,9606.ENSP00000306245,0.116279069767442
HALLMARK_UV_RESPONSE_UP,IL6,9606.ENSP00000385675,0.116279069767442
HALLMARK_UV_RESPONSE_UP,CDK2,9606.ENSP00000266970,0.104651162790698
HALLMARK_UV_RESPONSE_UP,NFKBIA,9606.ENSP00000216797,0.104651162790698
HALLMARK_UV_RESPONSE_UP,ATF3,9606.ENSP00000344352,0.0697674418604651
HALLMARK_UV_RESPONSE_UP,DNAJB1,9606.ENSP00000254322,0.0697674418604651
HALLMARK_UV_RESPONSE_UP,NR4A1,9606.ENSP00000440864,0.0697674418604651
HALLMARK_UV_RESPONSE_UP,BAK1,9606.ENSP00000363591,0.0581395348837209
HALLMARK_UV_RESPONSE_UP,HSPA2,9606.ENSP00000378199,0.0581395348837209
HALLMARK_UV_RESPONSE_UP,SOD2,9606.ENSP00000446252,0.0581395348837209
HALLMARK_UV_RESPONSE_UP,STIP1,9606.ENSP00000351646,0.0581395348837209
HALLMARK_UV_RESPONSE_UP,BID,9606.ENSP00000318822,0.0465116279069767
HALLMARK_UV_RESPONSE_UP,CDKN1C,9606.ENSP00000413720,0.0465116279069767
HALLMARK_UV_RESPONSE_UP,FEN1,9606.ENSP00000305480,0.0465116279069767
HALLMARK_UV_RESPONSE_UP,FOSB,9606.ENSP00000245919,0.0465116279069767
HALLMARK_UV_RESPONSE_UP,GPX3,9606.ENSP00000373477,0.0465116279069767
HALLMARK_UV_RESPONSE_UP,HMOX1,9606.ENSP00000216117,0.0465116279069767
HALLMARK_UV_RESPONSE_UP,BCL2L11,9606.ENSP00000376943,0.0348837209302326
HALLMARK_UV_RESPONSE_UP,BMP2,9606.ENSP00000368104,0.0348837209302326
HALLMARK_UV_RESPONSE_UP,CCND3,9606.ENSP00000362082,0.0348837209302326
HALLMARK_UV_RESPONSE_UP,CCNE1,9606.ENSP00000262643,0.0348837209302326
HALLMARK_UV_RESPONSE_UP,CDKN2B,9606.ENSP00000276925,0.0348837209302326
HALLMARK_UV_RESPONSE_UP,DNAJA1,9606.ENSP00000369127,0.0348837209302326
HALLMARK_UV_RESPONSE_UP,FKBP4,9606.ENSP00000001008,0.0348837209302326
HALLMARK_UV_RESPONSE_UP,ICAM1,9606.ENSP00000264832,0.0348837209302326
HALLMARK_UV_RESPONSE_UP,JUNB,9606.ENSP00000303315,0.0348837209302326
HALLMARK_UV_RESPONSE_UP,PARP2,9606.ENSP00000250416,0.0348837209302326
HALLMARK_UV_RESPONSE_UP,POLE3,9606.ENSP00000363286,0.0348837209302326
HALLMARK_UV_RESPONSE_UP,PPIF,9606.ENSP00000225174,0.0348837209302326
HALLMARK_UV_RESPONSE_UP,PRKACA,9606.ENSP00000309591,0.0348837209302326
HALLMARK_UV_RESPONSE_UP,SLC25A4,9606.ENSP00000281456,0.0348837209302326
HALLMARK_UV_RESPONSE_UP,CEBPG,9606.ENSP00000466022,0.0232558139534884
HALLMARK_UV_RESPONSE_UP,CXCL2,9606.ENSP00000427279,0.0232558139534884
HALLMARK_UV_RESPONSE_UP,E2F5,9606.ENSP00000398124,0.0232558139534884
HALLMARK_UV_RESPONSE_UP,FGF18,9606.ENSP00000274625,0.0232558139534884
HALLMARK_UV_RESPONSE_UP,GRPEL1,9606.ENSP00000264954,0.0232558139534884
HALLMARK_UV_RESPONSE_UP,H2AX,9606.ENSP00000434024,0.0232558139534884
HALLMARK_UV_RESPONSE_UP,HSPA13,9606.ENSP00000285667,0.0232558139534884
HALLMARK_UV_RESPONSE_UP,IRF1,9606.ENSP00000245414,0.0232558139534884
HALLMARK_UV_RESPONSE_UP,MMP14,9606.ENSP00000308208,0.0232558139534884
HALLMARK_UV_RESPONSE_UP,MSX1,9606.ENSP00000372170,0.0232558139534884
HALLMARK_UV_RESPONSE_UP,POLG2,9606.ENSP00000442563,0.0232558139534884
HALLMARK_UV_RESPONSE_UP,RFC4,9606.ENSP00000376272,0.0232558139534884
HALLMARK_UV_RESPONSE_UP,SQSTM1,9606.ENSP00000374455,0.0232558139534884
HALLMARK_UV_RESPONSE_UP,TAP1,9606.ENSP00000346206,0.0232558139534884
HALLMARK_UV_RESPONSE_UP,TMBIM6,9606.ENSP00000389277,0.0232558139534884
HALLMARK_UV_RESPONSE_UP,ALAS1,9606.ENSP00000378416,0.0116279069767442
HALLMARK_UV_RESPONSE_UP,AP2S1,9606.ENSP00000470176,0.0116279069767442
HALLMARK_UV_RESPONSE_UP,ARRB2,9606.ENSP00000403701,0.0116279069767442
HALLMARK_UV_RESPONSE_UP,BSG,9606.ENSP00000333769,0.0116279069767442
HALLMARK_UV_RESPONSE_UP,BTG2,9606.ENSP00000290551,0.0116279069767442
HALLMARK_UV_RESPONSE_UP,CDC34,9606.ENSP00000215574,0.0116279069767442
HALLMARK_UV_RESPONSE_UP,CDC5L,9606.ENSP00000360532,0.0116279069767442
HALLMARK_UV_RESPONSE_UP,CHKA,9606.ENSP00000265689,0.0116279069767442
HALLMARK_UV_RESPONSE_UP,CLTB,9606.ENSP00000309415,0.0116279069767442
HALLMARK_UV_RESPONSE_UP,COL2A1,9606.ENSP00000369889,0.0116279069767442
HALLMARK_UV_RESPONSE_UP,CTSV,9606.ENSP00000259470,0.0116279069767442
HALLMARK_UV_RESPONSE_UP,CYB5B,9606.ENSP00000308430,0.0116279069767442
HALLMARK_UV_RESPONSE_UP,CYB5R1,9606.ENSP00000356218,0.0116279069767442
HALLMARK_UV_RESPONSE_UP,DDX21,9606.ENSP00000346120,0.0116279069767442
HALLMARK_UV_RESPONSE_UP,DGAT1,9606.ENSP00000482264,0.0116279069767442
HALLMARK_UV_RESPONSE_UP,EIF2S3,9606.ENSP00000253039,0.0116279069767442
HALLMARK_UV_RESPONSE_UP,EIF5,9606.ENSP00000216554,0.0116279069767442
HALLMARK_UV_RESPONSE_UP,FURIN,9606.ENSP00000483552,0.0116279069767442
HALLMARK_UV_RESPONSE_UP,GCH1,9606.ENSP00000477796,0.0116279069767442
HALLMARK_UV_RESPONSE_UP,GLS,9606.ENSP00000317379,0.0116279069767442
HALLMARK_UV_RESPONSE_UP,GRINA,9606.ENSP00000314380,0.0116279069767442
HALLMARK_UV_RESPONSE_UP,HLA-F,9606.ENSP00000259951,0.0116279069767442
HALLMARK_UV_RESPONSE_UP,HNRNPU,9606.ENSP00000491215,0.0116279069767442
HALLMARK_UV_RESPONSE_UP,IL6ST,9606.ENSP00000370698,0.0116279069767442
HALLMARK_UV_RESPONSE_UP,KCNH2,9606.ENSP00000262186,0.0116279069767442
HALLMARK_UV_RESPONSE_UP,LHX2,9606.ENSP00000362717,0.0116279069767442
HALLMARK_UV_RESPONSE_UP,MGAT1,9606.ENSP00000332073,0.0116279069767442
HALLMARK_UV_RESPONSE_UP,MRPL23,9606.ENSP00000380466,0.0116279069767442
HALLMARK_UV_RESPONSE_UP,NPTX2,9606.ENSP00000265634,0.0116279069767442
HALLMARK_UV_RESPONSE_UP,NPTXR,9606.ENSP00000327545,0.0116279069767442
HALLMARK_UV_RESPONSE_UP,NUP58,9606.ENSP00000371155,0.0116279069767442
HALLMARK_UV_RESPONSE_UP,NXF1,9606.ENSP00000436679,0.0116279069767442
HALLMARK_UV_RESPONSE_UP,PPAT,9606.ENSP00000264220,0.0116279069767442
HALLMARK_UV_RESPONSE_UP,PRKCD,9606.ENSP00000331602,0.0116279069767442
HALLMARK_UV_RESPONSE_UP,PRPF3,9606.ENSP00000315379,0.0116279069767442
HALLMARK_UV_RESPONSE_UP,SIGMAR1,9606.ENSP00000277010,0.0116279069767442
HALLMARK_UV_RESPONSE_UP,SPR,9606.ENSP00000234454,0.0116279069767442
HALLMARK_UV_RESPONSE_UP,TGFBRAP1,9606.ENSP00000377027,0.0116279069767442
HALLMARK_UV_RESPONSE_UP,UROD,9606.ENSP00000246337,0.0116279069767442
HALLMARK_UV_RESPONSE_UP,YKT6,9606.ENSP00000223369,0.0116279069767442
HALLMARK_WNT_BETA_CATENIN_SIGNALING,CTNNB1,9606.ENSP00000495360,0.486486486486487
HALLMARK_WNT_BETA_CATENIN_SIGNALING,NOTCH1,9606.ENSP00000498587,0.432432432432432
HALLMARK_WNT_BETA_CATENIN_SIGNALING,RBPJ,9606.ENSP00000345206,0.405405405405405
HALLMARK_WNT_BETA_CATENIN_SIGNALING,TP53,9606.ENSP00000269305,0.351351351351351
HALLMARK_WNT_BETA_CATENIN_SIGNALING,AXIN1,9606.ENSP00000262320,0.324324324324324
HALLMARK_WNT_BETA_CATENIN_SIGNALING,MAML1,9606.ENSP00000292599,0.324324324324324
HALLMARK_WNT_BETA_CATENIN_SIGNALING,NOTCH4,9606.ENSP00000364163,0.324324324324324
HALLMARK_WNT_BETA_CATENIN_SIGNALING,DVL2,9606.ENSP00000005340,0.297297297297297
HALLMARK_WNT_BETA_CATENIN_SIGNALING,JAG1,9606.ENSP00000254958,0.297297297297297
HALLMARK_WNT_BETA_CATENIN_SIGNALING,MYC,9606.ENSP00000478887,0.297297297297297
HALLMARK_WNT_BETA_CATENIN_SIGNALING,HEY1,9606.ENSP00000338272,0.27027027027027
HALLMARK_WNT_BETA_CATENIN_SIGNALING,KAT2A,9606.ENSP00000225916,0.27027027027027
HALLMARK_WNT_BETA_CATENIN_SIGNALING,AXIN2,9606.ENSP00000302625,0.243243243243243
HALLMARK_WNT_BETA_CATENIN_SIGNALING,LEF1,9606.ENSP00000265165,0.243243243243243
HALLMARK_WNT_BETA_CATENIN_SIGNALING,NCOR2,9606.ENSP00000384018,0.243243243243243
HALLMARK_WNT_BETA_CATENIN_SIGNALING,DKK1,9606.ENSP00000363081,0.216216216216216
HALLMARK_WNT_BETA_CATENIN_SIGNALING,DLL1,9606.ENSP00000355718,0.216216216216216
HALLMARK_WNT_BETA_CATENIN_SIGNALING,CUL1,9606.ENSP00000326804,0.189189189189189
HALLMARK_WNT_BETA_CATENIN_SIGNALING,FZD1,9606.ENSP00000287934,0.189189189189189
HALLMARK_WNT_BETA_CATENIN_SIGNALING,FZD8,9606.ENSP00000363826,0.162162162162162
HALLMARK_WNT_BETA_CATENIN_SIGNALING,HEY2,9606.ENSP00000357348,0.162162162162162
HALLMARK_WNT_BETA_CATENIN_SIGNALING,JAG2,9606.ENSP00000328169,0.162162162162162
HALLMARK_WNT_BETA_CATENIN_SIGNALING,HDAC2,9606.ENSP00000430432,0.135135135135135
HALLMARK_WNT_BETA_CATENIN_SIGNALING,CSNK1E,9606.ENSP00000380044,0.108108108108108
HALLMARK_WNT_BETA_CATENIN_SIGNALING,HDAC5,9606.ENSP00000225983,0.108108108108108
HALLMARK_WNT_BETA_CATENIN_SIGNALING,SKP2,9606.ENSP00000274255,0.108108108108108
HALLMARK_WNT_BETA_CATENIN_SIGNALING,TCF7,9606.ENSP00000340347,0.108108108108108
HALLMARK_WNT_BETA_CATENIN_SIGNALING,WNT5B,9606.ENSP00000380379,0.108108108108108
HALLMARK_WNT_BETA_CATENIN_SIGNALING,ADAM17,9606.ENSP00000309968,0.0810810810810811
HALLMARK_WNT_BETA_CATENIN_SIGNALING,FRAT1,9606.ENSP00000360060,0.0810810810810811
HALLMARK_WNT_BETA_CATENIN_SIGNALING,NKD1,9606.ENSP00000268459,0.0810810810810811
HALLMARK_WNT_BETA_CATENIN_SIGNALING,NUMB,9606.ENSP00000451300,0.0810810810810811
HALLMARK_WNT_BETA_CATENIN_SIGNALING,WNT6,9606.ENSP00000233948,0.0810810810810811
HALLMARK_WNT_BETA_CATENIN_SIGNALING,CCND2,9606.ENSP00000261254,0.0540540540540541
HALLMARK_WNT_BETA_CATENIN_SIGNALING,HDAC11,9606.ENSP00000295757,0.0540540540540541
HALLMARK_WNT_BETA_CATENIN_SIGNALING,NCSTN,9606.ENSP00000294785,0.0540540540540541
HALLMARK_WNT_BETA_CATENIN_SIGNALING,PPARD,9606.ENSP00000310928,0.027027027027027
HALLMARK_WNT_BETA_CATENIN_SIGNALING,PTCH1,9606.ENSP00000332353,0.027027027027027
HALLMARK_XENOBIOTIC_METABOLISM,ACOX1,9606.ENSP00000293217,0.108695652173913
HALLMARK_XENOBIOTIC_METABOLISM,GSR,9606.ENSP00000221130,0.0978260869565217
HALLMARK_XENOBIOTIC_METABOLISM,ADH1C,9606.ENSP00000426083,0.0869565217391304
HALLMARK_XENOBIOTIC_METABOLISM,ADH5,9606.ENSP00000296412,0.0869565217391304
HALLMARK_XENOBIOTIC_METABOLISM,ALDH2,9606.ENSP00000261733,0.0760869565217391
HALLMARK_XENOBIOTIC_METABOLISM,AOX1,9606.ENSP00000363832,0.0760869565217391
HALLMARK_XENOBIOTIC_METABOLISM,IDH1,9606.ENSP00000390265,0.0760869565217391
HALLMARK_XENOBIOTIC_METABOLISM,ACOX3,9606.ENSP00000348775,0.0652173913043478
HALLMARK_XENOBIOTIC_METABOLISM,ALDH9A1,9606.ENSP00000346827,0.0652173913043478
HALLMARK_XENOBIOTIC_METABOLISM,GSTO1,9606.ENSP00000358727,0.0652173913043478
HALLMARK_XENOBIOTIC_METABOLISM,MAOA,9606.ENSP00000340684,0.0652173913043478
HALLMARK_XENOBIOTIC_METABOLISM,ACO2,9606.ENSP00000216254,0.0543478260869565
HALLMARK_XENOBIOTIC_METABOLISM,AKR1C3,9606.ENSP00000369927,0.0543478260869565
HALLMARK_XENOBIOTIC_METABOLISM,CYP26A1,9606.ENSP00000224356,0.0543478260869565
HALLMARK_XENOBIOTIC_METABOLISM,HMOX1,9606.ENSP00000216117,0.0543478260869565
HALLMARK_XENOBIOTIC_METABOLISM,IGF1,9606.ENSP00000376637,0.0543478260869565
HALLMARK_XENOBIOTIC_METABOLISM,PC,9606.ENSP00000498994,0.0543478260869565
HALLMARK_XENOBIOTIC_METABOLISM,SHMT2,9606.ENSP00000333667,0.0543478260869565
HALLMARK_XENOBIOTIC_METABOLISM,CBR1,9606.ENSP00000290349,0.0434782608695652
HALLMARK_XENOBIOTIC_METABOLISM,EPHX1,9606.ENSP00000480004,0.0434782608695652
HALLMARK_XENOBIOTIC_METABOLISM,GCLC,9606.ENSP00000497574,0.0434782608695652
HALLMARK_XENOBIOTIC_METABOLISM,GSTM4,9606.ENSP00000358851,0.0434782608695652
HALLMARK_XENOBIOTIC_METABOLISM,NQO1,9606.ENSP00000319788,0.0434782608695652
HALLMARK_XENOBIOTIC_METABOLISM,PTGES,9606.ENSP00000342385,0.0434782608695652
HALLMARK_XENOBIOTIC_METABOLISM,PTGES3,9606.ENSP00000482075,0.0434782608695652
HALLMARK_XENOBIOTIC_METABOLISM,PTS,9606.ENSP00000280362,0.0434782608695652
HALLMARK_XENOBIOTIC_METABOLISM,AHCY,9606.ENSP00000217426,0.0326086956521739
HALLMARK_XENOBIOTIC_METABOLISM,APOE,9606.ENSP00000252486,0.0326086956521739
HALLMARK_XENOBIOTIC_METABOLISM,ASL,9606.ENSP00000307188,0.0326086956521739
HALLMARK_XENOBIOTIC_METABOLISM,CDA,9606.ENSP00000364212,0.0326086956521739
HALLMARK_XENOBIOTIC_METABOLISM,COMT,9606.ENSP00000354511,0.0326086956521739
HALLMARK_XENOBIOTIC_METABOLISM,CYP2S1,9606.ENSP00000308032,0.0326086956521739
HALLMARK_XENOBIOTIC_METABOLISM,ESR1,9606.ENSP00000405330,0.0326086956521739
HALLMARK_XENOBIOTIC_METABOLISM,GART,9606.ENSP00000371253,0.0326086956521739
HALLMARK_XENOBIOTIC_METABOLISM,GNMT,9606.ENSP00000361894,0.0326086956521739
HALLMARK_XENOBIOTIC_METABOLISM,GSS,9606.ENSP00000495750,0.0326086956521739
HALLMARK_XENOBIOTIC_METABOLISM,LCAT,9606.ENSP00000264005,0.0326086956521739
HALLMARK_XENOBIOTIC_METABOLISM,MTHFD1,9606.ENSP00000498336,0.0326086956521739
HALLMARK_XENOBIOTIC_METABOLISM,POR,9606.ENSP00000419970,0.0326086956521739
HALLMARK_XENOBIOTIC_METABOLISM,PPARD,9606.ENSP00000310928,0.0326086956521739
HALLMARK_XENOBIOTIC_METABOLISM,PTGDS,9606.ENSP00000360687,0.0326086956521739
HALLMARK_XENOBIOTIC_METABOLISM,RETSAT,9606.ENSP00000295802,0.0326086956521739
HALLMARK_XENOBIOTIC_METABOLISM,ACOX2,9606.ENSP00000307697,0.0217391304347826
HALLMARK_XENOBIOTIC_METABOLISM,ACP1,9606.ENSP00000272067,0.0217391304347826
HALLMARK_XENOBIOTIC_METABOLISM,ALAS1,9606.ENSP00000378416,0.0217391304347826
HALLMARK_XENOBIOTIC_METABOLISM,BCAT1,9606.ENSP00000443459,0.0217391304347826
HALLMARK_XENOBIOTIC_METABOLISM,CAT,9606.ENSP00000241052,0.0217391304347826
HALLMARK_XENOBIOTIC_METABOLISM,CD36,9606.ENSP00000415743,0.0217391304347826
HALLMARK_XENOBIOTIC_METABOLISM,CDO1,9606.ENSP00000250535,0.0217391304347826
HALLMARK_XENOBIOTIC_METABOLISM,CNDP2,9606.ENSP00000325548,0.0217391304347826
HALLMARK_XENOBIOTIC_METABOLISM,CYB5A,9606.ENSP00000341625,0.0217391304347826
HALLMARK_XENOBIOTIC_METABOLISM,ECH1,9606.ENSP00000221418,0.0217391304347826
HALLMARK_XENOBIOTIC_METABOLISM,EPHA2,9606.ENSP00000351209,0.0217391304347826
HALLMARK_XENOBIOTIC_METABOLISM,GCH1,9606.ENSP00000477796,0.0217391304347826
HALLMARK_XENOBIOTIC_METABOLISM,HACL1,9606.ENSP00000323811,0.0217391304347826
HALLMARK_XENOBIOTIC_METABOLISM,HPRT1,9606.ENSP00000298556,0.0217391304347826
HALLMARK_XENOBIOTIC_METABOLISM,KYNU,9606.ENSP00000264170,0.0217391304347826
HALLMARK_XENOBIOTIC_METABOLISM,MCCC2,9606.ENSP00000343657,0.0217391304347826
HALLMARK_XENOBIOTIC_METABOLISM,PAPSS2,9606.ENSP00000406157,0.0217391304347826
HALLMARK_XENOBIOTIC_METABOLISM,PGD,9606.ENSP00000270776,0.0217391304347826
HALLMARK_XENOBIOTIC_METABOLISM,PGRMC1,9606.ENSP00000217971,0.0217391304347826
HALLMARK_XENOBIOTIC_METABOLISM,SERPINE1,9606.ENSP00000223095,0.0217391304347826
HALLMARK_XENOBIOTIC_METABOLISM,TAT,9606.ENSP00000348234,0.0217391304347826
HALLMARK_XENOBIOTIC_METABOLISM,TDO2,9606.ENSP00000444788,0.0217391304347826
HALLMARK_XENOBIOTIC_METABOLISM,TGFB2,9606.ENSP00000355896,0.0217391304347826
HALLMARK_XENOBIOTIC_METABOLISM,TMEM97,9606.ENSP00000226230,0.0217391304347826
HALLMARK_XENOBIOTIC_METABOLISM,TNFRSF1A,9606.ENSP00000162749,0.0217391304347826
HALLMARK_XENOBIOTIC_METABOLISM,XDH,9606.ENSP00000368727,0.0217391304347826
HALLMARK_XENOBIOTIC_METABOLISM,AKR1C2,9606.ENSP00000370129,0.0108695652173913
HALLMARK_XENOBIOTIC_METABOLISM,ARG2,9606.ENSP00000261783,0.0108695652173913
HALLMARK_XENOBIOTIC_METABOLISM,BCAR1,9606.ENSP00000391669,0.0108695652173913
HALLMARK_XENOBIOTIC_METABOLISM,BLVRB,9606.ENSP00000263368,0.0108695652173913
HALLMARK_XENOBIOTIC_METABOLISM,CES1,9606.ENSP00000353720,0.0108695652173913
HALLMARK_XENOBIOTIC_METABOLISM,CFB,9606.ENSP00000416561,0.0108695652173913
HALLMARK_XENOBIOTIC_METABOLISM,CROT,9606.ENSP00000413575,0.0108695652173913
HALLMARK_XENOBIOTIC_METABOLISM,CSAD,9606.ENSP00000267085,0.0108695652173913
HALLMARK_XENOBIOTIC_METABOLISM,ENTPD5,9606.ENSP00000335246,0.0108695652173913
HALLMARK_XENOBIOTIC_METABOLISM,FAH,9606.ENSP00000385080,0.0108695652173913
HALLMARK_XENOBIOTIC_METABOLISM,FAS,9606.ENSP00000498466,0.0108695652173913
HALLMARK_XENOBIOTIC_METABOLISM,FBP1,9606.ENSP00000408025,0.0108695652173913
HALLMARK_XENOBIOTIC_METABOLISM,GABARAPL1,9606.ENSP00000411256,0.0108695652173913
HALLMARK_XENOBIOTIC_METABOLISM,IGFBP4,9606.ENSP00000269593,0.0108695652173913
HALLMARK_XENOBIOTIC_METABOLISM,IL1R1,9606.ENSP00000386380,0.0108695652173913
HALLMARK_XENOBIOTIC_METABOLISM,LONP1,9606.ENSP00000353826,0.0108695652173913
HALLMARK_XENOBIOTIC_METABOLISM,NFS1,9606.ENSP00000363205,0.0108695652173913
HALLMARK_XENOBIOTIC_METABOLISM,NPC1,9606.ENSP00000269228,0.0108695652173913
HALLMARK_XENOBIOTIC_METABOLISM,PDK4,9606.ENSP00000005178,0.0108695652173913
HALLMARK_XENOBIOTIC_METABOLISM,PEMT,9606.ENSP00000255389,0.0108695652173913
HALLMARK_XENOBIOTIC_METABOLISM,PINK1,9606.ENSP00000364204,0.0108695652173913
HALLMARK_XENOBIOTIC_METABOLISM,PSMB10,9606.ENSP00000351314,0.0108695652173913
HALLMARK_XENOBIOTIC_METABOLISM,SLC35B1,9606.ENSP00000497423,0.0108695652173913
HALLMARK_XENOBIOTIC_METABOLISM,SLC35D1,9606.ENSP00000235345,0.0108695652173913
HALLMARK_XENOBIOTIC_METABOLISM,UPP1,9606.ENSP00000330032,0.0108695652173913
