pathway,gene_symbol,degree_centrality,betweenness_centrality,eigenvector_centrality,pagerank_centrality,weight_v3a_degree,weight_v3b_betweenness,weight_v3c_eigenvector,weight_v3d_pagerank
HALLMARK_ADIPOGENESIS,UQCRC1,0.13846153846153847,0.014574599688334041,0.24495075413194767,0.013184399862859091,0.7727272727272727,0.10676437405011772,0.8369907075730008,0.6153798289073716
HALLMARK_ADIPOGENESIS,CS,0.17692307692307693,0.06888136101086752,0.25787853081405376,0.019753759777085367,1.0,0.5045816385565556,0.8811646028151158,0.9741140630311307
HALLMARK_ADIPOGENESIS,DLD,0.1,0.016542078534475466,0.17694046658582974,0.010845617907462126,0.5454545454545454,0.12117688979374208,0.6046012262783025,0.4876655364182512
HALLMARK_ADIPOGENESIS,UQCR10,0.1076923076923077,0.001158117434417465,0.18697698592907333,0.01026670368702538,0.5909090909090909,0.008483641788191186,0.6388957662418189,0.4560526620738275
HALLMARK_ADIPOGENESIS,UQCR11,0.06923076923076923,0.00024086540693036657,0.13408348462727687,0.006895258175881693,0.36363636363636365,0.0017644288660518908,0.45815997207171244,0.2719475225896922
HALLMARK_ADIPOGENESIS,COX8A,0.06153846153846154,1.4907573047107931e-05,0.10464310501509634,0.006226707043989442,0.3181818181818182,0.00010920352798813735,0.3575629183898806,0.23543982908479372
HALLMARK_ADIPOGENESIS,NDUFS3,0.15384615384615385,0.057420179212147066,0.25713917940182734,0.01583779943788588,0.8636363636363636,0.420624210786211,0.8786382572079855,0.7602745030917212
HALLMARK_ADIPOGENESIS,NDUFB7,0.1076923076923077,0.006245516445343789,0.1803966540987981,0.010375697761323487,0.5909090909090909,0.04575073540033982,0.6164109340795125,0.4620045213535553
HALLMARK_ADIPOGENESIS,ACO2,0.13846153846153847,0.07729348618349986,0.21320289144879107,0.015361284799205873,0.7727272727272727,0.5662035902871551,0.7285090409405649,0.7342533813709508
HALLMARK_ADIPOGENESIS,COX6A1,0.08461538461538462,0.00020955060311053154,0.14418336600609427,0.008215652708588166,0.45454545454545453,0.0015350362583768404,0.49267101855375794,0.3440505474834718
HALLMARK_ADIPOGENESIS,CYC1,0.15384615384615385,0.03886652560252964,0.25765036096986615,0.01488726686578167,0.8636363636363636,0.28471178393862767,0.880384952064457,0.7083685976891168
HALLMARK_ADIPOGENESIS,MDH2,0.14615384615384616,0.08296536122027945,0.2122324048610356,0.016818373112995076,0.8181818181818182,0.6077521885980208,0.7251929121184507,0.8138208684812095
HALLMARK_ADIPOGENESIS,NDUFA5,0.08461538461538462,0.00304918068357486,0.15846232141564634,0.008321779629184485,0.45454545454545453,0.02233638480706646,0.5414618583043735,0.34984583957845783
HALLMARK_ADIPOGENESIS,SDHB,0.17692307692307693,0.04519195818479785,0.29265647983383797,0.017554835841246733,1.0,0.33104793482328215,1.0,0.8540370229056193
HALLMARK_ADIPOGENESIS,SDHC,0.1076923076923077,0.014744791523561255,0.19739601218252598,0.01120643319926235,0.5909090909090909,0.10801109266641142,0.6744973229179885,0.5073686428173682
HALLMARK_ADIPOGENESIS,UQCRQ,0.1076923076923077,0.001158117434417465,0.18697698592907333,0.01026670368702538,0.5909090909090909,0.008483641788191186,0.6388957662418189,0.4560526620738275
HALLMARK_ADIPOGENESIS,COX7B,0.06153846153846154,6.880418329434429e-05,0.1129359540173254,0.006246493975790423,0.3181818181818182,0.0005040162830221724,0.38589937964622284,0.23652033767588374
HALLMARK_ADIPOGENESIS,NDUFAB1,0.09230769230769231,0.0268207514284202,0.14495550993217016,0.010029024021437467,0.5,0.19647199916585822,0.49530941537488515,0.44307364525716203
HALLMARK_ADIPOGENESIS,ATP5PO,0.08461538461538462,0.0020591970624555408,0.171133460657969,0.008360712413809618,0.45454545454545453,0.015084385857601345,0.5847588297212272,0.3519718492441114
HALLMARK_ADIPOGENESIS,TKT,0.03076923076923077,0.005655000435859111,0.01592266491382648,0.006069568936339723,0.13636363636363635,0.04142498557067767,0.05440735473503582,0.22685895980142487
HALLMARK_ADIPOGENESIS,DBT,0.09230769230769231,0.015474864968001809,0.12821546288923497,0.01026431589995682,0.5,0.11335915271424239,0.43810908599061965,0.45592227175019256
HALLMARK_ADIPOGENESIS,IDH3G,0.07692307692307693,0.0004005482042057749,0.14203136060935037,0.008266608250088162,0.4090909090909091,0.0029341648630773804,0.48531766899537554,0.3468330860249783
HALLMARK_ADIPOGENESIS,DLAT,0.09230769230769231,0.01873281974082411,0.14903531059032676,0.010101911288753884,0.5,0.13722488552626488,0.5092499939688497,0.4470538135474555
HALLMARK_ADIPOGENESIS,IDH1,0.1,0.0456103156174611,0.15686752840227805,0.011272575560105268,0.5454545454545454,0.33411255892155217,0.5360124897673305,0.5109804907705817
HALLMARK_ADIPOGENESIS,SUCLG1,0.14615384615384616,0.021686860678521873,0.2364644464568404,0.015055394667567884,0.8181818181818182,0.15886433624024704,0.8079932027853891,0.7175495832031054
HALLMARK_ADIPOGENESIS,IDH3A,0.07692307692307693,0.0004005482042057749,0.14203136060935034,0.00826660825008816,0.4090909090909091,0.0029341648630773804,0.48531766899537543,0.34683308602497825
HALLMARK_ADIPOGENESIS,MGLL,0.05384615384615385,0.04871760747115065,0.0734887036331132,0.006272540348173226,0.2727272727272727,0.35687462970526884,0.2511090944401368,0.23794265667962913
HALLMARK_ADIPOGENESIS,SLC25A1,0.015384615384615385,0.0,0.030854162145076674,0.00264521847111509,0.045454545454545456,0.0,0.10542791385516148,0.039864829847688195
HALLMARK_ADIPOGENESIS,ACLY,0.1076923076923077,0.024460474209034265,0.16910188875167176,0.012684862177202959,0.5909090909090909,0.17918208895897994,0.5778169984402294,0.5881014834643493
HALLMARK_ADIPOGENESIS,ALDH2,0.046153846153846156,0.008696860402654563,0.048577150966267024,0.006267105706323396,0.22727272727272727,0.06370774339921535,0.16598693114141108,0.23764588620165397
HALLMARK_ADIPOGENESIS,TALDO1,0.05384615384615385,0.03861288217202138,0.03539137758768153,0.00969469841268626,0.2727272727272727,0.2828537512880421,0.12093146752730624,0.4248170658081352
HALLMARK_ADIPOGENESIS,GPX3,0.038461538461538464,0.06105845736057619,0.017322022312636763,0.007996401581505637,0.18181818181818182,0.4472759540548906,0.059188924579670045,0.332077861227632
HALLMARK_ADIPOGENESIS,ACAA2,0.12307692307692308,0.02591752312091342,0.11840723133043969,0.01438232680597005,0.6818181818181818,0.1898555152186184,0.4045945997767347,0.6807952438159852
HALLMARK_ADIPOGENESIS,HIBCH,0.046153846153846156,0.011055078454526692,0.03577537406442071,0.00675812429591085,0.22727272727272727,0.0809825694366909,0.12224357405218894,0.2644590278130205
HALLMARK_ADIPOGENESIS,DECR1,0.007692307692307693,0.0,0.002634023335517957,0.0020743023037011845,0.0,0.0,0.00900039301030847,0.008688706642354433
HALLMARK_ADIPOGENESIS,ACADM,0.06923076923076923,0.013865879694981199,0.03644963549934251,0.009839276553678796,0.36363636363636365,0.10157273598902673,0.12454750880635747,0.43271207070315976
HALLMARK_ADIPOGENESIS,ECH1,0.03076923076923077,0.0,0.020876377925908508,0.004569848170818155,0.13636363636363635,0.0,0.07133407036728359,0.14496343462951142
HALLMARK_ADIPOGENESIS,SCP2,0.07692307692307693,0.008357059526778248,0.033939371932012664,0.011044353757706599,0.4090909090909091,0.06121857535409538,0.11596999988273786,0.4985179412128181
HALLMARK_ADIPOGENESIS,ACOX1,0.15384615384615385,0.1365118263278758,0.06628870085661838,0.020227798830204594,0.8636363636363636,1.0,0.22650686188207833,1.0
HALLMARK_ADIPOGENESIS,HADH,0.09230769230769231,0.025546463546659442,0.07025677540819925,0.012173643773865669,0.5,0.1871373655590954,0.24006567511537433,0.5601852869420626
HALLMARK_ADIPOGENESIS,RETN,0.03076923076923077,0.00027536912339508335,0.0018995754688006744,0.005215803076384467,0.13636363636363635,0.002017181447222736,0.006490802697685694,0.18023721188519223
HALLMARK_ADIPOGENESIS,ADIPOR2,0.023076923076923078,0.0,0.0011713400909954068,0.004187523786443639,0.09090909090909091,0.0,0.004002440307012715,0.12408577729208672
HALLMARK_ADIPOGENESIS,LEP,0.08461538461538462,0.019146866172399878,0.005018459145193712,0.013093324321913803,0.45454545454545453,0.14025792993504238,0.017147951578051684,0.6104064502441533
HALLMARK_ADIPOGENESIS,PPARG,0.13846153846153847,0.07726886582882583,0.010804399539089977,0.02012124469470624,0.7727272727272727,0.5660232370142093,0.036918367723224196,0.9941813789029973
HALLMARK_ADIPOGENESIS,ADIPOQ,0.1,0.033086759949570166,0.009288433979662225,0.014106723295749402,0.5454545454545454,0.24237284665800288,0.03173835065923001,0.6657453127037136
HALLMARK_ADIPOGENESIS,LAMA4,0.023076923076923078,0.036493738819320214,0.005670089934705343,0.006788737643475088,0.09090909090909091,0.26733023651496024,0.01937455797296769,0.2661307364628448
HALLMARK_ADIPOGENESIS,COL4A1,0.023076923076923078,0.012403100775193798,0.00044397833974148504,0.008369454235749288,0.09090909090909091,0.09085733528613027,0.0015170630767976274,0.352449215507997
HALLMARK_ADIPOGENESIS,ITGA7,0.015384615384615385,0.0,0.000441816136033168,0.005439888811047,0.045454545454545456,0.0,0.0015096748798592078,0.19247390243827656
HALLMARK_ADIPOGENESIS,ME1,0.05384615384615385,0.05012145444166912,0.07758025461920053,0.007908901478998339,0.2727272727272727,0.3671583319183408,0.26508982361589395,0.32729972718283246
HALLMARK_ADIPOGENESIS,REEP6,0.007692307692307693,0.0,1.8705370526266265e-21,0.005300233582931477,0.0,0.0,6.3897954380202496e-21,0.18484772394394428
HALLMARK_ADIPOGENESIS,REEP5,0.023076923076923078,0.00035778175313059033,3.239865212589456e-21,0.01463365039624372,0.09090909090909091,0.002620884671715296,1.1068756111436041e-20,0.6945193169146163
HALLMARK_ADIPOGENESIS,CAT,0.023076923076923078,0.004885398838887211,0.008499725771616513,0.00427172604908168,0.09090909090909091,0.03578736707509428,0.029043354093654158,0.12868382559410352
HALLMARK_ADIPOGENESIS,SOD1,0.03076923076923077,0.02191667591278241,0.01739196834290446,0.006250510358822077,0.13636363636363635,0.16054781847356334,0.059427928446276417,0.2367396610360924
HALLMARK_ADIPOGENESIS,ACADS,0.06153846153846154,0.0005969784484746711,0.04399683638649101,0.007794845062409766,0.3181818181818182,0.0043730896035398484,0.15033610877664888,0.3210714276550205
HALLMARK_ADIPOGENESIS,ECHS1,0.09230769230769231,0.019942498129430903,0.0799483489251121,0.011895044423520039,0.5,0.1460862305184663,0.2731815436668428,0.5449717614420844
HALLMARK_ADIPOGENESIS,ETFB,0.06923076923076923,0.011138550996480324,0.07291237092409542,0.008367426034330286,0.36363636363636365,0.0815940369131654,0.24913977973593132,0.3523384611434631
HALLMARK_ADIPOGENESIS,CPT2,0.038461538461538464,3.975352812562115e-05,0.024237165036692012,0.005388544207507184,0.18181818181818182,0.00029120940796836624,0.08281779733854923,0.18967011831505373
HALLMARK_ADIPOGENESIS,LIPE,0.09230769230769231,0.032554332665158704,0.009552412696850292,0.01296386863651108,0.5,0.23847261838669787,0.032640359448982234,0.6033372400376393
HALLMARK_ADIPOGENESIS,CD36,0.06153846153846154,0.0018525938766029149,0.003477890022114869,0.009112654040421638,0.3181818181818182,0.013570940529015646,0.011883864741657237,0.39303326269236616
HALLMARK_ADIPOGENESIS,FABP4,0.06923076923076923,0.0007263193309704938,0.003952972517177974,0.009916061568653208,0.36363636363636365,0.005320559767664458,0.013507209952851068,0.4369050840101908
HALLMARK_ADIPOGENESIS,DGAT1,0.038461538461538464,0.005703168642222371,0.0019997030511247713,0.0067902491550294215,0.18181818181818182,0.04177783563252922,0.006832936186002599,0.2662132758497703
HALLMARK_ADIPOGENESIS,SLC27A1,0.03076923076923077,0.00546526792484469,0.00598050488985481,0.004868267486058981,0.13636363636363635,0.040035124222264386,0.020435238246733406,0.1612592725647759
HALLMARK_ADIPOGENESIS,LPL,0.06923076923076923,0.018568535369128572,0.008847093210688833,0.009741459735153833,0.36363636363636365,0.13602144128180096,0.030230300096932627,0.4273705698665279
HALLMARK_ADIPOGENESIS,PLIN2,0.03076923076923077,0.00011941116592279384,0.0018556067964393646,0.005049476716828911,0.13636363636363635,0.0008747312898443729,0.006340562824691001,0.171154598055412
HALLMARK_ADIPOGENESIS,APOE,0.07692307692307693,0.04639215222199913,0.005041574354371667,0.012362866923717141,0.4090909090909091,0.3398398034070241,0.017226935679791302,0.5705182299725478
HALLMARK_ADIPOGENESIS,CIDEA,0.03076923076923077,0.0,0.0024282558546184904,0.004872371739199605,0.13636363636363635,0.0,0.00829729058450093,0.16148339426403965
HALLMARK_ADIPOGENESIS,C3,0.015384615384615385,0.012403100775193798,0.00036630142958568303,0.004961525808833949,0.045454545454545456,0.09085733528613027,0.0012516429835883304,0.1663518467931868
HALLMARK_ADIPOGENESIS,ORM1,0.007692307692307693,0.0,2.6478209489564513e-05,0.0032536904496308864,0.0,0.0,9.047539116372235e-05,0.07309177007453388
HALLMARK_ADIPOGENESIS,ABCA1,0.03076923076923077,1.9876764062810574e-05,0.0016450938525334798,0.005091328767166592,0.13636363636363635,0.00014560470398418312,0.005621245268403137,0.17344002059587657
HALLMARK_ADIPOGENESIS,SCARB1,0.06153846153846154,0.005435281354330798,0.0034373052997823303,0.009195734079662995,0.3181818181818182,0.0398154614185314,0.011745187742755379,0.39757002953683135
HALLMARK_ADIPOGENESIS,PTCD3,0.007692307692307693,0.0,0.0009486578167400891,0.002558072582165694,0.0,0.0,0.003241540447963804,0.0351060384072016
HALLMARK_ADIPOGENESIS,MRPL15,0.023076923076923078,0.012689694699475992,0.013128279446379384,0.004987185595095717,0.09090909090909091,0.0929567425828567,0.04485900826058336,0.16775305541816424
HALLMARK_ADIPOGENESIS,COQ3,0.015384615384615385,0.0,2.96582287870131e-20,0.007633587786259542,0.045454545454545456,0.0,1.0133965525374528e-19,0.3122656221866125
HALLMARK_ADIPOGENESIS,COQ9,0.015384615384615385,0.0,2.96582287870131e-20,0.007633587786259542,0.045454545454545456,0.0,1.0133965525374528e-19,0.3122656221866125
HALLMARK_ADIPOGENESIS,COQ5,0.015384615384615385,0.0,2.96582287870131e-20,0.007633587786259542,0.045454545454545456,0.0,1.0133965525374528e-19,0.3122656221866125
HALLMARK_ADIPOGENESIS,PEMT,0.007692307692307693,0.0,1.3790151296323404e-05,0.003741090658195346,0.0,0.0,4.71206081073382e-05,0.09970732209391582
HALLMARK_ADIPOGENESIS,LPCAT3,0.015384615384615385,0.012403100775193798,0.00019083119057425657,0.0061083281968076115,0.045454545454545456,0.09085733528613027,0.0006520654888031357,0.2289754938017985
HALLMARK_ADIPOGENESIS,ANGPTL4,0.03076923076923077,6.9568674219837e-05,0.0018400891183018553,0.005024775830827126,0.13636363636363635,0.0005096164639446409,0.006287539299818701,0.16980575227169425
HALLMARK_ADIPOGENESIS,TANK,0.007692307692307693,0.0,7.178695457202819e-23,0.0058835721337634934,0.0,0.0,2.4351055454226333e-22,0.21670219850461134
HALLMARK_ADIPOGENESIS,CHUK,0.015384615384615385,0.00011926058437686345,1.0152208475722352e-22,0.011133619091251632,0.045454545454545456,0.0008736282239050988,3.4511476368903535e-22,0.5033924695506145
HALLMARK_ADIPOGENESIS,GPX4,0.03076923076923077,0.025654784491993796,0.0026270093080327053,0.00839224892932138,0.13636363636363635,0.18793085685027622,0.008976426250750527,0.3536939694942966
HALLMARK_ADIPOGENESIS,EPHX2,0.015384615384615385,0.0,0.008300632026920468,0.0028925588257542973,0.045454545454545456,0.0,0.028363055660456694,0.053371389672070314
HALLMARK_ADIPOGENESIS,PHYH,0.007692307692307693,0.0,0.0005261716096292055,0.0026068401627183874,0.0,0.0,0.0017979154602281514,0.03776909856649562
HALLMARK_ADIPOGENESIS,PEX14,0.023076923076923078,0.012403100775193798,0.007280976846039774,0.005159302791687033,0.09090909090909091,0.09085733528613027,0.024878918963877734,0.17715189054135538
HALLMARK_ADIPOGENESIS,SAMM50,0.015384615384615385,0.024567680381633872,0.01867894332023721,0.004500157345562543,0.045454545454545456,0.17996741412445036,0.06382549031835066,0.14115781503339447
HALLMARK_ADIPOGENESIS,GRPEL1,0.015384615384615385,0.012403100775193798,0.018732443791959156,0.004459251310371941,0.045454545454545456,0.09085733528613027,0.06400830011553103,0.13892405171448083
HALLMARK_ADIPOGENESIS,DNAJC15,0.007692307692307693,0.0,0.001353635175919229,0.003040218595805319,0.0,0.0,0.0046253381325702565,0.06143467364672866
HALLMARK_ADIPOGENESIS,GPAM,0.038461538461538464,0.013254778867662326,0.005629733922775403,0.006718356308999207,0.18181818181818182,0.0970961946976435,0.019236662471891295,0.26228741010388906
HALLMARK_ADIPOGENESIS,AGPAT3,0.023076923076923078,0.0,0.004766721041648579,0.0044851646749566754,0.09090909090909091,0.0,0.016287768664322716,0.14033910753715598
HALLMARK_ADIPOGENESIS,GPAT4,0.03076923076923077,0.001472389169169134,0.004901498544970135,0.005699220525441786,0.13636363636363635,0.010785799360948634,0.016748300081218314,0.2066352766302966
HALLMARK_ADIPOGENESIS,GPD2,0.05384615384615385,0.035023290194344046,0.05543457616262977,0.008127580804463214,0.2727272727272727,0.2565586523633833,0.1894185845264863,0.3392411889635243
HALLMARK_ADIPOGENESIS,MCCC1,0.007692307692307693,0.0,0.005777320771905457,0.0019876028720234936,0.0,0.0,0.019740963108644153,0.003954294975472154
HALLMARK_ADIPOGENESIS,PFKL,0.03076923076923077,0.012403100775193798,0.004017961459319535,0.00738800725597706,0.13636363636363635,0.09085733528613027,0.013729275571143408,0.29885516141161195
HALLMARK_ADIPOGENESIS,ALDOA,0.023076923076923078,0.0,0.003998394038327755,0.005181987011733907,0.09090909090909091,0.0,0.013662414174454395,0.1783906118797293
HALLMARK_ADIPOGENESIS,PFKFB3,0.007692307692307693,0.0,0.00029034760508286477,0.0027149903585443713,0.0,0.0,0.0009921106317130441,0.04367487602069655
HALLMARK_ADIPOGENESIS,STAT5A,0.023076923076923078,0.011325640176882222,0.011913115702657899,0.003822521108874965,0.09090909090909091,0.08296453487978513,0.040706823609105894,0.10415400955514714
HALLMARK_ADIPOGENESIS,PPM1B,0.007692307692307693,0.0,7.178695457202819e-23,0.0058835721337634934,0.0,0.0,2.4351055454226333e-22,0.21670219850461134
HALLMARK_ADIPOGENESIS,ATP1B3,0.015384615384615385,0.00011926058437686345,1.0152208475722352e-22,0.011133619091251632,0.045454545454545456,0.0008736282239050988,3.4511476368903535e-22,0.5033924695506145
HALLMARK_ADIPOGENESIS,ABCB8,0.007692307692307693,0.0,7.178695457202819e-23,0.0058835721337634934,0.0,0.0,2.4351055454226333e-22,0.21670219850461134
HALLMARK_ADIPOGENESIS,ADCY6,0.007692307692307693,0.0,7.178695457202819e-23,0.0058835721337634934,0.0,0.0,2.4351055454226333e-22,0.21670219850461134
HALLMARK_ADIPOGENESIS,ESRRA,0.007692307692307693,0.0,0.0007808720269657607,0.002095210498069153,0.0,0.0,0.0026682205273880068,0.009830444222793762
HALLMARK_ADIPOGENESIS,UCP2,0.03076923076923077,0.0021802304702441514,0.0066052292956158215,0.004889016568778056,0.13636363636363635,0.015971000673653334,0.022569906189557405,0.16239232150640548
HALLMARK_ADIPOGENESIS,ARAF,0.007692307692307693,0.0,5.220128773035914e-25,0.007633587786259542,0.0,0.0,0.0,0.3122656221866125
HALLMARK_ADIPOGENESIS,YWHAG,0.007692307692307693,0.0,5.220128773035914e-25,0.007633587786259542,0.0,0.0,0.0,0.3122656221866125
HALLMARK_ADIPOGENESIS,LTC4S,0.007692307692307693,0.0,0.00010471823245065334,0.0031085673458709218,0.0,0.0,0.00035781962699103526,0.06516700629834712
HALLMARK_ADIPOGENESIS,MGST3,0.023076923076923078,0.012403100775193798,0.001449127882557524,0.00693007523406617,0.09090909090909091,0.09085733528613027,0.004951634364563865,0.2738487840314961
HALLMARK_ADIPOGENESIS,CRAT,0.023076923076923078,0.0020994880618111127,0.025877578222202352,0.0036735181014042355,0.09090909090909091,0.015379532442621755,0.08842304888275464,0.09601737516990133
HALLMARK_ADIPOGENESIS,RETSAT,0.015384615384615385,0.001303436674635244,0.0041502301669270785,0.0032863020853125995,0.045454545454545456,0.009548159377083077,0.014181234494734104,0.07487259960778382
HALLMARK_ADIPOGENESIS,CMBL,0.007692307692307693,0.0,0.005076989629760049,0.0020073371015802838,0.0,0.0,0.01734794880551635,0.005031925645508503
HALLMARK_ADIPOGENESIS,MTCH2,0.007692307692307693,0.0,5.220128773035914e-25,0.007633587786259542,0.0,0.0,0.0,0.3122656221866125
HALLMARK_ADIPOGENESIS,SLC25A10,0.007692307692307693,0.0,5.220128773035914e-25,0.007633587786259542,0.0,0.0,0.0,0.3122656221866125
HALLMARK_ADIPOGENESIS,CAVIN2,0.007692307692307693,0.0,5.220128773035914e-25,0.007633587786259542,0.0,0.0,0.0,0.3122656221866125
HALLMARK_ADIPOGENESIS,CAVIN1,0.007692307692307693,0.0,5.220128773035914e-25,0.007633587786259542,0.0,0.0,0.0,0.3122656221866125
HALLMARK_ADIPOGENESIS,VEGFB,0.007692307692307693,0.0,5.220128773035914e-25,0.007633587786259542,0.0,0.0,0.0,0.3122656221866125
HALLMARK_ADIPOGENESIS,ANGPT1,0.007692307692307693,0.0,5.220128773035914e-25,0.007633587786259542,0.0,0.0,0.0,0.3122656221866125
HALLMARK_ADIPOGENESIS,LIFR,0.007692307692307693,0.0,0.0003627219286783302,0.002156797671561505,0.0,0.0,0.0012394119169487495,0.013193546230157003
HALLMARK_ADIPOGENESIS,PGM1,0.038461538461538464,0.03723601085855112,0.018178384495932218,0.010581636700100205,0.18181818181818182,0.2727676558155277,0.06211509311617972,0.47325026651638935
HALLMARK_ADIPOGENESIS,IMMT,0.015384615384615385,0.012403100775193798,0.0013568217565958034,0.006310551952036996,0.045454545454545456,0.09085733528613027,0.00463622660043669,0.24001836325955872
HALLMARK_ADIPOGENESIS,FAH,0.015384615384615385,0.0,0.03541141157359022,0.00247419135829451,0.045454545454545456,0.0,0.12099992316485121,0.03052552112763696
HALLMARK_ADIPOGENESIS,GBE1,0.007692307692307693,0.0,0.0013135990361463324,0.002943918946556868,0.0,0.0,0.004488535626794105,0.05617602114928842
HALLMARK_ADIPOGENESIS,AK2,0.007692307692307693,0.0,0.0013135990361463324,0.002943918946556868,0.0,0.0,0.004488535626794105,0.05617602114928842
HALLMARK_ADIPOGENESIS,CMPK1,0.007692307692307693,0.0,0.0013135990361463324,0.002943918946556868,0.0,0.0,0.004488535626794105,0.05617602114928842
HALLMARK_ADIPOGENESIS,COL15A1,0.007692307692307693,0.0,3.208317229142077e-05,0.003516400748164684,0.0,0.0,0.00010962741132414593,0.08743763922639108
HALLMARK_ADIPOGENESIS,UBQLN1,0.007692307692307693,0.0,5.220128773035914e-25,0.007633587786259542,0.0,0.0,0.0,0.3122656221866125
HALLMARK_ADIPOGENESIS,UBC,0.007692307692307693,0.0,5.220128773035914e-25,0.007633587786259542,0.0,0.0,0.0,0.3122656221866125
HALLMARK_ADIPOGENESIS,RTN3,0.007692307692307693,0.0,1.8705370526266265e-21,0.005300233582931477,0.0,0.0,6.3897954380202496e-21,0.18484772394394428
HALLMARK_ADIPOGENESIS,ATL2,0.007692307692307693,0.0,1.8705370526266265e-21,0.005300233582931477,0.0,0.0,6.3897954380202496e-21,0.18484772394394428
HALLMARK_ADIPOGENESIS,ELOVL6,0.007692307692307693,0.0,0.012219534644935179,0.0019151894126157379,0.0,0.0,0.04175384960508335,0.0
HALLMARK_ADIPOGENESIS,CHCHD10,0.007692307692307693,0.0,9.804319420512409e-05,0.0038270514440498565,0.0,0.0,0.0003350111853350735,0.10440139839371103
HALLMARK_ADIPOGENESIS,TST,0.007692307692307693,0.0,5.220128773035914e-25,0.007633587786259542,0.0,0.0,0.0,0.3122656221866125
HALLMARK_ADIPOGENESIS,SQOR,0.007692307692307693,0.0,5.220128773035914e-25,0.007633587786259542,0.0,0.0,0.0,0.3122656221866125
HALLMARK_ALLOGRAFT_REJECTION,CD74,0.1377245508982036,0.14898078200507253,0.020877329985775364,0.01106796032803436,0.2857142857142857,1.0,0.08613754942522274,0.43332263480907857
HALLMARK_ALLOGRAFT_REJECTION,HLA-DOA,0.07185628742514971,0.0017474830656326677,0.022064840690150807,0.004885178534692761,0.14285714285714285,0.01172958714616741,0.09103708696478431,0.1629222048542764
HALLMARK_ALLOGRAFT_REJECTION,CTSS,0.059880239520958084,0.008780651078647542,0.027738328489727137,0.004345013322597568,0.11688311688311688,0.05893814598414832,0.1144452687620916,0.13929838786069204
HALLMARK_ALLOGRAFT_REJECTION,RPL9,0.04790419161676647,0.00013966182477771137,0.0009519966422703725,0.005243209348447807,0.09090909090909091,0.0009374485950339295,0.003927832624290667,0.1785804779766905
HALLMARK_ALLOGRAFT_REJECTION,HLA-DMA,0.07784431137724551,0.002312172012497539,0.02296939495347551,0.0052568259920135725,0.15584415584415584,0.015519934728351833,0.0947691775921785,0.1791759941048336
HALLMARK_ALLOGRAFT_REJECTION,EIF3A,0.04191616766467066,0.0012375033677192097,0.0009019614105743728,0.004763316070913304,0.07792207792207793,0.008306463095871486,0.00372139280434467,0.1575926196121119
HALLMARK_ALLOGRAFT_REJECTION,ITGB2,0.17365269461077845,0.04126271758960998,0.10235425948457412,0.009815934908744089,0.36363636363636365,0.2769667136544166,0.42230232942822066,0.37856601828817493
HALLMARK_ALLOGRAFT_REJECTION,HLA-DQA1,0.07784431137724551,0.0028530078711728455,0.024652358243919623,0.0051607099981489,0.15584415584415584,0.01915017381957161,0.10171289758464098,0.1749724160172922
HALLMARK_ALLOGRAFT_REJECTION,RPS19,0.0658682634730539,0.0016729591467570751,0.001020305047491854,0.007072930713248618,0.12987012987012989,0.011229362097858459,0.004209665532758008,0.2586022966784995
HALLMARK_ALLOGRAFT_REJECTION,MRPL3,0.04191616766467066,2.1042252843710165e-05,0.0009099441394548467,0.004673775741823184,0.07792207792207793,0.0001412413907385297,0.0037543286588796352,0.1536766244672829
HALLMARK_ALLOGRAFT_REJECTION,CCL5,0.23952095808383234,0.061115274205758276,0.16459066112676538,0.012126112325117868,0.5064935064935064,0.410222535975663,0.6790828241636525,0.4796003079556626
HALLMARK_ALLOGRAFT_REJECTION,RPS9,0.08383233532934133,0.05228312657763977,0.001175912625144183,0.009542690917981517,0.16883116883116883,0.35093873098249423,0.004851685150213841,0.3666158484367442
HALLMARK_ALLOGRAFT_REJECTION,RPL39,0.04191616766467066,3.963860052102634e-05,0.0009268885342796297,0.004635878848340795,0.07792207792207793,0.00026606519302386746,0.003824239353767089,0.15201922547859062
HALLMARK_ALLOGRAFT_REJECTION,HLA-DMB,0.0658682634730539,0.001401020395414687,0.021557092813123242,0.004504454611336426,0.12987012987012989,0.009404034376507601,0.08894217550422814,0.1462714615463855
HALLMARK_ALLOGRAFT_REJECTION,MTIF2,0.035928143712574856,9.018108361590072e-06,0.0008802167013840587,0.004095124560627153,0.06493506493506494,6.053202460222703e-05,0.003631676544464026,0.12836964559932978
HALLMARK_ALLOGRAFT_REJECTION,HLA-DOB,0.059880239520958084,0.001386445674830299,0.019996715478602357,0.004178660323140687,0.11688311688311688,0.009306204841796931,0.08250423157816732,0.13202303445490732
HALLMARK_ALLOGRAFT_REJECTION,EIF5A,0.04191616766467066,2.1042252843710165e-05,0.0009114664672142711,0.00465842433998918,0.07792207792207793,0.0001412413907385297,0.003760609614476359,0.15300523967722057
HALLMARK_ALLOGRAFT_REJECTION,RPS3A,0.07784431137724551,0.005821832298727697,0.0011746146920086316,0.008267206909619223,0.15584415584415584,0.039077740231820465,0.004846330021962749,0.3108332839229745
HALLMARK_ALLOGRAFT_REJECTION,HLA-E,0.10778443113772455,0.0128465949263013,0.03766383106086425,0.007071029763073078,0.22077922077922077,0.08622987981002743,0.15539679220278152,0.25851915970844785
HALLMARK_ALLOGRAFT_REJECTION,B2M,0.125748502994012,0.020448381857095473,0.04784795666335486,0.007873295797952552,0.25974025974025977,0.13725516527627865,0.19741536560440473,0.29360580646721995
HALLMARK_ALLOGRAFT_REJECTION,ABCE1,0.059880239520958084,0.007970733470497931,0.0013828578598554157,0.006379621930013461,0.11688311688311688,0.053501756154203446,0.00570551825029889,0.22828083308097777
HALLMARK_ALLOGRAFT_REJECTION,HLA-A,0.14970059880239522,0.03005941827474152,0.06315400454429727,0.009114457114335492,0.31168831168831174,0.20176708613140484,0.26056642260009355,0.3478872876533493
HALLMARK_ALLOGRAFT_REJECTION,HLA-DRA,0.1317365269461078,0.018580593704352662,0.05359203291826743,0.007885235824522767,0.27272727272727276,0.12471805728419405,0.22111478754422634,0.2941279967087929
HALLMARK_ALLOGRAFT_REJECTION,EIF3D,0.04790419161676647,0.013069261538125399,0.0009029544708432197,0.0060056491516828625,0.09090909090909091,0.08772447937399344,0.003725490060940619,0.2119253472443456
HALLMARK_ALLOGRAFT_REJECTION,CD4,0.46706586826347307,0.10605890853095563,0.24237199833388895,0.024025197477349755,1.0,0.711896575541834,1.0,1.0
HALLMARK_ALLOGRAFT_REJECTION,FAS,0.059880239520958084,1.8743586418498182e-05,0.056897667854380884,0.0035925938287393175,0.11688311688311688,0.00012581210922802107,0.2347534708856891,0.10639175109975199
HALLMARK_ALLOGRAFT_REJECTION,LCK,0.17964071856287425,0.01910209846762364,0.09680798386324087,0.01009458721934674,0.37662337662337664,0.12821854074422329,0.39941901097782456,0.39075271791842875
HALLMARK_ALLOGRAFT_REJECTION,STAT4,0.059880239520958084,0.0010413712663342337,0.052067020494944875,0.0037617666240179004,0.11688311688311688,0.0069899704667866274,0.21482275532183356,0.11379042666505303
HALLMARK_ALLOGRAFT_REJECTION,IFNGR1,0.09580838323353294,0.001865192124694175,0.06540125967355048,0.00559442543212769,0.1948051948051948,0.012519682737540392,0.269838348171947,0.1939407127720308
HALLMARK_ALLOGRAFT_REJECTION,LCP2,0.11976047904191617,0.013992896118649244,0.0470149613153124,0.007997228308754968,0.24675324675324672,0.09392416881106726,0.19397851912969385,0.2990259240334651
HALLMARK_ALLOGRAFT_REJECTION,AKT1,0.14970059880239522,0.057431495826685726,0.09608701059984755,0.009951781391395445,0.31168831168831174,0.38549600192547173,0.3964443552075647,0.38450718660764127
HALLMARK_ALLOGRAFT_REJECTION,FCGR2B,0.08982035928143713,0.0007093436717025739,0.07503407909658333,0.0050220645792905675,0.1818181818181818,0.004761309896187966,0.30958229338529947,0.168908837821644
HALLMARK_ALLOGRAFT_REJECTION,CD2,0.18562874251497008,0.008297371510225901,0.1146351076041881,0.009874405048146899,0.38961038961038963,0.05569424054938435,0.47297174752946525,0.3811231764351863
HALLMARK_ALLOGRAFT_REJECTION,MMP9,0.125748502994012,0.013514172390054256,0.09061043487169582,0.0077148559228591975,0.25974025974025977,0.09071084342673219,0.373848610790723,0.28667652903527724
HALLMARK_ALLOGRAFT_REJECTION,PRF1,0.125748502994012,0.008144510781594614,0.08652471687258524,0.00718816323184301,0.25974025974025977,0.05466819728008481,0.35699139119771484,0.26364192505520434
HALLMARK_ALLOGRAFT_REJECTION,CCR5,0.19760479041916168,0.008836044990099939,0.14546811321445693,0.010019531270313475,0.4155844155844156,0.05930996515912426,0.6001853110690687,0.38747018886150536
HALLMARK_ALLOGRAFT_REJECTION,IFNG,0.407185628742515,0.06487311448733675,0.2315431280297627,0.021218228176102562,0.8701298701298702,0.43544619389316896,0.9553212814245624,0.8772388010289212
HALLMARK_ALLOGRAFT_REJECTION,CCL19,0.11976047904191617,0.0006709359399140892,0.09846339104333714,0.006208425558283854,0.24675324675324672,0.004503506632763177,0.4062490375133809,0.2207936575555144
HALLMARK_ALLOGRAFT_REJECTION,IL27RA,0.07784431137724551,0.002950896992191237,0.04956781402190445,0.004696176272746247,0.15584415584415584,0.01980723253346035,0.20451130643243856,0.1546562988913965
HALLMARK_ALLOGRAFT_REJECTION,CD80,0.18562874251497008,0.005234779424610807,0.13601230426170274,0.009628851454487943,0.38961038961038963,0.03513727981661804,0.5611716914357975,0.37038403028355693
HALLMARK_ALLOGRAFT_REJECTION,CD8A,0.40119760479041916,0.06756182475335677,0.22623938594729034,0.021053017156881487,0.8571428571428571,0.45349355698143945,0.9334386294724752,0.8700133914764185
HALLMARK_ALLOGRAFT_REJECTION,CXCL13,0.11377245508982037,0.000611056607001182,0.09275587552824006,0.005942003042292977,0.23376623376623376,0.004101580074807075,0.3827004611335531,0.20914182100660755
HALLMARK_ALLOGRAFT_REJECTION,ITK,0.1317365269461078,0.013586885766181759,0.06762532146473225,0.008128437618987575,0.27272727272727276,0.09119891561395582,0.27901458060172596,0.3047642882660793
HALLMARK_ALLOGRAFT_REJECTION,CD247,0.19760479041916168,0.018842972034874984,0.08429220892984701,0.0112993611388966,0.4155844155844156,0.12647921283050734,0.3477803108828067,0.44344281708955685
HALLMARK_ALLOGRAFT_REJECTION,CD3G,0.10778443113772455,0.001694726338495332,0.05535476128180575,0.006336004761952227,0.22077922077922077,0.01137546947791984,0.22838760938691297,0.22637326115115974
HALLMARK_ALLOGRAFT_REJECTION,CD40,0.19760479041916168,0.01241855214809881,0.13117039404199507,0.010822730547860931,0.4155844155844156,0.08335673890929086,0.5411945065588649,0.4225976504552675
HALLMARK_ALLOGRAFT_REJECTION,GZMB,0.15568862275449102,0.012491515306383014,0.11389806860815013,0.008615379701548881,0.3246753246753247,0.08384648770307636,0.46993080632708,0.3260604220920316
HALLMARK_ALLOGRAFT_REJECTION,ITGAL,0.08383233532934133,0.00033443922870591143,0.06885234162402408,0.004731788942340357,0.16883116883116883,0.0022448481220519057,0.2840771297729446,0.1562137986531471
HALLMARK_ALLOGRAFT_REJECTION,FASLG,0.11377245508982037,0.004728945158237309,0.09050677461703847,0.006315910312174803,0.23376623376623376,0.03174198104340932,0.37342092006997174,0.22549444186865292
HALLMARK_ALLOGRAFT_REJECTION,IL2RA,0.1377245508982036,0.0022761420981897134,0.10200424444791455,0.0072250894049016336,0.2857142857142857,0.015278092030099659,0.42085820618351566,0.26525687014066573
HALLMARK_ALLOGRAFT_REJECTION,CD28,0.19760479041916168,0.006296221719007919,0.1382721776802995,0.010183483660741578,0.4155844155844156,0.04226197254618749,0.5704956786708393,0.3946405530027111
HALLMARK_ALLOGRAFT_REJECTION,PTPN6,0.07185628742514971,0.0013379430700903607,0.03437528993499544,0.0045412691814581746,0.14285714285714285,0.008980642013577336,0.14182863602766696,0.1478815257411534
HALLMARK_ALLOGRAFT_REJECTION,CD1D,0.059880239520958084,0.0002663073611448423,0.05482546974491489,0.0036348713777817707,0.11688311688311688,0.0017875282809011904,0.2262038111737146,0.10824073555701133
HALLMARK_ALLOGRAFT_REJECTION,TGFB2,0.04191616766467066,3.491882767208e-05,0.03765299749096348,0.0029208749568101983,0.07792207792207793,0.0002343847790441258,0.15535209409419123,0.0770145099404418
HALLMARK_ALLOGRAFT_REJECTION,IL2RG,0.10778443113772455,0.001830833148331555,0.07960754851257854,0.005877896536545427,0.22077922077922077,0.012289055834525142,0.32845192126077233,0.20633815959715826
HALLMARK_ALLOGRAFT_REJECTION,TLR3,0.10778443113772455,0.004783597121979391,0.08565731024958233,0.006266498279011772,0.22077922077922077,0.0321088200612111,0.35341256761674994,0.22333343482379595
HALLMARK_ALLOGRAFT_REJECTION,LYN,0.10179640718562875,0.005880426764254807,0.05351307120817561,0.006256973986901093,0.2077922077922078,0.03947104240635942,0.22078900028070322,0.22291689534887607
HALLMARK_ALLOGRAFT_REJECTION,PTPRC,0.31736526946107785,0.03533746751500521,0.18465851345703335,0.016631950819762615,0.6753246753246753,0.23719480485611916,0.7618805585068035,0.6766605806586301
HALLMARK_ALLOGRAFT_REJECTION,CD40LG,0.2035928143712575,0.008634172233466735,0.1469989673088029,0.010476873932329323,0.4285714285714286,0.05795493967250592,0.6065014453785985,0.4074718089379146
HALLMARK_ALLOGRAFT_REJECTION,TNF,0.38323353293413176,0.0763066499614982,0.21023429335444116,0.02054579923598933,0.8181818181818182,0.5121912298654742,0.8674033914793439,0.8478305054431895
HALLMARK_ALLOGRAFT_REJECTION,IL1B,0.3413173652694611,0.04091567165236452,0.20354382045523275,0.017726065814957233,0.7272727272727273,0.2746372458359858,0.8397992418861566,0.7245110749845383
HALLMARK_ALLOGRAFT_REJECTION,CD7,0.04191616766467066,4.746295266778042e-05,0.03452101030046544,0.0028384558558451076,0.07792207792207793,0.00031858439745714577,0.14242986210358213,0.0734099576398173
HALLMARK_ALLOGRAFT_REJECTION,CD79A,0.0658682634730539,0.0010111928219259732,0.03360175956702839,0.004219686346702584,0.12987012987012989,0.006787404444497706,0.13863713546949835,0.13381728416018068
HALLMARK_ALLOGRAFT_REJECTION,CD3E,0.15568862275449102,0.008442685404561102,0.07848110875362167,0.008892190917953867,0.3246753246753247,0.056669627390421695,0.3238043556727497,0.33816660251923475
HALLMARK_ALLOGRAFT_REJECTION,IL7,0.17964071856287425,0.004628865354005462,0.12936507186187954,0.009206610316235472,0.37662337662337664,0.031070217861038328,0.5337459473501871,0.3519175552979719
HALLMARK_ALLOGRAFT_REJECTION,CD86,0.2035928143712575,0.01584646749474673,0.13983655532361702,0.010962672018739673,0.4285714285714286,0.10636584988664635,0.5769501274275907,0.42871791074568727
HALLMARK_ALLOGRAFT_REJECTION,STAT1,0.281437125748503,0.06251802289351613,0.14271344767272404,0.016266100490468536,0.5974025974025974,0.41963817112590734,0.5888198663779781,0.6606603254908412
HALLMARK_ALLOGRAFT_REJECTION,THY1,0.05389221556886228,0.00020543710530226893,0.03680109999699454,0.003464398806886036,0.1038961038961039,0.0013789503755945794,0.15183725946054938,0.10078521504756216
HALLMARK_ALLOGRAFT_REJECTION,CCR2,0.15568862275449102,0.0018817487483955547,0.12130892252589609,0.007894032963496141,0.3246753246753247,0.012630815351281244,0.5005071681538982,0.29451273455662286
HALLMARK_ALLOGRAFT_REJECTION,IL18,0.1377245508982036,0.0063076002051017,0.10544005382420873,0.007500478230187282,0.2857142857142857,0.04233834807557218,0.43503397483629974,0.277300843104774
HALLMARK_ALLOGRAFT_REJECTION,CD3D,0.14371257485029942,0.003906655485858985,0.07183800221197693,0.008088092496147076,0.29870129870129875,0.02622254651426095,0.2963956344206632,0.3029998173649069
HALLMARK_ALLOGRAFT_REJECTION,CCR1,0.10778443113772455,0.0009292057371673929,0.07836619920213463,0.005707876738006108,0.22077922077922077,0.006237084573336144,0.3233302516001796,0.1989024408280808
HALLMARK_ALLOGRAFT_REJECTION,CXCR3,0.16766467065868265,0.0025755564750925136,0.12909076336911324,0.008423297154821673,0.3506493506493507,0.017287843709968043,0.5326141809140809,0.3176598016338124
HALLMARK_ALLOGRAFT_REJECTION,ICAM1,0.19760479041916168,0.004163384332845864,0.15226941793235754,0.01005999401708746,0.4155844155844156,0.02794578117266231,0.6282467404613007,0.38923980397821883
HALLMARK_ALLOGRAFT_REJECTION,GZMA,0.10778443113772455,0.02675657201431589,0.062052963670170845,0.007744762997123026,0.22077922077922077,0.17959747327279352,0.2560236499956046,0.28798449784445285
HALLMARK_ALLOGRAFT_REJECTION,IL4R,0.1317365269461078,0.0048312296175426666,0.08517158879994713,0.007310445718400181,0.27272727272727276,0.03242854247723154,0.3514085347541497,0.26898987975362343
HALLMARK_ALLOGRAFT_REJECTION,TRAT1,0.07185628742514971,0.0012045742868812027,0.03884156310345442,0.004592633145165097,0.14285714285714285,0.008085434045044743,0.16025598406770866,0.15012789935335039
HALLMARK_ALLOGRAFT_REJECTION,CD8B,0.0658682634730539,0.0003558923261730045,0.035155704069526034,0.004206034625878055,0.12987012987012989,0.0023888472149440525,0.14504853824366265,0.13322023394816274
HALLMARK_ALLOGRAFT_REJECTION,IL2RB,0.14371257485029942,0.0035842350546824346,0.10059659313264853,0.007602467707189414,0.29870129870129875,0.024058371868127246,0.41505039288436196,0.2817612946222352
HALLMARK_ALLOGRAFT_REJECTION,CCL2,0.251497005988024,0.010140113882887146,0.17350599374772643,0.012675738048075348,0.5324675324675325,0.06806323437436308,0.7158664983597095,0.503637874987702
HALLMARK_ALLOGRAFT_REJECTION,TLR2,0.18562874251497008,0.01082739369888909,0.1285613628310772,0.010152785091784997,0.38961038961038963,0.07267644560034889,0.5304299329742395,0.39329796862527183
HALLMARK_ALLOGRAFT_REJECTION,IRF4,0.029940119760479042,0.00021428686338961897,0.027874532752721615,0.0023492781810197966,0.05194805194805195,0.001438352386835524,0.11500723245398163,0.052016051463231266
HALLMARK_ALLOGRAFT_REJECTION,IL15,0.17964071856287425,0.003711450553673235,0.13397810330116805,0.009146007463552692,0.37662337662337664,0.024912277299946425,0.5527788037486134,0.34926712415392625
HALLMARK_ALLOGRAFT_REJECTION,CCL4,0.14970059880239522,0.0008073361954978966,0.12215143590082335,0.007574371473799091,0.31168831168831174,0.00541906267796613,0.5039832849525335,0.2805325219042597
HALLMARK_ALLOGRAFT_REJECTION,TGFB1,0.125748502994012,0.03678396087307587,0.08608651267612723,0.008606502647338731,0.25974025974025977,0.2469040662695907,0.3551834092547911,0.3256721891969711
HALLMARK_ALLOGRAFT_REJECTION,LY75,0.029940119760479042,0.0,0.02951690540454566,0.0022384578017119808,0.05194805194805195,0.0,0.12178347997066684,0.04716938547788811
HALLMARK_ALLOGRAFT_REJECTION,ZAP70,0.14970059880239522,0.011221370492037865,0.07241496363529829,0.008750598721735267,0.31168831168831174,0.07532092623635038,0.2987761133014229,0.3319741486990165
HALLMARK_ALLOGRAFT_REJECTION,IL6,0.3532934131736527,0.03677883702773401,0.20508333987985666,0.018351849470659567,0.7532467532467533,0.24686967360986034,0.846151128387926,0.7518793657016438
HALLMARK_ALLOGRAFT_REJECTION,CXCL9,0.17964071856287425,0.005210781062485499,0.13111700894626405,0.00912796992308272,0.37662337662337664,0.03497619620702542,0.5409742455712179,0.34847826262501697
HALLMARK_ALLOGRAFT_REJECTION,IL16,0.05389221556886228,2.4361473286768706e-05,0.050510404915732554,0.0032572259419102563,0.1038961038961039,0.00016352091161623276,0.20840033198121338,0.09172462814075139
HALLMARK_ALLOGRAFT_REJECTION,IL12RB1,0.10778443113772455,0.0022600134548033126,0.06660917836939165,0.006194050309203494,0.22077922077922077,0.015169832137989201,0.2748220868222227,0.2201649642485271
HALLMARK_ALLOGRAFT_REJECTION,CCL22,0.11976047904191617,0.0002570075963114574,0.1025770152341158,0.006156441458387664,0.24675324675324672,0.0017251057005641625,0.4232213949600187,0.21852016264131882
HALLMARK_ALLOGRAFT_REJECTION,HCLS1,0.035928143712574856,0.0007320271611981679,0.011251390396127,0.0029684260942259132,0.06493506493506494,0.004913567718910508,0.04642198964183647,0.07909413177278532
HALLMARK_ALLOGRAFT_REJECTION,MAP4K1,0.011976047904191617,3.1359781238624915e-05,0.005262762490617188,0.0015446564074352441,0.012987012987012988,0.00021049548013217685,0.021713574698374462,0.016826377817856068
HALLMARK_ALLOGRAFT_REJECTION,FYB1,0.011976047904191617,0.0,0.003864561383912638,0.0015467369421980474,0.012987012987012988,0.0,0.01594475191226035,0.016917368817247924
HALLMARK_ALLOGRAFT_REJECTION,FGR,0.029940119760479042,0.00013778756255269418,0.00982674446379396,0.0025895050867586087,0.05194805194805195,0.0009248680312874365,0.040544058436390605,0.06252223796142549
HALLMARK_ALLOGRAFT_REJECTION,NCK1,0.0658682634730539,0.008714340137187464,0.020553583884666417,0.004903038548304921,0.12987012987012989,0.05849304870000451,0.08480180889688432,0.16370330234746747
HALLMARK_ALLOGRAFT_REJECTION,WAS,0.05389221556886228,0.005147974416881643,0.014251066887473367,0.004426203076770265,0.1038961038961039,0.034554620720854884,0.058798322353398505,0.1428491753815883
HALLMARK_ALLOGRAFT_REJECTION,BCL3,0.023952095808383235,0.0,0.023006783650462246,0.0019944008753004262,0.03896103896103897,0.0,0.09492343921168797,0.03649569521338589
HALLMARK_ALLOGRAFT_REJECTION,EIF4G3,0.005988023952095809,0.0,3.044278658162057e-05,0.001531338293871661,0.0,0.0,0.00012560356308026453,0.016243917728829802
HALLMARK_ALLOGRAFT_REJECTION,EIF3J,0.035928143712574856,0.0,0.00022112014537241026,0.004320411186704535,0.06493506493506494,0.0,0.000912317210290099,0.13822242750083483
HALLMARK_ALLOGRAFT_REJECTION,IL11,0.07784431137724551,0.00043259095459294045,0.04527175776438309,0.00458384334219942,0.15584415584415584,0.0029036695120731176,0.1867862544996523,0.14974348234162654
HALLMARK_ALLOGRAFT_REJECTION,JAK2,0.18562874251497008,0.02031567993720346,0.09880280293450312,0.010703279457756771,0.38961038961038963,0.13636443347781427,0.40764941335505883,0.41737352526334837
HALLMARK_ALLOGRAFT_REJECTION,SRGN,0.011976047904191617,0.0,0.006756139614746411,0.001465398638088883,0.012987012987012988,0.0,0.027875083182832158,0.01336008454973612
HALLMARK_ALLOGRAFT_REJECTION,IL18RAP,0.017964071856287428,5.8663250352161674e-05,0.009485491929394001,0.0018173273930086446,0.02597402597402598,0.00039376387721044647,0.03913608830475084,0.028751487614654868
HALLMARK_ALLOGRAFT_REJECTION,TIMP1,0.059880239520958084,0.00042575084854322117,0.05208737863207887,0.0037627157947151494,0.11688311688311688,0.002857756838252635,0.21490675073910098,0.1138319381033045
HALLMARK_ALLOGRAFT_REJECTION,CCL11,0.10778443113772455,0.0005147591911650409,0.08537427763469545,0.005656303928468541,0.22077922077922077,0.003455205324049878,0.3522448064197779,0.19664693346277912
HALLMARK_ALLOGRAFT_REJECTION,CSK,0.04191616766467066,0.00014973819378331056,0.02161584321272509,0.002973657673228061,0.07792207792207793,0.0010050839562529095,0.08918457314094241,0.07932293189202078
HALLMARK_ALLOGRAFT_REJECTION,EGFR,0.22155688622754494,0.06037838182911045,0.10910576960559243,0.013579651540081072,0.4675324675324676,0.4052763115920191,0.4501583118330755,0.5431700152200348
HALLMARK_ALLOGRAFT_REJECTION,RIPK2,0.04790419161676647,0.0006122996891175295,0.02233273557238439,0.0038044810414827584,0.09090909090909091,0.0041099239839987,0.09214239155473342,0.11565851731321483
HALLMARK_ALLOGRAFT_REJECTION,NLRP3,0.04790419161676647,0.011904141092954405,0.032426191987385944,0.004077026983156941,0.09090909090909091,0.07990387036999906,0.13378687393877894,0.1275781583865099
HALLMARK_ALLOGRAFT_REJECTION,IKBKB,0.059880239520958084,0.0006793001162309983,0.03255905502911305,0.004284938404051308,0.11688311688311688,0.004559649285555968,0.13433505212206923,0.1366710456145364
HALLMARK_ALLOGRAFT_REJECTION,TRAF2,0.07185628742514971,0.015085021788498115,0.026794398838232883,0.005684219949552548,0.14285714285714285,0.10125481679901839,0.11055071964757753,0.19786782469848013
HALLMARK_ALLOGRAFT_REJECTION,UBE2N,0.04790419161676647,0.003396020888764783,0.01509808782256895,0.004205818889966305,0.09090909090909091,0.02279502660047223,0.06229303684565902,0.1332107988612967
HALLMARK_ALLOGRAFT_REJECTION,MAP3K7,0.04191616766467066,0.0020097837145198537,0.01329940562556345,0.003700399481466373,0.07792207792207793,0.013490221271972006,0.05487187347130067,0.11110656974018131
HALLMARK_ALLOGRAFT_REJECTION,INHBA,0.017964071856287428,0.0,0.003111674365697069,0.0028645679298045026,0.02597402597402598,0.0,0.012838423527005217,0.07455195427848824
HALLMARK_ALLOGRAFT_REJECTION,HIF1A,0.059880239520958084,0.01697351063502733,0.038766122757089475,0.005010467021442187,0.11688311688311688,0.11393087354347094,0.1599447255606058,0.16840162525399283
HALLMARK_ALLOGRAFT_REJECTION,INHBB,0.017964071856287428,0.0,0.003111674365697069,0.0028645679298045026,0.02597402597402598,0.0,0.012838423527005217,0.07455195427848824
HALLMARK_ALLOGRAFT_REJECTION,ACVR2A,0.017964071856287428,0.0,0.003111674365697069,0.0028645679298045026,0.02597402597402598,0.0,0.012838423527005217,0.07455195427848824
HALLMARK_ALLOGRAFT_REJECTION,CSF1,0.08383233532934133,0.0009123861029915991,0.07083808446141925,0.004851879981016342,0.16883116883116883,0.0061241865609252474,0.2922700846152759,0.16146591163029858
HALLMARK_ALLOGRAFT_REJECTION,LIF,0.07185628742514971,0.00043399833441119947,0.04815365146624162,0.004282354462098643,0.14285714285714285,0.002913116232645514,0.19867662847712997,0.13655803838925612
HALLMARK_ALLOGRAFT_REJECTION,CCL13,0.0658682634730539,4.8096577928480385e-06,0.0479874983960138,0.0037678430149568317,0.12987012987012989,3.228374645452108e-05,0.19799109932619677,0.11405617415176361
HALLMARK_ALLOGRAFT_REJECTION,CCL7,0.0658682634730539,2.9261337410681934e-05,0.05823981699417254,0.00377973005995754,0.12987012987012989,0.00019641014778460242,0.24029102946926245,0.11457604727465874
HALLMARK_ALLOGRAFT_REJECTION,SPI1,0.04191616766467066,0.0003238619979142162,0.025621591046467503,0.003035659846444343,0.07792207792207793,0.002173850838715488,0.10571184469573702,0.08203456152026835
HALLMARK_ALLOGRAFT_REJECTION,IRF8,0.04790419161676647,0.0005274614382149912,0.03555682174269972,0.0032314877781367815,0.09090909090909091,0.0035404663011973725,0.14670350530227935,0.09059898425047376
HALLMARK_ALLOGRAFT_REJECTION,CRTAM,0.005988023952095809,0.0,0.00762638787860414,0.0011599165516683104,0.0,0.0,0.031465631058989384,0.0
HALLMARK_ALLOGRAFT_REJECTION,IRF7,0.07185628742514971,0.0010006069648518792,0.05267304621988152,0.0044188928235610195,0.14285714285714285,0.006716349259180357,0.21732315028949722,0.14252946563330202
HALLMARK_ALLOGRAFT_REJECTION,IFNAR2,0.059880239520958084,0.00017175908127196375,0.038048549735088755,0.0038229526038061363,0.11688311688311688,0.0011528942119938372,0.15698409880944042,0.1164663605399574
HALLMARK_ALLOGRAFT_REJECTION,SOCS1,0.07784431137724551,0.001991968717634869,0.04594516591461783,0.004908706844035994,0.15584415584415584,0.01337064211118885,0.1895646618852574,0.16395120202337773
HALLMARK_ALLOGRAFT_REJECTION,PSMB10,0.017964071856287428,0.0008498990348192775,0.01283569582479768,0.0018953417950274688,0.02597402597402598,0.005704756166405006,0.052958658232108845,0.03216340292295101
HALLMARK_ALLOGRAFT_REJECTION,GBP2,0.011976047904191617,0.0,0.012615885288361028,0.0014521994379956859,0.012987012987012988,0.0,0.05205174432312732,0.012782825073410494
HALLMARK_ALLOGRAFT_REJECTION,TLR1,0.059880239520958084,0.00043364879114715654,0.05140129452791605,0.0037711345573084674,0.11688311688311688,0.002910770002082494,0.21207604377262346,0.11420012787629182
HALLMARK_ALLOGRAFT_REJECTION,NOS2,0.035928143712574856,0.0,0.03671607099533287,0.002592057960209291,0.06493506493506494,0.0,0.15148643922452304,0.06263388642351872
HALLMARK_ALLOGRAFT_REJECTION,IFNGR2,0.04191616766467066,1.9324517917693013e-05,0.023227733345892763,0.0029811195401289606,0.07792207792207793,0.0001297114812904865,0.09583505316441092,0.07964927237850561
HALLMARK_ALLOGRAFT_REJECTION,HLA-G,0.05389221556886228,0.0007855076734721839,0.015569588188424112,0.004009610391823409,0.1038961038961039,0.005272543632140679,0.06423839509288372,0.12462973227477067
HALLMARK_ALLOGRAFT_REJECTION,RARS1,0.023952095808383235,0.03509847774330856,3.9787974617095e-05,0.006178288209128128,0.03896103896103897,0.23559063975186761,0.00016416077307034185,0.21947561780548108
HALLMARK_ALLOGRAFT_REJECTION,DARS1,0.011976047904191617,0.0,1.390155600686998e-06,0.0037348391500683035,0.012987012987012988,0.0,5.7356279200691825e-06,0.11261276897358977
HALLMARK_ALLOGRAFT_REJECTION,WARS1,0.011976047904191617,0.0,1.390155600686998e-06,0.0037348391500683035,0.012987012987012988,0.0,5.7356279200691825e-06,0.11261276897358977
HALLMARK_ALLOGRAFT_REJECTION,AARS1,0.017964071856287428,3.607243344636029e-05,1.4355257171891694e-06,0.005385263033309108,0.02597402597402598,0.00024212809840890812,5.922819991818618e-06,0.18479311473908214
HALLMARK_ALLOGRAFT_REJECTION,BCL10,0.017964071856287428,0.0,0.001860458316538624,0.002191640308484447,0.02597402597402598,0.0,0.007676044796130605,0.04512184915503673
HALLMARK_ALLOGRAFT_REJECTION,FLNA,0.035928143712574856,0.01066127841678296,0.01286781218461001,0.0032422958576811154,0.06493506493506494,0.07156143412121412,0.05309116677283593,0.09107166943546943
HALLMARK_ALLOGRAFT_REJECTION,UBE2D1,0.017964071856287428,0.00022121749230653476,0.002535072041855359,0.0022414560440167843,0.02597402597402598,0.0014848726750474614,0.010459426250895009,0.04730051189240927
HALLMARK_ALLOGRAFT_REJECTION,SIT1,0.017964071856287428,0.0,0.007013890408887283,0.0018016136012962594,0.02597402597402598,0.0,0.028938534389707123,0.028064253910268754
HALLMARK_ALLOGRAFT_REJECTION,TLR6,0.029940119760479042,0.0,0.024780066699948835,0.0023029582789974882,0.05194805194805195,0.0,0.10223980851868908,0.04999027700750247
HALLMARK_ALLOGRAFT_REJECTION,CD47,0.023952095808383235,0.0,0.017686564426177248,0.0020375500606543886,0.03896103896103897,0.0,0.07297280439884989,0.03838280018682615
HALLMARK_ALLOGRAFT_REJECTION,CCND2,0.017964071856287428,0.0006218278511042381,0.0035848768823533044,0.0028376123417068614,0.02597402597402598,0.004173879628870964,0.014790804659764442,0.07337306703081985
HALLMARK_ALLOGRAFT_REJECTION,CCND3,0.017964071856287428,0.0006606530752751225,0.0034963252128200565,0.0028725981574506546,0.02597402597402598,0.004434485216036981,0.014425450286561396,0.07490315169750322
HALLMARK_ALLOGRAFT_REJECTION,CDKN2A,0.029940119760479042,0.015166283042584393,0.00404857934672439,0.004924481198871551,0.05194805194805195,0.10180026469499945,0.016703989629804974,0.1646410844213604
HALLMARK_ALLOGRAFT_REJECTION,IL12A,0.035928143712574856,4.8607493957757276e-05,0.015557795123462807,0.002685796012959382,0.06493506493506494,0.00032626687350924413,0.06418973821402653,0.06673346661476003
HALLMARK_ALLOGRAFT_REJECTION,GALNT1,0.005988023952095809,0.0,1.8313147359190065e-19,0.005952380952380952,0.0,0.0,0.0,0.20959569297615416
HALLMARK_ALLOGRAFT_REJECTION,GCNT1,0.005988023952095809,0.0,1.8313147359190065e-19,0.005952380952380952,0.0,0.0,0.0,0.20959569297615416
HALLMARK_ALLOGRAFT_REJECTION,NME1,0.005988023952095809,0.0,0.0020917943158966132,0.0012585489521771036,0.0,0.0,0.008630511487614097,0.004313631694680511
HALLMARK_ALLOGRAFT_REJECTION,F2R,0.005988023952095809,0.0,0.0020917943158966132,0.0012585489521771036,0.0,0.0,0.008630511487614097,0.004313631694680511
HALLMARK_ALLOGRAFT_REJECTION,BRCA1,0.035928143712574856,0.006702277195828556,0.009644188121011756,0.003671069909935258,0.06493506493506494,0.04498752863037298,0.03979085120107823,0.10982385768313534
HALLMARK_ALLOGRAFT_REJECTION,CD96,0.023952095808383235,0.0,0.011631133259532214,0.002059299750217042,0.03896103896103897,0.0,0.04798876660458645,0.039334010435820944
HALLMARK_ALLOGRAFT_REJECTION,NPM1,0.029940119760479042,0.023100543330685886,0.0037798276820976266,0.0037093809635765527,0.05194805194805195,0.15505720281357735,0.015595150050669544,0.11149936972979753
HALLMARK_ALLOGRAFT_REJECTION,SOCS5,0.023952095808383235,0.0,0.012561134218528879,0.002083789577915534,0.03896103896103897,0.0,0.051825847477747,0.0404050590609435
HALLMARK_ALLOGRAFT_REJECTION,LY86,0.011976047904191617,2.1299913082612748e-05,0.005648824397837481,0.001536220986188738,0.012987012987012988,0.00014297087715573625,0.023306423335486652,0.016457459488187446
HALLMARK_ALLOGRAFT_REJECTION,GLMN,0.005988023952095809,0.0,0.0010930443679993964,0.0013260076037743332,0.0,0.0,0.004509779906561774,0.007263897288026556
HALLMARK_ALLOGRAFT_REJECTION,TAP1,0.04191616766467066,0.000915895550893369,0.010755603019764042,0.003432912464134401,0.07792207792207793,0.006147742940845783,0.04437642588129031,0.09940817783319447
HALLMARK_ALLOGRAFT_REJECTION,TAPBP,0.04191616766467066,0.0007665937298595598,0.006520297922971054,0.0036494602045044396,0.07792207792207793,0.0051455880385529095,0.026902026503856955,0.10887876956018351
HALLMARK_ALLOGRAFT_REJECTION,TAP2,0.029940119760479042,0.0,0.005593978126286884,0.002715326596985389,0.05194805194805195,0.0,0.023080133698368418,0.06802496983844618
HALLMARK_ALLOGRAFT_REJECTION,LTB,0.017964071856287428,0.0,0.01646363854117379,0.0017063229038428492,0.02597402597402598,0.0,0.06792714774952537,0.023896769689841654
HALLMARK_ALLOGRAFT_REJECTION,NCF4,0.017964071856287428,0.011831758170406175,0.006300554720844594,0.003032769531007436,0.02597402597402598,0.07941801627812187,0.02599539040877577,0.08190815522566382
HALLMARK_ALLOGRAFT_REJECTION,ABI1,0.011976047904191617,0.0,0.0011732893301976827,0.0016897064352165646,0.012987012987012988,0.0,0.0048408617260372305,0.02317005792626032
HALLMARK_ALLOGRAFT_REJECTION,ETS1,0.005988023952095809,0.0,0.0001364739223729566,0.0017301662885172956,0.0,0.0,0.0005630762765959105,0.02493954649857381
HALLMARK_ALLOGRAFT_REJECTION,PRKCB,0.005988023952095809,0.0,0.00021238478869075233,0.0017521455102369335,0.0,0.0,0.000876276096870618,0.02590079520533917
HALLMARK_ALLOGRAFT_REJECTION,HDAC9,0.005988023952095809,0.0,0.0013067603245382785,0.0013187259113918138,0.0,0.0,0.005391548254423764,0.006945436631182367
HALLMARK_ANDROGEN_RESPONSE,CCND1,0.07894736842105263,0.002844950213371266,1.655890622010813e-05,0.030341659509230956,0.5,0.2,3.614218602780385e-05,0.5066966876444549
HALLMARK_ANDROGEN_RESPONSE,AKT1,0.07894736842105263,0.012802275960170698,1.535855561257093e-05,0.031612209574710365,0.5,0.9,3.352224874722848e-05,0.5471276167359858
HALLMARK_ANDROGEN_RESPONSE,CDK6,0.05263157894736842,0.0,1.2379850445093062e-05,0.02103974906865674,0.25,0.0,2.702079769858065e-05,0.21069506468068627
HALLMARK_ANDROGEN_RESPONSE,CCND3,0.07894736842105263,0.002844950213371266,1.655890622010813e-05,0.030341659509230956,0.5,0.2,3.614218602780385e-05,0.5066966876444549
HALLMARK_ANDROGEN_RESPONSE,LMAN1,0.02631578947368421,0.0,2.959673534506077e-13,0.02564102564102564,0.0,0.0,0.0,0.3571150223686775
HALLMARK_ANDROGEN_RESPONSE,SEC24D,0.02631578947368421,0.0,2.959673534506077e-13,0.02564102564102564,0.0,0.0,0.0,0.3571150223686775
HALLMARK_ANDROGEN_RESPONSE,ITGAV,0.02631578947368421,0.0,2.959673534506077e-13,0.02564102564102564,0.0,0.0,0.0,0.3571150223686775
HALLMARK_ANDROGEN_RESPONSE,ACTN1,0.02631578947368421,0.0,2.959673534506077e-13,0.02564102564102564,0.0,0.0,0.0,0.3571150223686775
HALLMARK_ANDROGEN_RESPONSE,SRF,0.05263157894736842,0.004267425320056899,8.902637297503894e-09,0.03147128807902916,0.25,0.30000000000000004,1.943063617314435e-08,0.5426432700312304
HALLMARK_ANDROGEN_RESPONSE,SGK1,0.07894736842105263,0.007112375533428165,1.163185489537408e-08,0.04584381515832871,0.5,0.5,2.5387544835133655e-08,1.0
HALLMARK_ANDROGEN_RESPONSE,ELK4,0.02631578947368421,0.0,4.818073119630549e-09,0.01722334720707272,0.0,0.0,1.0515489300790694e-08,0.08925107184419077
HALLMARK_ANDROGEN_RESPONSE,UAP1,0.02631578947368421,0.0,2.959673534506077e-13,0.02564102564102564,0.0,0.0,0.0,0.3571150223686775
HALLMARK_ANDROGEN_RESPONSE,PGM3,0.02631578947368421,0.0,2.959673534506077e-13,0.02564102564102564,0.0,0.0,0.0,0.3571150223686775
HALLMARK_ANDROGEN_RESPONSE,HMGCR,0.13157894736842105,0.006401137980085349,0.4581600546080102,0.03181900567112578,1.0,0.45,1.0,0.5537081982791634
HALLMARK_ANDROGEN_RESPONSE,INSIG1,0.10526315789473684,0.0,0.4097908031044701,0.02550367960614511,0.75,0.0,0.8944271744839152,0.3527444525279981
HALLMARK_ANDROGEN_RESPONSE,DHCR24,0.10526315789473684,0.0,0.4097908031044701,0.02550367960614511,0.75,0.0,0.8944271744839152,0.3527444525279981
HALLMARK_ANDROGEN_RESPONSE,HMGCS1,0.13157894736842105,0.006401137980085349,0.4581600546080102,0.03181900567112578,1.0,0.45,1.0,0.5537081982791634
HALLMARK_ANDROGEN_RESPONSE,SCD,0.10526315789473684,0.01422475106685633,0.2532646719731263,0.029670706411744997,0.75,1.0,0.5527864540475502,0.48534589018653485
HALLMARK_ANDROGEN_RESPONSE,IDI1,0.10526315789473684,0.0,0.4097908031044702,0.02550367960614511,0.75,0.0,0.8944271744839154,0.3527444525279981
HALLMARK_ANDROGEN_RESPONSE,AZGP1,0.02631578947368421,0.0,5.274237804771548e-10,0.017993702204228523,0.0,0.0,1.1505320200274585e-09,0.11376499625500147
HALLMARK_ANDROGEN_RESPONSE,B2M,0.05263157894736842,0.002844950213371266,8.533896032869997e-10,0.03328834907782277,0.25,0.2,1.861999158054023e-09,0.6004650484823539
HALLMARK_ANDROGEN_RESPONSE,PA2G4,0.02631578947368421,0.0,2.959673534506077e-13,0.02564102564102564,0.0,0.0,0.0,0.3571150223686775
HALLMARK_ANDROGEN_RESPONSE,RRP12,0.02631578947368421,0.0,2.959673534506077e-13,0.02564102564102564,0.0,0.0,0.0,0.3571150223686775
HALLMARK_ANDROGEN_RESPONSE,FADS1,0.05263157894736842,0.0,0.07826310340037429,0.017654224277886616,0.25,0.0,0.17082044279719835,0.10296226731028202
HALLMARK_ANDROGEN_RESPONSE,ELOVL5,0.05263157894736842,0.0,0.07826310340037429,0.017654224277886616,0.25,0.0,0.17082044279719835,0.10296226731028202
HALLMARK_ANDROGEN_RESPONSE,H1-0,0.02631578947368421,0.0,5.930611855559397e-11,0.01974847009935057,0.0,0.0,1.2879811456428482e-10,0.1696045088152598
HALLMARK_ANDROGEN_RESPONSE,XRCC6,0.05263157894736842,0.001422475106685633,8.387151719302766e-11,0.03742613672437578,0.25,0.1,1.8241561873205228e-10,0.7321360494755129
HALLMARK_ANDROGEN_RESPONSE,UBE2I,0.05263157894736842,0.002844950213371266,8.533896032869999e-10,0.03328834907782277,0.25,0.2,1.8619991580540234e-09,0.6004650484823539
HALLMARK_ANDROGEN_RESPONSE,PIAS1,0.02631578947368421,0.0,5.274237804771548e-10,0.017993702204228523,0.0,0.0,1.1505320200274585e-09,0.11376499625500147
HALLMARK_ANDROGEN_RESPONSE,XRCC5,0.02631578947368421,0.0,5.930611855559397e-11,0.01974847009935057,0.0,0.0,1.2879811456428482e-10,0.1696045088152598
HALLMARK_ANDROGEN_RESPONSE,KRT19,0.02631578947368421,0.0,2.959673534506077e-13,0.02564102564102564,0.0,0.0,0.0,0.3571150223686775
HALLMARK_ANDROGEN_RESPONSE,KRT8,0.02631578947368421,0.0,2.959673534506077e-13,0.02564102564102564,0.0,0.0,0.0,0.3571150223686775
HALLMARK_ANDROGEN_RESPONSE,FKBP5,0.02631578947368421,0.0,6.295114218274238e-09,0.016833338880348814,0.0,0.0,1.3739343243946784e-08,0.07684038498398345
HALLMARK_ANDROGEN_RESPONSE,NDRG1,0.02631578947368421,0.0,6.295114218274238e-09,0.016833338880348814,0.0,0.0,1.3739343243946784e-08,0.07684038498398345
HALLMARK_ANDROGEN_RESPONSE,SPDEF,0.02631578947368421,0.0,2.978705167477868e-06,0.014418614352207471,0.0,0.0,6.501450402656647e-06,0.0
HALLMARK_ANDROGEN_RESPONSE,NKX3-1,0.07894736842105263,0.012802275960170698,7.968279782487197e-06,0.037314673120935477,0.5,0.9,1.739191229436718e-05,0.7285890998751593
HALLMARK_ANDROGEN_RESPONSE,SAT1,0.02631578947368421,0.0,2.959673534506077e-13,0.02564102564102564,0.0,0.0,0.0,0.3571150223686775
HALLMARK_ANDROGEN_RESPONSE,SMS,0.02631578947368421,0.0,2.959673534506077e-13,0.02564102564102564,0.0,0.0,0.0,0.3571150223686775
HALLMARK_ANDROGEN_RESPONSE,TMPRSS2,0.02631578947368421,0.0,2.978705167477868e-06,0.014418614352207471,0.0,0.0,6.501450402656647e-06,0.0
HALLMARK_ANGIOGENESIS,TIMP1,0.058823529411764705,0.0,0.07760195804617555,0.024901058040247177,0.0,0.0,0.15632119499162958,0.0
HALLMARK_ANGIOGENESIS,SPP1,0.23529411764705882,0.09558823529411764,0.27838439478623367,0.07796287847103579,0.7499999999999999,0.6499999999999999,0.5607768457920895,0.8976205659941958
HALLMARK_ANGIOGENESIS,JAG1,0.058823529411764705,0.0,1.0353597852553546e-12,0.05555555555555555,0.0,0.0,0.0,0.5185669693682958
HALLMARK_ANGIOGENESIS,JAG2,0.058823529411764705,0.0,1.0353597852553546e-12,0.05555555555555555,0.0,0.0,0.0,0.5185669693682958
HALLMARK_ANGIOGENESIS,ITGAV,0.1764705882352941,0.03676470588235294,0.26146776494932883,0.05716667095999524,0.49999999999999994,0.25,0.5267000279133733,0.5458214116296848
HALLMARK_ANGIOGENESIS,POSTN,0.29411764705882354,0.14705882352941177,0.49642633584944973,0.08401492245133925,1.0,1.0,1.0,1.0
HALLMARK_ANGIOGENESIS,PTK2,0.1764705882352941,0.058823529411764705,0.16316773508498064,0.0634690510172756,0.49999999999999994,0.39999999999999997,0.32868468753794955,0.652435657205851
HALLMARK_ANGIOGENESIS,VCAN,0.11764705882352941,0.0,0.2403623838693014,0.036781710192380315,0.25,0.0,0.4841853997481342,0.20097911497567164
HALLMARK_ANGIOGENESIS,COL3A1,0.23529411764705882,0.025735294117647058,0.4311393939594925,0.06693930398891022,0.7499999999999999,0.175,0.868486143511345,0.7111402099568207
HALLMARK_ANGIOGENESIS,LUM,0.23529411764705882,0.025735294117647058,0.4311393939594925,0.06693930398891022,0.7499999999999999,0.175,0.868486143511345,0.7111402099568207
HALLMARK_ANGIOGENESIS,NRP1,0.11764705882352941,0.014705882352941176,6.696234983807115e-09,0.0721247565955796,0.25,0.09999999999999999,1.3486793791025349e-08,0.7988599464066066
HALLMARK_ANGIOGENESIS,THBD,0.058823529411764705,0.0,4.138500816648899e-09,0.03898635451553149,0.0,0.0,8.33450032378426e-09,0.23827399232998484
HALLMARK_ANGIOGENESIS,FGFR1,0.11764705882352941,0.014705882352941176,6.696234983807115e-09,0.0721247565955796,0.25,0.09999999999999999,1.3486793791025349e-08,0.7988599464066066
HALLMARK_ANGIOGENESIS,COL5A2,0.1764705882352941,0.0,0.37874339576846194,0.05106405729218946,0.49999999999999994,0.0,0.7629397725649215,0.44258651523775333
HALLMARK_ANGIOGENESIS,APP,0.058823529411764705,0.0,1.0353597852553546e-12,0.05555555555555555,0.0,0.0,0.0,0.5185669693682958
HALLMARK_ANGIOGENESIS,TNFRSF21,0.058823529411764705,0.0,1.0353597852553546e-12,0.05555555555555555,0.0,0.0,0.0,0.5185669693682958
HALLMARK_ANGIOGENESIS,VAV2,0.058823529411764705,0.0,0.04548479500399279,0.02631659915327225,0.0,0.0,0.09162446010287088,0.023946008726160362
HALLMARK_ANGIOGENESIS,PDGFA,0.058823529411764705,0.0,4.138500816648899e-09,0.03898635451553149,0.0,0.0,8.33450032378426e-09,0.23827399232998484
HALLMARK_APICAL_JUNCTION,SKAP2,0.022222222222222223,0.0011837637260255357,0.020095981743841883,0.0034695918025579716,0.044444444444444446,0.006315371527049305,0.06449994644568863,0.05481065386700428
HALLMARK_APICAL_JUNCTION,SIRPA,0.044444444444444446,0.015990949544119892,0.03522415608199769,0.00650461192639333,0.1111111111111111,0.08531160840726619,0.11305524705602588,0.15252825064246545
HALLMARK_APICAL_JUNCTION,FYB1,0.02962962962962963,0.0006966684212195614,0.02183210752548432,0.004009259587357019,0.06666666666666668,0.0037167213477104816,0.07007220568468954,0.07218616929556702
HALLMARK_APICAL_JUNCTION,ITGB1,0.26666666666666666,0.09645415697097338,0.26879008866934806,0.025123829997716434,0.7777777777777778,0.5145822795611574,0.8627071095751525,0.7520054104409057
HALLMARK_APICAL_JUNCTION,CX3CL1,0.014814814814814815,0.0003302024777464914,0.008953665054556994,0.0025042571717299694,0.022222222222222223,0.0017616280008197678,0.02873763142666713,0.02373007569626245
HALLMARK_APICAL_JUNCTION,GNAI1,0.05925925925925926,0.004612764680758048,0.04861574381157131,0.0067871303875659626,0.15555555555555559,0.02460906858807536,0.1560368093598892,0.1616244094631866
HALLMARK_APICAL_JUNCTION,ICAM1,0.13333333333333333,0.035764871689393476,0.09656057058314953,0.01440396382545278,0.37777777777777777,0.19080535023160106,0.309920247279624,0.4068612211548016
HALLMARK_APICAL_JUNCTION,CLDN11,0.044444444444444446,0.0003087545174213283,0.01425475962439268,0.006232600216016146,0.1111111111111111,0.0016472032765501745,0.04575199381096365,0.14377037440168075
HALLMARK_APICAL_JUNCTION,TJP1,0.17777777777777778,0.1166462552078112,0.13110718456165507,0.021400507785509306,0.5111111111111112,0.6223069880251142,0.42080085913011506,0.6321267659007184
HALLMARK_APICAL_JUNCTION,CLDN14,0.022222222222222223,0.0,0.009978105245749496,0.0036170136834553467,0.044444444444444446,0.0,0.032025668722430276,0.059557150208255964
HALLMARK_APICAL_JUNCTION,CLDN9,0.05185185185185186,0.0007590816967044748,0.016426594500160315,0.007190909153382867,0.13333333333333336,0.004049695753194844,0.05272270243129854,0.1746247485102729
HALLMARK_APICAL_JUNCTION,CLDN5,0.05925925925925926,0.005841769698990512,0.033697943016286654,0.007228902635156121,0.15555555555555559,0.031165802105164554,0.10815672245255692,0.17584801279865697
HALLMARK_APICAL_JUNCTION,CLDN4,0.044444444444444446,0.001493615853519482,0.02460293002112722,0.005824108513510661,0.1111111111111111,0.007968430545964291,0.07896542149556884,0.13061829440126557
HALLMARK_APICAL_JUNCTION,CLDN8,0.044444444444444446,0.00027254037569525457,0.015318615475853071,0.006215720497499881,0.1111111111111111,0.0014540010736906145,0.04916653938130658,0.14322690336677663
HALLMARK_APICAL_JUNCTION,ITGB4,0.17037037037037037,0.026063574431042076,0.1994395230001383,0.015568973874139089,0.4888888888888889,0.13904899452154926,0.64011993624569,0.4443706865065591
HALLMARK_APICAL_JUNCTION,LAMB3,0.07407407407407407,0.001061267779940942,0.09069412389088767,0.0071785831886592676,0.2,0.0056618564774887125,0.29109133400230536,0.1742278932666223
HALLMARK_APICAL_JUNCTION,ACTN4,0.10370370370370371,0.009811065549640813,0.135201031864549,0.010079022526501717,0.288888888888889,0.052341968806771284,0.43394044768862877,0.2676124344303267
HALLMARK_APICAL_JUNCTION,ITGA2,0.17037037037037037,0.01943650534566053,0.19974497388077656,0.015444063371237812,0.4888888888888889,0.10369362546481531,0.6411003096205311,0.44034898198484335
HALLMARK_APICAL_JUNCTION,JUP,0.05925925925925926,0.016255139421087125,0.05289316538500331,0.007543217055312037,0.15555555555555559,0.0867210596263328,0.16976559683236694,0.18596789619853876
HALLMARK_APICAL_JUNCTION,ACTG1,0.17037037037037037,0.027179594901400424,0.15190345572562663,0.016825724758779626,0.4888888888888889,0.14500295623464304,0.48754845043688094,0.4848339029538086
HALLMARK_APICAL_JUNCTION,VWF,0.0962962962962963,0.006792792321184956,0.10538406067894715,0.009488222496213559,0.2666666666666667,0.03623950140658832,0.33824006991368905,0.2485906300339614
HALLMARK_APICAL_JUNCTION,LAMC2,0.08148148148148149,0.0030050719724817954,0.10481513040925951,0.007791609807229953,0.22222222222222227,0.01603203878823369,0.3364140346199702,0.19396532019689736
HALLMARK_APICAL_JUNCTION,ITGA10,0.05925925925925926,0.0,0.08194360352141336,0.005828639007984933,0.15555555555555559,0.0,0.2630057145786136,0.1307641613194957
HALLMARK_APICAL_JUNCTION,PARVA,0.05925925925925926,0.01424331626858634,0.086032617233025,0.006871413354049071,0.15555555555555559,0.07598799662108241,0.2761297892705831,0.16433804186026882
HALLMARK_APICAL_JUNCTION,EGFR,0.2518518518518519,0.10503257352284096,0.24308305155546622,0.02419708498786088,0.7333333333333334,0.560348074244466,0.7801979523586451,0.7221672902665012
HALLMARK_APICAL_JUNCTION,PTK2,0.20740740740740743,0.04584075256046723,0.2253854926446571,0.019156020908078733,0.6000000000000001,0.24456010699946237,0.7233959699266894,0.559861721615143
HALLMARK_APICAL_JUNCTION,SRC,0.34074074074074073,0.18744166055082728,0.3115658671246097,0.03282631752044633,1.0,1.0,1.0,1.0
HALLMARK_APICAL_JUNCTION,VASP,0.13333333333333333,0.018372430705240986,0.15965240502728537,0.012855987037373456,0.37777777777777777,0.09801679440552682,0.5124194331705562,0.3570214950826872
HALLMARK_APICAL_JUNCTION,THBS3,0.037037037037037035,1.0050756319413036e-05,0.05783563540853865,0.004021611658011815,0.08888888888888889,5.3620717453512105e-05,0.18562891995292755,0.07258386506374599
HALLMARK_APICAL_JUNCTION,ACTN1,0.0962962962962963,0.004806306802161264,0.13427890989485117,0.009215674900697567,0.2666666666666667,0.025641614505746285,0.43098081036311575,0.23981550006642186
HALLMARK_APICAL_JUNCTION,LAMA3,0.07407407407407407,0.001061267779940942,0.09069412389088767,0.0071785831886592676,0.2,0.0056618564774887125,0.29109133400230536,0.1742278932666223
HALLMARK_APICAL_JUNCTION,ITGA3,0.11851851851851852,0.005368755022702291,0.14912210791302458,0.010963155184962683,0.33333333333333337,0.02864227198438888,0.47862145262973776,0.29607857801105764
HALLMARK_APICAL_JUNCTION,ACTB,0.22962962962962963,0.09217588844887238,0.23396811420758057,0.021975610074362845,0.6666666666666666,0.4917577457327192,0.7509427023147108,0.6506431550098021
HALLMARK_APICAL_JUNCTION,ITGA9,0.08888888888888889,0.0034506180411766883,0.12068694877468335,0.008427198786178843,0.24444444444444446,0.01840902407200457,0.38735613078699344,0.2144291804105715
HALLMARK_APICAL_JUNCTION,COL17A1,0.02962962962962963,0.0,0.0299507235894804,0.003500746088384377,0.06666666666666668,0.0,0.09612966871464676,0.055813718695571224
HALLMARK_APICAL_JUNCTION,FLNC,0.06666666666666667,0.004482333124344732,0.09218052980432276,0.006775142616510444,0.17777777777777778,0.023913217110714233,0.29586209380071615,0.16123844293563702
HALLMARK_APICAL_JUNCTION,SHC1,0.08148148148148149,0.002130646924873524,0.10801855364616944,0.008057787255532948,0.22222222222222227,0.01136698703272409,0.34669572326087883,0.2025353525204801
HALLMARK_APICAL_JUNCTION,MAPK13,0.05925925925925926,0.00216557152968977,0.049987997091421654,0.0066062360257446995,0.15555555555555559,0.01155330956483149,0.16044118552764675,0.15580021008849954
HALLMARK_APICAL_JUNCTION,DLG1,0.02962962962962963,0.0002056032901804046,0.01890353449924646,0.003833949405006038,0.06666666666666668,0.0010968921720828043,0.06067267468578655,0.06654176200644585
HALLMARK_APICAL_JUNCTION,AKT3,0.05185185185185186,0.0006931648793112392,0.03332228471687269,0.005944444009916205,0.13333333333333336,0.0036980299751627433,0.10695101175362556,0.13449269886507262
HALLMARK_APICAL_JUNCTION,GNAI2,0.05925925925925926,0.0004707398488493016,0.056298982181619134,0.0063682044108897395,0.15555555555555559,0.0025113939316689644,0.18069688666859818,0.1481363803901266
HALLMARK_APICAL_JUNCTION,AKT2,0.08148148148148149,0.0034189322946835336,0.0664391956759221,0.008787174592761068,0.22222222222222227,0.018239980827295568,0.2132428570853365,0.2260192092345225
HALLMARK_APICAL_JUNCTION,MAPK11,0.05925925925925926,0.00216557152968977,0.049987997091421654,0.0066062360257446995,0.15555555555555559,0.01155330956483149,0.16044118552764675,0.15580021008849954
HALLMARK_APICAL_JUNCTION,VCL,0.1925925925925926,0.07210823187955445,0.18671085709218319,0.020319221252500644,0.5555555555555556,0.38469693272911093,0.5992660839754593,0.5973129204828656
HALLMARK_APICAL_JUNCTION,CTNNA1,0.11851851851851852,0.025874115039549145,0.10536796663519009,0.012765468225842931,0.33333333333333337,0.13803822994052614,0.33818841456419396,0.3541070891266055
HALLMARK_APICAL_JUNCTION,ARPC2,0.037037037037037035,1.0071565338707887e-05,0.04712898777949366,0.004275127914182198,0.08888888888888889,5.373173343167673e-05,0.15126492582271397,0.08074624893129556
HALLMARK_APICAL_JUNCTION,NEXN,0.007407407407407408,0.0,0.011515038888638847,0.0017672224957361892,0.0,0.0,0.036958602028229974,0.0
HALLMARK_APICAL_JUNCTION,ACTA1,0.08148148148148149,0.007596318714519484,0.0750469694845357,0.008543084802289472,0.22222222222222227,0.040526309317771125,0.2408703179752386,0.2181603263444254
HALLMARK_APICAL_JUNCTION,ZYX,0.08148148148148149,0.004331312979600257,0.10483970655890444,0.00836267146332836,0.22222222222222227,0.023107525652899155,0.3364929140873257,0.21235161431281024
HALLMARK_APICAL_JUNCTION,CTNND1,0.10370370370370371,0.03556694654189067,0.09041345348581972,0.011687686974372195,0.288888888888889,0.18974942089912944,0.2901904958981247,0.319406102165676
HALLMARK_APICAL_JUNCTION,LIMA1,0.02962962962962963,0.0,0.033000789297204056,0.003837170533243713,0.06666666666666668,0.0,0.10591914191937299,0.06664547166814438
HALLMARK_APICAL_JUNCTION,MYL9,0.05185185185185186,0.007999110304326536,0.04171270736023096,0.006319390085254929,0.13333333333333336,0.04267519974385562,0.13388086360418963,0.1465647207652736
HALLMARK_APICAL_JUNCTION,CDH1,0.16296296296296298,0.0971430347504192,0.1525954896264019,0.017655991456489335,0.4666666666666667,0.5182574378873345,0.48976959843092127,0.5115657409886631
HALLMARK_APICAL_JUNCTION,WASL,0.0962962962962963,0.008948066298522276,0.11654655712521857,0.009534156339679066,0.2666666666666667,0.04773787359878776,0.37406715376368926,0.25006954767238465
HALLMARK_APICAL_JUNCTION,SORBS3,0.007407407407407408,0.0,0.011515038888638847,0.0017672224957361892,0.0,0.0,0.036958602028229974,0.0
HALLMARK_APICAL_JUNCTION,MSN,0.08888888888888889,0.018161206520364993,0.10828351102638209,0.008998253201880007,0.24444444444444446,0.0968899147979984,0.34754612893162157,0.23281524140967147
HALLMARK_APICAL_JUNCTION,CNN2,0.014814814814814815,0.0,0.01798080353840239,0.002413427181181137,0.022222222222222223,0.0,0.05771108274582276,0.02080565080633667
HALLMARK_APICAL_JUNCTION,HRAS,0.10370370370370371,0.015350537166698482,0.10360024088976634,0.010527135576527569,0.288888888888889,0.0818950126753491,0.3325147322647245,0.28204019060510704
HALLMARK_APICAL_JUNCTION,PFN1,0.07407407407407407,0.00070709816341561,0.07780911816768327,0.00759323391908553,0.2,0.0037723639522702105,0.24973569436784215,0.18757827356895798
HALLMARK_APICAL_JUNCTION,MYH9,0.06666666666666667,0.010049252397682581,0.05281099868558141,0.007560309536527236,0.17777777777777778,0.053612694041181914,0.1695018750704801,0.1865182174877328
HALLMARK_APICAL_JUNCTION,MYH10,0.044444444444444446,0.0041964443858838974,0.030866581201661126,0.005625515417980598,0.1111111111111111,0.022388002611329706,0.09906919999460699,0.12422425441484403
HALLMARK_APICAL_JUNCTION,ACTG2,0.02962962962962963,0.0001463581563084051,0.012361467259541454,0.004041412132920005,0.06666666666666668,0.0007808197808230479,0.039675293618082724,0.0732213747816704
HALLMARK_APICAL_JUNCTION,MYL12B,0.022222222222222223,0.0,0.007733123336356557,0.003381266303337044,0.044444444444444446,0.0,0.024820187807234047,0.05196686530360096
HALLMARK_APICAL_JUNCTION,MMP2,0.05925925925925926,0.0031320270303879126,0.07433465396599596,0.006640859552366819,0.15555555555555559,0.01670934316941042,0.2385840742184575,0.15691497298144835
HALLMARK_APICAL_JUNCTION,PTEN,0.15555555555555556,0.04523164844891113,0.1446319221179525,0.015702638216680866,0.4444444444444444,0.24131054065564028,0.4642097783455446,0.44867423567421627
HALLMARK_APICAL_JUNCTION,FBN1,0.02962962962962963,0.0017777458156025092,0.028474476912091127,0.00434479738893545,0.06666666666666668,0.009484261985186851,0.0913915159413237,0.08298937529083128
HALLMARK_APICAL_JUNCTION,MMP9,0.12592592592592594,0.05268286682241787,0.10887497222769126,0.015006935914683368,0.3555555555555556,0.28106274062874204,0.34944447937279044,0.4262749255383605
HALLMARK_APICAL_JUNCTION,PECAM1,0.10370370370370371,0.02104517113969297,0.09379393658829502,0.010979299440052187,0.288888888888889,0.11227584667063005,0.30104047485658125,0.29659836955928726
HALLMARK_APICAL_JUNCTION,RAC2,0.07407407407407407,0.009214757252682507,0.06724275629860398,0.008068829952860358,0.2,0.04916066804787938,0.21582196059913858,0.20289089080382755
HALLMARK_APICAL_JUNCTION,BAIAP2,0.05185185185185186,0.0008753133160542374,0.07918637092592577,0.0054551349901299,0.13333333333333336,0.004669790661702363,0.25415611683244954,0.11873856889454326
HALLMARK_APICAL_JUNCTION,FSCN1,0.02962962962962963,0.00012296965576544692,0.031057274142561996,0.0035852252227227344,0.06666666666666668,0.0006560422875260544,0.09968124695167821,0.05853366704793459
HALLMARK_APICAL_JUNCTION,CAP1,0.02962962962962963,1.0071565338707887e-05,0.0332248302320397,0.0036328841835456356,0.06666666666666668,5.373173343167673e-05,0.10663822240435447,0.06006812775211751
HALLMARK_APICAL_JUNCTION,EVL,0.05185185185185186,0.0019274444445028522,0.06547039787724836,0.005684567175450923,0.13333333333333336,0.010282903164850058,0.21013340928986832,0.12612552544103922
HALLMARK_APICAL_JUNCTION,MAPK14,0.05925925925925926,0.003427139821355742,0.061896925554109125,0.006509251721777734,0.15555555555555559,0.01828376792696215,0.1986640132481317,0.15267763668802517
HALLMARK_APICAL_JUNCTION,PLCG1,0.0962962962962963,0.008094783013490524,0.10877662899625773,0.009572854961894518,0.2666666666666667,0.043185613004615465,0.3491288375075851,0.25131551514776224
HALLMARK_APICAL_JUNCTION,PIK3R3,0.14074074074074075,0.015242616905929774,0.14597462491401017,0.013459149487858821,0.4,0.08131925880904442,0.4685193094519179,0.3764413284682221
HALLMARK_APICAL_JUNCTION,RASA1,0.06666666666666667,0.007891689123980007,0.055356064491396774,0.007748828652236906,0.17777777777777778,0.04210210846825096,0.17767050351910754,0.19258790868638775
HALLMARK_APICAL_JUNCTION,PIK3CB,0.12592592592592594,0.00964551329116529,0.1412146664430475,0.012017443424384409,0.3555555555555556,0.05145874861981273,0.45324177435190344,0.3300231677868689
HALLMARK_APICAL_JUNCTION,VAV2,0.06666666666666667,0.0014393381954175102,0.08771634756217293,0.006766379844599359,0.17777777777777778,0.0076788596045712825,0.2815338803691582,0.1609563107001642
HALLMARK_APICAL_JUNCTION,SYK,0.0962962962962963,0.010782440793791552,0.08860039254216896,0.009880813467103957,0.2666666666666667,0.05752424920962409,0.28437130600937593,0.2612307591355356
HALLMARK_APICAL_JUNCTION,SYMPK,0.007407407407407408,0.0,0.008085855182329488,0.0018608766474363398,0.0,0.0,0.025952313894177508,0.0030153535260972917
HALLMARK_APICAL_JUNCTION,RRAS,0.037037037037037035,0.0005472049565308758,0.024405505724413815,0.004669142304379763,0.08888888888888889,0.0029193347675368782,0.07833176961792447,0.09343220742055912
HALLMARK_APICAL_JUNCTION,ARHGEF6,0.02962962962962963,0.00037604925500191004,0.015455981704291756,0.003953521261517332,0.06666666666666668,0.0020062202495263284,0.049607429231361126,0.07039157979463848
HALLMARK_APICAL_JUNCTION,NF1,0.05185185185185186,0.005680963903757809,0.037712855453559256,0.006516260174887906,0.13333333333333336,0.030307904267724627,0.12104296212420507,0.15290328566796474
HALLMARK_APICAL_JUNCTION,YWHAH,0.014814814814814815,0.00022111337652334578,0.008824352486333592,0.002572366475775908,0.022222222222222223,0.001179638378541722,0.02832259055772726,0.02592296972590986
HALLMARK_APICAL_JUNCTION,PARD6G,0.022222222222222223,0.0015120180169931412,0.013617764085502287,0.0036554179950567213,0.044444444444444446,0.008066605964489616,0.043707496623999226,0.060793641856541944
HALLMARK_APICAL_JUNCTION,TUBG1,0.014814814814814815,1.0071565338707887e-05,0.023797799924377416,0.0023273152834867444,0.022222222222222223,5.373173343167673e-05,0.0763812806069015,0.018033132881204488
HALLMARK_APICAL_JUNCTION,NECTIN2,0.022222222222222223,0.0,0.0010771983803176664,0.005286775899359608,0.044444444444444446,0.0,0.003457369673574765,0.11331796373407906
HALLMARK_APICAL_JUNCTION,NECTIN3,0.02962962962962963,0.0001105583195135434,0.0011359166010497755,0.0069237102062536336,0.06666666666666668,0.0005898278919886331,0.0036458313342631133,0.16602182730742868
HALLMARK_APICAL_JUNCTION,NECTIN1,0.044444444444444446,0.05494748479823107,0.015252621886943813,0.008572379704333385,0.1111111111111111,0.2931444623183507,0.048954726741114944,0.21910352517300058
HALLMARK_APICAL_JUNCTION,NECTIN4,0.022222222222222223,0.0,0.0010771983803176664,0.005286775899359609,0.044444444444444446,0.0,0.003457369673574765,0.11331796373407908
HALLMARK_APICAL_JUNCTION,EXOC4,0.007407407407407408,0.0,1.578494963038112e-17,0.007352941176470588,0.0,0.0,0.0,0.1798416430449917
HALLMARK_APICAL_JUNCTION,STX4,0.007407407407407408,0.0,1.578494963038112e-17,0.007352941176470588,0.0,0.0,0.0,0.1798416430449917
HALLMARK_APICAL_JUNCTION,VCAM1,0.08148148148148149,0.0034914135791100464,0.0685688163771853,0.0086420605926289,0.22222222222222227,0.01862666799285692,0.22007807533602974,0.22134701901079848
HALLMARK_APICAL_JUNCTION,CD34,0.06666666666666667,0.0020863118070648264,0.05548381216074741,0.007475770060603633,0.17777777777777778,0.011130459477012024,0.178080521697702,0.1837963263361605
HALLMARK_APICAL_JUNCTION,NF2,0.044444444444444446,0.01613410549979027,0.03158145814118666,0.006457595555245882,0.1111111111111111,0.08607534446919443,0.10136366487332757,0.15101447919773917
HALLMARK_APICAL_JUNCTION,CDH3,0.05185185185185186,0.0016941236601837975,0.03554216732937848,0.006390729481957393,0.13333333333333336,0.009038138347714933,0.11407593411111205,0.14886161308121862
HALLMARK_APICAL_JUNCTION,CDH11,0.044444444444444446,0.00044122995732993523,0.027926029062211623,0.005613556966084053,0.1111111111111111,0.002353958858629989,0.08963122090342035,0.12383923186711585
HALLMARK_APICAL_JUNCTION,CLDN7,0.05925925925925926,0.0074055299965586725,0.051946425047084896,0.007053901404390112,0.15555555555555559,0.039508452788970916,0.1667269445350029,0.17021355272740307
HALLMARK_APICAL_JUNCTION,CD274,0.05185185185185186,0.007111264084331877,0.048634030325541415,0.0062117625479977245,0.13333333333333336,0.03793854612381416,0.15609550164906347,0.14309947050052577
HALLMARK_APICAL_JUNCTION,ADAM15,0.014814814814814815,0.0,0.0286266248463584,0.0023916795958437466,0.022222222222222223,0.0,0.09187984906866985,0.02010545058092481
HALLMARK_APICAL_JUNCTION,PKD1,0.014814814814814815,0.0005214695616510679,0.0152184883753638,0.0025138311795247607,0.022222222222222223,0.0027820366087167934,0.04884517202032661,0.02403832704058444
HALLMARK_APICAL_JUNCTION,TSC1,0.044444444444444446,0.002246070065307214,0.021373355694331304,0.005854386811245202,0.1111111111111111,0.011982768711644881,0.06859979846824199,0.13159315531432345
HALLMARK_APICAL_JUNCTION,INPPL1,0.05185185185185186,0.0005296098006354039,0.07318665397854925,0.0054155272410657115,0.13333333333333336,0.0028254647290205433,0.23489946011729995,0.1174633305454324
HALLMARK_APICAL_JUNCTION,IRS1,0.05925925925925926,0.0005637500673191785,0.07425425290435717,0.006370291687883105,0.15555555555555559,0.003007602822459579,0.23832601943735837,0.1482035837967843
HALLMARK_APICAL_JUNCTION,CDH6,0.02962962962962963,0.0,0.015988948189183394,0.004062000174781714,0.06666666666666668,0.0,0.051318035369993374,0.07388424154727737
HALLMARK_APICAL_JUNCTION,CADM3,0.014814814814814815,0.0,0.0010107606834885987,0.0037887811462686723,0.022222222222222223,0.0,0.003244131627179599,0.06508749366084755
HALLMARK_APICAL_JUNCTION,ICAM2,0.02962962962962963,0.0004999844982593777,0.01769643745024769,0.003973809264371389,0.06666666666666668,0.002667413939836498,0.05679838299864228,0.07104478629785167
HALLMARK_APICAL_JUNCTION,PTPRC,0.11851851851851852,0.03608096738066427,0.10006612524693113,0.013006211663455416,0.33333333333333337,0.19249171862132772,0.32117165519581775,0.3618582305369058
HALLMARK_APICAL_JUNCTION,CD86,0.037037037037037035,0.000993159122744683,0.016403270196021977,0.0052560296073551355,0.08888888888888889,0.00529849724882999,0.05264784088002017,0.11232803495540693
HALLMARK_APICAL_JUNCTION,CD209,0.02962962962962963,0.0004956810191506276,0.013522771048445393,0.004167134137801575,0.06666666666666668,0.0026444549076976255,0.04340260752323358,0.07726920697966418
HALLMARK_APICAL_JUNCTION,CD99,0.037037037037037035,0.014040906578220012,0.021414736411076194,0.005592307701765605,0.08888888888888889,0.07490814228255642,0.06873261377669276,0.12315507592820192
HALLMARK_APICAL_JUNCTION,VCAN,0.022222222222222223,0.0008152474343259548,0.00969754152038926,0.004209603067129727,0.044444444444444446,0.004349339586142269,0.031125173016820697,0.07863656585777587
HALLMARK_APICAL_JUNCTION,SDC3,0.022222222222222223,0.015623162845385067,0.019889204870934197,0.005057823270329356,0.044444444444444446,0.08334946883992547,0.06383627659373727,0.10594644731197785
HALLMARK_APICAL_JUNCTION,NRXN2,0.014814814814814815,0.0001105583195135434,4.673751467559542e-16,0.010761648488055602,0.022222222222222223,0.0005898278919886331,1.4494212774114986e-15,0.28959072970940025
HALLMARK_APICAL_JUNCTION,NLGN2,0.007407407407407408,0.0,3.304841356291821e-16,0.005648587520678081,0.0,0.0,1.0100566820849413e-15,0.12496709971278742
HALLMARK_APICAL_JUNCTION,NLGN3,0.007407407407407408,0.0,3.304841356291821e-16,0.005648587520678081,0.0,0.0,1.0100566820849413e-15,0.12496709971278742
HALLMARK_APICAL_JUNCTION,IKBKG,0.037037037037037035,0.014107909979638296,0.04304836851664253,0.005386071456852489,0.08888888888888889,0.07526560497906361,0.13816779390479725,0.1165149518438061
HALLMARK_APICAL_JUNCTION,GRB7,0.02962962962962963,0.0,0.054769571203464214,0.003518604848411963,0.06666666666666668,0.0,0.17578809806389767,0.056388711624804286
HALLMARK_APICAL_JUNCTION,THY1,0.037037037037037035,0.0,0.03618395449843404,0.004427530752252384,0.08888888888888889,0.0,0.11613581048646249,0.08565311559785288
HALLMARK_APICAL_JUNCTION,JAM3,0.014814814814814815,0.00024007024929233,0.024662946961336633,0.002454076620098725,0.022222222222222223,0.0012807731674316434,0.0791580515187588,0.022114428118916053
HALLMARK_APICAL_JUNCTION,NRTN,0.007407407407407408,0.0,0.0012266504032374269,0.0025359892064585375,0.0,0.0,0.003937050019496572,0.02475174212612213
HALLMARK_APICAL_JUNCTION,CALB2,0.007407407407407408,0.0,0.0013207402359443662,0.0020536317968064734,0.0,0.0,0.004239040200819317,0.0092214309799568
HALLMARK_APICAL_JUNCTION,CD276,0.014814814814814815,0.0,0.007183120066125247,0.0026874178980982846,0.022222222222222223,0.0,0.02305490050119119,0.029627244503743655
HALLMARK_APICAL_JUNCTION,RSU1,0.007407407407407408,0.0,0.00530583128703585,0.0018330269762330612,0.0,0.0,0.017029565324348527,0.002118686344354814
HALLMARK_APICAL_JUNCTION,CRB3,0.014814814814814815,0.0013736898908409776,0.008925736059287417,0.002896577637808668,0.022222222222222223,0.007328626340612702,0.028647990685441754,0.036361495438742855
HALLMARK_APICAL_JUNCTION,LAYN,0.007407407407407408,0.0,0.0019477848649396131,0.002017766639781991,0.0,0.0,0.006251599005100862,0.008066691700014852
HALLMARK_APICAL_JUNCTION,NFASC,0.007407407407407408,0.0,1.578494963038112e-17,0.007352941176470588,0.0,0.0,0.0,0.1798416430449917
HALLMARK_APICAL_JUNCTION,CNTN1,0.007407407407407408,0.0,1.578494963038112e-17,0.007352941176470588,0.0,0.0,0.0,0.1798416430449917
HALLMARK_APICAL_JUNCTION,SHROOM2,0.007407407407407408,0.0,0.008085855182329488,0.0018608766474363398,0.0,0.0,0.025952313894177508,0.0030153535260972917
HALLMARK_APICAL_JUNCTION,CLDN15,0.022222222222222223,0.0,0.010043714060115564,0.0036146224616181765,0.044444444444444446,0.0,0.03223624639247982,0.05948016078421551
HALLMARK_APICAL_JUNCTION,MPZL1,0.007407407407407408,0.0,0.002172428923394385,0.0020244261501026466,0.0,0.0,0.006972615272152112,0.008281105877741451
HALLMARK_APICAL_JUNCTION,DSC3,0.007407407407407408,0.0,0.0032621278925032983,0.0019044101270386882,0.0,0.0,0.01047010676300625,0.004416987397519297
HALLMARK_APICAL_JUNCTION,TGFBI,0.007407407407407408,0.0,0.0067147689767420755,0.001853286926167474,0.0,0.0,0.021551683561205088,0.0027709896364595723
HALLMARK_APICAL_JUNCTION,COL16A1,0.007407407407407408,0.0,0.0067147689767420755,0.001853286926167474,0.0,0.0,0.021551683561205088,0.0027709896364595723
HALLMARK_APICAL_JUNCTION,TRAF1,0.007407407407407408,0.0,0.002654992053780994,0.0020185714778848747,0.0,0.0,0.008521447096511132,0.008092604821509322
HALLMARK_APICAL_SURFACE,CX3CL1,0.1,0.0,0.3535533864900248,0.0596860793581152,0.0,0.0,0.5411932563955631,0.0
HALLMARK_APICAL_SURFACE,ADAM10,0.30000000000000004,0.11111111111111112,0.6532814792789232,0.16252443830525728,1.0,1.0,1.0,1.0
HALLMARK_APICAL_SURFACE,IL2RB,0.1,0.0,4.0439164845968275e-06,0.09090909090909091,0.0,0.0,0.0,0.3036125028699071
HALLMARK_APICAL_SURFACE,IL2RG,0.1,0.0,4.0439164845968275e-06,0.09090909090909091,0.0,0.0,0.0,0.3036125028699071
HALLMARK_APICAL_SURFACE,LYPD3,0.1,0.0,4.0439164845968275e-06,0.09090909090909091,0.0,0.0,0.0,0.3036125028699071
HALLMARK_APICAL_SURFACE,PLAUR,0.1,0.0,4.0439164845968275e-06,0.09090909090909091,0.0,0.0,0.0,0.3036125028699071
HALLMARK_APICAL_SURFACE,EFNA5,0.2,0.06666666666666667,0.5000000057538104,0.11158850439031481,0.49999999999999994,0.6,0.7653654248136211,0.5046990788610013
HALLMARK_APICAL_SURFACE,APP,0.1,0.0,0.3535533864900248,0.0596860793581152,0.0,0.0,0.5411932563955631,0.0
HALLMARK_APICAL_SURFACE,EPHB4,0.1,0.0,0.27059805760958855,0.06106035313365211,0.0,0.0,0.4142099497788076,0.013363435488534693
HALLMARK_APICAL_SURFACE,GATA3,0.1,0.0,4.0439164845968275e-06,0.09090909090909091,0.0,0.0,0.0,0.3036125028699071
HALLMARK_APICAL_SURFACE,BRCA1,0.1,0.0,4.0439164845968275e-06,0.09090909090909091,0.0,0.0,0.0,0.3036125028699071
HALLMARK_APOPTOSIS,DCN,0.06201550387596899,0.002623320417506649,0.039000857405959426,0.007504153084451397,0.175,0.01673593932867627,0.12994179604214495,0.17112495941641334
HALLMARK_APOPTOSIS,ERBB2,0.13178294573643412,0.035142484508258444,0.10837874707349826,0.014940373121416233,0.4,0.22419773225725986,0.36109280626676227,0.39597717600597443
HALLMARK_APOPTOSIS,MMP2,0.12403100775193798,0.02869418625882976,0.10959837622950441,0.014119724483658403,0.375,0.18305966633307533,0.36515632726547215,0.371162866541785
HALLMARK_APOPTOSIS,TGFB2,0.07751937984496124,0.011959480333331806,0.05009651602366585,0.009553975569392586,0.225,0.07629763254439764,0.16690995276874468,0.23310633262256072
HALLMARK_APOPTOSIS,HGF,0.06201550387596899,0.0011701195177964455,0.04154977696832809,0.007459446489072858,0.175,0.0074649856443209745,0.13843420384881364,0.16977314666516777
HALLMARK_APOPTOSIS,LUM,0.03875968992248062,0.0003949889547817562,0.02424057316377517,0.004972776645979826,0.1,0.0025199023110595562,0.08076395811520436,0.09458263006312005
HALLMARK_APOPTOSIS,BGN,0.06201550387596899,0.0018313953714457598,0.04247770043814819,0.007471447650317625,0.175,0.01168371260284947,0.1415258292713783,0.17013603099270522
HALLMARK_APOPTOSIS,ERBB3,0.031007751937984496,0.0003550655980486134,0.022995061339008277,0.00424052989138465,0.075,0.002265204153859976,0.0766142020773484,0.07244136675423603
HALLMARK_APOPTOSIS,TNF,0.26356589147286824,0.09973295803777478,0.2422582296516779,0.028327915819953284,0.8250000000000001,0.6362641496825022,0.807148138802695,0.8007821219986835
HALLMARK_APOPTOSIS,PPP2R5B,0.007751937984496124,0.0,0.0006272995729797433,0.0030472222483497475,0.0,0.0,0.002090016440433471,0.0363588050123999
HALLMARK_APOPTOSIS,IER3,0.015503875968992248,0.014292635658914728,0.010320137458544832,0.0044550025563238425,0.025,0.09118241204474045,0.03438430039643746,0.07892646992086193
HALLMARK_APOPTOSIS,TGFBR3,0.015503875968992248,0.0,0.005081000790251913,0.0028629973389855904,0.025,0.0,0.016928714194780866,0.030788316374943035
HALLMARK_APOPTOSIS,BMP2,0.046511627906976744,0.006620876707348879,0.03348888051266299,0.0063322112233852364,0.125,0.04223906090059464,0.11157716959810428,0.1356884441082438
HALLMARK_APOPTOSIS,GADD45B,0.031007751937984496,0.0005893456626575762,0.026136562856667635,0.004443167410662674,0.075,0.003759835507715178,0.0870809552880459,0.07856860547866606
HALLMARK_APOPTOSIS,CDKN1A,0.14728682170542634,0.047249402342964736,0.13223875446607128,0.016932326608041916,0.4499999999999999,0.30143596857285837,0.4405888076468767,0.45620873916368626
HALLMARK_APOPTOSIS,GADD45A,0.046511627906976744,0.01472561474378335,0.019968053137655588,0.007191822607611555,0.125,0.09394467914966174,0.0665289139970415,0.16168088706825604
HALLMARK_APOPTOSIS,ATF3,0.06976744186046512,0.015919916570602544,0.06088233829993271,0.008731488754616348,0.2,0.1015639401367625,0.20284580678808056,0.208236441401105
HALLMARK_APOPTOSIS,JUN,0.20155038759689922,0.05709513326562426,0.2168852132264083,0.021055120804365942,0.625,0.36424856068644984,0.7226111428339195,0.5808714587951521
HALLMARK_APOPTOSIS,BIK,0.06201550387596899,8.122586908839615e-05,0.06504171203562652,0.006725016325144292,0.175,0.0005181948830613839,0.21670387375314154,0.14756586265949226
HALLMARK_APOPTOSIS,BCL2L10,0.05426356589147287,0.0,0.061916107422807475,0.005969723715682957,0.15,0.0,0.2062900853361397,0.12472775182268432
HALLMARK_APOPTOSIS,BCL2L2,0.08527131782945736,0.0010101511187525938,0.10253630197836748,0.008805469632482906,0.25,0.0064444387820173765,0.3416271365498983,0.21047343335277496
HALLMARK_APOPTOSIS,PMAIP1,0.08527131782945736,0.0010101511187525938,0.10253630197836748,0.008805469632482906,0.25,0.0064444387820173765,0.3416271365498983,0.21047343335277496
HALLMARK_APOPTOSIS,BAX,0.10852713178294573,0.01879336857885205,0.12123109346256389,0.011717007152722855,0.325,0.11989563845047214,0.40391383852683194,0.2985108585305316
HALLMARK_APOPTOSIS,BCL2L1,0.27906976744186046,0.0934899723132554,0.2867049960202695,0.02813988372264912,0.875,0.5964359115389306,0.9552344382930721,0.7950965137651107
HALLMARK_APOPTOSIS,BMF,0.046511627906976744,0.0,0.05454713948235031,0.005258334038542251,0.125,0.0,0.18173839614651496,0.10321715302801658
HALLMARK_APOPTOSIS,MCL1,0.15503875968992248,0.045239642208102705,0.16915409899270134,0.016729832650731562,0.475,0.28861434622822235,0.5635821592897539,0.450085841384856
HALLMARK_APOPTOSIS,BCL2L11,0.14728682170542634,0.010851174185018382,0.17140831149287875,0.014611631115308603,0.4499999999999999,0.06922699628815186,0.5710926716327196,0.38603686111588814
HALLMARK_APOPTOSIS,HMOX1,0.09302325581395349,0.03377726696829909,0.08783159806907619,0.011481136489910183,0.275,0.21548808406989867,0.29263447937951276,0.2913787348039285
HALLMARK_APOPTOSIS,CASP3,0.3178294573643411,0.15674772511942067,0.30014097537415896,0.034916367553205103,1.0,1.0,1.0,1.0
HALLMARK_APOPTOSIS,SOD1,0.06976744186046512,0.032634193491093345,0.02081606531886076,0.01128409502679757,0.2,0.20819564345339292,0.06935429357125003,0.2854207064614799
HALLMARK_APOPTOSIS,TXNIP,0.015503875968992248,0.0,0.0175844392604117,0.0026688096916240756,0.025,0.0,0.05858726632873347,0.024916580099456177
HALLMARK_APOPTOSIS,IL1B,0.18604651162790697,0.05510486951733023,0.20144994912792094,0.0198131582808901,0.575,0.3515513190086027,0.6711844288397852,0.5433176982909524
HALLMARK_APOPTOSIS,IL6,0.2248062015503876,0.0925693691854845,0.20531428062457124,0.024592212029496626,0.7,0.5905627600972142,0.6840594836097412,0.6878240231755277
HALLMARK_APOPTOSIS,GPX4,0.046511627906976744,0.0005133351790328535,0.01338841496025927,0.007042242344270111,0.125,0.003274913104108919,0.044607088197701476,0.15715796364705753
HALLMARK_APOPTOSIS,SOD2,0.05426356589147287,0.015874304727319287,0.02468878494127198,0.008434667784775446,0.15,0.10127295126755557,0.08225729562747859,0.19926133675556912
HALLMARK_APOPTOSIS,GSR,0.046511627906976744,0.0005133351790328535,0.01338841496025927,0.007042242344270111,0.125,0.003274913104108919,0.044607088197701476,0.15715796364705753
HALLMARK_APOPTOSIS,GPX3,0.07751937984496124,0.03124423003295007,0.06777838982227381,0.010041004299018982,0.225,0.19932812427833432,0.2258218483423682,0.2478328319535287
HALLMARK_APOPTOSIS,TIMP1,0.06201550387596899,0.0019516242358844223,0.06993769243582248,0.007265834990416003,0.175,0.012450734033923282,0.2330161429929299,0.1639188316484231
HALLMARK_APOPTOSIS,LGALS3,0.03875968992248062,0.01439140202766656,0.03439277971122114,0.005975086171467728,0.1,0.09181250966610359,0.1145887517302385,0.12488989872844768
HALLMARK_APOPTOSIS,CD44,0.13178294573643412,0.02291898451359878,0.09908934331259377,0.014689738914365218,0.4,0.1462157393106509,0.33014267108670486,0.38839864057689244
HALLMARK_APOPTOSIS,CTNNB1,0.21705426356589147,0.10368305421991468,0.18935770808924832,0.024698723988070097,0.6749999999999999,0.6614644910535202,0.630895891016523,0.6910446715505744
HALLMARK_APOPTOSIS,CCND1,0.14728682170542634,0.02812968588332772,0.16133944598334532,0.015515729147681127,0.4499999999999999,0.1794583357550911,0.5375455509938882,0.41337446618710616
HALLMARK_APOPTOSIS,TIMP3,0.015503875968992248,0.0,0.007905802992961902,0.0030011558715735305,0.025,0.0,0.02634029886491316,0.03496587596015389
HALLMARK_APOPTOSIS,TIMP2,0.031007751937984496,0.001094962885318562,0.020457493949794757,0.005163291014736256,0.075,0.0069855105360179725,0.06815961707425057,0.10034329581724005
HALLMARK_APOPTOSIS,PLAT,0.015503875968992248,0.0,0.013724003780450881,0.0029718517423546055,0.025,0.0,0.04572519218124875,0.03407979427115755
HALLMARK_APOPTOSIS,GSTM1,0.023255813953488372,0.0,0.00574775109790195,0.004002635107445433,0.05,0.0,0.01915017131778401,0.06524803879756885
HALLMARK_APOPTOSIS,PDGFRB,0.03875968992248062,0.0010701692660268242,0.02921029641407189,0.005192672740864329,0.1,0.00682733523061658,0.09732192139929581,0.10123172383769721
HALLMARK_APOPTOSIS,CD38,0.03875968992248062,0.0010508111070170463,0.030169082252101968,0.005030135581075217,0.1,0.006703836411127942,0.10051637306266781,0.09631701710832637
HALLMARK_APOPTOSIS,CD69,0.05426356589147287,0.0026489113788078127,0.04598265269194646,0.006634425778767992,0.15,0.016899201419285026,0.1532035158965682,0.14482663694353504
HALLMARK_APOPTOSIS,CD2,0.031007751937984496,0.00022240848858923412,0.012701320092958282,0.004395643068895421,0.075,0.001418894522518836,0.042317847728470484,0.07713159130544261
HALLMARK_APOPTOSIS,FAS,0.10077519379844961,0.007368266058421807,0.13322114313864977,0.010420085627152761,0.3,0.047007164236726115,0.4438618984714595,0.259295278798147
HALLMARK_APOPTOSIS,CDK2,0.11627906976744186,0.03594747381028217,0.09611808988452772,0.014132500499582987,0.35,0.22933330472831442,0.32024314495781814,0.3715491804869811
HALLMARK_APOPTOSIS,CDKN1B,0.06976744186046512,0.005049488936714752,0.0795930460502914,0.007955335740915576,0.2,0.032214113046091876,0.26518553806613654,0.18476756545663814
HALLMARK_APOPTOSIS,CCND2,0.031007751937984496,0.0,0.028526244051363444,0.004157648386999128,0.075,0.0,0.09504281784852038,0.06993524269083774
HALLMARK_APOPTOSIS,CASP9,0.18604651162790697,0.021997026159874047,0.23073164573163255,0.018463499409963356,0.575,0.14033394196384844,0.7687442390829843,0.5025074765305554
HALLMARK_APOPTOSIS,CREBBP,0.09302325581395349,0.014176128936401855,0.07288194764621453,0.011058819577039348,0.275,0.09043913668030303,0.24282571733286032,0.2786089547960435
HALLMARK_APOPTOSIS,CDC25B,0.031007751937984496,0.00031141624691307995,0.018143550395811114,0.004490738968869325,0.075,0.001986735352464112,0.06045009473695871,0.08000704735588503
HALLMARK_APOPTOSIS,BRCA1,0.08527131782945736,0.013928044094426982,0.06126279831822687,0.010406413900619745,0.25,0.08885643529318009,0.2041134111790501,0.25888188086206204
HALLMARK_APOPTOSIS,LEF1,0.03875968992248062,0.0010196595290026733,0.03308748487168469,0.0050132548287926786,0.1,0.006505099376886203,0.11023981257619844,0.09580658646620441
HALLMARK_APOPTOSIS,RELA,0.13178294573643412,0.020375672303763092,0.1446912044526243,0.014234908887036315,0.4,0.1299902265773846,0.4820774779992991,0.374645747398904
HALLMARK_APOPTOSIS,PRF1,0.03875968992248062,0.0019583884770250372,0.03370490526080334,0.004979871195974532,0.1,0.012493887713732424,0.11229691387117813,0.09479715105417268
HALLMARK_APOPTOSIS,CCNA1,0.046511627906976744,0.000502617111541029,0.02454740716805859,0.006187326294180123,0.125,0.0032065352856515297,0.08178625773257889,0.13130749554563398
HALLMARK_APOPTOSIS,PPP3R1,0.007751937984496124,0.0,0.0012653642881951131,0.002219566747489882,0.0,0.0,0.004215899833795379,0.011332625983834919
HALLMARK_APOPTOSIS,TNFSF10,0.06976744186046512,0.0020205170129288363,0.09593579747581857,0.00754485421783135,0.2,0.012890247762061454,0.3196357890028976,0.172355657272676
HALLMARK_APOPTOSIS,CFLAR,0.08527131782945736,0.001091558251314613,0.12518563982763986,0.008816474675166079,0.25,0.006963790067658032,0.41708946827930476,0.21080619761051259
HALLMARK_APOPTOSIS,FASLG,0.11627906976744186,0.011067587993885084,0.15760520800569786,0.01174543509436228,0.35,0.07060764668484389,0.5251039376054053,0.2993704465549485
HALLMARK_APOPTOSIS,CASP8,0.24031007751937983,0.06929793469815156,0.2529372964598022,0.02519872140213115,0.7499999999999999,0.44209850347337326,0.8427283084040352,0.7061633106281996
HALLMARK_APOPTOSIS,CASP7,0.08527131782945736,0.007148459528531536,0.10247905249039028,0.009568021697660576,0.25,0.04560486937265196,0.3414363945563873,0.2335310515065985
HALLMARK_APOPTOSIS,IRF1,0.05426356589147287,0.028604666310577165,0.056802615605209814,0.0083767017124927,0.15,0.1824885578963539,0.18925311858668764,0.19750859143940366
HALLMARK_APOPTOSIS,CASP1,0.10852713178294573,0.008839913053815457,0.14537731142655128,0.011481260289221622,0.325,0.056395798070310955,0.48436342703731927,0.29138247817750423
HALLMARK_APOPTOSIS,BIRC3,0.10077519379844961,0.009969093293017007,0.12158864204023773,0.011268638854139994,0.3,0.06359960430316867,0.4051051073205317,0.2849533514525141
HALLMARK_APOPTOSIS,IFITM3,0.007751937984496124,0.0,0.0034528336801895503,0.0021710170750171036,0.0,0.0,0.01150403964632019,0.009864608440521725
HALLMARK_APOPTOSIS,TAP1,0.007751937984496124,0.0,0.0034528336801895503,0.0021710170750171036,0.0,0.0,0.01150403964632019,0.009864608440521725
HALLMARK_APOPTOSIS,WEE1,0.031007751937984496,0.00013049672388335177,0.016475945335563662,0.004543006254896337,0.075,0.0008325270671962278,0.054894022100862964,0.08158747599568776
HALLMARK_APOPTOSIS,HSPB1,0.015503875968992248,0.0,0.03226935382545831,0.0025316376055214774,0.025,0.0,0.10751399000163499,0.02076884812527264
HALLMARK_APOPTOSIS,BID,0.09302325581395349,0.0015264833698415494,0.12345788672558371,0.009438375412391705,0.275,0.009738472240529006,0.411332996341735,0.2296108804424826
HALLMARK_APOPTOSIS,RARA,0.031007751937984496,0.0006173443400914329,0.031058471054773933,0.004273073068310702,0.075,0.003938458051758643,0.1034796099268222,0.07342538893624716
HALLMARK_APOPTOSIS,SQSTM1,0.046511627906976744,0.007319929055221891,0.03181726835534081,0.00633720467532177,0.125,0.04669878972498701,0.10600774624550029,0.1358394332843012
HALLMARK_APOPTOSIS,ANXA1,0.007751937984496124,0.0,0.002090678726902235,0.0021696108056398636,0.0,0.0,0.006965655803230329,0.00982208646228243
HALLMARK_APOPTOSIS,GUCY2D,0.007751937984496124,0.0,1.3474475339925572e-17,0.007692307692307693,0.0,0.0,0.0,0.1768142720547865
HALLMARK_APOPTOSIS,GCH1,0.007751937984496124,0.0,1.3474475339925572e-17,0.007692307692307693,0.0,0.0,0.0,0.1768142720547865
HALLMARK_APOPTOSIS,PLCB2,0.007751937984496124,0.0,2.1340726666300094e-15,0.0053454908068485615,0.0,0.0,7.065340507561567e-15,0.10585255010435911
HALLMARK_APOPTOSIS,GNA15,0.023255813953488372,0.0003633720930232558,3.696322286021927e-15,0.014732758348685083,0.05,0.0023181969163917062,1.2270393291322266e-14,0.38969943790606865
HALLMARK_APOPTOSIS,PTK2,0.03875968992248062,0.015200741494182641,0.026200147312379796,0.006140874373608947,0.1,0.09697583478549192,0.08729280392228485,0.12990290863812573
HALLMARK_APOPTOSIS,SMAD7,0.03875968992248062,0.0011581655477327878,0.021650310160970167,0.005280478715913495,0.1,0.007388723165522316,0.07213380357007451,0.10388675126042947
HALLMARK_APOPTOSIS,CYLD,0.046511627906976744,0.002377232239738653,0.05013563041749159,0.005756085321629948,0.125,0.015165976016095428,0.16704027284176032,0.11826787486736766
HALLMARK_APOPTOSIS,APP,0.11627906976744186,0.03755786019985197,0.10101922650689207,0.013640590203975482,0.35,0.2396070512107141,0.33657259353195745,0.35667507512420876
HALLMARK_APOPTOSIS,EGR3,0.015503875968992248,5.1045127353266886e-05,0.008131139698753663,0.002761819742864982,0.025,0.00032565147158835874,0.027091068417490427,0.02772896543537512
HALLMARK_APOPTOSIS,BNIP3L,0.023255813953488372,0.0005669640091957821,0.023791800741690156,0.0034993637934541853,0.05,0.003617047767448184,0.0792687526654134,0.05003040538511526
HALLMARK_APOPTOSIS,F2R,0.007751937984496124,0.0,2.1340726666300094e-15,0.0053454908068485615,0.0,0.0,7.065340507561567e-15,0.10585255010435911
HALLMARK_APOPTOSIS,AVPR1A,0.007751937984496124,0.0,2.1340726666300094e-15,0.0053454908068485615,0.0,0.0,7.065340507561567e-15,0.10585255010435911
HALLMARK_APOPTOSIS,CASP4,0.031007751937984496,7.85767509135299e-05,0.040879651553805435,0.004000288755917101,0.075,0.0005012943623498522,0.13620150165382922,0.0651770911468241
HALLMARK_APOPTOSIS,IL18,0.05426356589147287,0.0008123226615761827,0.07275264326103485,0.006231790127317704,0.15,0.005182356943026141,0.24239490516195136,0.13265196778950994
HALLMARK_APOPTOSIS,BCL10,0.023255813953488372,0.0,0.031561032870672315,0.0032933198068214225,0.05,0.0,0.10515402914023311,0.04380016382703511
HALLMARK_APOPTOSIS,TNFRSF12A,0.015503875968992248,0.0,0.022116851982822466,0.0025988396440808875,0.025,0.0,0.07368821253163234,0.022800865367138445
HALLMARK_APOPTOSIS,XIAP,0.11627906976744186,0.004081939639567208,0.1545399118240213,0.011838722706629282,0.35,0.026041460164460566,0.5148910828698754,0.3021912246242247
HALLMARK_APOPTOSIS,SC5D,0.007751937984496124,0.0,1.3474475339925572e-17,0.007692307692307693,0.0,0.0,0.0,0.1768142720547865
HALLMARK_APOPTOSIS,EBP,0.007751937984496124,0.0,1.3474475339925572e-17,0.007692307692307693,0.0,0.0,0.0,0.1768142720547865
HALLMARK_APOPTOSIS,ADD1,0.007751937984496124,0.0,0.018244252063181886,0.0018777220465638032,0.0,0.0,0.06078560929722572,0.0009961192168838119
HALLMARK_APOPTOSIS,CASP6,0.08527131782945736,0.024318214102398306,0.09847774319495156,0.01059779971822781,0.25,0.15514237341480458,0.3281049615840961,0.2646688969937879
HALLMARK_APOPTOSIS,SATB1,0.007751937984496124,0.0,0.0059859896493050044,0.001972766994758328,0.0,0.0,0.01994392682252995,0.0038700346162325564
HALLMARK_APOPTOSIS,DFFA,0.023255813953488372,0.0,0.030459430958955595,0.0034359899672176735,0.05,0.0,0.10148374749893621,0.04811414346276667
HALLMARK_APOPTOSIS,LMNA,0.015503875968992248,0.0004441337714109032,0.009709971255954651,0.0027768989117197005,0.025,0.002833430412291681,0.03235136836564912,0.028184920816530783
HALLMARK_APOPTOSIS,H1-0,0.007751937984496124,0.0,0.005842670029233805,0.0019546877749047615,0.0,0.0,0.019466419145037613,0.0033233653893838463
HALLMARK_APOPTOSIS,TOP2A,0.023255813953488372,0.00017870413004650028,0.021077111842287846,0.003508602363164341,0.05,0.001140074791582154,0.07022403993994115,0.050309756031965344
HALLMARK_APOPTOSIS,CAV1,0.031007751937984496,0.000181109265411591,0.03671958087439026,0.004144420495739286,0.075,0.001155418780550787,0.1223411126342054,0.06953526519477171
HALLMARK_APOPTOSIS,RHOB,0.015503875968992248,0.00010646417804848037,0.008964475697142755,0.002869617746704808,0.025,0.0006792071653184694,0.029867550360185006,0.030988500519978136
HALLMARK_APOPTOSIS,NEFH,0.007751937984496124,0.0,0.0012653642881951131,0.002219566747489882,0.0,0.0,0.004215899833795379,0.011332625983834919
HALLMARK_APOPTOSIS,ROCK1,0.031007751937984496,0.003980604739697716,0.03909492635268006,0.004558837644160652,0.075,0.025394976141854885,0.13025521191814576,0.08206617659223794
HALLMARK_APOPTOSIS,PAK1,0.007751937984496124,0.0,0.018244252063181886,0.0018777220465638032,0.0,0.0,0.06078560929722572,0.0009961192168838119
HALLMARK_APOPTOSIS,CLU,0.023255813953488372,0.000345576245262517,0.030937097323497902,0.003302616512521147,0.05,0.0022046651394732166,0.1030752208522391,0.04408127235706418
HALLMARK_APOPTOSIS,GSN,0.015503875968992248,0.0,0.02438491554482215,0.002650688859924058,0.025,0.0,0.0812448733946561,0.02436865263712434
HALLMARK_APOPTOSIS,PSEN1,0.023255813953488372,0.0,0.035895375751226546,0.003400471531222266,0.05,0.0,0.11959505264644046,0.04704015707940763
HALLMARK_APOPTOSIS,BTG2,0.007751937984496124,0.0,0.0012137924383353665,0.002172687616734389,0.0,0.0,0.0040440744114402455,0.009915121336343757
HALLMARK_APOPTOSIS,TSPO,0.015503875968992248,8.296034822197612e-05,0.009086848748713268,0.0029353267070749817,0.025,0.0005292603012820218,0.03027526893782327,0.03297537090783445
HALLMARK_APOPTOSIS,MGMT,0.007751937984496124,0.0,0.008038239392710445,0.0019113449050855516,0.0,0.0,0.026781546180723495,0.002012788200468392
HALLMARK_APOPTOSIS,MADD,0.007751937984496124,0.0,0.014726029696204752,0.0018620440614834912,0.0,0.0,0.04906370973788937,0.000522057169305527
HALLMARK_APOPTOSIS,CASP2,0.05426356589147287,7.973998708010337e-05,0.08819899818669388,0.005965743641042199,0.15,0.0005087154344304023,0.2938585712155565,0.12460740457627181
HALLMARK_APOPTOSIS,DDIT3,0.03875968992248062,0.0039412832305757975,0.046761592790795364,0.005063222715941326,0.1,0.025144117578568173,0.15579876333946688,0.09731748718294225
HALLMARK_APOPTOSIS,SPTAN1,0.007751937984496124,0.0,0.018244252063181886,0.0018777220465638032,0.0,0.0,0.06078560929722572,0.0009961192168838119
HALLMARK_APOPTOSIS,NEDD9,0.007751937984496124,0.0,0.0015926337176235684,0.0021977947553457394,0.0,0.0,0.0053062855401138104,0.010674296796580376
HALLMARK_APOPTOSIS,DNM1L,0.023255813953488372,0.0,0.03492533101076619,0.0035011989880842356,0.05,0.0,0.11636308893588383,0.050085896962608775
HALLMARK_APOPTOSIS,PEA15,0.007751937984496124,0.0,0.015374927767038629,0.0018447788014753267,0.0,0.0,0.051225687355323825,0.0
HALLMARK_APOPTOSIS,BCAP31,0.023255813953488372,0.0,0.03492533101076619,0.0035011989880842356,0.05,0.0,0.11636308893588383,0.050085896962608775
HALLMARK_APOPTOSIS,IFNGR1,0.015503875968992248,0.0,0.027206455498151826,0.002582850294549347,0.025,0.0,0.09064558900775195,0.022317388457348188
HALLMARK_APOPTOSIS,DAP3,0.007751937984496124,0.0,0.0015007713080979388,0.002178056349180802,0.0,0.0,0.005000221333415232,0.010077458032252646
HALLMARK_APOPTOSIS,VDAC2,0.023255813953488372,0.0022854094047802974,0.028261803673835722,0.0037767915926116254,0.05,0.014580175903919006,0.09416176394643963,0.05841911030159526
HALLMARK_APOPTOSIS,DPYD,0.007751937984496124,0.0,1.3474475339925572e-17,0.007692307692307693,0.0,0.0,0.0,0.1768142720547865
HALLMARK_APOPTOSIS,FDXR,0.007751937984496124,0.0,1.3474475339925572e-17,0.007692307692307693,0.0,0.0,0.0,0.1768142720547865
HALLMARK_APOPTOSIS,KRT18,0.007751937984496124,0.0,0.011510460206404394,0.0019036288251443613,0.0,0.0,0.03835017925178432,0.0017794737383445653
HALLMARK_BILE_ACID_METABOLISM,SULT2B1,0.03333333333333333,0.0003766478342749529,9.60873783449835e-05,0.010172671650182817,0.058823529411764705,0.0013095994568904652,0.0002704872298226655,0.1511159563969249
HALLMARK_BILE_ACID_METABOLISM,DHCR24,0.06666666666666667,0.03386302244687616,0.00037029847141653956,0.019244423318030432,0.17647058823529413,0.11774127386253692,0.0010423950519967747,0.4170447170833714
HALLMARK_BILE_ACID_METABOLISM,CYP7B1,0.06666666666666667,0.019244322185892195,0.0006196504744170833,0.01705503381171753,0.17647058823529413,0.06691224955901866,0.0017443242096938138,0.35286509010601164
HALLMARK_BILE_ACID_METABOLISM,ABCD1,0.16666666666666666,0.013964095919938918,0.2126138041767871,0.021009727793166746,0.5294117647058824,0.04855297380886727,0.5985106463341513,0.4687927419958103
HALLMARK_BILE_ACID_METABOLISM,PEX19,0.23333333333333334,0.006319364796171219,0.3220521890882003,0.026444737196975807,0.7647058823529412,0.021972346451664963,0.9065811347048626,0.6281142675394042
HALLMARK_BILE_ACID_METABOLISM,ABCD2,0.08333333333333333,0.0004979964034379735,0.12170801387874422,0.011486969999296359,0.23529411764705882,0.0017315268007081829,0.3426096547806576,0.18964321595482816
HALLMARK_BILE_ACID_METABOLISM,ACSL1,0.05,0.009908525660086766,0.030042133828798175,0.009444450305543684,0.11764705882352944,0.03445181053015758,0.08456900061003068,0.1297689214718332
HALLMARK_BILE_ACID_METABOLISM,SLC27A2,0.1,0.026551758034808887,0.08134153127474501,0.015801461726799436,0.2941176470588236,0.0923201057794722,0.2289774770060297,0.31611795645652013
HALLMARK_BILE_ACID_METABOLISM,PXMP2,0.08333333333333333,0.0,0.14269040010106812,0.010845459189454367,0.23529411764705882,0.0,0.4016753470962619,0.170838008220486
HALLMARK_BILE_ACID_METABOLISM,PEX12,0.21666666666666667,0.0046485210200642845,0.31036285258134316,0.024512463578447392,0.7058823529411765,0.01616284510154936,0.8736754991793376,0.5714717196063993
HALLMARK_BILE_ACID_METABOLISM,PEX13,0.3,0.1592931963962294,0.35523813231900503,0.03610458800412049,1.0,0.5538603026575821,1.0,0.9112825295923096
HALLMARK_BILE_ACID_METABOLISM,PEX16,0.2,0.002746449456975772,0.29778813970405704,0.022546446831380445,0.6470588235294118,0.009549367844252511,0.8382775175628984,0.5138400277150408
HALLMARK_BILE_ACID_METABOLISM,ABCD3,0.21666666666666667,0.04119798701645268,0.28422766605170685,0.02589448875819556,0.7058823529411765,0.14324484707468482,0.8001046064403585,0.6119843192392211
HALLMARK_BILE_ACID_METABOLISM,PEX26,0.15,0.0007058252977075457,0.2477606232969168,0.0173266353965499,0.47058823529411764,0.0024541450724566718,0.6974494029667541,0.3608268019671217
HALLMARK_BILE_ACID_METABOLISM,PEX11G,0.11666666666666667,0.0,0.19913895959347347,0.013852577736499495,0.35294117647058826,0.0,0.5605787821636308,0.2589884931248718
HALLMARK_BILE_ACID_METABOLISM,PEX11A,0.13333333333333333,0.000234873907933676,0.22425747650155414,0.01557312517931341,0.411764705882353,0.0008166534207206989,0.6312877365883901,0.3094245131926805
HALLMARK_BILE_ACID_METABOLISM,PEX6,0.18333333333333332,0.0016486484573014456,0.27806507089908844,0.0207703531864963,0.5882352941176471,0.005732328524977409,0.7827568202880417,0.4617757297557938
HALLMARK_BILE_ACID_METABOLISM,PEX7,0.18333333333333332,0.001988162496637073,0.2664546705695193,0.021012589101951654,0.5882352941176471,0.00691281427601467,0.7500733911365137,0.468876618222472
HALLMARK_BILE_ACID_METABOLISM,NUDT12,0.016666666666666666,0.0,7.769997164525e-06,0.00916431680129643,0.0,0.0,2.1872643871766345e-05,0.12155710545891774
HALLMARK_BILE_ACID_METABOLISM,EPHX2,0.06666666666666667,0.10451977401129944,8.010703777171541e-05,0.03155085683232109,0.17647058823529413,0.36341384928710413,0.00022550236159090146,0.7777947389919777
HALLMARK_BILE_ACID_METABOLISM,RBP1,0.016666666666666666,0.0,7.783756247692286e-05,0.008485045388798854,0.0,0.0,0.00021911375888100264,0.10164498578136588
HALLMARK_BILE_ACID_METABOLISM,ALDH1A1,0.06666666666666667,0.19491525423728814,0.000802735220015875,0.028360156440783418,0.17647058823529413,0.6777177189408158,0.002259710168975866,0.6842627473865805
HALLMARK_BILE_ACID_METABOLISM,PEX1,0.13333333333333333,0.00010035682426404996,0.22897095819317362,0.015527431184733183,0.411764705882353,0.00034893932897410424,0.6445562493486893,0.3080850422950588
HALLMARK_BILE_ACID_METABOLISM,CAT,0.05,0.07796610169491526,0.018644370167295688,0.013398183141877438,0.11764705882352944,0.2710870875763263,0.05248414646698652,0.24566839841386506
HALLMARK_BILE_ACID_METABOLISM,SOD1,0.05,0.053672316384180796,0.0018422379067456298,0.020132760582524473,0.11764705882352944,0.1866179226068913,0.005185923861024831,0.4430853800631306
HALLMARK_BILE_ACID_METABOLISM,HSD17B4,0.16666666666666666,0.2876053684149135,0.08138129494299212,0.03148591571515267,0.5294117647058824,1.0,0.22908941225348617,0.7758910591472793
HALLMARK_BILE_ACID_METABOLISM,SCP2,0.21666666666666667,0.2053882058074743,0.10909300961487317,0.03913104839170957,0.7058823529411765,0.7141320307734008,0.307098252382722,1.0
HALLMARK_BILE_ACID_METABOLISM,CYP27A1,0.1,0.07994950881213142,0.003013241536873666,0.02361518181883857,0.2941176470588236,0.2779833674620161,0.008482314432846926,0.5451688582565867
HALLMARK_BILE_ACID_METABOLISM,CH25H,0.08333333333333333,0.0070574387947269284,0.0006720430946645748,0.020884105819385216,0.23529411764705882,0.024538619823485087,0.001891810122609389,0.4651102673177272
HALLMARK_BILE_ACID_METABOLISM,FDXR,0.03333333333333333,0.03551988624914584,0.010868343944688963,0.008363075393967384,0.058823529411764705,0.12350216703153859,0.03059453069898115,0.09806956498568609
HALLMARK_BILE_ACID_METABOLISM,SLC27A5,0.06666666666666667,0.05642652867006123,0.015939297504594413,0.013934455453891334,0.17647058823529413,0.19619428170289774,0.044869331455313834,0.2613886514086372
HALLMARK_BILE_ACID_METABOLISM,HSD3B7,0.08333333333333333,0.07196265153223229,0.002607015252968591,0.019863601821959932,0.23529411764705882,0.25021317205878946,0.007338782117627201,0.4351952769997372
HALLMARK_BILE_ACID_METABOLISM,PHYH,0.08333333333333333,0.00011299435028248589,0.13212858943794276,0.010949391627178463,0.23529411764705882,0.0003928798370671396,0.371943711603817,0.17388467719589984
HALLMARK_BILE_ACID_METABOLISM,GNPAT,0.11666666666666667,0.03213811364569615,0.1528496746158508,0.016092157206253635,0.35294117647058826,0.11174378914698192,0.4302738380534765,0.32463938554968985
HALLMARK_BILE_ACID_METABOLISM,AMACR,0.08333333333333333,0.09772469081122069,0.022263529069894424,0.01703205615310184,0.23529411764705882,0.3397874363396384,0.06267212622854204,0.3521915244592796
HALLMARK_BILE_ACID_METABOLISM,BBOX1,0.016666666666666666,0.0,7.612976964098686e-07,0.009946792954881219,0.0,0.0,2.1430629780647976e-06,0.14449456245820863
HALLMARK_BILE_ACID_METABOLISM,ALDH9A1,0.03333333333333333,0.027118644067796613,7.84397790165734e-06,0.017619907226119967,0.058823529411764705,0.0942911608961135,2.2080900616754258e-05,0.36942375402636146
HALLMARK_BILE_ACID_METABOLISM,PECR,0.03333333333333333,0.0,0.018465743327313166,0.007693850096652125,0.058823529411764705,0.0,0.0519813095704618,0.07845193649990875
HALLMARK_BILE_ACID_METABOLISM,PRDX5,0.016666666666666666,0.0,0.00017862683998252132,0.008163349438667937,0.0,0.0,0.0005028368965060233,0.09221481083076992
HALLMARK_BILE_ACID_METABOLISM,ALDH8A1,0.016666666666666666,0.0,7.769997164525e-06,0.00916431680129643,0.0,0.0,2.1872643871766345e-05,0.12155710545891774
HALLMARK_BILE_ACID_METABOLISM,NPC1,0.016666666666666666,0.0,1.67814812128412e-13,0.012631469210257377,0.0,0.0,4.537088173947485e-13,0.22319299420285768
HALLMARK_BILE_ACID_METABOLISM,ABCA1,0.03333333333333333,0.0005649717514124294,2.373259832790919e-13,0.023917389448337708,0.058823529411764705,0.001964399185335698,6.49383675543873e-13,0.5540277537957502
HALLMARK_BILE_ACID_METABOLISM,OPTN,0.016666666666666666,0.0,0.00017862683998252132,0.008163349438667937,0.0,0.0,0.0005028368965060233,0.09221481083076992
HALLMARK_BILE_ACID_METABOLISM,CYP39A1,0.03333333333333333,0.0,0.0003180777743331222,0.009386144122517766,0.058823529411764705,0.0,0.0008953931050421499,0.12805973767137777
HALLMARK_BILE_ACID_METABOLISM,ABCA6,0.016666666666666666,0.0,6.6401392204400566e-15,0.01639344262295082,0.0,0.0,0.0,0.3334712474004885
HALLMARK_BILE_ACID_METABOLISM,ABCA9,0.016666666666666666,0.0,6.6401392204400566e-15,0.01639344262295082,0.0,0.0,0.0,0.3334712474004885
HALLMARK_BILE_ACID_METABOLISM,LONP2,0.05,0.0,0.052903223112786064,0.009398783369649054,0.11764705882352944,0.0,0.14892326667586786,0.12843024377082776
HALLMARK_BILE_ACID_METABOLISM,RETSAT,0.016666666666666666,0.0,7.62132127545837e-06,0.009495977877817537,0.0,0.0,2.1454119294756346e-05,0.131279397500904
HALLMARK_BILE_ACID_METABOLISM,HSD17B6,0.03333333333333333,0.027118644067796613,7.85771621201161e-05,0.01655607534232632,0.058823529411764705,0.0942911608961135,0.00022119574157347183,0.33823865275880277
HALLMARK_BILE_ACID_METABOLISM,IDH1,0.05,0.22542372881355932,0.008043081462208265,0.017455279915713648,0.11764705882352944,0.7837952749489434,0.0226413797688224,0.36459787935139004
HALLMARK_BILE_ACID_METABOLISM,PIPOX,0.016666666666666666,0.0,6.6401392204400566e-15,0.01639344262295082,0.0,0.0,0.0,0.3334712474004885
HALLMARK_BILE_ACID_METABOLISM,GNMT,0.016666666666666666,0.0,6.6401392204400566e-15,0.01639344262295082,0.0,0.0,0.0,0.3334712474004885
HALLMARK_BILE_ACID_METABOLISM,HACL1,0.05,0.0,0.020624277782526523,0.010589307650345646,0.11764705882352944,0.0,0.05805761236240145,0.16332919803286433
HALLMARK_BILE_ACID_METABOLISM,IDH2,0.016666666666666666,0.0,0.0007797944327970884,0.007405004950934055,0.0,0.0,0.002195131552178652,0.06998474797408714
HALLMARK_BILE_ACID_METABOLISM,NR3C2,0.016666666666666666,0.0,6.6401392204400566e-15,0.01639344262295082,0.0,0.0,0.0,0.3334712474004885
HALLMARK_BILE_ACID_METABOLISM,AR,0.016666666666666666,0.0,6.6401392204400566e-15,0.01639344262295082,0.0,0.0,0.0,0.3334712474004885
HALLMARK_BILE_ACID_METABOLISM,DIO1,0.016666666666666666,0.0,6.6401392204400566e-15,0.01639344262295082,0.0,0.0,0.0,0.3334712474004885
HALLMARK_BILE_ACID_METABOLISM,DIO2,0.016666666666666666,0.0,6.6401392204400566e-15,0.01639344262295082,0.0,0.0,0.0,0.3334712474004885
HALLMARK_BILE_ACID_METABOLISM,IDI1,0.016666666666666666,0.0,3.594647862734219e-05,0.006548466775692774,0.0,0.0,0.00010118980861103803,0.04487624150671519
HALLMARK_BILE_ACID_METABOLISM,CROT,0.016666666666666666,0.0,0.010576110698611203,0.005017582648363312,0.0,0.0,0.02977189027980639,0.0
HALLMARK_BILE_ACID_METABOLISM,RXRA,0.016666666666666666,0.0,1.67814812128412e-13,0.012631469210257377,0.0,0.0,4.537088173947485e-13,0.22319299420285768
HALLMARK_CHOLESTEROL_HOMEOSTASIS,CYP51A1,0.41463414634146345,0.007167767779930815,0.2477920959118631,0.030501645897024282,0.888888888888889,0.022096126238884465,0.9534807777969942,0.7307436403642081
HALLMARK_CHOLESTEROL_HOMEOSTASIS,NSDHL,0.3902439024390244,0.009724739940561502,0.22922888538342728,0.029277713808758547,0.8333333333333333,0.029978521621279817,0.8820512822019027,0.6950454195315923
HALLMARK_CHOLESTEROL_HOMEOSTASIS,EBP,0.1951219512195122,0.0008137780241438777,0.11458309386827477,0.016067973348907357,0.3888888888888889,0.0025086390217969163,0.44090501348491407,0.3097591470346479
HALLMARK_CHOLESTEROL_HOMEOSTASIS,MVK,0.41463414634146345,0.0043479893199084504,0.25042797277887857,0.030441441890606543,0.888888888888889,0.0134035760989659,0.9636233851209414,0.7289876802609363
HALLMARK_CHOLESTEROL_HOMEOSTASIS,HMGCS1,0.4634146341463415,0.020880898982631978,0.25988158510927556,0.03546724020900654,1.0,0.06436968859307601,1.0,0.8755742923373072
HALLMARK_CHOLESTEROL_HOMEOSTASIS,FDPS,0.3902439024390244,0.0034854880000900566,0.2396855176857128,0.028835038054696,0.8333333333333333,0.01074473744388664,0.9222874239959877,0.6821339704591514
HALLMARK_CHOLESTEROL_HOMEOSTASIS,SC5D,0.3902439024390244,0.005488628829450393,0.23669933219920947,0.028829031529180402,0.8333333333333333,0.016919833233644068,0.9107968619120436,0.6819587791422895
HALLMARK_CHOLESTEROL_HOMEOSTASIS,FDFT1,0.41463414634146345,0.0043479893199084504,0.25042797277887857,0.030441441890606543,0.888888888888889,0.0134035760989659,0.9636233851209414,0.7289876802609363
HALLMARK_CHOLESTEROL_HOMEOSTASIS,HSD17B7,0.34146341463414637,0.0016774891774891773,0.20879643438158438,0.025407122035538115,0.7222222222222222,0.005171207238876411,0.8034291243269285,0.5821525219615035
HALLMARK_CHOLESTEROL_HOMEOSTASIS,MVD,0.3902439024390244,0.0030053719992744372,0.2378332066372495,0.02888635333152079,0.8333333333333333,0.009264680599267062,0.9151599045577811,0.6836306744852495
HALLMARK_CHOLESTEROL_HOMEOSTASIS,SREBF2,0.43902439024390244,0.23455149756818577,0.2247391680590322,0.03973324038104881,0.9444444444444444,0.7230534887440313,0.8647752704174742,1.0
HALLMARK_CHOLESTEROL_HOMEOSTASIS,DHCR7,0.41463414634146345,0.014812328414703268,0.24313576726146674,0.031218022177082805,0.888888888888889,0.045662065037807065,0.9355636612339246,0.7516380665255594
HALLMARK_CHOLESTEROL_HOMEOSTASIS,LSS,0.43902439024390244,0.009444600026275257,0.2573396898657918,0.032152424992337336,0.9444444444444444,0.02911493241182598,0.990219025161651,0.7788916358741979
HALLMARK_CHOLESTEROL_HOMEOSTASIS,IDI1,0.3902439024390244,0.0034854880000900566,0.23968551768571278,0.028835038054696,0.8333333333333333,0.01074473744388664,0.9222874239959876,0.6821339704591514
HALLMARK_CHOLESTEROL_HOMEOSTASIS,SQLE,0.43902439024390244,0.01067217317698704,0.25651409922164803,0.032765083559738985,0.9444444444444444,0.032899180470411175,0.9870422296828256,0.7967609449999093
HALLMARK_CHOLESTEROL_HOMEOSTASIS,ACAT2,0.3170731707317073,0.01692131547314474,0.18389589221727817,0.025482391740485576,0.6666666666666666,0.05216345371420559,0.7076141701132634,0.5843479007533348
HALLMARK_CHOLESTEROL_HOMEOSTASIS,HMGCR,0.43902439024390244,0.01854020106266575,0.2491391300161097,0.033858446888766096,0.9444444444444444,0.0571540032758869,0.958664038875046,0.8286508888489993
HALLMARK_CHOLESTEROL_HOMEOSTASIS,TM7SF2,0.29268292682926833,0.004476328122027737,0.1780886682924019,0.022540470318699275,0.6111111111111112,0.013799206992717084,0.6852685163199046,0.4985413747262728
HALLMARK_CHOLESTEROL_HOMEOSTASIS,TMEM97,0.024390243902439025,0.0,0.014426835756474595,0.005447719710296258,0.0,0.0,0.055513112301723976,0.0
HALLMARK_CHOLESTEROL_HOMEOSTASIS,PMVK,0.24390243902439024,0.0,0.1582795528003107,0.01934126818433016,0.5,0.0,0.6090448951086109,0.4052307855393274
HALLMARK_CHOLESTEROL_HOMEOSTASIS,GSTM2,0.024390243902439025,0.0,1.4521466322355553e-10,0.023809523809523808,0.0,0.0,0.0,0.535555643898714
HALLMARK_CHOLESTEROL_HOMEOSTASIS,GPX8,0.024390243902439025,0.0,1.4521466322355553e-10,0.023809523809523808,0.0,0.0,0.0,0.535555643898714
HALLMARK_CHOLESTEROL_HOMEOSTASIS,ACSS2,0.04878048780487805,0.0011633759194734806,0.018281689216254785,0.00758639263587951,0.05555555555555556,0.003586346819429526,0.07034622739263462,0.06237831258627081
HALLMARK_CHOLESTEROL_HOMEOSTASIS,FASN,0.24390243902439024,0.09546395294549984,0.10089345508880104,0.027633046872256706,0.5,0.2942873737417664,0.38822856555049473,0.6470756963269851
HALLMARK_CHOLESTEROL_HOMEOSTASIS,LGALS3,0.04878048780487805,0.018292682926829267,0.00010494051228617081,0.018375031409845817,0.05555555555555556,0.05639097744360902,0.0004038007044093556,0.3770487204698417
HALLMARK_CHOLESTEROL_HOMEOSTASIS,CTNNB1,0.0975609756097561,0.14512195121951219,0.0016193047891517845,0.03225513296729654,0.16666666666666669,0.4473684210526315,0.006230932615564337,0.781887302060677
HALLMARK_CHOLESTEROL_HOMEOSTASIS,ALCAM,0.04878048780487805,0.0012195121951219512,1.3992548572068331e-05,0.018704145989651318,0.05555555555555556,0.0037593984962406013,5.3841457675195114e-05,0.38664794992200674
HALLMARK_CHOLESTEROL_HOMEOSTASIS,JAG1,0.024390243902439025,0.0,0.00010402288834987604,0.010425699523592546,0.0,0.0,0.00040026977344161633,0.14519189780141742
HALLMARK_CHOLESTEROL_HOMEOSTASIS,CHKA,0.024390243902439025,0.0,1.4521466322355553e-10,0.023809523809523808,0.0,0.0,0.0,0.535555643898714
HALLMARK_CHOLESTEROL_HOMEOSTASIS,PCYT2,0.024390243902439025,0.0,1.4521466322355553e-10,0.023809523809523808,0.0,0.0,0.0,0.535555643898714
HALLMARK_CHOLESTEROL_HOMEOSTASIS,FADS2,0.04878048780487805,0.0,0.010060541889390597,0.008661847308102962,0.05555555555555556,0.0,0.03871202242193193,0.09374591766221982
HALLMARK_CHOLESTEROL_HOMEOSTASIS,SCD,0.14634146341463417,0.025870061332192256,0.055823972749969204,0.019352518478141276,0.27777777777777785,0.07974981312931446,0.2148054184465377,0.40555892096183277
HALLMARK_CHOLESTEROL_HOMEOSTASIS,PPARG,0.17073170731707318,0.32439024390243903,0.024900301438952572,0.038616436415680216,0.33333333333333337,1.0,0.09581402736627675,0.9674263670634209
HALLMARK_CHOLESTEROL_HOMEOSTASIS,LPL,0.04878048780487805,0.04024390243902439,0.0016052458563487553,0.017685026709252337,0.05555555555555556,0.12406015037593984,0.006176835158813127,0.3569234697198337
HALLMARK_CHOLESTEROL_HOMEOSTASIS,ACTG1,0.04878048780487805,0.03414634146341464,0.001605724394963121,0.015732601577838953,0.05555555555555556,0.10526315789473685,0.006178676530584166,0.29997741514003806
HALLMARK_CHOLESTEROL_HOMEOSTASIS,FABP5,0.024390243902439025,0.0,0.0015986133466376418,0.008260573036980506,0.0,0.0,0.006151313882605616,0.08204201866135775
HALLMARK_CHOLESTEROL_HOMEOSTASIS,ANXA5,0.04878048780487805,0.0024390243902439024,0.00011036184080502429,0.017581127357224932,0.05555555555555556,0.007518796992481203,0.00042466146882097483,0.35389305483930256
HALLMARK_CHOLESTEROL_HOMEOSTASIS,CD9,0.07317073170731708,0.024390243902439025,0.00011205156061165031,0.025847059950704264,0.11111111111111113,0.07518796992481203,0.00043116335238790665,0.5949841169485222
HALLMARK_CHOLESTEROL_HOMEOSTASIS,CLU,0.024390243902439025,0.0,0.00010309863700921498,0.011087585097558982,0.0,0.0,0.0003967133408425583,0.1644970027266887
HALLMARK_CHOLESTEROL_HOMEOSTASIS,ATF3,0.024390243902439025,0.0,8.141380679359692e-10,0.01834405778021591,0.0,0.0,2.573954614002063e-09,0.37614531783736166
HALLMARK_CHOLESTEROL_HOMEOSTASIS,TRIB3,0.04878048780487805,0.0012195121951219512,1.151365088585984e-09,0.0347404558681396,0.05555555555555556,0.0037593984962406013,3.871572606814636e-09,0.8543762960214184
HALLMARK_CHOLESTEROL_HOMEOSTASIS,ATF5,0.024390243902439025,0.0,8.141380679359692e-10,0.01834405778021591,0.0,0.0,2.573954614002063e-09,0.37614531783736166
HALLMARK_COAGULATION,MMP11,0.05555555555555555,0.0021997727103360907,0.04908240075795428,0.008076613211022559,0.1,0.00825551425076293,0.13700576281566718,0.09035971241752824
HALLMARK_COAGULATION,MMP7,0.15277777777777776,0.008186148100590221,0.2018994363545291,0.01794666366048625,0.3333333333333333,0.03072174774499915,0.5635703605089591,0.28615511425587187
HALLMARK_COAGULATION,MMP1,0.18055555555555555,0.016294273216816146,0.22645509908051656,0.02099982582861317,0.4,0.06115068348433973,0.6321136112722777,0.3467216854853554
HALLMARK_COAGULATION,FURIN,0.08333333333333333,0.013992676043456689,0.031954869772082964,0.012525125177322148,0.16666666666666669,0.05251303279665498,0.08919696757274109,0.1786062915494146
HALLMARK_COAGULATION,MMP10,0.09722222222222221,0.003077476927932603,0.12608521632220263,0.012250601105639901,0.19999999999999998,0.011549445320221318,0.35194694992995623,0.17316046822717976
HALLMARK_COAGULATION,TIMP1,0.16666666666666666,0.028384768587309293,0.21142677124868547,0.020707534417738677,0.36666666666666664,0.10652503346190605,0.590164409793777,0.34092340567522766
HALLMARK_COAGULATION,MMP9,0.2777777777777778,0.06279300703017084,0.3020130165427067,0.032543989131828197,0.6333333333333334,0.23565551202179907,0.8430215937428164,0.5757270086509796
HALLMARK_COAGULATION,MMP3,0.16666666666666666,0.010678118091800613,0.21425918981424139,0.0196117201369607,0.36666666666666664,0.04007384747705183,0.5980706584734395,0.31918538128075474
HALLMARK_COAGULATION,SERPINE1,0.2361111111111111,0.03997615036045649,0.2827741069996919,0.0268863536188252,0.5333333333333333,0.15002626291375704,0.7893192190223787,0.46349465235299364
HALLMARK_COAGULATION,A2M,0.2222222222222222,0.0926586075589654,0.2270220821947481,0.026873072868893573,0.5,0.3477379510913276,0.6336962550074928,0.4632311977959079
HALLMARK_COAGULATION,MMP14,0.1111111111111111,0.025429604464228872,0.13127259666906987,0.01458237247842642,0.23333333333333334,0.09543461515786847,0.36642670215198603,0.21941657555586017
HALLMARK_COAGULATION,MMP2,0.20833333333333331,0.01649509014691257,0.2449843511401719,0.024440410903850324,0.4666666666666667,0.06190432817700081,0.683835089309911,0.4149736909653953
HALLMARK_COAGULATION,THBS1,0.18055555555555555,0.028366893146695143,0.19323022596839,0.022247386536225246,0.4,0.10645794882446356,0.5393716301367492,0.3714699531173519
HALLMARK_COAGULATION,CTSV,0.013888888888888888,0.0,0.017696832793092688,0.003521578150003174,0.0,0.0,0.04939791124308549,0.0
HALLMARK_COAGULATION,FN1,0.4305555555555555,0.26646101545192047,0.3582506293840474,0.053931599819525285,1.0,1.0,1.0,1.0
HALLMARK_COAGULATION,TIMP3,0.1111111111111111,0.009693924306600366,0.14246480523320468,0.014171749613359106,0.23333333333333334,0.03638027232673934,0.3976679831048708,0.2112709161915521
HALLMARK_COAGULATION,FBN1,0.05555555555555555,0.0,0.0919449629038942,0.007756276955232407,0.1,0.0,0.25664982937218656,0.08400509789484045
HALLMARK_COAGULATION,PLAU,0.20833333333333331,0.061075730908992806,0.25432331395152197,0.02403691367131084,0.4666666666666667,0.2292107564230654,0.7099033277032584,0.4069693850917591
HALLMARK_COAGULATION,SPARC,0.05555555555555555,8.96583202921231e-05,0.0818401515227115,0.007801343228531926,0.1,0.00033647819040268133,0.2284438457607795,0.0848990922199166
HALLMARK_COAGULATION,PECAM1,0.08333333333333333,0.026289000874341873,0.09585651050533708,0.013127435693599554,0.16666666666666669,0.09865983896276712,0.26756829616781547,0.19055452121346894
HALLMARK_COAGULATION,MMP15,0.027777777777777776,0.0,0.022912344420990886,0.005109919868202592,0.03333333333333333,0.0,0.06395618748914654,0.031508451406989366
HALLMARK_COAGULATION,CTSH,0.013888888888888888,0.0,0.0007746056403449861,0.005863916365832873,0.0,0.0,0.0021621891960854115,0.04646572523189126
HALLMARK_COAGULATION,LGMN,0.027777777777777776,0.025039123630672927,0.009254303028779168,0.008962639500581055,0.03333333333333333,0.09396918190154882,0.025831923993240177,0.10793610417881543
HALLMARK_COAGULATION,PLAT,0.1388888888888889,0.013841755576289489,0.17466330781865327,0.01680434274368647,0.30000000000000004,0.05194664425043092,0.48754501316287396,0.2634945225924006
HALLMARK_COAGULATION,F3,0.18055555555555555,0.0567563624335248,0.15359552354976413,0.022731445152680385,0.4,0.21300062351434582,0.42873762375196994,0.38107238137315647
HALLMARK_COAGULATION,VWF,0.19444444444444442,0.036118389103090995,0.1812883196922122,0.023523060246959777,0.4333333333333333,0.13554849305754485,0.5060376865322119,0.3967759075384309
HALLMARK_COAGULATION,CTSB,0.1111111111111111,0.07623583026182446,0.10978751770084796,0.018103678183273048,0.23333333333333334,0.28610500538897876,0.3064545005534517,0.2892698624267049
HALLMARK_COAGULATION,LRP1,0.08333333333333333,0.0020554819752785325,0.10763660586972192,0.010736992804041907,0.16666666666666669,0.007714006387735238,0.30045057019100074,0.14313452791870493
HALLMARK_COAGULATION,THBD,0.15277777777777776,0.040807736134846825,0.12278775351120713,0.018545014677168986,0.3333333333333333,0.15314711634509276,0.3427426037529099,0.2980247980383031
HALLMARK_COAGULATION,COMP,0.041666666666666664,0.0,0.04448467189243941,0.006805238429581891,0.06666666666666667,0.0,0.12417192949227594,0.06513903725544354
HALLMARK_COAGULATION,ITGB3,0.09722222222222221,0.002893954705481762,0.08231050993545899,0.013669486973195323,0.19999999999999998,0.010860705835611963,0.22975677691614466,0.2013073687950341
HALLMARK_COAGULATION,ITGA2,0.08333333333333333,0.0015224595421073563,0.09090225395220047,0.011377469180589453,0.16666666666666669,0.005713629588648269,0.25373927216399267,0.1558398661696261
HALLMARK_COAGULATION,TFPI2,0.013888888888888888,0.0,0.012856492437470125,0.0035410813338086523,0.0,0.0,0.03588686629685685,0.0003868910022165291
HALLMARK_COAGULATION,PROC,0.1388888888888889,0.022943837017332144,0.09470525311387404,0.017695263659952616,0.30000000000000004,0.08610579291840938,0.26435474314924173,0.2811680106560805
HALLMARK_COAGULATION,F10,0.1111111111111111,0.01281081283455871,0.06941476860293407,0.014262197965156822,0.23333333333333334,0.04807762521219641,0.19376035353317106,0.21306516957217306
HALLMARK_COAGULATION,F8,0.125,0.01862369285657039,0.09365751104342743,0.016012961513864193,0.26666666666666666,0.06989274894484819,0.2614301367856799,0.2477956356724462
HALLMARK_COAGULATION,SERPINA1,0.08333333333333333,0.0131272657698597,0.07591893638101524,0.011841503205389424,0.16666666666666669,0.049265239598354486,0.21191570971290483,0.16504506008606767
HALLMARK_COAGULATION,PROS1,0.041666666666666664,0.00032975631567180863,0.01844138656537631,0.006845619890177355,0.06666666666666667,0.0012375405652212904,0.051476215400048896,0.06594009742677608
HALLMARK_COAGULATION,F12,0.1111111111111111,0.010577914622382448,0.05587347905079202,0.014399846106458355,0.23333333333333334,0.039697794457632773,0.15596198434279715,0.21579574053292225
HALLMARK_COAGULATION,PLEK,0.013888888888888888,0.0,8.415144457458409e-20,0.010543949242175374,0.0,0.0,2.32406588002575e-19,0.1393050599781417
HALLMARK_COAGULATION,RABIF,0.027777777777777776,0.0003912363067292645,1.1900811421066462e-19,0.020007991926608147,0.03333333333333333,0.0014682684672117003,3.297034711818476e-19,0.32704635369305257
HALLMARK_COAGULATION,CLU,0.125,0.05104193436233857,0.1062414564286931,0.017408363868031813,0.26666666666666666,0.1915549795371415,0.296556231070292,0.27547668614521914
HALLMARK_COAGULATION,C3,0.2222222222222222,0.0866074645033949,0.09542703619212702,0.028971252844514635,0.5,0.325028651401436,0.26636948651338865,0.5048534765835725
HALLMARK_COAGULATION,CFI,0.06944444444444445,0.0009043753240372838,0.02727622945859878,0.009956445825091649,0.13333333333333336,0.003394024910186034,0.0761372827327498,0.12765056355805923
HALLMARK_COAGULATION,C2,0.1111111111111111,0.00251706800692449,0.02687171377371316,0.015372100599144475,0.23333333333333334,0.009446289929712675,0.07500814114385401,0.2350826692126999
HALLMARK_COAGULATION,C1S,0.125,0.011326816141786822,0.036944751957735646,0.017241288483827655,0.26666666666666666,0.04250834262781905,0.10312543489806571,0.27216235739330014
HALLMARK_COAGULATION,SERPING1,0.1388888888888889,0.02786605865054053,0.057160488828562374,0.018281243659879737,0.30000000000000004,0.10457836994758661,0.15955446868813702,0.2927922865544066
HALLMARK_COAGULATION,MASP2,0.09722222222222221,0.004805082603438904,0.03898082084095279,0.01310318270130647,0.19999999999999998,0.01803296664350482,0.10880879932569514,0.19007340671500508
HALLMARK_COAGULATION,C1R,0.1111111111111111,0.02961709680872229,0.025895335743288714,0.01710832002079774,0.23333333333333334,0.11114983089924582,0.07228273621685313,0.2695246187328879
HALLMARK_COAGULATION,CFD,0.013888888888888888,0.0,0.007987826789025034,0.0035938924257842898,0.0,0.0,0.022296755773350014,0.0014345218150310177
HALLMARK_COAGULATION,CFH,0.1388888888888889,0.029520950299500835,0.039813745819996034,0.01973510457190815,0.30000000000000004,0.11078900322222753,0.11113377773669002,0.32163299845807586
HALLMARK_COAGULATION,CFB,0.09722222222222221,0.016030746763905767,0.04095654229038713,0.013330960546401049,0.19999999999999998,0.06016169658708785,0.11432371343158593,0.19459190993223924
HALLMARK_COAGULATION,GP1BA,0.06944444444444445,0.003870327929213763,0.06456668376317333,0.009663935076808218,0.13333333333333336,0.014524931246132381,0.18022769108371156,0.12184793268039223
HALLMARK_COAGULATION,PDGFB,0.027777777777777776,0.0010337076927797722,0.018848506205108587,0.005283823977562397,0.03333333333333333,0.0038793956069956195,0.05261262551726838,0.03495824380144389
HALLMARK_COAGULATION,HPN,0.013888888888888888,0.0,8.916381496625944e-22,0.0136986301369863,0.0,0.0,0.0,0.20188549121644536
HALLMARK_COAGULATION,MST1,0.013888888888888888,0.0,8.916381496625944e-22,0.0136986301369863,0.0,0.0,0.0,0.20188549121644536
HALLMARK_COAGULATION,CTSK,0.041666666666666664,0.00032342201356285854,0.05240252472083915,0.006750593296107903,0.06666666666666667,0.001213768599561672,0.14627336401595892,0.06405502396474848
HALLMARK_COAGULATION,C1QA,0.06944444444444445,0.0003617665589496575,0.01572284823967374,0.010306849041405148,0.13333333333333336,0.0013576716216295202,0.04388784540785476,0.13460162615848165
HALLMARK_COAGULATION,GNB2,0.013888888888888888,0.0,8.916381496625944e-22,0.0136986301369863,0.0,0.0,0.0,0.20188549121644536
HALLMARK_COAGULATION,GNG12,0.013888888888888888,0.0,8.916381496625944e-22,0.0136986301369863,0.0,0.0,0.0,0.20188549121644536
HALLMARK_COAGULATION,BMP1,0.041666666666666664,0.023962438436179904,0.035246697971011556,0.0069796673619344895,0.06666666666666667,0.0899284962775488,0.09838558562091688,0.06859924073434936
HALLMARK_COAGULATION,APOC1,0.013888888888888888,0.0,0.008892770167086953,0.00369891781327632,0.0,0.0,0.02482276216060415,0.0035179445951392134
HALLMARK_COAGULATION,TF,0.027777777777777776,0.0,0.025356989216534582,0.005159972815546355,0.03333333333333333,0.0,0.07078002698873613,0.03250136800742052
HALLMARK_COAGULATION,LAMP2,0.013888888888888888,0.0,0.009189466917569397,0.003978310342206491,0.0,0.0,0.02565094423803013,0.009060345087680399
HALLMARK_COAGULATION,FYN,0.013888888888888888,0.0,0.008023390105538193,0.003914514509198037,0.0,0.0,0.02239602514958057,0.007794806393277794
HALLMARK_COAGULATION,DPP4,0.041666666666666664,0.025039123630672927,0.034467299939798024,0.009682210904471104,0.06666666666666667,0.09396918190154882,0.09621001922329861,0.12221047621950631
HALLMARK_COAGULATION,GSN,0.013888888888888888,0.0,0.029986384642488983,0.003533564146910989,0.0,0.0,0.08370225250977396,0.00023777012012398435
HALLMARK_COAGULATION,ANXA1,0.027777777777777776,0.0,0.034225821008391,0.005603836619456411,0.03333333333333333,0.0,0.09553596895904029,0.04130643868999108
HALLMARK_COAGULATION,CD9,0.06944444444444445,0.002412623891497131,0.05064911020559586,0.012178073830126441,0.13333333333333336,0.009054322214472152,0.14137898457478948,0.171721721067162
HALLMARK_COAGULATION,PREP,0.013888888888888888,0.0,0.0028849860006330994,0.004798087515314084,0.0,0.0,0.008052982364869407,0.025322531572778268
HALLMARK_COAGULATION,RAPGEF3,0.013888888888888888,0.0,8.415144457458409e-20,0.010543949242175374,0.0,0.0,2.32406588002575e-19,0.1393050599781417
HALLMARK_COAGULATION,HTRA1,0.013888888888888888,0.0,0.003332777865799352,0.0037322785537303106,0.0,0.0,0.009302922569960341,0.004179732456939729
HALLMARK_COAGULATION,C8G,0.013888888888888888,0.0,0.0021677079102229275,0.0038725536823576573,0.0,0.0,0.00605081396214137,0.006962415819921836
HALLMARK_COMPLEMENT,LCP2,0.078125,0.005383347130170362,0.1608588262155428,0.010657478596425574,0.34615384615384615,0.026959206925344197,0.4180076797742784,0.3210042993274323
HALLMARK_COMPLEMENT,FYN,0.109375,0.03712340353230624,0.22195807607234597,0.015314887143365315,0.5,0.18590989832172045,0.576780165372109,0.49568278242039254
HALLMARK_COMPLEMENT,RABIF,0.0546875,0.002657586070157663,0.10356343959912583,0.008399882132137958,0.23076923076923078,0.013308897058812816,0.26911991163150323,0.23633199243330974
HALLMARK_COMPLEMENT,LCK,0.0703125,0.03271483618406858,0.14347635259444472,0.009720575259382452,0.3076923076923077,0.1638322807147552,0.3728375909576615,0.2858652617982983
HALLMARK_COMPLEMENT,LYN,0.0859375,0.00527647473927075,0.20659425653812455,0.010897313328385701,0.38461538461538464,0.0264240018138771,0.5368557502370315,0.3299994232787827
HALLMARK_COMPLEMENT,RASGRP1,0.0234375,0.0,0.04771158552410537,0.004013905867756232,0.07692307692307693,0.0,0.1239833065582589,0.07183371554339947
HALLMARK_COMPLEMENT,GRB2,0.140625,0.07355703501500525,0.24802312702456833,0.019597382684511614,0.6538461538461539,0.36836549452116785,0.6445127960773557,0.6562999620043763
HALLMARK_COMPLEMENT,FCER1G,0.0625,0.022669116364039902,0.14800198404811357,0.008416283991440659,0.2692307692307692,0.11352442710740032,0.3845978949954814,0.23694715253232715
HALLMARK_COMPLEMENT,SRC,0.2109375,0.1790858777633795,0.384822657570324,0.026942083453920792,1.0,0.8968422654693378,1.0,0.9317667105710428
HALLMARK_COMPLEMENT,WAS,0.0625,0.01350118522968553,0.1226578371769738,0.009501051281199591,0.2692307692307692,0.06761244213745776,0.3187386053394188,0.27763190302698965
HALLMARK_COMPLEMENT,PLEK,0.0390625,9.483677821522308e-05,0.10088967671315856,0.005709909984908234,0.15384615384615385,0.0004749320945157522,0.26217187249355656,0.13544321501455675
HALLMARK_COMPLEMENT,GZMB,0.0546875,0.028144677865750596,0.04925724162329147,0.008804030149281048,0.23076923076923078,0.14094543340472143,0.127999847863142,0.25148976995445277
HALLMARK_COMPLEMENT,ITGAM,0.1015625,0.08182831458505097,0.17072241820526937,0.013726207917166725,0.46153846153846156,0.4097871476440973,0.4436392058699685,0.43609855772616624
HALLMARK_COMPLEMENT,CASP3,0.078125,0.034408020229822874,0.06127069646219619,0.012759056372055039,0.34615384615384615,0.17231155911691481,0.1592180066762294,0.39982504572513544
HALLMARK_COMPLEMENT,CASP7,0.046875,0.003655030094729573,0.02782551021537134,0.007886118600586816,0.19230769230769232,0.018303986397224335,0.07230735942383121,0.2170630291342228
HALLMARK_COMPLEMENT,GZMA,0.03125,0.0026804360929979856,0.015844824901006044,0.006066877595491406,0.11538461538461539,0.013423327445541675,0.04117435548376072,0.14883146732301242
HALLMARK_COMPLEMENT,CTSC,0.03125,0.007524631368585102,0.007370743411553349,0.005915692675668497,0.11538461538461539,0.03768252152377957,0.01915361080371519,0.1431611997922524
HALLMARK_COMPLEMENT,CCL5,0.09375,0.07645641693950075,0.10252856354119193,0.015214737381911493,0.4230769230769231,0.38288527847119586,0.2664306831321528,0.49192661453506276
HALLMARK_COMPLEMENT,TIMP1,0.0859375,0.03203544990829591,0.10392259915422258,0.012656378517253953,0.38461538461538464,0.1604299893989777,0.2700532235039496,0.3959740604093469
HALLMARK_COMPLEMENT,PLAUR,0.0625,0.008856564161408313,0.11293874445343988,0.008815747623787456,0.2692307692307692,0.04435269361265176,0.29348257497754277,0.25192923981238585
HALLMARK_COMPLEMENT,SERPINE1,0.078125,0.026510115200827796,0.09874980731063115,0.011212552365310838,0.34615384615384615,0.13275972439310485,0.25661120874252374,0.3418226241482771
HALLMARK_COMPLEMENT,MMP12,0.0390625,0.005471742145491379,0.06173250660054734,0.006143397143104603,0.15384615384615385,0.027401879383869617,0.16041806631218458,0.15170137198551306
HALLMARK_COMPLEMENT,MMP14,0.0625,0.01794452093527818,0.11631924842407865,0.00867020136378954,0.2692307692307692,0.0898641758320025,0.3022671512080133,0.24647045309439547
HALLMARK_COMPLEMENT,LGALS3,0.0390625,0.01313802970619151,0.062262857736169824,0.006469344762877754,0.15384615384615385,0.0657937994478404,0.1617962365555143,0.16392620371670102
HALLMARK_COMPLEMENT,CTSS,0.0625,0.043711624316990924,0.027951987534048452,0.009905666241046945,0.2692307692307692,0.21890297922648969,0.07263602333222907,0.29280719347242307
HALLMARK_COMPLEMENT,MMP13,0.0390625,0.00033111095488064,0.06995998984979421,0.006012006097107809,0.15384615384615385,0.0016581670347520375,0.18179800090645504,0.14677348378858907
HALLMARK_COMPLEMENT,CTSV,0.015625,0.002130817630989673,0.010374817841386831,0.003338971633333296,0.038461538461538464,0.010670898986260318,0.026959997383966136,0.046519962826993784
HALLMARK_COMPLEMENT,FN1,0.171875,0.19968492192956566,0.22686923077602697,0.025600463788977384,0.8076923076923077,1.0,0.5895422899691606,0.8814485807359467
HALLMARK_COMPLEMENT,IL6,0.1953125,0.1577148188311166,0.2264687515644029,0.02876137052205452,0.9230769230769231,0.7898183663899617,0.5885016048542233,1.0
HALLMARK_COMPLEMENT,MMP15,0.03125,0.0007266265470358359,0.04940690536426549,0.0047456491223072834,0.11538461538461539,0.003638865368573682,0.12838876399900304,0.09927811953550157
HALLMARK_COMPLEMENT,TIMP2,0.0546875,0.0067580007187000475,0.07781061151322217,0.008094204923789722,0.23076923076923078,0.033843320033366264,0.2021986231385109,0.22486741282166173
HALLMARK_COMPLEMENT,GNAI2,0.09375,0.017675413067384304,0.16826115202960606,0.011851566615753241,0.4230769230769231,0.08851651339813682,0.4372433605961919,0.36578917954428325
HALLMARK_COMPLEMENT,GNAI3,0.09375,0.017675413067384304,0.16826115202960606,0.011851566615753241,0.4230769230769231,0.08851651339813682,0.4372433605961919,0.36578917954428325
HALLMARK_COMPLEMENT,CTSH,0.0234375,2.4606299212598425e-05,0.0020080730244401547,0.004755406703920624,0.07692307692307693,0.000123225624523006,0.005218177737035121,0.09964408261082468
HALLMARK_COMPLEMENT,LGMN,0.0390625,0.006031226681402418,0.006614975437106156,0.007098957756937921,0.15384615384615385,0.0302037160498768,0.017189672455544824,0.18754016019692257
HALLMARK_COMPLEMENT,CTSL,0.046875,0.005715163194075406,0.007505144181693161,0.008457254992110875,0.19230769230769232,0.028620905068091722,0.01950286458983159,0.23848379080997545
HALLMARK_COMPLEMENT,CTSD,0.046875,0.00761154234632125,0.00744651548512902,0.008382807239589824,0.19230769230769232,0.0381177620862433,0.01935051208300596,0.23569158987913763
HALLMARK_COMPLEMENT,PLAT,0.0625,0.01207768204573003,0.08495191539827097,0.009113353311085625,0.2692307692307692,0.06048369565925543,0.22075601248283183,0.26309109291012195
HALLMARK_COMPLEMENT,F3,0.09375,0.04798528684193336,0.09761950239938354,0.013854258602731827,0.4230769230769231,0.24030500840148103,0.25367399886412395,0.44090116400132817
HALLMARK_COMPLEMENT,CTSB,0.0625,0.02205138085799326,0.026209291788411665,0.010171925691793886,0.2692307692307692,0.11043087602664053,0.06810745488296015,0.3027933899799639
HALLMARK_COMPLEMENT,LRP1,0.046875,0.010854340787982355,0.0457375502457496,0.007401597178143431,0.19230769230769232,0.054357337965712696,0.11885357929422682,0.19889080605234058
HALLMARK_COMPLEMENT,PPP2CB,0.015625,0.014517716535433071,0.020846267672358285,0.004823219272197923,0.038461538461538464,0.07270311846857354,0.05417110261640131,0.10218742757228391
HALLMARK_COMPLEMENT,PPP4C,0.0078125,0.0,0.0019409017756205106,0.003212670014323948,0.0,0.0,0.00504362655742489,0.041782956185127604
HALLMARK_COMPLEMENT,TFPI2,0.0078125,0.0,0.009089243368902766,0.0021441320836484328,0.0,0.0,0.023619304087472454,0.001706896080773468
HALLMARK_COMPLEMENT,F7,0.046875,0.0037071945112080998,0.03334926516363999,0.007138710978057179,0.19230769230769232,0.018565220024553124,0.08666138676500776,0.18903112503137623
HALLMARK_COMPLEMENT,PFN1,0.015625,0.00014353674540682414,0.015829256328957292,0.003612691530698789,0.038461538461538464,0.0007188161430508683,0.04113389899882543,0.056785967190210264
HALLMARK_COMPLEMENT,CALM3,0.03125,0.019044558473167633,0.047355978686530485,0.0067788442239497815,0.11538461538461539,0.09537304213627693,0.1230592267761065,0.17553413886631847
HALLMARK_COMPLEMENT,LAP3,0.0078125,0.0,4.2359639319171376e-33,0.007751937984496124,0.0,0.0,0.0,0.2120305166880897
HALLMARK_COMPLEMENT,XPNPEP1,0.0078125,0.0,4.2359639319171376e-33,0.007751937984496124,0.0,0.0,0.0,0.2120305166880897
HALLMARK_COMPLEMENT,GZMK,0.015625,0.0,0.011021439978013466,0.0035296268812057656,0.038461538461538464,0.0,0.02864030940277825,0.053670585143337085
HALLMARK_COMPLEMENT,LTF,0.03125,0.001176094099014867,0.016275046309711327,0.005552408987572657,0.11538461538461539,0.005889749149060476,0.04229232865982471,0.12953605977512983
HALLMARK_COMPLEMENT,CLU,0.09375,0.08437685536900656,0.049224988086842676,0.015506652307956809,0.4230769230769231,0.4225499579721327,0.12791603383656563,0.5028750327294027
HALLMARK_COMPLEMENT,C3,0.1484375,0.08233575766742955,0.06428146093182614,0.020919341388028485,0.6923076923076923,0.41232836646760757,0.16704177799114933,0.7058806974529753
HALLMARK_COMPLEMENT,CP,0.0390625,0.014617313460817398,0.015546426048121563,0.007687367051083342,0.15384615384615385,0.07320188885354761,0.040398936347142055,0.20960875089564004
HALLMARK_COMPLEMENT,GNB4,0.046875,0.0013001289669388187,0.07570330461669321,0.00645450770170839,0.19230769230769232,0.006510902046962814,0.1967225763021994,0.16336973216980938
HALLMARK_COMPLEMENT,GNB2,0.0390625,2.4606299212598425e-05,0.05286591030002662,0.005580671263264185,0.15384615384615385,0.000123225624523006,0.1373773328052174,0.1305960508402888
HALLMARK_COMPLEMENT,PIK3CA,0.140625,0.047075307337501544,0.26812210428149946,0.017779256271946303,0.6538461538461539,0.23574793170465969,0.6967419901269762,0.588110203554512
HALLMARK_COMPLEMENT,GNG2,0.0546875,0.0009680093576718167,0.09894713771862192,0.007246457315647295,0.23076923076923078,0.004847683782620603,0.25712399145972825,0.19307220637937828
HALLMARK_COMPLEMENT,GNGT2,0.0390625,5.5364173228346456e-05,0.05663469793953981,0.005559084525942349,0.15384615384615385,0.0002772576551767635,0.1471709028182421,0.12978642924658468
HALLMARK_COMPLEMENT,PIK3CG,0.078125,0.0046708810858975295,0.18633437334647632,0.00997561908483937,0.34615384615384615,0.02339125578818153,0.48420842609150383,0.2954308105587379
HALLMARK_COMPLEMENT,LAMP2,0.0234375,0.0015209132992065365,0.008930830780384681,0.004531144078097817,0.07692307692307693,0.007616565559932484,0.023207653199974657,0.09123299844280335
HALLMARK_COMPLEMENT,CD36,0.0703125,0.03932560753873379,0.12908962350530115,0.011673704447527468,0.3076923076923077,0.19693829237945673,0.33545224265208656,0.3591183682052786
HALLMARK_COMPLEMENT,IRF1,0.0390625,0.05848204896863854,0.015597563656608488,0.010260506528616205,0.15384615384615385,0.29287163198664923,0.040531822515565176,0.30611565944618774
HALLMARK_COMPLEMENT,CEBPB,0.0234375,0.019326610511926946,0.022735301015796832,0.006423765086223647,0.07692307692307693,0.09678552754596048,0.05907994388724914,0.16221671469559323
HALLMARK_COMPLEMENT,CASP1,0.0625,0.04494498129494898,0.039340574361117736,0.010907618609897708,0.2692307692307692,0.22507949453891316,0.1022304003862571,0.330385928118163
HALLMARK_COMPLEMENT,PSMB9,0.015625,0.02878937007874016,0.0014650707299796034,0.0060604807498070325,0.038461538461538464,0.14417398069191703,0.003807132197541852,0.14859155036286933
HALLMARK_COMPLEMENT,IRF2,0.0078125,0.0,0.0014522585906460571,0.0029095225514413374,0.0,0.0,0.0037738385775288336,0.030413255967480145
HALLMARK_COMPLEMENT,CD46,0.046875,6.90343394575678e-05,0.018115848953596143,0.006701506200893621,0.19230769230769232,0.00034571633546732236,0.04707583765460999,0.172633536864861
HALLMARK_COMPLEMENT,C2,0.0703125,0.00292740293751435,0.025358262425683127,0.009459849804266183,0.3076923076923077,0.014660110083559164,0.06589597033030482,0.27608662061953443
HALLMARK_COMPLEMENT,CD59,0.046875,0.0018131353146311417,0.020276112086681147,0.006871340841713184,0.19230769230769232,0.009079981087759266,0.05268949654549852,0.17900327169400584
HALLMARK_COMPLEMENT,C1S,0.0703125,0.005394803030134995,0.027703647512141112,0.009610484084347485,0.3076923076923077,0.027016576805122473,0.07199068705323942,0.2817362361259283
HALLMARK_COMPLEMENT,SERPING1,0.0859375,0.008680168209199233,0.031829723617476324,0.011531625296164402,0.38461538461538464,0.04346932219680045,0.08271270672688921,0.3537896171650584
HALLMARK_COMPLEMENT,CR2,0.0078125,0.0,0.005985476189171164,0.00209862154191158,0.0,0.0,0.015553855968258194,0.0
HALLMARK_COMPLEMENT,SERPINA1,0.046875,0.025230455256058788,0.03573517622568206,0.008550619747202897,0.19230769230769232,0.1263513289448978,0.09286141427146001,0.24198548357097155
HALLMARK_COMPLEMENT,C1R,0.0625,0.001188731490007961,0.02351065243764334,0.00851504253462513,0.2692307692307692,0.005953035805213471,0.061094771773792744,0.24065114206686541
HALLMARK_COMPLEMENT,FCN1,0.0390625,0.0006869157702817505,0.017402977794758447,0.005705376521591061,0.15384615384615385,0.003439998191370926,0.045223370953874145,0.13527318516052522
HALLMARK_COMPLEMENT,CFH,0.0703125,0.00200281499718019,0.02396627491632426,0.009595527079745739,0.3076923076923077,0.010029875955715062,0.06227875215986877,0.2811752660394273
HALLMARK_COMPLEMENT,F10,0.0390625,0.0005953606432677229,0.024937999837330457,0.006151218879756618,0.15384615384615385,0.0029815002430565235,0.06480387614072124,0.15199473020817197
HALLMARK_COMPLEMENT,CD55,0.0546875,0.01740051633639339,0.030336522055864,0.0076410432826594646,0.23076923076923078,0.08713986097824165,0.07883247376181374,0.20787135433317844
HALLMARK_COMPLEMENT,CFB,0.0546875,0.001748126055202716,0.022470849821831906,0.00755461901002095,0.23076923076923078,0.008754421907826009,0.05839274112316397,0.20462996790663707
HALLMARK_COMPLEMENT,RBSN,0.0078125,0.0,4.2359639319171376e-33,0.007751937984496124,0.0,0.0,0.0,0.2120305166880897
HALLMARK_COMPLEMENT,EHD1,0.0078125,0.0,4.2359639319171376e-33,0.007751937984496124,0.0,0.0,0.0,0.2120305166880897
HALLMARK_COMPLEMENT,USP14,0.015625,0.014517716535433071,0.00013760349058042001,0.007393912285492656,0.038461538461538464,0.07270311846857354,0.000357576374138713,0.19860258023374633
HALLMARK_COMPLEMENT,USP15,0.0078125,0.0,1.2812139333546346e-05,0.004313748896040114,0.0,0.0,3.32936200130186e-05,0.08307948125597432
HALLMARK_COMPLEMENT,PRKCD,0.0390625,0.005099132815208241,0.09754280888144344,0.005825644913292312,0.15384615384615385,0.025535893075626637,0.253474703119886,0.1397839125349164
HALLMARK_COMPLEMENT,RAF1,0.0390625,0.00012606733817363737,0.11148047788539499,0.0056523185162132665,0.15384615384615385,0.000631331284082154,0.2896931240724115,0.13328321760626782
HALLMARK_COMPLEMENT,JAK2,0.078125,0.01884835290592757,0.19884088858042312,0.010426224516051118,0.34615384615384615,0.09439046635967788,0.5167078514447558,0.3123309970904168
HALLMARK_COMPLEMENT,CBLB,0.0234375,0.0,0.06872161750211553,0.0038574472768160874,0.07692307692307693,0.0,0.17857996703210507,0.06596565628751902
HALLMARK_COMPLEMENT,PIK3R5,0.0625,0.0045690940209077106,0.14319440399618377,0.008043902652368063,0.2692307692307692,0.02288151742633505,0.3721049194459551,0.22298080047500826
HALLMARK_COMPLEMENT,RHOG,0.0234375,0.0007580476021421285,0.038870801333745486,0.004432929145890638,0.07692307692307693,0.003796218536768202,0.1010096483901603,0.0875493973152405
HALLMARK_COMPLEMENT,ATOX1,0.0078125,0.0,0.0014475893417767217,0.0024696282735837587,0.0,0.0,0.003761705069333615,0.01391479670563923
HALLMARK_COMPLEMENT,PLA2G7,0.0234375,0.014517716535433071,0.005098605520427593,0.006591979810530878,0.07692307692307693,0.07270311846857354,0.013249234212504377,0.16852569372969467
HALLMARK_COMPLEMENT,PLA2G4A,0.0078125,0.0,0.00047474796229837393,0.0030305995156171195,0.0,0.0,0.0012336798599537153,0.034954309264945985
HALLMARK_COMPLEMENT,APOC1,0.015625,0.0,0.0050581649708092875,0.00412897983866228,0.038461538461538464,0.0,0.013144145416866308,0.07614962351642014
HALLMARK_COMPLEMENT,C1QA,0.078125,0.05685681293975539,0.047436279474312504,0.010450922194849242,0.34615384615384615,0.2847326297366125,0.12326789637027495,0.313257296130944
HALLMARK_COMPLEMENT,C1QC,0.0390625,1.3670166229221346e-05,0.01451098779475686,0.005647759420586071,0.15384615384615385,6.845868029055889e-05,0.03770824692697588,0.13311222639937495
HALLMARK_COMPLEMENT,CASP10,0.0390625,0.0018321778287329466,0.01647884202777942,0.007115597899085542,0.15384615384615385,0.009175343891909904,0.04282191212914227,0.18816425721557634
HALLMARK_COMPLEMENT,CASP4,0.015625,0.0,0.005197251353539827,0.0035312557305056365,0.038461538461538464,0.0,0.013505575233937623,0.05373167596713339
HALLMARK_COMPLEMENT,CASP9,0.046875,0.0033526726716625443,0.04335242930169745,0.007702037914128993,0.19230769230769232,0.016789813869096854,0.11265560498805884,0.21015898909713146
HALLMARK_COMPLEMENT,CALM1,0.0078125,0.0,0.004409118923977867,0.0026032531048274465,0.0,0.0,0.011457534625991006,0.018926464157603944
HALLMARK_COMPLEMENT,KCNIP3,0.0078125,0.0,0.0027284923786337007,0.0028760385321807335,0.0,0.0,0.007090259175124285,0.029157420746380436
HALLMARK_COMPLEMENT,PSEN1,0.03125,0.03060340881914455,0.02930522103148514,0.008061756874974665,0.11538461538461539,0.15325848603601233,0.07615253534319191,0.22365043220052538
HALLMARK_COMPLEMENT,ANXA5,0.0546875,0.013014919251489662,0.09423201566054626,0.008160793865793029,0.23076923076923078,0.06517727590909633,0.24487127721507906,0.22736486505559672
HALLMARK_COMPLEMENT,GATA3,0.0078125,0.0,0.0021168361877992904,0.0029817624284455444,0.0,0.0,0.005500809648695,0.03312264940091822
HALLMARK_COMPLEMENT,GPD2,0.0078125,0.0,4.2359639319171376e-33,0.007751937984496124,0.0,0.0,0.0,0.2120305166880897
HALLMARK_COMPLEMENT,DGKH,0.0078125,0.0,4.2359639319171376e-33,0.007751937984496124,0.0,0.0,0.0,0.2120305166880897
HALLMARK_COMPLEMENT,OLR1,0.0078125,0.0,0.012019104625551022,0.002265274317871822,0.0,0.0,0.031232840346347338,0.0062503973646662065
HALLMARK_COMPLEMENT,APOBEC3F,0.015625,0.0,7.025769134208521e-26,0.007751937984496124,0.038461538461538464,0.0,1.8257159687454762e-25,0.2120305166880897
HALLMARK_COMPLEMENT,CDA,0.015625,0.0,7.025769134208521e-26,0.007751937984496124,0.038461538461538464,0.0,1.8257159687454762e-25,0.2120305166880897
HALLMARK_COMPLEMENT,APOBEC3G,0.015625,0.0,7.025769134208521e-26,0.007751937984496124,0.038461538461538464,0.0,1.8257159687454762e-25,0.2120305166880897
HALLMARK_COMPLEMENT,HSPA5,0.0390625,0.0283249106796818,0.034261933104819516,0.007515421551738975,0.15384615384615385,0.14184801939964586,0.08903304530232437,0.203159847240866
HALLMARK_COMPLEMENT,HSPA1A,0.0078125,0.0,0.003190081236588584,0.0024404369283678087,0.0,0.0,0.008289743791932562,0.012819960414089162
HALLMARK_COMPLEMENT,NOTCH4,0.0078125,0.0,0.0027284923786337007,0.0028760385321807335,0.0,0.0,0.007090259175124285,0.029157420746380436
HALLMARK_COMPLEMENT,GP1BA,0.046875,0.004897479061271859,0.10857462577843272,0.0068622959913160995,0.19230769230769232,0.024526033382727484,0.2821419779800553,0.17866403996648142
HALLMARK_COMPLEMENT,F8,0.046875,0.006365559480660699,0.04803434138446031,0.007202063221911151,0.19230769230769232,0.03187801772487362,0.12482201980449222,0.19140718325032258
HALLMARK_COMPLEMENT,F5,0.046875,0.002921678369809008,0.024547867508726225,0.007338933724520754,0.19230769230769232,0.014631442081738971,0.06379007843175204,0.19654058126234067
HALLMARK_COMPLEMENT,DOCK4,0.015625,0.0005373266640599605,0.026711459888340186,0.003344074180622293,0.038461538461538464,0.0026908724948671403,0.06941238870130413,0.04671133646565337
HALLMARK_COMPLEMENT,SH2B3,0.0234375,8.763996829941711e-05,0.05496415208268821,0.0038923354127537906,0.07692307692307693,0.000438891266564083,0.14282982304035424,0.06727415362077172
HALLMARK_COMPLEMENT,DPP4,0.0234375,0.02878937007874016,0.02153490081555526,0.006664078629723739,0.07692307692307693,0.14417398069191703,0.05596058441964241,0.1712297967179708
HALLMARK_COMPLEMENT,COL4A2,0.0078125,0.0,0.02112319247783686,0.0021519160428657377,0.0,0.0,0.054890719302245664,0.001998837441474947
HALLMARK_COMPLEMENT,ZEB1,0.0078125,0.0,0.02112319247783686,0.0021519160428657377,0.0,0.0,0.054890719302245664,0.001998837441474947
HALLMARK_COMPLEMENT,PRCP,0.015625,0.0,0.0022109177247296133,0.0053073721977320585,0.038461538461538464,0.0,0.005745289891943489,0.12034582998963059
HALLMARK_COMPLEMENT,PREP,0.015625,0.0,0.0022109177247296133,0.0053073721977320585,0.038461538461538464,0.0,0.005745289891943489,0.12034582998963059
HALLMARK_COMPLEMENT,S100A9,0.0078125,0.0,0.012019104625551022,0.002265274317871822,0.0,0.0,0.031232840346347338,0.0062503973646662065
HALLMARK_COMPLEMENT,CD40LG,0.03125,0.0007204108199442359,0.0513044485455457,0.005226504160905873,0.11538461538461539,0.0036077376948788578,0.13331971893097308,0.11731283302122301
HALLMARK_COMPLEMENT,CXCL1,0.03125,0.0007204108199442359,0.0513044485455457,0.005226504160905873,0.11538461538461539,0.0036077376948788578,0.13331971893097308,0.11731283302122301
HALLMARK_COMPLEMENT,PIM1,0.0078125,0.0,0.003327315896250939,0.002374116808692616,0.0,0.0,0.00864636172219899,0.010332590498684539
HALLMARK_COMPLEMENT,IRF7,0.015625,0.0,0.030632113090416517,0.0032183377550011006,0.038461538461538464,0.0,0.07960059650286751,0.04199552769009034
HALLMARK_COMPLEMENT,TNFAIP3,0.0078125,0.0,0.021085947359823377,0.0021407973712822635,0.0,0.0,0.05479393415386423,0.001581825992589656
HALLMARK_DNA_REPAIR,ERCC1,0.1653543307086614,0.04285768647124402,0.07406084684050254,0.009595835479788938,0.5714285714285714,0.13920266914771556,0.34440544955105845,0.5415224104773082
HALLMARK_DNA_REPAIR,ERCC2,0.28346456692913385,0.07278557328940322,0.2058885064872121,0.014990982427194037,1.0,0.23640907644722664,0.9574441376134168,0.905016459931059
HALLMARK_DNA_REPAIR,RAD52,0.09448818897637795,0.0011940050016635239,0.02540230596912382,0.006125373425501852,0.3142857142857143,0.003878153416396034,0.11812844411259314,0.3077025872387338
HALLMARK_DNA_REPAIR,ERCC8,0.1889763779527559,0.013155004552630918,0.14717382584528416,0.010140722123098904,0.6571428571428571,0.042727732109507394,0.6844030255494489,0.5782337464985196
HALLMARK_DNA_REPAIR,GTF2H1,0.26771653543307083,0.052961436948508626,0.20705429117457003,0.01422190279574042,0.9428571428571427,0.1720198636965027,0.9628653907648144,0.8532002865599274
HALLMARK_DNA_REPAIR,TYMS,0.14960629921259844,0.18055761902518255,0.0128966855251225,0.011887369272431211,0.5142857142857143,0.5864549529551916,0.059973507804522756,0.6959128109367951
HALLMARK_DNA_REPAIR,LIG1,0.15748031496062992,0.015963847369312927,0.03962027028137842,0.00996089636740068,0.5428571428571429,0.051850912791714054,0.18424629989688604,0.5661181187367461
HALLMARK_DNA_REPAIR,ERCC5,0.09448818897637795,0.0028809827220778166,0.05218412762734354,0.00579555673352088,0.3142857142857143,0.00935749261572407,0.24267205550094018,0.2854814306855715
HALLMARK_DNA_REPAIR,XPC,0.11811023622047244,0.002632153653908221,0.062184384240651966,0.007064870426062554,0.39999999999999997,0.008549290556707487,0.28917628845887194,0.3710005052588748
HALLMARK_DNA_REPAIR,RAD51,0.1653543307086614,0.031233706724099676,0.030949478871930416,0.01121935456996042,0.5714285714285714,0.10144773788218492,0.14392448424487733,0.6509058126728202
HALLMARK_DNA_REPAIR,RPA2,0.1653543307086614,0.01064156332336457,0.03203362462966698,0.010160945762588625,0.5714285714285714,0.03456402201063058,0.14896609155833754,0.5795962993046757
HALLMARK_DNA_REPAIR,ERCC4,0.14960629921259844,0.0074420023773674425,0.06653841510208611,0.008711117993631485,0.5142857142857143,0.024171780607622765,0.3094238554279729,0.481915221868555
HALLMARK_DNA_REPAIR,DDB2,0.11811023622047244,0.0033776205706176144,0.07124681380615898,0.007040269592424722,0.39999999999999997,0.01097058281747597,0.33131934057998735,0.3693430422229042
HALLMARK_DNA_REPAIR,ERCC3,0.2755905511811024,0.05632937637429561,0.2076157464539373,0.014560737761812503,0.9714285714285715,0.18295900195147918,0.9654763284753936,0.8760290426836701
HALLMARK_DNA_REPAIR,GTF2H5,0.19685039370078738,0.005496161579282097,0.16840741815146154,0.010380143351923093,0.6857142857142857,0.017851648674889004,0.7831456839954443,0.5943645753413475
HALLMARK_DNA_REPAIR,FEN1,0.2047244094488189,0.0429046659018177,0.05030608643216114,0.0124643537712762,0.7142857142857142,0.13935525932859907,0.23393859308867304,0.734786716319128
HALLMARK_DNA_REPAIR,GTF2H3,0.18110236220472442,0.004724129129878402,0.15845646139707767,0.009630339181402454,0.6285714285714287,0.01534407100389757,0.736870710366835,0.5438470719449023
HALLMARK_DNA_REPAIR,POLD1,0.19685039370078738,0.020273369313966866,0.048894985036194424,0.01184984840671078,0.6857142857142857,0.06584833091760826,0.22737654267508983,0.693384870261094
HALLMARK_DNA_REPAIR,RPA3,0.13385826771653542,0.001289779522975845,0.022009958350373806,0.00836490348419556,0.45714285714285713,0.004189231080655051,0.10235299653790898,0.45858927444926617
HALLMARK_DNA_REPAIR,REV3L,0.11811023622047244,0.002694268358426656,0.017821429562852605,0.007903670426914035,0.39999999999999997,0.008751040426432474,0.0828750645189777,0.42751403713551095
HALLMARK_DNA_REPAIR,DDB1,0.1889763779527559,0.039267756915793366,0.13623372714358684,0.010449483559908202,0.6571428571428571,0.12754250227178532,0.6335282412034716,0.59903632075184
HALLMARK_DNA_REPAIR,CETN2,0.11023622047244094,0.0010469106887291818,0.06631635096019566,0.006474600820086621,0.3714285714285714,0.0034003879870687097,0.30839118966894297,0.331231525574483
HALLMARK_DNA_REPAIR,RFC2,0.11811023622047244,0.0002239029873867435,0.016050115054385316,0.007587954850317633,0.39999999999999997,0.0007272416231635492,0.07463791364087888,0.4062429328391121
HALLMARK_DNA_REPAIR,RFC5,0.11811023622047244,0.00034244659171056227,0.017650757715412635,0.007546150377978439,0.39999999999999997,0.0011122737490422577,0.08208138855048842,0.403426387324414
HALLMARK_DNA_REPAIR,POLA2,0.11023622047244094,0.0005361485907878195,0.014264307610862354,0.00716423414902751,0.3714285714285714,0.001741421925505173,0.06633336620945798,0.3776950628643362
HALLMARK_DNA_REPAIR,RFC4,0.12598425196850394,0.003918656757712521,0.015657266843462827,0.008407185749622506,0.42857142857142855,0.01272787975882269,0.0728110500488453,0.46143801092112646
HALLMARK_DNA_REPAIR,POLD3,0.13385826771653542,0.0010792764414996648,0.017354492493048546,0.008552448225186585,0.45714285714285713,0.0035055126343743748,0.0807036652128875,0.47122496315638673
HALLMARK_DNA_REPAIR,POLA1,0.14173228346456693,0.010726165588966694,0.021661360184306803,0.008953335562013755,0.48571428571428565,0.03483881195281893,0.10073190910482116,0.498234452028256
HALLMARK_DNA_REPAIR,PRIM1,0.11811023622047244,0.004388426701242407,0.014766215105632207,0.0076949813840448255,0.39999999999999997,0.01425370243869619,0.0686673886213476,0.4134537666723234
HALLMARK_DNA_REPAIR,PCNA,0.1889763779527559,0.047352979493829106,0.022588132074678094,0.012509292239202177,0.6571428571428571,0.15380347565099722,0.10504168009923075,0.7378144124767864
HALLMARK_DNA_REPAIR,RFC3,0.14960629921259844,0.024843948721103272,0.02320914500307079,0.009537490842590625,0.5142857142857143,0.08069366918503582,0.10792957898108824,0.5375914835450353
HALLMARK_DNA_REPAIR,AAAS,0.007874015748031496,0.0,3.4309672428425664e-05,0.003061548328853644,0.0,0.0,0.00015955040565643789,0.10127962933684871
HALLMARK_DNA_REPAIR,RAE1,0.031496062992125984,0.030871141107361576,0.0008474567097832219,0.00889084061810041,0.08571428571428572,0.10027011711572113,0.0039409312958103215,0.4940239012397603
HALLMARK_DNA_REPAIR,RBX1,0.11811023622047244,0.009440275280288228,0.10519690986480253,0.006889836848449393,0.39999999999999997,0.03066221312219086,0.4891976068190966,0.35920774696383223
HALLMARK_DNA_REPAIR,POLR2G,0.2440944881889764,0.003971599163975541,0.2071622431856648,0.01290276075915011,0.8571428571428572,0.012899837810451537,0.9633674004298012,0.7643240640289536
HALLMARK_DNA_REPAIR,POLR2I,0.25196850393700787,0.006270527222731879,0.20945254120098894,0.01335183950771611,0.8857142857142857,0.020366804609328524,0.9740179823664666,0.7945804137505104
HALLMARK_DNA_REPAIR,POLR2D,0.2440944881889764,0.003971599163975541,0.2071622431856648,0.01290276075915011,0.8571428571428572,0.012899837810451537,0.9633674004298012,0.7643240640289536
HALLMARK_DNA_REPAIR,POLR2C,0.28346456692913385,0.06061104797394904,0.21383411472541053,0.01640077209782764,1.0,0.19686596156969458,0.9943936310904044,1.0
HALLMARK_DNA_REPAIR,POLR2K,0.2755905511811024,0.016714990671848583,0.21503970665110786,0.014821628958766792,0.9714285714285715,0.05429064207331095,1.0,0.8936063948062776
HALLMARK_DNA_REPAIR,POLR2E,0.2204724409448819,0.010956869970478834,0.17807340027306362,0.011993042421247047,0.7714285714285715,0.035588144647482944,0.8280954389599294,0.7030324614590244
HALLMARK_DNA_REPAIR,POLR2J,0.2440944881889764,0.003971599163975541,0.2071622431856648,0.01290276075915011,0.8571428571428572,0.012899837810451537,0.9633674004298012,0.7643240640289536
HALLMARK_DNA_REPAIR,POLR2A,0.2204724409448819,0.10384629082008874,0.17387024840205484,0.013243878998896334,0.7714285714285715,0.3372949417823921,0.8085495051579075,0.7873066540337593
HALLMARK_DNA_REPAIR,POLR2F,0.2755905511811024,0.016714990671848583,0.21503970665110786,0.014821628958766792,0.9714285714285715,0.05429064207331095,1.0,0.8936063948062776
HALLMARK_DNA_REPAIR,TP53,0.1732283464566929,0.30787977510521286,0.0704137874333742,0.01511434110192145,0.5999999999999999,1.0,0.32744551473750555,0.9133276597276617
HALLMARK_DNA_REPAIR,POLR2H,0.2204724409448819,0.010956869970478834,0.17807340027306362,0.011993042421247047,0.7714285714285715,0.035588144647482944,0.8280954389599294,0.7030324614590244
HALLMARK_DNA_REPAIR,USP11,0.015748031496062992,0.0,0.004104047871882693,0.0022099443755158412,0.02857142857142857,0.0,0.01908507008215615,0.04390344059773265
HALLMARK_DNA_REPAIR,POLR1C,0.13385826771653542,0.014400742072551554,0.10074911606231021,0.009147674458143643,0.45714285714285713,0.04677391383578326,0.4685140136736285,0.5113278919306855
HALLMARK_DNA_REPAIR,NELFE,0.14173228346456693,0.015174187079966544,0.10768363067519336,0.008994607639179562,0.48571428571428565,0.049286079524973714,0.5007616144580459,0.5010151278105129
HALLMARK_DNA_REPAIR,SEC61A1,0.03937007874015748,0.030871141107361576,0.013317331020245897,0.0069093492354551445,0.11428571428571428,0.10027011711572113,0.06192963721743101,0.36052237965806133
HALLMARK_DNA_REPAIR,SUPT5H,0.13385826771653542,0.03753330148373088,0.0996446790072687,0.009264660170145628,0.45714285714285713,0.12190895446413942,0.46337804565990065,0.5192097180604232
HALLMARK_DNA_REPAIR,TAF6,0.1889763779527559,0.015931945496590508,0.1732468676416005,0.01019698153849868,0.6571428571428571,0.05174729483658362,0.8056505951372305,0.5820241831488875
HALLMARK_DNA_REPAIR,TAF9,0.1889763779527559,0.015931945496590508,0.1732468676416005,0.01019698153849868,0.6571428571428571,0.05174729483658362,0.8056505951372305,0.5820241831488875
HALLMARK_DNA_REPAIR,ARL6IP1,0.023622047244094488,0.0,0.01327537296755148,0.0031909553992126192,0.05714285714285714,0.0,0.0617345195187146,0.10999833533156764
HALLMARK_DNA_REPAIR,NELFCD,0.08661417322834646,0.00038188497002578943,0.07082805915967019,0.0055530388230318785,0.2857142857142857,0.0012403704332162985,0.3293720041879777,0.26914196519777633
HALLMARK_DNA_REPAIR,GTF2B,0.2204724409448819,0.051955891853923505,0.18299059426902858,0.012561964964069718,0.7714285714285715,0.16875383203124802,0.8509618856852447,0.7413631984958724
HALLMARK_DNA_REPAIR,SSRP1,0.13385826771653542,0.0322670526339056,0.11068594909695338,0.007921799956114665,0.45714285714285713,0.10480406718134981,0.514723307712358,0.42873550080426176
HALLMARK_DNA_REPAIR,TAF13,0.1732283464566929,0.00014960629070639542,0.16925154983054497,0.00917499866558788,0.5999999999999999,0.0004859243860863219,0.7870711528878148,0.5131688402697845
HALLMARK_DNA_REPAIR,GTF2F1,0.2125984251968504,0.0037515782701683592,0.18693358039493008,0.011399809698731798,0.7428571428571429,0.012185205309073384,0.8692979696918082,0.6630638439815607
HALLMARK_DNA_REPAIR,POLR1D,0.07874015748031496,0.0001399527440022378,0.05886062189282223,0.005294039854950856,0.2571428571428571,0.0004545694628833974,0.27371978324133833,0.251692100600966
HALLMARK_DNA_REPAIR,POLR3C,0.07874015748031496,0.0054312051387217985,0.050870105613335125,0.005815811021824618,0.2571428571428571,0.01764066878659299,0.23656145372198426,0.28684604843298445
HALLMARK_DNA_REPAIR,ELL,0.06299212598425197,0.026015749736483226,0.03514353122025047,0.004787040292865367,0.19999999999999998,0.08449970358589735,0.1634281025004803,0.2175333787551465
HALLMARK_DNA_REPAIR,TAF12,0.1889763779527559,0.018630874604998553,0.17077598743822267,0.010912190104793665,0.6571428571428571,0.060513473477209596,0.794160251135847,0.6302108332069764
HALLMARK_DNA_REPAIR,TAF10,0.18110236220472442,0.0031328118628413163,0.17050695802157884,0.009618669968260964,0.6285714285714287,0.01017543897377062,0.7929091825735171,0.5430608673094978
HALLMARK_DNA_REPAIR,NELFB,0.12598425196850394,0.011122522401718694,0.09610305610431283,0.008227362319144988,0.42857142857142855,0.03612618723629298,0.4469084226395252,0.4493225398193845
HALLMARK_DNA_REPAIR,GTF2A2,0.1889763779527559,0.008204750011194212,0.17049488745590335,0.010564212164268935,0.6571428571428571,0.026649201001885798,0.792853050774123,0.6067660759176966
HALLMARK_DNA_REPAIR,NME3,0.07874015748031496,0.000622358484805254,0.0004636659257979376,0.007626379413281108,0.2571428571428571,0.0020214334786771014,0.002156187492155644,0.4088317594505544
HALLMARK_DNA_REPAIR,CMPK2,0.09448818897637795,0.002298042281534633,0.000989396476730069,0.008816656964232904,0.3142857142857143,0.007464089775787691,0.004600994356522816,0.48902583223247503
HALLMARK_DNA_REPAIR,DUT,0.07874015748031496,0.017483914347090606,0.0025873174196502824,0.0070547270953324834,0.2571428571428571,0.05678812238028875,0.012031812449633254,0.37031710582639127
HALLMARK_DNA_REPAIR,AK3,0.07874015748031496,0.014126420071617608,0.00040741708523818384,0.007934082686284465,0.2571428571428571,0.045882910193727845,0.0018946132859974532,0.4295630406972976
HALLMARK_DNA_REPAIR,GUK1,0.08661417322834646,0.005590497361284961,0.00041325463401367706,0.008371131669884506,0.2857142857142857,0.01815805328354063,0.0019217596622011948,0.45900889386999644
HALLMARK_DNA_REPAIR,CANT1,0.08661417322834646,0.005163839121991184,0.0004048088608950611,0.008335248015122369,0.2857142857142857,0.01677225832787011,0.001882484249998746,0.4565912590760149
HALLMARK_DNA_REPAIR,NME1,0.07874015748031496,0.000622358484805254,0.0004636659257979376,0.007626379413281108,0.2571428571428571,0.0020214334786771014,0.002156187492155644,0.4088317594505544
HALLMARK_DNA_REPAIR,NME4,0.08661417322834646,0.0007630271757286927,0.0004995229574694135,0.008269944874527695,0.2857142857142857,0.00247832835225354,0.0023229335886319207,0.45219150810570585
HALLMARK_DNA_REPAIR,RRM2B,0.10236220472440945,0.1100663500190208,0.004523435741344747,0.00925012175237994,0.34285714285714286,0.3574978251864951,0.021035351153467743,0.5182302028780161
HALLMARK_DNA_REPAIR,AK1,0.047244094488188976,0.001109191780289929,0.00028985381465895,0.004996138868543896,0.14285714285714285,0.0036026782854147563,0.0013479083429425648,0.23162124118954355
HALLMARK_DNA_REPAIR,ITPA,0.13385826771653542,0.05162537294422674,0.0008700268961773128,0.013287277405097449,0.45714285714285713,0.16768029964483577,0.004045889523040002,0.7902305896677033
HALLMARK_DNA_REPAIR,DGUOK,0.07874015748031496,0.004414960397344942,0.0009211769126897928,0.007462232450322581,0.2571428571428571,0.014339884442997927,0.004283752647525512,0.39777247879462574
HALLMARK_DNA_REPAIR,BRF2,0.08661417322834646,0.011224817104033367,0.05032973486231855,0.0064761775226147445,0.2857142857142857,0.036458442585900516,0.23404856547714817,0.3313377547453135
HALLMARK_DNA_REPAIR,GTF3C5,0.015748031496062992,0.0,0.004097160544817708,0.0021665641730054565,0.02857142857142857,0.0,0.019053041917812718,0.04098073142403579
HALLMARK_DNA_REPAIR,POLR3GL,0.06299212598425197,2.1128311342034627e-05,0.04239025687279303,0.004521767750804753,0.19999999999999998,6.862520064792945e-05,0.1971275795198572,0.19966083673497403
HALLMARK_DNA_REPAIR,SNAPC5,0.031496062992125984,0.0001864860132576668,0.016956050695884056,0.0031642057698434752,0.08571428571428572,0.0006057105023996405,0.07885078974458645,0.10819609876682426
HALLMARK_DNA_REPAIR,NT5C,0.14173228346456693,0.020603512319441786,0.0009714588944844193,0.01298290305968031,0.48571428571428565,0.06692064235918346,0.004517579146722736,0.7697235924637209
HALLMARK_DNA_REPAIR,APRT,0.11023622047244094,0.0039753646076832036,0.00023544884236676285,0.011041601492183434,0.3714285714285714,0.012912068050993892,0.0010949086846959288,0.6389298300584634
HALLMARK_DNA_REPAIR,UMPS,0.047244094488188976,0.0025172495437622362,0.000666660552282488,0.004872831586121073,0.14285714285714285,0.008176079584643088,0.003100174208124802,0.22331350391158727
HALLMARK_DNA_REPAIR,NT5C3A,0.14173228346456693,0.025290580069897227,0.0009644413448389947,0.013058871488116672,0.48571428571428565,0.08214433722141894,0.00448494540779744,0.7748419093422356
HALLMARK_DNA_REPAIR,DAD1,0.007874015748031496,0.0,0.0005391633275052051,0.0023464062811226513,0.0,0.0,0.0025072733584964057,0.05309746091798592
HALLMARK_DNA_REPAIR,BCAP31,0.007874015748031496,0.0,0.0005391633275052051,0.0023464062811226513,0.0,0.0,0.0025072733584964057,0.05309746091798592
HALLMARK_DNA_REPAIR,SRSF6,0.023622047244094488,0.0,0.0008944376938337909,0.004940892111218882,0.05714285714285714,0.0,0.004159407152117145,0.2278990316306516
HALLMARK_DNA_REPAIR,ALYREF,0.03937007874015748,0.0011040286630837812,0.0009602789820272789,0.008373284809904792,0.11428571428571428,0.0035859083718847644,0.004465589155519487,0.4591539600920372
HALLMARK_DNA_REPAIR,NCBP2,0.09448818897637795,0.12301864566630848,0.019903335876203705,0.015369722152154465,0.3142857142857143,0.3995671544981117,0.09255656169814239,0.9305337697758038
HALLMARK_DNA_REPAIR,NUDT21,0.03937007874015748,0.0027689459619175245,0.001229058076197483,0.007386849096467708,0.11428571428571428,0.008993594856860222,0.0057154936422582365,0.39269358088484924
HALLMARK_DNA_REPAIR,IMPDH2,0.05511811023622047,8.567731554564082e-05,0.00015551118378955193,0.0057270531333940234,0.17142857142857143,0.0002782817270681778,0.0007231742742369983,0.2808660511129636
HALLMARK_DNA_REPAIR,PNP,0.07086614173228346,0.0005552877318906566,0.0002115196723484452,0.0071374786711639205,0.22857142857142856,0.0018035862592822023,0.0009836307705331194,0.37589243226158975
HALLMARK_DNA_REPAIR,TK2,0.06299212598425197,0.0034599452252976866,0.0009651258547448391,0.006128872652456629,0.19999999999999998,0.011237975031374851,0.0044881285869251665,0.3079383450759436
HALLMARK_DNA_REPAIR,CDA,0.047244094488188976,0.002038696990602569,0.000688380952329989,0.004883632551230414,0.14285714285714285,0.006621730803544591,0.0032011806705393984,0.22404121097570934
HALLMARK_DNA_REPAIR,HPRT1,0.07874015748031496,0.000408962068350233,0.0001812829581380621,0.0079050724119493,0.2571428571428571,0.0013283174193903348,0.0008430208586183828,0.42760849484402386
HALLMARK_DNA_REPAIR,ADA,0.047244094488188976,5.332841798136577e-05,0.0001391128139113373,0.005082884602679904,0.14285714285714285,0.00017321182582760318,0.0006469168698088001,0.23746567109688868
HALLMARK_DNA_REPAIR,TSG101,0.03937007874015748,0.06086739157605299,0.0028709101112252026,0.009688464178850355,0.11428571428571428,0.19769857099334492,0.013350604667086548,0.5477632008108619
HALLMARK_DNA_REPAIR,VPS28,0.023622047244094488,0.0,0.00012647745761017984,0.0065097729475612305,0.05714285714285714,0.0,0.0005881586223300786,0.3336012217418503
HALLMARK_DNA_REPAIR,VPS37B,0.023622047244094488,0.0,0.00012647745761017984,0.0065097729475612305,0.05714285714285714,0.0,0.0005881586223300786,0.3336012217418503
HALLMARK_DNA_REPAIR,SDCBP,0.007874015748031496,0.0,0.00011623576381479521,0.002819496388113591,0.0,0.0,0.0005405316330875695,0.08497155821747746
HALLMARK_DNA_REPAIR,VPS37D,0.023622047244094488,0.0,0.00012647745761017984,0.0065097729475612305,0.05714285714285714,0.0,0.0005881586223300786,0.3336012217418503
HALLMARK_DNA_REPAIR,COX17,0.007874015748031496,0.0,4.658443752349524e-27,0.0078125,0.0,0.0,0.0,0.42137149681316644
HALLMARK_DNA_REPAIR,SURF1,0.007874015748031496,0.0,4.658443752349524e-27,0.0078125,0.0,0.0,0.0,0.42137149681316644
HALLMARK_DNA_REPAIR,ELOA,0.06299212598425197,0.00022670653016409196,0.035663769326975736,0.0045915377229774415,0.19999999999999998,0.0007363475892062696,0.1658473678297868,0.20436153719087616
HALLMARK_DNA_REPAIR,DGCR8,0.031496062992125984,0.029878255110145854,0.003061261358291333,0.005420480441596367,0.08571428571428572,0.09704520246559051,0.014235795825642984,0.26021094194173616
HALLMARK_DNA_REPAIR,CLP1,0.03937007874015748,0.008586503071115631,0.0006774355636073129,0.007123784452321926,0.11428571428571428,0.027889142988302282,0.0031502812859879005,0.3749697943595069
HALLMARK_DNA_REPAIR,AGO4,0.031496062992125984,0.006773540465633098,0.004198582563517213,0.0053208957810834635,0.08571428571428572,0.022000602226366937,0.019524685133286673,0.2535014988318089
HALLMARK_DNA_REPAIR,TARBP2,0.023622047244094488,0.0,0.00032135173826969846,0.004666207310000694,0.05714285714285714,0.0,0.001494383261929747,0.2093923455864057
HALLMARK_DNA_REPAIR,POLH,0.047244094488188976,0.00012061347776736294,0.00669829532211091,0.0039294326480830265,0.14285714285714285,0.00039175511845864267,0.03114910928044833,0.1597526957295689
HALLMARK_DNA_REPAIR,POLD4,0.05511811023622047,1.1362216086625534e-05,0.00883727022712562,0.004146659820271275,0.17142857142857143,3.690471737788779e-05,0.04109599275757797,0.17438821636317672
HALLMARK_DNA_REPAIR,POLL,0.03937007874015748,3.873024898322268e-05,0.005548779405534461,0.003450097796806239,0.11428571428571428,0.0001257966651755129,0.02580351085828583,0.12745786338608422
HALLMARK_DNA_REPAIR,POLB,0.047244094488188976,0.0010365166676618459,0.01190419132614509,0.003832773574461916,0.14285714285714285,0.0033666279875241346,0.05535810809795746,0.1532403618803705
HALLMARK_DNA_REPAIR,POLE4,0.07874015748031496,0.011772750021026582,0.03226243871603995,0.005231716709448663,0.2571428571428571,0.03823814025134791,0.15003014661094327,0.24749312460380923
HALLMARK_DNA_REPAIR,TAF1C,0.007874015748031496,0.0,0.00691404036125382,0.0015583091867764555,0.0,0.0,0.032152389290930054,0.0
HALLMARK_DNA_REPAIR,GPX4,0.007874015748031496,0.0,0.0028508414032222427,0.0017558595357608131,0.0,0.0,0.013257279074732013,0.013309809171715595
HALLMARK_DNA_REPAIR,GSDME,0.007874015748031496,0.0,0.0028508414032222427,0.0017558595357608131,0.0,0.0,0.013257279074732013,0.013309809171715595
HALLMARK_DNA_REPAIR,UPF3B,0.015748031496062992,0.0,0.0008446786531198589,0.0036847800216865062,0.02857142857142857,0.0,0.003928012487899789,0.1432694053307524
HALLMARK_DNA_REPAIR,SNAPC4,0.023622047244094488,0.0,0.014997694439603401,0.0025996444505426933,0.05714285714285714,0.0,0.06974383788542121,0.0701591959506192
HALLMARK_DNA_REPAIR,PDE6G,0.047244094488188976,0.0005009294473111495,0.00010954116793580961,0.005557666656479986,0.14285714285714285,0.0016270294050330688,0.000509399727342147,0.2694537620657113
HALLMARK_DNA_REPAIR,CSTF3,0.031496062992125984,0.007718702348877735,0.007922299554491736,0.00513034448682176,0.08571428571428572,0.025070507948240495,0.03684110101277857,0.24066324581385284
HALLMARK_DNA_REPAIR,ADCY6,0.015748031496062992,0.0002765107179389588,3.635611902300488e-05,0.002898565237596175,0.02857142857142857,0.0008981126410283554,0.00016906700436487775,0.09029876367902602
HALLMARK_DNA_REPAIR,PDE4B,0.023622047244094488,0.00027600716577094524,2.7517052695545597e-05,0.003748797238603003,0.05714285714285714,0.0008964770929711909,0.00012796265919480054,0.14758251814094722
HALLMARK_DNA_REPAIR,ZWINT,0.023622047244094488,0.0,0.002409511994777149,0.0026043860944642647,0.05714285714285714,0.0,0.011204963177737556,0.07047866071532755
HALLMARK_DNA_REPAIR,RNMT,0.007874015748031496,0.0,0.0008058013592971159,0.002260854494125111,0.0,0.0,0.0037472212543727653,0.047333472319177214
HALLMARK_DNA_REPAIR,SF3A3,0.007874015748031496,0.0,0.0008058013592971159,0.002260854494125111,0.0,0.0,0.0037472212543727653,0.047333472319177214
HALLMARK_DNA_REPAIR,NPR2,0.015748031496062992,0.0,3.967971255768823e-05,0.0026237405250828074,0.02857142857142857,0.0,0.0001845227245499677,0.07178265121437956
HALLMARK_DNA_REPAIR,POM121,0.007874015748031496,0.0,3.4309672428425664e-05,0.003061548328853644,0.0,0.0,0.00015955040565643789,0.10127962933684871
HALLMARK_E2F_TARGETS,UBR7,0.00546448087431694,0.0,0.0003585306714031568,0.0012867919664866093,0.0,0.0,0.0016372071958968679,0.015208007824768518
HALLMARK_E2F_TARGETS,NASP,0.03825136612021858,0.011189002095748236,0.01163405338136883,0.00388347482078032,0.08219178082191782,0.10683120750189236,0.053126154699348345,0.16561937430039678
HALLMARK_E2F_TARGETS,RFC2,0.15300546448087432,0.002902552979941975,0.06285421606257009,0.007140118538111374,0.3698630136986301,0.027713216695459123,0.2870197253344116,0.35425859562003975
HALLMARK_E2F_TARGETS,PRIM2,0.12021857923497267,0.0021890182681125743,0.05253558331854185,0.005763420585497394,0.2876712328767123,0.02090047555849787,0.23990035416813393,0.2745141555416263
HALLMARK_E2F_TARGETS,RPA1,0.22950819672131148,0.011476033782397614,0.09278123585922943,0.010379563811890506,0.5616438356164384,0.10957175052920218,0.4236795317913698,0.5419016069513812
HALLMARK_E2F_TARGETS,POLE,0.18579234972677597,0.007714850701920067,0.07175910610928912,0.008612378136464847,0.452054794520548,0.07366043987927479,0.32768333161975777,0.43953838927256017
HALLMARK_E2F_TARGETS,RFC1,0.08743169398907104,0.0010477952304540888,0.03325440801955608,0.0044081922364376065,0.2054794520547945,0.010004219207955056,0.15185411025459158,0.1960133299473368
HALLMARK_E2F_TARGETS,NBN,0.09836065573770492,0.002264168641190011,0.038612616724090394,0.0049963901152916355,0.2328767123287671,0.02161800202166039,0.1763220248512661,0.23008435505161914
HALLMARK_E2F_TARGETS,LIG1,0.12021857923497267,0.0018892806972908161,0.053811669026621045,0.005821622072998606,0.2876712328767123,0.01803861832131491,0.24572751728272044,0.27788544335657683
HALLMARK_E2F_TARGETS,MCM4,0.2459016393442623,0.02681720617691019,0.12407162702742382,0.011379394890037075,0.6027397260273972,0.25604736626112307,0.5665650857176345,0.5998162492651923
HALLMARK_E2F_TARGETS,POLA2,0.12568306010928962,0.0020247214324594794,0.04943759023424326,0.006106989734848783,0.3013698630136986,0.019331789701496398,0.22575356848142483,0.2944152016579675
HALLMARK_E2F_TARGETS,MCM5,0.22404371584699453,0.014457764658381007,0.11839695196551624,0.010054381742321511,0.547945205479452,0.138040947978725,0.5406520479031247,0.5230656218959213
HALLMARK_E2F_TARGETS,POLD3,0.08743169398907104,0.0012832701153324493,0.03274325881910826,0.004525690240823282,0.2054794520547945,0.012252504271507196,0.14951998038538136,0.20281933452682785
HALLMARK_E2F_TARGETS,RPA2,0.1912568306010929,0.008873820405637077,0.07717909522877117,0.008880337590931698,0.4657534246575342,0.08472613920140176,0.35243336249820556,0.4550597871359067
HALLMARK_E2F_TARGETS,MSH2,0.15300546448087432,0.004428504240138583,0.05971961670948213,0.0073339798673717135,0.3698630136986301,0.04228281050917236,0.27270577948134256,0.3654879020378851
HALLMARK_E2F_TARGETS,MLH1,0.1092896174863388,0.0011793116493482832,0.04064748074293749,0.0054137317524896745,0.2602739726027397,0.011259921701936215,0.18561410020228097,0.2542586302559767
HALLMARK_E2F_TARGETS,MCM6,0.22950819672131148,0.02226870518795822,0.11746315548451647,0.01074418028936121,0.5616438356164384,0.21261884164247646,0.5363879264760435,0.5630218074892385
HALLMARK_E2F_TARGETS,POLD1,0.17486338797814208,0.004708249935412494,0.07191692790911178,0.008018408006445363,0.4246575342465753,0.044953787792385555,0.32840401469361535,0.40513300982693
HALLMARK_E2F_TARGETS,MCM3,0.20765027322404372,0.01526892535035374,0.1056553886276087,0.009568590247782957,0.5068493150684932,0.1457858098940201,0.48246852039024185,0.49492642792582986
HALLMARK_E2F_TARGETS,DSCC1,0.060109289617486336,0.0004973075733670158,0.023519746882634217,0.0032733466325180678,0.136986301369863,0.004748231174505059,0.10740140778254939,0.13027804858937309
HALLMARK_E2F_TARGETS,RAD1,0.04918032786885246,2.6214496123299598e-05,0.02381592933264968,0.0027966518548867597,0.1095890410958904,0.00025029276524757803,0.10875390584517237,0.10266577673385492
HALLMARK_E2F_TARGETS,PCNA,0.22404371584699453,0.030432817358024555,0.10241459216347744,0.010649802854779292,0.547945205479452,0.2905687744287529,0.46766963227629704,0.5575550486678993
HALLMARK_E2F_TARGETS,RPA3,0.14207650273224043,0.0032531831377866248,0.055344447557973415,0.006691767949978295,0.3424657534246575,0.03106099005617348,0.25272685162537284,0.3282881447004219
HALLMARK_E2F_TARGETS,MCM7,0.2459016393442623,0.028709700614481408,0.1267511875408163,0.011540549593471516,0.6027397260273972,0.2741166689769724,0.578801126046341,0.6091510431224659
HALLMARK_E2F_TARGETS,SMC3,0.10382513661202186,0.004234837810581922,0.045718266227184945,0.005501575085694868,0.2465753424657534,0.040433707403723824,0.20876951519416617,0.2593469049990088
HALLMARK_E2F_TARGETS,CHEK1,0.32786885245901637,0.03762670577437825,0.17244588124629676,0.014358368473862508,0.8082191780821917,0.3592551308684375,0.7874629988399032,0.7723715872022376
HALLMARK_E2F_TARGETS,RFC3,0.20765027322404372,0.015582888637108305,0.09527008966760205,0.00954109321302097,0.5068493150684932,0.1487834925066633,0.43504472224678004,0.4933336779426197
HALLMARK_E2F_TARGETS,HUS1,0.09289617486338798,0.0009510385785070423,0.038757101577786335,0.004672825240484943,0.2191780821917808,0.00908039866767013,0.176981805620491,0.21134204507613788
HALLMARK_E2F_TARGETS,POLD2,0.06557377049180328,6.434424138410721e-05,0.025751766305549588,0.003477217311831007,0.15068493150684933,0.0006143508548871826,0.11759378057530691,0.14208714087381166
HALLMARK_E2F_TARGETS,CHEK2,0.1912568306010929,0.018740889777703433,0.07531187671443576,0.009225083194464715,0.4657534246575342,0.17893569663131273,0.3439068295351602,0.4750289786866286
HALLMARK_E2F_TARGETS,BRCA1,0.28415300546448086,0.06419441370650215,0.11446662483249244,0.01455793692982173,0.6986301369863013,0.6129203187608345,0.5227044624448653,0.78393147566402
HALLMARK_E2F_TARGETS,KIF22,0.06557377049180328,5.22751097676029e-05,0.051164128583594384,0.0033144597484284473,0.15068493150684933,0.0004991162796268587,0.23363769454095246,0.13265950227129877
HALLMARK_E2F_TARGETS,RACGAP1,0.15846994535519127,0.0019177348339020162,0.12190484816366164,0.006980113400258715,0.3835616438356165,0.018310294896811612,0.5566706297320833,0.34499038969040735
HALLMARK_E2F_TARGETS,KIF18B,0.07103825136612021,4.1254009422381165e-05,0.055245316865038724,0.0035027649530461743,0.16438356164383558,0.00039388817726311305,0.25227417770720634,0.14356697335279475
HALLMARK_E2F_TARGETS,CDCA8,0.19672131147540983,0.006360434883521629,0.13785887740090214,0.008648149085366529,0.4794520547945205,0.060728645238343246,0.6295236756612779,0.44161040099148663
HALLMARK_E2F_TARGETS,TACC3,0.08743169398907104,8.141578109092689e-05,0.07496240241951016,0.004126351320973745,0.2054794520547945,0.000777347803604269,0.34231097769856855,0.1796878564096021
HALLMARK_E2F_TARGETS,KIF4A,0.19672131147540983,0.008826036713916312,0.1385348763374566,0.008759548845113334,0.4794520547945205,0.0842699064255256,0.6326105812222838,0.44806316824447145
HALLMARK_E2F_TARGETS,AURKA,0.24043715846994534,0.01853832377983333,0.15715641370080055,0.010854085690656531,0.5890410958904109,0.17700162154882507,0.717644631030667,0.5693880148851655
HALLMARK_E2F_TARGETS,CDC20,0.3333333333333333,0.03040056837283045,0.20023386518584926,0.0144342410935707,0.821917808219178,0.2902608651085548,0.9143550359625643,0.7767664652249907
HALLMARK_E2F_TARGETS,KIF2C,0.19672131147540983,0.004342398460583243,0.14333519856434668,0.00850460836779477,0.4794520547945205,0.041460683180562403,0.6545309431866603,0.43329588717276585
HALLMARK_E2F_TARGETS,BIRC5,0.24043715846994534,0.009822769189093541,0.16064506209850896,0.01039919927985405,0.5890410958904109,0.0937865847645167,0.7335753190198675,0.5430389801823484
HALLMARK_E2F_TARGETS,BUB1B,0.25136612021857924,0.02304559235759031,0.16477950982183456,0.011173076624368972,0.6164383561643836,0.22003646420741116,0.7524550079937479,0.5878653819435602
HALLMARK_E2F_TARGETS,PLK1,0.3114754098360656,0.042031653746372535,0.18094861103168894,0.014292500679633684,0.767123287671233,0.40131302904418115,0.8262901662198379,0.768556232962766
HALLMARK_E2F_TARGETS,CDCA3,0.16393442622950818,0.002053407842751972,0.1246935517803444,0.007176372470027802,0.3972602739726027,0.01960568399736093,0.5694050650053284,0.35635858385335345
HALLMARK_E2F_TARGETS,TRIP13,0.11475409836065574,0.0005250807963155114,0.09672412881679014,0.005209022653767001,0.273972602739726,0.005013406470605372,0.4416844982772375,0.24240097300763075
HALLMARK_E2F_TARGETS,MAD2L1,0.26229508196721313,0.026732932680951962,0.17224216166875722,0.01153326808524087,0.6438356164383562,0.25524273334957465,0.7865327265232072,0.608729265930398
HALLMARK_E2F_TARGETS,CDK1,0.40437158469945356,0.08351235112019299,0.2189891861590264,0.0182881166738286,1.0,0.7973655948176505,1.0,1.0
HALLMARK_E2F_TARGETS,TK1,0.11475409836065574,0.003226072524449514,0.08329553419011332,0.005653444594519668,0.273972602739726,0.030802141274652473,0.3803636866782337,0.26814385927879275
HALLMARK_E2F_TARGETS,MELK,0.20765027322404372,0.004584846302132071,0.14244524760950336,0.009081604915984785,0.5068493150684932,0.04377554517158223,0.6504670395279789,0.4667180816165253
HALLMARK_E2F_TARGETS,DLGAP5,0.21311475409836064,0.009687349875643386,0.14465192131961443,0.00947889300984125,0.5205479452054794,0.09249361791625284,0.6605436727572956,0.4897307668131941
HALLMARK_E2F_TARGETS,AURKB,0.3005464480874317,0.02755763962925136,0.1828873836280575,0.01315989907440186,0.7397260273972602,0.26311693324408575,0.8351434462852775,0.7029509339430114
HALLMARK_E2F_TARGETS,CKS1B,0.07103825136612021,0.0004078445560987937,0.0457233849630011,0.0037015041868938498,0.16438356164383558,0.0038940493556314537,0.20879288957125727,0.15507882959889724
HALLMARK_E2F_TARGETS,HMMR,0.16939890710382513,0.0015734998668222896,0.12761502091801147,0.007339788228291811,0.410958904109589,0.015023582026190587,0.5827457654705356,0.36582434801608027
HALLMARK_E2F_TARGETS,CCNB2,0.2896174863387978,0.021872430222194792,0.18114508017089134,0.013033554859788105,0.7123287671232876,0.20883525730376543,0.8271873298773151,0.6956325177048013
HALLMARK_E2F_TARGETS,TOP2A,0.28415300546448086,0.0322998064555844,0.18072256756176747,0.012598507705592456,0.6986301369863013,0.30839455531416154,0.825257953287838,0.670432660573346
HALLMARK_E2F_TARGETS,ZW10,0.03278688524590164,0.0,0.02991873255708867,0.002043242904332385,0.06849315068493152,0.0,0.1366219633117508,0.059024994964732944
HALLMARK_E2F_TARGETS,ESPL1,0.1912568306010929,0.005555409934440812,0.12210683634008444,0.00856720053584236,0.4657534246575342,0.053042366636953636,0.557592995717206,0.43692150264257296
HALLMARK_E2F_TARGETS,CENPE,0.17486338797814208,0.0026740359373851014,0.12862334140367307,0.007709217507533832,0.4246575342465753,0.025531364249440826,0.5873501959602191,0.38722332733887965
HALLMARK_E2F_TARGETS,CBX5,0.04918032786885246,0.00781922597161455,0.018025196407019002,0.003803292975415184,0.1095890410958904,0.07465700203909728,0.08231089727841354,0.16097488685058536
HALLMARK_E2F_TARGETS,SUV39H1,0.03278688524590164,0.0002427017939558759,0.010967515398396273,0.0025549553258284075,0.06849315068493152,0.002317286697178675,0.05008245197291085,0.08866564377654339
HALLMARK_E2F_TARGETS,RBBP7,0.06557377049180328,0.016051665063813364,0.013020145275891949,0.005513486874191658,0.15068493150684933,0.15325931182323616,0.05945565397205015,0.2600368885224138
HALLMARK_E2F_TARGETS,DNMT1,0.10382513661202186,0.01103942344990143,0.03347731979402139,0.006436177898718235,0.2465753424657534,0.10540304909995726,0.15287202250119647,0.31348323743035095
HALLMARK_E2F_TARGETS,EZH2,0.09289617486338798,0.009923561267357694,0.03444783006356376,0.005939821717684436,0.2191780821917808,0.0947489350559405,0.1573037950766587,0.28473209004842526
HALLMARK_E2F_TARGETS,LBR,0.01639344262295082,0.0005614705055019503,0.0008906238875113706,0.0026976168460925345,0.027397260273972608,0.005360850911116043,0.004066976562324927,0.09692923059498616
HALLMARK_E2F_TARGETS,XRCC6,0.14754098360655737,0.016946421976093137,0.056899331548757724,0.007648497690437791,0.3561643835616438,0.16180234010596709,0.2598271291233456,0.38370616672511276
HALLMARK_E2F_TARGETS,CENPM,0.09289617486338798,0.00014590301783620315,0.07878241243091803,0.0043912521131920295,0.2191780821917808,0.001393063960505888,0.35975480713329616,0.19503208301476682
HALLMARK_E2F_TARGETS,RRM2,0.2459016393442623,0.05911578742409724,0.15666024643967388,0.012225832240241475,0.6027397260273972,0.5644302234371119,0.7153789152214564,0.6488456477801998
HALLMARK_E2F_TARGETS,SPC24,0.06557377049180328,2.169511309589294e-05,0.05822190899221626,0.0033066510359546406,0.15068493150684933,0.0002071422553227585,0.26586659375014277,0.13220718707552565
HALLMARK_E2F_TARGETS,SSRP1,0.07650273224043716,0.0030402428662518587,0.03329205067896504,0.004238687278324776,0.1780821917808219,0.0290278626924308,0.1520260030318981,0.1861948523723849
HALLMARK_E2F_TARGETS,SMC4,0.16393442622950818,0.010127334880842975,0.0978058381547004,0.007760800803754565,0.3972602739726027,0.09669454030289354,0.44662405422921375,0.3902112602160303
HALLMARK_E2F_TARGETS,NCAPD2,0.09289617486338798,0.001498667450734125,0.06069226380908048,0.004577146897447813,0.2191780821917808,0.014309091377018171,0.27714730975349045,0.20579993187793102
HALLMARK_E2F_TARGETS,GINS4,0.09289617486338798,0.00021778681538860113,0.04025273248677502,0.00460285106090352,0.2191780821917808,0.0020794015647559038,0.18381150774058833,0.20728883081801255
HALLMARK_E2F_TARGETS,TIMELESS,0.08743169398907104,0.0002994006669081104,0.04087289789135682,0.004375292427639829,0.2054794520547945,0.002858640520303376,0.18664345307752128,0.19410762737380996
HALLMARK_E2F_TARGETS,CDKN2A,0.09836065573770492,0.0022734137478614062,0.05343421964259635,0.0050861682674953335,0.2328767123287671,0.021706273156184914,0.24400391900535803,0.23528470307651805
HALLMARK_E2F_TARGETS,GINS1,0.07650273224043716,0.0005744922696571029,0.0429718055633863,0.003909527451092787,0.1780821917808219,0.005485181103978231,0.19622797964179323,0.16712845798348996
HALLMARK_E2F_TARGETS,ASF1B,0.14207650273224043,0.08161867514776297,0.08650564049905769,0.008520527811051209,0.3424657534246575,0.7792850109531704,0.3950224301771627,0.4342180118017989
HALLMARK_E2F_TARGETS,ORC2,0.07103825136612021,0.00045516409293153967,0.03973566879642262,0.003679571281697491,0.16438356164383558,0.004345850438070564,0.18145036973454579,0.15380837863261548
HALLMARK_E2F_TARGETS,TIPIN,0.10382513661202186,0.0007148696819844187,0.04774635831163808,0.0050389774794412385,0.2465753424657534,0.006825487266814401,0.2180306669433688,0.2325512037180803
HALLMARK_E2F_TARGETS,MCM2,0.20218579234972678,0.013102346002653555,0.1006304504911731,0.009389963897272386,0.4931506849315068,0.12509957837106542,0.45952246435628513,0.4845795989226563
HALLMARK_E2F_TARGETS,CCNE1,0.09836065573770492,0.0013586799791458358,0.05897467802767608,0.0049148716397954696,0.2328767123287671,0.012972508320107618,0.26930406501830473,0.22536244406733633
HALLMARK_E2F_TARGETS,DUT,0.060109289617486336,0.003753796067167921,0.03223956782303826,0.0037766731881814573,0.136986301369863,0.03584078036090369,0.1472199079256197,0.15943295092780038
HALLMARK_E2F_TARGETS,ORC6,0.07103825136612021,0.00017878275101602893,0.04235030423599591,0.003635018168254275,0.16438356164383558,0.0017069955844239483,0.19338993389948397,0.15122766506466592
HALLMARK_E2F_TARGETS,GINS3,0.06557377049180328,3.2460605197714145e-05,0.029888759707155432,0.003501786444471954,0.15068493150684933,0.0003099298418070503,0.13648509422492988,0.1435102938043034
HALLMARK_E2F_TARGETS,PHF5A,0.01639344262295082,0.0,0.00027859748350413804,0.0035288269556768437,0.027397260273972608,0.0,0.0012721974467808884,0.14507659992204966
HALLMARK_E2F_TARGETS,SNRPB,0.02185792349726776,0.010748814027502551,0.00027885439755175246,0.0050605259612197685,0.04109589041095891,0.10262834629441421,0.0012733706282156458,0.23379938717815305
HALLMARK_E2F_TARGETS,SRSF1,0.07650273224043716,0.08583033963371815,0.008482166728239324,0.010357674755001357,0.1780821917808219,0.8194974623207864,0.03873326750518043,0.5406336958731702
HALLMARK_E2F_TARGETS,LUC7L3,0.02185792349726776,0.007228827432412846,0.0002793479710970194,0.004748638485346129,0.04109589041095891,0.06901994984172226,0.001275624499988604,0.2157334838448989
HALLMARK_E2F_TARGETS,BRMS1L,0.01092896174863388,0.00014647631358465822,0.00043220087602822353,0.0020168538689191618,0.0136986301369863,0.0013985377173734849,0.0019736174356772404,0.05749642520893339
HALLMARK_E2F_TARGETS,ING3,0.01639344262295082,0.0006742018467998192,0.001004453585216247,0.0028626547484768114,0.027397260273972608,0.006437195808641412,0.004586772538105279,0.10648895652641585
HALLMARK_E2F_TARGETS,PNN,0.01639344262295082,0.010778838647691105,2.5102870247520867e-05,0.004337390251684671,0.027397260273972608,0.10291501765277848,0.00011463063856172134,0.19191216554897128
HALLMARK_E2F_TARGETS,TRA2B,0.0273224043715847,0.014114674238957665,0.0005344453595568259,0.004559555125757722,0.0547945205479452,0.13476516310750272,0.0024405102778395655,0.20478093858259708
HALLMARK_E2F_TARGETS,DEK,0.00546448087431694,0.0,7.736164411810276e-07,0.0020442816976547805,0.0,0.0,3.532669602321093e-06,0.05908516647272012
HALLMARK_E2F_TARGETS,SPAG5,0.1366120218579235,0.0003693707968677717,0.1097394100010727,0.006029121293729902,0.32876712328767127,0.003526706663171953,0.5011179406885494,0.2899047168235753
HALLMARK_E2F_TARGETS,DEPDC1,0.10382513661202186,0.00010523223667501596,0.08498487452278848,0.00474264240994373,0.2465753424657534,0.0010047443745129705,0.3880779503928283,0.2153861646128739
HALLMARK_E2F_TARGETS,TUBG1,0.0273224043715847,0.0005438953716908619,0.01668257887055924,0.002168853664188926,0.0547945205479452,0.005193045708205286,0.07617992085894425,0.06630092625638977
HALLMARK_E2F_TARGETS,UBE2S,0.06557377049180328,0.0003085413248605544,0.05136641386915258,0.003388137022582008,0.15068493150684933,0.0029459143913836603,0.23456141725578689,0.13692721616069894
HALLMARK_E2F_TARGETS,CDKN1B,0.09289617486338798,0.00742894166674875,0.04228047379389497,0.005630103480321388,0.2191780821917808,0.07093061578936248,0.19307105768771418,0.2667918386129568
HALLMARK_E2F_TARGETS,CDKN3,0.17486338797814208,0.003102149260192379,0.12891694768145737,0.007708106737691758,0.4246575342465753,0.029618937281581763,0.5886909300984385,0.3871589866322316
HALLMARK_E2F_TARGETS,MYBL2,0.07650273224043716,0.00030097324896186204,0.06621461005787228,0.0038125597874520915,0.1780821917808219,0.0028736553391639362,0.30236474786379774,0.16151166162808248
HALLMARK_E2F_TARGETS,MYC,0.12568306010928962,0.005880695369643166,0.0623486770828616,0.006551382824310312,0.3013698630136986,0.05614815172199274,0.2847112141765073,0.3201564167346217
HALLMARK_E2F_TARGETS,CDK4,0.16393442622950818,0.007752258073534893,0.08805977139184447,0.00775659842015489,0.3972602739726027,0.07401760083472786,0.40211926870168324,0.38996783955392034
HALLMARK_E2F_TARGETS,PTTG1,0.16393442622950818,0.0024251035614757752,0.1232801507889986,0.007231565759638682,0.3972602739726027,0.023154588726732348,0.5629508605026485,0.35955562352915776
HALLMARK_E2F_TARGETS,CKS2,0.10382513661202186,0.0006865538867338695,0.0778461073876819,0.004950655071671164,0.2465753424657534,0.006555131557511066,0.3554792305184938,0.22743517885537987
HALLMARK_E2F_TARGETS,CDC25A,0.11475409836065574,0.0017015246244492899,0.07091255362476045,0.00560151318684198,0.273972602739726,0.016245946570444873,0.3238176042777971,0.2651357622449605
HALLMARK_E2F_TARGETS,HNRNPD,0.04371584699453552,0.011444295648688412,0.011857266918774157,0.004308186804629974,0.09589041095890412,0.10926871875577004,0.05414544492696366,0.19022057261145392
HALLMARK_E2F_TARGETS,MKI67,0.14754098360655737,0.001127127679346634,0.11489418130945589,0.006508542256227644,0.3561643835616438,0.0107616756135172,0.5246568715316454,0.3176749013754197
HALLMARK_E2F_TARGETS,TP53,0.2786885245901639,0.10473533303037916,0.11774468927699817,0.014975702756555614,0.684931506849315,1.0,0.5376735323884618,0.8081303218041873
HALLMARK_E2F_TARGETS,DONSON,0.060109289617486336,4.7001463283267685e-05,0.023618499817338098,0.0032583094188266505,0.136986301369863,0.00044876415554657767,0.10785235669210956,0.1294070266023899
HALLMARK_E2F_TARGETS,UBE2T,0.0546448087431694,0.000701397908935738,0.03894498624998345,0.002933867515737808,0.1232876712328767,0.00669686044472015,0.17783976886284344,0.11061391526618879
HALLMARK_E2F_TARGETS,BRCA2,0.1912568306010929,0.010633470681521803,0.08942380448151531,0.008765179446427847,0.4657534246575342,0.10152706229938178,0.40834803786419477,0.4483893175993667
HALLMARK_E2F_TARGETS,RAD51C,0.11475409836065574,0.0015436205015869511,0.04373613737349723,0.005595942642192155,0.273972602739726,0.014738297544146005,0.19971825157492823,0.2648130916379558
HALLMARK_E2F_TARGETS,RAD51AP1,0.11475409836065574,0.007156355184153827,0.08315678814458038,0.005629523615958483,0.273972602739726,0.06832799378293933,0.37973011180649474,0.2667582503019889
HALLMARK_E2F_TARGETS,PLK4,0.10382513661202186,0.002151576924801171,0.08021808508300611,0.005173767315049448,0.2465753424657534,0.02054299024548948,0.36631071373886487,0.24035882771318326
HALLMARK_E2F_TARGETS,USP1,0.01092896174863388,1.0579084831736713e-05,0.005718766379710588,0.0012638614235831358,0.0136986301369863,0.00010100779293524737,0.02611437797461703,0.013879769265933197
HALLMARK_E2F_TARGETS,CDKN2C,0.0273224043715847,0.0,0.011230473531912834,0.0020401027660252274,0.0547945205479452,0.0,0.05128323333626824,0.0588431042525418
HALLMARK_E2F_TARGETS,CDKN1A,0.11475409836065574,0.0031602184667567845,0.06290618471355748,0.005777268142396203,0.273972602739726,0.030173374880472694,0.2872570368286406,0.2753162673405527
HALLMARK_E2F_TARGETS,STMN1,0.01092896174863388,0.0,0.004931481523896204,0.001346316980327547,0.0136986301369863,0.0,0.022519292438098023,0.01865596014458748
HALLMARK_E2F_TARGETS,CIT,0.01092896174863388,1.8478856868873993e-05,0.005572046068208053,0.0013035403239171368,0.0136986301369863,0.00017643383884132093,0.025444389131441966,0.016178146832380627
HALLMARK_E2F_TARGETS,XPO1,0.07103825136612021,0.027832394646904984,0.026112299332602062,0.00612616551563005,0.16438356164383558,0.2657402601549185,0.1192401313991812,0.29552594777229496
HALLMARK_E2F_TARGETS,NUP107,0.0273224043715847,0.00505392471729464,0.0063087061838539085,0.0032920840644309578,0.0547945205479452,0.04825424783657981,0.028808300055842156,0.13136340359666696
HALLMARK_E2F_TARGETS,RAN,0.03825136612021858,0.004141046563888136,0.006631596239314332,0.003972973504489214,0.08219178082191782,0.039538200185862765,0.030282756676846018,0.1708035342728653
HALLMARK_E2F_TARGETS,NUP205,0.01092896174863388,0.0,0.00040373769717097616,0.0019384336368407401,0.0136986301369863,0.0,0.0018436421644938594,0.05295397819937758
HALLMARK_E2F_TARGETS,NUP153,0.04371584699453552,0.012548985753918626,0.006792759500442846,0.005303861045386358,0.09589041095890412,0.11981616318801136,0.03101869831832725,0.24789443250124232
HALLMARK_E2F_TARGETS,ASF1A,0.06557377049180328,0.024721258628565973,0.021973222247768827,0.00550054341027637,0.15068493150684933,0.23603551841855902,0.10033930274443885,0.25928714579152645
HALLMARK_E2F_TARGETS,H2AZ1,0.11475409836065574,0.044454434558304466,0.031170302373204964,0.008652758511162265,0.273972602739726,0.424445440445682,0.14233717618626882,0.44187739933957454
HALLMARK_E2F_TARGETS,MMS22L,0.03278688524590164,0.0004163151435956333,0.014617561727019859,0.0024118857827193797,0.06849315068493152,0.00397492547691502,0.0667501532080439,0.08037842246860054
HALLMARK_E2F_TARGETS,NOP56,0.03825136612021858,0.05308352849336456,0.0033591244191995663,0.009335040180383029,0.08219178082191782,0.5068349615880569,0.015339225091965156,0.4813981740922853
HALLMARK_E2F_TARGETS,PRKDC,0.11475409836065574,0.011727689396654596,0.04939050662857599,0.006251486614070099,0.273972602739726,0.11197452719468515,0.2255385642317032,0.302785100592373
HALLMARK_E2F_TARGETS,H2AX,0.14754098360655737,0.009603454396012113,0.05588602149937615,0.007686996621590407,0.3561643835616438,0.09169259425781907,0.2551999141126203,0.3859361952528327
HALLMARK_E2F_TARGETS,MRE11,0.12568306010928962,0.0014377698374521194,0.04769185119850552,0.0060920527394746245,0.3013698630136986,0.013727648500769888,0.21778176372541275,0.29354998475958793
HALLMARK_E2F_TARGETS,BARD1,0.11475409836065574,0.0019725523004466344,0.05567320422762914,0.005546941199539596,0.273972602739726,0.01883368528435846,0.2542280977618692,0.26197471114937926
HALLMARK_E2F_TARGETS,PMS2,0.07650273224043716,0.00029925836992510905,0.030718910845809893,0.004011449458206042,0.1780821917808219,0.0028572818863172684,0.14027592587837792,0.1730322318457829
HALLMARK_E2F_TARGETS,UNG,0.0273224043715847,6.291369614540109e-05,0.01002704098941878,0.001991055440928363,0.0547945205479452,0.0006006921859612798,0.04578783621825648,0.0560020660496688
HALLMARK_E2F_TARGETS,CDC25B,0.0546448087431694,0.0001640495749959584,0.041680462837889266,0.0029758207119287626,0.1232876712328767,0.001566325042842751,0.19033114634081333,0.11304403011701371
HALLMARK_E2F_TARGETS,DDX39A,0.00546448087431694,0.0,8.593527521408082e-06,0.0018907039682887568,0.0,0.0,3.9241789387570954e-05,0.05018926449686988
HALLMARK_E2F_TARGETS,WEE1,0.08196721311475409,0.0006776227965593678,0.057618016983155274,0.00412292613796265,0.19178082191780818,0.00646985861364301,0.26310895982468285,0.1794894546462616
HALLMARK_E2F_TARGETS,KPNA2,0.08196721311475409,0.012829955675168384,0.051980600704723365,0.004945481185099739,0.19178082191780818,0.12249882922935827,0.23736606184277928,0.22713548444028753
HALLMARK_E2F_TARGETS,E2F8,0.06557377049180328,0.00031835616648319653,0.05285358131989723,0.0033716211793401387,0.15068493150684933,0.003039625284724643,0.24135247153946596,0.1359705454042378
HALLMARK_E2F_TARGETS,SPC25,0.09836065573770492,0.00021686465325986606,0.08218512746217271,0.004544661961709692,0.2328767123287671,0.0020705968748575333,0.3752930859448521,0.20391826058866888
HALLMARK_E2F_TARGETS,CCP110,0.01639344262295082,0.0,0.008562302005542017,0.0016285052848427888,0.027397260273972608,0.0,0.03909920008252924,0.035001555994074826
HALLMARK_E2F_TARGETS,RAD50,0.07103825136612021,0.000378231619648399,0.02753243391197547,0.003791782846918611,0.16438356164383558,0.0036113087026580656,0.12572508439746363,0.16030816925254796
HALLMARK_E2F_TARGETS,SLBP,0.0273224043715847,0.00847578984917192,0.011447416922417679,0.002825211781492987,0.0547945205479452,0.08092579269990445,0.052273891342309246,0.10432009411812197
HALLMARK_E2F_TARGETS,EIF2S1,0.00546448087431694,0.0,3.303433784792278e-05,0.0015350413455609232,0.0,0.0,0.00015084917400411623,0.02958771086457236
HALLMARK_E2F_TARGETS,SYNCRIP,0.03278688524590164,0.01233502010145488,0.0010719440160285175,0.005080715364673666,0.06849315068493152,0.1177732456140377,0.004894963239189761,0.2349688468050024
HALLMARK_E2F_TARGETS,SMC1A,0.09289617486338798,0.002661417134162482,0.03842261703180085,0.004935154954448734,0.2191780821917808,0.025410881477700757,0.17545440350602048,0.22653734344659937
HALLMARK_E2F_TARGETS,STAG1,0.0546448087431694,0.0004955426196862014,0.021992553483045536,0.003306869686355828,0.1232876712328767,0.004731379615153046,0.1004275775840132,0.13221985227473113
HALLMARK_E2F_TARGETS,PDS5B,0.04371584699453552,0.00011037102296476365,0.02018240220303184,0.0026728787212404554,0.09589041095890412,0.0010538088701427036,0.09216163846727896,0.09549628888749452
HALLMARK_E2F_TARGETS,RAD21,0.12021857923497267,0.005574577004808833,0.05872687665377925,0.006133185194783262,0.2876712328767123,0.05322537145312643,0.2681724960205695,0.29593255866507656
HALLMARK_E2F_TARGETS,PSIP1,0.01639344262295082,0.001534191236749456,0.0005830986128227731,0.002797087167626324,0.027397260273972608,0.014648268090238984,0.0026626822221227685,0.10269099197486667
HALLMARK_E2F_TARGETS,ILF3,0.0273224043715847,0.004929266439162587,0.00242981898741635,0.0036377167801154788,0.0547945205479452,0.04706402602198077,0.01109561175158601,0.15138398061046304
HALLMARK_E2F_TARGETS,NUDT21,0.00546448087431694,0.0,0.00026139521719449117,0.001444137627777395,0.0,0.0,0.0011936444067364596,0.024322165098393557
HALLMARK_E2F_TARGETS,SRSF2,0.0273224043715847,0.007240571881363741,0.005333384851372715,0.003223696233764696,0.0547945205479452,0.06913208438706703,0.02435455807164696,0.1274020776904988
HALLMARK_E2F_TARGETS,LMNB1,0.0273224043715847,0.015593374248037077,0.010523641423069018,0.0035165126059287927,0.0547945205479452,0.14888360782233936,0.04805553008186861,0.1443632982688268
HALLMARK_E2F_TARGETS,TMPO,0.01092896174863388,0.0,0.00035175134056440803,0.002177360863032751,0.0136986301369863,0.0,0.0016062498186963986,0.06679370087492423
HALLMARK_E2F_TARGETS,ATAD2,0.0273224043715847,8.295648797103501e-05,0.016808041883651245,0.0020144372961688377,0.0547945205479452,0.0007920582822510618,0.07675283961942082,0.057356446617029884
HALLMARK_E2F_TARGETS,HELLS,0.0273224043715847,0.00023510082614964237,0.014198448891336453,0.0020805121690907966,0.0547945205479452,0.002244713597095737,0.06483630146479365,0.06118379577114849
HALLMARK_E2F_TARGETS,CSE1L,0.02185792349726776,1.95160031225605e-05,0.0027016138921629493,0.0024975059685041134,0.04109589041095891,0.0001863363829367856,0.012336745661044108,0.08533792267113174
HALLMARK_E2F_TARGETS,RANBP1,0.03278688524590164,0.0004937581295837927,0.0029438193478740445,0.0036636884852749613,0.06849315068493152,0.0047143415244650525,0.013442761259162316,0.1528883767504385
HALLMARK_E2F_TARGETS,POLE4,0.02185792349726776,0.0,0.007680157772414541,0.0017100530637278299,0.04109589041095891,0.0,0.03507094531525102,0.03972516436036785
HALLMARK_E2F_TARGETS,TUBB,0.01092896174863388,0.0,0.009204732510475669,0.001277944384741785,0.0136986301369863,0.0,0.04203281756475108,0.014695516721727817
HALLMARK_E2F_TARGETS,PPM1D,0.02185792349726776,0.0,0.01298602487450716,0.0017342533329619211,0.04109589041095891,0.0,0.059299845358925254,0.04112695108937054
HALLMARK_E2F_TARGETS,HMGA1,0.01092896174863388,0.0018397637160978866,0.0036465123981763467,0.001857357680548547,0.0136986301369863,0.01756583631203284,0.016651563769584075,0.048257699886428196
HALLMARK_E2F_TARGETS,CTCF,0.0546448087431694,0.002647064092323634,0.017425496003040566,0.0036635252387141127,0.1232876712328767,0.02527384041024471,0.07957240404732338,0.15287892078693913
HALLMARK_E2F_TARGETS,DCK,0.02185792349726776,9.10063021864264e-05,0.007718462735760964,0.00254622092277402,0.04109589041095891,0.0008689169123091387,0.03524586246078809,0.08815970848429659
HALLMARK_E2F_TARGETS,AK2,0.01639344262295082,4.003282691807282e-05,0.005255128852332701,0.002243395171212717,0.027397260273972608,0.0003822284778190474,0.023997207097324485,0.07061870033960589
HALLMARK_E2F_TARGETS,DCTPP1,0.01639344262295082,4.003282691807282e-05,0.005255128852332701,0.002243395171212717,0.027397260273972608,0.0003822284778190474,0.023997207097324485,0.07061870033960589
HALLMARK_E2F_TARGETS,DIAPH3,0.00546448087431694,0.0,0.005582227491438524,0.0010242428381071408,0.0,0.0,0.02549088194421071,0.0
HALLMARK_E2F_TARGETS,NAP1L1,0.00546448087431694,0.0,0.0009605777788940013,0.001165450765893189,0.0,0.0,0.004386416497280579,0.008179388307036198
HALLMARK_E2F_TARGETS,ANP32E,0.01092896174863388,0.0,0.0009915323578695867,0.0019765419439683055,0.0136986301369863,0.0,0.004527768586479662,0.05516138005426798
HALLMARK_E2F_TARGETS,SMC6,0.04371584699453552,0.00019215730990346783,0.01785499897708457,0.002704846057567365,0.09589041095890412,0.0018346942177357795,0.08153370168752788,0.09734797852743873
HALLMARK_E2F_TARGETS,PA2G4,0.01092896174863388,0.0,0.0001068092808486259,0.0033896726992123966,0.0136986301369863,0.0,0.0004877376948241761,0.13701616934959512
HALLMARK_E2F_TARGETS,LYAR,0.01092896174863388,0.0,0.0001068092808486259,0.0033896726992123966,0.0136986301369863,0.0,0.0004877376948241761,0.13701616934959512
HALLMARK_E2F_TARGETS,POP7,0.00546448087431694,0.0,0.00010351773788571094,0.0019489004439540642,0.0,0.0,0.00047270707609524626,0.0535602620040974
HALLMARK_E2F_TARGETS,DCLRE1B,0.00546448087431694,0.0,0.001522109867313187,0.001068251318638381,0.0,0.0,0.006950616576143881,0.0025491660185896514
HALLMARK_E2F_TARGETS,SHMT1,0.01092896174863388,6.004924037710923e-05,6.962491130362792e-28,0.007895342486432961,0.0136986301369863,0.000573342716728571,9.31217871484845e-28,0.3980045100948617
HALLMARK_E2F_TARGETS,PAICS,0.00546448087431694,0.0,4.923224692230721e-28,0.0042045026698269965,0.0,0.0,0.0,0.18421472851240586
HALLMARK_E2F_TARGETS,MTHFD2,0.00546448087431694,0.0,4.923224692230721e-28,0.0042045026698269965,0.0,0.0,0.0,0.18421472851240586
HALLMARK_E2F_TARGETS,EED,0.02185792349726776,4.4491028097585475e-05,0.0030315048808010024,0.002102091352525269,0.04109589041095891,0.000424794831030714,0.013843171592041867,0.06243375760705011
HALLMARK_E2F_TARGETS,NME1,0.0273224043715847,0.010868912508256768,0.006150991361185055,0.003859907555607726,0.0547945205479452,0.10377503172787134,0.028088105486260423,0.16425425396895474
HALLMARK_E2F_TARGETS,CTPS1,0.00546448087431694,0.0,0.00018955299317584918,0.0014713977636070918,0.0,0.0,0.000865581522542391,0.025901192846690207
HALLMARK_E2F_TARGETS,IPO7,0.02185792349726776,7.030440285709605e-05,0.0013090943134837882,0.002780812221589792,0.04109589041095891,0.0006712577391309178,0.0059778947830471645,0.10174827505099432
HALLMARK_E2F_TARGETS,NOLC1,0.00546448087431694,0.0,0.00010351773788571094,0.0019489004439540642,0.0,0.0,0.00047270707609524626,0.0535602620040974
HALLMARK_E2F_TARGETS,EXOSC8,0.00546448087431694,0.0,0.00010351773788571094,0.0019489004439540642,0.0,0.0,0.00047270707609524626,0.0535602620040974
HALLMARK_E2F_TARGETS,PSMC3IP,0.00546448087431694,0.0,0.0035275407408722837,0.0010531822063308298,0.0,0.0,0.016108287366804683,0.0016762963225443158
HALLMARK_EPITHELIAL_MESENCHYMAL_TRANSITION,SNAI2,0.04575163398692811,0.013900432921617136,0.028331365249712585,0.005378962421624823,0.08823529411764706,0.07369387682277713,0.10834858249325761,0.12884743195870535
HALLMARK_EPITHELIAL_MESENCHYMAL_TRANSITION,TGFB1,0.2679738562091503,0.08960300418049252,0.17265278394373518,0.020703110988590852,0.5882352941176471,0.47503504317186435,0.6602817844794177,0.6196186592773334
HALLMARK_EPITHELIAL_MESENCHYMAL_TRANSITION,FN1,0.45098039215686275,0.1886239877845702,0.2614834878109788,0.03258037651041705,1.0,1.0,1.0,1.0
HALLMARK_EPITHELIAL_MESENCHYMAL_TRANSITION,CDH2,0.07189542483660132,0.028317518536031563,0.0466375961871932,0.008181435923246279,0.14705882352941177,0.15012681509190312,0.17835771037636824,0.2185994566084507
HALLMARK_EPITHELIAL_MESENCHYMAL_TRANSITION,JUN,0.058823529411764705,0.025581201770280344,0.02573223076243314,0.0063848467525806476,0.11764705882352941,0.13562008772445713,0.09840862602014254,0.16106188651626152
HALLMARK_EPITHELIAL_MESENCHYMAL_TRANSITION,VIM,0.04575163398692811,0.005296448173491193,0.03275376926535655,0.004761191613236534,0.08823529411764706,0.028079398785377883,0.12526132926999034,0.10906270222253521
HALLMARK_EPITHELIAL_MESENCHYMAL_TRANSITION,MMP2,0.23529411764705882,0.024966509331964797,0.17532882957598947,0.01599399046015475,0.5147058823529411,0.13236126340664242,0.6705158748025082,0.46880435130893333
HALLMARK_EPITHELIAL_MESENCHYMAL_TRANSITION,FOXC2,0.006535947712418301,0.0,0.001121512326178108,0.0016274267131121273,0.0,0.0,0.0042890368931777475,0.008700738264717203
HALLMARK_EPITHELIAL_MESENCHYMAL_TRANSITION,DCN,0.18300653594771243,0.012766864687635555,0.1312286941145557,0.012537208344866754,0.39705882352941174,0.06768420516173558,0.5018622598816576,0.3580974370631355
HALLMARK_EPITHELIAL_MESENCHYMAL_TRANSITION,THBS2,0.16339869281045752,0.0026833298353312212,0.14942413554925998,0.010246905824693817,0.3529411764705882,0.014225814366706559,0.5714476917841775,0.2847482017797322
HALLMARK_EPITHELIAL_MESENCHYMAL_TRANSITION,MMP14,0.04575163398692811,0.0002927738470896052,0.03950241517363919,0.003846625586320473,0.08823529411764706,0.0015521559613297213,0.15107040029309488,0.07977280794018152
HALLMARK_EPITHELIAL_MESENCHYMAL_TRANSITION,FGF2,0.1503267973856209,0.025172500076713285,0.08294458421870353,0.012295703909630995,0.32352941176470584,0.13345333418283528,0.3172077323622916,0.3503630153061549
HALLMARK_EPITHELIAL_MESENCHYMAL_TRANSITION,LRP1,0.032679738562091505,0.0006983995059768377,0.01575454956377532,0.003372654159355893,0.058823529411764705,0.003702601743180663,0.06025064793064082,0.06459339761869687
HALLMARK_EPITHELIAL_MESENCHYMAL_TRANSITION,POSTN,0.16339869281045752,0.007669629603861288,0.1358192732635937,0.010897860276411748,0.3529411764705882,0.04066094505763958,0.5194181644149352,0.3055956709753003
HALLMARK_EPITHELIAL_MESENCHYMAL_TRANSITION,VCAN,0.09803921568627451,0.0019475114134505451,0.08063055199925889,0.0069392517700326535,0.20588235294117643,0.010324834271210627,0.3083581019752386,0.1788172632445358
HALLMARK_EPITHELIAL_MESENCHYMAL_TRANSITION,FBN1,0.19607843137254902,0.01590771421462373,0.15248575362506683,0.012701835641855567,0.42647058823529405,0.08433558425661176,0.5831563396282052,0.36336979136329645
HALLMARK_EPITHELIAL_MESENCHYMAL_TRANSITION,SDC1,0.1503267973856209,0.0212202586034373,0.11414560282881603,0.010978702788792894,0.32352941176470584,0.1125003179747913,0.4365308256532419,0.3081847335158674
HALLMARK_EPITHELIAL_MESENCHYMAL_TRANSITION,MMP3,0.09803921568627451,0.002349930469845513,0.05776682270023002,0.00764595507434716,0.20588235294117643,0.012458280081160183,0.22091958151479332,0.2014501453582093
HALLMARK_EPITHELIAL_MESENCHYMAL_TRANSITION,LUM,0.16993464052287582,0.009861883370976538,0.13342825626480623,0.011353947267398716,0.3676470588235294,0.05228329379951354,0.510274118575544,0.3202023142972823
HALLMARK_EPITHELIAL_MESENCHYMAL_TRANSITION,CCN2,0.16339869281045752,0.02358319275661242,0.11342039791544056,0.011788738807124208,0.3529411764705882,0.12502753776760928,0.43375740038097504,0.33412694943419435
HALLMARK_EPITHELIAL_MESENCHYMAL_TRANSITION,FBLN1,0.04575163398692811,0.0007336165388106284,0.03073834125194557,0.003800226449918564,0.08823529411764706,0.0038893066964976954,0.11755366088035997,0.07828682906057335
HALLMARK_EPITHELIAL_MESENCHYMAL_TRANSITION,GPC1,0.07189542483660132,0.01690263071196493,0.040882936953183575,0.006891006985737591,0.14705882352941177,0.08961018643752583,0.15634997565405356,0.177272175640044
HALLMARK_EPITHELIAL_MESENCHYMAL_TRANSITION,COMP,0.0784313725490196,0.012890572495070186,0.06243192826482646,0.0063970911092244625,0.16176470588235292,0.06834004861456258,0.23876049989801737,0.16145402431834247
HALLMARK_EPITHELIAL_MESENCHYMAL_TRANSITION,SPARC,0.11764705882352941,0.01826774806078163,0.09711053590712303,0.00929324982611901,0.24999999999999997,0.09684742791911202,0.3713830525976549,0.2542064119494478
HALLMARK_EPITHELIAL_MESENCHYMAL_TRANSITION,BGN,0.21568627450980393,0.03707008265596478,0.15748333334774348,0.014342209702829551,0.47058823529411764,0.19652899448983646,0.6022687499930589,0.41590441589057825
HALLMARK_EPITHELIAL_MESENCHYMAL_TRANSITION,SPP1,0.14379084967320263,0.010123995390573827,0.11678619313519127,0.010110881994393707,0.3088235294117647,0.05367289446842025,0.4466293229942445,0.2803919021883231
HALLMARK_EPITHELIAL_MESENCHYMAL_TRANSITION,COL1A2,0.33333333333333337,0.04668266573791714,0.23183500700245346,0.020960525058278303,0.7352941176470589,0.24749060968445855,0.8866143286647696,0.6278626030343081
HALLMARK_EPITHELIAL_MESENCHYMAL_TRANSITION,SDC4,0.11764705882352941,0.0038928083960886872,0.09677428121781381,0.008186195064946465,0.24999999999999997,0.020637928620906434,0.3700971026046967,0.21875187289461348
HALLMARK_EPITHELIAL_MESENCHYMAL_TRANSITION,COL3A1,0.26143790849673204,0.024231457697957214,0.18911381524774742,0.016435017541788867,0.573529411764706,0.12846434847741775,0.7232342540285144,0.48292868592944926
HALLMARK_EPITHELIAL_MESENCHYMAL_TRANSITION,TGFBI,0.032679738562091505,0.0,0.0406213570276683,0.0028563330502416992,0.058823529411764705,0.0,0.1553496068441333,0.04805769625146215
HALLMARK_EPITHELIAL_MESENCHYMAL_TRANSITION,THBS1,0.19607843137254902,0.014804564284646129,0.15316435724986033,0.013051918437197415,0.42647058823529405,0.07848717683540125,0.585751546042478,0.3745815440020971
HALLMARK_EPITHELIAL_MESENCHYMAL_TRANSITION,ELN,0.17647058823529413,0.019986373290826285,0.11198767741682039,0.012412281014302182,0.38235294117647056,0.10595881004092104,0.42827819972240094,0.35409651400506875
HALLMARK_EPITHELIAL_MESENCHYMAL_TRANSITION,FMOD,0.06535947712418301,0.0006730555462020257,0.05726077529843953,0.004923791037129137,0.1323529411764706,0.003568239406383088,0.21898428760378236,0.11427011185292055
HALLMARK_EPITHELIAL_MESENCHYMAL_TRANSITION,COL1A1,0.38562091503267976,0.10559471790269088,0.24416552469044364,0.026498485053265627,0.8529411764705883,0.5598159552394361,0.9337703376013785,0.8052213262093272
HALLMARK_EPITHELIAL_MESENCHYMAL_TRANSITION,FSTL3,0.006535947712418301,0.0,0.00027097370112740227,0.0024599517485460534,0.0,0.0,0.001036293738453028,0.03536318751127168
HALLMARK_EPITHELIAL_MESENCHYMAL_TRANSITION,INHBA,0.013071895424836602,0.012383900928792569,0.006845210665735631,0.0034942759312389785,0.014705882352941176,0.06565390263584277,0.026178366837006056,0.06848845684465592
HALLMARK_EPITHELIAL_MESENCHYMAL_TRANSITION,FAP,0.006535947712418301,0.0,0.010350749514392604,0.0013753486537288263,0.0,0.0,0.03958471565850815,0.0006276855895215556
HALLMARK_EPITHELIAL_MESENCHYMAL_TRANSITION,PLOD1,0.10457516339869281,0.0006243664780631318,0.08107246056780919,0.006862440327180611,0.22058823529411764,0.0033101117487571545,0.3100481076128785,0.17635729974862752
HALLMARK_EPITHELIAL_MESENCHYMAL_TRANSITION,PLOD2,0.0784313725490196,0.0003858502798365625,0.060063700972606694,0.005446216814485135,0.16176470588235292,0.0020456055688804907,0.2297036094914931,0.13100132134331857
HALLMARK_EPITHELIAL_MESENCHYMAL_TRANSITION,COLGALT1,0.05228758169934641,7.038122447154117e-05,0.04334113821583663,0.0039211201166775116,0.10294117647058823,0.00037312976625181117,0.16575095650845473,0.08215856998967377
HALLMARK_EPITHELIAL_MESENCHYMAL_TRANSITION,COL4A2,0.17647058823529413,0.007582523254416152,0.14036190567528878,0.011079162519283104,0.38235294117647056,0.04019914616096573,0.5367907046457694,0.3114020571416028
HALLMARK_EPITHELIAL_MESENCHYMAL_TRANSITION,P3H1,0.06535947712418301,0.00022103393491422387,0.05125484627115194,0.004755706027581,0.1323529411764706,0.0011718230406976098,0.19601561345320215,0.1088870208401104
HALLMARK_EPITHELIAL_MESENCHYMAL_TRANSITION,COL11A1,0.09803921568627451,0.00022447710931941124,0.08501281571458756,0.006373642147627286,0.20588235294117643,0.0011900772110479889,0.32511733886631344,0.16070304780489356
HALLMARK_EPITHELIAL_MESENCHYMAL_TRANSITION,COL6A3,0.17647058823529413,0.00427555908272785,0.15644294852339477,0.010904104586364514,0.38235294117647056,0.022667101533295004,0.5982899717036214,0.3057956512643118
HALLMARK_EPITHELIAL_MESENCHYMAL_TRANSITION,COL12A1,0.13725490196078433,0.005389712851571015,0.1041236815538189,0.008850618476292971,0.29411764705882354,0.02857384638546966,0.39820365876826536,0.2400306990310736
HALLMARK_EPITHELIAL_MESENCHYMAL_TRANSITION,COL4A1,0.21568627450980393,0.011808556331945573,0.17357025889453795,0.013408908621759795,0.47058823529411764,0.06260368297075912,0.6637905144511779,0.38601451270849946
HALLMARK_EPITHELIAL_MESENCHYMAL_TRANSITION,COL5A2,0.16339869281045752,0.0037555665260252,0.12700414075277694,0.010269880133015838,0.3529411764705882,0.019910333622648668,0.48570615994148614,0.2854839770459875
HALLMARK_EPITHELIAL_MESENCHYMAL_TRANSITION,COL5A1,0.19607843137254902,0.014946750614600969,0.14444456471473952,0.012488841755571387,0.42647058823529405,0.07924098514803875,0.552404153409318,0.35654844853134376
HALLMARK_EPITHELIAL_MESENCHYMAL_TRANSITION,LOX,0.12418300653594772,0.005193234525116195,0.09105155272471754,0.008481128031993537,0.2647058823529412,0.027532206195573877,0.3482114816769496,0.22819739696936955
HALLMARK_EPITHELIAL_MESENCHYMAL_TRANSITION,COL6A2,0.20261437908496732,0.00737242066082298,0.16993279532070948,0.012473759472319615,0.4411764705882353,0.039085276201683915,0.6498796415150715,0.35606542328332474
HALLMARK_EPITHELIAL_MESENCHYMAL_TRANSITION,PLOD3,0.05228758169934641,0.00012324215320520595,0.036402873631625254,0.0039635107863246356,0.10294117647058823,0.0006533747624186715,0.13921672047582653,0.0835161737011403
HALLMARK_EPITHELIAL_MESENCHYMAL_TRANSITION,TGFBR3,0.006535947712418301,0.0,0.0068344835231690815,0.0014032648100045983,0.0,0.0,0.026137342668878454,0.0015217284929565343
HALLMARK_EPITHELIAL_MESENCHYMAL_TRANSITION,GADD45B,0.013071895424836602,0.012383900928792569,0.001020258573693908,0.003767003882518423,0.014705882352941176,0.06565390263584277,0.003901808799611111,0.07722284301877846
HALLMARK_EPITHELIAL_MESENCHYMAL_TRANSITION,GADD45A,0.006535947712418301,0.0,4.039150644318574e-05,0.0025771627183172963,0.0,0.0,0.00015447058160841768,0.03911698637575426
HALLMARK_EPITHELIAL_MESENCHYMAL_TRANSITION,LGALS1,0.026143790849673203,0.012412567366127735,0.01695550266804668,0.0038477060870885527,0.044117647058823525,0.06580587926231463,0.06484349283387045,0.07980741206097505
HALLMARK_EPITHELIAL_MESENCHYMAL_TRANSITION,EMP3,0.006535947712418301,0.0,0.0006711774993799205,0.0017917114488474129,0.0,0.0,0.002566806435842997,0.013962121697159706
HALLMARK_EPITHELIAL_MESENCHYMAL_TRANSITION,NID2,0.05228758169934641,0.0010892993285702812,0.038338486556055325,0.004090816274807834,0.10294117647058823,0.005774977728783804,0.14661914936582698,0.08759325965174113
HALLMARK_EPITHELIAL_MESENCHYMAL_TRANSITION,FBLN2,0.0784313725490196,0.002352717186026195,0.054988167194089235,0.0057477510719347565,0.16176470588235292,0.012473054003678803,0.21029307683794954,0.14065825836402646
HALLMARK_EPITHELIAL_MESENCHYMAL_TRANSITION,LAMA1,0.0784313725490196,0.0011526138759358241,0.05459149852642474,0.005728840047213494,0.16176470588235292,0.006110643134383516,0.20877608365805422,0.1400526138303841
HALLMARK_EPITHELIAL_MESENCHYMAL_TRANSITION,LAMC1,0.13071895424836602,0.00519247630017541,0.11437748248986733,0.008685850868070936,0.27941176470588236,0.027528186426138978,0.43741761075387103,0.23475385112294264
HALLMARK_EPITHELIAL_MESENCHYMAL_TRANSITION,LAMA2,0.09803921568627451,0.02549898719967564,0.057166613193655895,0.007917932585063776,0.20588235294117643,0.13518422285079854,0.21862418033440212,0.21016049792064767
HALLMARK_EPITHELIAL_MESENCHYMAL_TRANSITION,TIMP1,0.12418300653594772,0.008718113509790142,0.08585924552463559,0.009436708864816803,0.2647058823529412,0.04621953767485399,0.3283543685431544,0.25880083154698674
HALLMARK_EPITHELIAL_MESENCHYMAL_TRANSITION,CXCL8,0.13725490196078433,0.024564846861413296,0.07226747507316317,0.011696645858387665,0.29411764705882354,0.13023182867636704,0.27637490871088527,0.3311775803856422
HALLMARK_EPITHELIAL_MESENCHYMAL_TRANSITION,PLAUR,0.0392156862745098,0.012910677420525275,0.016520871431528965,0.004731433454284029,0.07352941176470588,0.06844663593514266,0.06318131813918416,0.10810966733592844
HALLMARK_EPITHELIAL_MESENCHYMAL_TRANSITION,CXCL12,0.10457516339869281,0.011840339378337544,0.07657783292951986,0.008168402586249384,0.22058823529411764,0.06277218246419719,0.29285915363373316,0.21818205091924903
HALLMARK_EPITHELIAL_MESENCHYMAL_TRANSITION,ITGB1,0.2549019607843137,0.04025655761817236,0.17614584399061065,0.017564979129027707,0.5588235294117646,0.21342225923115288,0.6736404102041921,0.5191168390636174
HALLMARK_EPITHELIAL_MESENCHYMAL_TRANSITION,SERPINE1,0.09150326797385622,0.0038384629806948443,0.05619388338578943,0.007336539546101369,0.19117647058823528,0.02034981354057046,0.2149041373748649,0.19154080273567864
HALLMARK_EPITHELIAL_MESENCHYMAL_TRANSITION,CD44,0.28758169934640526,0.0904616406061687,0.17490921586956223,0.021703302869385887,0.6323529411764707,0.4795871493793571,0.6689111321476658,0.6516508074092078
HALLMARK_EPITHELIAL_MESENCHYMAL_TRANSITION,MMP1,0.11111111111111112,0.007892457288046778,0.06944058377289307,0.00857971510446363,0.23529411764705882,0.0418422777545179,0.26556393428211517,0.2313547468438153
HALLMARK_EPITHELIAL_MESENCHYMAL_TRANSITION,IL6,0.17647058823529413,0.05151103139652935,0.0839748354976713,0.01585849587952606,0.38235294117647056,0.27308844437835095,0.32114775659706285,0.4644650014690661
HALLMARK_EPITHELIAL_MESENCHYMAL_TRANSITION,SGCG,0.0392156862745098,0.01458780899987087,0.010584705971517188,0.004833833549930309,0.07352941176470588,0.0773380372836343,0.040479443119439476,0.11138913310188972
HALLMARK_EPITHELIAL_MESENCHYMAL_TRANSITION,SNTB1,0.0196078431372549,0.0,0.0006421536924163281,0.0033022350493403037,0.02941176470588235,0.0,0.0024558097254710858,0.062338154993110746
HALLMARK_EPITHELIAL_MESENCHYMAL_TRANSITION,FLNA,0.058823529411764705,0.0038940509440029743,0.04646654147689766,0.004897349178547388,0.11764705882352941,0.020644516054079073,0.17770354015809736,0.11342328481179381
HALLMARK_EPITHELIAL_MESENCHYMAL_TRANSITION,SGCB,0.026143790849673203,0.0010408623385142761,0.0028188903564108753,0.0038652611793948658,0.044117647058823525,0.005518186476383151,0.010780376153038652,0.08036963149908682
HALLMARK_EPITHELIAL_MESENCHYMAL_TRANSITION,SGCD,0.026143790849673203,0.0010408623385142761,0.0028188903564108753,0.0038652611793948658,0.044117647058823525,0.005518186476383151,0.010780376153038652,0.08036963149908682
HALLMARK_EPITHELIAL_MESENCHYMAL_TRANSITION,IGFBP3,0.05228758169934641,0.012767879603813816,0.04230614525477865,0.00521452564617955,0.10294117647058823,0.06768958579327762,0.16179279850114625,0.12358117930206121
HALLMARK_EPITHELIAL_MESENCHYMAL_TRANSITION,TIMP3,0.05228758169934641,0.0008291813929776305,0.035680351102650255,0.004709739066706265,0.10294117647058823,0.0043959488011919715,0.1364535535354448,0.10741488281521341
HALLMARK_EPITHELIAL_MESENCHYMAL_TRANSITION,ITGAV,0.19607843137254902,0.013763402456595103,0.15330305813833128,0.012917550322081996,0.42647058823529405,0.07296740259947454,0.5862819844637799,0.37027827035008887
HALLMARK_EPITHELIAL_MESENCHYMAL_TRANSITION,SFRP1,0.0196078431372549,0.0,1.63764341115833e-12,0.0063452033423610004,0.02941176470588235,0.0,6.262793785699721e-12,0.15979226654334291
HALLMARK_EPITHELIAL_MESENCHYMAL_TRANSITION,WNT5A,0.026143790849673203,8.599931200550395e-05,1.900265671671128e-12,0.008309576900535796,0.044117647058823525,0.0004559298794155748,7.267148832021584e-12,0.2227032999260332
HALLMARK_EPITHELIAL_MESENCHYMAL_TRANSITION,DKK1,0.0196078431372549,0.0,1.63764341115833e-12,0.0063452033423610004,0.02941176470588235,0.0,6.262793785699721e-12,0.15979226654334291
HALLMARK_EPITHELIAL_MESENCHYMAL_TRANSITION,FZD8,0.032679738562091505,0.0004299965600275198,2.0361083566390115e-12,0.010631959415876097,0.058823529411764705,0.0022796493970778744,7.786656530595965e-12,0.297079929229526
HALLMARK_EPITHELIAL_MESENCHYMAL_TRANSITION,PDGFRB,0.09803921568627451,0.024062692872462516,0.06281500512845441,0.008675049082119194,0.20588235294117643,0.127569632871641,0.2402255134896399,0.23440791309411163
HALLMARK_EPITHELIAL_MESENCHYMAL_TRANSITION,ITGB5,0.16339869281045752,0.02334730602791328,0.13075460580772352,0.010855267913174375,0.3529411764705882,0.12377697185884189,0.5000491882005313,0.3042316078243161
HALLMARK_EPITHELIAL_MESENCHYMAL_TRANSITION,ACTA2,0.09803921568627451,0.03949206295988959,0.05495357585715241,0.008495376191877185,0.20588235294117643,0.209369250558916,0.21016078803751168,0.22865370857993456
HALLMARK_EPITHELIAL_MESENCHYMAL_TRANSITION,FSTL1,0.013071895424836602,0.0,0.010678574501177844,0.001842097433323494,0.014705882352941176,0.0,0.04083842765971191,0.015575783384980285
HALLMARK_EPITHELIAL_MESENCHYMAL_TRANSITION,ITGB3,0.1895424836601307,0.013522224049536874,0.14881349862594434,0.01258167584200317,0.41176470588235287,0.0716887825793439,0.569112412687101,0.35952155325791524
HALLMARK_EPITHELIAL_MESENCHYMAL_TRANSITION,ITGA5,0.18300653594771243,0.010606402653054929,0.14048435906859788,0.01214033381965429,0.39705882352941174,0.05623040196334218,0.5372590072308933,0.345387132345137
HALLMARK_EPITHELIAL_MESENCHYMAL_TRANSITION,MATN3,0.006535947712418301,0.0,0.002471346548092609,0.0014271263046417273,0.0,0.0,0.009451252806751109,0.0022859167907628374
HALLMARK_EPITHELIAL_MESENCHYMAL_TRANSITION,ITGA2,0.16993464052287582,0.007009482560758837,0.13758537103963883,0.011070995739881524,0.3676470588235294,0.03716114075991466,0.5261723108844889,0.3111405078403389
HALLMARK_EPITHELIAL_MESENCHYMAL_TRANSITION,PCOLCE,0.06535947712418301,0.00020369750867895077,0.06204293379346691,0.004601657878498039,0.1323529411764706,0.0010799130644592045,0.23727285540231313,0.10395347436206448
HALLMARK_EPITHELIAL_MESENCHYMAL_TRANSITION,BMP1,0.0784313725490196,0.0018697141726836618,0.06521642129762663,0.005680069605331216,0.16176470588235292,0.009912388104205949,0.2494093292222347,0.13849069151444973
HALLMARK_EPITHELIAL_MESENCHYMAL_TRANSITION,VCAM1,0.08496732026143791,0.002020584773600741,0.05898449210147925,0.006548874595791585,0.1764705882352941,0.010712236536471045,0.2255763551085793,0.16631504270795963
HALLMARK_EPITHELIAL_MESENCHYMAL_TRANSITION,COL16A1,0.09150326797385622,0.0027489737480525423,0.0729432774813984,0.006405356384245169,0.19117647058823528,0.014573829025352699,0.2789594023394992,0.16171872804059573
HALLMARK_EPITHELIAL_MESENCHYMAL_TRANSITION,MYLK,0.04575163398692811,0.012123848879534507,0.008030723520015305,0.005286664945579263,0.08823529411764706,0.06427522300812188,0.030712163078612936,0.1258915127179498
HALLMARK_EPITHELIAL_MESENCHYMAL_TRANSITION,CALD1,0.0392156862745098,1.719986240110079e-05,0.004118206345315019,0.0046125774386845024,0.07352941176470588,9.118597588311496e-05,0.015749393507753583,0.1043031842288849
HALLMARK_EPITHELIAL_MESENCHYMAL_TRANSITION,TPM2,0.0392156862745098,1.719986240110079e-05,0.004118206345315019,0.0046125774386845024,0.07352941176470588,9.118597588311496e-05,0.015749393507753583,0.1043031842288849
HALLMARK_EPITHELIAL_MESENCHYMAL_TRANSITION,TPM1,0.04575163398692811,0.002432720762768949,0.004142799507585372,0.0054384580104762026,0.08823529411764706,0.012897197176996328,0.01584344595625133,0.13075283786318598
HALLMARK_EPITHELIAL_MESENCHYMAL_TRANSITION,TAGLN,0.058823529411764705,0.014260431387920826,0.028647719210876162,0.005708278365325391,0.11764705882352941,0.07560242764142937,0.10955842546962277,0.1393941053454355
HALLMARK_EPITHELIAL_MESENCHYMAL_TRANSITION,MYL9,0.04575163398692811,0.002432720762768949,0.004142799507585372,0.0054384580104762026,0.08823529411764706,0.012897197176996328,0.01584344595625133,0.13075283786318598
HALLMARK_EPITHELIAL_MESENCHYMAL_TRANSITION,TNFRSF11B,0.006535947712418301,0.0,0.009665102362265835,0.001355749405256733,0.0,0.0,0.036962572448370125,0.0
HALLMARK_EPITHELIAL_MESENCHYMAL_TRANSITION,PCOLCE2,0.006535947712418301,0.0,0.009665102362265835,0.001355749405256733,0.0,0.0,0.036962572448370125,0.0
HALLMARK_EPITHELIAL_MESENCHYMAL_TRANSITION,SERPINH1,0.09803921568627451,0.001749128903786201,0.08520991692704524,0.006659666360374879,0.20588235294117643,0.00927309895379745,0.3258711195891718,0.16986326008811162
HALLMARK_EPITHELIAL_MESENCHYMAL_TRANSITION,THY1,0.07189542483660132,0.00255378318351083,0.05153804066969461,0.005711363131301394,0.14705882352941177,0.013539015973024265,0.19709864321127002,0.13949289806970452
HALLMARK_EPITHELIAL_MESENCHYMAL_TRANSITION,PPIB,0.026143790849673203,0.0,0.024243826099103832,0.002486525342575442,0.044117647058823525,0.0,0.09271647055828314,0.036214233512234066
HALLMARK_EPITHELIAL_MESENCHYMAL_TRANSITION,COL5A3,0.0784313725490196,5.0917891490008144e-05,0.07188174147183726,0.0052723911238077015,0.16176470588235292,0.00026994388194232275,0.274899734868915,0.1254343792596866
HALLMARK_EPITHELIAL_MESENCHYMAL_TRANSITION,CTHRC1,0.013071895424836602,0.0,0.015041415218962646,0.00172624732256573,0.014705882352941176,0.0,0.057523384535224494,0.011865567395287387
HALLMARK_EPITHELIAL_MESENCHYMAL_TRANSITION,COL7A1,0.0392156862745098,0.0006338079283238884,0.03236958814866379,0.003279040536272516,0.07352941176470588,0.003360166094292144,0.12379209264664195,0.06159532744901641
HALLMARK_EPITHELIAL_MESENCHYMAL_TRANSITION,MGP,0.013071895424836602,1.7249673802477e-05,0.009055985657304758,0.0017553867746041938,0.014705882352941176,9.145005364947573e-05,0.03463310717291305,0.012798787572435574
HALLMARK_EPITHELIAL_MESENCHYMAL_TRANSITION,FBLN5,0.07189542483660132,0.0016219475913660853,0.047151913047489155,0.005495567407748715,0.14705882352941177,0.008598840531452085,0.18032462945260355,0.132581823589106
HALLMARK_EPITHELIAL_MESENCHYMAL_TRANSITION,LOXL2,0.032679738562091505,3.105530711309865e-05,0.022835946722432394,0.0029723190408057413,0.058823529411764705,0.00016464134534451314,0.08733227062865254,0.0517722639282327
HALLMARK_EPITHELIAL_MESENCHYMAL_TRANSITION,MFAP5,0.058823529411764705,0.0003881920569785524,0.02278106183440867,0.004791350625233526,0.11764705882352941,0.002058020623664851,0.08712237252578112,0.11002857482993003
HALLMARK_EPITHELIAL_MESENCHYMAL_TRANSITION,EFEMP2,0.04575163398692811,0.00023606165847155742,0.030561232124450947,0.0036995957816698755,0.08823529411764706,0.0012514933081637864,0.11687633655301027,0.07506403098167948
HALLMARK_EPITHELIAL_MESENCHYMAL_TRANSITION,CCN1,0.0196078431372549,3.752994970326531e-05,0.014402269802154269,0.002179685888631645,0.02941176470588235,0.00019896700384751026,0.05507907945822321,0.026387392252916444
HALLMARK_EPITHELIAL_MESENCHYMAL_TRANSITION,SPOCK1,0.006535947712418301,0.0,0.003844090978008762,0.00141285859734487,0.0,0.0,0.01470108499083335,0.0018289791546845732
HALLMARK_EPITHELIAL_MESENCHYMAL_TRANSITION,IGFBP2,0.006535947712418301,0.0,0.0016747073269409662,0.0015280879317389866,0.0,0.0,0.006404638935180306,0.005519314158719679
HALLMARK_EPITHELIAL_MESENCHYMAL_TRANSITION,PDLIM4,0.006535947712418301,0.0,2.624863264318342e-17,0.006493506493506494,0.0,0.0,0.0,0.16454182370045578
HALLMARK_EPITHELIAL_MESENCHYMAL_TRANSITION,DPYSL3,0.006535947712418301,0.0,2.624863264318342e-17,0.006493506493506494,0.0,0.0,0.0,0.16454182370045578
HALLMARK_EPITHELIAL_MESENCHYMAL_TRANSITION,NT5E,0.0392156862745098,0.00046380695682023414,0.029298981263027685,0.003627368216900209,0.07352941176470588,0.0024588969953808514,0.11204906859819502,0.07275087077879173
HALLMARK_EPITHELIAL_MESENCHYMAL_TRANSITION,ANPEP,0.026143790849673203,0.0,0.017096346727178868,0.0027313295065708432,0.044117647058823525,0.0,0.065382127454019,0.04405433239222818
HALLMARK_EPITHELIAL_MESENCHYMAL_TRANSITION,LAMA3,0.0784313725490196,0.013041504418564378,0.052248461134097104,0.006479380936290675,0.16176470588235292,0.06914022215169813,0.19981552782356357,0.16408943856329317
HALLMARK_EPITHELIAL_MESENCHYMAL_TRANSITION,TNC,0.058823529411764705,0.0001736363869254996,0.05381474863019405,0.004384683901951097,0.11764705882352941,0.0009205424451306367,0.20580553319334502,0.09700466514758758
HALLMARK_EPITHELIAL_MESENCHYMAL_TRANSITION,LAMC2,0.07189542483660132,0.000844007122578891,0.05452159954675913,0.005327821456949405,0.14705882352941177,0.0044745481870675004,0.20850876666511226,0.12720959127278836
HALLMARK_EPITHELIAL_MESENCHYMAL_TRANSITION,VEGFC,0.026143790849673203,4.805843906189927e-05,0.01195503770052337,0.0028929095773896738,0.044117647058823525,0.0002547843443792918,0.04572004833117953,0.049229096218058696
HALLMARK_EPITHELIAL_MESENCHYMAL_TRANSITION,AREG,0.006535947712418301,0.0,0.002486552603087601,0.0014656675781934486,0.0,0.0,0.009509405828658113,0.003520239731495466
HALLMARK_EPITHELIAL_MESENCHYMAL_TRANSITION,IL15,0.026143790849673203,4.805843906189927e-05,0.015595352191299759,0.0028577556020941784,0.044117647058823525,0.0002547843443792918,0.05964182412379822,0.04810325490129608
HALLMARK_EPITHELIAL_MESENCHYMAL_TRANSITION,LOXL1,0.0392156862745098,0.00023995206617449626,0.022052666172005592,0.0033733142425647366,0.07352941176470588,0.0012721185093835918,0.08433674476587599,0.06461453744549514
HALLMARK_EPITHELIAL_MESENCHYMAL_TRANSITION,SLIT2,0.013071895424836602,3.7005764559944125e-05,0.004649730844347251,0.0019404673553477894,0.014705882352941176,0.00019618800871821704,0.017782120329175137,0.018726178798606802
HALLMARK_EPITHELIAL_MESENCHYMAL_TRANSITION,SLIT3,0.006535947712418301,0.0,0.0016183660082235323,0.00150650862743903,0.0,0.0,0.006189170955962583,0.004828215295400016
HALLMARK_EPITHELIAL_MESENCHYMAL_TRANSITION,CXCL1,0.05228758169934641,0.0007304740089357618,0.02307255399092467,0.004706243862902351,0.10294117647058823,0.0038726464089500917,0.08823713567566964,0.10730294540785407
HALLMARK_EPITHELIAL_MESENCHYMAL_TRANSITION,PTHLH,0.006535947712418301,0.0,0.003283445658355515,0.0014284576073902405,0.0,0.0,0.0125569904464829,0.002328553096523335
HALLMARK_EPITHELIAL_MESENCHYMAL_TRANSITION,PTX3,0.013071895424836602,0.0,0.006607689575109337,0.0019277689939057074,0.014705882352941176,0.0,0.02527000702960593,0.01831950103751407
HALLMARK_EPITHELIAL_MESENCHYMAL_TRANSITION,SFRP4,0.013071895424836602,0.0,1.156504744404123e-12,0.004547474383256752,0.014705882352941176,0.0,4.422759178611979e-12,0.1022181935832483
HALLMARK_EPITHELIAL_MESENCHYMAL_TRANSITION,CDH6,0.013071895424836602,0.0,0.0019222519904733512,0.0027942063358469896,0.014705882352941176,0.0,0.007351332225853139,0.046068025912550645
HALLMARK_EPITHELIAL_MESENCHYMAL_TRANSITION,CDH11,0.013071895424836602,0.0,0.0019222519904733512,0.0027942063358469896,0.014705882352941176,0.0,0.007351332225853139,0.046068025912550645
HALLMARK_EPITHELIAL_MESENCHYMAL_TRANSITION,ECM1,0.013071895424836602,0.0,0.01176318388140033,0.0018757799204050123,0.014705882352941176,0.0,0.04498633538919167,0.016654498815850932
HALLMARK_EPITHELIAL_MESENCHYMAL_TRANSITION,FBN2,0.0392156862745098,0.0004434566390258452,0.034489067625653326,0.003298704580252511,0.07352941176470588,0.0023510087143970393,0.13189768850943567,0.06222508817966562
HALLMARK_EPITHELIAL_MESENCHYMAL_TRANSITION,GJA1,0.026143790849673203,0.024681802545579636,0.012235252900939143,0.005736904133286477,0.044117647058823525,0.13085187539226997,0.04679168464275548,0.14031087427480265
HALLMARK_EPITHELIAL_MESENCHYMAL_TRANSITION,IGFBP4,0.006535947712418301,0.0,5.982077093266719e-13,0.0027816215766483143,0.0,0.0,2.2876452570742905e-12,0.045664986377241173
HALLMARK_EPITHELIAL_MESENCHYMAL_TRANSITION,TPM4,0.0196078431372549,0.0,0.0006458734688627935,0.002937867582432916,0.02941176470588235,0.0,0.00247003539026394,0.05066892142051283
HALLMARK_EPITHELIAL_MESENCHYMAL_TRANSITION,DAB2,0.006535947712418301,0.0,0.0004843346125422224,0.002194967079381775,0.0,0.0,0.0018522569688695296,0.026876787713066053
HALLMARK_EPITHELIAL_MESENCHYMAL_TRANSITION,OXTR,0.006535947712418301,0.0,0.0004843346125422224,0.002194967079381775,0.0,0.0,0.0018522569688695296,0.026876787713066053
HALLMARK_EPITHELIAL_MESENCHYMAL_TRANSITION,IL32,0.006535947712418301,0.0,0.002860795522326432,0.0014475249533424661,0.0,0.0,0.010940635472915282,0.002939203974370792
HALLMARK_EPITHELIAL_MESENCHYMAL_TRANSITION,TNFAIP3,0.013071895424836602,0.0,0.006185039439080254,0.0019468363398579328,0.014705882352941176,0.0,0.023653652056038314,0.018930151915361522
HALLMARK_EPITHELIAL_MESENCHYMAL_TRANSITION,DST,0.006535947712418301,0.0,0.0020682256566593323,0.001432949356930942,0.0,0.0,0.007909584172880488,0.0024724058805957903
HALLMARK_EPITHELIAL_MESENCHYMAL_TRANSITION,CADM1,0.006535947712418301,0.0,0.0033242439167538223,0.0014733373605414412,0.0,0.0,0.012713016583122929,0.0037658722036515587
HALLMARK_EPITHELIAL_MESENCHYMAL_TRANSITION,SERPINE2,0.006535947712418301,0.0,0.0006540077048413709,0.0016443438180810369,0.0,0.0,0.0025011434194809035,0.009242525518474792
HALLMARK_EPITHELIAL_MESENCHYMAL_TRANSITION,FERMT2,0.0196078431372549,0.0,0.01470270776201561,0.0021881391077514726,0.02941176470588235,0.0,0.056228054341404064,0.026658115073443917
HALLMARK_EPITHELIAL_MESENCHYMAL_TRANSITION,TGM2,0.013071895424836602,0.0,0.017323412790874817,0.0017581722227520515,0.014705882352941176,0.0,0.06625050375417028,0.01288799434305534
HALLMARK_EPITHELIAL_MESENCHYMAL_TRANSITION,GPX7,0.006535947712418301,0.0,0.0033242439167538223,0.0014733373605414412,0.0,0.0,0.012713016583122929,0.0037658722036515587
HALLMARK_EPITHELIAL_MESENCHYMAL_TRANSITION,ADAM12,0.006535947712418301,0.0,0.004518415501037028,0.001379739857099214,0.0,0.0,0.01727992669389233,0.0007683182816462263
HALLMARK_EPITHELIAL_MESENCHYMAL_TRANSITION,COL8A2,0.013071895424836602,0.0,0.008604964122924035,0.001716622656338514,0.014705882352941176,0.0,0.03290825051692888,0.011557327806234766
HALLMARK_EPITHELIAL_MESENCHYMAL_TRANSITION,FAS,0.006535947712418301,0.0,0.006923760149131903,0.0013933036320947453,0.0,0.0,0.02647876623910159,0.0012027117797607245
HALLMARK_EPITHELIAL_MESENCHYMAL_TRANSITION,CD59,0.006535947712418301,0.0,0.006923760149131903,0.0013933036320947453,0.0,0.0,0.02647876623910159,0.0012027117797607245
HALLMARK_ESTROGEN_RESPONSE_EARLY,FKBP4,0.04,0.0,0.15102736588934423,0.0115586149369967,0.19999999999999998,0.0,0.3939704755660913,0.18056391689748116
HALLMARK_ESTROGEN_RESPONSE_EARLY,FKBP5,0.05333333333333334,0.05189189189189189,0.155124775821752,0.016052845532716107,0.3,0.2190982844908627,0.4046589923954729,0.30614635221120906
HALLMARK_ESTROGEN_RESPONSE_EARLY,PGR,0.12000000000000001,0.09057228657228658,0.3460011996098836,0.03191832316707311,0.8,0.3824148992629704,0.902579850119548,0.7494759224908802
HALLMARK_ESTROGEN_RESPONSE_EARLY,AR,0.14666666666666667,0.1165096525096525,0.37035987375700496,0.04088385223404119,1.0,0.4919278149401988,0.9661219664461744,1.0
HALLMARK_ESTROGEN_RESPONSE_EARLY,TFAP2C,0.013333333333333334,0.0,0.06643473328234462,0.005096756813475439,0.0,0.0,0.17330185998280953,0.0
HALLMARK_ESTROGEN_RESPONSE_EARLY,MYC,0.13333333333333333,0.2368429858429859,0.3833469133425449,0.036741545523478976,0.9,1.0,1.0,0.8842513855376551
HALLMARK_ESTROGEN_RESPONSE_EARLY,SULT2B1,0.013333333333333334,0.0,2.038144538000288e-05,0.007777979317628298,0.0,0.0,5.316653203618881e-05,0.07492148978964196
HALLMARK_ESTROGEN_RESPONSE_EARLY,DHCR7,0.05333333333333334,0.05297297297297297,0.00011581995594258995,0.027321679380826382,0.3,0.22366283208442234,0.00030212774000589886,0.6210317519811615
HALLMARK_ESTROGEN_RESPONSE_EARLY,XBP1,0.013333333333333334,0.0,2.1944246936625913e-10,0.013157894736842105,0.0,0.0,0.0,0.22525264564316044
HALLMARK_ESTROGEN_RESPONSE_EARLY,WFS1,0.013333333333333334,0.0,2.1944246936625913e-10,0.013157894736842105,0.0,0.0,0.0,0.22525264564316044
HALLMARK_ESTROGEN_RESPONSE_EARLY,PPIF,0.013333333333333334,0.0,0.053978526051619,0.00513790695376448,0.0,0.0,0.14080855743017984,0.001149859741491993
HALLMARK_ESTROGEN_RESPONSE_EARLY,BCL2,0.12000000000000001,0.06332518232518235,0.3114704581612797,0.033503796679920095,0.8,0.2673719979495763,0.8125028460626111,0.7937788616988457
HALLMARK_ESTROGEN_RESPONSE_EARLY,CCND1,0.09333333333333334,0.03563921063921063,0.3511387248899373,0.024375555063158267,0.6,0.15047610767260594,0.9159816152158118,0.5387081019881791
HALLMARK_ESTROGEN_RESPONSE_EARLY,FOS,0.10666666666666667,0.05272758472758472,0.27023636310444366,0.03028858734102142,0.7000000000000001,0.22262675223382067,0.7049394520576756,0.7039361599899223
HALLMARK_ESTROGEN_RESPONSE_EARLY,CXCL12,0.04,0.021801801801801798,0.1318955578974208,0.011926568324047697,0.19999999999999998,0.09205170980345272,0.34406317923218366,0.1908456506544919
HALLMARK_ESTROGEN_RESPONSE_EARLY,JAK2,0.08,0.037261261261261266,0.21286566717521377,0.023600514175016737,0.5,0.1573247403913556,0.5552820687183014,0.5170511086213428
HALLMARK_ESTROGEN_RESPONSE_EARLY,CHPT1,0.013333333333333334,0.0,2.1944246936625913e-10,0.013157894736842105,0.0,0.0,0.0,0.22525264564316044
HALLMARK_ESTROGEN_RESPONSE_EARLY,PLAAT3,0.013333333333333334,0.0,2.1944246936625913e-10,0.013157894736842105,0.0,0.0,0.0,0.22525264564316044
HALLMARK_ESTROGEN_RESPONSE_EARLY,RARA,0.04,0.003751608751608752,0.09358312608784425,0.011874281589751953,0.19999999999999998,0.015840066946698036,0.24412124544315783,0.1893846006955255
HALLMARK_ESTROGEN_RESPONSE_EARLY,NRIP1,0.02666666666666667,0.0,0.05366788607861652,0.008435435763289896,0.1,0.0,0.13999822098982165,0.09329281716156883
HALLMARK_ESTROGEN_RESPONSE_EARLY,NCOR2,0.06666666666666667,0.023770913770913775,0.2160981813380368,0.018219901930384388,0.39999999999999997,0.1003657072060078,0.5637144156400177,0.3667004813519311
HALLMARK_ESTROGEN_RESPONSE_EARLY,TUBB2B,0.02666666666666667,0.018018018018018018,0.00495628573198066,0.012965686938338085,0.1,0.07607579322599399,0.012928982451324973,0.21988177672392525
HALLMARK_ESTROGEN_RESPONSE_EARLY,MAPT,0.02666666666666667,0.035315315315315315,0.027741555626903787,0.010895312193165651,0.1,0.14910855472294823,0.0723667113462651,0.1620292262209679
HALLMARK_ESTROGEN_RESPONSE_EARLY,GJA1,0.013333333333333334,0.0,0.0008588757995729002,0.007484086070358717,0.0,0.0,0.002240465621943391,0.06670922098671783
HALLMARK_ESTROGEN_RESPONSE_EARLY,ARL3,0.013333333333333334,0.0,2.1944246936625913e-10,0.013157894736842105,0.0,0.0,0.0,0.22525264564316044
HALLMARK_ESTROGEN_RESPONSE_EARLY,UNC119,0.013333333333333334,0.0,2.1944246936625913e-10,0.013157894736842105,0.0,0.0,0.0,0.22525264564316044
HALLMARK_ESTROGEN_RESPONSE_EARLY,SLC7A5,0.013333333333333334,0.0,2.1944246936625913e-10,0.013157894736842105,0.0,0.0,0.0,0.22525264564316044
HALLMARK_ESTROGEN_RESPONSE_EARLY,SLC2A1,0.013333333333333334,0.0,2.1944246936625913e-10,0.013157894736842105,0.0,0.0,0.0,0.22525264564316044
HALLMARK_ESTROGEN_RESPONSE_EARLY,SCARB1,0.04,0.0990990990990991,0.0033595291437498987,0.018292541970989493,0.19999999999999998,0.41841686274296697,0.008763678040179234,0.368730264427407
HALLMARK_ESTROGEN_RESPONSE_EARLY,FASN,0.02666666666666667,0.06774774774774775,0.000603029666831238,0.01295981551434158,0.1,0.2860449825297374,0.0015730645708763552,0.21971771132751616
HALLMARK_ESTROGEN_RESPONSE_EARLY,CLDN7,0.04,0.1264864864864865,0.018193587167552486,0.016678600703202456,0.19999999999999998,0.5340520684464779,0.04745984987824226,0.32363184979441745
HALLMARK_ESTROGEN_RESPONSE_EARLY,PDZK1,0.013333333333333334,0.0,0.0005826482214529092,0.0071555204072395965,0.0,0.0,0.001519897466406197,0.0575280997121954
HALLMARK_ESTROGEN_RESPONSE_EARLY,MREG,0.013333333333333334,0.0,2.1944246936625913e-10,0.013157894736842105,0.0,0.0,0.0,0.22525264564316044
HALLMARK_ESTROGEN_RESPONSE_EARLY,MLPH,0.013333333333333334,0.0,2.1944246936625913e-10,0.013157894736842105,0.0,0.0,0.0,0.22525264564316044
HALLMARK_ESTROGEN_RESPONSE_EARLY,LRIG1,0.013333333333333334,0.0,4.594392538906721e-09,0.010133120226924894,0.0,0.0,1.1412508930613339e-08,0.14073127070701613
HALLMARK_ESTROGEN_RESPONSE_EARLY,RET,0.02666666666666667,0.00036036036036036037,6.49745223938786e-09,0.019207443756676518,0.1,0.00152151586451988,1.6376836633103582e-08,0.39429539551544884
HALLMARK_ESTROGEN_RESPONSE_EARLY,MED13L,0.013333333333333334,0.0,2.1944246936625913e-10,0.013157894736842105,0.0,0.0,0.0,0.22525264564316044
HALLMARK_ESTROGEN_RESPONSE_EARLY,MED24,0.013333333333333334,0.0,2.1944246936625913e-10,0.013157894736842105,0.0,0.0,0.0,0.22525264564316044
HALLMARK_ESTROGEN_RESPONSE_EARLY,SLC26A2,0.02666666666666667,0.00036036036036036037,6.49745223938786e-09,0.019207443756676518,0.1,0.00152151586451988,1.6376836633103582e-08,0.39429539551544884
HALLMARK_ESTROGEN_RESPONSE_EARLY,PAPSS2,0.013333333333333334,0.0,4.594392538906721e-09,0.010133120226924894,0.0,0.0,1.1412508930613339e-08,0.14073127070701613
HALLMARK_ESTROGEN_RESPONSE_EARLY,CANT1,0.013333333333333334,0.0,4.594392538906721e-09,0.010133120226924894,0.0,0.0,1.1412508930613339e-08,0.14073127070701613
HALLMARK_ESTROGEN_RESPONSE_EARLY,TIAM1,0.013333333333333334,0.0,0.017064192461823453,0.0058024768810581474,0.0,0.0,0.04451370718851006,0.01971995936773211
HALLMARK_ESTROGEN_RESPONSE_EARLY,CD44,0.06666666666666667,0.20512054912054914,0.09846080381151066,0.022523818578249175,0.39999999999999997,0.8660613207119968,0.25684517136166407,0.48696496767823577
HALLMARK_ESTROGEN_RESPONSE_EARLY,TFF1,0.04,0.018018018018018018,0.07484854631636108,0.013754667219589765,0.19999999999999998,0.07607579322599399,0.195250159932507,0.2419282790169914
HALLMARK_ESTROGEN_RESPONSE_EARLY,GREB1,0.02666666666666667,0.0,0.07293272536483474,0.008885342555706183,0.1,0.0,0.19025254318918103,0.10586457765593238
HALLMARK_ESTROGEN_RESPONSE_EARLY,TFF3,0.013333333333333334,0.0,0.012971048373734846,0.005870838435787356,0.0,0.0,0.03383631825444501,0.021630188569790317
HALLMARK_ESTROGEN_RESPONSE_EARLY,ADCY9,0.013333333333333334,0.0,2.1944246936625913e-10,0.013157894736842105,0.0,0.0,0.0,0.22525264564316044
HALLMARK_ESTROGEN_RESPONSE_EARLY,ADCY1,0.013333333333333334,0.0,2.1944246936625913e-10,0.013157894736842105,0.0,0.0,0.0,0.22525264564316044
HALLMARK_ESTROGEN_RESPONSE_EARLY,KLF4,0.02666666666666667,0.0,0.11326742364971058,0.008314919289276763,0.1,0.0,0.29546976785983686,0.08992522131181242
HALLMARK_ESTROGEN_RESPONSE_EARLY,EGR3,0.013333333333333334,0.0,0.04683269036736763,0.0051918466863276405,0.0,0.0,0.1221679073045933,0.0026570994861336615
HALLMARK_ESTROGEN_RESPONSE_EARLY,RPS6KA2,0.013333333333333334,0.0,0.04683269036736763,0.0051918466863276405,0.0,0.0,0.1221679073045933,0.0026570994861336615
HALLMARK_ESTROGEN_RESPONSE_EARLY,SIAH2,0.02666666666666667,0.018018018018018018,0.06617021073102673,0.010662249043653614,0.1,0.07607579322599399,0.17261182559812432,0.15551673486694473
HALLMARK_ESTROGEN_RESPONSE_EARLY,AKAP1,0.013333333333333334,0.0,0.01146714121035341,0.006505142094033464,0.0,0.0,0.029913221153886144,0.03935455683136189
HALLMARK_ESTROGEN_RESPONSE_EARLY,IGF1R,0.06666666666666667,0.03019305019305019,0.2216705306089321,0.01909135183353774,0.39999999999999997,0.1274812935058442,0.5782504640080552,0.39105143503822987
HALLMARK_ESTROGEN_RESPONSE_EARLY,PMAIP1,0.013333333333333334,0.0,0.053978526051619,0.00513790695376448,0.0,0.0,0.14080855743017984,0.001149859741491993
HALLMARK_ESTROGEN_RESPONSE_EARLY,NADSYN1,0.013333333333333334,0.0,2.038144538000288e-05,0.007777979317628298,0.0,0.0,5.316653203618881e-05,0.07492148978964196
HALLMARK_ESTROGEN_RESPONSE_EARLY,MYB,0.02666666666666667,0.035315315315315315,0.06855759413109236,0.010493567847586802,0.1,0.14910855472294823,0.1788395616730434,0.1508032705836747
HALLMARK_ESTROGEN_RESPONSE_EARLY,MYBBP1A,0.02666666666666667,0.018018018018018018,0.012249171646551944,0.012698285803435187,0.1,0.07607579322599399,0.031953228284313726,0.21240977789975607
HALLMARK_ESTROGEN_RESPONSE_EARLY,SFN,0.013333333333333334,0.0,2.1944246936625913e-10,0.013157894736842105,0.0,0.0,0.0,0.22525264564316044
HALLMARK_ESTROGEN_RESPONSE_EARLY,GAB2,0.013333333333333334,0.0,2.1944246936625913e-10,0.013157894736842105,0.0,0.0,0.0,0.22525264564316044
HALLMARK_ESTROGEN_RESPONSE_EARLY,GFRA1,0.013333333333333334,0.0,4.594392538906721e-09,0.010133120226924894,0.0,0.0,1.1412508930613339e-08,0.14073127070701613
HALLMARK_ESTROGEN_RESPONSE_EARLY,FDFT1,0.013333333333333334,0.0,2.038144538000288e-05,0.007777979317628298,0.0,0.0,5.316653203618881e-05,0.07492148978964196
HALLMARK_ESTROGEN_RESPONSE_EARLY,TJP3,0.013333333333333334,0.0,0.0031535569057380293,0.00669998003239391,0.0,0.0,0.008226378192545594,0.044798919836258846
HALLMARK_ESTROGEN_RESPONSE_EARLY,KRT19,0.04,0.035315315315315315,0.003297389389615688,0.015968768190624153,0.19999999999999998,0.14910855472294823,0.008601580076149832,0.3037969762391195
HALLMARK_ESTROGEN_RESPONSE_EARLY,MUC1,0.02666666666666667,0.05189189189189189,0.01763608898153977,0.010326889708422465,0.1,0.2190982844908627,0.046005558303358264,0.14614577778618573
HALLMARK_ESTROGEN_RESPONSE_EARLY,KRT18,0.02666666666666667,0.0,0.000692163321215394,0.011301088788081354,0.1,0.0,0.0018055789105849757,0.1733678551358621
HALLMARK_ESTROGEN_RESPONSE_EARLY,KRT8,0.02666666666666667,0.0,0.000692163321215394,0.011301088788081354,0.1,0.0,0.0018055789105849757,0.1733678551358621
HALLMARK_ESTROGEN_RESPONSE_EARLY,FLNB,0.013333333333333334,0.0,0.06418300907091344,0.005132884694270938,0.0,0.0,0.1674280049070336,0.0010095225770889982
HALLMARK_ESTROGEN_RESPONSE_EARLY,FHL2,0.013333333333333334,0.0,0.06418300907091344,0.005132884694270938,0.0,0.0,0.1674280049070336,0.0010095225770889982
HALLMARK_ESTROGEN_RESPONSE_EARLY,BAG1,0.02666666666666667,0.0021235521235521237,0.11816153512253078,0.008297107437509103,0.1,0.008966075630206436,0.30823656290964746,0.0894275041442598
HALLMARK_ESTROGEN_RESPONSE_EARLY,IL6ST,0.013333333333333334,0.0,0.03688999186001481,0.00531709724171479,0.0,0.0,0.0962313517540339,0.006156979929495158
HALLMARK_ESTROGEN_RESPONSE_EARLY,RRP12,0.013333333333333334,0.0,0.002122860848749414,0.007370495244637677,0.0,0.0,0.005537701117799897,0.06353514875799587
HALLMARK_ESTROGEN_RESPONSE_EARLY,CISH,0.013333333333333334,0.0,0.03688999186001481,0.00531709724171479,0.0,0.0,0.0962313517540339,0.006156979929495158
HALLMARK_ESTROGEN_RESPONSE_EARLY,AREG,0.013333333333333334,0.0,0.03841542369633981,0.005219217186250534,0.0,0.0,0.10021059818619478,0.00342191427764548
HALLMARK_ESTROGEN_RESPONSE_EARLY,ABAT,0.013333333333333334,0.0,2.1944246936625913e-10,0.013157894736842105,0.0,0.0,0.0,0.22525264564316044
HALLMARK_ESTROGEN_RESPONSE_EARLY,ALDH3B1,0.013333333333333334,0.0,2.1944246936625913e-10,0.013157894736842105,0.0,0.0,0.0,0.22525264564316044
HALLMARK_ESTROGEN_RESPONSE_LATE,FKBP4,0.021052631578947368,0.0,0.03168049434352713,0.008361784892279489,0.11111111111111112,0.0,0.07604261706719981,0.14797138137056412
HALLMARK_ESTROGEN_RESPONSE_LATE,FKBP5,0.042105263157894736,0.03135498320268757,0.03403217322707735,0.017032356374932035,0.33333333333333337,0.26190370139414726,0.08168734643498403,0.46656276640558714
HALLMARK_ESTROGEN_RESPONSE_LATE,PGR,0.07368421052631578,0.1197195115448195,0.12308741423051395,0.026187138900018687,0.6666666666666666,1.0,0.2954464347881983,0.8029459967609535
HALLMARK_ESTROGEN_RESPONSE_LATE,SULT2B1,0.010526315789473684,0.0,2.3927623833687375e-12,0.00589202068821101,0.0,0.0,5.743341831120502e-12,0.057222392095939996
HALLMARK_ESTROGEN_RESPONSE_LATE,DHCR7,0.031578947368421054,0.0004479283314669653,5.192501313855597e-12,0.015280661055135756,0.22222222222222227,0.003741481448487818,1.2463548689970949e-11,0.40219849246933964
HALLMARK_ESTROGEN_RESPONSE_LATE,CDC6,0.042105263157894736,0.0011198208286674132,4.3468832311812656e-05,0.012892526496940582,0.33333333333333337,0.009353703621219544,0.00010433813734099305,0.31444890202220066
HALLMARK_ESTROGEN_RESPONSE_LATE,CCNA1,0.031578947368421054,0.0031354983202687573,2.8231093771676518e-05,0.010941038495751574,0.22222222222222227,0.026190370139414727,6.776302887793869e-05,0.24274344795588662
HALLMARK_ESTROGEN_RESPONSE_LATE,CDC20,0.05263157894736842,0.002687569988801792,5.543524119796425e-05,0.015605661988956052,0.4444444444444445,0.02244888869092691,0.0001330610808257775,0.41414032327606837
HALLMARK_ESTROGEN_RESPONSE_LATE,TOP2A,0.05263157894736842,0.0011198208286674132,5.496747009746018e-05,0.015474458392206918,0.4444444444444445,0.009353703621219544,0.00013193829093856725,0.40931937973232224
HALLMARK_ESTROGEN_RESPONSE_LATE,GINS2,0.021052631578947368,0.0,2.5991775453561477e-05,0.006932820573585831,0.11111111111111112,0.0,6.238799831466783e-05,0.09546553185775135
HALLMARK_ESTROGEN_RESPONSE_LATE,MAPK13,0.031578947368421054,0.02120194102276969,0.09632566888434554,0.01192138224644985,0.22222222222222227,0.17709678856175673,0.23121027952680187,0.27876518815724227
HALLMARK_ESTROGEN_RESPONSE_LATE,DUSP2,0.010526315789473684,0.0,0.019422425820471375,0.004940181495364036,0.0,0.0,0.04661960363266748,0.022248023060813298
HALLMARK_ESTROGEN_RESPONSE_LATE,FOS,0.09473684210526316,0.06702927531594945,0.3352180991137317,0.031550029741650124,0.888888888888889,0.5598859738987128,0.8046232255245207,1.0
HALLMARK_ESTROGEN_RESPONSE_LATE,XBP1,0.010526315789473684,0.0,6.913956530558507e-20,0.010416666666666666,0.0,0.0,0.0,0.22347593512403333
HALLMARK_ESTROGEN_RESPONSE_LATE,WFS1,0.010526315789473684,0.0,6.913956530558507e-20,0.010416666666666666,0.0,0.0,0.0,0.22347593512403333
HALLMARK_ESTROGEN_RESPONSE_LATE,PPIF,0.010526315789473684,0.0,0.07545069684626067,0.004334694079954866,0.0,0.0,0.1811041325782167,0.0
HALLMARK_ESTROGEN_RESPONSE_LATE,BCL2,0.07368421052631578,0.04240708153362128,0.3741983869144335,0.022829963145446944,0.6666666666666666,0.3542203019910026,0.8981875198898844,0.6795899670465427
HALLMARK_ESTROGEN_RESPONSE_LATE,CCND1,0.06315789473684211,0.10509038553831392,0.36899469542565033,0.018683010187489597,0.5555555555555557,0.8778049975502209,0.8856971112830428,0.5272143722897212
HALLMARK_ESTROGEN_RESPONSE_LATE,CXCL12,0.05263157894736842,0.021471764517677162,0.2557479546724838,0.01658685422984486,0.4444444444444445,0.1793505857200124,0.6138712222100401,0.45019324039183284
HALLMARK_ESTROGEN_RESPONSE_LATE,JAK2,0.10526315789473684,0.09137737961926093,0.41661499255780055,0.03048982617704724,1.0,0.763262215491515,1.0,0.9610438916579269
HALLMARK_ESTROGEN_RESPONSE_LATE,CDH1,0.08421052631578947,0.05672905668426384,0.32516555265349956,0.026138522133132634,0.7777777777777778,0.473849717161819,0.7804941215800979,0.8011596228028883
HALLMARK_ESTROGEN_RESPONSE_LATE,CHPT1,0.010526315789473684,0.0,6.913956530558507e-20,0.010416666666666666,0.0,0.0,0.0,0.22347593512403333
HALLMARK_ESTROGEN_RESPONSE_LATE,PLAAT3,0.010526315789473684,0.0,6.913956530558507e-20,0.010416666666666666,0.0,0.0,0.0,0.22347593512403333
HALLMARK_ESTROGEN_RESPONSE_LATE,RBBP8,0.021052631578947368,0.0017917133258678612,8.012996805826743e-06,0.009378599573301682,0.11111111111111112,0.014965925793951272,1.923357764114781e-05,0.18533320904235465
HALLMARK_ESTROGEN_RESPONSE_LATE,SLC7A5,0.010526315789473684,0.0,9.099954772349517e-17,0.0080286244741981,0.0,0.0,2.1826004772397633e-16,0.13572973856215662
HALLMARK_ESTROGEN_RESPONSE_LATE,LLGL2,0.021052631578947368,0.00022396416573348266,1.2869279456038457e-16,0.01519275105160379,0.11111111111111112,0.001870740724243909,3.087350606501131e-16,0.39896832824778655
HALLMARK_ESTROGEN_RESPONSE_LATE,SCARB1,0.031578947368421054,0.02127659574468085,0.03754072227367805,0.014450116763057859,0.22222222222222227,0.17772036880317135,0.09010890857095046,0.37168098195974625
HALLMARK_ESTROGEN_RESPONSE_LATE,PDZK1,0.010526315789473684,0.0,0.007569442095735079,0.005656813121025664,0.0,0.0,0.018168914299657387,0.048579927784305796
HALLMARK_ESTROGEN_RESPONSE_LATE,CAV1,0.05263157894736842,0.05370660694288915,0.17104468632304864,0.019243260036240193,0.4444444444444445,0.4486036256736895,0.4105581637207119,0.5478001866891787
HALLMARK_ESTROGEN_RESPONSE_LATE,FABP5,0.010526315789473684,0.0,0.007569442095735079,0.005656813121025664,0.0,0.0,0.018168914299657387,0.048579927784305796
HALLMARK_ESTROGEN_RESPONSE_LATE,KLF4,0.021052631578947368,0.0026779715245560717,0.13315506151037157,0.007319486521759859,0.11111111111111112,0.022368714088459318,0.3196117851949311,0.10967318128675504
HALLMARK_ESTROGEN_RESPONSE_LATE,KRT19,0.010526315789473684,0.0,0.06556407523418617,0.0043397356377390586,0.0,0.0,0.1573732976618452,0.00018524694484252501
HALLMARK_ESTROGEN_RESPONSE_LATE,CD9,0.021052631578947368,0.0,0.09549814711071392,0.007443002416713444,0.11111111111111112,0.0,0.22922398093358257,0.11421164799864754
HALLMARK_ESTROGEN_RESPONSE_LATE,CD44,0.05263157894736842,0.021500559910414337,0.14845824310242778,0.018254580987096147,0.4444444444444445,0.17959110952741528,0.3563439764636672,0.5114721743716389
HALLMARK_ESTROGEN_RESPONSE_LATE,LAMC2,0.010526315789473684,0.0,0.02993407187652776,0.004665766778974387,0.0,0.0,0.0718506832717374,0.01216493168171707
HALLMARK_ESTROGEN_RESPONSE_LATE,NMU,0.021052631578947368,0.010750279955207168,0.00544714369218638,0.010709121141834565,0.11111111111111112,0.08979555476370764,0.013074766365808718,0.23422187920509496
HALLMARK_ESTROGEN_RESPONSE_LATE,GPER1,0.021052631578947368,0.021052631578947368,0.025916806429424188,0.009293964594218046,0.11111111111111112,0.17584962807892743,0.062208050339975535,0.18222338228380552
HALLMARK_ESTROGEN_RESPONSE_LATE,GAL,0.010526315789473684,0.0,0.0010983248848288668,0.006114042271028653,0.0,0.0,0.002636306672704504,0.06538035074019552
HALLMARK_ESTROGEN_RESPONSE_LATE,SORD,0.010526315789473684,0.0,6.913956530558507e-20,0.010416666666666666,0.0,0.0,0.0,0.22347593512403333
HALLMARK_ESTROGEN_RESPONSE_LATE,DCXR,0.010526315789473684,0.0,6.913956530558507e-20,0.010416666666666666,0.0,0.0,0.0,0.22347593512403333
HALLMARK_ESTROGEN_RESPONSE_LATE,PLK4,0.042105263157894736,0.0017917133258678612,4.2819636422306535e-05,0.01332247608941494,0.33333333333333337,0.014965925793951272,0.00010277987395368575,0.33024696521050445
HALLMARK_ESTROGEN_RESPONSE_LATE,KIF20A,0.031578947368421054,0.0,4.045784694061193e-05,0.009677146803038562,0.22222222222222227,0.0,9.711087614063434e-05,0.1963030252315805
HALLMARK_ESTROGEN_RESPONSE_LATE,STIL,0.010526315789473684,0.0,1.1306381361436037e-05,0.004393525932318752,0.0,0.0,2.7138680948615495e-05,0.0021617169486794385
HALLMARK_ESTROGEN_RESPONSE_LATE,CA2,0.010526315789473684,0.0,6.913956530558507e-20,0.010416666666666666,0.0,0.0,0.0,0.22347593512403333
HALLMARK_ESTROGEN_RESPONSE_LATE,SLC16A1,0.010526315789473684,0.0,6.913956530558507e-20,0.010416666666666666,0.0,0.0,0.0,0.22347593512403333
HALLMARK_ESTROGEN_RESPONSE_LATE,SLC26A2,0.010526315789473684,0.0,6.913956530558507e-20,0.010416666666666666,0.0,0.0,0.0,0.22347593512403333
HALLMARK_ESTROGEN_RESPONSE_LATE,PAPSS2,0.010526315789473684,0.0,6.913956530558507e-20,0.010416666666666666,0.0,0.0,0.0,0.22347593512403333
HALLMARK_ESTROGEN_RESPONSE_LATE,BATF,0.010526315789473684,0.0,0.0675909862761854,0.004542250884020802,0.0,0.0,0.1622384875330859,0.007626464969824577
HALLMARK_ESTROGEN_RESPONSE_LATE,TIAM1,0.010526315789473684,0.0,0.02993407187652776,0.004665766778974387,0.0,0.0,0.0718506832717374,0.01216493168171707
HALLMARK_ESTROGEN_RESPONSE_LATE,TFF1,0.031578947368421054,0.021052631578947368,0.02763282311261385,0.012134804549245887,0.22222222222222227,0.17584962807892743,0.06632700120310747,0.2866071749491385
HALLMARK_ESTROGEN_RESPONSE_LATE,AGR2,0.021052631578947368,0.0,0.006978862153344435,0.00869687334118633,0.11111111111111112,0.0,0.016751346634209758,0.1602838677228257
HALLMARK_ESTROGEN_RESPONSE_LATE,TFF3,0.021052631578947368,0.0,0.006978862153344435,0.00869687334118633,0.11111111111111112,0.0,0.016751346634209758,0.1602838677228257
HALLMARK_ESTROGEN_RESPONSE_LATE,HSPA4L,0.010526315789473684,0.0,0.01585806416740058,0.005330329724109174,0.0,0.0,0.03806407462688818,0.03658362536956082
HALLMARK_ESTROGEN_RESPONSE_LATE,BAG1,0.021052631578947368,0.010750279955207168,0.07864820419489625,0.008865450469668157,0.11111111111111112,0.08979555476370764,0.18877910204824114,0.16647806391343506
HALLMARK_ESTROGEN_RESPONSE_LATE,HPRT1,0.010526315789473684,0.0,6.913956530558507e-20,0.010416666666666666,0.0,0.0,0.0,0.22347593512403333
HALLMARK_ESTROGEN_RESPONSE_LATE,PLAC1,0.010526315789473684,0.0,6.913956530558507e-20,0.010416666666666666,0.0,0.0,0.0,0.22347593512403333
HALLMARK_ESTROGEN_RESPONSE_LATE,NAB2,0.010526315789473684,0.0,0.014206126313617074,0.00546838453680811,0.0,0.0,0.03409893202930314,0.04165630991826709
HALLMARK_ESTROGEN_RESPONSE_LATE,EGR3,0.021052631578947368,0.010750279955207168,0.07045540841822183,0.00919042042277854,0.11111111111111112,0.08979555476370764,0.1691139533545398,0.17841875636529295
HALLMARK_ESTROGEN_RESPONSE_LATE,RPS6KA2,0.010526315789473684,0.0,0.0675909862761854,0.004542250884020802,0.0,0.0,0.1622384875330859,0.007626464969824577
HALLMARK_ESTROGEN_RESPONSE_LATE,ZFP36,0.010526315789473684,0.0,0.0675909862761854,0.004542250884020802,0.0,0.0,0.1622384875330859,0.007626464969824577
HALLMARK_ESTROGEN_RESPONSE_LATE,ACOX2,0.010526315789473684,0.0,6.913956530558507e-20,0.010416666666666666,0.0,0.0,0.0,0.22347593512403333
HALLMARK_ESTROGEN_RESPONSE_LATE,ETFB,0.010526315789473684,0.0,6.913956530558507e-20,0.010416666666666666,0.0,0.0,0.0,0.22347593512403333
HALLMARK_ESTROGEN_RESPONSE_LATE,KLK10,0.010526315789473684,0.0,6.913956530558507e-20,0.010416666666666666,0.0,0.0,0.0,0.22347593512403333
HALLMARK_ESTROGEN_RESPONSE_LATE,KLK11,0.010526315789473684,0.0,6.913956530558507e-20,0.010416666666666666,0.0,0.0,0.0,0.22347593512403333
HALLMARK_ESTROGEN_RESPONSE_LATE,UGDH,0.010526315789473684,0.0,6.913956530558507e-20,0.010416666666666666,0.0,0.0,0.0,0.22347593512403333
HALLMARK_ESTROGEN_RESPONSE_LATE,GALE,0.010526315789473684,0.0,6.913956530558507e-20,0.010416666666666666,0.0,0.0,0.0,0.22347593512403333
HALLMARK_ESTROGEN_RESPONSE_LATE,NCOR2,0.021052631578947368,0.010750279955207168,0.025870260466123708,0.00950384609109252,0.11111111111111112,0.08979555476370764,0.062096326172262045,0.18993526574111214
HALLMARK_ESTROGEN_RESPONSE_LATE,NRIP1,0.010526315789473684,0.0,0.005216299506854296,0.005601578873552671,0.0,0.0,0.012520671603364333,0.046550401190932435
HALLMARK_ESTROGEN_RESPONSE_LATE,PKP3,0.021052631578947368,0.00022396416573348266,1.2869279456038457e-16,0.01519275105160379,0.11111111111111112,0.001870740724243909,3.087350606501131e-16,0.39896832824778655
HALLMARK_ESTROGEN_RESPONSE_LATE,PERP,0.010526315789473684,0.0,9.099954772349517e-17,0.0080286244741981,0.0,0.0,2.1826004772397633e-16,0.13572973856215662
HALLMARK_ESTROGEN_RESPONSE_LATE,SFN,0.010526315789473684,0.0,9.099954772349517e-17,0.0080286244741981,0.0,0.0,2.1826004772397633e-16,0.13572973856215662
HALLMARK_ESTROGEN_RESPONSE_LATE,CXCL14,0.010526315789473684,0.0,0.05156720422976608,0.004382266981854677,0.0,0.0,0.1237766406656902,0.0017480181942700918
HALLMARK_ESTROGEN_RESPONSE_LATE,ADD3,0.010526315789473684,0.0,0.03448822644768859,0.00483378914342193,0.0,0.0,0.08278200992227554,0.018338743628634555
HALLMARK_ESTROGEN_RESPONSE_LATE,FLNB,0.010526315789473684,0.0,0.03448822644768859,0.00483378914342193,0.0,0.0,0.08278200992227554,0.018338743628634555
HALLMARK_ESTROGEN_RESPONSE_LATE,FGFR3,0.031578947368421054,0.010750279955207168,0.12706929207157275,0.010756097008481917,0.22222222222222227,0.08979555476370764,0.30500412693127776,0.23594795994248852
HALLMARK_ESTROGEN_RESPONSE_LATE,JAK1,0.05263157894736842,0.001007838745800672,0.1879652173459185,0.015784806632248904,0.4444444444444445,0.00841833325909759,0.45117247507563113,0.42072281211690943
HALLMARK_ESTROGEN_RESPONSE_LATE,AREG,0.010526315789473684,0.0,0.025621331130967165,0.004610046427703104,0.0,0.0,0.061498821666655455,0.01011754369562263
HALLMARK_ESTROGEN_RESPONSE_LATE,MAPT,0.010526315789473684,0.0,0.006862012798931805,0.005181862569090096,0.0,0.0,0.016470873399928785,0.031128349826954137
HALLMARK_ESTROGEN_RESPONSE_LATE,PTGES,0.010526315789473684,0.0,6.913956530558507e-20,0.010416666666666666,0.0,0.0,0.0,0.22347593512403333
HALLMARK_ESTROGEN_RESPONSE_LATE,PTGER3,0.010526315789473684,0.0,6.913956530558507e-20,0.010416666666666666,0.0,0.0,0.0,0.22347593512403333
HALLMARK_ESTROGEN_RESPONSE_LATE,FDFT1,0.021052631578947368,0.0,4.437707274808609e-12,0.010246992461659941,0.11111111111111112,0.0,1.0651818309331157e-11,0.2172414279654266
HALLMARK_ESTROGEN_RESPONSE_LATE,HMGCS2,0.021052631578947368,0.0,4.437707274808609e-12,0.010246992461659941,0.11111111111111112,0.0,1.0651818309331157e-11,0.2172414279654266
HALLMARK_ESTROGEN_RESPONSE_LATE,PLXNB1,0.010526315789473684,0.0,6.913956530558507e-20,0.010416666666666666,0.0,0.0,0.0,0.22347593512403333
HALLMARK_ESTROGEN_RESPONSE_LATE,SEMA3B,0.010526315789473684,0.0,6.913956530558507e-20,0.010416666666666666,0.0,0.0,0.0,0.22347593512403333
HALLMARK_ESTROGEN_RESPONSE_LATE,SCNN1A,0.010526315789473684,0.0,0.0014422460558707608,0.0058940555531471085,0.0,0.0,0.0034618198615851917,0.05729716115120328
HALLMARK_ESTROGEN_RESPONSE_LATE,SGK1,0.021052631578947368,0.010750279955207168,0.007152817917333995,0.010191791077611125,0.11111111111111112,0.08979555476370764,0.017168892250899067,0.21521310890535666
HALLMARK_ESTROGEN_RESPONSE_LATE,DLG5,0.010526315789473684,0.0,9.099954772349517e-17,0.0080286244741981,0.0,0.0,2.1826004772397633e-16,0.13572973856215662
HALLMARK_ESTROGEN_RESPONSE_LATE,DNAJC1,0.010526315789473684,0.0,6.913956530558507e-20,0.010416666666666666,0.0,0.0,0.0,0.22347593512403333
HALLMARK_ESTROGEN_RESPONSE_LATE,SERPINA3,0.010526315789473684,0.0,6.913956530558507e-20,0.010416666666666666,0.0,0.0,0.0,0.22347593512403333
HALLMARK_ESTROGEN_RESPONSE_LATE,IL6ST,0.021052631578947368,0.0,0.12190319376125096,0.006837555090474441,0.11111111111111112,0.0,0.2926039531434728,0.09196509797387047
HALLMARK_ESTROGEN_RESPONSE_LATE,CISH,0.031578947368421054,0.00011198208286674133,0.14472490398881746,0.009780826067103713,0.22222222222222227,0.0009353703621219545,0.347382851251419,0.2001126149920726
HALLMARK_ESTROGEN_RESPONSE_LATE,PRLR,0.021052631578947368,0.0,0.11318453200563867,0.006925364773311505,0.11111111111111112,0.0,0.2716765695606493,0.09519157601289217
HALLMARK_ESTROGEN_RESPONSE_LATE,PTPN6,0.021052631578947368,0.0,0.12190319376125096,0.006837555090474441,0.11111111111111112,0.0,0.2926039531434728,0.09196509797387047
HALLMARK_ESTROGEN_RESPONSE_LATE,MOCS2,0.010526315789473684,0.0,6.913956530558507e-20,0.010416666666666666,0.0,0.0,0.0,0.22347593512403333
HALLMARK_ESTROGEN_RESPONSE_LATE,TST,0.010526315789473684,0.0,6.913956530558507e-20,0.010416666666666666,0.0,0.0,0.0,0.22347593512403333
HALLMARK_ESTROGEN_RESPONSE_LATE,XRCC3,0.010526315789473684,0.0,2.1158049279947346e-06,0.005548412321151748,0.0,0.0,5.0785616595425855e-06,0.04459684996298442
HALLMARK_FATTY_ACID_METABOLISM,INMT,0.009345794392523364,0.0,0.0005168934056451512,0.0026611012512772923,0.0,0.0,0.0019511902090004077,0.022237319587740004
HALLMARK_FATTY_ACID_METABOLISM,MAOA,0.06542056074766354,0.0325200454970977,0.009277265589425864,0.010477183474413659,0.1935483870967742,0.24421100087237774,0.035020198723159986,0.3587908670866688
HALLMARK_FATTY_ACID_METABOLISM,HSD17B10,0.06542056074766354,1.8085717256939264e-05,0.08066400701169259,0.005696600208733619,0.1935483870967742,0.00013581564986451662,0.3044937679239887,0.15294320437707443
HALLMARK_FATTY_ACID_METABOLISM,HADHB,0.2897196261682243,0.049540760134398676,0.25832579439584186,0.022006411549047217,0.967741935483871,0.3720289572620564,0.97513869446314,0.8552291718113032
HALLMARK_FATTY_ACID_METABOLISM,ACAA2,0.29906542056074764,0.04733476008590095,0.2649118488094275,0.02250174266431712,1.0,0.35546288327497594,1.0,0.8765576889982413
HALLMARK_FATTY_ACID_METABOLISM,HADH,0.1588785046728972,0.015530948454486944,0.14812979164987583,0.012698802318038646,0.5161290322580645,0.116630478481528,0.5591663502995579,0.45445179818578274
HALLMARK_FATTY_ACID_METABOLISM,ACAA1,0.2803738317757009,0.03874887561529963,0.2556203453347473,0.021218639500068588,0.9354838709677419,0.29098672993972674,0.9649260555296479,0.8213084081684316
HALLMARK_FATTY_ACID_METABOLISM,ECHS1,0.18691588785046728,0.01047586530164594,0.18593066613901488,0.0142684720862438,0.6129032258064516,0.07866906430212373,0.701858625707489,0.5220403820580853
HALLMARK_FATTY_ACID_METABOLISM,EHHADH,0.21495327102803738,0.031658688937779615,0.18824053018554662,0.01723084545171553,0.7096774193548387,0.23774259825351207,0.7105779942707027,0.6495975439076169
HALLMARK_FATTY_ACID_METABOLISM,ECI1,0.14018691588785046,0.0015441684911037725,0.14660467049930404,0.011071785037346678,0.45161290322580644,0.011596014918296984,0.5534092610737417,0.38439388144099
HALLMARK_FATTY_ACID_METABOLISM,DLD,0.1588785046728972,0.013059258273664477,0.10682841546231955,0.013671414940782984,0.5161290322580645,0.09806919039972155,0.40326023899055524,0.49633163250455403
HALLMARK_FATTY_ACID_METABOLISM,ACO2,0.14018691588785046,0.005753791331920904,0.12006597940822238,0.011412368899227036,0.45161290322580644,0.04320840018826601,0.45322993270337086,0.39905911955701434
HALLMARK_FATTY_ACID_METABOLISM,DLST,0.23364485981308408,0.05395961422760057,0.18892710609251412,0.01872661235202064,0.7741935483870968,0.40521257568307456,0.7131697088733266,0.7140039360306463
HALLMARK_FATTY_ACID_METABOLISM,MDH2,0.19626168224299065,0.04745369193322259,0.1170808922278015,0.017600259376306583,0.6451612903225806,0.35635600826991515,0.4419617044461732,0.6655041788773206
HALLMARK_FATTY_ACID_METABOLISM,PDHA1,0.11214953271028036,0.0025573993288825272,0.0868773037226167,0.009620908475148446,0.3548387096774193,0.01920492546028226,0.3279479725541253,0.32192042734330195
HALLMARK_FATTY_ACID_METABOLISM,SUCLA2,0.21495327102803738,0.05153933616657946,0.1854184953264645,0.01707862701010098,0.7096774193548387,0.3870373696328808,0.699925262534599,0.6430431532221542
HALLMARK_FATTY_ACID_METABOLISM,SUCLG2,0.18691588785046728,0.03453664502240329,0.16645906375378566,0.015021178604000868,0.6129032258064516,0.2593547616176569,0.6283564306462303,0.5544512551201467
HALLMARK_FATTY_ACID_METABOLISM,IDH3B,0.11214953271028036,0.0011050668536242744,0.08496129750694315,0.009625468552966658,0.3548387096774193,0.008298557958000344,0.3207153545180332,0.3221167802376008
HALLMARK_FATTY_ACID_METABOLISM,AADAT,0.02803738317757009,0.0,0.022426086357749914,0.0034649184435775983,0.06451612903225805,0.0,0.08465490108705108,0.05684897282860647
HALLMARK_FATTY_ACID_METABOLISM,GCDH,0.09345794392523364,0.0035704384283451068,0.10486171437135404,0.007721600486218722,0.2903225806451613,0.026812396133245736,0.3958362558814406,0.24013791492612133
HALLMARK_FATTY_ACID_METABOLISM,IDH3G,0.14953271028037382,0.006331918418471988,0.10648797194613678,0.012685881397136075,0.4838709677419355,0.047549876108115875,0.40197511898662636,0.45389543482590905
HALLMARK_FATTY_ACID_METABOLISM,GLUL,0.02803738317757009,0.001691193715760069,0.012961131923837006,0.00379424825674546,0.06451612903225805,0.012700108615521509,0.048926206895188736,0.07102962161844578
HALLMARK_FATTY_ACID_METABOLISM,BCKDHB,0.09345794392523364,0.002904393582683624,0.0668679142955262,0.008389966783598046,0.2903225806451613,0.021810697153476614,0.2524157171377778,0.2689171731260783
HALLMARK_FATTY_ACID_METABOLISM,IDH1,0.18691588785046728,0.08763829232927757,0.11307896273992579,0.017847380070009473,0.6129032258064516,0.6581243893520682,0.4268550585718521,0.6761449761145751
HALLMARK_FATTY_ACID_METABOLISM,SUCLG1,0.2523364485981308,0.06522027898316889,0.20388022169154427,0.019987413535936447,0.8387096774193548,0.48977513297381,0.7696153366028252,0.7682929134267216
HALLMARK_FATTY_ACID_METABOLISM,FH,0.18691588785046728,0.04468120357041039,0.10673865627683335,0.017782782119359176,0.6129032258064516,0.33553586033839355,0.4029214123737406,0.6733634458246093
HALLMARK_FATTY_ACID_METABOLISM,PDHB,0.12149532710280372,0.01989058259747343,0.08128213701473962,0.011173120993083041,0.3870967741935484,0.14936938155566848,0.306827110150186,0.38875731754857257
HALLMARK_FATTY_ACID_METABOLISM,SDHA,0.19626168224299065,0.04636064079396133,0.14894340535723222,0.016795684080463603,0.6451612903225806,0.3481476829541493,0.5622376123477182,0.6308598823723002
HALLMARK_FATTY_ACID_METABOLISM,HMGCL,0.1588785046728972,0.010271171471473857,0.164671848086978,0.012327472961549582,0.5161290322580645,0.07713190516305715,0.621609976401772,0.4384626864224803
HALLMARK_FATTY_ACID_METABOLISM,HIBCH,0.09345794392523364,0.0009180231160553328,0.10964473563353747,0.007608884145197913,0.2903225806451613,0.006893943122430751,0.41389139869094266,0.23528444955195207
HALLMARK_FATTY_ACID_METABOLISM,APEX1,0.009345794392523364,0.0,5.513828994500079e-26,0.009259259259259259,0.0,0.0,0.0,0.3063481338229721
HALLMARK_FATTY_ACID_METABOLISM,NTHL1,0.009345794392523364,0.0,5.513828994500079e-26,0.009259259259259259,0.0,0.0,0.0,0.3063481338229721
HALLMARK_FATTY_ACID_METABOLISM,ACOT8,0.04672897196261682,0.0009390851474689741,0.03093765385238294,0.005460784721040789,0.12903225806451613,0.007052109560801504,0.11678471156131222,0.1427891992537295
HALLMARK_FATTY_ACID_METABOLISM,PPARA,0.1308411214953271,0.0967140152078502,0.06935954447082451,0.01558670163985376,0.4193548387096774,0.7262790101078836,0.26182122386198153,0.5788021739660696
HALLMARK_FATTY_ACID_METABOLISM,ACOT2,0.02803738317757009,0.0,0.01741095254818973,0.00393742546497574,0.06451612903225805,0.0,0.0657235704119631,0.0771947048372809
HALLMARK_FATTY_ACID_METABOLISM,HSD17B4,0.1308411214953271,0.013573245098684157,0.10817583480824207,0.011548867709452501,0.4193548387096774,0.10192900163474808,0.40834653223103545,0.4049366368987305
HALLMARK_FATTY_ACID_METABOLISM,ACOX1,0.29906542056074764,0.13316372063882723,0.21219729934202355,0.02536855319052852,1.0,1.0,0.8010109789187808,1.0
HALLMARK_FATTY_ACID_METABOLISM,ADSL,0.04672897196261682,0.0,0.03300339788738364,0.0049692936897176194,0.12903225806451613,0.0,0.12458256599585191,0.12162603266547621
HALLMARK_FATTY_ACID_METABOLISM,IL4I1,0.04672897196261682,0.01648163453710276,0.022999977126897674,0.005519032482282019,0.12903225806451613,0.12376970587811231,0.08682124725739776,0.1452972960367416
HALLMARK_FATTY_ACID_METABOLISM,DECR1,0.037383177570093455,1.95928603616842e-05,0.03817827469265336,0.00396627833617928,0.0967741935483871,0.00014713362068655966,0.14411690101531882,0.07843708380437224
HALLMARK_FATTY_ACID_METABOLISM,ACADM,0.205607476635514,0.033599182798877684,0.1721215330960936,0.01670645986778992,0.6774193548387097,0.25231483949000594,0.64973134976652,0.6270179671466339
HALLMARK_FATTY_ACID_METABOLISM,ECH1,0.05607476635514018,7.541196044105584e-05,0.0569603814678826,0.00525639660646688,0.16129032258064516,0.0005663101036774996,0.21501636006043207,0.13398842885972714
HALLMARK_FATTY_ACID_METABOLISM,ECI2,0.14018691588785046,0.0008685530656964267,0.14476938498186717,0.011035065019314312,0.45161290322580644,0.006522445163965915,0.5464813508059109,0.3828127501299048
HALLMARK_FATTY_ACID_METABOLISM,ACADVL,0.14953271028037382,0.005882439120165888,0.14414715331749248,0.011945663000316228,0.4838709677419355,0.04417448755521416,0.5441325254620423,0.4220222891422236
HALLMARK_FATTY_ACID_METABOLISM,ACAT2,0.205607476635514,0.018692058830443246,0.20340292516246308,0.015984148942423167,0.6774193548387097,0.1403690039657326,0.7678136182907669,0.5959159012535928
HALLMARK_FATTY_ACID_METABOLISM,ACSM3,0.02803738317757009,0.0,0.029132584589807924,0.003296955122025277,0.06451612903225805,0.0,0.10997086283885078,0.049616621619351445
HALLMARK_FATTY_ACID_METABOLISM,ALDH3A2,0.08411214953271028,0.026824937183070635,0.050906722296569444,0.009465240186076267,0.25806451612903225,0.2014432839093349,0.1921647616947129,0.31521748929522864
HALLMARK_FATTY_ACID_METABOLISM,HMGCS2,0.14018691588785046,0.03345294652429368,0.13816483115239145,0.0117867257002128,0.45161290322580644,0.25121667045505813,0.5215502129230338,0.41517859038719107
HALLMARK_FATTY_ACID_METABOLISM,ALDH9A1,0.102803738317757,0.043753552090433634,0.07488963449058866,0.010714082722847995,0.3225806451612903,0.3285696125080797,0.2826964321420853,0.36899153798345125
HALLMARK_FATTY_ACID_METABOLISM,HSDL2,0.19626168224299065,0.011917718904538636,0.1751424922505643,0.015572621765812202,0.6451612903225806,0.0894967401583981,0.6611349890074508,0.5781959071150125
HALLMARK_FATTY_ACID_METABOLISM,HMGCS1,0.17757009345794392,0.09772982520070653,0.14997873240821902,0.015927984625825346,0.5806451612903226,0.7339072889512742,0.5661458069250457,0.5934975157435355
HALLMARK_FATTY_ACID_METABOLISM,ACADS,0.17757009345794392,0.010002629543317498,0.15949298241430312,0.014328426671199676,0.5806451612903226,0.07511527535676996,0.6020605840437108,0.5246219731518942
HALLMARK_FATTY_ACID_METABOLISM,ACSS1,0.14018691588785046,0.020687649333281814,0.14011167668816926,0.011633677686496181,0.45161290322580644,0.155354996346128,0.5288992444764633,0.4085884790649839
HALLMARK_FATTY_ACID_METABOLISM,ODC1,0.009345794392523364,0.0,5.513828994500079e-26,0.009259259259259259,0.0,0.0,0.0,0.3063481338229721
HALLMARK_FATTY_ACID_METABOLISM,SMS,0.009345794392523364,0.0,5.513828994500079e-26,0.009259259259259259,0.0,0.0,0.0,0.3063481338229721
HALLMARK_FATTY_ACID_METABOLISM,ETFDH,0.05607476635514018,3.218827059419547e-05,0.06339612071744646,0.005184463956167635,0.16129032258064516,0.000241719519699348,0.23931024981465598,0.13089107292767857
HALLMARK_FATTY_ACID_METABOLISM,CPT2,0.11214953271028036,0.0032899816446862492,0.10784518749643518,0.009568566235379574,0.3548387096774193,0.024706291089669152,0.4070983913370253,0.3196666170614566
HALLMARK_FATTY_ACID_METABOLISM,MCEE,0.02803738317757009,0.08464115676247576,0.007460950671120541,0.006021877658365541,0.06451612903225805,0.6356172413659378,0.028163899442972092,0.16694936199795715
HALLMARK_FATTY_ACID_METABOLISM,SDHC,0.09345794392523364,0.05577997923216003,0.06707294708194736,0.010021842985671471,0.2903225806451613,0.41888270292063295,0.25318968322250607,0.339184310703158
HALLMARK_FATTY_ACID_METABOLISM,CBR1,0.02803738317757009,0.0689472756127667,0.00041831900181923997,0.01048241261564951,0.06451612903225805,0.5177632111960034,0.001579087548175962,0.35901602925654585
HALLMARK_FATTY_ACID_METABOLISM,SDHD,0.08411214953271028,0.048183741844471877,0.06641434064762734,0.008632164810013429,0.25806451612903225,0.3618383566734219,0.25070354892054886,0.27934600468903853
HALLMARK_FATTY_ACID_METABOLISM,UROD,0.02803738317757009,0.0,0.00022751434979040614,0.007389674995865606,0.06451612903225805,0.0,0.0008588304026902006,0.2258454985857471
HALLMARK_FATTY_ACID_METABOLISM,CPOX,0.02803738317757009,0.0,0.00022751434979040614,0.007389674995865606,0.06451612903225805,0.0,0.0008588304026902006,0.2258454985857471
HALLMARK_FATTY_ACID_METABOLISM,UROS,0.02803738317757009,0.0,0.00022751434979040614,0.007389674995865606,0.06451612903225805,0.0,0.0008588304026902006,0.2258454985857471
HALLMARK_FATTY_ACID_METABOLISM,ALAD,0.037383177570093455,0.051842708517016396,0.0036284624223732144,0.008529014229955535,0.0967741935483871,0.38931556033663683,0.013696867235951612,0.2749044324724241
HALLMARK_FATTY_ACID_METABOLISM,HSD17B7,0.037383177570093455,0.0,0.01147346075805868,0.005499273624054636,0.0967741935483871,0.0,0.04331048539211422,0.14444649717855282
HALLMARK_FATTY_ACID_METABOLISM,NSDHL,0.05607476635514018,0.01990599498270103,0.01491827574636334,0.008525199198182664,0.16129032258064516,0.14948512167732972,0.05631411283945726,0.27474016059805967
HALLMARK_FATTY_ACID_METABOLISM,DHCR24,0.04672897196261682,0.01202865493995806,0.011528155284441715,0.007077763644155775,0.12903225806451613,0.09032982018114928,0.04351694851042639,0.21241487325117808
HALLMARK_FATTY_ACID_METABOLISM,IDI1,0.05607476635514018,0.0016807405451383583,0.02950006316124939,0.006966407602325901,0.16129032258064516,0.012621609978118141,0.11135803586675797,0.20761998115007574
HALLMARK_FATTY_ACID_METABOLISM,MLYCD,0.037383177570093455,0.0009422257438480327,0.03455265868106046,0.0041974525817662185,0.0967741935483871,0.007075694035341509,0.1304307785263202,0.08839124117139299
HALLMARK_FATTY_ACID_METABOLISM,FASN,0.1308411214953271,0.0869986861462707,0.06444171789394217,0.014130798607555138,0.4193548387096774,0.653321232907216,0.2432572124786321,0.5161122845373054
HALLMARK_FATTY_ACID_METABOLISM,GPD2,0.037383177570093455,0.019495246666038503,0.01247890668110846,0.0067116236084871946,0.0967741935483871,0.14640058547864104,0.04710588347479144,0.1966492090260904
HALLMARK_FATTY_ACID_METABOLISM,LDHA,0.08411214953271028,0.013769892281110276,0.047281393881248523,0.00854115493382372,0.25806451612903225,0.10340573404717049,0.1784797248357957,0.2754272003808625
HALLMARK_FATTY_ACID_METABOLISM,MGLL,0.037383177570093455,0.006053106066331248,0.007072512768572611,0.0056635241439653965,0.0967741935483871,0.04545612000995947,0.026697608281237892,0.1515189784519558
HALLMARK_FATTY_ACID_METABOLISM,ACSL4,0.05607476635514018,0.003462168328199566,0.025825839484043465,0.006614311364813009,0.16129032258064516,0.025999336092371723,0.0974884271885554,0.19245903038049197
HALLMARK_FATTY_ACID_METABOLISM,ACSL1,0.08411214953271028,0.014605780457896275,0.06414543879677972,0.008617530878819996,0.25806451612903225,0.1096828805009943,0.24213880611631203,0.2787158806298997
HALLMARK_FATTY_ACID_METABOLISM,CEL,0.018691588785046728,0.0007714688767413155,0.0010363594265357507,0.003795589064843837,0.03225806451612903,0.005793386314533287,0.0039120916304551095,0.07108735562240603
HALLMARK_FATTY_ACID_METABOLISM,ACSL5,0.05607476635514018,0.006478411826343842,0.035931128295093526,0.006428011529722623,0.16129032258064516,0.04864997609908249,0.13563428157923466,0.18443712521008104
HALLMARK_FATTY_ACID_METABOLISM,CPT1A,0.11214953271028036,0.009706027844102268,0.07973818972232022,0.01080913653006279,0.3548387096774193,0.07288792921630212,0.3009989552399461,0.37308447036416786
HALLMARK_FATTY_ACID_METABOLISM,CD36,0.02803738317757009,0.0,0.011897558032894532,0.003958858156593534,0.06451612903225805,0.0,0.04491138499982086,0.07811757747225234
HALLMARK_FATTY_ACID_METABOLISM,PTS,0.02803738317757009,0.03509081290777641,2.3454117924482587e-05,0.01295824213892691,0.06451612903225805,0.2635163146496284,8.853555637428294e-05,0.4656230460807921
HALLMARK_FATTY_ACID_METABOLISM,PTPRG,0.009345794392523364,0.0,1.3068765636412024e-06,0.005067275827134221,0.0,0.0,4.933250700240835e-06,0.12584505633969909
HALLMARK_FATTY_ACID_METABOLISM,PCBD1,0.009345794392523364,0.0,1.3068765636412024e-06,0.005067275827134221,0.0,0.0,4.933250700240835e-06,0.12584505633969909
HALLMARK_FATTY_ACID_METABOLISM,AUH,0.07476635514018691,0.00037847918414685237,0.08663604007402131,0.006453155197236093,0.22580645161290322,0.0028422094421151015,0.32703724074020424,0.18551978916591086
HALLMARK_FATTY_ACID_METABOLISM,UBE2L6,0.009345794392523364,0.0,5.513828994500079e-26,0.009259259259259259,0.0,0.0,0.0,0.3063481338229721
HALLMARK_FATTY_ACID_METABOLISM,PSME1,0.009345794392523364,0.0,5.513828994500079e-26,0.009259259259259259,0.0,0.0,0.0,0.3063481338229721
HALLMARK_FATTY_ACID_METABOLISM,CBR3,0.009345794392523364,0.0,2.3308473796798837e-05,0.004355097700086594,0.0,0.0,8.798577300921903e-05,0.09517929972834621
HALLMARK_FATTY_ACID_METABOLISM,CRAT,0.018691588785046728,0.0,0.01784993521272475,0.0027638917931931033,0.03225806451612903,0.0,0.06738065999292335,0.026663388882239028
HALLMARK_FATTY_ACID_METABOLISM,RETSAT,0.04672897196261682,0.014593634078269661,0.00725459904078756,0.00822602202757941,0.12903225806451613,0.10959166662105504,0.0273849549327119,0.2618578577738689
HALLMARK_FATTY_ACID_METABOLISM,RDH16,0.018691588785046728,0.00011755716217010521,0.0011528516926019453,0.004064778260735321,0.03225806451612903,0.000882801724119358,0.004351831364973353,0.08267840293220637
HALLMARK_FATTY_ACID_METABOLISM,RDH11,0.018691588785046728,0.00011755716217010521,0.0011528516926019453,0.004064778260735321,0.03225806451612903,0.000882801724119358,0.004351831364973353,0.08267840293220637
HALLMARK_FATTY_ACID_METABOLISM,ADH1C,0.04672897196261682,0.011258678496348934,0.008678608072325575,0.007058800299746166,0.12903225806451613,0.08454764137212147,0.032760362027327815,0.21159832851030957
HALLMARK_FATTY_ACID_METABOLISM,H2AZ1,0.009345794392523364,0.0,0.005947285011242342,0.002144664209945883,0.0,0.0,0.022450052868419283,0.0
HALLMARK_FATTY_ACID_METABOLISM,ALDH1A1,0.04672897196261682,0.028112993291788454,0.013436042902791184,0.007514848889628818,0.12903225806451613,0.2111160093524107,0.050718920135795126,0.23123537509901623
HALLMARK_FATTY_ACID_METABOLISM,GPD1,0.009345794392523364,0.0,0.0006953032783390163,0.002815175514915727,0.0,0.0,0.0026246590383324237,0.02887162031864925
HALLMARK_FATTY_ACID_METABOLISM,ALDOA,0.018691588785046728,0.00043132286175480314,0.0047307945493601095,0.0035041575175861475,0.03225806451612903,0.0032390418327575637,0.01785799529398684,0.05853857244912467
HALLMARK_FATTY_ACID_METABOLISM,ME1,0.05607476635514018,0.00020300906751060784,0.037294307863877656,0.005781959245189145,0.16129032258064516,0.0015245073247932023,0.14078006714870073,0.15661868855316974
HALLMARK_FATTY_ACID_METABOLISM,AOC3,0.037383177570093455,0.005530628168507161,0.007578079526854234,0.006061264325361873,0.0967741935483871,0.04153254461481731,0.0286060422020072,0.16864531684123352
HALLMARK_FATTY_ACID_METABOLISM,GRHPR,0.018691588785046728,0.0,0.0009391110958673397,0.003949103475817051,0.03225806451612903,0.0,0.0035449946844126187,0.07769754959558454
HALLMARK_FATTY_ACID_METABOLISM,D2HGDH,0.009345794392523364,0.0,0.006300513744055376,0.0021473829463062193,0.0,0.0,0.023783435027052508,0.00011706636914298118
HALLMARK_FATTY_ACID_METABOLISM,UGDH,0.009345794392523364,0.0,0.0008311929397665005,0.0025966179622130678,0.0,0.0,0.0031376208482257993,0.0194607265236697
HALLMARK_FATTY_ACID_METABOLISM,ENO3,0.02803738317757009,0.0004958727452671712,0.003623818781515938,0.004887371184479381,0.06451612903225805,0.003723782595502119,0.013679338231952184,0.11809852246652834
HALLMARK_FATTY_ACID_METABOLISM,ENO2,0.02803738317757009,0.0038783154342528748,0.013025948057422458,0.0042445165360483934,0.06451612903225805,0.029124414785404056,0.0491708774672177,0.09041777317563762
HALLMARK_FATTY_ACID_METABOLISM,HSP90AA1,0.02803738317757009,0.05219538000352671,0.0038886141242545124,0.00916035654690012,0.06451612903225805,0.3919639655089949,0.014678898440106796,0.30208947101064854
HALLMARK_FATTY_ACID_METABOLISM,GABARAPL1,0.018691588785046728,0.01763357432551578,0.0002173313826627285,0.008087199352149804,0.03225806451612903,0.13242025861790369,0.0008203913250368523,0.25588027686372605
HALLMARK_FATTY_ACID_METABOLISM,HSPH1,0.009345794392523364,0.0,0.00021665675222052165,0.003984391238213236,0.0,0.0,0.0008178447026594887,0.07921700925308155
HALLMARK_FATTY_ACID_METABOLISM,ADIPOR2,0.009345794392523364,0.0,0.0038644343660368882,0.002335264012639348,0.0,0.0,0.014587623707299286,0.008207057950234976
HALLMARK_FATTY_ACID_METABOLISM,TP53INP2,0.009345794392523364,0.0,1.2108672220468575e-05,0.004826691031102767,0.0,0.0,4.570830740447296e-05,0.11548568904197365
HALLMARK_G2M_CHECKPOINT,KIF22,0.1,0.000301019150189199,0.06618961163984313,0.004457157316550172,0.21333333333333335,0.002138091450826893,0.3372408665903845,0.16837388992327165
HALLMARK_G2M_CHECKPOINT,RACGAP1,0.21764705882352942,0.004411109844634739,0.13830666701886726,0.008938814863444215,0.48,0.031331416096098894,0.7046824884615875,0.3926879085120587
HALLMARK_G2M_CHECKPOINT,UBE2C,0.2647058823529412,0.005221253069960772,0.1558652917337949,0.010842545464950712,0.5866666666666668,0.03708573539082219,0.7941449534661884,0.48797262338955333
HALLMARK_G2M_CHECKPOINT,INCENP,0.13529411764705881,0.0006491736033492946,0.08888952832264703,0.0057917222183419305,0.2933333333333333,0.004610977509408365,0.45289858664611304,0.23517096512504118
HALLMARK_G2M_CHECKPOINT,CCNA2,0.37058823529411766,0.04626080120644329,0.18016837483894496,0.016186203742360742,0.8266666666666668,0.32858315992763654,0.9179709225894969,0.7554311361449052
HALLMARK_G2M_CHECKPOINT,TPX2,0.21764705882352942,0.0013608691223167052,0.14500977627277029,0.00880364379654261,0.48,0.009666038304509331,0.738835315735098,0.3859223837265591
HALLMARK_G2M_CHECKPOINT,KIF23,0.24705882352941178,0.005878407890387383,0.1499826399664856,0.01010053577954071,0.5466666666666667,0.04175340222378182,0.764172416527134,0.45083387000990915
HALLMARK_G2M_CHECKPOINT,TACC3,0.12352941176470589,0.0002589378324275497,0.0857535382125112,0.005305773527060729,0.26666666666666666,0.0018391945012834461,0.43692048983968795,0.21084846778367408
HALLMARK_G2M_CHECKPOINT,KIF4A,0.22352941176470587,0.002396149487358165,0.14520567543163307,0.008995754961641254,0.4933333333333333,0.017019471122032163,0.7398334361419482,0.3955378501043764
HALLMARK_G2M_CHECKPOINT,AURKA,0.28823529411764703,0.03599281413549511,0.16357370113600603,0.012343642957026557,0.64,0.25565127051197406,0.833419857827016,0.5631049170148082
HALLMARK_G2M_CHECKPOINT,CDC20,0.38235294117647056,0.03694643522023081,0.19015070868655645,0.01642547728296614,0.8533333333333334,0.2624246903668907,0.9688316367402443,0.7674071536950103
HALLMARK_G2M_CHECKPOINT,KIF20B,0.07647058823529412,6.918249279634463e-05,0.046784975170956346,0.0035796297439627226,0.16,0.0004913923127541442,0.23837283796004893,0.12445225285709886
HALLMARK_G2M_CHECKPOINT,KIF2C,0.2529411764705882,0.0025684567507898797,0.16014434989987886,0.010062337737467359,0.5599999999999999,0.01824334238280468,0.8159470648303252,0.4489219978443004
HALLMARK_G2M_CHECKPOINT,BIRC5,0.2647058823529412,0.00927286984372043,0.1612647797027476,0.010894790041991467,0.5866666666666668,0.06586372901866147,0.821655735848508,0.4905875467528088
HALLMARK_G2M_CHECKPOINT,KIF15,0.21764705882352942,0.0021497129886979345,0.13915068186458718,0.00880602889962065,0.48,0.015269071618791331,0.7089828052474682,0.38604176189202255
HALLMARK_G2M_CHECKPOINT,PLK1,0.3764705882352941,0.05254235528509913,0.17796180618494367,0.01715740051648272,0.8400000000000001,0.3732000458135989,0.9067282954365278,0.804041064271776
HALLMARK_G2M_CHECKPOINT,PBK,0.20588235294117646,0.0006649562267856291,0.1399840968590825,0.008277299391702003,0.4533333333333333,0.0047230789893960585,0.7132291150234247,0.3595780173004933
HALLMARK_G2M_CHECKPOINT,KIF11,0.29411764705882354,0.018833760975383633,0.16995776001911633,0.012703622008295098,0.6533333333333334,0.13377322772679132,0.8659471003468707,0.5811224354782141
HALLMARK_G2M_CHECKPOINT,CDC6,0.2529411764705882,0.01735033525317481,0.12057628896772017,0.011322632186355843,0.5599999999999999,0.12323668926205279,0.6143449277658138,0.5120017199063396
HALLMARK_G2M_CHECKPOINT,POLA2,0.07647058823529412,0.0001124603140614058,0.02437160312858044,0.0040973049496611695,0.16,0.0007987878375873075,0.12417508360680228,0.15036271221258274
HALLMARK_G2M_CHECKPOINT,CDK1,0.44705882352941173,0.1407887160639372,0.1962680629694777,0.02107254076813893,1.0,1.0,1.0,1.0
HALLMARK_G2M_CHECKPOINT,MCM5,0.18235294117647058,0.007761558572124324,0.0876011141788257,0.008437996188235253,0.39999999999999997,0.05512912390364809,0.44633402324069693,0.36762114505569177
HALLMARK_G2M_CHECKPOINT,DBF4,0.07647058823529412,0.0001470020771200634,0.037426916798181435,0.003934856832871928,0.16,0.001044132521624137,0.1906928525809186,0.14223192812033786
HALLMARK_G2M_CHECKPOINT,E2F4,0.09411764705882353,0.0033900799484557187,0.02558421187100607,0.0058625919054992705,0.19999999999999998,0.024079202106766583,0.13035341300018,0.23871810458316653
HALLMARK_G2M_CHECKPOINT,POLE,0.10588235294117647,0.00292402838932516,0.03091918821700373,0.005682329079703916,0.22666666666666668,0.020768911536896566,0.15753550398982477,0.22969566624796847
HALLMARK_G2M_CHECKPOINT,ORC5,0.09411764705882353,0.0006382890136029559,0.028736971620787997,0.004883842026270671,0.19999999999999998,0.004533665988637086,0.1464169523355238,0.18973013164997984
HALLMARK_G2M_CHECKPOINT,SMC4,0.18823529411764706,0.006578060032915545,0.1029154508973621,0.008392793621780716,0.41333333333333333,0.046722920819366034,0.5243616783101721,0.36535868541306
HALLMARK_G2M_CHECKPOINT,MAD2L1,0.28823529411764703,0.009720523136753404,0.16745922186147,0.011881554610752507,0.64,0.06904333961209623,0.85321686742031,0.5399766675197939
HALLMARK_G2M_CHECKPOINT,E2F1,0.13529411764705881,0.016960688965234113,0.047016179052283655,0.007993302048307184,0.2933333333333333,0.12046909325838057,0.2395508384856019,0.34536350298322216
HALLMARK_G2M_CHECKPOINT,PRIM2,0.08235294117647059,0.00031360907935362703,0.028113719782895424,0.004285454827306694,0.17333333333333334,0.0022275157279735822,0.1432414390682965,0.15977990991455923
HALLMARK_G2M_CHECKPOINT,CDC27,0.11176470588235293,0.0006489540321977821,0.0693117685826839,0.005140983395993378,0.23999999999999996,0.004609417930220123,0.35314848240726,0.20260046218826475
HALLMARK_G2M_CHECKPOINT,BUB1,0.3,0.006451154207646359,0.17359367768143158,0.01207901319752143,0.6666666666666667,0.04582152879863369,0.8844723642502532,0.5498597807741068
HALLMARK_G2M_CHECKPOINT,EXO1,0.27058823529411763,0.030707765131774513,0.13136073092566608,0.012345448734276409,0.6,0.21811240268594406,0.669292440849606,0.5631952990101642
HALLMARK_G2M_CHECKPOINT,SMC2,0.14705882352941177,0.0033403562648846004,0.08457781655316053,0.006602249603426939,0.32,0.023726022640675443,0.4309301028069617,0.27573913728506766
HALLMARK_G2M_CHECKPOINT,CCNB2,0.3235294117647059,0.012283345202744909,0.17864273814584147,0.013372574147490747,0.7200000000000001,0.08724665971928178,0.9101976931092591,0.6146045436081705
HALLMARK_G2M_CHECKPOINT,CCNF,0.07058823529411765,0.0002523217236892143,0.04574451021228638,0.0035976088770262754,0.14666666666666664,0.001792201326522688,0.2330715936163282,0.12535213678308582
HALLMARK_G2M_CHECKPOINT,TTK,0.22941176470588234,0.0016322178277213468,0.14862907210511955,0.00915640364240793,0.5066666666666666,0.011593385275138798,0.7572758902105904,0.403578569589678
HALLMARK_G2M_CHECKPOINT,CDK4,0.2,0.029863996813908028,0.06765526479274282,0.01090745894665789,0.44,0.21211924967300447,0.3447084755876141,0.4912216453841986
HALLMARK_G2M_CHECKPOINT,MYC,0.2,0.10635197018516555,0.04629947298721173,0.014458343089410491,0.44,0.7554012363950199,0.23589916916035167,0.6689489891782486
HALLMARK_G2M_CHECKPOINT,TOP2A,0.3,0.02133114133284833,0.16953274118456851,0.012562484267645647,0.6666666666666667,0.15151172572069693,0.8637815985932109,0.5740582692744484
HALLMARK_G2M_CHECKPOINT,ESPL1,0.2529411764705882,0.0067991453945669255,0.14606837547007784,0.010558329339997157,0.5599999999999999,0.04829325520291832,0.7442289553384612,0.47374715871069845
HALLMARK_G2M_CHECKPOINT,CHEK1,0.27647058823529413,0.03286041346905504,0.12632730135593387,0.012771014642450434,0.6133333333333334,0.23340232362181607,0.6436467525314054,0.5844955429574198
HALLMARK_G2M_CHECKPOINT,CDC7,0.11764705882352941,0.0013116498928346426,0.05694762533653248,0.005651447465286059,0.2533333333333333,0.009316441896088998,0.2901522768143295,0.22814999280949264
HALLMARK_G2M_CHECKPOINT,ORC6,0.08235294117647059,0.0005462769956738112,0.034272376592912435,0.004254901432900303,0.17333333333333334,0.003880119166835269,0.17462024169587825,0.1582506644045859
HALLMARK_G2M_CHECKPOINT,CDC25A,0.1411764705882353,0.0038570680695680865,0.06337192213505626,0.007190166505773658,0.30666666666666664,0.027396144928379444,0.3228845344283604,0.30516530418464716
HALLMARK_G2M_CHECKPOINT,CDC45,0.3,0.035457363133964914,0.1456487260893347,0.013778509893413792,0.6666666666666667,0.2518480466706043,0.7420908113409409,0.6349222670183273
HALLMARK_G2M_CHECKPOINT,HIF1A,0.041176470588235294,0.004327413134352498,0.010392642817817176,0.0036597699123055035,0.08,0.030736931590364565,0.052951268079885865,0.12846339449905889
HALLMARK_G2M_CHECKPOINT,MCM3,0.16470588235294117,0.0086572758796971,0.07325085551873263,0.00789878251933326,0.36,0.061491262380470334,0.3732184157242323,0.34063265169496304
HALLMARK_G2M_CHECKPOINT,GINS2,0.06470588235294117,0.00015481447989814382,0.029603150388632683,0.003460081063266496,0.13333333333333333,0.00109962278388729,0.15083019591035537,0.11846865310558659
HALLMARK_G2M_CHECKPOINT,AURKB,0.3235294117647059,0.02513494685341369,0.1771104910169853,0.013688702049554635,0.7200000000000001,0.17852955518110564,0.9023907829799507,0.6304272429907098
HALLMARK_G2M_CHECKPOINT,MCM6,0.18823529411764706,0.01656222490382901,0.08754408731408063,0.00917704509465829,0.41333333333333333,0.11763886600334866,0.4460434672333554,0.40461170678397257
HALLMARK_G2M_CHECKPOINT,MCM2,0.15294117647058825,0.005838167392472471,0.06941872930704433,0.007321338619985829,0.33333333333333337,0.041467580326687195,0.3536934550469353,0.3117306750899077
HALLMARK_G2M_CHECKPOINT,RPA2,0.1,0.002683279051479355,0.03065528340083257,0.005412787093881564,0.21333333333333335,0.01905890703812358,0.15619088983213472,0.2162046653436008
HALLMARK_G2M_CHECKPOINT,CHAF1A,0.023529411764705882,0.0017215782886979797,0.006274470834298846,0.002262830961581796,0.04,0.012228098506958109,0.03196888347175545,0.058544399912512715
HALLMARK_G2M_CHECKPOINT,CENPA,0.24705882352941178,0.036573199988198996,0.1476263057984064,0.011770578086172708,0.5466666666666667,0.2597736594997414,0.7521667232297704,0.5344221176825883
HALLMARK_G2M_CHECKPOINT,UBE2S,0.08823529411764705,0.0006204726582016597,0.052864953669070514,0.004361120479589329,0.18666666666666665,0.004407119231912598,0.26935076888842263,0.16356709498058966
HALLMARK_G2M_CHECKPOINT,CENPE,0.23529411764705882,0.0015955869430898373,0.15287252373872895,0.009369225318730814,0.52,0.011333201890734085,0.7788965837121578,0.4142306296721967
HALLMARK_G2M_CHECKPOINT,CDKN1B,0.12352941176470589,0.02215361546583029,0.036638259120060586,0.008186397711574943,0.26666666666666666,0.1573536295037277,0.1866745845744549,0.35502824504493474
HALLMARK_G2M_CHECKPOINT,HMMR,0.19411764705882353,0.0008467694638165143,0.13220624946748163,0.007879110719710928,0.4266666666666667,0.006014469678322558,0.6736004190760333,0.33964804714185143
HALLMARK_G2M_CHECKPOINT,CENPF,0.2411764705882353,0.0031356730207113396,0.15345534053619572,0.009818502987216076,0.5333333333333333,0.022272189905385018,0.7818660775189897,0.4367176845677618
HALLMARK_G2M_CHECKPOINT,CDKN3,0.18823529411764706,0.0017137687156920764,0.12724817994924653,0.0077986992529260205,0.41333333333333333,0.012172628344119515,0.648338695679873,0.3356233265855827
HALLMARK_G2M_CHECKPOINT,MYBL2,0.12352941176470589,0.003735476289103465,0.0669678742230958,0.006134570450748826,0.26666666666666666,0.026532497728064024,0.34120617083539406,0.2523310591243142
HALLMARK_G2M_CHECKPOINT,PTTG1,0.22352941176470587,0.0046218661826450385,0.13830220443437136,0.009371618600234551,0.4933333333333333,0.032828385057124064,0.7046597512702769,0.41435041718074683
HALLMARK_G2M_CHECKPOINT,NDC80,0.22941176470588234,0.0013464570269211304,0.14908802888796158,0.009198439275853156,0.5066666666666666,0.009563671468597356,0.7596143082695356,0.4056825192474467
HALLMARK_G2M_CHECKPOINT,CKS2,0.11176470588235293,0.0009963432783105278,0.07148104557963325,0.005231723643855645,0.23999999999999996,0.0070768688440773385,0.3642011058658545,0.20714215450472342
HALLMARK_G2M_CHECKPOINT,NEK2,0.20588235294117646,0.0007661434442456207,0.13804816962966215,0.008326802450050127,0.4533333333333333,0.005441795803419981,0.7033654255360452,0.36205572333543984
HALLMARK_G2M_CHECKPOINT,HNRNPD,0.058823529411764705,0.02137138901287703,0.0060833351491007175,0.0060880655917042595,0.12,0.15179759863121073,0.03099503330832946,0.2500034176865115
HALLMARK_G2M_CHECKPOINT,MKI67,0.18823529411764706,0.001744975250852303,0.1280401707074053,0.00774646565938063,0.41333333333333333,0.012394283431492105,0.6523739459706039,0.3330089529635687
HALLMARK_G2M_CHECKPOINT,EZH2,0.11176470588235293,0.0755255600884145,0.016079462972986482,0.010264774349772389,0.23999999999999996,0.5364461172734585,0.08192602876753628,0.45905426911681474
HALLMARK_G2M_CHECKPOINT,TFDP1,0.07647058823529412,0.0012803535377237084,0.021209338583026368,0.004875143200818202,0.16,0.009094148831801648,0.1080631166483988,0.18929474173590707
HALLMARK_G2M_CHECKPOINT,E2F3,0.07058823529411765,0.002219925998245428,0.015543566880515473,0.004768880603032639,0.14666666666666664,0.015767783529166357,0.07919559935195505,0.18397613135893107
HALLMARK_G2M_CHECKPOINT,CCND1,0.1588235294117647,0.03121633058496111,0.03800421133276635,0.010093776585941079,0.3466666666666666,0.22172466272641236,0.19363421005829226,0.45049556172488553
HALLMARK_G2M_CHECKPOINT,RBL1,0.06470588235294117,0.02315815091970517,0.01313255541766149,0.005285208176943096,0.13333333333333333,0.16448868607614991,0.06691132127646943,0.20981913962097928
HALLMARK_G2M_CHECKPOINT,TGFB1,0.023529411764705882,0.00012408811747482125,0.0018125054223769946,0.0026632163432597166,0.04,0.0008813782875785897,0.009234846438864588,0.07858431885067943
HALLMARK_G2M_CHECKPOINT,EGF,0.029411764705882353,0.006491748365518605,0.002623891421563818,0.0034863376715356057,0.05333333333333334,0.04610986268651296,0.013368916887774081,0.11978283770218466
HALLMARK_G2M_CHECKPOINT,SMAD3,0.058823529411764705,0.002808862421061525,0.007442906281835172,0.004558506371788737,0.12,0.01995090586511152,0.03792214672741838,0.17344656975720835
HALLMARK_G2M_CHECKPOINT,HSPA8,0.023529411764705882,0.0024868904140552153,0.001410857228079385,0.0028699299959349662,0.04,0.017663989583695253,0.00718841979042881,0.08893066272982908
HALLMARK_G2M_CHECKPOINT,ABL1,0.023529411764705882,0.0,0.005120305089306628,0.002160465990934649,0.04,0.0,0.026088325384361944,0.05342087191236504
HALLMARK_G2M_CHECKPOINT,E2F2,0.06470588235294117,0.0020028363472931474,0.013773572720673304,0.0045098838950185065,0.13333333333333333,0.014225830047228981,0.07017735087554638,0.17101293821710345
HALLMARK_G2M_CHECKPOINT,CDC25B,0.07647058823529412,0.006233013453009364,0.042046746105581734,0.0044430861138880645,0.16,0.04427210949333986,0.2142312175981489,0.16766960406865475
HALLMARK_G2M_CHECKPOINT,CDKN2C,0.01764705882352941,0.0,0.003863299401506904,0.0017990012404807503,0.02666666666666667,0.0,0.019683790337846462,0.03532899186483671
HALLMARK_G2M_CHECKPOINT,PRMT5,0.03529411764705882,0.010270371944418715,0.0035652504536357443,0.0038665226698792873,0.06666666666666667,0.07294882879501914,0.018165209355480976,0.13881169563996829
HALLMARK_G2M_CHECKPOINT,H2AX,0.12352941176470589,0.017472117731403034,0.036506039728107065,0.0077342209714618216,0.26666666666666666,0.12410169095844528,0.18600091719346035,0.3323960870485152
HALLMARK_G2M_CHECKPOINT,CKS1B,0.08235294117647059,0.0007592315087740343,0.04813812287393142,0.004250115368346389,0.17333333333333334,0.0053927014181253,0.24526722353915106,0.1580111143358713
HALLMARK_G2M_CHECKPOINT,CUL1,0.10588235294117647,0.015486676628159578,0.03289198433216291,0.006586173120402985,0.22666666666666668,0.10999941658056263,0.16758704312110964,0.2749344839901329
HALLMARK_G2M_CHECKPOINT,BRCA2,0.17058823529411765,0.03397163414871614,0.0593284138112745,0.00944215189983538,0.37333333333333335,0.24129514849249994,0.3022825665757986,0.41788071991187664
HALLMARK_G2M_CHECKPOINT,STMN1,0.0058823529411764705,0.0,0.0009946981698573738,0.0012085466943524796,0.0,0.0,0.005068059239019433,0.00577581189733972
HALLMARK_G2M_CHECKPOINT,CUL4A,0.041176470588235294,0.004184052558929038,0.005784201637430805,0.003990780991847454,0.08,0.029718664079789677,0.029470926394835173,0.14503102035456988
HALLMARK_G2M_CHECKPOINT,XPO1,0.058823529411764705,0.0339122341046595,0.018139940874782916,0.005220216393981993,0.12,0.24087323936712898,0.09242431295408206,0.20656619852525482
HALLMARK_G2M_CHECKPOINT,FBXO5,0.07058823529411765,0.0002961658090277845,0.04643715725434549,0.003595341234388493,0.14666666666666664,0.002103618935577799,0.2366006804763072,0.1252386376976511
HALLMARK_G2M_CHECKPOINT,PLK4,0.16470588235294117,0.0017487708229734725,0.10587382668890129,0.0070162712871529725,0.36,0.012421242780417808,0.5394348172955977,0.29646157461717604
HALLMARK_G2M_CHECKPOINT,MAPK14,0.01764705882352941,0.005238243364692688,0.002402226747695639,0.0024487348716647948,0.02666666666666667,0.03720641476916242,0.01223951931531905,0.06784918340070811
HALLMARK_G2M_CHECKPOINT,RPS6KA5,0.011764705882352941,4.176818656456665e-05,0.00013646994504597467,0.0021636857360989494,0.013333333333333334,0.00029667282813771964,0.0006953242569410341,0.053582025228761695
HALLMARK_G2M_CHECKPOINT,ODC1,0.0058823529411764705,0.0,0.001257005687799725,0.0012386577329100389,0.0,0.0,0.006404535046513106,0.007282916800392618
HALLMARK_G2M_CHECKPOINT,MT2A,0.0058823529411764705,0.0,1.1862661321110942e-05,0.002262530136964715,0.0,0.0,6.0441118851256744e-05,0.058529343166645424
HALLMARK_G2M_CHECKPOINT,MTF2,0.011764705882352941,0.011555864949530106,0.00043687715918850766,0.003259587989231234,0.013333333333333334,0.08207948245143577,0.002225920776810143,0.10843365898444116
HALLMARK_G2M_CHECKPOINT,SMARCC1,0.023529411764705882,0.009952763199045393,0.0019094654025234353,0.0030823531409341536,0.04,0.07069290407141356,0.009728864562238638,0.09956277569193152
HALLMARK_G2M_CHECKPOINT,SS18,0.011764705882352941,0.0003781711667821367,5.5862198488554506e-05,0.002160314881367577,0.013333333333333334,0.0026860900316073317,0.0002846219483848227,0.05341330864054374
HALLMARK_G2M_CHECKPOINT,H2AZ1,0.08823529411764705,0.019615546352156316,0.020411299636118936,0.006665761892403361,0.18666666666666665,0.13932612570490516,0.1039970503978161,0.2789180273767363
HALLMARK_G2M_CHECKPOINT,NASP,0.0058823529411764705,0.0,0.0023767161743423245,0.0011209537474699885,0.0,0.0,0.012109541095901448,0.001391646951746595
HALLMARK_G2M_CHECKPOINT,TROAP,0.08235294117647059,3.261477810470837e-05,0.05872797799026149,0.0037878480602986197,0.17333333333333334,0.00023165761444899342,0.29922330256754076,0.1348739075222273
HALLMARK_G2M_CHECKPOINT,KNL1,0.11764705882352941,0.0003924825834296121,0.0826577426064963,0.005174012986880354,0.2533333333333333,0.0027877417622827936,0.4211471869437587,0.20425364523196604
HALLMARK_G2M_CHECKPOINT,SMC1A,0.08823529411764705,0.0052701455929632,0.02992484644199487,0.005216618771388036,0.18666666666666665,0.03743301125475026,0.15246926060837612,0.2063861318483675
HALLMARK_G2M_CHECKPOINT,BUB3,0.13529411764705881,0.0017378658202145205,0.08800373279412475,0.006057104906856379,0.2933333333333333,0.012343786269244003,0.44838539425443985,0.24845378664848133
HALLMARK_G2M_CHECKPOINT,STAG1,0.041176470588235294,0.0002451075968196357,0.01419671665979101,0.002829578643680061,0.08,0.0017409605234862968,0.07233329990115792,0.08691101399828724
HALLMARK_G2M_CHECKPOINT,PDS5B,0.041176470588235294,0.00021509593869822877,0.01532661418514522,0.0027104980626987307,0.08,0.0015277924588824718,0.07809020965131898,0.08095084337473708
HALLMARK_G2M_CHECKPOINT,RAD21,0.09411764705882353,0.0037644154610319176,0.04259688676313068,0.005202049068497149,0.19999999999999998,0.02673804809273466,0.21703422410478823,0.20565689527218944
HALLMARK_G2M_CHECKPOINT,HUS1,0.03529411764705882,1.930196500332247e-05,0.013794496923557872,0.0024479241390082955,0.06666666666666667,0.00013709880694243108,0.07028396120515372,0.06780860495439052
HALLMARK_G2M_CHECKPOINT,WRN,0.08235294117647059,0.005970586312858162,0.014792908549878398,0.005511508709970859,0.17333333333333334,0.04240813099074435,0.07537094077388669,0.22114583771004284
HALLMARK_G2M_CHECKPOINT,SRSF1,0.09411764705882353,0.04153695694396894,0.0014641187709204396,0.010913557662151824,0.19999999999999998,0.2950304406860669,0.007459791209880469,0.49152689569981506
HALLMARK_G2M_CHECKPOINT,TOP1,0.06470588235294117,0.03425706081160467,0.017620439638006285,0.005005220420084168,0.13333333333333333,0.24332248897026174,0.08977741651603334,0.1958053114247101
HALLMARK_G2M_CHECKPOINT,HNRNPU,0.058823529411764705,0.004467313813638695,0.0009764903376978878,0.006619681190369071,0.12,0.03173062400547731,0.004975289015051218,0.27661161566532216
HALLMARK_G2M_CHECKPOINT,SNRPD1,0.01764705882352941,0.0007086022441542083,0.00013993589453792647,0.0026333679967421113,0.02666666666666667,0.00503308975296292,0.0007129835207026111,0.07709036209795189
HALLMARK_G2M_CHECKPOINT,RBM14,0.047058823529411764,0.002309655196980497,0.00014784284108592462,0.005910853174980454,0.09333333333333334,0.016405115847008645,0.000753269986204784,0.24113365712957277
HALLMARK_G2M_CHECKPOINT,SYNCRIP,0.058823529411764705,0.0035897764338358234,0.0003478629837635703,0.0072812860197771145,0.12,0.02549761468245493,0.001772387104147462,0.30972597936879587
HALLMARK_G2M_CHECKPOINT,NCL,0.07647058823529412,0.04395108558711622,0.007530385495721626,0.008234445409076757,0.16,0.3121776149102493,0.03836785965983804,0.3574331079774093
HALLMARK_G2M_CHECKPOINT,YTHDC1,0.011764705882352941,0.0,7.297510980838298e-05,0.0020342005918456136,0.013333333333333334,0.0,0.00037181347135048113,0.047101089826826745
HALLMARK_G2M_CHECKPOINT,SRSF10,0.01764705882352941,0.0,7.593743781952188e-05,0.00270561613225892,0.02666666666666667,0.0,0.0003869067471810964,0.0807064950674498
HALLMARK_G2M_CHECKPOINT,TRA2B,0.041176470588235294,0.00047508440492350143,0.00012425184240017436,0.005175665915670873,0.08,0.003374449445989326,0.0006330721387871986,0.2043363769212044
HALLMARK_G2M_CHECKPOINT,SFPQ,0.058823529411764705,0.005252260663588619,0.0007757746755086558,0.006632666483381178,0.12,0.03730597742793094,0.003952628174808216,0.27726155003170794
HALLMARK_G2M_CHECKPOINT,ILF3,0.052941176470588235,0.0023628150321076155,0.0004767418874215391,0.00618664731658445,0.10666666666666667,0.0167827017545538,0.002429034455265466,0.25493758827761676
HALLMARK_G2M_CHECKPOINT,UPF1,0.023529411764705882,0.01176625536354043,8.371298560261561e-05,0.004410334397903963,0.04,0.08357385231211961,0.00042652372645654254,0.1660303291014802
HALLMARK_G2M_CHECKPOINT,SRSF2,0.07058823529411765,0.02825889171171807,0.001223432954765504,0.008147284863424,0.14666666666666664,0.20071844180242895,0.006233479539436328,0.35307058539437275
HALLMARK_G2M_CHECKPOINT,EWSR1,0.029411764705882353,0.00012387506314903043,0.00010904983948614192,0.0039490726583305295,0.05333333333333334,0.0008798649963735327,0.0005556168325899973,0.14294345257369231
HALLMARK_G2M_CHECKPOINT,KPNA2,0.08823529411764705,0.01284806883154449,0.04385467033414015,0.005416936402960297,0.18666666666666665,0.0912578024059096,0.22344272252261324,0.2164123447979274
HALLMARK_G2M_CHECKPOINT,LIG3,0.047058823529411764,0.0015716816563948926,0.01413067683172576,0.0031753644680744047,0.09333333333333334,0.0111634064173235,0.07199682219273155,0.10421813910307956
HALLMARK_G2M_CHECKPOINT,STIL,0.029411764705882353,0.0006293869150040151,0.017168681443956908,0.0021452803386850785,0.05333333333333334,0.0044704357891735295,0.08747567578850787,0.05266080610069817
HALLMARK_G2M_CHECKPOINT,KIF5B,0.0058823529411764705,0.0,0.004613925999265225,0.0010931494884979236,0.0,0.0,0.02350828723459861,0.0
HALLMARK_G2M_CHECKPOINT,NUMA1,0.023529411764705882,4.725249764617139e-05,0.015963989625084267,0.0018636531137821654,0.04,0.0003356270230116477,0.08133768369419557,0.03856491994675457
HALLMARK_G2M_CHECKPOINT,BARD1,0.08823529411764705,0.005570023917006409,0.034260644065878365,0.005198928465963553,0.18666666666666665,0.03956299959775797,0.17456046362064503,0.2055007042006038
HALLMARK_G2M_CHECKPOINT,RAD54L,0.047058823529411764,0.00015054647474338354,0.027309118042612747,0.002776548440527293,0.09333333333333334,0.0010693078177871514,0.13914193491000762,0.08425676881080717
HALLMARK_G2M_CHECKPOINT,FANCC,0.01764705882352941,0.0,0.0029424388900194847,0.0017831722433350183,0.02666666666666667,0.0,0.01499193931758838,0.03453672562788375
HALLMARK_G2M_CHECKPOINT,H2BC12,0.041176470588235294,0.014051891032247653,0.007038760321690804,0.004472033172276839,0.08,0.09980836124584151,0.03586299378103597,0.16911844993105454
HALLMARK_G2M_CHECKPOINT,MNAT1,0.01764705882352941,0.000957967501905996,0.0009183466701303269,0.0024010538957051873,0.02666666666666667,0.006804291769170966,0.004679042816419283,0.06546267545898747
HALLMARK_G2M_CHECKPOINT,CCNT1,0.03529411764705882,0.011867939896200984,0.011622561927108829,0.0034525650468527555,0.06666666666666667,0.0842961014774176,0.0592177950465423,0.11809246464676207
HALLMARK_G2M_CHECKPOINT,RAD23B,0.01764705882352941,0.0010762049555917625,0.00179265768415106,0.0023188408772298755,0.02666666666666667,0.00764411371649287,0.009133720774680389,0.06134778440326813
HALLMARK_G2M_CHECKPOINT,LMNB1,0.023529411764705882,0.02346383357126345,0.009352401006688143,0.0033595667298602166,0.04,0.16665990164018318,0.04765116068905271,0.11343775241399727
HALLMARK_G2M_CHECKPOINT,LBR,0.029411764705882353,0.013517493728168193,0.0003440984561610844,0.005499437312132612,0.05333333333333334,0.09601262165093838,0.0017532065632814154,0.22054164523644393
HALLMARK_G2M_CHECKPOINT,TMPO,0.011764705882352941,0.0,0.0002632371558840748,0.0025260225122636427,0.013333333333333334,0.0,0.0013412123801545108,0.07171755153650833
HALLMARK_G2M_CHECKPOINT,SLC7A5,0.011764705882352941,6.961364427427775e-05,6.601903742010375e-16,0.00856823646270108,0.013333333333333334,0.0004944547135628661,9.852101289410247e-16,0.3741398759140509
HALLMARK_G2M_CHECKPOINT,SLC7A1,0.0058823529411764705,0.0,4.668250905758736e-16,0.004487811593210864,0.0,0.0,0.0,0.16990818474895678
HALLMARK_G2M_CHECKPOINT,SLC38A1,0.0058823529411764705,0.0,4.668250905758736e-16,0.004487811593210864,0.0,0.0,0.0,0.16990818474895678
HALLMARK_G2M_CHECKPOINT,PML,0.029411764705882353,0.0007579013156552669,0.0032393508469105775,0.002955162164123638,0.05333333333333334,0.005383253266625976,0.01650472724853804,0.09319666698369859
HALLMARK_G2M_CHECKPOINT,HIRA,0.0058823529411764705,0.0,0.00023913666200351682,0.0013322967676882938,0.0,0.0,0.001218418617807623,0.011969697967428123
HALLMARK_G2M_CHECKPOINT,ATRX,0.06470588235294117,0.016290930974764615,0.008807942457438296,0.005889567496295836,0.13333333333333333,0.11571190810040713,0.04487710493585298,0.2400682753876221
HALLMARK_G2M_CHECKPOINT,POLQ,0.029411764705882353,0.0005387433976902716,0.006866059000076491,0.002352464756237974,0.05333333333333334,0.003826609210965522,0.03498306803559682,0.06303071250340306
HALLMARK_G2M_CHECKPOINT,CUL3,0.023529411764705882,0.0008616923355240048,0.005890995144736008,0.0025093889583003887,0.04,0.0061204644776551515,0.03001504705149958,0.0708850159637052
HALLMARK_G2M_CHECKPOINT,CUL5,0.01764705882352941,0.0,0.0012099599033556004,0.002206040574507709,0.02666666666666667,0.0,0.006164833366411229,0.055701951597685616
HALLMARK_G2M_CHECKPOINT,SQLE,0.0058823529411764705,0.0,9.341806807285883e-06,0.001812109498904805,0.0,0.0,4.7597182473196646e-05,0.0359850808437543
HALLMARK_G2M_CHECKPOINT,MEIS1,0.01764705882352941,0.012332660521192777,0.0008855006063138586,0.0033766569071394447,0.02666666666666667,0.08759693863244036,0.004511689741652471,0.11429314270292182
HALLMARK_G2M_CHECKPOINT,MEIS2,0.0058823529411764705,0.0,2.4041403932041487e-05,0.0018339199884460761,0.0,0.0,0.00012249269477588657,0.037076730195629
HALLMARK_G2M_CHECKPOINT,NUP98,0.052941176470588235,0.013699274467183636,0.01651332736962542,0.005097138616850124,0.10666666666666667,0.09730378151159717,0.084136599300891,0.20040596193900384
HALLMARK_G2M_CHECKPOINT,KPNB1,0.03529411764705882,0.006636002277137191,0.0022081850415515782,0.004371444204428948,0.06666666666666667,0.047134475422899266,0.011250862764638988,0.1640838136681174
HALLMARK_G2M_CHECKPOINT,DKC1,0.023529411764705882,0.0020723299598139205,0.0002966799861840001,0.0035170320251353793,0.04,0.014719432194216482,0.0015116060233888978,0.1213191384417898
HALLMARK_G2M_CHECKPOINT,NUP50,0.023529411764705882,5.271480671247259e-05,0.0021912474002218456,0.002728582680020698,0.04,0.000374424941048066,0.011164564254970775,0.08185600695398965
HALLMARK_G2M_CHECKPOINT,CTCF,0.041176470588235294,0.0021859118610792466,0.008149421956429278,0.003226537434702294,0.08,0.015526186488457964,0.04152189527491375,0.10677942667744297
HALLMARK_G2M_CHECKPOINT,SUV39H1,0.052941176470588235,0.007105971113270649,0.008305208520508,0.004499668364667092,0.10666666666666667,0.05047258979223571,0.0423156391052737,0.1705016348341108
HALLMARK_G2M_CHECKPOINT,SAP30,0.0058823529411764705,0.0,9.689970168129831e-06,0.0022286935431721456,0.0,0.0,4.937110002033264e-05,0.05683576835653351
HALLMARK_G2M_CHECKPOINT,ARID4A,0.011764705882352941,0.011555864949530106,0.00035682482909396704,0.003179999794078363,0.013333333333333334,0.08207948245143577,0.0018180483553709504,0.10445014446996388
HALLMARK_G2M_CHECKPOINT,PAFAH1B1,0.01764705882352941,0.0,0.01532167989618935,0.0015555282478618342,0.02666666666666667,0.0,0.07806506909161091,0.02314278512754662
HALLMARK_G2M_CHECKPOINT,ODF2,0.0058823529411764705,0.0,0.004831266820458908,0.0011050606175973976,0.0,0.0,0.02461565446442389,0.0005961707708087918
HALLMARK_G2M_CHECKPOINT,CBX1,0.023529411764705882,0.007280929922392555,0.0008417386603955148,0.0031771512111735357,0.04,0.051715294562996256,0.004288719456746009,0.10430756840921422
HALLMARK_G2M_CHECKPOINT,H2AZ2,0.011764705882352941,0.00011164812085606901,0.0042467946599748126,0.001570506632543732,0.013333333333333334,0.0007930189576085458,0.021637726463091395,0.02389247687101634
HALLMARK_G2M_CHECKPOINT,TNPO2,0.011764705882352941,0.0,0.0009407585966976466,0.0018023211072593485,0.013333333333333334,0.0,0.004793233205972397,0.03549515642571506
HALLMARK_G2M_CHECKPOINT,PURA,0.011764705882352941,0.0001530335529815136,0.001480922488011195,0.0017110484032238726,0.013333333333333334,0.0010869731414555664,0.007545407365848588,0.030926813839197785
HALLMARK_G2M_CHECKPOINT,NOLC1,0.011764705882352941,0.0,0.00021250335572683154,0.002163059894129791,0.013333333333333334,0.0,0.0010827199928060242,0.05355070085253828
HALLMARK_G2M_CHECKPOINT,TRAIP,0.0058823529411764705,0.0,0.003954104153449138,0.001106830935038502,0.0,0.0,0.020146447127587928,0.000684777946889691
HALLMARK_G2M_CHECKPOINT,KMT5A,0.011764705882352941,0.0,0.004198750346735472,0.0016584355779872806,0.013333333333333334,0.0,0.021392937206436775,0.028293459073769848
HALLMARK_G2M_CHECKPOINT,NSD2,0.0058823529411764705,0.0,0.00019109234876417614,0.0014202257131318426,0.0,0.0,0.0009736293611530021,0.01637068017018164
HALLMARK_G2M_CHECKPOINT,G3BP1,0.01764705882352941,0.011717078972661808,0.001268727080214438,0.0027949049782334144,0.02666666666666667,0.08322456017952932,0.006464256390054036,0.08517554243354646
HALLMARK_G2M_CHECKPOINT,GSPT1,0.0058823529411764705,0.0,2.2738925021130527e-06,0.0018144618491227275,0.0,0.0,1.1585647034178216e-05,0.0361028196769849
HALLMARK_GLYCOLYSIS,XYLT2,0.025210084033613446,0.0,2.7025762798872786e-12,0.008333333333333331,0.10000000000000002,0.0,8.636593330441562e-12,0.3102198755824109
HALLMARK_GLYCOLYSIS,B3GALT6,0.025210084033613446,0.0,2.7025762798872786e-12,0.008333333333333331,0.10000000000000002,0.0,8.636593330441562e-12,0.3102198755824109
HALLMARK_GLYCOLYSIS,B4GALT7,0.025210084033613446,0.0,2.7025762798872786e-12,0.008333333333333331,0.10000000000000002,0.0,8.636593330441562e-12,0.3102198755824109
HALLMARK_GLYCOLYSIS,B3GAT3,0.025210084033613446,0.0,2.7025762798872786e-12,0.008333333333333331,0.10000000000000002,0.0,8.636593330441562e-12,0.3102198755824109
HALLMARK_GLYCOLYSIS,CHPF2,0.008403361344537815,0.0,1.2886887931286233e-18,0.008333333333333333,0.0,0.0,0.0,0.310219875582411
HALLMARK_GLYCOLYSIS,CHPF,0.008403361344537815,0.0,1.2886887931286233e-18,0.008333333333333333,0.0,0.0,0.0,0.310219875582411
HALLMARK_GLYCOLYSIS,DCN,0.06722689075630252,0.02396899578213794,0.0073717816340875845,0.012288085772295208,0.35000000000000003,0.11199610439318534,0.02355793282398376,0.5088637844390552
HALLMARK_GLYCOLYSIS,AGRN,0.05042016806722689,0.00304657295329783,0.00547531486883812,0.008681777437810862,0.25000000000000006,0.014235235619394175,0.017497411924656498,0.3277219316528634
HALLMARK_GLYCOLYSIS,VCAN,0.05042016806722689,0.005859761238453667,0.005411040924706163,0.00879078344757914,0.25000000000000006,0.027379971916473057,0.017292012289486684,0.33319721239506844
HALLMARK_GLYCOLYSIS,EGFR,0.1092436974789916,0.21401633487170102,0.04986230656142133,0.019988302678620316,0.6000000000000001,1.0,0.15934450133346045,0.8956392423025964
HALLMARK_GLYCOLYSIS,SDC1,0.08403361344537814,0.025565487235317166,0.0060749221499867695,0.0140194510152747,0.45,0.1194557754231387,0.019413571240167717,0.5958288131816029
HALLMARK_GLYCOLYSIS,GPC1,0.10084033613445378,0.09582434410605604,0.009968263901429146,0.01676816644679385,0.55,0.4477431321469038,0.031855486640533885,0.7338944913950465
HALLMARK_GLYCOLYSIS,MET,0.05042016806722689,0.006127761414587798,0.008660584489654701,0.010473275445516645,0.25000000000000006,0.028632213603047085,0.027676547916218035,0.417707378896935
HALLMARK_GLYCOLYSIS,TGFBI,0.008403361344537815,0.0,0.0006097938190722768,0.0025556564452382967,0.0,0.0,0.0019487123383794059,0.020011995601139053
HALLMARK_GLYCOLYSIS,SDC2,0.07563025210084033,0.008244050430424851,0.003089088625175584,0.012918869288581252,0.4,0.03852065981490157,0.009871771293755351,0.5405475131303737
HALLMARK_GLYCOLYSIS,PKP2,0.008403361344537815,0.0,1.2886887931286233e-18,0.008333333333333333,0.0,0.0,0.0,0.310219875582411
HALLMARK_GLYCOLYSIS,DSC2,0.008403361344537815,0.0,1.2886887931286233e-18,0.008333333333333333,0.0,0.0,0.0,0.310219875582411
HALLMARK_GLYCOLYSIS,PSMC4,0.008403361344537815,0.0,0.0035603974022644634,0.002580110415671995,0.0,0.0,0.011377928293668712,0.021240298092631997
HALLMARK_GLYCOLYSIS,SOD1,0.05042016806722689,0.017186338084853106,0.043081558264231753,0.009389392825177725,0.25000000000000006,0.08030386136252642,0.13767532815246383,0.363264860997528
HALLMARK_GLYCOLYSIS,PLOD1,0.03361344537815126,0.0001424298532972511,1.5555679400614656e-11,0.010226479923872368,0.15000000000000002,0.0006655092630318861,4.971113337076231e-11,0.40531104616451175
HALLMARK_GLYCOLYSIS,PLOD2,0.03361344537815126,0.0001424298532972511,1.5555679400614656e-11,0.010226479923872368,0.15000000000000002,0.0006655092630318861,4.971113337076231e-11,0.40531104616451175
HALLMARK_GLYCOLYSIS,P4HA1,0.025210084033613446,0.0,1.3390419877139344e-11,0.007808726440466751,0.10000000000000002,0.0,4.279163399700801e-11,0.2838693099223486
HALLMARK_GLYCOLYSIS,P4HA2,0.025210084033613446,0.0,1.3390419877139344e-11,0.007808726440466751,0.10000000000000002,0.0,4.279163399700801e-11,0.2838693099223486
HALLMARK_GLYCOLYSIS,COL5A1,0.01680672268907563,0.0,9.361292282510717e-12,0.0055962539379884255,0.05,0.0,2.9915789062234844e-11,0.17273866573833402
HALLMARK_GLYCOLYSIS,DLD,0.025210084033613446,0.014670274889616863,0.033194609614133425,0.005429666135494837,0.10000000000000002,0.06854745409228427,0.10607969989128815,0.16437109968561503
HALLMARK_GLYCOLYSIS,MDH2,0.11764705882352941,0.02368428572421678,0.18378978179541225,0.015112962082395081,0.65,0.11066578510661389,0.5873352668573517,0.6507549599135113
HALLMARK_GLYCOLYSIS,PDK3,0.008403361344537815,0.0,0.002743286485811547,0.0027883324415006235,0.0,0.0,0.008766694668607035,0.03169911637747651
HALLMARK_GLYCOLYSIS,IDH1,0.11764705882352941,0.06824946725312056,0.21513207921660857,0.014695440268934587,0.65,0.3188984022833346,0.6874955501983069,0.6297831882694489
HALLMARK_GLYCOLYSIS,PYGL,0.058823529411764705,0.020048585871863065,0.035190274213831134,0.00973766773060731,0.30000000000000004,0.09367783017068224,0.11245722637165576,0.38075841834125174
HALLMARK_GLYCOLYSIS,PFKP,0.1092436974789916,0.04359671394601556,0.21679789660104504,0.01351692891020128,0.6000000000000001,0.20370741313811871,0.6928189870535327,0.5705875479496236
HALLMARK_GLYCOLYSIS,UGP2,0.058823529411764705,0.016353665107319375,0.0200428854544705,0.010328069254338282,0.30000000000000004,0.07641316312197902,0.0640508594220803,0.41041379330566424
HALLMARK_GLYCOLYSIS,AGL,0.05042016806722689,0.003356960427129233,0.023297356697981234,0.008472061055526557,0.25000000000000006,0.015685533672659478,0.07445114238457233,0.31718805309252446
HALLMARK_GLYCOLYSIS,GYS1,0.03361344537815126,0.0,0.008030475536339952,0.006132128587810692,0.15000000000000002,0.0,0.025662914695540457,0.19965520141049437
HALLMARK_GLYCOLYSIS,PGM2,0.1092436974789916,0.08458333029778528,0.13455620559760348,0.015875773578637165,0.6000000000000001,0.3952190394648683,0.4299999931985003,0.6890703436633192
HALLMARK_GLYCOLYSIS,PHKA2,0.01680672268907563,0.0,0.004448749827478433,0.0036777878764297626,0.05,0.0,0.014216827734265615,0.07637571929386301
HALLMARK_GLYCOLYSIS,PYGB,0.05042016806722689,0.005389349653504296,0.018641252102103045,0.008790938250764928,0.25000000000000006,0.025181954717312185,0.05957167297870507,0.3332049880296759
HALLMARK_GLYCOLYSIS,AURKA,0.05042016806722689,0.014670274889616863,0.0009163420028039917,0.01093549819929135,0.25000000000000006,0.06854745409228427,0.0029283454688932894,0.44092444140322723
HALLMARK_GLYCOLYSIS,DEPDC1,0.04201680672268907,0.0,0.0009105501294249363,0.008636884948535338,0.2,0.0,0.002909836433932476,0.3254670194464407
HALLMARK_GLYCOLYSIS,CDK1,0.058823529411764705,0.05589852441277974,0.004747041452730187,0.012251651989810677,0.30000000000000004,0.26118812120714946,0.015170075458959988,0.5070337460033093
HALLMARK_GLYCOLYSIS,CENPA,0.04201680672268907,0.0,0.0009105501294249363,0.008636884948535338,0.2,0.0,0.002909836433932476,0.3254670194464407
HALLMARK_GLYCOLYSIS,KIF20A,0.04201680672268907,0.0,0.0009105501294249363,0.008636884948535338,0.2,0.0,0.002909836433932476,0.3254670194464407
HALLMARK_GLYCOLYSIS,HMMR,0.05042016806722689,0.03060694123205347,0.0035285241888307565,0.0099733274917011,0.25000000000000006,0.14301217358199217,0.011276071367049546,0.3925954111306618
HALLMARK_GLYCOLYSIS,KIF2A,0.008403361344537815,0.0,7.578737754843622e-05,0.002799314443198847,0.0,0.0,0.0002421930054108156,0.03225073314188214
HALLMARK_GLYCOLYSIS,GALK1,0.01680672268907563,0.0,0.00327116944608672,0.003938987427683778,0.05,0.0,0.010453645250483218,0.08949555439188978
HALLMARK_GLYCOLYSIS,GALE,0.05042016806722689,0.07818490811905524,0.019539533932038985,0.010127143219275724,0.25000000000000006,0.3653221524699304,0.062442303724030354,0.4003214465375892
HALLMARK_GLYCOLYSIS,TPI1,0.13445378151260504,0.04123271160753053,0.2751135654038285,0.015794545369808757,0.75,0.192661516384947,0.8791778181248623,0.6849903186402271
HALLMARK_GLYCOLYSIS,G6PD,0.1680672268907563,0.06661688203734509,0.2957473543815295,0.020229428525457643,0.95,0.31127008168456266,0.9451170223456207,0.9077507920092852
HALLMARK_GLYCOLYSIS,RPE,0.03361344537815126,8.013168119163784e-05,0.07772566468550546,0.004939263464611498,0.15000000000000002,0.0003744185285654731,0.2483871712767109,0.1397385835012198
HALLMARK_GLYCOLYSIS,GOT2,0.09243697478991596,0.012216258849368096,0.13684681662517084,0.011670352703569878,0.5,0.05708096466884888,0.43732007718793703,0.47783556881860517
HALLMARK_GLYCOLYSIS,MPI,0.12605042016806722,0.1591732824294672,0.14402839820778937,0.019260762373326433,0.7000000000000001,0.743743614359571,0.4602701895069146,0.859095500987585
HALLMARK_GLYCOLYSIS,PKM,0.1680672268907563,0.15939945055078814,0.28603202921658577,0.022065995185837163,0.95,0.7448003940743367,0.9140698496322321,1.0
HALLMARK_GLYCOLYSIS,ENO1,0.13445378151260504,0.15761693031485077,0.23901982222346826,0.01760503272308982,0.75,0.7364714960161304,0.7638333845245459,0.7759295848375511
HALLMARK_GLYCOLYSIS,LDHC,0.07563025210084033,0.005310534452375894,0.14494297707406242,0.009341713681483899,0.4,0.024813687495206686,0.46319290053707696,0.3608699774693026
HALLMARK_GLYCOLYSIS,PGK1,0.12605042016806722,0.025297498179670034,0.2560021261079623,0.01601121456647763,0.7000000000000001,0.11820358569749095,0.8181035723794667,0.6958734312545864
HALLMARK_GLYCOLYSIS,ALDOA,0.07563025210084033,0.0020360914842386395,0.18182355014852122,0.009330922184590574,0.4,0.009513719994594058,0.5810517989858047,0.360327929601986
HALLMARK_GLYCOLYSIS,PGAM1,0.09243697478991596,0.0028397026419044865,0.21492742278429788,0.010964391389266588,0.5,0.013268625703766199,0.6868415315738163,0.44237572218112736
HALLMARK_GLYCOLYSIS,TALDO1,0.1764705882352941,0.06810377424319478,0.31292141331613577,0.02108978927374896,1.0,0.3182176457886814,1.0,0.9509659931388601
HALLMARK_GLYCOLYSIS,ENO2,0.07563025210084033,0.0006968705631147196,0.18647946184814995,0.009187962376912318,0.4,0.0032561559543222767,0.5959306519549525,0.35314717797596074
HALLMARK_GLYCOLYSIS,LDHA,0.11764705882352941,0.01226383569607655,0.2367493877765415,0.013786654283466555,0.65,0.05730326941365714,0.7565777786429726,0.5841356279597332
HALLMARK_GLYCOLYSIS,GCLC,0.04201680672268907,0.0030206535618870056,0.03155476417496566,0.006870847605602353,0.2,0.014114126212365208,0.10083926133583822,0.23676044010892383
HALLMARK_GLYCOLYSIS,GOT1,0.08403361344537814,0.0048177259621813035,0.11400719181898539,0.010732789366496076,0.45,0.022511019848412247,0.36433170427939715,0.43074254619544755
HALLMARK_GLYCOLYSIS,PC,0.06722689075630252,0.0015717916009166599,0.12477868689080854,0.008447112671004689,0.35000000000000003,0.007344259969029565,0.3987540691718279,0.31593491659471035
HALLMARK_GLYCOLYSIS,CTH,0.04201680672268907,0.000641410754323145,0.05488285869381844,0.005951102099982036,0.2,0.002997017749638874,0.17538863228376073,0.19056239226406058
HALLMARK_GLYCOLYSIS,SDHC,0.025210084033613446,0.0,0.03591999656440366,0.003981451876999266,0.10000000000000002,0.0,0.11478919318351247,0.09162850818094863
HALLMARK_GLYCOLYSIS,IDUA,0.008403361344537815,0.0,0.0009973887013159108,0.0037147528265081284,0.0,0.0,0.0031873456365489297,0.07823243783379387
HALLMARK_GLYCOLYSIS,GUSB,0.025210084033613446,0.057399230878792194,0.012068801405155618,0.008684460943169447,0.10000000000000002,0.26820023300185014,0.03856815446810872,0.32785672188362863
HALLMARK_GLYCOLYSIS,EGLN3,0.008403361344537815,0.0,0.023638409390557898,0.0021877421317222146,0.0,0.0,0.07554104124755653,0.0015319672076732893
HALLMARK_GLYCOLYSIS,PGLS,0.025210084033613446,0.0,0.056725175975819934,0.004012831807227932,0.10000000000000002,0.0,0.18127610819177808,0.09320469584287651
HALLMARK_GLYCOLYSIS,NT5E,0.03361344537815126,0.025009450676920352,0.005344468038018656,0.008711130711720534,0.15000000000000002,0.11685767206467242,0.017079265945342283,0.32919632206216237
HALLMARK_GLYCOLYSIS,ADORA2B,0.008403361344537815,0.0,0.00044176100679325746,0.0031010589278435627,0.0,0.0,0.0014117314699296636,0.047407106348770954
HALLMARK_GLYCOLYSIS,AK3,0.01680672268907563,0.005502498623324117,0.024080170397351157,0.004038801059565777,0.05,0.0257106478653733,0.07695277271748621,0.09450910967764696
HALLMARK_GLYCOLYSIS,CD44,0.10084033613445378,0.17128469999946466,0.034290506893607554,0.018084758531878974,0.55,0.800334703900741,0.10958184845907241,0.8000258111647566
HALLMARK_GLYCOLYSIS,NANP,0.01680672268907563,0.008190541104644957,0.005850309120728269,0.004300080179885101,0.05,0.03827063532115453,0.018695777507619346,0.10763294146330489
HALLMARK_GLYCOLYSIS,GLCE,0.01680672268907563,0.0,0.00031013852817595816,0.003886821951826841,0.05,0.0,0.0009911067602862722,0.08687532614966155
HALLMARK_GLYCOLYSIS,EXT1,0.05042016806722689,0.007305973236752326,0.0018592468008592163,0.009263870336369166,0.25000000000000006,0.03413745610180703,0.005941577411261625,0.35695997132082
HALLMARK_GLYCOLYSIS,HS2ST1,0.058823529411764705,0.01457599989148201,0.0018829297330088446,0.010906231117775066,0.30000000000000004,0.06810695034199171,0.006017260733469115,0.4394543803657918
HALLMARK_GLYCOLYSIS,ALG1,0.025210084033613446,0.0,0.006103958193456607,0.005107169939018975,0.10000000000000002,0.0,0.01950636144957567,0.14817238534177057
HALLMARK_GLYCOLYSIS,GMPPA,0.03361344537815126,0.00154703704265104,0.017098182561586107,0.00630530535868929,0.15000000000000002,0.007228593292088949,0.05464050024698147,0.20835372583684916
HALLMARK_GLYCOLYSIS,PMM2,0.05042016806722689,0.01393775038593569,0.034101529253837276,0.008835281847335605,0.25000000000000006,0.06512470365540614,0.10897793440356686,0.33543232981440557
HALLMARK_GLYCOLYSIS,GMPPB,0.04201680672268907,0.0021973656245211316,0.02266062296037293,0.007444143335772949,0.2,0.01026727995243173,0.07241633840340461,0.2655566053631528
HALLMARK_GLYCOLYSIS,EXT2,0.025210084033613446,0.0,0.0011347877647567275,0.005074615553171847,0.10000000000000002,0.0,0.003626430523660846,0.1465372057559661
HALLMARK_GLYCOLYSIS,SDC3,0.058823529411764705,0.018885219356585995,0.0022488990119393266,0.01107286573114898,0.30000000000000004,0.08824195297011954,0.007186785295729588,0.44782429768989584
HALLMARK_GLYCOLYSIS,GPC3,0.05042016806722689,0.010512905727262658,0.0018448287968730658,0.009302931276215998,0.25000000000000006,0.04912197815912023,0.005895501932331123,0.35892196967458445
HALLMARK_GLYCOLYSIS,SRD5A3,0.01680672268907563,0.0,0.014721025836787915,0.003592788701501663,0.05,0.0,0.04704384299170882,0.07210628179609145
HALLMARK_GLYCOLYSIS,HK2,0.11764705882352941,0.05187297884376977,0.20802880500137028,0.015064394865062752,0.65,0.24237859635745418,0.6647956839924042,0.6483154691888487
HALLMARK_GLYCOLYSIS,HSPA5,0.04201680672268907,0.01772413125496732,0.030369781266364002,0.008591317231370275,0.2,0.08281672174973288,0.09705242266588596,0.3231781911076135
HALLMARK_GLYCOLYSIS,TXN,0.058823529411764705,0.0387401282034844,0.03300332148521858,0.012066442477476517,0.30000000000000004,0.18101481939081154,0.10546840222748274,0.4977308270329507
HALLMARK_GLYCOLYSIS,TGFA,0.01680672268907563,0.0,0.004837142175877216,0.004040689704152605,0.05,0.0,0.015458009487482357,0.09460397471634634
HALLMARK_GLYCOLYSIS,IRS2,0.008403361344537815,0.0,0.004121154960951264,0.0025569423020115906,0.0,0.0,0.013169935918663948,0.020076583111892053
HALLMARK_GLYCOLYSIS,EFNA3,0.01680672268907563,0.0,0.004837142175877216,0.004040689704152605,0.05,0.0,0.015458009487482357,0.09460397471634634
HALLMARK_GLYCOLYSIS,IGFBP3,0.01680672268907563,0.0,0.006955551593990338,0.003837987651952753,0.05,0.0,0.02222779042277729,0.08442242009220609
HALLMARK_GLYCOLYSIS,GFPT1,0.05042016806722689,0.003915304185281515,0.07287004730249387,0.007513658415748979,0.25000000000000006,0.018294417515507262,0.23287012074458227,0.2690482897161045
HALLMARK_GLYCOLYSIS,GNPDA1,0.03361344537815126,4.2728955989175336e-05,0.059558134918124714,0.005179855138946856,0.15000000000000002,0.00019965277890956587,0.19032936828121377,0.15182330216970003
HALLMARK_GLYCOLYSIS,PFKFB1,0.025210084033613446,0.0,0.047011443715101055,0.0041394782766218646,0.10000000000000002,0.0,0.15023402590735044,0.09956604212474593
HALLMARK_GLYCOLYSIS,GNE,0.05042016806722689,0.03746226574316605,0.06544539808156401,0.00846401424374843,0.25000000000000006,0.17504395524586483,0.20914323947350433,0.3167838684640018
HALLMARK_GLYCOLYSIS,AKR1A1,0.025210084033613446,0.029198119925936475,0.0010112009065323315,0.011276404359821128,0.10000000000000002,0.13642939892153666,0.003231485170082439,0.458047872850866
HALLMARK_GLYCOLYSIS,GPC4,0.025210084033613446,0.0,0.0005951957792302951,0.005132759754614408,0.10000000000000002,0.0,0.0019020615205677346,0.14945774038617682
HALLMARK_GLYCOLYSIS,B4GALT2,0.03361344537815126,0.014314200256373736,0.0018171106716284619,0.00860472768282734,0.15000000000000002,0.06688368093470455,0.005806923381726787,0.32385178687323435
HALLMARK_GLYCOLYSIS,FUT8,0.01680672268907563,0.0,0.00030145745414293353,0.004908778603056049,0.05,0.0,0.0009633647341301574,0.13820735439047482
HALLMARK_GLYCOLYSIS,B4GALT1,0.04201680672268907,0.028770830366044723,0.0018306531788510956,0.010764023003212171,0.2,0.134432871132441,0.005850201043933151,0.4323113856565396
HALLMARK_GLYCOLYSIS,B3GNT3,0.025210084033613446,7.121492664862555e-05,0.00031611913786132507,0.007069469687472369,0.10000000000000002,0.00033275463151594305,0.0010102189380755398,0.2467370612342303
HALLMARK_GLYCOLYSIS,CXCR4,0.025210084033613446,0.014670274889616863,0.003574824418189117,0.006688092273921625,0.10000000000000002,0.06854745409228427,0.011424032571965826,0.22758079258110486
HALLMARK_GLYCOLYSIS,ME1,0.07563025210084033,0.0007202199127418603,0.15865256533014135,0.009231573710088106,0.4,0.003365256736938418,0.5070045020212762,0.35533773878253355
HALLMARK_GLYCOLYSIS,ME2,0.058823529411764705,0.00027955524172534353,0.11965511245006386,0.007447261133482663,0.30000000000000004,0.0013062331989421832,0.38238071080543035,0.26571320973564905
HALLMARK_GLYCOLYSIS,AK4,0.008403361344537815,0.0,0.023638409390557898,0.0021877421317222146,0.0,0.0,0.07554104124755653,0.0015319672076732893
HALLMARK_GLYCOLYSIS,B4GALT4,0.01680672268907563,0.0,0.00017741289813615136,0.005083372077187559,0.05,0.0,0.0005669567200788358,0.14697703863686692
HALLMARK_GLYCOLYSIS,ERO1A,0.008403361344537815,0.0,0.002509915731810933,0.0027104917366068924,0.0,0.0,0.008020913957956703,0.027789242845087662
HALLMARK_GLYCOLYSIS,ARTN,0.008403361344537815,0.0,0.0001863467456634821,0.0025946183303375836,0.0,0.0,0.0005955065320992268,0.021969018517743518
HALLMARK_GLYCOLYSIS,ALDH9A1,0.008403361344537815,0.0,8.356727761296348e-05,0.004439486117866372,0.0,0.0,0.0002670551584417667,0.11463518518546714
HALLMARK_GLYCOLYSIS,QSOX1,0.008403361344537815,0.0,0.0027275607173840037,0.002715172349021938,0.0,0.0,0.00871643997922387,0.028024346093727847
HALLMARK_GLYCOLYSIS,HS6ST2,0.01680672268907563,5.595458522392007e-05,0.0003089509965973567,0.0038923558553889915,0.05,0.00026145006761966956,0.0009873117768557144,0.08715328949927387
HALLMARK_GLYCOLYSIS,ALDH7A1,0.008403361344537815,0.0,8.356727761296348e-05,0.004439486117866372,0.0,0.0,0.0002670551584417667,0.11463518518546714
HALLMARK_GLYCOLYSIS,PRPS1,0.008403361344537815,0.0,0.011120019705489518,0.002288038166930797,0.0,0.0,0.03553614176686359,0.006569753209238093
HALLMARK_GLYCOLYSIS,PPIA,0.008403361344537815,0.0,0.021156616289242296,0.002157242575577617,0.0,0.0,0.0676099985138069,0.0
HALLMARK_GLYCOLYSIS,SLC16A3,0.01680672268907563,0.002696671889094621,0.023991012922281372,0.003438287925518779,0.05,0.012600308713403712,0.07666785301792026,0.06434583698031403
HALLMARK_GLYCOLYSIS,GLRX,0.008403361344537815,0.0,0.0027275607173840037,0.002715172349021938,0.0,0.0,0.00871643997922387,0.028024346093727847
HALLMARK_GLYCOLYSIS,CLDN3,0.008403361344537815,0.0,1.2886887931286233e-18,0.008333333333333333,0.0,0.0,0.0,0.310219875582411
HALLMARK_GLYCOLYSIS,CLDN9,0.008403361344537815,0.0,1.2886887931286233e-18,0.008333333333333333,0.0,0.0,0.0,0.310219875582411
HALLMARK_GLYCOLYSIS,ARPP19,0.008403361344537815,0.0,0.00039241711702921693,0.002737804822900972,0.0,0.0,0.0012540436682508768,0.029161156336041612
HALLMARK_GLYCOLYSIS,TFF3,0.008403361344537815,0.0,0.00029554620734921917,0.0031449902264621236,0.0,0.0,0.0009444742186775048,0.04961373875204478
HALLMARK_HEDGEHOG_SIGNALING,GLI1,0.06666666666666667,0.0,4.8385400373648235e-15,0.0625,0.0,0.0,0.0,0.3484848484848486
HALLMARK_HEDGEHOG_SIGNALING,PTCH1,0.06666666666666667,0.0,4.8385400373648235e-15,0.0625,0.0,0.0,0.0,0.3484848484848486
HALLMARK_HEDGEHOG_SIGNALING,NRP1,0.2,0.0761904761904762,0.6279630289646069,0.10578504093883676,1.0,1.0,1.0,1.0
HALLMARK_HEDGEHOG_SIGNALING,CRMP1,0.13333333333333333,0.0380952380952381,0.4440369161153178,0.07407623187899123,0.4999999999999999,0.5,0.7071067811865452,0.5227272727272729
HALLMARK_HEDGEHOG_SIGNALING,L1CAM,0.06666666666666667,0.0,0.32505758303261223,0.03934753624201753,0.0,0.0,0.5176380902050378,0.0
HALLMARK_HEDGEHOG_SIGNALING,NRP2,0.13333333333333333,0.0380952380952381,0.4440369161153178,0.07407623187899123,0.4999999999999999,0.5,0.7071067811865452,0.5227272727272729
HALLMARK_HEDGEHOG_SIGNALING,RASA1,0.06666666666666667,0.0,4.8385400373648235e-15,0.0625,0.0,0.0,0.0,0.3484848484848486
HALLMARK_HEDGEHOG_SIGNALING,NF1,0.06666666666666667,0.0,4.8385400373648235e-15,0.0625,0.0,0.0,0.0,0.3484848484848486
HALLMARK_HEDGEHOG_SIGNALING,NKX6-1,0.06666666666666667,0.0,2.3314220701356395e-05,0.04386029644611325,0.0,0.0,3.712674094040028e-05,0.0679248900856412
HALLMARK_HEDGEHOG_SIGNALING,TLE3,0.13333333333333333,0.01904761904761905,3.7723201516011056e-05,0.0811397035538867,0.4999999999999999,0.25,6.0072328737841924e-05,0.6290448068840553
HALLMARK_HEDGEHOG_SIGNALING,DPYSL2,0.06666666666666667,0.0,0.22985042123846935,0.040857479530581595,0.0,0.0,0.36602540378443377,0.022727272727272547
HALLMARK_HEDGEHOG_SIGNALING,HEY1,0.06666666666666667,0.0,4.8385400373648235e-15,0.0625,0.0,0.0,0.0,0.3484848484848486
HALLMARK_HEDGEHOG_SIGNALING,HEY2,0.06666666666666667,0.0,4.8385400373648235e-15,0.0625,0.0,0.0,0.0,0.3484848484848486
HALLMARK_HEDGEHOG_SIGNALING,NRCAM,0.06666666666666667,0.0,0.22985042123846935,0.040857479530581595,0.0,0.0,0.36602540378443377,0.022727272727272547
HALLMARK_HEDGEHOG_SIGNALING,TLE1,0.13333333333333333,0.01904761904761905,3.7723201516011056e-05,0.0811397035538867,0.4999999999999999,0.25,6.0072328737841924e-05,0.6290448068840553
HALLMARK_HEDGEHOG_SIGNALING,LDB1,0.06666666666666667,0.0,2.3314220701356395e-05,0.04386029644611325,0.0,0.0,3.712674094040028e-05,0.0679248900856412
HALLMARK_HEME_METABOLISM,ACP5,0.015151515151515152,0.0,0.01365812212442309,0.007510172318408632,0.0,0.0,0.0338287366986908,0.04974398815505623
HALLMARK_HEME_METABOLISM,BLVRB,0.045454545454545456,0.016317016317016316,0.07375791601314453,0.01860481014471244,0.25000000000000006,0.2517985611510791,0.18268522550337124,0.3943460587240788
HALLMARK_HEME_METABOLISM,UROD,0.09090909090909091,0.00337995337995338,0.4037431916560949,0.02031625215788833,0.6250000000000001,0.05215827338129497,1.0,0.4475038517618088
HALLMARK_HEME_METABOLISM,FECH,0.13636363636363635,0.0648018648018648,0.3709984087497805,0.03810414488589452,1.0,1.0,0.9188970028893859,1.0
HALLMARK_HEME_METABOLISM,CPOX,0.06060606060606061,0.0,0.299052582644003,0.013751347524718023,0.37500000000000006,0.0,0.74070000144729,0.24359636373952165
HALLMARK_HEME_METABOLISM,UROS,0.09090909090909091,0.00337995337995338,0.4037431916560949,0.02031625215788833,0.6250000000000001,0.05215827338129497,1.0,0.4475038517618088
HALLMARK_HEME_METABOLISM,HMBS,0.06060606060606061,0.0,0.299052582644003,0.013751347524718023,0.37500000000000006,0.0,0.74070000144729,0.24359636373952165
HALLMARK_HEME_METABOLISM,ALAD,0.09090909090909091,0.00337995337995338,0.40374319165609485,0.02031625215788833,0.6250000000000001,0.05215827338129497,0.9999999999999999,0.4475038517618088
HALLMARK_HEME_METABOLISM,PPOX,0.09090909090909091,0.00337995337995338,0.40374319165609485,0.02031625215788833,0.6250000000000001,0.05215827338129497,0.9999999999999999,0.4475038517618088
HALLMARK_HEME_METABOLISM,LMO2,0.015151515151515152,0.0,5.787060333842442e-26,0.014925373134328358,0.0,0.0,0.0,0.2800618763868655
HALLMARK_HEME_METABOLISM,TAL1,0.015151515151515152,0.0,5.787060333842442e-26,0.014925373134328358,0.0,0.0,0.0,0.2800618763868655
HALLMARK_HEME_METABOLISM,HTRA2,0.030303030303030304,0.0,7.534626724976687e-16,0.014315058852245122,0.12500000000000003,0.0,1.866192886991371e-15,0.2611053706769539
HALLMARK_HEME_METABOLISM,FBXO7,0.030303030303030304,0.0,7.534626724976687e-16,0.014315058852245122,0.12500000000000003,0.0,1.866192886991371e-15,0.2611053706769539
HALLMARK_HEME_METABOLISM,SNCA,0.045454545454545456,0.0018648018648018648,9.149445991259754e-16,0.021149479933612787,0.25000000000000006,0.02877697841726619,2.266154867689873e-15,0.4733841032189154
HALLMARK_HEME_METABOLISM,GYPC,0.09090909090909091,0.005827505827505828,5.523222167533167e-05,0.02590470578596331,0.6250000000000001,0.08992805755395684,0.00013680037909438736,0.6210825410046269
HALLMARK_HEME_METABOLISM,ACKR1,0.015151515151515152,0.0,1.2736408631640649e-05,0.0059086394787916585,0.0,0.0,3.154581648645958e-05,0.0
HALLMARK_HEME_METABOLISM,ADD1,0.07575757575757576,0.009790209790209791,5.048684581111696e-05,0.021963239289548287,0.5000000000000001,0.15107913669064751,0.00012504692798416582,0.4986596609604619
HALLMARK_HEME_METABOLISM,EPB41,0.07575757575757576,0.0016317016317016317,5.28455897232164e-05,0.020984782811464278,0.5000000000000001,0.025179856115107917,0.00013088911668442409,0.4682685717164289
HALLMARK_HEME_METABOLISM,DMTN,0.07575757575757576,0.004195804195804196,5.0351171821418455e-05,0.021870169398448727,0.5000000000000001,0.06474820143884892,0.00012471088766818678,0.49576888816709463
HALLMARK_HEME_METABOLISM,MPP1,0.030303030303030304,0.0,2.4922466057527673e-05,0.009476052732411209,0.12500000000000003,0.0,6.172851102528665e-05,0.11080469800087438
HALLMARK_HEME_METABOLISM,ADD2,0.06060606060606061,0.0,4.817545424478665e-05,0.016927730981562625,0.37500000000000006,0.0,0.0001193220226133797,0.3422555839219711
HALLMARK_HEME_METABOLISM,LPIN2,0.030303030303030304,0.0,2.4599693945958902e-17,0.014925373134328358,0.12500000000000003,0.0,6.0929061830576e-17,0.2800618763868655
HALLMARK_HEME_METABOLISM,MBOAT2,0.030303030303030304,0.0,2.4599693945958902e-17,0.014925373134328358,0.12500000000000003,0.0,6.0929061830576e-17,0.2800618763868655
HALLMARK_HEME_METABOLISM,AGPAT4,0.030303030303030304,0.0,2.4599693945958902e-17,0.014925373134328358,0.12500000000000003,0.0,6.0929061830576e-17,0.2800618763868655
HALLMARK_HEME_METABOLISM,BLVRA,0.015151515151515152,0.0,0.01365812212442309,0.007510172318408632,0.0,0.0,0.0338287366986908,0.04974398815505623
HALLMARK_HEME_METABOLISM,KAT2B,0.015151515151515152,0.0,2.250503046781398e-20,0.010473946059177794,0.0,0.0,5.574081015434234e-20,0.14179950035444866
HALLMARK_HEME_METABOLISM,FOXO3,0.030303030303030304,0.0009324009324009324,3.641390421477496e-20,0.019376800209478916,0.12500000000000003,0.014388489208633094,9.019061397619464e-20,0.41832425241928206
HALLMARK_HEME_METABOLISM,SLC2A1,0.030303030303030304,0.007459207459207459,1.2334883671702753e-05,0.012169668508851973,0.12500000000000003,0.11510791366906475,3.0551310651473484e-05,0.19446904003808643
HALLMARK_HEME_METABOLISM,USP15,0.015151515151515152,0.0,5.787060333842442e-26,0.014925373134328358,0.0,0.0,0.0,0.2800618763868655
HALLMARK_HEME_METABOLISM,BTRC,0.015151515151515152,0.0,5.787060333842442e-26,0.014925373134328358,0.0,0.0,0.0,0.2800618763868655
HALLMARK_HEME_METABOLISM,RHCE,0.015151515151515152,0.0,5.002965361898011e-22,0.011494919875529044,0.0,0.0,1.2390021080839968e-21,0.1735111881643256
HALLMARK_HEME_METABOLISM,KEL,0.030303030303030304,0.0004662004662004662,7.075261466878987e-22,0.02178627965192698,0.12500000000000003,0.007194244604316547,1.7522729564370608e-21,0.49316325283194506
HALLMARK_HEME_METABOLISM,RANBP10,0.015151515151515152,0.0,5.787060333842442e-26,0.014925373134328358,0.0,0.0,0.0,0.2800618763868655
HALLMARK_HEME_METABOLISM,YPEL5,0.015151515151515152,0.0,5.787060333842442e-26,0.014925373134328358,0.0,0.0,0.0,0.2800618763868655
HALLMARK_HEME_METABOLISM,RNF123,0.015151515151515152,0.0,5.787060333842442e-26,0.014925373134328358,0.0,0.0,0.0,0.2800618763868655
HALLMARK_HEME_METABOLISM,UBAC1,0.015151515151515152,0.0,5.787060333842442e-26,0.014925373134328358,0.0,0.0,0.0,0.2800618763868655
HALLMARK_HEME_METABOLISM,GLRX5,0.045454545454545456,0.008391608391608392,0.08741603813756764,0.016002286027558855,0.25000000000000006,0.12949640287769784,0.2165139622020621,0.3135110451330381
HALLMARK_HEME_METABOLISM,SLC25A38,0.015151515151515152,0.0,0.01618726489375566,0.006772787885252185,0.0,0.0,0.04009297302911262,0.026840653548798797
HALLMARK_HEME_METABOLISM,ISCA1,0.030303030303030304,0.0,0.08488689536823506,0.010371508382229434,0.12500000000000003,0.0,0.21024972587164023,0.1386177619206808
HALLMARK_HEME_METABOLISM,MXI1,0.030303030303030304,0.0009324009324009324,3.641390421477496e-20,0.019376800209478916,0.12500000000000003,0.014388489208633094,9.019061397619464e-20,0.41832425241928206
HALLMARK_HEME_METABOLISM,CDC27,0.015151515151515152,0.0,2.250503046781398e-20,0.010473946059177794,0.0,0.0,5.574081015434234e-20,0.14179950035444866
HALLMARK_HEME_METABOLISM,OSBP2,0.015151515151515152,0.0,1.161085105663884e-05,0.005956734940066547,0.0,0.0,2.8758010776634635e-05,0.001493856383577008
HALLMARK_HEME_METABOLISM,BSG,0.030303030303030304,0.004195804195804196,3.004138107412931e-06,0.014581461320885437,0.12500000000000003,0.06474820143884892,7.440715210801204e-06,0.26937989425630854
HALLMARK_HEME_METABOLISM,ABCG2,0.015151515151515152,0.0,6.92746541082624e-07,0.00843591922961785,0.0,0.0,1.715809840015085e-06,0.07849790580608909
HALLMARK_HEME_METABOLISM,BMP2K,0.015151515151515152,0.0,5.002965361898011e-22,0.011494919875529044,0.0,0.0,1.2390021080839968e-21,0.1735111881643256
HALLMARK_HEME_METABOLISM,PICALM,0.030303030303030304,0.0004662004662004662,7.075261466878987e-22,0.02178627965192698,0.12500000000000003,0.007194244604316547,1.7522729564370608e-21,0.49316325283194506
HALLMARK_HEME_METABOLISM,H1-0,0.015151515151515152,0.0,5.002965361898011e-22,0.011494919875529044,0.0,0.0,1.2390021080839968e-21,0.1735111881643256
HALLMARK_HEME_METABOLISM,H4C3,0.030303030303030304,0.0004662004662004662,7.075261466878987e-22,0.02178627965192698,0.12500000000000003,0.007194244604316547,1.7522729564370608e-21,0.49316325283194506
HALLMARK_HEME_METABOLISM,CTSB,0.015151515151515152,0.0,2.344081276095846e-16,0.008981680168421064,0.0,0.0,5.805871960099352e-16,0.09544936943128224
HALLMARK_HEME_METABOLISM,LAMP2,0.030303030303030304,0.0013986013986013986,5.190545449459546e-16,0.015865587865117676,0.12500000000000003,0.02158273381294964,1.2856056909814354e-15,0.3092651679302214
HALLMARK_HEME_METABOLISM,XK,0.015151515151515152,0.0,5.002965361898011e-22,0.011494919875529044,0.0,0.0,1.2390021080839968e-21,0.1735111881643256
HALLMARK_HEME_METABOLISM,E2F2,0.030303030303030304,0.0004662004662004662,7.075261466878987e-22,0.02178627965192698,0.12500000000000003,0.007194244604316547,1.7522729564370608e-21,0.49316325283194506
HALLMARK_HEME_METABOLISM,TFDP2,0.015151515151515152,0.0,5.002965361898011e-22,0.011494919875529044,0.0,0.0,1.2390021080839968e-21,0.1735111881643256
HALLMARK_HEME_METABOLISM,CCND3,0.015151515151515152,0.0,5.002965361898011e-22,0.011494919875529044,0.0,0.0,1.2390021080839968e-21,0.1735111881643256
HALLMARK_HEME_METABOLISM,GCLM,0.015151515151515152,0.0,5.787060333842442e-26,0.014925373134328358,0.0,0.0,0.0,0.2800618763868655
HALLMARK_HEME_METABOLISM,GCLC,0.015151515151515152,0.0,5.787060333842442e-26,0.014925373134328358,0.0,0.0,0.0,0.2800618763868655
HALLMARK_HEME_METABOLISM,MINPP1,0.015151515151515152,0.0,0.013173158826017979,0.007389051127055251,0.0,0.0,0.032627568955364,0.045981935352286445
HALLMARK_HEME_METABOLISM,BPGM,0.030303030303030304,0.008391608391608392,0.0711389701648542,0.012118214892823963,0.12500000000000003,0.12949640287769784,0.17619856293564395,0.1928708785749445
HALLMARK_HEME_METABOLISM,DCAF10,0.015151515151515152,0.0,5.787060333842442e-26,0.014925373134328358,0.0,0.0,0.0,0.2800618763868655
HALLMARK_HEME_METABOLISM,DCAF11,0.015151515151515152,0.0,5.787060333842442e-26,0.014925373134328358,0.0,0.0,0.0,0.2800618763868655
HALLMARK_HEME_METABOLISM,TCEA1,0.015151515151515152,0.0,5.002965361898011e-22,0.011494919875529044,0.0,0.0,1.2390021080839968e-21,0.1735111881643256
HALLMARK_HEME_METABOLISM,OPTN,0.030303030303030304,0.008391608391608392,0.0027227413430724774,0.015724105651085552,0.12500000000000003,0.12949640287769784,0.006743745527705854,0.3048706969553719
HALLMARK_HEME_METABOLISM,TFRC,0.045454545454545456,0.023310023310023312,0.01419942829332272,0.020830617766698294,0.25000000000000006,0.3597122302158274,0.035169455700488135,0.46348016902429495
HALLMARK_HEME_METABOLISM,BNIP3L,0.015151515151515152,0.0,0.0005041836291891107,0.008921597559465639,0.0,0.0,0.0012487730805342474,0.09358318941032284
HALLMARK_HEME_METABOLISM,SLC11A2,0.030303030303030304,0.027972027972027972,0.07132900961383415,0.011739505271480764,0.12500000000000003,0.43165467625899284,0.1766692568145932,0.18110806831448967
HALLMARK_HEME_METABOLISM,MARCHF8,0.015151515151515152,0.0,0.002629379139354746,0.008140784774503515,0.0,0.0,0.006512503972065563,0.06933095994260766
HALLMARK_HEME_METABOLISM,SYNJ1,0.015151515151515152,0.0,5.002965361898011e-22,0.011494919875529044,0.0,0.0,1.2390021080839968e-21,0.1735111881643256
HALLMARK_HYPOXIA,DCN,0.07317073170731708,0.036857102157636504,0.014948191173666312,0.013068273479957463,0.25806451612903225,0.10434353186518587,0.04860249062173716,0.24476882506670547
HALLMARK_HYPOXIA,EGFR,0.2601626016260163,0.35322843207240373,0.11293046461912198,0.04694728974126488,1.0,1.0,0.3671816732735225,1.0
HALLMARK_HYPOXIA,BCAN,0.024390243902439025,0.0,0.0024860244239751587,0.005013792455909925,0.06451612903225805,0.0,0.008083050139505756,0.0652182997400117
HALLMARK_HYPOXIA,CCN2,0.0813008130081301,0.03272360324063756,0.03398086053329341,0.013689050923155933,0.2903225806451613,0.09264147579697088,0.11048523772544704,0.25860719847704294
HALLMARK_HYPOXIA,GPC1,0.0813008130081301,0.06693457166578197,0.01257523131318149,0.014858404364187845,0.2903225806451613,0.18949372583932292,0.040887058164053046,0.2846744303698246
HALLMARK_HYPOXIA,BGN,0.06504065040650407,0.0032225205156032827,0.004434944006788892,0.012296847358305668,0.22580645161290322,0.00912304962739449,0.01441975968822315,0.2275721906740268
HALLMARK_HYPOXIA,SDC4,0.06504065040650407,0.024273815868768926,0.015887319290175127,0.011301006378095967,0.22580645161290322,0.06871988114420345,0.05165596812580058,0.20537289929762856
HALLMARK_HYPOXIA,TGFBI,0.016260162601626018,0.0,0.0015078120115307773,0.003750698299061384,0.03225806451612903,0.0,0.004902494107706356,0.03706139941060144
HALLMARK_HYPOXIA,SDC2,0.06504065040650407,0.009470658731226142,0.00421478100760957,0.011949169544905198,0.22580645161290322,0.0268117112647514,0.013703922569300215,0.21982175537545054
HALLMARK_HYPOXIA,TGFB3,0.024390243902439025,0.0006871130475899092,0.004151119469747856,0.004914381226729749,0.06451612903225805,0.001945237090793039,0.01349693369279052,0.06300222419530786
HALLMARK_HYPOXIA,SLC2A3,0.032520325203252036,6.108667644053488e-05,0.05501871190306183,0.004400293472024948,0.09677419354838708,0.00017293816378862026,0.17888762581518172,0.05154217777572085
HALLMARK_HYPOXIA,HK1,0.0894308943089431,0.016648939067354214,0.17496549052665722,0.010307072959248409,0.3225806451612903,0.047133632391011954,0.5688821151438218,0.18321613128724776
HALLMARK_HYPOXIA,LDHA,0.0975609756097561,0.014206257412004153,0.19884166253993218,0.011143811932651104,0.3548387096774193,0.04021832933621888,0.6465130079305349,0.20186872004960546
HALLMARK_HYPOXIA,HK2,0.13008130081300814,0.017007880145637894,0.21628964692945532,0.014965023417437976,0.48387096774193544,0.048149805059156926,0.7032433164881303,0.287051182759425
HALLMARK_HYPOXIA,PFKFB3,0.05691056910569106,0.0004267262290140096,0.11726428895163238,0.006674593584073213,0.19354838709677416,0.0012080744081397743,0.3812726528462323,0.10224088556951232
HALLMARK_HYPOXIA,PYGM,0.0813008130081301,0.022786173066841695,0.11287720662786707,0.010862853363614451,0.2903225806451613,0.06450832095580304,0.3670085104479721,0.19560559043083123
HALLMARK_HYPOXIA,PHKG1,0.008130081300813009,0.0,0.008779601782576947,0.002132835267529095,0.0,0.0,0.028545963076255235,0.000995989814256801
HALLMARK_HYPOXIA,PGM1,0.0813008130081301,0.009202544469218737,0.12935278761244276,0.009910175074142154,0.2903225806451613,0.0260526719642218,0.420577150358142,0.17436848194036647
HALLMARK_HYPOXIA,ENO3,0.11382113821138212,0.006542246338589881,0.23407520496377077,0.012448349678773011,0.4193548387096774,0.0185212903168816,0.7610712106809743,0.2309494810477838
HALLMARK_HYPOXIA,GYS1,0.05691056910569106,0.02153120142500457,0.0537209195913559,0.00859622627300896,0.19354838709677416,0.06095545961201438,0.17466798894234264,0.14507792966375438
HALLMARK_HYPOXIA,GBE1,0.05691056910569106,0.007905912618267029,0.0634041561452724,0.007965991368694655,0.19354838709677416,0.022381869352596447,0.20615202659827522,0.1310287304899028
HALLMARK_HYPOXIA,UGP2,0.05691056910569106,0.01497623172953041,0.06307315903530983,0.008461476740538567,0.19354838709677416,0.04239814910046829,0.20507582388278425,0.14207409251144743
HALLMARK_HYPOXIA,GPI,0.1788617886178862,0.07320968659311612,0.30756018842748,0.01946711819592886,0.6774193548387097,0.20725875933483695,1.0,0.3874118987553004
HALLMARK_HYPOXIA,ALDOA,0.0975609756097561,0.00563842726850785,0.21406491281949494,0.010613895015774383,0.3548387096774193,0.015962552151951637,0.6960098246589856,0.1900558098793976
HALLMARK_HYPOXIA,ENO1,0.14634146341463417,0.11744076174857344,0.23810587769463953,0.018605909171908328,0.5483870967741936,0.33247822396273236,0.7741765243156067,0.3682138235202469
HALLMARK_HYPOXIA,PGM2,0.0813008130081301,0.006191837807670174,0.139094916793804,0.009679225573332504,0.2903225806451613,0.017529273539342353,0.45225267127380947,0.169220154683712
HALLMARK_HYPOXIA,PPP1R15A,0.04065040650406505,0.0010092259392539282,0.012198700908323309,0.007051038021025637,0.12903225806451613,0.0028571480878047213,0.039662808670699115,0.11063258656294932
HALLMARK_HYPOXIA,ATF3,0.0813008130081301,0.004650419273981613,0.029031192029977025,0.013170242988383598,0.2903225806451613,0.013165472684906586,0.09439190481190099,0.24704192978326694
HALLMARK_HYPOXIA,DDIT3,0.05691056910569106,0.0037863883565602886,0.02596590731999868,0.009323847266902751,0.19354838709677416,0.010719375941357308,0.0844254500322665,0.1612980599616975
HALLMARK_HYPOXIA,ERO1A,0.024390243902439025,0.0003030533818218744,0.00834829420183293,0.004610219845527875,0.06451612903225805,0.0008579529684058825,0.027143611286352766,0.056221857388826076
HALLMARK_HYPOXIA,DUSP1,0.05691056910569106,0.0018834313316520427,0.022200933964009625,0.009545531509302653,0.19354838709677416,0.005332049066950484,0.07218403031133663,0.16623984603838138
HALLMARK_HYPOXIA,FOS,0.15447154471544716,0.10054527649453385,0.07127392548911239,0.02512074822751917,0.5806451612903226,0.2846466121218814,0.23173976402319105,0.5134426435226024
HALLMARK_HYPOXIA,HMOX1,0.04065040650406505,0.07197121151539385,0.04017164348372822,0.007750790930014434,0.12903225806451613,0.20375260024550174,0.13061392532343416,0.12623148139338042
HALLMARK_HYPOXIA,GAPDH,0.21951219512195125,0.25910663889343005,0.2925934785838364,0.028421478083502243,0.8387096774193549,0.733538456610761,0.9513372978467509,0.5870225275441611
HALLMARK_HYPOXIA,BCL2,0.11382113821138212,0.05151459387935648,0.0704581610113295,0.01901056097597699,0.4193548387096774,0.14583931870126798,0.2290873905740987,0.37723432326169537
HALLMARK_HYPOXIA,IL6,0.14634146341463417,0.06911318545836857,0.07689523705359406,0.02385265605406264,0.5483870967741936,0.19566144506793823,0.2500168745725856,0.4851743273856588
HALLMARK_HYPOXIA,JUN,0.15447154471544716,0.09594155497390598,0.07334089379430427,0.025519493514126797,0.5806451612903226,0.27161334213957095,0.23846029672854555,0.5223314751516283
HALLMARK_HYPOXIA,CP,0.024390243902439025,0.058110089297614284,0.003166558507305336,0.007846325803858262,0.06451612903225805,0.16451135871673844,0.010295736010228068,0.12836114520840036
HALLMARK_HYPOXIA,MYH9,0.008130081300813009,0.0,0.002857056751342491,0.0026349290092173923,0.0,0.0,0.00928942320509782,0.012188665644545902
HALLMARK_HYPOXIA,S100A4,0.032520325203252036,0.014927362388377982,0.03673100091020873,0.006707062428044065,0.09677419354838708,0.042259798569437394,0.11942703344672184,0.1029646811777348
HALLMARK_HYPOXIA,SERPINE1,0.06504065040650407,0.019295966319842164,0.045452216460898386,0.011229570667275712,0.22580645161290322,0.05462744379503101,0.1477831597557875,0.20378045412747195
HALLMARK_HYPOXIA,PLAUR,0.04878048780487805,0.0073461094077736395,0.042941127103453325,0.008364949720316206,0.16129032258064513,0.020797050126100426,0.13961861358912017,0.13992231176512743
HALLMARK_HYPOXIA,VLDLR,0.008130081300813009,0.0,0.0035354700068846844,0.0024028809965032745,0.0,0.0,0.011495213424601986,0.007015850355833731
HALLMARK_HYPOXIA,CDKN1A,0.0813008130081301,0.030952842796834135,0.05769481513888267,0.013596469673785801,0.2903225806451613,0.08762840130176586,0.18758869746396517,0.2565433768713828
HALLMARK_HYPOXIA,F3,0.024390243902439025,0.0,0.01285698697730814,0.004714436192226313,0.06451612903225805,0.0,0.0418031574341414,0.05854504863373265
HALLMARK_HYPOXIA,ANXA2,0.05691056910569106,0.007264114781381689,0.06384539964915818,0.009189005882129604,0.19354838709677416,0.020564920945810816,0.2075866840100222,0.15829217523746594
HALLMARK_HYPOXIA,GALK1,0.008130081300813009,0.0,0.0049058255584853855,0.0022369479335836483,0.0,0.0,0.01595078213330636,0.003316869809807882
HALLMARK_HYPOXIA,CDKN1B,0.04065040650406505,0.00743728801816712,0.020766045897098788,0.007930744425088317,0.12903225806451613,0.02105517943312855,0.06751864083343556,0.1302430054727622
HALLMARK_HYPOXIA,FOXO3,0.07317073170731708,0.05998042426353455,0.01977811064853378,0.01678413471153071,0.25806451612903225,0.1698063315900911,0.0643064720101031,0.3276028194827476
HALLMARK_HYPOXIA,CDKN1C,0.016260162601626018,0.0,0.0061031651961763545,0.0037137568164915323,0.03225806451612903,0.0,0.019843807572693783,0.03623789972366188
HALLMARK_HYPOXIA,TPI1,0.12195121951219513,0.0038069833166260174,0.25230020275661036,0.013088690860566013,0.45161290322580644,0.010777680874357456,0.8203278975949143,0.2452239694022766
HALLMARK_HYPOXIA,PFKL,0.12195121951219513,0.005192845640474529,0.2607439963043945,0.012939198023177934,0.45161290322580644,0.014701097558902379,0.8477820150831246,0.24189147443388948
HALLMARK_HYPOXIA,FBP1,0.0813008130081301,0.0010804392839813962,0.16609064459218092,0.008990827879241724,0.2903225806451613,0.003058755145055625,0.5400264756026564,0.1538743903521981
HALLMARK_HYPOXIA,PFKP,0.12195121951219513,0.005192845640474529,0.2607439963043945,0.012939198023177934,0.45161290322580644,0.014701097558902379,0.8477820150831246,0.24189147443388948
HALLMARK_HYPOXIA,ALDOC,0.13008130081300814,0.0044335850963542036,0.2686122430180056,0.013868816995907971,0.48387096774193544,0.012551608799841515,0.8733648018340385,0.2626145445372271
HALLMARK_HYPOXIA,LDHC,0.032520325203252036,0.0,0.0871972210841115,0.004334487041681488,0.09677419354838708,0.0,0.28351270536651996,0.050075220549952226
HALLMARK_HYPOXIA,PGK1,0.11382113821138212,0.004781591255894303,0.24118843206861468,0.012406289202549351,0.4193548387096774,0.013536824393893034,0.7841991296135676,0.23001186873248983
HALLMARK_HYPOXIA,ENO2,0.07317073170731708,0.0017211063530770938,0.16961241815921102,0.008241156630312064,0.25806451612903225,0.004872502315227859,0.5514771564760051,0.1371627156749887
HALLMARK_HYPOXIA,LOX,0.024390243902439025,0.013128082100493136,0.011524194353689758,0.005332195386140954,0.06451612903225805,0.03716598356329985,0.03746972068332915,0.07231613921816732
HALLMARK_HYPOXIA,COL5A1,0.016260162601626018,0.0002465680394508863,0.0012414473427588995,0.00402723360718487,0.03225806451612903,0.0006980413156558856,0.004036437060031331,0.04322592567824169
HALLMARK_HYPOXIA,NR3C1,0.032520325203252036,0.0,0.025514061714025295,0.0058768171184708715,0.09677419354838708,0.0,0.08295632098704246,0.08445684919714877
HALLMARK_HYPOXIA,STBD1,0.024390243902439025,8.885334754986894e-05,0.009492399563709356,0.004749727360619774,0.06451612903225805,0.00025154642005617496,0.030863551008480344,0.059331759510016346
HALLMARK_HYPOXIA,PPP1R3C,0.016260162601626018,0.0,0.004916723809010108,0.0035988631310110825,0.03225806451612903,0.0,0.015986216662659602,0.03367668919710605
HALLMARK_HYPOXIA,KLF6,0.024390243902439025,0.0,0.009690247679879065,0.004630251890348502,0.06451612903225805,0.0,0.031506833603608425,0.05666841181737
HALLMARK_HYPOXIA,ZFP36,0.024390243902439025,0.0,0.0129760989588502,0.004634606857267006,0.06451612903225805,0.0,0.04219043766748716,0.05676549275848381
HALLMARK_HYPOXIA,MT2A,0.008130081300813009,0.0,2.0913585025135725e-05,0.0038690735403555444,0.0,0.0,6.799834898029061e-05,0.039700220794199395
HALLMARK_HYPOXIA,MT1E,0.024390243902439025,0.014927362388377982,0.00026885396557750315,0.009382674768918959,0.06451612903225805,0.042259798569437394,0.0008741507376234962,0.16260944288744178
HALLMARK_HYPOXIA,BTG1,0.008130081300813009,0.0,0.0015385072280159565,0.002795055545638306,0.0,0.0,0.005002296415157526,0.01575820707710752
HALLMARK_HYPOXIA,VHL,0.008130081300813009,0.0,6.351210499578614e-31,0.008064516129032258,0.0,0.0,0.0,0.13322504486738873
HALLMARK_HYPOXIA,SIAH2,0.008130081300813009,0.0,6.351210499578614e-31,0.008064516129032258,0.0,0.0,0.0,0.13322504486738873
HALLMARK_HYPOXIA,BHLHE40,0.016260162601626018,0.0,0.0004738730199370854,0.005602199357408565,0.03225806451612903,0.0,0.001540748893281487,0.07833506889677139
HALLMARK_HYPOXIA,RORA,0.024390243902439025,0.029588164734106352,0.005617891373137419,0.007096493438867623,0.06451612903225805,0.08376495787870626,0.01826599015256511,0.11164587893127272
HALLMARK_HYPOXIA,NFIL3,0.016260162601626018,0.0,0.0004738730199370854,0.005602199357408565,0.03225806451612903,0.0,0.001540748893281487,0.07833506889677139
HALLMARK_HYPOXIA,SCARB1,0.024390243902439025,0.00012900822576952122,0.011332148882143145,0.0047923326751711445,0.06451612903225805,0.00036522605219694627,0.03684530478435172,0.060281517363634504
HALLMARK_HYPOXIA,CAV1,0.07317073170731708,0.024065194295590554,0.025847821017698898,0.013457995928484888,0.25806451612903225,0.06812926738201454,0.08404150468841837,0.25345651955078047
HALLMARK_HYPOXIA,NDST1,0.016260162601626018,0.0,0.001086392109289607,0.00401704603587907,0.03225806451612903,0.0,0.00353229107721713,0.04299882429526019
HALLMARK_HYPOXIA,EXT1,0.024390243902439025,9.996001599360256e-05,0.0013906056156972422,0.0054498941676309354,0.06451612903225805,0.00028298972256319687,0.004521409688319055,0.07493988095692657
HALLMARK_HYPOXIA,P4HA1,0.008130081300813009,0.0,6.351210499578614e-31,0.008064516129032258,0.0,0.0,0.0,0.13322504486738873
HALLMARK_HYPOXIA,P4HA2,0.008130081300813009,0.0,6.351210499578614e-31,0.008064516129032258,0.0,0.0,0.0,0.13322504486738873
HALLMARK_HYPOXIA,SDC3,0.04065040650406505,0.004831972398171473,0.0027154285238448527,0.007806387297095664,0.12903225806451613,0.013679454878029266,0.008828933737258153,0.1274708358453789
HALLMARK_HYPOXIA,GPC3,0.032520325203252036,0.001987706992207993,0.0015687706234233758,0.006542367386334765,0.09677419354838708,0.005627256505219712,0.005100694701236594,0.09929329860580759
HALLMARK_HYPOXIA,ATP7A,0.024390243902439025,0.014927362388377982,0.00026885396557750315,0.009382674768918957,0.06451612903225805,0.042259798569437394,0.0008741507376234962,0.16260944288744172
HALLMARK_HYPOXIA,FOSL2,0.016260162601626018,0.0,0.01124910304144555,0.003475385973278242,0.03225806451612903,0.0,0.03657528986102176,0.03092413587050606
HALLMARK_HYPOXIA,ACKR3,0.024390243902439025,0.015804089829549003,0.009952771267791928,0.006434192506187292,0.06451612903225805,0.044741839542264045,0.0323604017759233,0.09688186371637873
HALLMARK_HYPOXIA,CXCR4,0.032520325203252036,0.002250951471263347,0.014246848481451678,0.006584622073683984,0.09677419354838708,0.006372509308089768,0.04632214772104992,0.10023524027634058
HALLMARK_HYPOXIA,ADM,0.008130081300813009,0.0,0.0007741976280081469,0.003032749544632644,0.0,0.0,0.002517223155462775,0.021056882716048865
HALLMARK_HYPOXIA,PDGFB,0.008130081300813009,0.0,0.008784312183656006,0.002456805625787261,0.0,0.0,0.02856127845599649,0.00821793842172894
HALLMARK_HYPOXIA,SLC2A1,0.04065040650406505,0.02479440988832252,0.07007874217174843,0.006162036541194555,0.12903225806451613,0.07019369800684741,0.22785374963532506,0.09081496178447958
HALLMARK_HYPOXIA,EFNA1,0.008130081300813009,0.0,0.008784312183656006,0.002456805625787261,0.0,0.0,0.02856127845599649,0.00821793842172894
HALLMARK_HYPOXIA,ERRFI1,0.008130081300813009,0.0,0.008784312183656006,0.002456805625787261,0.0,0.0,0.02856127845599649,0.00821793842172894
HALLMARK_HYPOXIA,PRKCA,0.04065040650406505,0.0035376719749569117,0.01844181205044823,0.007525422299540315,0.12903225806451613,0.010015252606369382,0.05996163594754933,0.12120756292203848
HALLMARK_HYPOXIA,IRS2,0.008130081300813009,0.0,0.008784312183656006,0.002456805625787261,0.0,0.0,0.02856127845599649,0.00821793842172894
HALLMARK_HYPOXIA,EFNA3,0.008130081300813009,0.0,0.008784312183656006,0.002456805625787261,0.0,0.0,0.02856127845599649,0.00821793842172894
HALLMARK_HYPOXIA,HSPA5,0.06504065040650407,0.017862745673754895,0.0691600546472498,0.010065194729107564,0.22580645161290322,0.05056995431809816,0.22486673259259343,0.1778241807497499
HALLMARK_HYPOXIA,IGFBP3,0.016260162601626018,0.0,0.0147656846364561,0.003583275155985127,0.03225806451612903,0.0,0.048009089576747085,0.03332920199137132
HALLMARK_HYPOXIA,NEDD4L,0.008130081300813009,0.0,0.008784312183656006,0.002456805625787261,0.0,0.0,0.02856127845599649,0.00821793842172894
HALLMARK_HYPOXIA,AKAP12,0.024390243902439025,4.442667377493447e-05,0.011143770521357193,0.005197523463960116,0.06451612903225805,0.00012577321002808748,0.03623281211503353,0.06931403215476599
HALLMARK_HYPOXIA,PGF,0.008130081300813009,0.0,0.008784312183656006,0.002456805625787261,0.0,0.0,0.02856127845599649,0.00821793842172894
HALLMARK_HYPOXIA,CAVIN1,0.032520325203252036,0.004359626481801952,0.011890143934065822,0.006876121007358288,0.09677419354838708,0.01234222980359726,0.03865956772512972,0.10673333574855401
HALLMARK_HYPOXIA,PLIN2,0.008130081300813009,0.0,6.351210499578614e-31,0.008064516129032258,0.0,0.0,0.0,0.13322504486738873
HALLMARK_HYPOXIA,ANGPTL4,0.008130081300813009,0.0,6.351210499578614e-31,0.008064516129032258,0.0,0.0,0.0,0.13322504486738873
HALLMARK_HYPOXIA,PDK1,0.032520325203252036,0.014969012395041982,0.03796955279750307,0.005942408910702706,0.09677419354838708,0.04237771095383873,0.12345405623412133,0.08591902170921796
HALLMARK_HYPOXIA,GAA,0.016260162601626018,0.0,0.030431917328484125,0.0028008047262876954,0.03225806451612903,0.0,0.09894621759753441,0.01588636783665416
HALLMARK_HYPOXIA,SAP30,0.008130081300813009,0.0,6.351210499578614e-31,0.008064516129032258,0.0,0.0,0.0,0.13322504486738873
HALLMARK_HYPOXIA,RBPJ,0.008130081300813009,0.0,6.351210499578614e-31,0.008064516129032258,0.0,0.0,0.0,0.13322504486738873
HALLMARK_HYPOXIA,MAFF,0.024390243902439025,0.0,0.01350741604019475,0.0045949753755541636,0.06451612903225805,0.0,0.043917959958525904,0.05588202759918044
HALLMARK_HYPOXIA,CCN1,0.024390243902439025,0.00020865693522946415,0.010445784734686613,0.004616894118493553,0.06451612903225805,0.0005907138731875758,0.033963383843971205,0.056370640310231375
HALLMARK_HYPOXIA,ETS1,0.016260162601626018,0.0,0.01124910304144555,0.003475385973278242,0.03225806451612903,0.0,0.03657528986102176,0.03092413587050606
HALLMARK_HYPOXIA,GPC4,0.024390243902439025,0.0,0.0006611622980796995,0.005197033644987161,0.06451612903225805,0.0,0.002149700523530521,0.06930311310813264
HALLMARK_HYPOXIA,CAVIN3,0.016260162601626018,0.0,0.002935536501552343,0.003942055786767184,0.03225806451612903,0.0,0.00954459195958165,0.04132714134235249
HALLMARK_HYPOXIA,GRHPR,0.008130081300813009,0.0,0.02275837227355631,0.002104380535135587,0.0,0.0,0.0739964830621195,0.00036167679842981994
HALLMARK_HYPOXIA,CCNG2,0.008130081300813009,0.0,0.0015385072280159565,0.002795055545638306,0.0,0.0,0.005002296415157526,0.01575820707710752
HALLMARK_HYPOXIA,PCK1,0.032520325203252036,0.00044954102791791307,0.06283755888653682,0.0043859919865282815,0.09677419354838708,0.0012726637696757305,0.20430979447573516,0.05122336900005771
HALLMARK_HYPOXIA,MXI1,0.008130081300813009,0.0,0.0015385072280159565,0.002795055545638306,0.0,0.0,0.005002296415157526,0.01575820707710752
HALLMARK_HYPOXIA,CITED2,0.008130081300813009,0.0,0.0015385072280159565,0.002795055545638306,0.0,0.0,0.005002296415157526,0.01575820707710752
HALLMARK_HYPOXIA,GLRX,0.008130081300813009,0.0,2.0913585025135725e-05,0.003869073540355545,0.0,0.0,6.799834898029061e-05,0.0397002207941994
HALLMARK_HYPOXIA,MAP3K1,0.008130081300813009,0.0,0.005704938763725217,0.002351441604083815,0.0,0.0,0.018549015699638877,0.005869163200717858
HALLMARK_HYPOXIA,SLC2A5,0.008130081300813009,0.0,0.018520040735948207,0.0020881560272735756,0.0,0.0,0.06021598839121231,0.0
HALLMARK_HYPOXIA,BNIP3L,0.008130081300813009,0.0,0.005480646488923741,0.0023639803581150453,0.0,0.0,0.01781975267002423,0.006148677159038443
HALLMARK_HYPOXIA,PDK3,0.008130081300813009,0.0,0.0029532837255753174,0.0024722830205137,0.0,0.0,0.00960229521471917,0.00856296057095542
HALLMARK_HYPOXIA,AK4,0.008130081300813009,0.0,6.351210499578614e-31,0.008064516129032258,0.0,0.0,0.0,0.13322504486738873
HALLMARK_HYPOXIA,AMPD3,0.008130081300813009,0.0,6.351210499578614e-31,0.008064516129032258,0.0,0.0,0.0,0.13322504486738873
HALLMARK_HYPOXIA,TNFAIP3,0.008130081300813009,0.0,0.0059813724528000965,0.0023361469495527046,0.0,0.0,0.019447811120750603,0.005528214696704721
HALLMARK_HYPOXIA,SELENBP1,0.008130081300813009,0.0,0.018520040735948207,0.0020881560272735756,0.0,0.0,0.06021598839121231,0.0
HALLMARK_IL2_STAT5_SIGNALING,SLC2A3,0.01020408163265306,0.0,1.116668614090812e-18,0.007785332823464829,0.0,0.0,3.062284876021246e-18,0.0984405135036961
HALLMARK_IL2_STAT5_SIGNALING,HK2,0.02040816326530612,0.00021039343572480537,1.5792078987235941e-18,0.01473236465610065,0.0625,0.0006334619615382377,4.333713304941639e-18,0.25175576084696843
HALLMARK_IL2_STAT5_SIGNALING,CDC6,0.02040816326530612,0.0,0.01804699335152472,0.006597570110037132,0.0625,0.0,0.049607592621851875,0.07222757269942301
HALLMARK_IL2_STAT5_SIGNALING,MYC,0.17346938775510204,0.2896766271108791,0.10672076453413665,0.04863686298915949,1.0,0.8721713383750954,0.2933541398381878,1.0
HALLMARK_IL2_STAT5_SIGNALING,CCNE1,0.030612244897959183,0.010276763001357995,0.019169398187946024,0.009354936447461305,0.12500000000000003,0.030941737448590467,0.05269286011197816,0.1330803674213673
HALLMARK_IL2_STAT5_SIGNALING,XBP1,0.02040816326530612,0.0005259835893120133,0.00826751962450891,0.006340007823996662,0.0625,0.0015836549038455937,0.022725765867872578,0.06654338605080493
HALLMARK_IL2_STAT5_SIGNALING,IRF4,0.04081632653061224,0.011119627035890445,0.02964456250758737,0.011013609649827664,0.1875,0.0334794701624729,0.08148700183375272,0.1696859132730221
HALLMARK_IL2_STAT5_SIGNALING,CASP3,0.0510204081632653,0.04155821385991806,0.028025476838346726,0.014614462795403214,0.25,0.12512532807422322,0.07703645759432778,0.24915376428634506
HALLMARK_IL2_STAT5_SIGNALING,IL2RB,0.061224489795918366,0.04187898035993977,0.1497727534797364,0.01331963174946559,0.31250000000000006,0.12609110619177477,0.4116954883151265,0.22057791392920717
HALLMARK_IL2_STAT5_SIGNALING,SELL,0.061224489795918366,0.005843791526518224,0.20657597317401827,0.012843206083081385,0.31250000000000006,0.017594748764171268,0.5678362330539402,0.21006359347666018
HALLMARK_IL2_STAT5_SIGNALING,IL4R,0.061224489795918366,0.03130504042559587,0.09617736283171266,0.013536813850388952,0.31250000000000006,0.09425461514859308,0.26437242713321807,0.22537094328674837
HALLMARK_IL2_STAT5_SIGNALING,CD44,0.17346938775510204,0.3321327064594476,0.33657067024814896,0.03894888293281064,1.0,1.0,0.9251657809650158,0.7861942921265901
HALLMARK_IL2_STAT5_SIGNALING,EOMES,0.02040816326530612,0.015677817518760077,0.022087300046711503,0.00618101606457198,0.0625,0.04720347383395767,0.0607135915380222,0.06303456940666288
HALLMARK_IL2_STAT5_SIGNALING,IL2RA,0.1020408163265306,0.05849740179637085,0.2545681772211107,0.0200034923246939,0.5625,0.17612659234905312,0.6997572495368221,0.36808518926441636
HALLMARK_IL2_STAT5_SIGNALING,IL10RA,0.061224489795918366,0.010648513536163442,0.1288833802143636,0.0126539602479188,0.31250000000000006,0.032061020577217964,0.3542747590618037,0.20588709440113667
HALLMARK_IL2_STAT5_SIGNALING,CTSZ,0.02040816326530612,0.0,0.010953229903070483,0.005969990592885818,0.0625,0.0,0.03010824885570759,0.058377411764847516
HALLMARK_IL2_STAT5_SIGNALING,BCL2L1,0.0510204081632653,0.02697766793601003,0.041959254404141715,0.013003715256783562,0.25,0.08122556860958806,0.115337638722045,0.21360589819900325
HALLMARK_IL2_STAT5_SIGNALING,BCL2,0.061224489795918366,0.021532781452831946,0.03444558872889429,0.015841404224702236,0.31250000000000006,0.06483186098223372,0.0946840673124354,0.276231346949057
HALLMARK_IL2_STAT5_SIGNALING,APLP1,0.01020408163265306,0.0,2.6247373942802976e-21,0.010101010101010102,0.0,0.0,0.0,0.14954559595145353
HALLMARK_IL2_STAT5_SIGNALING,PRNP,0.01020408163265306,0.0,2.6247373942802976e-21,0.010101010101010102,0.0,0.0,0.0,0.14954559595145353
HALLMARK_IL2_STAT5_SIGNALING,IFNGR1,0.030612244897959183,0.0008941721018304228,0.036987222951314964,0.007598951281284106,0.12500000000000003,0.0026922133365375103,0.10167051389906029,0.09432722700550883
HALLMARK_IL2_STAT5_SIGNALING,TNFRSF1B,0.061224489795918366,0.02204872645646893,0.10108687084843049,0.012980149090047594,0.31250000000000006,0.06638529126357212,0.2778676874751008,0.21308581238838636
HALLMARK_IL2_STAT5_SIGNALING,CTLA4,0.07142857142857142,0.00666985608075446,0.26054421400569366,0.01352211858666984,0.375,0.020081900851787474,0.7161841851780294,0.2250466309694669
HALLMARK_IL2_STAT5_SIGNALING,UMPS,0.030612244897959183,0.008415737428992215,0.02108678278246589,0.009290274359581267,0.12500000000000003,0.025338478461529507,0.05796336872311587,0.13165332861747298
HALLMARK_IL2_STAT5_SIGNALING,ENPP1,0.030612244897959183,0.008415737428992215,0.02108678278246589,0.009290274359581267,0.12500000000000003,0.025338478461529507,0.05796336872311587,0.13165332861747298
HALLMARK_IL2_STAT5_SIGNALING,UCK2,0.02040816326530612,0.0,0.006045270934176911,0.006779637762623717,0.0625,0.0,0.0166172465379688,0.07624565522185911
HALLMARK_IL2_STAT5_SIGNALING,NT5E,0.07142857142857142,0.06971082135714994,0.11997578863676894,0.018624414351017703,0.375,0.20988845723828595,0.3297895627958107,0.3376500788843904
HALLMARK_IL2_STAT5_SIGNALING,ODC1,0.01020408163265306,0.0,0.015298837085308232,0.003946999569961902,0.0,0.0,0.04205345804329953,0.013731672904727522
HALLMARK_IL2_STAT5_SIGNALING,TNFSF10,0.02040816326530612,0.017041868293709236,0.004102125351341663,0.008277891730141311,0.0625,0.05131041888459725,0.011275926097459086,0.1093108812272861
HALLMARK_IL2_STAT5_SIGNALING,TNFRSF21,0.01020408163265306,0.0,0.0005881275376289205,0.005033266338886235,0.0,0.0,0.0016166455391265168,0.037704682151069605
HALLMARK_IL2_STAT5_SIGNALING,BATF3,0.04081632653061224,0.005337314110720382,0.052545086228826435,0.00999371914295382,0.1875,0.016069823919530345,0.14443598338775232,0.14717777323689227
HALLMARK_IL2_STAT5_SIGNALING,IRF8,0.04081632653061224,0.019967171944870233,0.07851631926705001,0.009974850541964677,0.1875,0.060118053887921345,0.21582573365540705,0.1467613588174157
HALLMARK_IL2_STAT5_SIGNALING,ITGAE,0.061224489795918366,0.013766872840089749,0.2191432517121212,0.01249472643977793,0.31250000000000006,0.04144991617009162,0.6023811803446134,0.20237293594200292
HALLMARK_IL2_STAT5_SIGNALING,BATF,0.0510204081632653,0.04717062573679448,0.03926262566501382,0.013226071142515039,0.25,0.14202342864584422,0.10792514305934045,0.2185131087085338
HALLMARK_IL2_STAT5_SIGNALING,LIF,0.04081632653061224,0.042631516390195134,0.0677779603976996,0.009954362414867022,0.1875,0.12835687531242973,0.1863081225031328,0.14630920279607423
HALLMARK_IL2_STAT5_SIGNALING,IGF2R,0.030612244897959183,0.01358012210105625,0.015365715479120082,0.008433006894925868,0.12500000000000003,0.04088763869665556,0.042237293436309296,0.11273414463366864
HALLMARK_IL2_STAT5_SIGNALING,BHLHE40,0.02040816326530612,0.0,0.001545847345024635,0.006989425946538757,0.0625,0.0,0.004249226663624527,0.08087550694580418
HALLMARK_IL2_STAT5_SIGNALING,RORA,0.030612244897959183,0.01902307314678449,0.006468532470229242,0.009513012393991861,0.12500000000000003,0.057275519022415664,0.017780708253945402,0.13656897283231426
HALLMARK_IL2_STAT5_SIGNALING,NFIL3,0.030612244897959183,0.006917268625663324,0.004314966616457558,0.009807946597128341,0.12500000000000003,0.020826821602129394,0.011860984371007839,0.14307792678462455
HALLMARK_IL2_STAT5_SIGNALING,CD81,0.030612244897959183,0.017041868293709236,0.06681552747316499,0.009236455114625852,0.12500000000000003,0.05131041888459725,0.18366258595772614,0.13046558238988198
HALLMARK_IL2_STAT5_SIGNALING,ALCAM,0.02040816326530612,0.0,0.06544264151320775,0.005724131886559399,0.0625,0.0,0.17988879571515007,0.05295151344164519
HALLMARK_IL2_STAT5_SIGNALING,TNFRSF18,0.09183673469387754,0.024031048783836495,0.3087894649923379,0.017337234088978953,0.5,0.07235375594294449,0.8488007773308847,0.30924307500069387
HALLMARK_IL2_STAT5_SIGNALING,PNP,0.01020408163265306,0.0,0.01719759945874853,0.0037766862789993536,0.0,0.0,0.04727277787528523,0.009972999422463857
HALLMARK_IL2_STAT5_SIGNALING,ITGAV,0.0510204081632653,0.010279472613787779,0.08686460709267035,0.01226604621956348,0.25,0.030949895670822385,0.2387735152319072,0.19732615260066474
HALLMARK_IL2_STAT5_SIGNALING,COL6A1,0.030612244897959183,0.0,0.07282323250168336,0.007802565430114936,0.12500000000000003,0.0,0.20017657129821562,0.09882082288107924
HALLMARK_IL2_STAT5_SIGNALING,SPP1,0.0510204081632653,0.03599838749744072,0.08153433469196346,0.012584683979291416,0.25,0.10838555432009529,0.22412165734803272,0.204358224444081
HALLMARK_IL2_STAT5_SIGNALING,ITGA6,0.0510204081632653,0.03399607265586646,0.08459766411945091,0.013263191999392432,0.25,0.10235689528522021,0.2325421402143651,0.21933233532082821
HALLMARK_IL2_STAT5_SIGNALING,IGF1R,0.04081632653061224,0.02191850275166075,0.030461945678381844,0.010346291294145576,0.1875,0.06599320791172048,0.08373382547705528,0.15495874903613577
HALLMARK_IL2_STAT5_SIGNALING,CCND2,0.04081632653061224,0.026058957523295827,0.0221598284653785,0.011592772490590547,0.1875,0.07845947422970086,0.06091295772476906,0.18246755820034977
HALLMARK_IL2_STAT5_SIGNALING,CCND3,0.02040816326530612,0.0,0.0044602420621831845,0.006582585232973144,0.0625,0.0,0.012260317655458014,0.07189686885513069
HALLMARK_IL2_STAT5_SIGNALING,CDKN1C,0.0510204081632653,0.01979151012393175,0.008951255709665875,0.015317405147674037,0.25,0.05958916342479578,0.024605220274080405,0.26466712066686027
HALLMARK_IL2_STAT5_SIGNALING,CD86,0.14285714285714285,0.10843255150534757,0.3637949837455954,0.02980583295933761,0.8125,0.32647357335338745,1.0,0.5844147405244691
HALLMARK_IL2_STAT5_SIGNALING,CD79B,0.01020408163265306,0.0,0.00957755941075555,0.004132144137280859,0.0,0.0,0.026326804487917875,0.0178176603906952
HALLMARK_IL2_STAT5_SIGNALING,SELP,0.02040816326530612,0.0,0.07785598568022639,0.005282049625568121,0.0625,0.0,0.21401060805904812,0.04319512354408591
HALLMARK_IL2_STAT5_SIGNALING,TNFRSF8,0.0510204081632653,0.0028567278619876977,0.14601006145345666,0.010044186520224903,0.25,0.008601163951724507,0.40135259686692826,0.1482915465166883
HALLMARK_IL2_STAT5_SIGNALING,TRAF1,0.0510204081632653,0.019700086247529974,0.1125580270322672,0.01053412771687291,0.25,0.05931390033078629,0.3093996125877862,0.15910414354479893
HALLMARK_IL2_STAT5_SIGNALING,TNFRSF4,0.07142857142857142,0.006226299356953679,0.24846988970211725,0.013405692624430523,0.375,0.018746420439367032,0.6829942709596957,0.22247720626724454
HALLMARK_IL2_STAT5_SIGNALING,TNFRSF9,0.07142857142857142,0.008460980541771619,0.24772083950792576,0.013457702134653589,0.375,0.025474698447997258,0.6809352810679733,0.2236250131459452
HALLMARK_IL2_STAT5_SIGNALING,MXD1,0.01020408163265306,0.0,0.015298837085308232,0.003946999569961902,0.0,0.0,0.04205345804329953,0.013731672904727522
HALLMARK_IL2_STAT5_SIGNALING,NRP1,0.02040816326530612,0.00021039343572480537,1.5792078987235941e-18,0.01473236465610065,0.0625,0.0006334619615382377,4.333713304941639e-18,0.25175576084696843
HALLMARK_IL2_STAT5_SIGNALING,FURIN,0.01020408163265306,0.0,1.116668614090812e-18,0.007785332823464829,0.0,0.0,3.062284876021246e-18,0.0984405135036961
HALLMARK_IL2_STAT5_SIGNALING,IL3RA,0.01020408163265306,0.0,1.116668614090812e-18,0.007785332823464829,0.0,0.0,3.062284876021246e-18,0.0984405135036961
HALLMARK_IL2_STAT5_SIGNALING,CXCL10,0.07142857142857142,0.05105764446181025,0.0921524864044186,0.01875969432206922,0.375,0.15372663838526313,0.25330884295222045,0.3406355959688118
HALLMARK_IL2_STAT5_SIGNALING,RHOB,0.02040816326530612,0.017041868293709236,0.007211997175903309,0.009330691467018872,0.0625,0.05131041888459725,0.01982434474947767,0.13254530075362841
HALLMARK_IL2_STAT5_SIGNALING,TIAM1,0.02040816326530612,0.03366294971596886,0.04927884204641045,0.007428187230471801,0.0625,0.10135391384611803,0.1354577282485883,0.09055860562613995
HALLMARK_IL2_STAT5_SIGNALING,RHOH,0.01020408163265306,0.0,0.0010337999919512316,0.005480741622911755,0.0,0.0,0.002841710408723436,0.047580091606958606
HALLMARK_IL2_STAT5_SIGNALING,GALM,0.01020408163265306,0.0,1.116668614090812e-18,0.007785332823464829,0.0,0.0,3.062284876021246e-18,0.0984405135036961
HALLMARK_IL2_STAT5_SIGNALING,LRIG1,0.01020408163265306,0.0,2.6247373942802976e-21,0.010101010101010102,0.0,0.0,0.0,0.14954559595145353
HALLMARK_IL2_STAT5_SIGNALING,HOPX,0.01020408163265306,0.0,2.6247373942802976e-21,0.010101010101010102,0.0,0.0,0.0,0.14954559595145353
HALLMARK_IL2_STAT5_SIGNALING,S100A1,0.01020408163265306,0.0,2.6247373942802976e-21,0.010101010101010102,0.0,0.0,0.0,0.14954559595145353
HALLMARK_IL2_STAT5_SIGNALING,AGER,0.01020408163265306,0.0,2.6247373942802976e-21,0.010101010101010102,0.0,0.0,0.0,0.14954559595145353
HALLMARK_IL2_STAT5_SIGNALING,CSF1,0.04081632653061224,0.02492045965115606,0.07582943111536161,0.00994049751390707,0.1875,0.07503163394177433,0.2084400129287921,0.14600321589817647
HALLMARK_IL2_STAT5_SIGNALING,GBP4,0.01020408163265306,0.0,0.013209210790989027,0.003793112310035782,0.0,0.0,0.03630949128266796,0.010335508343092022
HALLMARK_IL2_STAT5_SIGNALING,SOCS1,0.04081632653061224,0.021986698459452506,0.03297481607246441,0.011169162894206162,0.1875,0.06619853459730565,0.09064120602477561,0.17311884473375058
HALLMARK_IL2_STAT5_SIGNALING,CCR4,0.01020408163265306,0.0,0.013209210790989027,0.003793112310035782,0.0,0.0,0.03630949128266796,0.010335508343092022
HALLMARK_IL2_STAT5_SIGNALING,TLR7,0.02040816326530612,0.0,0.06535587615710994,0.0056027497860712,0.0625,0.0,0.179650295021148,0.05027271086700184
HALLMARK_IL2_STAT5_SIGNALING,ICOS,0.08163265306122448,0.016079599153447234,0.2940065965096626,0.015708958092761998,0.4375,0.048413175940595014,0.8081656142770337,0.27330837035023337
HALLMARK_IL2_STAT5_SIGNALING,IL18R1,0.02040816326530612,0.00016505340511231527,0.07863327624132871,0.004884520015400529,0.0625,0.000496950170526093,0.21614722509840203,0.03442197380511392
HALLMARK_IL2_STAT5_SIGNALING,ETV4,0.01020408163265306,0.0,0.0022392536955990485,0.0049982522047244,0.0,0.0,0.006155262704680325,0.036931949166845536
HALLMARK_IL2_STAT5_SIGNALING,NCOA3,0.02040816326530612,0.017041868293709236,0.01561987112679291,0.008195522842113966,0.0625,0.05131041888459725,0.042935916724228404,0.10749306798768399
HALLMARK_IL2_STAT5_SIGNALING,PLEC,0.02040816326530612,0.017041868293709236,0.012381015492898044,0.00791823042147808,0.0625,0.05131041888459725,0.03403294725348985,0.1013734535853882
HALLMARK_IL2_STAT5_SIGNALING,AHNAK,0.01020408163265306,0.0,0.0017747657793071604,0.00488039957154277,0.0,0.0,0.004878477875187712,0.03433103901678481
HALLMARK_IL2_STAT5_SIGNALING,TNFSF11,0.0510204081632653,0.018912864142192988,0.04260341605769097,0.012583303400474947,0.25,0.05694369682469737,0.11710831089271935,0.20432775621134172
HALLMARK_IL2_STAT5_SIGNALING,CD83,0.01020408163265306,0.0,0.05214666536612092,0.0033247889911869337,0.0,0.0,0.14334080373848004,0.0
HALLMARK_IL2_STAT5_SIGNALING,CD48,0.01020408163265306,0.0,0.05214666536612092,0.0033247889911869337,0.0,0.0,0.14334080373848004,0.0
HALLMARK_IL2_STAT5_SIGNALING,HUWE1,0.01020408163265306,0.0,0.015298837085308232,0.003946999569961902,0.0,0.0,0.04205345804329953,0.013731672904727522
HALLMARK_IL2_STAT5_SIGNALING,SPRY4,0.01020408163265306,0.0,2.6247373942802976e-21,0.010101010101010102,0.0,0.0,0.0,0.14954559595145353
HALLMARK_IL2_STAT5_SIGNALING,SPRED2,0.01020408163265306,0.0,2.6247373942802976e-21,0.010101010101010102,0.0,0.0,0.0,0.14954559595145353
HALLMARK_IL2_STAT5_SIGNALING,GPX4,0.01020408163265306,0.0,2.6247373942802976e-21,0.010101010101010102,0.0,0.0,0.0,0.14954559595145353
HALLMARK_IL2_STAT5_SIGNALING,GSTO1,0.01020408163265306,0.0,2.6247373942802976e-21,0.010101010101010102,0.0,0.0,0.0,0.14954559595145353
HALLMARK_IL2_STAT5_SIGNALING,PLAGL1,0.01020408163265306,0.0,0.00128333351717205,0.0041191160672042065,0.0,0.0,0.0035276284020163812,0.01753014165833182
HALLMARK_IL2_STAT5_SIGNALING,POU2F1,0.01020408163265306,0.0,0.015298837085308232,0.003946999569961902,0.0,0.0,0.04205345804329953,0.013731672904727522
HALLMARK_IL2_STAT5_SIGNALING,PIM1,0.01020408163265306,0.0,0.015298837085308232,0.003946999569961902,0.0,0.0,0.04205345804329953,0.013731672904727522
HALLMARK_IL2_STAT5_SIGNALING,BMPR2,0.01020408163265306,0.0,0.0026042316686718868,0.004158110530809968,0.0,0.0,0.00715851450687689,0.018390717221646487
HALLMARK_IL2_STAT5_SIGNALING,BMP2,0.030612244897959183,0.017041868293709236,0.01816765204668898,0.009328096886518223,0.12500000000000003,0.05131041888459725,0.04993925935876498,0.13248804050770002
HALLMARK_IL2_STAT5_SIGNALING,LTB,0.02040816326530612,0.0,0.02059673248613835,0.0054931633053221,0.0625,0.0,0.05661631799888094,0.047854227865009834
HALLMARK_IL2_STAT5_SIGNALING,MUC1,0.01020408163265306,0.0,0.048245042054459224,0.003462597122711561,0.0,0.0,0.13261601783986485,0.00304131149527151
HALLMARK_IL2_STAT5_SIGNALING,NDRG1,0.01020408163265306,0.0,0.015298837085308232,0.003946999569961902,0.0,0.0,0.04205345804329953,0.013731672904727522
HALLMARK_IL2_STAT5_SIGNALING,CISH,0.01020408163265306,0.0,0.004726659291996123,0.003888595664940561,0.0,0.0,0.012992645592116003,0.012442747021000497
HALLMARK_IL6_JAK_STAT3_SIGNALING,TNFRSF1A,0.2361111111111111,0.03280170184248042,0.13575878980747166,0.022374088076694915,0.3478260869565217,0.13526961334543983,0.4005216678074453,0.3611770029014009
HALLMARK_IL6_JAK_STAT3_SIGNALING,TLR2,0.18055555555555555,0.030400568502094327,0.12668235492964933,0.017544724543830607,0.26086956521739124,0.1253676765464097,0.37276262748914746,0.27086369626424706
HALLMARK_IL6_JAK_STAT3_SIGNALING,JUN,0.15277777777777776,0.002068744898876272,0.12775320742063304,0.013710209933057946,0.21739130434782603,0.008531213530480142,0.3760376840363827,0.19915493143619067
HALLMARK_IL6_JAK_STAT3_SIGNALING,STAT3,0.5,0.11484561088723899,0.2800236341956587,0.04260535219303024,0.7608695652173912,0.47360717604653735,0.8417360527274267,0.7395192725114403
HALLMARK_IL6_JAK_STAT3_SIGNALING,IL6,0.6527777777777778,0.24249128116241653,0.3317715474684293,0.05653415375270767,1.0,1.0,1.0,1.0
HALLMARK_IL6_JAK_STAT3_SIGNALING,IL1B,0.4583333333333333,0.07518973077402567,0.25707770857829887,0.039033800418045016,0.6956521739130433,0.3100718937752854,0.7715590633117568,0.672728141872865
HALLMARK_IL6_JAK_STAT3_SIGNALING,TNF,0.4861111111111111,0.1439091118271166,0.2610596893567086,0.0431488033181595,0.7391304347826086,0.5934609736781783,0.7837374093763168,0.749682282144512
HALLMARK_IL6_JAK_STAT3_SIGNALING,GRB2,0.16666666666666666,0.008174169438322986,0.09467139415919341,0.015433998936862411,0.23913043478260865,0.03370912718650724,0.2748614622611838,0.2313912880117355
HALLMARK_IL6_JAK_STAT3_SIGNALING,TNFRSF12A,0.041666666666666664,0.0,0.02546362697457305,0.005656611955179737,0.04347826086956521,0.0,0.0631989289562374,0.04854563090231972
HALLMARK_IL6_JAK_STAT3_SIGNALING,LTB,0.05555555555555555,0.0,0.030467955934150286,0.006822505391196156,0.06521739130434781,0.0,0.07850398774031576,0.07034885417939296
HALLMARK_IL6_JAK_STAT3_SIGNALING,IL2RA,0.2222222222222222,0.028667291455480564,0.1291068166294984,0.02034421602565751,0.3260869565217391,0.11821988534210309,0.38017751350796575,0.3232166266050239
HALLMARK_IL6_JAK_STAT3_SIGNALING,TNFRSF21,0.027777777777777776,0.0,0.023569189212162747,0.004221585400311354,0.021739130434782605,0.0,0.057405048987379984,0.021709383765335283
HALLMARK_IL6_JAK_STAT3_SIGNALING,MYD88,0.16666666666666666,0.0016290605043999067,0.14255762493338545,0.014479655791797786,0.23913043478260865,0.006718016815247018,0.4213149793794644,0.2135442395320018
HALLMARK_IL6_JAK_STAT3_SIGNALING,LTBR,0.06944444444444445,0.00028876965496683806,0.03189557673391732,0.008440248739506492,0.08695652173913043,0.001190845516517458,0.0828701715860023,0.10060206458318979
HALLMARK_IL6_JAK_STAT3_SIGNALING,TNFRSF1B,0.125,0.0056869370439516795,0.08425475842588087,0.012343917296033244,0.17391304347826084,0.023452129976346103,0.24300360009455516,0.17360406846139365
HALLMARK_IL6_JAK_STAT3_SIGNALING,FAS,0.06944444444444445,0.0011547991996472351,0.04796800866016511,0.0077696020745461865,0.08695652173913043,0.004762229776310062,0.13202551637274898,0.08806038751009908
HALLMARK_IL6_JAK_STAT3_SIGNALING,IFNGR1,0.20833333333333331,0.0076165283445300295,0.15241853737526628,0.01760497088101684,0.30434782608695643,0.03140949360331272,0.45147323752090873,0.2719903552715963
HALLMARK_IL6_JAK_STAT3_SIGNALING,IL1R1,0.20833333333333331,0.011221145674957505,0.13893089421049903,0.018787680398521835,0.30434782608695643,0.04627442941934796,0.4102231172424699,0.29410805392696276
HALLMARK_IL6_JAK_STAT3_SIGNALING,HMOX1,0.06944444444444445,0.0,0.07470094325802014,0.007196036909186092,0.08695652173913043,0.0,0.2137845571544442,0.07733421908168236
HALLMARK_IL6_JAK_STAT3_SIGNALING,EBI3,0.027777777777777776,0.0,0.021437412084404545,0.004132430797405534,0.021739130434782605,0.0,0.0508852988833322,0.02004211499677947
HALLMARK_IL6_JAK_STAT3_SIGNALING,STAT1,0.40277777777777773,0.062384299124619305,0.24512427468674,0.033321675843781276,0.6086956521739129,0.25726409141628215,0.7350011132130171,0.5659064344750927
HALLMARK_IL6_JAK_STAT3_SIGNALING,IL6ST,0.18055555555555555,0.011077263160974099,0.1157989496020761,0.01684083463375151,0.26086956521739124,0.045681078131443155,0.3394772140690968,0.25770034153744553
HALLMARK_IL6_JAK_STAT3_SIGNALING,TGFB1,0.16666666666666666,0.04128599149521786,0.11043448490178788,0.017320035959926865,0.23913043478260865,0.17025763275820713,0.3230707291544919,0.26666182393927607
HALLMARK_IL6_JAK_STAT3_SIGNALING,CXCL11,0.15277777777777776,0.0024867303798282144,0.11661794496165927,0.0136099252502752,0.21739130434782603,0.010254926972663584,0.34198199987026184,0.1972795204745735
HALLMARK_IL6_JAK_STAT3_SIGNALING,ACVRL1,0.013888888888888888,0.0,0.006559296214567899,0.003281789221498874,0.0,0.0,0.005382607149130933,0.004134376231541941
HALLMARK_IL6_JAK_STAT3_SIGNALING,IL7,0.29166666666666663,0.03910424824657745,0.16307140656048605,0.02563852333415355,0.43478260869565205,0.16126042989721387,0.4840535875370394,0.4222247870240301
HALLMARK_IL6_JAK_STAT3_SIGNALING,CD44,0.19444444444444442,0.04425290173320529,0.1155739498945555,0.019514004322615068,0.28260869565217384,0.18249275405314658,0.3387890830973283,0.3076909442660604
HALLMARK_IL6_JAK_STAT3_SIGNALING,A2M,0.05555555555555555,0.0,0.05704003246848457,0.006357685282209323,0.06521739130434781,0.0,0.15977106603553887,0.06165631307157021
HALLMARK_IL6_JAK_STAT3_SIGNALING,ITGB3,0.05555555555555555,0.0010617718657624762,0.0156364206048656,0.007775001826964994,0.06521739130434781,0.004378598111539192,0.03314375624745764,0.08816136758597157
HALLMARK_IL6_JAK_STAT3_SIGNALING,CSF1,0.15277777777777776,0.0036042426372455876,0.12712183654693635,0.013667224913541698,0.21739130434782603,0.014863390633956556,0.3741067221802502,0.19835107411173025
HALLMARK_IL6_JAK_STAT3_SIGNALING,CD38,0.08333333333333333,0.004475670528053668,0.03813490811621198,0.009580448939165523,0.10869565217391304,0.018457036915302285,0.10195231713452994,0.12192480194988277
HALLMARK_IL6_JAK_STAT3_SIGNALING,IL3RA,0.08333333333333333,0.001905320425331916,0.052133640646594315,0.008904536266159994,0.10869565217391304,0.007857273944854805,0.14476553465294656,0.10928464593725777
HALLMARK_IL6_JAK_STAT3_SIGNALING,ITGA4,0.05555555555555555,0.00204136230204923,0.02556407821226393,0.007298026395785919,0.06521739130434781,0.008418291545426577,0.06350614539029097,0.07924151136033859
HALLMARK_IL6_JAK_STAT3_SIGNALING,CBL,0.09722222222222221,0.002037795123071007,0.06903713517578133,0.009753491815764657,0.13043478260869562,0.008403581000119039,0.196462571261709,0.12516085454135203
HALLMARK_IL6_JAK_STAT3_SIGNALING,IRF1,0.18055555555555555,0.004964277107188927,0.13270156650602086,0.015349175697461196,0.26086956521739124,0.02047198185185033,0.39117156658054447,0.2298050195153038
HALLMARK_IL6_JAK_STAT3_SIGNALING,CXCL10,0.2361111111111111,0.007510696507918642,0.17244818570171333,0.019721454421773865,0.3478260869565217,0.030973057966929975,0.5127311898931258,0.3115704419037386
HALLMARK_IL6_JAK_STAT3_SIGNALING,CXCL9,0.18055555555555555,0.003446627358736012,0.13411158130558642,0.015602888479854539,0.26086956521739124,0.014213407353097863,0.3954839048716696,0.23454966964531077
HALLMARK_IL6_JAK_STAT3_SIGNALING,SOCS3,0.2777777777777778,0.022301140972914153,0.19080729436252972,0.023220012241375224,0.4130434782608695,0.0919667745001406,0.568880024141787,0.37699652196569444
HALLMARK_IL6_JAK_STAT3_SIGNALING,IRF9,0.09722222222222221,0.0003707468486419973,0.06825391244579923,0.009232089328218191,0.13043478260869562,0.0015289079544005435,0.19406719117773963,0.1154101736454722
HALLMARK_IL6_JAK_STAT3_SIGNALING,STAT2,0.15277777777777776,0.0015120535008155752,0.09814300933885457,0.013519624298148677,0.21739130434782603,0.006235496359157044,0.28547892462818647,0.1955908139765989
HALLMARK_IL6_JAK_STAT3_SIGNALING,SOCS1,0.19444444444444442,0.004074634105195344,0.1340766771748281,0.0164197519244568,0.28260869565217384,0.01680321900920728,0.3953771553399385,0.24982572791903743
HALLMARK_IL6_JAK_STAT3_SIGNALING,IFNAR1,0.16666666666666666,0.0032077960051445503,0.12275806264208866,0.014376028741780502,0.23913043478260865,0.01322850038058079,0.3607607138195682,0.2116063233903764
HALLMARK_IL6_JAK_STAT3_SIGNALING,CXCL1,0.25,0.00926238243125634,0.17967826531042785,0.021149715158771933,0.3695652173913043,0.03819676479441153,0.5348434040019062,0.33828016235044295
HALLMARK_IL6_JAK_STAT3_SIGNALING,CD14,0.013888888888888888,0.0,0.007524317173581832,0.003202021837842851,0.0,0.0,0.008333992364787032,0.0026426566434956905
HALLMARK_IL6_JAK_STAT3_SIGNALING,CD36,0.08333333333333333,0.007973669740101663,0.06556379535182046,0.009219871886533957,0.10869565217391304,0.032882294579329785,0.1858398343049258,0.1151816968390274
HALLMARK_IL6_JAK_STAT3_SIGNALING,MAP3K8,0.013888888888888888,0.0,0.019705798153004578,0.0030772353132895933,0.0,0.0,0.045589393433174814,0.0003090398885195146
HALLMARK_IL6_JAK_STAT3_SIGNALING,IL1R2,0.05555555555555555,0.0,0.058732586796581256,0.006195361639910112,0.06521739130434781,0.0,0.16494751300695348,0.05862071950283892
HALLMARK_IL6_JAK_STAT3_SIGNALING,PTPN1,0.08333333333333333,0.0006833871464737541,0.05942667810926894,0.008472934952688724,0.10869565217391304,0.0028181926508773444,0.16707029678635965,0.1012133252542587
HALLMARK_IL6_JAK_STAT3_SIGNALING,IL4R,0.16666666666666666,0.002244837192020291,0.1298200139791107,0.014505584282179537,0.23913043478260865,0.009257393425690787,0.3823587305000212,0.21402912489765094
HALLMARK_IL6_JAK_STAT3_SIGNALING,CCR1,0.1388888888888889,0.0015360691757989756,0.10247041741899426,0.0125178142304461,0.19565217391304346,0.006334533631211848,0.2987137130652018,0.17685609267825242
HALLMARK_IL6_JAK_STAT3_SIGNALING,CCL7,0.1111111111111111,0.00013160635226362925,0.09237370876464936,0.010251294827736901,0.15217391304347822,0.0005427261204310334,0.26783430431156213,0.13447020467811494
HALLMARK_IL6_JAK_STAT3_SIGNALING,IL18R1,0.05555555555555555,0.00017071025184925981,0.03687809087493091,0.006296984784011165,0.06521739130434781,0.000703985112499451,0.09810851271758869,0.06052116085751711
HALLMARK_IL6_JAK_STAT3_SIGNALING,IL17RA,0.09722222222222221,0.02812554338375935,0.08080306055462504,0.011167371123780816,0.13043478260869562,0.1159857923507004,0.23244705210357103,0.15160162973332766
HALLMARK_IL6_JAK_STAT3_SIGNALING,CXCL13,0.09722222222222221,0.0,0.07686797326342508,0.009203303908880054,0.13043478260869562,0.0,0.22041212338509944,0.11487186121865385
HALLMARK_IL6_JAK_STAT3_SIGNALING,IL13RA1,0.15277777777777776,0.002779568935672222,0.10757351019811291,0.013553656027478697,0.21739130434782603,0.011462552065162765,0.31432082754466534,0.19622723697218808
HALLMARK_IL6_JAK_STAT3_SIGNALING,LEPR,0.09722222222222221,0.0008517893988613038,0.07814715903624575,0.009471415656841535,0.13043478260869562,0.0035126598976182974,0.22432433891028167,0.1198857845528343
HALLMARK_IL6_JAK_STAT3_SIGNALING,OSMR,0.06944444444444445,0.00024219390416573515,0.04979775308656928,0.007683553862034642,0.08695652173913043,0.0009987736590146422,0.1376215405814216,0.08645121094899538
HALLMARK_IL6_JAK_STAT3_SIGNALING,IL15RA,0.041666666666666664,0.0,0.022986749392095728,0.005290121304743403,0.04347826086956521,0.0,0.05562373609681676,0.041691936359081326
HALLMARK_IL6_JAK_STAT3_SIGNALING,CSF3R,0.1388888888888889,0.04433767882381083,0.08480161070726332,0.015462420129145886,0.19565217391304346,0.18284236287289113,0.24467607334329072,0.2319227890752242
HALLMARK_IL6_JAK_STAT3_SIGNALING,CSF2RB,0.1111111111111111,0.012647306780488221,0.06297520933474993,0.011904520064127917,0.15217391304347822,0.0521557175988413,0.17792299640739184,0.16538695730988626
HALLMARK_IL6_JAK_STAT3_SIGNALING,IL12RB1,0.125,0.004911875890996226,0.09577453865412308,0.011555212911789157,0.17391304347826084,0.020255886592913563,0.2782352795059353,0.1588546091557164
HALLMARK_IL6_JAK_STAT3_SIGNALING,IL2RG,0.125,0.005333340654257383,0.09483058903049886,0.011825738884123492,0.17391304347826084,0.02199394810688143,0.27534833810070886,0.1639136805895569
HALLMARK_IL6_JAK_STAT3_SIGNALING,STAM2,0.013888888888888888,0.0,0.011113382064643946,0.0031287869827830387,0.0,0.0,0.01931065868334536,0.0012731010330027466
HALLMARK_IL6_JAK_STAT3_SIGNALING,TYK2,0.375,0.08458996662196379,0.18710531188774,0.03411722443146459,0.5652173913043478,0.3488371467067588,0.5575580147671132,0.5807838863494982
HALLMARK_IL6_JAK_STAT3_SIGNALING,PTPN11,0.16666666666666666,0.004923350365310213,0.10349194351018261,0.015382017321059292,0.23913043478260865,0.02030320571407529,0.30183791153444633,0.23041918649658252
HALLMARK_IL6_JAK_STAT3_SIGNALING,PTPN2,0.06944444444444445,0.0004483299543515915,0.05580275531809662,0.007236646367771255,0.08695652173913043,0.001848849790402599,0.1559870223262132,0.07809365134653723
HALLMARK_IL6_JAK_STAT3_SIGNALING,PIM1,0.013888888888888888,0.0,0.0166322549722978,0.0030607098861583203,0.0,0.0,0.03618938007751915,0.0
HALLMARK_IL6_JAK_STAT3_SIGNALING,IFNGR2,0.1388888888888889,0.0012846368333457538,0.08327555098433585,0.012408529657524418,0.19565217391304346,0.005297661949690166,0.2400088274535656,0.17481237592803867
HALLMARK_IL6_JAK_STAT3_SIGNALING,CNTFR,0.05555555555555555,0.0,0.04065502894412361,0.006558394349632759,0.06521739130434781,0.0,0.10965976357254871,0.06540974754129193
HALLMARK_IL6_JAK_STAT3_SIGNALING,IL17RB,0.013888888888888888,0.0,0.004799333236676898,0.003410806104977622,0.0,0.0,0.0,0.006547104384991863
HALLMARK_IL6_JAK_STAT3_SIGNALING,HAX1,0.013888888888888888,0.0,0.005036911411893106,0.003369083249462625,0.0,0.0,0.000726600502658666,0.005766850627273883
HALLMARK_IL6_JAK_STAT3_SIGNALING,CSF2RA,0.027777777777777776,0.0,0.008777414170413587,0.004633951283115342,0.021739130434782605,0.0,0.012166418920590887,0.029420985132045566
HALLMARK_IL6_JAK_STAT3_SIGNALING,CD9,0.041666666666666664,0.00019561815336463224,0.0116874645837883,0.0061988956082835115,0.04347826086956521,0.0008067018015118265,0.02106641190688213,0.058686807791115604
HALLMARK_INFLAMMATORY_RESPONSE,CX3CL1,0.12096774193548387,0.000788505040948241,0.14437752573919882,0.009958033541524719,0.2641509433962264,0.004045111208547296,0.48393480971557784,0.21367856679103414
HALLMARK_INFLAMMATORY_RESPONSE,CXCL8,0.3225806451612903,0.07856808414298706,0.2572981550886581,0.028819052534218847,0.7358490566037735,0.4030622777232773,0.8624301676145278,0.7168829906854449
HALLMARK_INFLAMMATORY_RESPONSE,CCR7,0.18548387096774194,0.008642150696279173,0.17908214737840777,0.015503301821994038,0.41509433962264153,0.04433511370508593,0.6002602168954213,0.36162410099013464
HALLMARK_INFLAMMATORY_RESPONSE,CCL5,0.24193548387096775,0.019687242749705475,0.22507208276564455,0.02023423622071422,0.5471698113207547,0.10099756143150979,0.7544125374627448,0.4878435337531462
HALLMARK_INFLAMMATORY_RESPONSE,CCL17,0.11290322580645161,0.0002323552159548129,0.13116862022630643,0.009312817781529134,0.2452830188679245,0.0011920059347914026,0.4396602653001065,0.19646446903089
HALLMARK_INFLAMMATORY_RESPONSE,CCL20,0.13709677419354838,0.0008015694254969589,0.1595816787741315,0.011133670455202275,0.3018867924528302,0.0041121328325400075,0.5348971659976881,0.2450440882448469
HALLMARK_INFLAMMATORY_RESPONSE,IL1B,0.4193548387096774,0.18817716827058728,0.2875178344296903,0.037640765253703586,0.9622641509433961,0.9653680484383989,0.9637226277581734,0.9522427487393348
HALLMARK_INFLAMMATORY_RESPONSE,CXCR6,0.12096774193548387,0.0020654428762912126,0.119359494573434,0.010240030711366747,0.2641509433962264,0.01059593242352928,0.40007760209491755,0.22120213820810225
HALLMARK_INFLAMMATORY_RESPONSE,CCL7,0.0967741935483871,0.00019021604459597114,0.1193536020408704,0.008171803931001994,0.20754716981132076,0.000975827691748648,0.4000578510872014,0.16602267701888593
HALLMARK_INFLAMMATORY_RESPONSE,ICAM1,0.21774193548387097,0.06400206887027464,0.18382850113920124,0.020694530596347637,0.49056603773584906,0.32833713510064716,0.6161693813745436,0.500124003127689
HALLMARK_INFLAMMATORY_RESPONSE,CCL2,0.25806451612903225,0.01868461258246858,0.23868494959178094,0.021597254190661046,0.5849056603773585,0.09585396650580043,0.8000411080000548,0.5242083066527704
HALLMARK_INFLAMMATORY_RESPONSE,CXCL11,0.13709677419354838,0.0010190346789400887,0.15445749150160193,0.011284875992411337,0.3018867924528302,0.005227751742362711,0.5177215524111294,0.24907819134767523
HALLMARK_INFLAMMATORY_RESPONSE,IL6,0.43548387096774194,0.19492790192816814,0.29834085674476274,0.03943079407756639,1.0,1.0,1.0,1.0
HALLMARK_INFLAMMATORY_RESPONSE,CXCL9,0.16129032258064516,0.0047365143063258655,0.1741080448214676,0.01329093557858268,0.3584905660377358,0.02429880104117313,0.5835876678814694,0.30259905672341275
HALLMARK_INFLAMMATORY_RESPONSE,CXCL10,0.22580645161290322,0.013514067505209474,0.22248169341164958,0.01862935101279823,0.5094339622641509,0.06932854338210377,0.7457298870800259,0.445025839927651
HALLMARK_INFLAMMATORY_RESPONSE,CCL22,0.12096774193548387,0.0003835681406411349,0.14532009924546982,0.009925278429487688,0.2641509433962264,0.0019677436469945774,0.48709419430860945,0.21280467353592553
HALLMARK_INFLAMMATORY_RESPONSE,LCP2,0.024193548387096774,0.016935105845817647,0.0017827083102312773,0.005957911008481285,0.03773584905660377,0.08687881867244596,0.005975407892859147,0.10695690156568938
HALLMARK_INFLAMMATORY_RESPONSE,LCK,0.04838709677419355,0.012017861172812465,0.012900585006181247,0.0074935530359981715,0.09433962264150943,0.06165285243382502,0.04324109391810382,0.14792721510304405
HALLMARK_INFLAMMATORY_RESPONSE,LYN,0.056451612903225805,0.09665080998845715,0.02276366102804023,0.010223433300843063,0.11320754716981131,0.495828503936155,0.07630085022999107,0.2207593259505066
HALLMARK_INFLAMMATORY_RESPONSE,RASGRP1,0.008064516129032258,0.0,8.889279956819102e-05,0.002888082956565914,0.0,0.0,0.00029795717710747014,0.025055120070355544
HALLMARK_INFLAMMATORY_RESPONSE,OSM,0.06451612903225806,0.0015004882005931052,0.045351065744383454,0.007106316700275865,0.1320754716981132,0.007697657368446115,0.15201091207939127,0.137595904938752
HALLMARK_INFLAMMATORY_RESPONSE,OSMR,0.024193548387096774,0.0,0.02033619457789978,0.003308393069901375,0.03773584905660377,0.0,0.06816429636798407,0.03626882535954968
HALLMARK_INFLAMMATORY_RESPONSE,IL4R,0.07258064516129031,0.0008519278854124041,0.059911604029589186,0.007325399093389862,0.1509433962264151,0.004370476863421757,0.2008159548887519,0.14344093534008084
HALLMARK_INFLAMMATORY_RESPONSE,LIF,0.07258064516129031,0.0025257034436158487,0.06416492638374657,0.0077578055344844615,0.1509433962264151,0.012957116034350909,0.21507254180268337,0.15497736580354224
HALLMARK_INFLAMMATORY_RESPONSE,IL10RA,0.07258064516129031,0.0006539601153863067,0.06443276025385741,0.007186715091118182,0.1509433962264151,0.0033548820303175176,0.21597028632562026,0.13974090176853715
HALLMARK_INFLAMMATORY_RESPONSE,CSF3R,0.04032258064516129,0.0038637039214986938,0.029154527963452,0.00517039087321052,0.07547169811320754,0.019821194827831713,0.09772221036532427,0.0859461801339536
HALLMARK_INFLAMMATORY_RESPONSE,IL7R,0.14516129032258063,0.04433982620210504,0.08568916215475855,0.015898481743704496,0.32075471698113206,0.227467826634919,0.28721899873074663,0.3721673428433971
HALLMARK_INFLAMMATORY_RESPONSE,IL2RB,0.0967741935483871,0.00659450886553421,0.06912571178852571,0.009680329603002748,0.20754716981132076,0.03383050245913136,0.2317004534434429,0.20626953706409912
HALLMARK_INFLAMMATORY_RESPONSE,SELL,0.08064516129032258,0.0014506162230076426,0.08399724938044828,0.0077395765879370235,0.16981132075471694,0.0074418090414896144,0.2815479257413767,0.1544910248190409
HALLMARK_INFLAMMATORY_RESPONSE,CD69,0.12096774193548387,0.04101341626653426,0.0881033242979458,0.013217157401355133,0.2641509433962264,0.21040300470503137,0.29531095827503806,0.30063068453831776
HALLMARK_INFLAMMATORY_RESPONSE,IL15RA,0.024193548387096774,0.0,0.015402402974307632,0.0032570108322143828,0.03773584905660377,0.0,0.05162686446064601,0.03489796786114496
HALLMARK_INFLAMMATORY_RESPONSE,IL15,0.18548387096774194,0.02401282346485357,0.1540951400699878,0.016791748120620186,0.41509433962264153,0.12318823127590227,0.5165069972356571,0.39599933160043194
HALLMARK_INFLAMMATORY_RESPONSE,BDKRB1,0.008064516129032258,0.0,0.0033828010643257335,0.00211431266166392,0.0,0.0,0.011338712039511051,0.004411238866291876
HALLMARK_INFLAMMATORY_RESPONSE,EDN1,0.06451612903225806,0.04173785830816142,0.06784482034326256,0.008605320223999834,0.1320754716981132,0.2141194661990566,0.22740707083658354,0.17758871788610092
HALLMARK_INFLAMMATORY_RESPONSE,NFKBIA,0.11290322580645161,0.0036876206056536166,0.11808401772006799,0.010527425776193514,0.2452830188679245,0.01891786947469697,0.39580236850042017,0.22886972329893263
HALLMARK_INFLAMMATORY_RESPONSE,IRAK2,0.04838709677419355,3.0653846546844186e-05,0.05041465367134743,0.005104730467349351,0.09433962264150943,0.00015725735640524297,0.16898340449030264,0.08419438683387576
HALLMARK_INFLAMMATORY_RESPONSE,CD40,0.16129032258064516,0.05149186451150539,0.13285458264010974,0.01566994920576588,0.3584905660377358,0.2641585119532061,0.4453113934499667,0.366070186367436
HALLMARK_INFLAMMATORY_RESPONSE,NOD2,0.08064516129032258,0.015569075728856704,0.0731037832378726,0.008871959540879366,0.16981132075471694,0.07987094497428071,0.2450344348925585,0.18470254794427207
HALLMARK_INFLAMMATORY_RESPONSE,IRF7,0.12096774193548387,0.04959835019391279,0.08211222823359632,0.014173063402844044,0.2641509433962264,0.2544445905552814,0.2752295784408421,0.32613387336193117
HALLMARK_INFLAMMATORY_RESPONSE,NFKB1,0.22580645161290322,0.032735933757861095,0.18093597279582252,0.020549077484461956,0.5094339622641509,0.16793867596196896,0.6064740001420157,0.49624337242589955
HALLMARK_INFLAMMATORY_RESPONSE,TLR2,0.22580645161290322,0.10582248163985311,0.16919692411787168,0.025027651908431994,0.5094339622641509,0.5428801140990539,0.5671262259013696,0.6157299422530674
HALLMARK_INFLAMMATORY_RESPONSE,HIF1A,0.04838709677419355,0.0,0.06333982566526349,0.004966189251291398,0.09433962264150943,0.0,0.21230691081440345,0.0804981627412603
HALLMARK_INFLAMMATORY_RESPONSE,RELA,0.13709677419354838,0.015511920664384152,0.12814653124982742,0.013097338881593003,0.3018867924528302,0.07957773366944856,0.4295306135673394,0.2974339744755084
HALLMARK_INFLAMMATORY_RESPONSE,TIMP1,0.08870967741935484,0.02995472044651962,0.10046283589236599,0.009314150839674497,0.18867924528301888,0.15367076826978868,0.3367384440350498,0.19650003448768288
HALLMARK_INFLAMMATORY_RESPONSE,PLAUR,0.03225806451612903,6.556517178075005e-05,0.027327754423584923,0.003942109931039056,0.056603773584905655,0.00033635601231121406,0.09159910151660768,0.05317613710895642
HALLMARK_INFLAMMATORY_RESPONSE,SERPINE1,0.08870967741935484,0.004489165306099864,0.08824018944566504,0.008891348380262381,0.18867924528301888,0.02302987546520735,0.2957697125643856,0.18521983440453652
HALLMARK_INFLAMMATORY_RESPONSE,MMP14,0.024193548387096774,0.019368091941256663,0.005139340091010085,0.006187722508665861,0.03773584905660377,0.0993602852627732,0.01722640387579066,0.11308818024153844
HALLMARK_INFLAMMATORY_RESPONSE,CCRL2,0.1532258064516129,0.005376614965966792,0.15848303798906374,0.012986244937498115,0.339622641509434,0.027582582651241482,0.5312146640532495,0.2944700325931488
HALLMARK_INFLAMMATORY_RESPONSE,IL18,0.1693548387096774,0.020705459943204396,0.16454620510042742,0.015188110110763285,0.3773584905660377,0.10622111939025772,0.5515376167239674,0.35321491251905573
HALLMARK_INFLAMMATORY_RESPONSE,RIPK2,0.04032258064516129,0.00014986324978457155,0.03931541398035914,0.00471315140075535,0.07547169811320754,0.0007688137424256322,0.13178018729740307,0.07374721435126116
HALLMARK_INFLAMMATORY_RESPONSE,NLRP3,0.08870967741935484,0.04568361379487386,0.07773439038519703,0.009837625098632138,0.18867924528301888,0.23436159391747052,0.2605556316801886,0.21046611781564983
HALLMARK_INFLAMMATORY_RESPONSE,NAMPT,0.03225806451612903,0.015149528328127855,0.029729575057000624,0.005337191508386083,0.056603773584905655,0.0777186240567578,0.09964969391492318,0.09039635419725599
HALLMARK_INFLAMMATORY_RESPONSE,CMKLR1,0.008064516129032258,0.0,0.0014823416991246409,0.0023341509649551866,0.0,0.0,0.004968617826007244,0.010276436648047834
HALLMARK_INFLAMMATORY_RESPONSE,CYBB,0.03225806451612903,0.001109040084256449,0.03913032968927938,0.0043298652829120874,0.056603773584905655,0.005689488643165797,0.13115980867042154,0.06352129441603636
HALLMARK_INFLAMMATORY_RESPONSE,ITGB8,0.016129032258064516,0.0,0.0009713539540043507,0.004003631989714157,0.018867924528301886,0.0,0.0032558529345475978,0.054817520965491105
HALLMARK_INFLAMMATORY_RESPONSE,ITGA5,0.024193548387096774,0.006735728647609056,0.009701922489394717,0.004953250225099612,0.03773584905660377,0.034554974331438726,0.03251959049517882,0.08015295471071253
HALLMARK_INFLAMMATORY_RESPONSE,ITGB3,0.03225806451612903,0.011152447758432731,0.009778992215086036,0.006589176716735524,0.056603773584905655,0.05721319343262855,0.03277791825669381,0.12379881753902126
HALLMARK_INFLAMMATORY_RESPONSE,CDKN1A,0.03225806451612903,0.00017062555418180913,0.022318389676807042,0.00403828104730193,0.056603773584905655,0.0008753264796575169,0.07480835819892392,0.05574194392846535
HALLMARK_INFLAMMATORY_RESPONSE,F3,0.056451612903225805,0.0006107864340200479,0.06103542542633212,0.005885404414248525,0.11320754716981131,0.003133396645520381,0.20458285898966985,0.10502245470502003
HALLMARK_INFLAMMATORY_RESPONSE,TLR3,0.14516129032258063,0.01007268980760676,0.1363087578570307,0.013474654637257277,0.32075471698113206,0.05167392511780378,0.4568893424262176,0.3075006075417744
HALLMARK_INFLAMMATORY_RESPONSE,SELE,0.06451612903225806,0.00010506038240105903,0.08156090933875097,0.006219338889211777,0.1320754716981132,0.0005389704673463027,0.27338162874712263,0.113931692597069
HALLMARK_INFLAMMATORY_RESPONSE,IRF1,0.06451612903225806,0.0008639771535546793,0.07540802603433515,0.006211372290635174,0.1320754716981132,0.004432290836809289,0.25275795899048137,0.11371914694146629
HALLMARK_INFLAMMATORY_RESPONSE,CSF1,0.07258064516129031,0.0029829200312450135,0.09233207477125215,0.007362456168570527,0.1509433962264151,0.015302683719153935,0.30948518341955195,0.1444296032468743
HALLMARK_INFLAMMATORY_RESPONSE,TNFAIP6,0.056451612903225805,0.015079989509572515,0.07304628604479974,0.006444756326594666,0.11320754716981131,0.07736188283157926,0.2448417117312046,0.11994573943928621
HALLMARK_INFLAMMATORY_RESPONSE,RAF1,0.024193548387096774,0.0,0.017918655971895504,0.0033512227671940566,0.03773584905660377,0.0,0.060061019356638774,0.03741150450960431
HALLMARK_INFLAMMATORY_RESPONSE,TLR1,0.06451612903225806,0.000972403862967885,0.06824710005882716,0.006588147948042685,0.1320754716981132,0.004988530904755854,0.22875546046029796,0.1237713704028087
HALLMARK_INFLAMMATORY_RESPONSE,MYC,0.07258064516129031,0.02493965338429483,0.05028286776649618,0.009238773366293116,0.1509433962264151,0.12794296320639215,0.16854167516670537,0.19448899372248424
HALLMARK_INFLAMMATORY_RESPONSE,IL1R1,0.12903225806451613,0.0054188580009591645,0.11904792138576852,0.01186659543551206,0.2830188679245283,0.02779929372530793,0.3990332490315618,0.26459823283361317
HALLMARK_INFLAMMATORY_RESPONSE,TNFRSF1B,0.06451612903225806,0.0005045916434586774,0.06714702377593784,0.006339487004879825,0.1320754716981132,0.0025886065487157493,0.22506814691265759,0.11713719614648796
HALLMARK_INFLAMMATORY_RESPONSE,GPR183,0.008064516129032258,0.0,0.004392816153877783,0.001948971388639063,0.0,0.0,0.014724152104853493,0.0
HALLMARK_INFLAMMATORY_RESPONSE,TNFRSF9,0.056451612903225805,0.003431704082245574,0.032768653858242916,0.006675569209062036,0.11320754716981131,0.01760499163177867,0.10983629334486002,0.1261037345929092
HALLMARK_INFLAMMATORY_RESPONSE,RGS1,0.016129032258064516,0.00777043963900534,0.004510217657506314,0.0037067055207593734,0.018867924528301886,0.03986314715411436,0.015117666774314273,0.046895641834396984
HALLMARK_INFLAMMATORY_RESPONSE,HBEGF,0.008064516129032258,0.0,0.00025625593791949326,0.002953231507310147,0.0,0.0,0.0008589367900825988,0.026793257281155572
HALLMARK_INFLAMMATORY_RESPONSE,EIF2AK2,0.04838709677419355,0.006479342871119333,0.031753619728898744,0.00606999317315717,0.09433962264150943,0.03323968917239463,0.10643403010669811,0.10994720877689647
HALLMARK_INFLAMMATORY_RESPONSE,IFNAR1,0.07258064516129031,0.02750121481944349,0.0472644788836696,0.009091194188815443,0.1509433962264151,0.14108403439122746,0.1584244256697327,0.19055164044320333
HALLMARK_INFLAMMATORY_RESPONSE,IFITM1,0.024193548387096774,0.00022126338288408964,0.0058964522490321,0.004222886739105544,0.03773584905660377,0.0011351037008833463,0.019764145994933046,0.060667149763189834
HALLMARK_INFLAMMATORY_RESPONSE,ACVR2A,0.016129032258064516,0.0,9.954168483608026e-12,0.008,0.018867924528301886,0.0,3.310793018588041e-11,0.16143901702913982
HALLMARK_INFLAMMATORY_RESPONSE,INHBA,0.016129032258064516,0.0,9.954168483608026e-12,0.008,0.018867924528301886,0.0,3.310793018588041e-11,0.16143901702913982
HALLMARK_INFLAMMATORY_RESPONSE,ACVR1B,0.016129032258064516,0.0,9.954168483608026e-12,0.008,0.018867924528301886,0.0,3.310793018588041e-11,0.16143901702913982
HALLMARK_INFLAMMATORY_RESPONSE,NMI,0.016129032258064516,0.00024914765276685025,0.006601526227762453,0.0028756860358185254,0.018867924528301886,0.0012781528467826137,0.022127462861498665,0.024724375195692587
HALLMARK_INFLAMMATORY_RESPONSE,HAS2,0.008064516129032258,0.0,0.003642097361316138,0.001982575205500375,0.0,0.0,0.012207839720579237,0.0008965363595095077
HALLMARK_INFLAMMATORY_RESPONSE,PTGER2,0.016129032258064516,0.0,0.0001235635119441173,0.0051439902854512574,0.018867924528301886,0.0,0.0004141689248185681,0.08524182303855915
HALLMARK_INFLAMMATORY_RESPONSE,GNAI3,0.08064516129032258,0.07906821489005608,0.002354465048594364,0.020678925123999204,0.16981132075471694,0.4056279994189498,0.007891862597058057,0.4997076553828649
HALLMARK_INFLAMMATORY_RESPONSE,PTGER4,0.016129032258064516,0.0,0.0001235635119441173,0.0051439902854512574,0.018867924528301886,0.0,0.0004141689248185681,0.08524182303855915
HALLMARK_INFLAMMATORY_RESPONSE,TNFSF9,0.024193548387096774,0.0,0.008691586958086271,0.0037347540032809674,0.03773584905660377,0.0,0.029133076350476638,0.0476439641012829
HALLMARK_INFLAMMATORY_RESPONSE,CD70,0.024193548387096774,0.0,0.008691586958086271,0.0037347540032809674,0.03773584905660377,0.0,0.029133076350476638,0.0476439641012829
HALLMARK_INFLAMMATORY_RESPONSE,LTA,0.06451612903225806,0.00019452334653592183,0.07971815734814344,0.006146932793863878,0.1320754716981132,0.0009979245896136748,0.2672049621962703,0.11199992700635006
HALLMARK_INFLAMMATORY_RESPONSE,BST2,0.016129032258064516,0.0,0.004388325035807586,0.003199619458282001,0.018867924528301886,0.0,0.014709098457427522,0.033366789017237344
HALLMARK_INFLAMMATORY_RESPONSE,RTP4,0.008064516129032258,0.0,0.004094297982961115,0.002003137636756733,0.0,0.0,0.013723557770661666,0.0014451337803716678
HALLMARK_INFLAMMATORY_RESPONSE,SCARF1,0.016129032258064516,0.015079989509572515,0.008457491354620086,0.00466498724859596,0.018867924528301886,0.07736188283157926,0.0283484181376509,0.07246221408435527
HALLMARK_INFLAMMATORY_RESPONSE,C5AR1,0.04032258064516129,0.0023634952413820387,0.02456480515666198,0.005576376116550501,0.07547169811320754,0.01212497142791286,0.08233805260406327,0.09677770363560859
HALLMARK_INFLAMMATORY_RESPONSE,C3AR1,0.04032258064516129,0.0007777927772026907,0.03769586387329749,0.005167242423472135,0.07547169811320754,0.003990156203955404,0.12635166461789749,0.08586218075738873
HALLMARK_INFLAMMATORY_RESPONSE,CD14,0.008064516129032258,0.0,0.008436461554544203,0.001959765863611625,0.0,0.0,0.028277928965281595,0.0002879922639341317
HALLMARK_INFLAMMATORY_RESPONSE,MARCO,0.008064516129032258,0.0,0.008436461554544203,0.001959765863611625,0.0,0.0,0.028277928965281595,0.0002879922639341317
HALLMARK_INFLAMMATORY_RESPONSE,MSR1,0.016129032258064516,0.015079989509572515,0.008457491354620086,0.00466498724859596,0.018867924528301886,0.07736188283157926,0.0283484181376509,0.07246221408435527
HALLMARK_INFLAMMATORY_RESPONSE,GNA15,0.016129032258064516,0.00013113034356150013,8.86347133196e-13,0.011699516643490745,0.018867924528301886,0.0006727120246224282,2.71376476933446e-12,0.2601406376572006
HALLMARK_INFLAMMATORY_RESPONSE,PTAFR,0.008064516129032258,0.0,6.267420685080907e-13,0.006150241678254623,0.0,0.0,1.8436021388434107e-12,0.11208820671510933
HALLMARK_INFLAMMATORY_RESPONSE,HRH1,0.008064516129032258,0.0,6.267420685080907e-13,0.006150241678254623,0.0,0.0,1.8436021388434107e-12,0.11208820671510933
HALLMARK_INFLAMMATORY_RESPONSE,STAB1,0.008064516129032258,0.0,0.00042171967997814625,0.003182616515432958,0.0,0.0,0.0014135498721260463,0.03291315731981016
HALLMARK_INFLAMMATORY_RESPONSE,FPR1,0.024193548387096774,0.0002471297170353032,0.017440376506669915,0.003641691775611636,0.03773584905660377,0.0012678006308525893,0.05845788839280002,0.04516110118285756
HALLMARK_INFLAMMATORY_RESPONSE,IL18R1,0.04838709677419355,0.0031973612497285388,0.04116216543241582,0.005494232789368954,0.09433962264150943,0.016402789021485398,0.1379702595262198,0.09458615260397175
HALLMARK_INFLAMMATORY_RESPONSE,IL18RAP,0.016129032258064516,0.0,0.010256807842520341,0.002593101960730715,0.018867924528301886,0.0,0.03437949449619362,0.017185145382002394
HALLMARK_INFLAMMATORY_RESPONSE,MXD1,0.008064516129032258,0.0,0.002507228244801358,0.0020725483990617923,0.0,0.0,0.008403905090579906,0.0032969850865666598
HALLMARK_INFLAMMATORY_RESPONSE,CD55,0.024193548387096774,0.002268439099095831,0.011033955320633308,0.003861065168544324,0.03773584905660377,0.011637323731785517,0.0369843924193032,0.051013895342664886
HALLMARK_INFLAMMATORY_RESPONSE,AXL,0.016129032258064516,0.0011643157321842368,0.002999927643779622,0.00312019988030667,0.018867924528301886,0.005973058349611195,0.010055369809003996,0.03124790652226219
HALLMARK_INFLAMMATORY_RESPONSE,IFNGR2,0.008064516129032258,0.0,0.0023567004125353785,0.002058610719739014,0.0,0.0,0.00789935524813309,0.0029251333909207093
HALLMARK_INFLAMMATORY_RESPONSE,TNFSF15,0.008064516129032258,0.0,0.0036451409193449667,0.001954114244682048,0.0,0.0,0.012218041333801234,0.000137209337060978
HALLMARK_INFLAMMATORY_RESPONSE,SLAMF1,0.008064516129032258,0.0,0.004272500173397297,0.00195075972677116,0.0,0.0,0.014320868485595639,4.771214428228004e-05
HALLMARK_INFLAMMATORY_RESPONSE,CD48,0.008064516129032258,0.0,0.004272500173397297,0.00195075972677116,0.0,0.0,0.014320868485595639,4.771214428228004e-05
HALLMARK_INFLAMMATORY_RESPONSE,LPAR1,0.016129032258064516,0.01895377032292473,0.012946390775827392,0.0035701375965083958,0.018867924528301886,0.0972347731414525,0.043394628938905035,0.04325206437594746
HALLMARK_INFLAMMATORY_RESPONSE,OLR1,0.008064516129032258,0.0,0.00042171967997814625,0.003182616515432958,0.0,0.0,0.0014135498721260463,0.03291315731981016
HALLMARK_INFLAMMATORY_RESPONSE,P2RY2,0.016129032258064516,0.0,0.00020449685376118553,0.005253332372611153,0.018867924528301886,0.0,0.0006854470283279688,0.08815902608034712
HALLMARK_INFLAMMATORY_RESPONSE,P2RX4,0.016129032258064516,0.0,0.00020449685376118553,0.005253332372611153,0.018867924528301886,0.0,0.0006854470283279688,0.08815902608034712
HALLMARK_INFLAMMATORY_RESPONSE,P2RX7,0.024193548387096774,0.02989771833202203,0.003896439674901394,0.006425603063459158,0.03773584905660377,0.15337834161391364,0.013060362289430465,0.11943473805884466
HALLMARK_INFLAMMATORY_RESPONSE,MET,0.024193548387096774,0.015079989509572515,0.019527855100035404,0.004657743890963663,0.03773584905660377,0.07736188283157926,0.06545484689235917,0.07226896420714382
HALLMARK_INFLAMMATORY_RESPONSE,SEMA4D,0.008064516129032258,0.0,0.0009736835969159552,0.00251969139381853,0.0,0.0,0.0032636615965492563,0.015226580892718057
HALLMARK_INFLAMMATORY_RESPONSE,GP1BA,0.016129032258064516,0.0030236471719555912,0.001622646702671008,0.0038416419546191015,0.018867924528301886,0.015511618101085495,0.005438902067586792,0.05049569178339774
HALLMARK_INFLAMMATORY_RESPONSE,RGS16,0.008064516129032258,0.0,0.0001174015036285493,0.0029577341321203104,0.0,0.0,0.0003935146692036849,0.026913385505642727
HALLMARK_INFLAMMATORY_RESPONSE,APLNR,0.008064516129032258,0.0,0.0001174015036285493,0.0029577341321203104,0.0,0.0,0.0003935146692036849,0.026913385505642727
HALLMARK_INFLAMMATORY_RESPONSE,PIK3R5,0.016129032258064516,0.0,0.0012524495106213502,0.0041991690858880805,0.018867924528301886,0.0,0.0041980489169689906,0.06003437228557614
HALLMARK_INFLAMMATORY_RESPONSE,GABBR1,0.016129032258064516,0.002934509759844142,0.00012614740446090602,0.005190525077722363,0.018867924528301886,0.015054334093871913,0.0004228297986424975,0.08648335263698108
HALLMARK_INFLAMMATORY_RESPONSE,CALCRL,0.016129032258064516,0.0014149654478964179,0.0001753991591203739,0.005253616497343882,0.018867924528301886,0.0072589169323632255,0.0005879153159158374,0.0881666064142889
HALLMARK_INFLAMMATORY_RESPONSE,ADM,0.016129032258064516,0.013298184510501791,0.00339154696515809,0.004347103607265973,0.018867924528301886,0.0682210416208257,0.011368027168949862,0.06398120599763024
HALLMARK_INFLAMMATORY_RESPONSE,ATP2B1,0.008064516129032258,0.0,7.672022690921191e-14,0.008,0.0,0.0,0.0,0.16143901702913982
HALLMARK_INFLAMMATORY_RESPONSE,ATP2A2,0.008064516129032258,0.0,7.672022690921191e-14,0.008,0.0,0.0,0.0,0.16143901702913982
HALLMARK_INTERFERON_ALPHA_RESPONSE,CD74,0.058823529411764705,0.018367713093958987,0.01747364963771736,0.007148360852305624,0.07894736842105263,0.10423707177438182,0.07426636498460745,0.1328102558117911
HALLMARK_INTERFERON_ALPHA_RESPONSE,ISG15,0.4852941176470588,0.06193458648720929,0.2010997997644516,0.029118608698596792,0.8421052631578947,0.35147978977890215,0.8638607746533071,0.8657017105994559
HALLMARK_INTERFERON_ALPHA_RESPONSE,IFI35,0.5441176470588235,0.09644142271764644,0.21288348156395953,0.03314453461735067,0.9473684210526315,0.5473066489234905,0.9145307324332019,1.0
HALLMARK_INTERFERON_ALPHA_RESPONSE,B2M,0.07352941176470588,0.001463271875914545,0.0031416389892687468,0.009508396960103579,0.10526315789473684,0.008304091792750393,0.012638565896531251,0.21153719182528016
HALLMARK_INTERFERON_ALPHA_RESPONSE,HLA-C,0.044117647058823525,0.0002560725782850453,0.002045403859901494,0.006516509403599515,0.05263157894736841,0.0014532160637313184,0.007924743114572233,0.11173272720620976
HALLMARK_INTERFERON_ALPHA_RESPONSE,USP18,0.38235294117647056,0.01724943544694752,0.18424409035081324,0.022482909335974178,0.6578947368421052,0.09789082786481429,0.7913810438806297,0.6443456570205227
HALLMARK_INTERFERON_ALPHA_RESPONSE,IFI44L,0.4411764705882353,0.01791798131731382,0.19940764405545222,0.02508684400221744,0.763157894736842,0.10168483659727637,0.8565844870047737,0.7312086491481794
HALLMARK_INTERFERON_ALPHA_RESPONSE,IFIT2,0.4117647058823529,0.018354940363517563,0.18656050545221395,0.02394645317106186,0.7105263157894737,0.10416458632053317,0.801341653593766,0.6931670803356903
HALLMARK_INTERFERON_ALPHA_RESPONSE,IRF9,0.47058823529411764,0.055230495930402024,0.19619339345831974,0.02822750341886403,0.8157894736842105,0.3134339663834077,0.8427631750564567,0.8359758991565703
HALLMARK_INTERFERON_ALPHA_RESPONSE,MX1,0.4852941176470588,0.026704790328922288,0.21659626258020034,0.02791849276768982,0.8421052631578947,0.15155012123698766,0.9304957305161248,0.8256678103599217
HALLMARK_INTERFERON_ALPHA_RESPONSE,OAS1,0.5,0.028259731612348297,0.218783425503099,0.02849067982452291,0.8684210526315789,0.16037443841443388,0.9399005544791798,0.8447550326537687
HALLMARK_INTERFERON_ALPHA_RESPONSE,CXCL10,0.27941176470588236,0.17621094665547954,0.11104459740212676,0.025175694622368593,0.47368421052631576,1.0,0.4766224412362049,0.7341725601935597
HALLMARK_INTERFERON_ALPHA_RESPONSE,DDX60,0.3382352941176471,0.0029986064088676654,0.16827108772773156,0.019160581325102677,0.5789473684210527,0.01701714034106189,0.722696961749059,0.5335182404977518
HALLMARK_INTERFERON_ALPHA_RESPONSE,EPSTI1,0.29411764705882354,0.005162242831033691,0.13793808270432284,0.017240920405060013,0.5,0.02929581237155883,0.592264715696926,0.4694814988900964
HALLMARK_INTERFERON_ALPHA_RESPONSE,UBA7,0.058823529411764705,4.877572919715149e-05,0.021736064389366126,0.005459037729219476,0.07894736842105263,0.0002768030597583464,0.0925947940088419,0.07645720554367352
HALLMARK_INTERFERON_ALPHA_RESPONSE,RTP4,0.27941176470588236,0.0011188446722239565,0.1491575272275489,0.01611889722894465,0.47368421052631576,0.006349461786908597,0.6405084471535474,0.43205264494171086
HALLMARK_INTERFERON_ALPHA_RESPONSE,CMPK2,0.25,0.0008190556600951382,0.13383954775172188,0.014607846053803993,0.42105263157894735,0.004648154247173545,0.5746409715615076,0.3816464546358334
HALLMARK_INTERFERON_ALPHA_RESPONSE,DHX58,0.29411764705882354,0.025309372984277167,0.14991287538615541,0.018298709048295596,0.5,0.14363110501733484,0.6437564523149997,0.5047675941140821
HALLMARK_INTERFERON_ALPHA_RESPONSE,RSAD2,0.5,0.025411964674010818,0.22297567657956216,0.02835247002178421,0.8684210526315789,0.14421331453201516,0.957927278949623,0.8401445801862432
HALLMARK_INTERFERON_ALPHA_RESPONSE,IFI27,0.25,0.000622911636464167,0.1355711242991959,0.01460553610854854,0.42105263157894735,0.003535033709807249,0.5820867692371398,0.38156939864854583
HALLMARK_INTERFERON_ALPHA_RESPONSE,IRF1,0.3382352941176471,0.1387201105853161,0.11284133989098599,0.026872266388046084,0.5789473684210527,0.7872388930327695,0.4843484531568291,0.7907674132966372
HALLMARK_INTERFERON_ALPHA_RESPONSE,IFI44,0.5,0.026200573946757115,0.21919308684193967,0.02828473674975919,0.8684210526315789,0.14868868503375904,0.9416621026180627,0.8378851092590489
HALLMARK_INTERFERON_ALPHA_RESPONSE,IFIH1,0.5147058823529411,0.07159614083162494,0.20603552975055522,0.03134337442584504,0.894736842105263,0.4063092684679051,0.8850844663876914,0.9399162484513789
HALLMARK_INTERFERON_ALPHA_RESPONSE,IRF7,0.4264705882352941,0.022464249600261225,0.19578313774761805,0.02483096924644966,0.7368421052631579,0.12748498334886316,0.8409990711122137,0.722673086722572
HALLMARK_INTERFERON_ALPHA_RESPONSE,STAT2,0.4264705882352941,0.036999386285324516,0.17702403193066193,0.026169969428623464,0.7368421052631579,0.20997212141232183,0.7603347154459364,0.7673399379269824
HALLMARK_INTERFERON_ALPHA_RESPONSE,OASL,0.4117647058823529,0.027251423359454734,0.19722995492520573,0.0244119952490815,0.7105263157894737,0.15465227261241385,0.8472204004514579,0.7086968009474804
HALLMARK_INTERFERON_ALPHA_RESPONSE,EIF2AK2,0.39705882352941174,0.028903432020234317,0.1851477248240399,0.023415448477154193,0.6842105263157894,0.16402744874156502,0.7952666817810663,0.675453634163404
HALLMARK_INTERFERON_ALPHA_RESPONSE,IFIT3,0.5735294117647058,0.06133535410275685,0.23276000597353327,0.03312445354050941,1.0,0.34807913621097125,1.0,0.9993301281932341
HALLMARK_INTERFERON_ALPHA_RESPONSE,HERC6,0.3088235294117647,0.0031077645231529488,0.1553539757390086,0.017842316993045556,0.5263157894736842,0.017636614422310116,0.6671532420320094,0.4895431032632791
HALLMARK_INTERFERON_ALPHA_RESPONSE,UBE2L6,0.22058823529411764,0.021303289079656517,0.07647493109671091,0.01596932130703923,0.3684210526315789,0.12089651343459291,0.3279725063547639,0.4270630373699885
HALLMARK_INTERFERON_ALPHA_RESPONSE,PSMA3,0.058823529411764705,0.0,0.00401772357485088,0.006943205174395042,0.07894736842105263,0.0,0.016405738985413976,0.12596659868540058
HALLMARK_INTERFERON_ALPHA_RESPONSE,PSME2,0.11764705882352941,0.00847350347916224,0.027964312492638154,0.010691912941403672,0.18421052631578946,0.0480872706264344,0.11937632747223552,0.25101734495636563
HALLMARK_INTERFERON_ALPHA_RESPONSE,PSMB9,0.1323529411764706,0.01528876369126958,0.02051403050521918,0.013000857243694666,0.21052631578947367,0.08676398363128682,0.08734003523574668,0.3280399420872123
HALLMARK_INTERFERON_ALPHA_RESPONSE,PSMB8,0.16176470588235295,0.03966045191413999,0.028447170830644908,0.015618110011893133,0.2631578947368421,0.22507371231415316,0.12145262349047102,0.415347204265223
HALLMARK_INTERFERON_ALPHA_RESPONSE,PSME1,0.10294117647058823,0.0054663320359354395,0.019445146685698744,0.009868224193185251,0.15789473684210525,0.03102152357550742,0.08274382337868728,0.22354043849643526
HALLMARK_INTERFERON_ALPHA_RESPONSE,RIPK2,0.014705882352941176,0.0,0.00047318369772682495,0.00422582769710793,0.0,0.0,0.0011641796002539286,0.035319340335405174
HALLMARK_INTERFERON_ALPHA_RESPONSE,CASP1,0.058823529411764705,0.03134490243172239,0.011350741136744854,0.009656262158959796,0.07894736842105263,0.17788283319881745,0.0479377929378477,0.21646973248027757
HALLMARK_INTERFERON_ALPHA_RESPONSE,HELZ2,0.10294117647058823,0.00011323728948838693,0.05379311509812215,0.007250079456897891,0.15789473684210525,0.0006426234671435246,0.2304404549489096,0.13620342172508243
HALLMARK_INTERFERON_ALPHA_RESPONSE,TRIM25,0.1323529411764706,0.0020472390657439053,0.05960308965735588,0.009478730254678934,0.21052631578947367,0.011618115131896905,0.2554234076989516,0.21054755916161882
HALLMARK_INTERFERON_ALPHA_RESPONSE,IFITM3,0.3088235294117647,0.008814111330889263,0.15083696708055072,0.018388545361885774,0.5263157894736842,0.050020225747508494,0.6477300564852783,0.5077643862768515
HALLMARK_INTERFERON_ALPHA_RESPONSE,IFITM1,0.29411764705882354,0.00279508268033173,0.1498537704663756,0.017258052888452127,0.5,0.015862139857840737,0.6435023005277414,0.4700530104526977
HALLMARK_INTERFERON_ALPHA_RESPONSE,PARP9,0.3676470588235294,0.010143985101055346,0.16515935718406619,0.021245085482378436,0.631578947368421,0.057567281111589805,0.7093164871272376,0.603053882290462
HALLMARK_INTERFERON_ALPHA_RESPONSE,TRIM5,0.029411764705882353,3.658179689786362e-05,0.011636221736035438,0.003748646829581968,0.02631578947368421,0.00020760229481875983,0.049165362568388556,0.019401368783847118
HALLMARK_INTERFERON_ALPHA_RESPONSE,ADAR,0.07352941176470588,0.0,0.04089384694890136,0.005908085527862421,0.10526315789473684,0.0,0.17497346393258278,0.09143670403268044
HALLMARK_INTERFERON_ALPHA_RESPONSE,NMI,0.07352941176470588,0.000425329859621251,0.029071308551172913,0.006399608147772758,0.10526315789473684,0.0024137538994829792,0.12413642236471714,0.10783309293495413
HALLMARK_INTERFERON_ALPHA_RESPONSE,TRIM21,0.07352941176470588,0.00035001803823138324,0.03521941471941699,0.006262189915103141,0.10526315789473684,0.0019863580831656516,0.15057334465026692,0.10324904594740107
HALLMARK_INTERFERON_ALPHA_RESPONSE,GBP2,0.10294117647058823,0.0010544442376841587,0.042299697288822276,0.007948962759990845,0.15789473684210525,0.005983988269161081,0.18101863543166538,0.15951702311520374
HALLMARK_INTERFERON_ALPHA_RESPONSE,BATF2,0.014705882352941176,0.0,0.004703999371565116,0.003167042448805127,0.0,0.0,0.019356732251909523,0.0
HALLMARK_INTERFERON_ALPHA_RESPONSE,TAP1,0.058823529411764705,0.002447445051138176,0.006876231770394249,0.007218475882727679,0.07894736842105263,0.013889290634839622,0.028697354801763865,0.13514917829496081
HALLMARK_INTERFERON_ALPHA_RESPONSE,IRF2,0.029411764705882353,0.0,0.012083441531826727,0.003934064171838602,0.02631578947368421,0.0,0.051088412473896366,0.025586587387663038
HALLMARK_INTERFERON_ALPHA_RESPONSE,GBP4,0.10294117647058823,0.0026114620005201245,0.03775474558491168,0.008243810477674144,0.15789473684210525,0.014820089501170143,0.1614752944905999,0.16935265966630503
HALLMARK_INTERFERON_ALPHA_RESPONSE,BST2,0.1764705882352941,0.008763471487394783,0.09399276218344815,0.011825593258562073,0.28947368421052627,0.049732843808669644,0.40329936740403055,0.28883506202170234
HALLMARK_INTERFERON_ALPHA_RESPONSE,PARP12,0.14705882352941177,0.0005209000680499952,0.07348668679579357,0.009552266346397428,0.23684210526315788,0.002956116393089005,0.3151230238976072,0.21300060264187545
HALLMARK_INTERFERON_ALPHA_RESPONSE,CXCL11,0.044117647058823525,0.0007408818866237654,0.013066376196580675,0.00618966530133151,0.05263157894736841,0.004204516806054662,0.055315042046120345,0.10082974371344938
HALLMARK_INTERFERON_ALPHA_RESPONSE,ISG20,0.19117647058823528,7.730602677395085e-05,0.1089579068263733,0.011754525413500597,0.3157894736842105,0.0004387129644396976,0.46764964944055853,0.28646435520400376
HALLMARK_INTERFERON_ALPHA_RESPONSE,SP110,0.07352941176470588,3.3767812521104886e-05,0.03868017709862345,0.005867767994624599,0.10526315789473684,0.0001916328875250091,0.16545465989827055,0.09009177721187966
HALLMARK_INTERFERON_ALPHA_RESPONSE,SAMD9L,0.22058823529411764,0.003431132179033755,0.09831022917348363,0.013694524896497695,0.3684210526315789,0.019471731150404435,0.4218645216421841,0.3511795579330926
HALLMARK_INTERFERON_ALPHA_RESPONSE,PARP14,0.1764705882352941,0.0022405353406194156,0.08224983297844402,0.01134462384023633,0.28947368421052627,0.012715074648568905,0.35280464621640467,0.2727907106256102
HALLMARK_INTERFERON_ALPHA_RESPONSE,IL7,0.044117647058823525,0.014266900790166813,0.004848303084096446,0.009485842736041873,0.05263157894736841,0.08096489497931633,0.019977239759312676,0.21078481988119302
HALLMARK_INTERFERON_ALPHA_RESPONSE,IL4R,0.029411764705882353,0.0,0.0004045520781284728,0.007752077729038824,0.02631578947368421,0.0,0.0008690629018753685,0.15294926121420635
HALLMARK_INTERFERON_ALPHA_RESPONSE,IL15,0.058823529411764705,0.043678665496049165,0.00485640455750093,0.013590745183485579,0.07894736842105263,0.24787714001359923,0.020012076181607896,0.34771763682145906
HALLMARK_INTERFERON_ALPHA_RESPONSE,SAMD9,0.1764705882352941,0.00024459739797225795,0.09478980144674279,0.010901329775383582,0.28947368421052627,0.00138809422805318,0.4067266447615831,0.2580031472643934
HALLMARK_INTERFERON_ALPHA_RESPONSE,SELL,0.014705882352941176,0.0,0.00020244492927429093,0.005063232022767733,0.0,0.0,0.0,0.06325377597637134
HALLMARK_INTERFERON_ALPHA_RESPONSE,CSF1,0.014705882352941176,0.0,0.004628993741200461,0.0033003712226355357,0.0,0.0,0.01903420723905741,0.0044476293440685695
HALLMARK_INTERFERON_ALPHA_RESPONSE,CCRL2,0.029411764705882353,0.0,0.005173678305560282,0.005054242826160432,0.02631578947368421,0.0,0.021376356691924094,0.06295391111253418
HALLMARK_INTERFERON_ALPHA_RESPONSE,IFITM2,0.07352941176470588,0.0,0.037795393218101464,0.005890329180817227,0.10526315789473684,0.0,0.161650079748096,0.09084438140124214
HALLMARK_INTERFERON_ALPHA_RESPONSE,PLSCR1,0.10294117647058823,0.0,0.06104114471991521,0.00721817939864564,0.15789473684210525,0.0,0.26160705984985133,0.1351392880719771
HALLMARK_INTERFERON_ALPHA_RESPONSE,CASP8,0.029411764705882353,0.001044661187234765,0.009061967910825981,0.0049869976139443805,0.02631578947368421,0.005928469298092155,0.0380960435849497,0.06071072106054544
HALLMARK_INTERFERON_ALPHA_RESPONSE,LY6E,0.10294117647058823,0.0,0.060884394142468545,0.007198068832672162,0.15789473684210525,0.0,0.26093303069017665,0.13446843255609844
HALLMARK_INTERFERON_GAMMA_RESPONSE,CD74,0.06622516556291391,0.009832657703268143,0.017284036043911054,0.00578617024648539,0.10843373493975907,0.03313354070066868,0.07417199973481321,0.13133183416527436
HALLMARK_INTERFERON_GAMMA_RESPONSE,ISG15,0.24503311258278146,0.019149468851943234,0.17962697829978272,0.012755227958855572,0.4337349397590362,0.06452881049557525,0.7708438094533139,0.3373145402693072
HALLMARK_INTERFERON_GAMMA_RESPONSE,HLA-DMA,0.052980132450331126,0.00044088472234167606,0.0035063040785959874,0.005217717975878887,0.08433734939759037,0.001485668710622923,0.015046808773545417,0.11453023173591427
HALLMARK_INTERFERON_GAMMA_RESPONSE,HLA-DQA1,0.052980132450331126,0.013069287564904908,0.0037313874407361035,0.005795005467044135,0.08433734939759037,0.04404015521831806,0.016012722234646358,0.131592974582649
HALLMARK_INTERFERON_GAMMA_RESPONSE,HLA-DRB1,0.06622516556291391,0.012037876347945068,0.004554549093361163,0.006561451475297251,0.10843373493975907,0.04056456331147213,0.019545204215423263,0.15424662868891087
HALLMARK_INTERFERON_GAMMA_RESPONSE,CCL5,0.15894039735099338,0.026672163684549985,0.04874486481891084,0.011365101346906688,0.2771084337349398,0.08987836734346998,0.20918170334963268,0.2962269136238569
HALLMARK_INTERFERON_GAMMA_RESPONSE,IFI35,0.271523178807947,0.0183525939545999,0.18817479823528413,0.014254935530537716,0.4819277108433736,0.06184354597795753,0.80752557153588,0.3816410240967361
HALLMARK_INTERFERON_GAMMA_RESPONSE,B2M,0.0728476821192053,0.004693077242244214,0.013963613398336851,0.0061598294840791035,0.12048192771084337,0.015814469547292043,0.059922874879871725,0.14237598734881088
HALLMARK_INTERFERON_GAMMA_RESPONSE,HLA-B,0.08609271523178808,0.009943382144802311,0.020252614991701872,0.007089581268975735,0.14457831325301204,0.0335066537389586,0.08691123705003978,0.16985642969299247
HALLMARK_INTERFERON_GAMMA_RESPONSE,CIITA,0.019867549668874173,0.0015174475692561452,0.008921596486766312,0.0023891294111232234,0.024096385542168683,0.005113410058032212,0.03828577136551745,0.030926342792779473
HALLMARK_INTERFERON_GAMMA_RESPONSE,HLA-A,0.08609271523178808,0.009943382144802311,0.020252614991701872,0.007089581268975735,0.14457831325301204,0.0335066537389586,0.08691123705003978,0.16985642969299247
HALLMARK_INTERFERON_GAMMA_RESPONSE,LCP2,0.013245033112582781,0.0005695714636111986,0.0003375742464681829,0.0021458717629505657,0.01204819277108434,0.001919310103231652,0.0014486522046069554,0.023736436966319416
HALLMARK_INTERFERON_GAMMA_RESPONSE,PTPN6,0.039735099337748346,0.006768509769773323,0.005048427423436973,0.004243330833713876,0.0602409638554217,0.022808146150060497,0.021664613320700958,0.08573051323453551
HALLMARK_INTERFERON_GAMMA_RESPONSE,USP18,0.2052980132450331,0.0021965647281774647,0.17492754870778623,0.010302467439612563,0.3614457831325302,0.0074018611263698235,0.7506768710388264,0.2648189074261434
HALLMARK_INTERFERON_GAMMA_RESPONSE,IFI44L,0.2119205298013245,0.004010586275960639,0.17069211637145168,0.010618043458639323,0.3734939759036145,0.013514649611357593,0.7325011113187408,0.27414630935959106
HALLMARK_INTERFERON_GAMMA_RESPONSE,IFIT2,0.19205298013245034,0.001707212946393544,0.16239105522160516,0.009668491738110956,0.3373493975903615,0.005752870826087822,0.6968782797161656,0.24608064524075385
HALLMARK_INTERFERON_GAMMA_RESPONSE,IRF9,0.26490066225165565,0.022721383589457928,0.18148122768831834,0.014190874503570192,0.4698795180722893,0.07656524925977881,0.7788010588368104,0.37974758825000005
HALLMARK_INTERFERON_GAMMA_RESPONSE,STAT1,0.5562913907284768,0.2967584355712913,0.2330264264912175,0.035176009301922634,1.0,1.0,1.0,1.0
HALLMARK_INTERFERON_GAMMA_RESPONSE,MX1,0.2582781456953642,0.016207651902043083,0.19403631925714548,0.013253770292762654,0.4578313253012049,0.054615640060379896,0.8326794612046222,0.35204983208118623
HALLMARK_INTERFERON_GAMMA_RESPONSE,XAF1,0.2185430463576159,0.0035143683550795906,0.17794931957197532,0.010907031913223317,0.38554216867469887,0.011842522179071543,0.7636443739512181,0.2826878692612077
HALLMARK_INTERFERON_GAMMA_RESPONSE,CXCL10,0.25165562913907286,0.03680527168753356,0.12983302563198248,0.015255255503778918,0.44578313253012053,0.12402434868171322,0.5571600937581891,0.4112072328386148
HALLMARK_INTERFERON_GAMMA_RESPONSE,OAS2,0.23178807947019867,0.0028834984357311217,0.1852875064595324,0.01149941136359176,0.4096385542168675,0.009716651963675719,0.795135166639633,0.30019668139383276
HALLMARK_INTERFERON_GAMMA_RESPONSE,DDX60,0.16556291390728478,0.0009309464529598936,0.1454555722691241,0.008291812520190525,0.28915662650602414,0.003137051356830762,0.6242020463486194,0.2053904798772085
HALLMARK_INTERFERON_GAMMA_RESPONSE,MX2,0.19205298013245034,0.0012294187283105927,0.16683359813637497,0.00957620900317858,0.3373493975903615,0.004142826558388583,0.7159428252342991,0.2433530673883978
HALLMARK_INTERFERON_GAMMA_RESPONSE,EPSTI1,0.152317880794702,0.0015708366747192177,0.12484162860952097,0.007856227552575253,0.26506024096385544,0.005293317683439028,0.5357402183491241,0.19251600328787397
HALLMARK_INTERFERON_GAMMA_RESPONSE,RTP4,0.152317880794702,0.005235717235416607,0.13272595091026715,0.008008753343230191,0.26506024096385544,0.017643027485763966,0.5695746740349616,0.19702417016013193
HALLMARK_INTERFERON_GAMMA_RESPONSE,CMPK2,0.12582781456953643,0.00023028073269813057,0.11348749688073713,0.0064603921874683955,0.2168674698795181,0.0007759871501371676,0.4870155655286348,0.15125964444468737
HALLMARK_INTERFERON_GAMMA_RESPONSE,DHX58,0.16556291390728478,0.0023096025374683463,0.14724574426026116,0.008501340578848675,0.28915662650602414,0.0077827696221073476,0.6318843166305461,0.21158344861249706
HALLMARK_INTERFERON_GAMMA_RESPONSE,IFIT1,0.23841059602649006,0.00514948472971532,0.19077624378162347,0.01190747113109068,0.42168674698795183,0.017352446004785065,0.8186893077073969,0.3122576024868543
HALLMARK_INTERFERON_GAMMA_RESPONSE,RSAD2,0.24503311258278146,0.0044672535096998535,0.193125855111245,0.012176268607978746,0.4337349397590362,0.015053501347316107,0.8287723329032971,0.3202023826807479
HALLMARK_INTERFERON_GAMMA_RESPONSE,IFI27,0.13245033112582782,0.00017237347992503604,0.12532422092821,0.006825532459604138,0.22891566265060245,0.0005808545242975112,0.5378111951304086,0.16205200468423306
HALLMARK_INTERFERON_GAMMA_RESPONSE,IRF1,0.23841059602649006,0.04260304545367004,0.12530890735488948,0.015150450802101803,0.42168674698795183,0.14356136286961713,0.5377454790931716,0.4081095463284918
HALLMARK_INTERFERON_GAMMA_RESPONSE,IFI44,0.23841059602649006,0.005814186602992079,0.18638647156271848,0.011875064879034862,0.42168674698795183,0.01959232124875964,0.7998512201779964,0.311299778951931
HALLMARK_INTERFERON_GAMMA_RESPONSE,IFIH1,0.26490066225165565,0.026292559263644585,0.18216225116595966,0.01409911733320106,0.4698795180722893,0.0885991975696618,0.7817235749131876,0.37703554437876996
HALLMARK_INTERFERON_GAMMA_RESPONSE,IFNAR2,0.06622516556291391,0.0015000484173651129,0.039956103042092024,0.004662952304947524,0.10843373493975907,0.005054779367863163,0.17146597338219888,0.09813316073028512
HALLMARK_INTERFERON_GAMMA_RESPONSE,IRF7,0.2913907284768212,0.036144465955654174,0.19240472089363808,0.01577128104443048,0.5180722891566266,0.12179760243739075,0.8256776872510192,0.4264592714454318
HALLMARK_INTERFERON_GAMMA_RESPONSE,STAT2,0.2781456953642384,0.030175458301236153,0.17085335163093696,0.015931528458613318,0.4939759036144579,0.10168357385745484,0.7331930296642825,0.4311956644244947
HALLMARK_INTERFERON_GAMMA_RESPONSE,OASL,0.2119205298013245,0.003037336074050249,0.18002919436425818,0.01058736502327303,0.3734939759036145,0.010235045444295649,0.7725698628908223,0.27323955447297704
HALLMARK_INTERFERON_GAMMA_RESPONSE,OAS3,0.2119205298013245,0.0029584395964003195,0.17503548218773268,0.01051848879865431,0.3734939759036145,0.009969184500871935,0.7511400523250507,0.2712037970264559
HALLMARK_INTERFERON_GAMMA_RESPONSE,EIF2AK2,0.2052980132450331,0.009359803130104335,0.1665950408396582,0.010555822644346529,0.3614457831325302,0.03154014177250169,0.7149190902858263,0.2723072642213542
HALLMARK_INTERFERON_GAMMA_RESPONSE,IFIT3,0.2847682119205298,0.02061162207776412,0.2031782357889511,0.014498542531275114,0.5060240963855424,0.06945589276370384,0.8719107049286047,0.3888412556500935
HALLMARK_INTERFERON_GAMMA_RESPONSE,HERC6,0.15894039735099338,0.0004850391320037727,0.13843374227250924,0.007975400652035936,0.2771084337349398,0.0016344577739467498,0.5940688545800047,0.19603837295890483
HALLMARK_INTERFERON_GAMMA_RESPONSE,UBE2L6,0.11920529801324503,0.01108832947006073,0.0740766283090902,0.0075640754511936675,0.20481927710843376,0.03736483328170445,0.3178893888753088,0.18388093626443097
HALLMARK_INTERFERON_GAMMA_RESPONSE,IL2RB,0.0728476821192053,0.0034343099834515476,0.01103609863299189,0.006147265374261746,0.12048192771084337,0.011572745950220889,0.04735985870429948,0.14200463307872443
HALLMARK_INTERFERON_GAMMA_RESPONSE,GZMA,0.033112582781456956,0.00020520910749734786,0.0041484361523548155,0.003272306996216382,0.048192771084337366,0.0006915021879741976,0.01780242788262114,0.057030203093003995
HALLMARK_INTERFERON_GAMMA_RESPONSE,IL4R,0.0728476821192053,0.002839350800807297,0.019401088884591376,0.005821908314353889,0.12048192771084337,0.0095678857294865,0.08325703301862453,0.1323881353517915
HALLMARK_INTERFERON_GAMMA_RESPONSE,CD69,0.052980132450331126,0.0014184087444909488,0.006957249410796374,0.004888168440544275,0.08433734939759037,0.004779674558400884,0.02985605330500395,0.10478981805515808
HALLMARK_INTERFERON_GAMMA_RESPONSE,IL7,0.09271523178807947,0.0034671801502233974,0.017816366722522858,0.007202277523417176,0.1566265060240964,0.011683510002162905,0.07645642166337875,0.17318736486611241
HALLMARK_INTERFERON_GAMMA_RESPONSE,JAK2,0.11258278145695365,0.009819647053859083,0.028709337607860232,0.008833253316602943,0.19277108433734944,0.03308969814103254,0.12320206785191488,0.22139371087961354
HALLMARK_INTERFERON_GAMMA_RESPONSE,IL6,0.2847682119205298,0.10536255696594601,0.0671674491373663,0.020827380650748906,0.5060240963855424,0.355044859173462,0.28823962221253807,0.5759011504231852
HALLMARK_INTERFERON_GAMMA_RESPONSE,STAT3,0.23178807947019867,0.05599985494616893,0.07020982593915036,0.017112542444745152,0.4096385542168675,0.18870518318498108,0.3012955525960335,0.4661026011798527
HALLMARK_INTERFERON_GAMMA_RESPONSE,IL15RA,0.019867549668874173,0.0,0.0020409779974787335,0.0023213507737024153,0.024096385542168683,0.0,0.008758568837923864,0.028923026458176484
HALLMARK_INTERFERON_GAMMA_RESPONSE,IL15,0.11920529801324503,0.01229296296501985,0.02920647092493146,0.008935131926351033,0.20481927710843376,0.04142413994518673,0.12533544527419604,0.22440491161809775
HALLMARK_INTERFERON_GAMMA_RESPONSE,IL10RA,0.0728476821192053,0.0018920727536008552,0.019548755598687382,0.005765700847839891,0.12048192771084337,0.006375801078605956,0.08389072386785347,0.13072682523876797
HALLMARK_INTERFERON_GAMMA_RESPONSE,PSMA3,0.046357615894039736,0.000985062145161242,0.005494827122278371,0.004303869148395133,0.07228915662650603,0.003319407393642892,0.023580274585232354,0.08751982915007007
HALLMARK_INTERFERON_GAMMA_RESPONSE,PSME2,0.07947019867549669,0.00600872301925443,0.03345034604965859,0.00588272043115272,0.13253012048192772,0.020247859197960134,0.14354743602833087,0.13418554396844043
HALLMARK_INTERFERON_GAMMA_RESPONSE,PSMB9,0.11258278145695365,0.016612975497455423,0.029382992509419593,0.008585629585249688,0.19277108433734944,0.05598147687183245,0.12609296272466766,0.2140747578181136
HALLMARK_INTERFERON_GAMMA_RESPONSE,PSMB8,0.10596026490066225,0.008796777468970604,0.03491115717628811,0.007796417415307479,0.1807228915662651,0.029642889348826362,0.14981630067439528,0.19074820993110467
HALLMARK_INTERFERON_GAMMA_RESPONSE,PSMB2,0.039735099337748346,0.0,0.005035631245167752,0.0036635315787420194,0.0602409638554217,0.0,0.02160970032880601,0.06859353080946283
HALLMARK_INTERFERON_GAMMA_RESPONSE,PSME1,0.059602649006622516,0.0015423846679814824,0.017968244672380992,0.004750285664426983,0.09638554216867472,0.0051974417003925405,0.07710818443614675,0.1007144511229309
HALLMARK_INTERFERON_GAMMA_RESPONSE,PSMB10,0.06622516556291391,0.004940673764847182,0.022054866042076765,0.005237799119379877,0.10843373493975907,0.016648806479033575,0.09464534290881377,0.11512376510164538
HALLMARK_INTERFERON_GAMMA_RESPONSE,CDKN1A,0.039735099337748346,0.016293596239146783,0.013522517813856159,0.004545165645189477,0.0602409638554217,0.05490525048691503,0.05802997547304279,0.09465176971283779
HALLMARK_INTERFERON_GAMMA_RESPONSE,NFKBIA,0.12582781456953643,0.012570365890780576,0.04382460542995342,0.009317161004946206,0.2168674698795181,0.04235891682937773,0.18806710504829857,0.23569645011114046
HALLMARK_INTERFERON_GAMMA_RESPONSE,VCAM1,0.08609271523178808,0.014026467316673456,0.02743548433299355,0.007206096323629197,0.14457831325301204,0.0472656060801474,0.11773550642346378,0.17330023619451976
HALLMARK_INTERFERON_GAMMA_RESPONSE,SOD2,0.013245033112582781,2.011282805984793e-05,0.0027618410781846737,0.0018527878854759628,0.01204819277108434,6.777508454352314e-05,0.011852050944482747,0.015073829668560428
HALLMARK_INTERFERON_GAMMA_RESPONSE,CD40,0.11920529801324503,0.011641220330494336,0.029016914806902258,0.009152880443535322,0.20481927710843376,0.03922793402008526,0.12452199196384224,0.23084085040221008
HALLMARK_INTERFERON_GAMMA_RESPONSE,TNFAIP3,0.046357615894039736,0.004067715881157225,0.007589654816018051,0.004482952853279662,0.07228915662650603,0.01370716176383139,0.03256993178970668,0.09281296169018009
HALLMARK_INTERFERON_GAMMA_RESPONSE,MYD88,0.1456953642384106,0.03681414289027974,0.04861008593714836,0.011559632999142545,0.2530120481927711,0.12405424236520399,0.20860331881277175,0.30197663730304314
HALLMARK_INTERFERON_GAMMA_RESPONSE,PTGS2,0.09271523178807947,0.014543340679178363,0.017596902330902456,0.00798518188768743,0.1566265060240964,0.04900733706585593,0.07551462122072092,0.19632747450917032
HALLMARK_INTERFERON_GAMMA_RESPONSE,CASP3,0.09271523178807947,0.014199957164419293,0.021280691853236833,0.007742005233634688,0.1566265060240964,0.04785022247836992,0.09132308371058884,0.18913996260577523
HALLMARK_INTERFERON_GAMMA_RESPONSE,NFKB1,0.17880794701986755,0.025479317218474944,0.054216207653702164,0.01294879799712533,0.3132530120481928,0.08585877995152714,0.23266119843169594,0.34303584176358126
HALLMARK_INTERFERON_GAMMA_RESPONSE,ICAM1,0.10596026490066225,0.0029597533594537414,0.030610503386329584,0.007797396351466972,0.1807228915662651,0.009973611546225818,0.1313606522970186,0.1907771441037802
HALLMARK_INTERFERON_GAMMA_RESPONSE,RIPK1,0.11258278145695365,0.019271418134065146,0.027968683546937167,0.009508032446987967,0.19277108433734944,0.06493974837468608,0.12002365554874642,0.24133798986764932
HALLMARK_INTERFERON_GAMMA_RESPONSE,CCL2,0.15894039735099338,0.012165065879186152,0.04651961486442743,0.011237415453471091,0.2771084337349398,0.04099315948935745,0.19963235743213315,0.2924529334178255
HALLMARK_INTERFERON_GAMMA_RESPONSE,HIF1A,0.052980132450331126,0.0006180017323536121,0.018842045564149108,0.004391586838607769,0.08433734939759037,0.002082507717645477,0.08085797756015128,0.09011247911064112
HALLMARK_INTERFERON_GAMMA_RESPONSE,SOCS3,0.08609271523178808,0.0011500734004723208,0.03951592115251854,0.00614798722025307,0.14457831325301204,0.0038754531046718463,0.16957699496802717,0.14202596850121912
HALLMARK_INTERFERON_GAMMA_RESPONSE,STAT4,0.07947019867549669,0.008542066488822822,0.03474570252895885,0.006339311433464443,0.13253012048192772,0.02878457851544622,0.14910627542180663,0.14768089070261678
HALLMARK_INTERFERON_GAMMA_RESPONSE,RIPK2,0.046357615894039736,0.00153972954387745,0.006050966569645803,0.004622159308823367,0.07228915662650603,0.005188494611495401,0.02596686848250603,0.09692745228611045
HALLMARK_INTERFERON_GAMMA_RESPONSE,CASP1,0.08609271523178808,0.016141559460979848,0.026924638357259667,0.006988304433495903,0.14457831325301204,0.054392925444244386,0.1155432830631097,0.1668630154469374
HALLMARK_INTERFERON_GAMMA_RESPONSE,NOD1,0.039735099337748346,0.0006917898465476018,0.0053673899406836145,0.004067531068203666,0.0602409638554217,0.0023311547832358444,0.02303339591780551,0.08053444327403408
HALLMARK_INTERFERON_GAMMA_RESPONSE,RBCK1,0.019867549668874173,0.0,0.0014626361726430294,0.002568095035369848,0.024096385542168683,0.0,0.006276696573288242,0.03621598525283306
HALLMARK_INTERFERON_GAMMA_RESPONSE,NAMPT,0.026490066225165563,0.01974062327299886,0.0025805793749115683,0.00527035134617387,0.03614457831325302,0.06652084964323281,0.011074191943671366,0.11608590317561156
HALLMARK_INTERFERON_GAMMA_RESPONSE,CMKLR1,0.006622516556291391,0.0,9.072062875052175e-05,0.0021071386190665174,0.0,0.0,0.0003893147662114662,0.022591611062669423
HALLMARK_INTERFERON_GAMMA_RESPONSE,CD38,0.06622516556291391,0.03181689296912261,0.005855940633997969,0.008393664375404569,0.10843373493975907,0.10721478871484053,0.025129942222319894,0.20840088983858182
HALLMARK_INTERFERON_GAMMA_RESPONSE,PNP,0.019867549668874173,0.012626931567328917,0.00029695654686864804,0.00482174988413268,0.024096385542168683,0.04254952868659232,0.0012743470830328335,0.10282670129679064
HALLMARK_INTERFERON_GAMMA_RESPONSE,CASP4,0.019867549668874173,0.0,0.0016701406081800448,0.0025153434097253714,0.024096385542168683,0.0,0.007167172553465693,0.03465681856917237
HALLMARK_INTERFERON_GAMMA_RESPONSE,CASP8,0.09271523178807947,0.011663924653703703,0.015220264423768228,0.008155002990269113,0.1566265060240964,0.039304441780229155,0.06531561528426846,0.20134683461595423
HALLMARK_INTERFERON_GAMMA_RESPONSE,SELP,0.039735099337748346,1.687164932198045e-05,0.008770337309628002,0.0035171646732829413,0.0602409638554217,5.68531414768404e-05,0.03763666396849005,0.06426740057566967
HALLMARK_INTERFERON_GAMMA_RESPONSE,CXCL9,0.09933774834437085,0.007434031785468184,0.028180042954534783,0.007550119671601447,0.16867469879518074,0.025050785064144477,0.12093067459710137,0.1834684487568165
HALLMARK_INTERFERON_GAMMA_RESPONSE,TNFAIP6,0.033112582781456956,4.7989250407908626e-05,0.007293866260219271,0.0031189717013190123,0.048192771084337366,0.00016171149546439768,0.03130059697539999,0.05249810990511759
HALLMARK_INTERFERON_GAMMA_RESPONSE,CXCL11,0.0728476821192053,0.0031238828655118555,0.027465194293259488,0.005625913620026906,0.12048192771084337,0.010526685987874453,0.11786300252213935,0.12659516890127057
HALLMARK_INTERFERON_GAMMA_RESPONSE,CCL7,0.033112582781456956,0.0,0.01051602177321027,0.0030006594299930604,0.048192771084337366,0.0,0.04512802230869128,0.04900118351723928
HALLMARK_INTERFERON_GAMMA_RESPONSE,CD86,0.11258278145695365,0.026032016281217443,0.022509417251768287,0.009570439570160804,0.19277108433734944,0.0877212343807618,0.0965959852309568,0.24318254169113201
HALLMARK_INTERFERON_GAMMA_RESPONSE,IRF4,0.039735099337748346,0.005296041016997938,0.020484533706795694,0.0036488961951843366,0.0602409638554217,0.01784630319540033,0.08790648346301501,0.06816095641640951
HALLMARK_INTERFERON_GAMMA_RESPONSE,FAS,0.052980132450331126,0.0037502401020205914,0.0049416547872794345,0.005080010033998376,0.08433734939759037,0.012637349616704185,0.021206413631655978,0.110460032335755
HALLMARK_INTERFERON_GAMMA_RESPONSE,SLAMF7,0.006622516556291391,0.0,0.00020586870491021551,0.0017005104770607452,0.0,0.0,0.0008834564731995085,0.010573004168407157
HALLMARK_INTERFERON_GAMMA_RESPONSE,FCGR1A,0.033112582781456956,0.0030469231704235923,0.012425305367655237,0.003382698072156597,0.048192771084337366,0.010267351506143184,0.053321443214611255,0.06029300467829433
HALLMARK_INTERFERON_GAMMA_RESPONSE,LAP3,0.006622516556291391,0.0,0.008190816226389803,0.0013427917266062993,0.0,0.0,0.03514973108296155,0.0
HALLMARK_INTERFERON_GAMMA_RESPONSE,IRF8,0.0728476821192053,0.0031349799865658307,0.038238628333934335,0.005450298115747194,0.12048192771084337,0.010564080446544557,0.1640956732234638,0.12140454510414653
HALLMARK_INTERFERON_GAMMA_RESPONSE,SOCS1,0.07947019867549669,0.0007070880604343546,0.04114682020095862,0.005594030549965889,0.13253012048192772,0.0023827058498712447,0.17657576790977994,0.12565280892649008
HALLMARK_INTERFERON_GAMMA_RESPONSE,CD274,0.09271523178807947,0.0068945233242350525,0.024927062985672113,0.0071768278998793,0.1566265060240964,0.023232779587081892,0.10697097046463779,0.17243515667068368
HALLMARK_INTERFERON_GAMMA_RESPONSE,CSF2RB,0.039735099337748346,0.0006073467838897577,0.00588793849717163,0.003746595476281877,0.0602409638554217,0.0020466032674709015,0.025267256533213583,0.07104862977706614
HALLMARK_INTERFERON_GAMMA_RESPONSE,SP110,0.046357615894039736,0.0,0.044055745779813665,0.003069576490002526,0.07228915662650603,0.0,0.18905901121679897,0.051038147925251874
HALLMARK_INTERFERON_GAMMA_RESPONSE,PARP12,0.06622516556291391,9.127727377793789e-05,0.054971629444244954,0.0038883246616509682,0.10843373493975907,0.00030758105865539935,0.23590298436094662,0.07523768407122504
HALLMARK_INTERFERON_GAMMA_RESPONSE,LY6E,0.046357615894039736,0.0,0.04431332621767626,0.0029787735885261806,0.07228915662650603,0.0,0.19016438128894528,0.048354309142428206
HALLMARK_INTERFERON_GAMMA_RESPONSE,IFITM3,0.16556291390728478,0.0029851299392861536,0.13827583558031173,0.008687533766148569,0.28915662650602414,0.010059124127472447,0.5933912203108997,0.21708671435674406
HALLMARK_INTERFERON_GAMMA_RESPONSE,SAMD9L,0.10596026490066225,0.00029562091938433664,0.09074555326407523,0.005749500403527856,0.1807228915662651,0.0009961668614920252,0.3894217262414026,0.1302479927341157
HALLMARK_INTERFERON_GAMMA_RESPONSE,HELZ2,0.046357615894039736,1.0534061422872854e-05,0.04105108620590724,0.0029914928157199787,0.07228915662650603,3.549709177632533e-05,0.17616493899010383,0.04873024817824363
HALLMARK_INTERFERON_GAMMA_RESPONSE,TRIM25,0.0728476821192053,0.000785624480279086,0.06136155756815212,0.004557796780505885,0.12048192771084337,0.0026473534906149374,0.2633244584835307,0.09502510503893527
HALLMARK_INTERFERON_GAMMA_RESPONSE,ADAR,0.052980132450331126,0.0017175532969861537,0.04248060526850862,0.003738952302461696,0.08433734939759037,0.005787715161928531,0.18229951816263065,0.07082272238876745
HALLMARK_INTERFERON_GAMMA_RESPONSE,TNFSF10,0.039735099337748346,0.001615414595997114,0.009351332902315714,0.0038893723836509633,0.0602409638554217,0.0054435338725494714,0.040129924503082726,0.07526865132988624
HALLMARK_INTERFERON_GAMMA_RESPONSE,CASP7,0.026490066225165563,0.0,0.0025949117332215712,0.002978701974399695,0.03614457831325302,0.0,0.011135697235263446,0.04835219246149692
HALLMARK_INTERFERON_GAMMA_RESPONSE,NMI,0.039735099337748346,8.032831357592817e-05,0.031468139474654086,0.003033616625876069,0.0602409638554217,0.0002706858641483525,0.13504107644992824,0.04997529116188296
HALLMARK_INTERFERON_GAMMA_RESPONSE,TRIM21,0.046357615894039736,0.0001346934614624672,0.036734611173711525,0.003386348211003302,0.07228915662650603,0.00045388250279446336,0.15764139598603,0.060400890924660916
HALLMARK_INTERFERON_GAMMA_RESPONSE,NLRC5,0.033112582781456956,0.0005482477020169462,0.014943451813127992,0.002882548841074452,0.048192771084337366,0.001847454482503628,0.06412771305872124,0.04551021820613099
HALLMARK_INTERFERON_GAMMA_RESPONSE,BATF2,0.006622516556291391,0.0,0.004404569213631203,0.0013445559804451215,0.0,0.0,0.018901586742554308,5.214561207176773e-05
HALLMARK_INTERFERON_GAMMA_RESPONSE,TAP1,0.059602649006622516,0.0018576964587062267,0.017357988665688016,0.004924326223207981,0.09638554216867472,0.006259961760244372,0.07448935696716878,0.10585852464752446
HALLMARK_INTERFERON_GAMMA_RESPONSE,IRF2,0.019867549668874173,0.0,0.018600745972924583,0.0020228976877897827,0.024096385542168683,0.0,0.0798224744420806,0.02010172280154837
HALLMARK_INTERFERON_GAMMA_RESPONSE,GBP4,0.046357615894039736,0.00011313292419131968,0.037111761665143475,0.003221663576120389,0.07228915662650603,0.0003812290086161388,0.15925988405672167,0.05553334811658162
HALLMARK_INTERFERON_GAMMA_RESPONSE,BST2,0.09271523178807947,4.449537028045894e-05,0.08913255851190607,0.005165398854063854,0.1566265060240964,0.00014993801337037196,0.38249978705855225,0.11298384846040804
HALLMARK_INTERFERON_GAMMA_RESPONSE,SAMHD1,0.07947019867549669,0.0001153805723342147,0.07065106536975771,0.0046509472874390785,0.13253012048192772,0.00038880300778003135,0.3031890692982003,0.09777833141256735
HALLMARK_INTERFERON_GAMMA_RESPONSE,ISG20,0.09933774834437085,1.1145566885081233e-05,0.09853651252671032,0.005419751256551064,0.16867469879518074,3.7557708725700895e-05,0.42285552763443357,0.12050167918168055
HALLMARK_INTERFERON_GAMMA_RESPONSE,RNF213,0.013245033112582781,8.830022075055188e-06,0.007268881290890035,0.0016398978999547257,0.01204819277108434,2.975491516544918e-05,0.031193377508039806,0.00878149329684759
HALLMARK_INTERFERON_GAMMA_RESPONSE,TOR1B,0.006622516556291391,0.0,0.0001311616236648117,0.0016026403140247385,0.0,0.0,0.0005628615845840773,0.007680280092781264
HALLMARK_INTERFERON_GAMMA_RESPONSE,ZBP1,0.026490066225165563,0.00030401007718130785,0.009774192215370377,0.0026593688143321122,0.03614457831325302,0.0010244361768387692,0.04194456552651446,0.03891374164443487
HALLMARK_INTERFERON_GAMMA_RESPONSE,PELI1,0.013245033112582781,0.0,0.0026918291871846946,0.0019089862585327327,0.01204819277108434,0.0,0.011551604801724695,0.016734871008529537
HALLMARK_INTERFERON_GAMMA_RESPONSE,PARP14,0.09271523178807947,0.0007326014167517553,0.07725146886687059,0.005267960237993745,0.1566265060240964,0.0024686793328769926,0.33151376876039473,0.11601522978562721
HALLMARK_INTERFERON_GAMMA_RESPONSE,VAMP8,0.006622516556291391,0.0,1.220471800783036e-22,0.006578947368421052,0.0,0.0,0.0,0.15476375045200816
HALLMARK_INTERFERON_GAMMA_RESPONSE,VAMP5,0.006622516556291391,0.0,1.220471800783036e-22,0.006578947368421052,0.0,0.0,0.0,0.15476375045200816
HALLMARK_INTERFERON_GAMMA_RESPONSE,PTPN2,0.039735099337748346,0.0015194390742045696,0.01907214624710642,0.0035728492045878,0.0602409638554217,0.0051201209201669,0.0818454221449653,0.06591325442273281
HALLMARK_INTERFERON_GAMMA_RESPONSE,PTPN1,0.013245033112582781,0.0,0.003477165697829908,0.001844220376552919,0.01204819277108434,0.0,0.014921765527571863,0.014820601937441695
HALLMARK_INTERFERON_GAMMA_RESPONSE,PIM1,0.006622516556291391,0.0,0.0024679799454244465,0.0014024920459525133,0.0,0.0,0.010590987393944618,0.0017645474957655063
HALLMARK_INTERFERON_GAMMA_RESPONSE,ITGB7,0.006622516556291391,0.0,0.0009644314486779607,0.0014580892676498303,0.0,0.0,0.004138721359632184,0.003407820754466124
HALLMARK_INTERFERON_GAMMA_RESPONSE,PML,0.006622516556291391,0.0,0.008190816226389803,0.0013427917266062993,0.0,0.0,0.03514973108296155,0.0
HALLMARK_INTERFERON_GAMMA_RESPONSE,IRF5,0.039735099337748346,0.014537911751579724,0.01694265450064083,0.004470417686750527,0.0602409638554217,0.04898904296888044,0.0727070090536679,0.09244246288966754
HALLMARK_INTERFERON_GAMMA_RESPONSE,XCL1,0.033112582781456956,0.0002007902990283379,0.008378976953064606,0.0031497751374940895,0.048192771084337366,0.0006766119340189788,0.035957196268382896,0.05340855940955817
HALLMARK_INTERFERON_GAMMA_RESPONSE,IDO1,0.0728476821192053,0.005078927899636904,0.021673336707476672,0.005748888825140042,0.12048192771084337,0.017114687539915865,0.09300806365107056,0.13022991646376236
HALLMARK_INTERFERON_GAMMA_RESPONSE,SERPING1,0.026490066225165563,8.830022075055188e-05,1.458415009289426e-16,0.008073538230159433,0.03614457831325302,0.0002975491516544918,6.258576809410031e-16,0.19893900095578487
HALLMARK_INTERFERON_GAMMA_RESPONSE,C1S,0.019867549668874173,0.0,1.255412176144583e-16,0.006164783225325815,0.024096385542168683,0.0,5.387418820157281e-16,0.14252240384720286
HALLMARK_INTERFERON_GAMMA_RESPONSE,CFB,0.013245033112582781,0.0,8.776633165147862e-17,0.004418093931134761,0.01204819277108434,0.0,3.766362936849412e-16,0.09089594265406511
HALLMARK_INTERFERON_GAMMA_RESPONSE,CFH,0.026490066225165563,8.830022075055188e-05,1.458415009289426e-16,0.008073538230159433,0.03614457831325302,0.0002975491516544918,6.258576809410031e-16,0.19893900095578487
HALLMARK_INTERFERON_GAMMA_RESPONSE,C1R,0.019867549668874173,0.0,1.255412176144583e-16,0.006164783225325815,0.024096385542168683,0.0,5.387418820157281e-16,0.14252240384720286
HALLMARK_INTERFERON_GAMMA_RESPONSE,HLA-G,0.0728476821192053,0.006711435928416003,0.010791482694257285,0.006277704779038605,0.12048192771084337,0.022615821907457426,0.04631012394924232,0.1458599981348704
HALLMARK_INTERFERON_GAMMA_RESPONSE,IFITM2,0.033112582781456956,0.0,0.032576833276913096,0.002548544518925263,0.048192771084337366,0.0,0.13979887932642215,0.03563813549907956
HALLMARK_INTERFERON_GAMMA_RESPONSE,BANK1,0.006622516556291391,0.0,0.0005955365926921261,0.0016201781307532276,0.0,0.0,0.0025556611825507747,0.008198640981438927
HALLMARK_INTERFERON_GAMMA_RESPONSE,UPP1,0.006622516556291391,0.0,1.0441151193972092e-05,0.002353423844321503,0.0,0.0,4.480672579152995e-05,0.029871002232212444
HALLMARK_INTERFERON_GAMMA_RESPONSE,MARCHF1,0.006622516556291391,0.0,0.0007912882904641366,0.001465463974421681,0.0,0.0,0.0033957019483966525,0.003625793128965643
HALLMARK_INTERFERON_GAMMA_RESPONSE,PLSCR1,0.039735099337748346,0.0,0.04107424726732953,0.002770834714986508,0.0602409638554217,0.0,0.17626433141426373,0.0422083115565711
HALLMARK_INTERFERON_GAMMA_RESPONSE,TAPBP,0.052980132450331126,0.0003641916243839863,0.005939195920914962,0.0046291080495903456,0.08433734939759037,0.0012272325930108069,0.025487220528349834,0.0971328344893109
HALLMARK_INTERFERON_GAMMA_RESPONSE,PLA2G4A,0.006622516556291391,0.0,0.0006186081058779111,0.001471744058776992,0.0,0.0,0.002654669323100253,0.0038114120208529137
HALLMARK_INTERFERON_GAMMA_RESPONSE,LATS2,0.006622516556291391,0.0,0.00047533820786211056,0.0016307985281245573,0.0,0.0,0.0020398467891367057,0.0085125454260188
HALLMARK_INTERFERON_GAMMA_RESPONSE,MVP,0.006622516556291391,0.0,0.001708712241573491,0.0014335242098028073,0.0,0.0,0.007332697270873227,0.002681757447234449
HALLMARK_KRAS_SIGNALING_DN,TGM1,0.03571428571428571,0.0,1.0245599679412696e-11,0.024198427102311442,0.0,0.0,1.9433572771825455e-11,0.14957214406441896
HALLMARK_KRAS_SIGNALING_DN,PKP1,0.07142857142857142,0.005291005291005291,1.6577728516414766e-11,0.04476709013906787,0.25,0.02666666666666667,3.1444221696394e-11,0.5553004969967184
HALLMARK_KRAS_SIGNALING_DN,OXT,0.03571428571428571,0.0,0.011776419606859394,0.02058590921730296,0.0,0.0,0.02233726525901813,0.0783132134862019
HALLMARK_KRAS_SIGNALING_DN,HTR1D,0.07142857142857142,0.037037037037037035,0.03889902353185094,0.03626386863242268,0.25,0.18666666666666668,0.07378285047194132,0.3875697091305127
HALLMARK_KRAS_SIGNALING_DN,CACNG1,0.07142857142857142,0.0,1.0907690693914588e-05,0.0327241468940745,0.25,0.0,2.068947851099045e-05,0.31774672315557495
HALLMARK_KRAS_SIGNALING_DN,RYR1,0.10714285714285714,0.021164021164021163,1.2680897765861518e-05,0.048410253812090166,0.5,0.10666666666666667,2.4052860425657856e-05,0.6271639328397131
HALLMARK_KRAS_SIGNALING_DN,CACNA1F,0.14285714285714285,0.023809523809523808,1.4234908499650246e-05,0.06510897809236066,0.75,0.12,2.7000475331955988e-05,0.9565555848978698
HALLMARK_KRAS_SIGNALING_DN,IFNG,0.17857142857142855,0.16666666666666666,0.52720955185438,0.05655596891753476,1.0,0.84,1.0,0.7878427075020141
HALLMARK_KRAS_SIGNALING_DN,CD80,0.10714285714285714,0.0,0.4045523721875761,0.03412272546825931,0.5,0.0,0.7673464389342419,0.3453344657490718
HALLMARK_KRAS_SIGNALING_DN,MX1,0.10714285714285714,0.06878306878306878,0.21652813706168872,0.03859881549526975,0.5,0.3466666666666667,0.410706020594816,0.4336278385847436
HALLMARK_KRAS_SIGNALING_DN,PDCD1,0.10714285714285714,0.0,0.4045523721875761,0.03412272546825931,0.5,0.0,0.7673464389342419,0.3453344657490718
HALLMARK_KRAS_SIGNALING_DN,CD40LG,0.10714285714285714,0.0,0.4045523721875761,0.03412272546825931,0.5,0.0,0.7673464389342419,0.3453344657490718
HALLMARK_KRAS_SIGNALING_DN,EGF,0.17857142857142855,0.1984126984126984,0.31128730281505823,0.06731142100424115,1.0,1.0,0.5904432150748257,1.0
HALLMARK_KRAS_SIGNALING_DN,KRT5,0.07142857142857142,0.005291005291005291,1.6577728516414766e-11,0.04476709013906787,0.25,0.02666666666666667,3.1444221696394e-11,0.5553004969967184
HALLMARK_KRAS_SIGNALING_DN,KRT15,0.03571428571428571,0.0,1.0245599679412696e-11,0.024198427102311442,0.0,0.0,1.9433572771825455e-11,0.14957214406441896
HALLMARK_KRAS_SIGNALING_DN,CNTFR,0.03571428571428571,0.0,0.09423915497377192,0.016615769866967646,0.0,0.0,0.17875084895996268,0.0
HALLMARK_KRAS_SIGNALING_DN,FGFR3,0.10714285714285714,0.037037037037037035,0.1503245891437787,0.04395185145262926,0.5,0.18666666666666668,0.2851325220019907,0.5392194591137822
HALLMARK_KRAS_SIGNALING_DN,EDN1,0.10714285714285714,0.10052910052910052,0.11671262197309291,0.04798210230635872,0.5,0.5066666666666667,0.22137804894196977,0.6187184055385231
HALLMARK_KRAS_SIGNALING_DN,FGF16,0.07142857142857142,0.0,0.13974868745150712,0.029068776090331042,0.25,0.0,0.2650723738975559,0.24564249484917733
HALLMARK_KRAS_SIGNALING_DN,KCNMB1,0.03571428571428571,0.0,5.768728509730065e-06,0.019008736653322207,0.0,0.0,1.0942003022147351e-05,0.04720260481268688
HALLMARK_KRAS_SIGNALING_DN,COL2A1,0.03571428571428571,0.0,0.04550953247773519,0.017625420016466848,0.0,0.0,0.08632152493759311,0.019915912447110603
HALLMARK_KRAS_SIGNALING_DN,CALML5,0.07142857142857142,0.013227513227513227,6.148771006673952e-06,0.03645237911616918,0.25,0.06666666666666667,1.166285964473157e-05,0.3912881835857682
HALLMARK_KRAS_SIGNALING_DN,IFI44L,0.07142857142857142,0.0,0.09401212733624995,0.028014668272409497,0.25,0.0,0.17832022770751488,0.22484963009106945
HALLMARK_KRAS_SIGNALING_DN,RSAD2,0.07142857142857142,0.0,0.09401212733624995,0.028014668272409497,0.25,0.0,0.17832022770751488,0.22484963009106945
HALLMARK_KRAS_SIGNALING_DN,EDN2,0.03571428571428571,0.0,0.03533376949005605,0.018766721981912787,0.0,0.0,0.06702035152013998,0.04242873040767937
HALLMARK_KRAS_SIGNALING_DN,PDE6B,0.03571428571428571,0.0,5.768728509730065e-06,0.019008736653322207,0.0,0.0,1.0942003022147351e-05,0.04720260481268688
HALLMARK_KRAS_SIGNALING_DN,CAMK1D,0.03571428571428571,0.0,2.4918032043077294e-06,0.0206660791234887,0.0,0.0,4.7263999590081405e-06,0.07989460960968112
HALLMARK_KRAS_SIGNALING_DN,KLK8,0.03571428571428571,0.0,3.448744911625722e-17,0.034482758620689655,0.0,0.0,0.0,0.3524363205305686
HALLMARK_KRAS_SIGNALING_DN,KLK7,0.03571428571428571,0.0,3.448744911625722e-17,0.034482758620689655,0.0,0.0,0.0,0.3524363205305686
HALLMARK_KRAS_SIGNALING_UP,TRIB2,0.0125,0.0,2.0340949593631404e-11,0.012345679012345678,0.0,0.0,0.0,0.12987235326498223
HALLMARK_KRAS_SIGNALING_UP,TRIB1,0.0125,0.0,2.0340949593631404e-11,0.012345679012345678,0.0,0.0,0.0,0.12987235326498223
HALLMARK_KRAS_SIGNALING_UP,PPP1R15A,0.0125,0.0,2.0340949593631404e-11,0.012345679012345678,0.0,0.0,0.0,0.12987235326498223
HALLMARK_KRAS_SIGNALING_UP,ERO1A,0.0125,0.0,2.0340949593631404e-11,0.012345679012345678,0.0,0.0,0.0,0.12987235326498223
HALLMARK_KRAS_SIGNALING_UP,MMP11,0.0125,0.0,2.0340949593631404e-11,0.012345679012345678,0.0,0.0,0.0,0.12987235326498223
HALLMARK_KRAS_SIGNALING_UP,MMP10,0.0125,0.0,2.0340949593631404e-11,0.012345679012345678,0.0,0.0,0.0,0.12987235326498223
HALLMARK_KRAS_SIGNALING_UP,PLEK2,0.0125,0.0,2.0340949593631404e-11,0.012345679012345678,0.0,0.0,0.0,0.12987235326498223
HALLMARK_KRAS_SIGNALING_UP,AKT2,0.0125,0.0,2.0340949593631404e-11,0.012345679012345678,0.0,0.0,0.0,0.12987235326498223
HALLMARK_KRAS_SIGNALING_UP,PCSK1N,0.0125,0.0,2.0340949593631404e-11,0.012345679012345678,0.0,0.0,0.0,0.12987235326498223
HALLMARK_KRAS_SIGNALING_UP,CPE,0.0125,0.0,2.0340949593631404e-11,0.012345679012345678,0.0,0.0,0.0,0.12987235326498223
HALLMARK_KRAS_SIGNALING_UP,PLAT,0.05,0.017721518987341773,0.10601532208148967,0.013621292961163052,0.15000000000000002,0.06736636283698698,0.22047040858208286,0.15082103803009803
HALLMARK_KRAS_SIGNALING_UP,TFPI,0.0125,0.0,0.015761620025377406,0.004746375095304044,0.0,0.0,0.03277800543228634,0.0050732929066303525
HALLMARK_KRAS_SIGNALING_UP,MMP9,0.1625,0.12155025617842072,0.384002880629632,0.03754771937675282,0.6,0.46205963870778033,0.7985758128036936,0.543751175710561
HALLMARK_KRAS_SIGNALING_UP,PLAUR,0.05,0.002489451476793249,0.147090813631135,0.012372160915583671,0.15000000000000002,0.009463370017576743,0.30589136687938273,0.13030725054987577
HALLMARK_KRAS_SIGNALING_UP,PLAU,0.05,0.00784282700421941,0.16621452366924983,0.012474796280905368,0.15000000000000002,0.029813625457916562,0.34566120470788625,0.1319927729729177
HALLMARK_KRAS_SIGNALING_UP,RETN,0.025,0.017721518987341773,0.07310892149130493,0.00950327556391668,0.05,0.06736636283698698,0.15203796464818467,0.08319317272480292
HALLMARK_KRAS_SIGNALING_UP,IL1B,0.2625,0.26306183443841663,0.4808596434662249,0.06532976731535609,1.0,1.0,1.0,1.0
HALLMARK_KRAS_SIGNALING_UP,RBP4,0.0125,0.0,0.010869715688331436,0.005890752319443187,0.0,0.0,0.022604757575614195,0.023866751337447003
HALLMARK_KRAS_SIGNALING_UP,IL10RA,0.05,0.004886603375527426,0.13595067028494523,0.01308826590642818,0.15000000000000002,0.018575873562044178,0.28272422549409515,0.14206743687100817
HALLMARK_KRAS_SIGNALING_UP,TNFRSF1B,0.0625,0.028440199919630295,0.1142062033952547,0.016110916055381286,0.2,0.10811222380602767,0.23750423836049478,0.19170670679617138
HALLMARK_KRAS_SIGNALING_UP,IL7R,0.07500000000000001,0.06759757383966246,0.11082095902096994,0.023124659312694956,0.25000000000000006,0.25696458014888207,0.23046425398995,0.30688943638072846
HALLMARK_KRAS_SIGNALING_UP,CTSS,0.0625,0.022420760498292138,0.20850895005833353,0.015160225624027517,0.2,0.0852300013270868,0.4336170707606038,0.1760940567666652
HALLMARK_KRAS_SIGNALING_UP,HBEGF,0.0625,0.03443565400843883,0.08941830309325002,0.01750644326746649,0.2,0.13090326873889527,0.1859550999791319,0.2146246591078541
HALLMARK_KRAS_SIGNALING_UP,BTC,0.025,0.0,0.01963167684644541,0.00779719939516197,0.05,0.0,0.04082621008787944,0.05517525094082302
HALLMARK_KRAS_SIGNALING_UP,ADAM17,0.05,0.007473628691983121,0.04262389097128994,0.013972976641247466,0.15000000000000002,0.028410159565479327,0.08864102349180794,0.15659653974670634
HALLMARK_KRAS_SIGNALING_UP,PTGS2,0.037500000000000006,0.007125527426160339,0.14187872797669904,0.009927283017671193,0.10000000000000002,0.027086891724038522,0.2950522671015646,0.09015640677770555
HALLMARK_KRAS_SIGNALING_UP,GPNMB,0.0125,0.0,0.01329432377154559,0.004827944972542831,0.0,0.0,0.02764699415392048,0.006412868760429034
HALLMARK_KRAS_SIGNALING_UP,ID2,0.0125,0.0,0.016476863328607073,0.005127870827657064,0.0,0.0,0.034265431780033405,0.011338381057876793
HALLMARK_KRAS_SIGNALING_UP,SOX9,0.0125,0.0,0.0037129433660675463,0.005513669137067578,0.0,0.0,0.007721470072055345,0.017674127993106137
HALLMARK_KRAS_SIGNALING_UP,BMP2,0.037500000000000006,0.019145569620253166,0.02497432327243139,0.012923985939431632,0.10000000000000002,0.07277973127924486,0.05193682520978921,0.13936956009957205
HALLMARK_KRAS_SIGNALING_UP,GNG11,0.0125,0.0,0.04293132177513811,0.004437450536521695,0.0,0.0,0.0892803593313579,0.0
HALLMARK_KRAS_SIGNALING_UP,CXCR4,0.1,0.039472322684348006,0.2887594514997912,0.024335027219827436,0.35000000000000003,0.15004959867558654,0.6005067287622096,0.32676662238973897
HALLMARK_KRAS_SIGNALING_UP,LIF,0.037500000000000006,0.01922995780590717,0.08506669336978215,0.012133147625207109,0.10000000000000002,0.0731005234832305,0.17690545361603968,0.12638207077317787
HALLMARK_KRAS_SIGNALING_UP,KLF4,0.0125,0.0,0.012647571697173858,0.005289590583320436,0.0,0.0,0.02630200277611001,0.013994212929913296
HALLMARK_KRAS_SIGNALING_UP,IL2RG,0.037500000000000006,0.007289029535864978,0.07865008891958307,0.01108545640987331,0.10000000000000002,0.027708426619260713,0.16356142581570876,0.10917643185588892
HALLMARK_KRAS_SIGNALING_UP,ALDH1A2,0.0125,0.0,2.0340949593631404e-11,0.012345679012345678,0.0,0.0,0.0,0.12987235326498223
HALLMARK_KRAS_SIGNALING_UP,ALDH1A3,0.0125,0.0,2.0340949593631404e-11,0.012345679012345678,0.0,0.0,0.0,0.12987235326498223
HALLMARK_KRAS_SIGNALING_UP,FLT4,0.05,0.04319268635724332,0.05182002394377327,0.016095573471728814,0.15000000000000002,0.16419214307332303,0.10776538357863702,0.19145474424220588
HALLMARK_KRAS_SIGNALING_UP,NRP1,0.025,0.017721518987341773,0.007878476420656543,0.010718121660263313,0.05,0.06736636283698698,0.016384149736205174,0.10314390149669461
HALLMARK_KRAS_SIGNALING_UP,PECAM1,0.07500000000000001,0.055047217199115935,0.23448070070120006,0.01896187601310915,0.25000000000000006,0.20925580982368847,0.4876281548614666,0.23852640603807695
HALLMARK_KRAS_SIGNALING_UP,NGF,0.025,0.014454992967651195,0.07919714566273708,0.007916426811073369,0.05,0.05494903127437569,0.16469908989421983,0.0571332552050464
HALLMARK_KRAS_SIGNALING_UP,IGF2,0.037500000000000006,0.022225738396624468,0.026988186844370498,0.012838787415074472,0.10000000000000002,0.08448864672472116,0.056124873841834066,0.1379703930311452
HALLMARK_KRAS_SIGNALING_UP,CXCL10,0.0625,0.034725738396624475,0.19736264918392354,0.01603735938087763,0.2,0.13200599194009593,0.4104371241247527,0.19049872722839079
HALLMARK_KRAS_SIGNALING_UP,ITGB2,0.15000000000000002,0.07687236286919831,0.3331135741181383,0.03557430792641532,0.55,0.29222164831818015,0.6927459574496109,0.5113429581433911
HALLMARK_KRAS_SIGNALING_UP,CCL20,0.037500000000000006,0.0,0.14376717412973117,0.009808088244256837,0.10000000000000002,0.0,0.29897949655151257,0.0881989385827068
HALLMARK_KRAS_SIGNALING_UP,TLR8,0.0125,0.0,0.07149281441962986,0.004496146314384213,0.0,0.0,0.14867709397895174,0.0009639274865448981
HALLMARK_KRAS_SIGNALING_UP,LY96,0.0125,0.0,0.07149281441962986,0.004496146314384213,0.0,0.0,0.14867709397895174,0.0009639274865448981
HALLMARK_KRAS_SIGNALING_UP,TNFAIP3,0.037500000000000006,0.01160211975085393,0.08765569638089643,0.01036041333432143,0.10000000000000002,0.04410415435451551,0.1822895673515182,0.09726946043640276
HALLMARK_KRAS_SIGNALING_UP,IL1RL2,0.025,0.0,0.08397863715929542,0.007819387869964937,0.05,0.0,0.17464272222379884,0.055539639684374316
HALLMARK_KRAS_SIGNALING_UP,IL33,0.025,0.0,0.08397863715929542,0.007819387869964937,0.05,0.0,0.17464272222379884,0.055539639684374316
HALLMARK_KRAS_SIGNALING_UP,C3AR1,0.05,0.022209915611814342,0.13922502196595504,0.01328146189850499,0.15000000000000002,0.08442849818647385,0.2895335964314138,0.14524018513050554
HALLMARK_KRAS_SIGNALING_UP,BIRC3,0.0625,0.01969924151095037,0.06850549198183056,0.017105558063844978,0.2,0.07488445274854953,0.14246463161385936,0.2080411486614121
HALLMARK_KRAS_SIGNALING_UP,MAP3K1,0.0125,0.0,0.01018573801991929,0.004759792429710779,0.0,0.0,0.021182351520677458,0.005293638183612794
HALLMARK_KRAS_SIGNALING_UP,TRAF1,0.037500000000000006,0.0002742616033755274,0.0401989770275719,0.010434105165721661,0.10000000000000002,0.0010425746629533698,0.0835981508432719,0.09847965960927846
HALLMARK_KRAS_SIGNALING_UP,CBL,0.0125,0.0,4.2587156131240256e-10,0.009517671827468373,0.0,0.0,8.43345074277188e-10,0.08342959440020054
HALLMARK_KRAS_SIGNALING_UP,SPRY2,0.025,0.00031645569620253165,6.022733378370249e-10,0.018001693382100285,0.05,0.001202970764946196,1.210191780855663e-09,0.22275787099454553
HALLMARK_KRAS_SIGNALING_UP,PRKG2,0.0125,0.0,2.0340949593631404e-11,0.012345679012345678,0.0,0.0,0.0,0.12987235326498223
HALLMARK_KRAS_SIGNALING_UP,GUCY1A1,0.0125,0.0,2.0340949593631404e-11,0.012345679012345678,0.0,0.0,0.0,0.12987235326498223
HALLMARK_KRAS_SIGNALING_UP,SEMA3B,0.0125,0.0,0.0011713272275428075,0.006407106843682852,0.0,0.0,0.0024359024991326378,0.0323465489794895
HALLMARK_KRAS_SIGNALING_UP,IRF8,0.025,0.017943037974683544,0.030079982281454167,0.008756640991205829,0.05,0.06820844237244932,0.06255459918731654,0.07093161638719986
HALLMARK_KRAS_SIGNALING_UP,MAFB,0.025,0.002911392405063291,0.004956694335566132,0.009831751375490066,0.05,0.011067331037505004,0.01030798567271119,0.08858754477286337
HALLMARK_KRAS_SIGNALING_UP,DUSP6,0.0125,0.0,4.2587156131240256e-10,0.009517671827468373,0.0,0.0,8.43345074277188e-10,0.08342959440020054
HALLMARK_KRAS_SIGNALING_UP,FCER1G,0.037500000000000006,0.00015822784810126583,0.08218301864037043,0.010062268754897737,0.10000000000000002,0.000601485382473098,0.17090853794903332,0.09237320101985638
HALLMARK_KRAS_SIGNALING_UP,ITGA2,0.037500000000000006,0.003270042194092827,0.08043145460934718,0.01012325063352305,0.10000000000000002,0.012430697904444026,0.1672659697799281,0.09337467184329054
HALLMARK_KRAS_SIGNALING_UP,ACE,0.025,0.003354430379746834,0.06342894286042372,0.007276149857066994,0.05,0.012751490108429674,0.1319073948180496,0.046618349747730485
HALLMARK_KRAS_SIGNALING_UP,LAPTM5,0.025,0.0,0.05817469013069659,0.007602953740893855,0.05,0.0,0.12098060401465699,0.051985264674187265
HALLMARK_KRAS_SIGNALING_UP,LCP1,0.025,0.0,0.05817469013069659,0.007602953740893855,0.05,0.0,0.12098060401465699,0.051985264674187265
HALLMARK_KRAS_SIGNALING_UP,SPP1,0.07500000000000001,0.06735960417922442,0.12569429220604264,0.020474753616748588,0.25000000000000006,0.2560599652284165,0.2613949702349005,0.2633715373070074
HALLMARK_KRAS_SIGNALING_UP,CFH,0.037500000000000006,0.01930379746835443,0.04027699541576245,0.01205112385253701,0.10000000000000002,0.07338121666171796,0.083760398578664,0.12503504085201367
HALLMARK_KRAS_SIGNALING_UP,IKZF1,0.025,0.016234177215189875,0.016961411879778225,0.00938616238723309,0.05,0.061712400241739865,0.03527310326541494,0.08126988941290408
HALLMARK_KRAS_SIGNALING_UP,PRDM1,0.0125,0.0,0.016476863328607073,0.005127870827657064,0.0,0.0,0.034265431780033405,0.011338381057876793
HALLMARK_KRAS_SIGNALING_UP,ETS1,0.025,0.002056962025316456,0.003258828452852415,0.010019372782968654,0.05,0.007819309972150275,0.00677708865139608,0.0916687447896084
HALLMARK_KRAS_SIGNALING_UP,SDCCAG8,0.0125,0.0,2.0340949593631404e-11,0.012345679012345678,0.0,0.0,0.0,0.12987235326498223
HALLMARK_KRAS_SIGNALING_UP,NIN,0.0125,0.0,2.0340949593631404e-11,0.012345679012345678,0.0,0.0,0.0,0.12987235326498223
HALLMARK_KRAS_SIGNALING_UP,CFB,0.0125,0.0,0.005988097613243884,0.005266346434752704,0.0,0.0,0.012452901120983418,0.013612487454560536
HALLMARK_KRAS_SIGNALING_UP,PTBP2,0.0125,0.0,2.0340949593631404e-11,0.012345679012345678,0.0,0.0,0.0,0.12987235326498223
HALLMARK_KRAS_SIGNALING_UP,RBM4,0.0125,0.0,2.0340949593631404e-11,0.012345679012345678,0.0,0.0,0.0,0.12987235326498223
HALLMARK_KRAS_SIGNALING_UP,ENG,0.025,0.006098553345388787,0.0385744060561071,0.00819994494124469,0.05,0.0231829651701774,0.08021967857260477,0.06178931273691994
HALLMARK_KRAS_SIGNALING_UP,IGFBP3,0.0125,0.0,0.004012370765509108,0.005489539451699107,0.0,0.0,0.00834416196047384,0.01727785984886534
HALLMARK_KRAS_SIGNALING_UP,TMEM176B,0.0125,0.0,2.0340949593631404e-11,0.012345679012345678,0.0,0.0,0.0,0.12987235326498223
HALLMARK_KRAS_SIGNALING_UP,TMEM176A,0.0125,0.0,2.0340949593631404e-11,0.012345679012345678,0.0,0.0,0.0,0.12987235326498223
HALLMARK_MITOTIC_SPINDLE,RANBP9,0.006134969325153374,0.0,5.171015808692399e-05,0.0017617503324884364,0.0,0.0,0.00023706467022208157,0.009392135703700746
HALLMARK_MITOTIC_SPINDLE,SOS1,0.05521472392638037,0.015469510794989113,0.0012261586187811084,0.008967716238430427,0.16666666666666669,0.04846930648790397,0.005621311157435764,0.17371096009838866
HALLMARK_MITOTIC_SPINDLE,KIF22,0.0736196319018405,0.000247883016186689,0.09452924436805338,0.005436293194362487,0.22916666666666669,0.0007766708361967399,0.43336831624506716,0.0931833402600739
HALLMARK_MITOTIC_SPINDLE,RACGAP1,0.15950920245398773,0.07909172801296395,0.19001031737464386,0.011678093148525531,0.5208333333333334,0.24781140506137042,0.8711002807684496,0.23551613005708752
HALLMARK_MITOTIC_SPINDLE,INCENP,0.11656441717791412,0.0009641701262208074,0.147546813666571,0.008107205467894382,0.37500000000000006,0.003020952502868741,0.6764267992775401,0.1540885916277227
HALLMARK_MITOTIC_SPINDLE,TPX2,0.147239263803681,0.0009434749814878232,0.1905946466096518,0.009891939846301155,0.4791666666666668,0.002956110160653274,0.8737791319366892,0.19478618286594382
HALLMARK_MITOTIC_SPINDLE,KIF23,0.17791411042944785,0.04582642326039432,0.20773850567049573,0.01289764572596708,0.5833333333333335,0.1435840463017064,0.9523749716137027,0.2633257878362705
HALLMARK_MITOTIC_SPINDLE,KIF4A,0.16564417177914112,0.0050080627872592385,0.20269757206301178,0.011271306638291201,0.5416666666666669,0.01569133848918882,0.9292648650600867,0.22624011043476253
HALLMARK_MITOTIC_SPINDLE,AURKA,0.1901840490797546,0.03583971170773589,0.20392720053710922,0.01410217597070389,0.6250000000000001,0.11229352978395807,0.9349020837323507,0.2907928888948238
HALLMARK_MITOTIC_SPINDLE,KIF20B,0.0736196319018405,5.181871126882217e-05,0.09366953934906119,0.005328037779260469,0.22916666666666669,0.00016235917422225844,0.42942700772156445,0.09071477424462074
HALLMARK_MITOTIC_SPINDLE,KIF2C,0.16564417177914112,0.002714954241368305,0.20283100284251335,0.011190160160238561,0.5416666666666669,0.00850653591890834,0.9298765770507456,0.22438971396447335
HALLMARK_MITOTIC_SPINDLE,BIRC5,0.15337423312883436,0.0006591070977788381,0.1980754682107796,0.010242317962780715,0.5000000000000001,0.0020651243826626696,0.9080748790685276,0.20277591261835237
HALLMARK_MITOTIC_SPINDLE,KIF15,0.15337423312883436,0.010415626307851129,0.17958559748844824,0.010851855067408173,0.5000000000000001,0.03263439875178466,0.8233082632334623,0.2166752873537693
HALLMARK_MITOTIC_SPINDLE,PLK1,0.3006134969325153,0.19903892748978563,0.21520935766179938,0.027497371149101862,1.0,0.6236317946557859,0.9866250131752491,0.5962457251949163
HALLMARK_MITOTIC_SPINDLE,KIF11,0.20245398773006135,0.041911154238198085,0.2153794093095409,0.014922183275424829,0.6666666666666667,0.13131666585675425,0.9874046131471848,0.30949165018034325
HALLMARK_MITOTIC_SPINDLE,VCL,0.06748466257668712,0.010676437567476835,0.0017041753939287083,0.01006761366886244,0.20833333333333337,0.0334515765569412,0.007812773983225834,0.19879210190261154
HALLMARK_MITOTIC_SPINDLE,CDC42,0.2392638036809816,0.31916096837180236,0.019442462818123576,0.04520343464694796,0.7916666666666669,1.0,0.08913376417504411,1.0
HALLMARK_MITOTIC_SPINDLE,ACTN4,0.06134969325153374,0.035808504091206096,0.007860653103664678,0.009532143257472201,0.18750000000000003,0.11219574960523196,0.03603708061875274,0.18658168214122606
HALLMARK_MITOTIC_SPINDLE,GSN,0.049079754601226995,0.0014932214575533228,0.0005365511862154224,0.007368484194127015,0.14583333333333337,0.004678584180173981,0.0024598132112818912,0.13724340906021898
HALLMARK_MITOTIC_SPINDLE,FLNB,0.03067484662576687,0.00015693179787482932,0.0003203332882805076,0.004879463835710442,0.08333333333333334,0.0004917010957681194,0.0014685645559422758,0.08048586891529501
HALLMARK_MITOTIC_SPINDLE,CTTN,0.08588957055214724,0.015474880787850163,0.002164217543586595,0.012219138938874746,0.27083333333333337,0.048486131831204704,0.009921832329474278,0.24785368610083292
HALLMARK_MITOTIC_SPINDLE,SORBS2,0.018404907975460124,0.0011290053581045924,0.00016401342482099654,0.0036902562281183994,0.04166666666666668,0.003537416758271558,0.0007519178031200108,0.05336817246885322
HALLMARK_MITOTIC_SPINDLE,FLNA,0.06748466257668712,0.02919908558522219,0.0021167317104465217,0.010388334570519417,0.20833333333333337,0.09148701902422823,0.009704134032074551,0.20610555331314656
HALLMARK_MITOTIC_SPINDLE,WASL,0.09202453987730061,0.021432888989790826,0.001785522151389013,0.013228583806669802,0.2916666666666667,0.06715385374073331,0.008185707328332341,0.2708722232591282
HALLMARK_MITOTIC_SPINDLE,PXN,0.09202453987730061,0.029161346921274395,0.0026349249722627923,0.013692751729480894,0.2916666666666667,0.09136877566840589,0.012079785534042474,0.2814567206594212
HALLMARK_MITOTIC_SPINDLE,EZR,0.0736196319018405,0.04220848050731852,0.0013453438078652898,0.012343811826980714,0.22916666666666669,0.1322482530449911,0.0061677143902137245,0.25069662245036106
HALLMARK_MITOTIC_SPINDLE,BCAR1,0.06134969325153374,0.0066824141828198715,0.0020900917321737354,0.008860272936266655,0.18750000000000003,0.020937441745806716,0.009582003334785445,0.17126091282768535
HALLMARK_MITOTIC_SPINDLE,MYH9,0.049079754601226995,0.011670153785051951,0.0006458200615668615,0.008474684244470594,0.14583333333333337,0.03656510332258724,0.0029607552091325496,0.16246827054171942
HALLMARK_MITOTIC_SPINDLE,SPTAN1,0.03067484662576687,0.005917109439550278,0.00041720342669651433,0.005738568553804776,0.08333333333333334,0.01853957728520619,0.0019126646760735586,0.10007617494113746
HALLMARK_MITOTIC_SPINDLE,CAPZB,0.024539877300613498,0.009794498745157388,0.0012890331174709045,0.004337247628604763,0.06250000000000001,0.03068827242605498,0.005909558628513174,0.06812162366596852
HALLMARK_MITOTIC_SPINDLE,MYH10,0.012269938650306749,0.001199808709056217,0.0008454789656615414,0.002800588644628243,0.020833333333333336,0.003759258894272171,0.0038760893331836834,0.03308093640232967
HALLMARK_MITOTIC_SPINDLE,ROCK1,0.03067484662576687,0.013983675540298642,0.0009228841319252311,0.007064444117070673,0.08333333333333334,0.0438138648708715,0.004230952495336514,0.13031033323348323
HALLMARK_MITOTIC_SPINDLE,CDK1,0.23312883435582823,0.0690193674111897,0.21812680074792798,0.019460973201998192,0.7708333333333335,0.21625253164035554,1.0,0.4129904225370093
HALLMARK_MITOTIC_SPINDLE,CKAP5,0.08588957055214724,0.0025172435828423345,0.10669599291980238,0.006619723422805749,0.27083333333333337,0.007887065876770698,0.48914664568478244,0.12016929418064178
HALLMARK_MITOTIC_SPINDLE,CEP192,0.03680981595092025,0.0026245559508168556,0.02002220515647401,0.004510945200191386,0.10416666666666669,0.00822329862014773,0.09179158676430217,0.07208247792699003
HALLMARK_MITOTIC_SPINDLE,ECT2,0.1411042944785276,0.05973509372290634,0.1763132911289741,0.010113522061517758,0.45833333333333337,0.18716290412215672,0.8083064095031831,0.1998389585224508
HALLMARK_MITOTIC_SPINDLE,NIN,0.05521472392638037,0.00771237895675795,0.012662440592073483,0.007119045645354513,0.16666666666666669,0.024164543039528304,0.05805082433086942,0.1315554208532228
HALLMARK_MITOTIC_SPINDLE,CENPE,0.18404907975460122,0.007715828655651127,0.21216222736897405,0.012822760014027745,0.6041666666666667,0.02417535168856448,0.9726554767295802,0.2616181566442211
HALLMARK_MITOTIC_SPINDLE,CDC27,0.06134969325153374,0.0014958009779448313,0.06994925456577729,0.005166731393979944,0.18750000000000003,0.004686666372694789,0.3206816142075612,0.08703647824063936
HALLMARK_MITOTIC_SPINDLE,NEDD9,0.024539877300613498,0.004622300018561662,0.00913641050428834,0.003645480223784371,0.06250000000000001,0.014482660715507589,0.041885776864465166,0.052347137885940184
HALLMARK_MITOTIC_SPINDLE,BUB1,0.18404907975460122,0.012331930081691677,0.21295192532132978,0.012757252272134239,0.6041666666666667,0.038638590879714836,0.9762758386000516,0.2601243728437988
HALLMARK_MITOTIC_SPINDLE,CENPF,0.147239263803681,0.0007151917518314782,0.19299560002995328,0.009867133967775698,0.4791666666666668,0.0022408496736929465,0.8847862773771804,0.1942205303426618
HALLMARK_MITOTIC_SPINDLE,CCNB2,0.15337423312883436,0.0014077678020223442,0.19347136969546655,0.010309203692984614,0.5000000000000001,0.004410839487059031,0.8869674383527318,0.20430111891260117
HALLMARK_MITOTIC_SPINDLE,TOP2A,0.1411042944785276,0.00040889363210913263,0.1883037912446748,0.009492165582762892,0.45833333333333337,0.001281151746703555,0.8632767298608234,0.18567006465704533
HALLMARK_MITOTIC_SPINDLE,HDAC6,0.018404907975460124,0.0032474318760745296,0.009053687122312287,0.0028180409061821917,0.04166666666666668,0.010174902942052352,0.04150653239889557,0.03347890318971188
HALLMARK_MITOTIC_SPINDLE,TTK,0.147239263803681,0.0014300506216520165,0.1850812503879232,0.009820750535328465,0.4791666666666668,0.004480656356406645,0.8485030255489188,0.19316284131240494
HALLMARK_MITOTIC_SPINDLE,ESPL1,0.15950920245398773,0.002614382009109839,0.18731732200255155,0.010975553373733501,0.5208333333333334,0.008191421471262892,0.858754272103497,0.2194960001548431
HALLMARK_MITOTIC_SPINDLE,NDC80,0.15337423312883436,0.002250544912414712,0.19080898354132542,0.010394679024894793,0.5000000000000001,0.0070514415465520505,0.8747617573221929,0.2062502269485752
HALLMARK_MITOTIC_SPINDLE,MAPRE1,0.07975460122699386,0.03240995286373053,0.0619176406317214,0.00856925509250743,0.25,0.10154735721310064,0.28386076547867234,0.1646247851261983
HALLMARK_MITOTIC_SPINDLE,NEK2,0.15337423312883436,0.013436134945550616,0.1871549701008884,0.01078830471033002,0.5000000000000001,0.04209830235224242,0.8580099715356325,0.21522613812086303
HALLMARK_MITOTIC_SPINDLE,DLGAP5,0.16564417177914112,0.002589488078094578,0.20482644954071638,0.011140379815978532,0.5416666666666669,0.008113423428011373,0.9390246812330878,0.22325456459608323
HALLMARK_MITOTIC_SPINDLE,ANLN,0.1411042944785276,0.04513300759553303,0.16485827207264295,0.010765909017049196,0.45833333333333337,0.14141142579488583,0.7557909963716768,0.21471544544767474
HALLMARK_MITOTIC_SPINDLE,WASF2,0.03067484662576687,0.00012846519329584387,0.0003607613553814392,0.004756518714803149,0.08333333333333334,0.00040250909737242697,0.0016539065999382878,0.07768233112504672
HALLMARK_MITOTIC_SPINDLE,BIN1,0.024539877300613498,0.005662565747989311,0.0018768449571465013,0.003961947742752775,0.06250000000000001,0.017742037119629177,0.008604375760842033,0.05956359871225516
HALLMARK_MITOTIC_SPINDLE,ABI1,0.05521472392638037,0.004482538684503245,0.0012633281857591335,0.008216343929691554,0.16666666666666669,0.01404475837810271,0.005791714642246322,0.15657729390203792
HALLMARK_MITOTIC_SPINDLE,NCK2,0.03680981595092025,0.0008155799621977093,0.0002997533809578168,0.005864581723004657,0.10416666666666669,0.0025553875411469806,0.0013742161895236372,0.10294967394063995
HALLMARK_MITOTIC_SPINDLE,MYO1E,0.018404907975460124,0.001980289609472887,0.007340748626346897,0.0028726194645677773,0.04166666666666668,0.00620467352124955,0.03365358406750319,0.03472346702308793
HALLMARK_MITOTIC_SPINDLE,FSCN1,0.03067484662576687,0.0012775897550937599,0.0006002237654658996,0.004849472998389516,0.08333333333333334,0.0040029636506349,0.002751719474208559,0.07980198292478215
HALLMARK_MITOTIC_SPINDLE,NCK1,0.06748466257668712,0.0070963457097245235,0.0014481610841056152,0.009735870264379732,0.20833333333333337,0.022234378301101435,0.006639079100500489,0.19122730254929513
HALLMARK_MITOTIC_SPINDLE,ITSN1,0.03680981595092025,0.004481728202273387,0.001562099283370111,0.006162255512219889,0.10416666666666669,0.014042218962854057,0.00716142756420975,0.10973757825984098
HALLMARK_MITOTIC_SPINDLE,WASF1,0.049079754601226995,0.003338867254187471,0.0012167561090746612,0.007352743296625814,0.14583333333333337,0.010461389659332973,0.005578205451606828,0.13688446678848526
HALLMARK_MITOTIC_SPINDLE,CLIP2,0.012269938650306749,0.0,0.0039226980552433,0.0020832304382228817,0.020833333333333336,0.0,0.017983567547829454,0.016722899369541116
HALLMARK_MITOTIC_SPINDLE,CLASP1,0.03680981595092025,0.0026570096387116583,0.031337382415363414,0.004294716517121715,0.10416666666666669,0.008324983008625322,0.14366589666153265,0.06715177974354154
HALLMARK_MITOTIC_SPINDLE,FBXO5,0.03067484662576687,4.971124252170004e-05,0.03884582700291782,0.0030008153166796187,0.08333333333333334,0.0001557560210927471,0.1780882810810949,0.03764673809961675
HALLMARK_MITOTIC_SPINDLE,ARHGEF7,0.018404907975460124,0.0004950351263689141,0.00016181026818185872,0.003680249175327806,0.04166666666666668,0.001551051586584452,0.0007418174549207821,0.05313998000004762
HALLMARK_MITOTIC_SPINDLE,ARAP3,0.006134969325153374,0.0,0.0004464865827034412,0.0019959154916106593,0.0,0.0,0.002046912993595839,0.014731842297292899
HALLMARK_MITOTIC_SPINDLE,ARF6,0.05521472392638037,0.03945048099327753,0.010612425915462435,0.011447776228714592,0.16666666666666669,0.12360684702309907,0.04865255383140843,0.2302641754967236
HALLMARK_MITOTIC_SPINDLE,SMC4,0.12269938650306748,0.012734362286314797,0.14447335046278215,0.009119797127662657,0.39583333333333337,0.03989949758355185,0.6623365398813982,0.17717888560035813
HALLMARK_MITOTIC_SPINDLE,KNTC1,0.08588957055214724,0.00010114875396597337,0.11623153235391198,0.0061553625569908225,0.27083333333333337,0.00031692081422732575,0.5328622248864833,0.10958039706933446
HALLMARK_MITOTIC_SPINDLE,TUBA4A,0.03067484662576687,0.03610428867066836,0.011017316819564764,0.00481632776374278,0.08333333333333334,0.11312250634798533,0.05050877187849853,0.07904616669382461
HALLMARK_MITOTIC_SPINDLE,CNTROB,0.03680981595092025,0.009557882452258446,0.003599816151453848,0.005158472453935085,0.10416666666666669,0.029946902658611177,0.016503318891165835,0.08684814827396571
HALLMARK_MITOTIC_SPINDLE,ARHGEF2,0.018404907975460124,0.0007510811168062009,0.001392820726716852,0.0034949120579731412,0.04166666666666668,0.0023532987778481698,0.006385371820152505,0.04891370726465952
HALLMARK_MITOTIC_SPINDLE,DYNC1H1,0.049079754601226995,0.02894342977052764,0.022260632816163424,0.006759988393404526,0.14583333333333337,0.09068599433753559,0.10205363458242518,0.12336777934881903
HALLMARK_MITOTIC_SPINDLE,TUBGCP6,0.03680981595092025,0.015644466428049755,0.0007561427216085214,0.006871609192648811,0.10416666666666669,0.04901748013818826,0.0034665282716969783,0.12591308677175483
HALLMARK_MITOTIC_SPINDLE,TUBGCP2,0.03067484662576687,0.005308849084152171,0.0018395235301545507,0.005145217781218057,0.08333333333333334,0.016633766689063613,0.008433276075411446,0.08654589979443815
HALLMARK_MITOTIC_SPINDLE,MARK4,0.012269938650306749,0.0,3.647506449045216e-05,0.0030420473241889205,0.020833333333333336,0.0,0.00016721954553207204,0.038586958340705406
HALLMARK_MITOTIC_SPINDLE,TUBGCP3,0.03680981595092025,0.014055293189244242,0.0018440014043265964,0.006283516241209069,0.10416666666666669,0.044038258377730934,0.008453804841966915,0.11250270658445802
HALLMARK_MITOTIC_SPINDLE,CDK5RAP2,0.049079754601226995,0.04099180251977726,0.013957910009962509,0.0066801710294340415,0.14583333333333337,0.12843613907081644,0.06398989011025571,0.1215476908853005
HALLMARK_MITOTIC_SPINDLE,TUBD1,0.018404907975460124,0.0,0.00018675963204237383,0.0036533310284897983,0.04166666666666668,0.0,0.0008561975484029547,0.05252616107541772
HALLMARK_MITOTIC_SPINDLE,TUBGCP5,0.018404907975460124,0.0002705079695921221,0.00011091315398391886,0.004071592566383142,0.04166666666666668,0.0008475596842938433,0.0005084801757628766,0.06206384763864107
HALLMARK_MITOTIC_SPINDLE,CDC42EP1,0.006134969325153374,0.0,0.0008182280687663463,0.001899981453102324,0.0,0.0,0.003751157885962363,0.012544242656538883
HALLMARK_MITOTIC_SPINDLE,PDLIM5,0.006134969325153374,0.0,0.0003307435408528791,0.001725007485064344,0.0,0.0,0.0015162902482307803,0.008554282517542628
HALLMARK_MITOTIC_SPINDLE,SYNPO,0.018404907975460124,0.00048543891796556883,0.0007119678730381831,0.0032427316865046175,0.04166666666666668,0.0015209846004730226,0.003264009147871438,0.043163196824282046
HALLMARK_MITOTIC_SPINDLE,CD2AP,0.04294478527607362,0.010975915761563117,0.007608046265058137,0.006300905985039132,0.12500000000000003,0.03438990618920817,0.03487900725160855,0.11289924776991166
HALLMARK_MITOTIC_SPINDLE,APC,0.03680981595092025,0.05620844124241671,0.014602586471029104,0.005371733380867216,0.10416666666666669,0.17611314293587876,0.06694540249505249,0.0917111722266482
HALLMARK_MITOTIC_SPINDLE,CLIP1,0.06134969325153374,0.023997908295835795,0.03365167899722505,0.007754734136537498,0.18750000000000003,0.07519061124003029,0.15427576474709676,0.14605112995258002
HALLMARK_MITOTIC_SPINDLE,DLG1,0.024539877300613498,0.016235383958182737,0.0006768691629331953,0.00534257409650972,0.06250000000000001,0.050868951930455174,0.0031030994843883673,0.0910462482749732
HALLMARK_MITOTIC_SPINDLE,KIFAP3,0.04294478527607362,0.02838215574060695,0.01849958274686064,0.00622297834013646,0.12500000000000003,0.08892740201096123,0.08481114050830564,0.11112225088075142
HALLMARK_MITOTIC_SPINDLE,SMC1A,0.03680981595092025,0.001680549394137215,0.032760615808266225,0.0038022290264458827,0.10416666666666669,0.0052655229200190955,0.15019069502662458,0.0559215065847118
HALLMARK_MITOTIC_SPINDLE,SMC3,0.03067484662576687,7.574036203893054e-05,0.03356240441597209,0.003111603374523021,0.08333333333333334,0.0002373108542229318,0.15386648637806163,0.040173056383580215
HALLMARK_MITOTIC_SPINDLE,RASA1,0.0736196319018405,0.055320610086925466,0.01886672179232334,0.012039572044364679,0.22916666666666669,0.17333137685708627,0.08649428556065056,0.24375899270493873
HALLMARK_MITOTIC_SPINDLE,ARHGAP29,0.006134969325153374,0.0,0.0008182280687663463,0.001899981453102324,0.0,0.0,0.003751157885962363,0.012544242656538883
HALLMARK_MITOTIC_SPINDLE,LRPPRC,0.012269938650306749,0.0,4.1165409918625235e-13,0.0059982236606206385,0.020833333333333336,0.0,1.8825522936736843e-12,0.10599713299963694
HALLMARK_MITOTIC_SPINDLE,MAP1S,0.018404907975460124,0.0001514807240778611,4.81671856299135e-13,0.008944835551411647,0.04166666666666668,0.0004746217084458637,2.2035479570804793e-12,0.17318920803331594
HALLMARK_MITOTIC_SPINDLE,UXT,0.012269938650306749,0.0,4.1165409918625235e-13,0.0059982236606206385,0.020833333333333336,0.0,1.8825522936736843e-12,0.10599713299963694
HALLMARK_MITOTIC_SPINDLE,KIF3B,0.024539877300613498,0.004920487812281991,0.017474872685270995,0.003458039657184642,0.06250000000000001,0.015416947245723149,0.08011336812051993,0.048072899851848996
HALLMARK_MITOTIC_SPINDLE,KIF5B,0.018404907975460124,0.003327639809886828,0.009920779121655026,0.003089162518963128,0.04166666666666668,0.010426211660099795,0.04548170645531412,0.03966133386752279
HALLMARK_MITOTIC_SPINDLE,NUMA1,0.024539877300613498,0.011485811258749585,0.027336978075540485,0.00323584187610071,0.06250000000000001,0.03598751851563923,0.12532608547782623,0.04300608734574027
HALLMARK_MITOTIC_SPINDLE,LMNB1,0.012269938650306749,0.011512535029917444,0.009191569605266348,0.0033301943078749207,0.020833333333333336,0.036071249841885644,0.04213865317672425,0.045157621348299724
HALLMARK_MITOTIC_SPINDLE,SUN2,0.006134969325153374,0.0,0.00038663470404339163,0.0023298774052346984,0.0,0.0,0.0017725226919234828,0.022347230679029738
HALLMARK_MITOTIC_SPINDLE,PCNT,0.09202453987730061,0.03519116939982003,0.02698605745502236,0.01096973296240357,0.2916666666666667,0.11026150716156664,0.12371729362228687,0.2193632763590728
HALLMARK_MITOTIC_SPINDLE,ARFGEF1,0.006134969325153374,0.0,1.0189901265397784e-15,0.006097560975609756,0.0,0.0,0.0,0.10826233811309394
HALLMARK_MITOTIC_SPINDLE,MYO9B,0.006134969325153374,0.0,1.0189901265397784e-15,0.006097560975609756,0.0,0.0,0.0,0.10826233811309394
HALLMARK_MITOTIC_SPINDLE,KIF1B,0.006134969325153374,0.0,8.28761159767582e-05,0.0019492962325918985,0.0,0.0,0.00037994467296805504,0.01366877567498242
HALLMARK_MITOTIC_SPINDLE,KLC1,0.03067484662576687,0.011613522179302683,0.0019702441847969853,0.006086598725043084,0.08333333333333334,0.03638766431418288,0.00903256352745407,0.1080123641124745
HALLMARK_MITOTIC_SPINDLE,YWHAE,0.03067484662576687,0.019564392602809864,0.010471236878458426,0.004850539507397477,0.08333333333333334,0.06129945244438093,0.048005274191676446,0.07982630270490353
HALLMARK_MITOTIC_SPINDLE,RICTOR,0.024539877300613498,0.0029417141355684833,0.0010089900625438006,0.0046466783379916455,0.06250000000000001,0.009217023468050053,0.004625704219211453,0.07517762296734465
HALLMARK_MITOTIC_SPINDLE,PAFAH1B1,0.03680981595092025,0.008718602747068436,0.021097185694892835,0.00520349126367053,0.10416666666666669,0.02731725872228779,0.09671982361888797,0.08787471958833686
HALLMARK_MITOTIC_SPINDLE,ABL1,0.0736196319018405,0.02678573634961405,0.0021203303859894875,0.011184989536861485,0.22916666666666669,0.08392547649626868,0.009720632121858228,0.2242718073901433
HALLMARK_MITOTIC_SPINDLE,CSNK1D,0.012269938650306749,0.0,0.009493094574263955,0.0022162059215436996,0.020833333333333336,0.0,0.043520991192794345,0.019755161161756168
HALLMARK_MITOTIC_SPINDLE,KIF3C,0.012269938650306749,0.0,0.0008610457660251938,0.0027048855677902013,0.020833333333333336,0.0,0.003947455164022791,0.030898603418487203
HALLMARK_MITOTIC_SPINDLE,CEP72,0.012269938650306749,0.0,0.00954140181165085,0.002147745352114789,0.020833333333333336,0.0,0.04374245520923459,0.01819404354993492
HALLMARK_MITOTIC_SPINDLE,PCM1,0.03680981595092025,0.006549239634622943,0.011620194095695778,0.005337864386110384,0.10416666666666669,0.0205201772260369,0.05327265634415718,0.09093885197499624
HALLMARK_MITOTIC_SPINDLE,CEP131,0.024539877300613498,0.0006784855715817156,0.010827991386830783,0.0035001564284223427,0.06250000000000001,0.002125841311495592,0.04964081144408694,0.049033295505590886
HALLMARK_MITOTIC_SPINDLE,RALBP1,0.018404907975460124,0.0,0.0020584608506752813,0.003834170894542823,0.04166666666666668,0.0,0.009436991894696486,0.056649882250537735
HALLMARK_MITOTIC_SPINDLE,RASA2,0.006134969325153374,0.0,0.0007937461992054941,0.0017675422425127664,0.0,0.0,0.003638921015128943,0.009524209579517023
HALLMARK_MITOTIC_SPINDLE,RAB3GAP1,0.006134969325153374,0.0,0.0007937461992054941,0.0017675422425127664,0.0,0.0,0.003638921015128943,0.009524209579517023
HALLMARK_MITOTIC_SPINDLE,TSC1,0.018404907975460124,0.004116563063272205,0.010011532339704232,0.0031902960782102694,0.04166666666666668,0.01289807799579261,0.04589776361902819,0.04196749903389384
HALLMARK_MITOTIC_SPINDLE,NF1,0.018404907975460124,0.0025093941450649907,0.0017218604930379613,0.003272932893409356,0.04166666666666668,0.007862471898950079,0.007893851132153034,0.04385187990697541
HALLMARK_MITOTIC_SPINDLE,TIAM1,0.012269938650306749,0.0,0.0012647146514697873,0.00298126279837152,0.020833333333333336,0.0,0.005798070879562873,0.03720087881242625
HALLMARK_MITOTIC_SPINDLE,SASS6,0.03067484662576687,0.00020591432770482982,0.0032485857520174327,0.004288227376653434,0.08333333333333334,0.0006451739031727484,0.014893106857467572,0.06700380680736644
HALLMARK_MITOTIC_SPINDLE,ARHGEF3,0.012269938650306749,0.0011155411138957197,0.0008607080018311857,0.0028874977167688155,0.020833333333333336,0.003495230383547981,0.003945906687664774,0.03506273825232124
HALLMARK_MITOTIC_SPINDLE,CYTH2,0.006134969325153374,0.0,0.0004464865827034412,0.0019959154916106593,0.0,0.0,0.002046912993595839,0.014731842297292899
HALLMARK_MITOTIC_SPINDLE,ARFIP2,0.006134969325153374,0.0,0.0004464865827034412,0.0019959154916106593,0.0,0.0,0.002046912993595839,0.014731842297292899
HALLMARK_MITOTIC_SPINDLE,BRCA2,0.03680981595092025,0.02615320512577422,0.020834365658105067,0.004646566644475179,0.10416666666666669,0.08194362004600572,0.0955149279532174,0.07517507600173896
HALLMARK_MITOTIC_SPINDLE,CNTRL,0.024539877300613498,0.00017177637425428,0.011522885140950385,0.0033244648846083224,0.06250000000000001,0.0005382123482410649,0.05282654447522712,0.04502697236828572
HALLMARK_MITOTIC_SPINDLE,ALMS1,0.006134969325153374,0.0,0.009052603609479733,0.0013915715291497697,0.0,0.0,0.0415015650458292,0.000950887635862364
HALLMARK_MITOTIC_SPINDLE,CEP57,0.006134969325153374,0.0,0.009052603609479733,0.0013915715291497697,0.0,0.0,0.0415015650458292,0.000950887635862364
HALLMARK_MITOTIC_SPINDLE,CEP250,0.03067484662576687,0.0002436034842545325,0.01907760579024427,0.0037586719313661976,0.08333333333333334,0.0007632621416624787,0.0874610810080593,0.05492826698977566
HALLMARK_MITOTIC_SPINDLE,BCR,0.012269938650306749,0.0,0.0009076164218374465,0.002692418406571832,0.020833333333333336,0.0,0.004160957840688696,0.03061431269304091
HALLMARK_MITOTIC_SPINDLE,HOOK3,0.012269938650306749,0.0,0.0010214389928778396,0.002343145777522004,0.020833333333333336,0.0,0.004682776208033337,0.022649791552108983
HALLMARK_MITOTIC_SPINDLE,DST,0.006134969325153374,0.0,0.0026045162933666325,0.0014748753454832972,0.0,0.0,0.011940377268795413,0.0028504782453917395
HALLMARK_MITOTIC_SPINDLE,MAP3K11,0.006134969325153374,0.0,0.0008182280687663463,0.001899981453102324,0.0,0.0,0.003751157885962363,0.012544242656538883
HALLMARK_MITOTIC_SPINDLE,LLGL1,0.006134969325153374,0.0,2.850167944728242e-05,0.0020500558540918084,0.0,0.0,0.00013066564653465356,0.015966413877470494
HALLMARK_MITOTIC_SPINDLE,GEMIN4,0.006134969325153374,0.0,1.0189901265397784e-15,0.006097560975609756,0.0,0.0,0.0,0.10826233811309394
HALLMARK_MITOTIC_SPINDLE,PPP4R2,0.006134969325153374,0.0,1.0189901265397784e-15,0.006097560975609756,0.0,0.0,0.0,0.10826233811309394
HALLMARK_MITOTIC_SPINDLE,RFC1,0.012269938650306749,0.0,0.007455176888962246,0.0018406993726224714,0.020833333333333336,0.0,0.034178179221436546,0.011192423636123015
HALLMARK_MITOTIC_SPINDLE,ATG4B,0.006134969325153374,0.0,2.2196072822749087e-13,0.003448961029786096,0.0,0.0,1.0129050503806597e-12,0.04786587841978582
HALLMARK_MITOTIC_SPINDLE,ARHGAP10,0.006134969325153374,0.0,0.0008182280687663463,0.001899981453102324,0.0,0.0,0.003751157885962363,0.012544242656538883
HALLMARK_MITOTIC_SPINDLE,CDC42EP4,0.012269938650306749,0.0024841256369663943,0.0008234648112705296,0.0032100041371507246,0.020833333333333336,0.007783300225084369,0.00377516567632204,0.042416905139677163
HALLMARK_MITOTIC_SPINDLE,SEPTIN9,0.012269938650306749,0.00016745532821424664,0.00012391143246065392,0.0030820197148628513,0.020833333333333336,0.0005246735810726447,0.0005680706453070396,0.03949845533215931
HALLMARK_MITOTIC_SPINDLE,EPB41,0.024539877300613498,0.005190796181580852,0.0001081677167909261,0.004938837811722602,0.06250000000000001,0.016263881539342565,0.000495893748127304,0.08183978344463125
HALLMARK_MITOTIC_SPINDLE,ARHGDIA,0.006134969325153374,0.0,5.6798001015747417e-05,0.0017891776151316816,0.0,0.0,0.000260389832060874,0.010017564535741512
HALLMARK_MITOTIC_SPINDLE,PALLD,0.012269938650306749,0.00023816136063352605,6.374487094891946e-05,0.002834946059291665,0.020833333333333336,0.0007462107971676634,0.0002922376834452623,0.0338643941733523
HALLMARK_MITOTIC_SPINDLE,TRIO,0.006134969325153374,0.0,0.0008182280687663463,0.001899981453102324,0.0,0.0,0.003751157885962363,0.012544242656538883
HALLMARK_MITOTIC_SPINDLE,SPTBN1,0.024539877300613498,0.0018622120779415152,0.0001257256267641327,0.004886556443740898,0.06250000000000001,0.005834711203696299,0.000576387799811934,0.08064760282143184
HALLMARK_MITOTIC_SPINDLE,OPHN1,0.006134969325153374,0.0,0.0008182280687663463,0.001899981453102324,0.0,0.0,0.003751157885962363,0.012544242656538883
HALLMARK_MITOTIC_SPINDLE,TBCD,0.006134969325153374,0.0,0.001415541945084263,0.0015737599295399152,0.0,0.0,0.006489537004299996,0.005105359661017462
HALLMARK_MITOTIC_SPINDLE,DYNLL2,0.018404907975460124,0.011512535029917444,0.0018270618091590053,0.004145929222298362,0.04166666666666668,0.036071249841885644,0.008376145447937812,0.06375895861597014
HALLMARK_MITOTIC_SPINDLE,EPB41L2,0.018404907975460124,0.004468945321503903,0.0011727738379806567,0.003616456334279223,0.04166666666666668,0.014002167446421155,0.005376569197175022,0.05168530136532681
HALLMARK_MITOTIC_SPINDLE,AKAP13,0.006134969325153374,0.0,3.7773589898017544e-05,0.0022213175325152277,0.0,0.0,0.00017317262146365365,0.019871722066507586
HALLMARK_MITOTIC_SPINDLE,ARHGEF11,0.024539877300613498,0.011512535029917444,0.0008966954393108249,0.0061480243635672355,0.06250000000000001,0.036071249841885644,0.004110890712352448,0.10941306303913174
HALLMARK_MITOTIC_SPINDLE,CDC42BPA,0.006134969325153374,0.0,0.0008182280687663463,0.001899981453102324,0.0,0.0,0.003751157885962363,0.012544242656538883
HALLMARK_MITOTIC_SPINDLE,KATNA1,0.006134969325153374,0.0,1.0189901265397784e-15,0.006097560975609756,0.0,0.0,0.0,0.10826233811309394
HALLMARK_MITOTIC_SPINDLE,KATNB1,0.006134969325153374,0.0,1.0189901265397784e-15,0.006097560975609756,0.0,0.0,0.0,0.10826233811309394
HALLMARK_MITOTIC_SPINDLE,ARHGEF12,0.024539877300613498,0.002756257947897794,0.0009017367927602047,0.0054507875288367135,0.06250000000000001,0.008635949320365915,0.0041340027436667735,0.0935138569503103
HALLMARK_MITOTIC_SPINDLE,PREX1,0.006134969325153374,0.0,0.0008182280687663463,0.001899981453102324,0.0,0.0,0.003751157885962363,0.012544242656538883
HALLMARK_MITOTIC_SPINDLE,SHROOM2,0.006134969325153374,0.0,3.888332423229177e-05,0.0021158147009477804,0.0,0.0,0.00017826018672601068,0.017465923665605013
HALLMARK_MITOTIC_SPINDLE,ARHGAP5,0.006134969325153374,0.0,0.0008182280687663463,0.001899981453102324,0.0,0.0,0.003751157885962363,0.012544242656538883
HALLMARK_MITOTIC_SPINDLE,BCL2L11,0.006134969325153374,0.0,7.685621038380693e-05,0.002089309377378589,0.0,0.0,0.00035234647975057864,0.016861518417795145
HALLMARK_MITOTIC_SPINDLE,LATS1,0.006134969325153374,0.0,0.009175306207433896,0.001349871718372475,0.0,0.0,0.04206409380219216,0.0
HALLMARK_MITOTIC_SPINDLE,PLEKHG2,0.006134969325153374,0.0,0.0008182280687663463,0.001899981453102324,0.0,0.0,0.003751157885962363,0.012544242656538883
HALLMARK_MITOTIC_SPINDLE,ARHGAP27,0.006134969325153374,0.0,0.0008182280687663463,0.001899981453102324,0.0,0.0,0.003751157885962363,0.012544242656538883
HALLMARK_MITOTIC_SPINDLE,DOCK4,0.006134969325153374,0.0,0.0008182280687663463,0.001899981453102324,0.0,0.0,0.003751157885962363,0.012544242656538883
HALLMARK_MTORC1_SIGNALING,M6PR,0.006578947368421052,0.0,2.343998812935219e-106,0.006535947712418301,0.0,0.0,0.0,0.15744855209446745
HALLMARK_MTORC1_SIGNALING,GGA2,0.006578947368421052,0.0,2.343998812935219e-106,0.006535947712418301,0.0,0.0,0.0,0.15744855209446745
HALLMARK_MTORC1_SIGNALING,CYP51A1,0.07236842105263158,0.0035693597397015633,0.010903431560847393,0.009437881373996294,0.32258064516129037,0.008838934850155604,0.028829198063414066,0.2544123313907386
HALLMARK_MTORC1_SIGNALING,INSIG1,0.046052631578947366,0.0,0.008858628865779379,0.006040165396250835,0.1935483870967742,0.0,0.023422641277346876,0.14088272644505703
HALLMARK_MTORC1_SIGNALING,EBP,0.039473684210526314,0.0003582009659911368,0.004911989143701804,0.005565922758309953,0.16129032258064516,0.0008870260305909042,0.012987535815569738,0.12503661697432017
HALLMARK_MTORC1_SIGNALING,DHCR24,0.06578947368421052,0.0023697547670049157,0.010699289834195212,0.008338435699793307,0.29032258064516125,0.005868309591611363,0.02828943750841631,0.217675996197022
HALLMARK_MTORC1_SIGNALING,HMGCS1,0.07236842105263158,0.03483134800891472,0.019148586738208635,0.00928578029737615,0.32258064516129037,0.08625412910037353,0.05062978536890796,0.24933010107672748
HALLMARK_MTORC1_SIGNALING,SC5D,0.06578947368421052,0.003383153329636663,0.010279151170347181,0.008535570682658875,0.29032258064516125,0.008377825170193049,0.027178570650897217,0.22426296723059033
HALLMARK_MTORC1_SIGNALING,DHCR7,0.05921052631578947,0.0021508470575286515,0.010164195371529863,0.00757239195168668,0.25806451612903225,0.0053262204990674805,0.026874621983530623,0.1920797884317802
HALLMARK_MTORC1_SIGNALING,IDI1,0.05921052631578947,0.024645133723090566,0.014052153694110016,0.007726796643743617,0.25806451612903225,0.06102963759264674,0.037154570999439446,0.19723899061518788
HALLMARK_MTORC1_SIGNALING,SQLE,0.05921052631578947,0.00023861758017951006,0.010277140760693942,0.00754605503255251,0.25806451612903225,0.0005908973595037007,0.027173255030969824,0.19119977961280504
HALLMARK_MTORC1_SIGNALING,HMGCR,0.07236842105263158,0.032999474918545185,0.018972561205732437,0.009665009264588735,0.32258064516129037,0.08171779539339802,0.0501643653851483,0.26200147064192925
HALLMARK_MTORC1_SIGNALING,CYB5B,0.013157894736842105,8.641222260950388e-05,0.002375323726343012,0.0026353104459281335,0.03225806451612903,0.00021398571777649092,0.00628047030784017,0.027114583392682346
HALLMARK_MTORC1_SIGNALING,TM7SF2,0.039473684210526314,0.0006963018059709191,0.006226182883217671,0.00536245945342272,0.16129032258064516,0.001724277390862606,0.016462327343243363,0.11823819451167585
HALLMARK_MTORC1_SIGNALING,PSMA4,0.07236842105263158,0.0009751356366030467,0.07433079368810411,0.00788686566298704,0.32258064516129037,0.002414763708496357,0.1965341976502102,0.20258745783192297
HALLMARK_MTORC1_SIGNALING,PSMC6,0.07236842105263158,0.001525923682395314,0.0744520539530588,0.007785861678768585,0.32258064516129037,0.0037787001027050904,0.1968548156296135,0.19921256054758024
HALLMARK_MTORC1_SIGNALING,PSMA3,0.07894736842105263,0.02082405023384916,0.07863736658712069,0.008768291861363403,0.3548387096774194,0.05156735010093151,0.20792098376313475,0.2320389978505334
HALLMARK_MTORC1_SIGNALING,PSMG1,0.03289473684210526,0.0028990995918138003,0.034350261679257914,0.004631412295921426,0.12903225806451613,0.007179145360758006,0.09082374589642174,0.09381134555449587
HALLMARK_MTORC1_SIGNALING,PSMD14,0.07894736842105263,0.008365207447299718,0.08245581294647705,0.008543568555068071,0.3548387096774194,0.02071506629390648,0.2180171398011749,0.22453020419241093
HALLMARK_MTORC1_SIGNALING,PSMD13,0.07236842105263158,0.001525923682395314,0.0744520539530588,0.007785861678768585,0.32258064516129037,0.0037787001027050904,0.1968548156296135,0.19921256054758024
HALLMARK_MTORC1_SIGNALING,PSMD12,0.07236842105263158,0.001525923682395314,0.0744520539530588,0.007785861678768585,0.32258064516129037,0.0037787001027050904,0.1968548156296135,0.19921256054758024
HALLMARK_MTORC1_SIGNALING,PSME3,0.06578947368421052,0.015475200737311174,0.07006743927005385,0.007364938140406837,0.29032258064516125,0.038321800290606195,0.1852616832819951,0.18514802915780326
HALLMARK_MTORC1_SIGNALING,PSMB5,0.05921052631578947,0.0,0.0653559303833851,0.00647185862452053,0.25806451612903225,0.0,0.1728042269194449,0.155307110938697
HALLMARK_MTORC1_SIGNALING,UCHL5,0.07236842105263158,0.001525923682395314,0.0744520539530588,0.007785861678768585,0.32258064516129037,0.0037787001027050904,0.1968548156296135,0.19921256054758024
HALLMARK_MTORC1_SIGNALING,PSMC2,0.07894736842105263,0.06264023299279725,0.09039880265215641,0.009121931925300602,0.3548387096774194,0.15511827857065352,0.23901878704982263,0.243855352429528
HALLMARK_MTORC1_SIGNALING,PSMC4,0.06578947368421052,9.682041748964022e-06,0.07137845324864851,0.007105087489944019,0.29032258064516125,2.39759907872819e-05,0.18872806736868283,0.1764655077566186
HALLMARK_MTORC1_SIGNALING,SLC2A3,0.013157894736842105,0.0,0.032474869509083036,0.002635821652217828,0.03225806451612903,0.0,0.0858651186955421,0.02713166458737163
HALLMARK_MTORC1_SIGNALING,LDHA,0.09210526315789473,0.028762997550614726,0.194637533068765,0.013421940407190424,0.4193548387096774,0.07122685298913733,0.5146310095220735,0.3875337138374642
HALLMARK_MTORC1_SIGNALING,HK2,0.07236842105263158,0.013865002192927372,0.1507531925238069,0.010876825675821801,0.32258064516129037,0.0343344072936723,0.39859870002458675,0.3024925061890712
HALLMARK_MTORC1_SIGNALING,PPP1R15A,0.013157894736842105,0.0,0.00894314502197963,0.0029647975003005544,0.03225806451612903,0.0,0.023646106063919637,0.03812390122931865
HALLMARK_MTORC1_SIGNALING,DDIT3,0.03289473684210526,0.004858232701655019,0.0472116019826494,0.00580270239274619,0.12903225806451613,0.012030617664896544,0.124829748951356,0.13294825483128017
HALLMARK_MTORC1_SIGNALING,ERO1A,0.03289473684210526,0.0065475582658299095,0.0479040760791946,0.00587028002616782,0.12903225806451613,0.01621395576790677,0.12666068380628473,0.13520626052562681
HALLMARK_MTORC1_SIGNALING,XBP1,0.06578947368421052,0.014135307249197107,0.08372175927821342,0.011039862476025265,0.29032258064516125,0.03500377349833386,0.2213643628594947,0.3079401373742385
HALLMARK_MTORC1_SIGNALING,EDEM1,0.03289473684210526,0.0,0.07003572263757231,0.005224207458809674,0.12903225806451613,0.0,0.18517782297851063,0.11361871058948336
HALLMARK_MTORC1_SIGNALING,CALR,0.06578947368421052,0.01361370393741116,0.1470280315135871,0.009500954982265023,0.29032258064516125,0.03371210831838009,0.38874919494149274,0.25651984181131204
HALLMARK_MTORC1_SIGNALING,SERP1,0.006578947368421052,0.0,0.00787184531436809,0.0019187821009141563,0.0,0.0,0.02081353805231189,0.003172858871082563
HALLMARK_MTORC1_SIGNALING,HSP90B1,0.07236842105263158,0.005437666338434344,0.14450970592633494,0.010260334229341441,0.32258064516129037,0.013465490173967146,0.3820906208276554,0.2818933652279869
HALLMARK_MTORC1_SIGNALING,HSPA5,0.125,0.10249439580460487,0.21704462208293523,0.018621972956675795,0.5806451612903226,0.25381058595643563,0.573876431810381,0.561285035288261
HALLMARK_MTORC1_SIGNALING,CANX,0.08552631578947367,0.03952307856431765,0.1525671419213951,0.013335058836942524,0.3870967741935484,0.09787243146772141,0.40339486957618587,0.3846306959242808
HALLMARK_MTORC1_SIGNALING,TRIB3,0.019736842105263157,0.008541635545818188,0.02923462189106726,0.0041837809962675596,0.06451612903225806,0.021151961586694197,0.07729774797074043,0.07885441420888456
HALLMARK_MTORC1_SIGNALING,SSR1,0.019736842105263157,4.35691878703381e-05,0.02702305444618901,0.0037592876798616505,0.06451612903225806,0.00010789195854276854,0.07145025715620291,0.06467060401718543
HALLMARK_MTORC1_SIGNALING,ATP6V1D,0.013157894736842105,0.0,0.0021458257820943694,0.0044701063648932855,0.03225806451612903,0.0,0.005673666692577574,0.08842154877778834
HALLMARK_MTORC1_SIGNALING,ATP5MC1,0.013157894736842105,0.0,0.0021458257820943694,0.0044701063648932855,0.03225806451612903,0.0,0.005673666692577574,0.08842154877778834
HALLMARK_MTORC1_SIGNALING,PPA1,0.019736842105263157,0.02265597769257581,0.020676394157622745,0.005610562788667662,0.06451612903225806,0.05610381844223964,0.05466938175205065,0.12652819691933864
HALLMARK_MTORC1_SIGNALING,CDKN1A,0.02631578947368421,0.06875063522460867,0.05010787635785033,0.004202823267598599,0.0967741935483871,0.17024968901227583,0.13248763785932924,0.0794906832659927
HALLMARK_MTORC1_SIGNALING,AURKA,0.046052631578947366,0.032817466778013775,0.007539683263736264,0.009396919879444009,0.1935483870967742,0.08126708204039494,0.01993528559634192,0.25304366422580643
HALLMARK_MTORC1_SIGNALING,TUBG1,0.013157894736842105,0.0,0.001139547133640049,0.0032546092286886135,0.03225806451612903,0.0,0.0030130174922427394,0.04780752730284162
HALLMARK_MTORC1_SIGNALING,BUB1,0.02631578947368421,0.00020187870663543678,0.0015223260352720468,0.0056288164825811695,0.0967741935483871,0.0004999195558062455,0.004025103339534225,0.12713811683977147
HALLMARK_MTORC1_SIGNALING,CCNF,0.02631578947368421,0.006133321212488989,0.0037360504864412014,0.0057695579948428615,0.0967741935483871,0.015188165543885539,0.009878297382567977,0.13184078427612678
HALLMARK_MTORC1_SIGNALING,RRM2,0.05263157894736842,0.023891385481045736,0.0025332340882701534,0.011244799275768283,0.22580645161290322,0.05916310351070783,0.006697992908395582,0.31478779446684085
HALLMARK_MTORC1_SIGNALING,CDC25A,0.02631578947368421,0.018017870703470686,0.005995649781536735,0.005327038647298527,0.0967741935483871,0.04461830605502948,0.015852786721885406,0.11705466117561238
HALLMARK_MTORC1_SIGNALING,PLK1,0.05263157894736842,0.011238167867981468,0.004580037491921224,0.010663289717828813,0.22580645161290322,0.027829482278103366,0.012109839664293484,0.2953575210662924
HALLMARK_MTORC1_SIGNALING,GSK3B,0.03289473684210526,0.048553621081594785,0.06068191705777576,0.006769592054379738,0.12903225806451613,0.12023509110214833,0.16044591062580313,0.16525542883590616
HALLMARK_MTORC1_SIGNALING,CORO1A,0.013157894736842105,0.0007842453816660857,1.87348504450307e-77,0.006435603548267428,0.03225806451612903,0.0019420552537698337,4.953584668772433e-77,0.15409570171224912
HALLMARK_MTORC1_SIGNALING,ACTR2,0.019736842105263157,0.0006971070059254096,2.8496308426578384e-77,0.008899255525512649,0.06451612903225806,0.0017262713366842967,7.534561161973453e-77,0.23641495309531774
HALLMARK_MTORC1_SIGNALING,ITGB2,0.019736842105263157,0.0007842453816660857,1.3718398140840682e-77,0.010409310168837388,0.06451612903225806,0.0019420552537698337,3.627210524576637e-77,0.2868711737523502
HALLMARK_MTORC1_SIGNALING,GSR,0.03289473684210526,0.014929089652751281,0.04493124495943695,0.0059018640729586545,0.12903225806451613,0.036969445624955063,0.1188003751793818,0.1362615942787231
HALLMARK_MTORC1_SIGNALING,GLRX,0.019736842105263157,0.012877504921667357,0.0072902346024203615,0.004254079670307198,0.06451612903225806,0.03188903202138229,0.019275731324496632,0.08120333941163829
HALLMARK_MTORC1_SIGNALING,G6PD,0.07894736842105263,0.0237801288103378,0.20608179098916915,0.011000675936872154,0.3548387096774194,0.05888759458592938,0.5448901785217536,0.30663077769309377
HALLMARK_MTORC1_SIGNALING,IDH1,0.07894736842105263,0.03203715207908449,0.1861906103219917,0.011479416569732533,0.3548387096774194,0.0793347604787046,0.49229693904764393,0.32262718094636067
HALLMARK_MTORC1_SIGNALING,GCLC,0.019736842105263157,0.0002997283495715005,0.011420458093832906,0.003983345515854525,0.06451612903225806,0.0007422281719434269,0.030196241112228437,0.07215716197902368
HALLMARK_MTORC1_SIGNALING,PRDX1,0.02631578947368421,0.005983959653027058,0.06688886922320923,0.004682728895287988,0.0967741935483871,0.014818296102451198,0.17685739102523726,0.09552601308156429
HALLMARK_MTORC1_SIGNALING,NAMPT,0.013157894736842105,0.011415127222028582,0.000702140806710234,0.005376759623586352,0.03225806451612903,0.02826769313820536,0.001856494102071613,0.11871601334054993
HALLMARK_MTORC1_SIGNALING,ADIPOR2,0.006578947368421052,0.0,6.601777706012504e-05,0.0032654626888271865,0.0,0.0,0.00017455418140165246,0.04817017946385112
HALLMARK_MTORC1_SIGNALING,PNP,0.019736842105263157,0.02265597769257581,0.007401689928256127,0.005717273726830257,0.06451612903225806,0.05610381844223964,0.019570424572746995,0.13009378354645312
HALLMARK_MTORC1_SIGNALING,YKT6,0.013157894736842105,0.0,3.122193951394904e-82,0.006535947712418301,0.03225806451612903,0.0,8.255231145795504e-82,0.15744855209446745
HALLMARK_MTORC1_SIGNALING,USO1,0.013157894736842105,0.0,3.122193951394904e-82,0.006535947712418301,0.03225806451612903,0.0,8.255231145795504e-82,0.15744855209446745
HALLMARK_MTORC1_SIGNALING,RAB1A,0.013157894736842105,0.0,3.122193951394904e-82,0.006535947712418301,0.03225806451612903,0.0,8.255231145795504e-82,0.15744855209446745
HALLMARK_MTORC1_SIGNALING,CTSC,0.006578947368421052,0.0,2.343998812935219e-106,0.006535947712418301,0.0,0.0,0.0,0.15744855209446745
HALLMARK_MTORC1_SIGNALING,LGMN,0.006578947368421052,0.0,2.343998812935219e-106,0.006535947712418301,0.0,0.0,0.0,0.15744855209446745
HALLMARK_MTORC1_SIGNALING,TPI1,0.08552631578947367,0.008743429578728328,0.22483273411963528,0.01201895739367215,0.3870967741935484,0.02165167146188655,0.594468575044656,0.34065513178013723
HALLMARK_MTORC1_SIGNALING,SHMT2,0.05263157894736842,0.025517087348561188,0.07268744298068155,0.009311630365856319,0.22580645161290322,0.06318888794843638,0.1921890992499911,0.25019384250820514
HALLMARK_MTORC1_SIGNALING,PFKL,0.05263157894736842,0.0004835973106712039,0.17002131883059532,0.007471368822302643,0.22580645161290322,0.0011975495423419056,0.4495445537688287,0.1887042514403226
HALLMARK_MTORC1_SIGNALING,PGM1,0.039473684210526314,0.005280323902689612,0.08892606323812546,0.006496363959740541,0.16129032258064516,0.013075857399426816,0.2351247931245198,0.15612592011663054
HALLMARK_MTORC1_SIGNALING,HSPE1,0.05921052631578947,0.00699672444489151,0.17793170256419777,0.008140818259449121,0.25806451612903225,0.01732624225151875,0.4704599892572787,0.21107290456735048
HALLMARK_MTORC1_SIGNALING,GAPDH,0.21052631578947367,0.40382238360301154,0.37820793824593,0.03175184199823817,1.0,1.0,1.0,1.0
HALLMARK_MTORC1_SIGNALING,ADD3,0.013157894736842105,0.0,0.05670012224928743,0.002609700842870452,0.03225806451612903,0.0,0.149917853422786,0.026258876754164696
HALLMARK_MTORC1_SIGNALING,ENO1,0.09868421052631579,0.05005644594589494,0.25819321166345743,0.013765669725209857,0.4516129032258065,0.12395659076467706,0.6826752840273995,0.39901891564320446
HALLMARK_MTORC1_SIGNALING,PGK1,0.09210526315789473,0.014685389005482077,0.23722811529702045,0.012998488053989803,0.4193548387096774,0.03636596088224506,0.6272425597338009,0.3733846858766029
HALLMARK_MTORC1_SIGNALING,ALDOA,0.046052631578947366,0.0003976939755956833,0.1488149663353489,0.006642809909001182,0.1935483870967742,0.0009848240012040716,0.39347393665381464,0.16101919279579308
HALLMARK_MTORC1_SIGNALING,GPI,0.08552631578947367,0.044734899868896706,0.2156148052951835,0.01269814212744222,0.3870967741935484,0.11077865340142846,0.5700959273757491,0.3633490753042862
HALLMARK_MTORC1_SIGNALING,RRP9,0.006578947368421052,0.0,2.343998812935219e-106,0.006535947712418301,0.0,0.0,0.0,0.15744855209446745
HALLMARK_MTORC1_SIGNALING,PNO1,0.006578947368421052,0.0,2.343998812935219e-106,0.006535947712418301,0.0,0.0,0.0,0.15744855209446745
HALLMARK_MTORC1_SIGNALING,HSPA9,0.07894736842105263,0.028851289068750105,0.1913034897009535,0.011102158091674476,0.3548387096774194,0.07144549247451608,0.5058156383184064,0.310021652333354
HALLMARK_MTORC1_SIGNALING,HSPA4,0.09868421052631579,0.09136170128326464,0.21031016281201392,0.013696002089951899,0.4516129032258065,0.22624229114818017,0.556070197223781,0.3966910756588913
HALLMARK_MTORC1_SIGNALING,HSPD1,0.07894736842105263,0.03057089421901763,0.1748790721362839,0.01131316923745015,0.3548387096774194,0.07570381301367181,0.4623886874171547,0.3170722746266699
HALLMARK_MTORC1_SIGNALING,CCT6A,0.05263157894736842,0.01669358895863856,0.09312720322528475,0.007164904177924595,0.22580645161290322,0.04133893918829829,0.24623280954174134,0.1784641930499373
HALLMARK_MTORC1_SIGNALING,UNG,0.006578947368421052,0.0,0.035560534932777596,0.001823824725817444,0.0,0.0,0.09402376665519466,0.0
HALLMARK_MTORC1_SIGNALING,RPN1,0.02631578947368421,0.00046101075640985015,0.051117310929635534,0.004558106437346341,0.0967741935483871,0.0011416176396577837,0.13515663147291335,0.09136193977168652
HALLMARK_MTORC1_SIGNALING,ATP2A2,0.006578947368421052,0.0,0.014344960973136915,0.0018523004173981224,0.0,0.0,0.03792876754429489,0.0009514727060425521
HALLMARK_MTORC1_SIGNALING,CD9,0.02631578947368421,0.0016686646880094075,0.04009039766128061,0.005094464377887383,0.0967741935483871,0.0041321748267669905,0.10600094182902052,0.10928353931030035
HALLMARK_MTORC1_SIGNALING,TUBA4A,0.013157894736842105,0.01130617765609684,0.024706919509751797,0.002893536371626519,0.03225806451612903,0.027997897380576314,0.06532628485890242,0.03574281704237173
HALLMARK_MTORC1_SIGNALING,SDF2L1,0.039473684210526314,0.0056438600834719166,0.06491134759779385,0.005800194866140032,0.16129032258064516,0.013976095215713117,0.17162872862701573,0.13286446957469827
HALLMARK_MTORC1_SIGNALING,STIP1,0.03289473684210526,0.002270935956454087,0.054306625904383836,0.004928061469708537,0.12903225806451613,0.0056236009905943985,0.14358933383643288,0.10372343465438018
HALLMARK_MTORC1_SIGNALING,RPA1,0.019736842105263157,0.005319955146396305,0.001225876348278925,0.004776752743930125,0.06451612903225806,0.013173997684155692,0.003241276092628701,0.0986676795603785
HALLMARK_MTORC1_SIGNALING,MCM2,0.019736842105263157,0.0012267410783406356,0.0004980501671765496,0.004708082721053497,0.06451612903225806,0.00303782338015868,0.0013168686238750813,0.0963731733038645
HALLMARK_MTORC1_SIGNALING,MCM4,0.039473684210526314,0.008731564467757613,0.0015378083850796122,0.008324148830691021,0.16129032258064516,0.021622289457687446,0.004066039417923721,0.21719862180324778
HALLMARK_MTORC1_SIGNALING,GTF2H1,0.02631578947368421,0.023202715757459462,0.011001025185195079,0.006037489447929488,0.0967741935483871,0.057457725721983544,0.029087240305468293,0.140793313628398
HALLMARK_MTORC1_SIGNALING,BHLHE40,0.006578947368421052,0.0,2.343998812935219e-106,0.006535947712418301,0.0,0.0,0.0,0.15744855209446745
HALLMARK_MTORC1_SIGNALING,NFIL3,0.006578947368421052,0.0,2.343998812935219e-106,0.006535947712418301,0.0,0.0,0.0,0.15744855209446745
HALLMARK_MTORC1_SIGNALING,SLC7A5,0.02631578947368421,0.023019054258161958,0.01016121021397278,0.00673808293668843,0.0967741935483871,0.05700291809676271,0.026866729083209896,0.1642025987267648
HALLMARK_MTORC1_SIGNALING,SLC7A11,0.013157894736842105,0.0,0.0010545462733300781,0.004195438182288382,0.03225806451612903,0.0,0.002788271124664651,0.07924392166989384
HALLMARK_MTORC1_SIGNALING,SLC1A5,0.013157894736842105,0.0,0.0010545462733300781,0.004195438182288382,0.03225806451612903,0.0,0.002788271124664651,0.07924392166989384
HALLMARK_MTORC1_SIGNALING,SLC2A1,0.03289473684210526,0.028645709391876568,0.07672702996994733,0.005917327858356245,0.12903225806451613,0.07093640807201392,0.20286996176176375,0.1367782935727936
HALLMARK_MTORC1_SIGNALING,PIK3R3,0.006578947368421052,0.0,6.0882132889780305e-78,0.003918032437491883,0.0,0.0,1.6097529092631485e-77,0.06997482300988558
HALLMARK_MTORC1_SIGNALING,TXNRD1,0.02631578947368421,0.013854300913768816,0.0300716890075021,0.005061042148038638,0.0967741935483871,0.03430790732835815,0.07951099373262747,0.10816678541562975
HALLMARK_MTORC1_SIGNALING,ACTR3,0.013157894736842105,0.0,2.273753611710986e-77,0.006085699934663432,0.03225806451612903,0.0,6.011914034000196e-77,0.14240419504079183
HALLMARK_MTORC1_SIGNALING,ARPC5L,0.013157894736842105,0.0,2.273753611710986e-77,0.006085699934663432,0.03225806451612903,0.0,6.011914034000196e-77,0.14240419504079183
HALLMARK_MTORC1_SIGNALING,P4HA1,0.006578947368421052,0.0,2.343998812935219e-106,0.006535947712418301,0.0,0.0,0.0,0.15744855209446745
HALLMARK_MTORC1_SIGNALING,PLOD2,0.006578947368421052,0.0,2.343998812935219e-106,0.006535947712418301,0.0,0.0,0.0,0.15744855209446745
HALLMARK_MTORC1_SIGNALING,FADS1,0.03289473684210526,0.0024328698404269575,0.0039700331545041365,0.005572567638916538,0.12903225806451613,0.006024603734741598,0.010496958823541718,0.12525864573573461
HALLMARK_MTORC1_SIGNALING,IMMT,0.019736842105263157,0.01225434422067292,0.02433318773697475,0.004001319756333925,0.06451612903225806,0.0303458765988561,0.0643381200559362,0.07275774438031637
HALLMARK_MTORC1_SIGNALING,TCEA1,0.006578947368421052,0.0,0.0010344526830990447,0.0022633521304785188,0.0,0.0,0.002735142704557383,0.014686151797503409
HALLMARK_MTORC1_SIGNALING,SORD,0.019736842105263157,0.0019476444390395247,0.02387193912151929,0.00403770276080462,0.06451612903225806,0.00482302249236934,0.06311855650686142,0.07397342813709576
HALLMARK_MTORC1_SIGNALING,GMPS,0.03289473684210526,0.006958457470940046,0.014213875496524569,0.007625791808837833,0.12903225806451613,0.01723148035741561,0.037582171232170135,0.19386406490639857
HALLMARK_MTORC1_SIGNALING,FADS2,0.019736842105263157,2.9046125246892064e-05,0.002541713154389082,0.004058619821325002,0.06451612903225806,7.19279723618457e-05,0.006720411967493741,0.07467234047498919
HALLMARK_MTORC1_SIGNALING,SCD,0.05921052631578947,0.03924873974408333,0.014359689531909692,0.009801527462397881,0.25806451612903225,0.09719307630720109,0.037967710562892235,0.26656302233332546
HALLMARK_MTORC1_SIGNALING,ELOVL5,0.019736842105263157,7.551992564191938e-05,0.001962404041890648,0.004003271173725386,0.06451612903225806,0.00018701272814079884,0.0051886907794478744,0.07282294807803207
HALLMARK_MTORC1_SIGNALING,ELOVL6,0.03289473684210526,0.0171013804518129,0.0107106567772339,0.005990360423683158,0.12903225806451613,0.04234876803814043,0.028319492253145905,0.1392185676698757
HALLMARK_MTORC1_SIGNALING,QDPR,0.006578947368421052,0.0,0.0023666411737643823,0.0022052234808802086,0.0,0.0,0.006257513220744383,0.012743869785661718
HALLMARK_MTORC1_SIGNALING,DHFR,0.02631578947368421,0.0135355707767698,0.025170652490995725,0.005763786121661574,0.0967741935483871,0.03351862434172621,0.06655241719074782,0.1316479257540019
HALLMARK_MTORC1_SIGNALING,ACACA,0.02631578947368421,0.011526436123421135,0.004178000906612963,0.005497446522507215,0.0967741935483871,0.028543331403720573,0.011046835574075695,0.1227485858234614
HALLMARK_MTORC1_SIGNALING,ACLY,0.05921052631578947,0.15730349187919507,0.0888651682466868,0.008670948946880154,0.25806451612903225,0.3895363364350712,0.2349637838349711,0.22878642974362598
HALLMARK_MTORC1_SIGNALING,PDK1,0.019736842105263157,0.0003105278629134041,0.03968902335347531,0.0036418005719542085,0.06451612903225806,0.000768971398125065,0.1049396888324102,0.060744947772135446
HALLMARK_MTORC1_SIGNALING,TOMM40,0.02631578947368421,0.00082363054435205,0.05649213108256458,0.004477959578592041,0.0967741935483871,0.0020395861591509554,0.14936791476288508,0.08868395218484572
HALLMARK_MTORC1_SIGNALING,HPRT1,0.03289473684210526,0.034708301627306495,0.0638055580019914,0.006795895712909064,0.12903225806451613,0.08594942488732231,0.16870496769029156,0.16613432630144476
HALLMARK_MTORC1_SIGNALING,HMBS,0.013157894736842105,0.0,0.04155976727949275,0.002979175796220426,0.03225806451612903,0.0,0.10988602585191769,0.03860433051365757
HALLMARK_MTORC1_SIGNALING,SERPINH1,0.013157894736842105,0.0002659103608911905,0.024176846300598555,0.002896062147113369,0.03225806451612903,0.0006584834612649922,0.0639247457700836,0.03582721205804747
HALLMARK_MTORC1_SIGNALING,SQSTM1,0.02631578947368421,0.022614023520134488,0.025082129246556624,0.006211976098732663,0.0967741935483871,0.05599992580491975,0.06631835746992425,0.14662352447113122
HALLMARK_MTORC1_SIGNALING,CACYBP,0.006578947368421052,0.0,0.005705552853917382,0.002131263141081677,0.0,0.0,0.01508575647665899,0.010272595490231283
HALLMARK_MTORC1_SIGNALING,TBK1,0.019736842105263157,0.006894166984790894,0.043624405999092064,0.004294787125021676,0.06451612903225806,0.017072275497161123,0.11534503004197987,0.08256351821479578
HALLMARK_MTORC1_SIGNALING,MTHFD2L,0.013157894736842105,0.0,0.008505306774864746,0.0030879568736197583,0.03225806451612903,0.0,0.022488440655981587,0.04223908775163791
HALLMARK_MTORC1_SIGNALING,PSPH,0.03289473684210526,0.035086323832430925,0.05015075919231176,0.005631987928469499,0.12903225806451613,0.08688553497055151,0.13260102213851785,0.12724408596761116
HALLMARK_MTORC1_SIGNALING,PHGDH,0.03289473684210526,0.006357215936288012,0.05047043756651697,0.005963987308384648,0.12903225806451613,0.015742604160688733,0.13344626715290817,0.13833734941012774
HALLMARK_MTORC1_SIGNALING,PSAT1,0.02631578947368421,0.00048158394297651664,0.017966083276690463,0.005059324813994032,0.0967741935483871,0.0011925637669702597,0.04750318927734405,0.10810940326334839
HALLMARK_MTORC1_SIGNALING,MTHFD2,0.039473684210526314,0.00398846444452492,0.017771774039425946,0.007892548388307951,0.16129032258064516,0.009876779015909845,0.04698942629773634,0.2027773376114347
HALLMARK_MTORC1_SIGNALING,PPIA,0.019736842105263157,0.0,0.07430840618980052,0.0034143993506547676,0.06451612903225806,0.0,0.19647500402670398,0.0531466755835867
HALLMARK_MTORC1_SIGNALING,WARS1,0.006578947368421052,0.0,0.003603218832736211,0.002588014092591612,0.0,0.0,0.009527084094129234,0.02553424638251542
HALLMARK_MTORC1_SIGNALING,EPRS1,0.039473684210526314,0.04909163913716893,0.03832244609812886,0.011346682395740092,0.16129032258064516,0.12156740470689159,0.1013263927665359,0.31819206675940254
HALLMARK_MTORC1_SIGNALING,COPS5,0.03289473684210526,0.0,0.03575865143897469,0.003991620874625443,0.12903225806451613,0.0,0.0945475962371858,0.07243367073319844
HALLMARK_MTORC1_SIGNALING,UBE2D3,0.006578947368421052,0.0,0.002358318212397086,0.002300483571848045,0.0,0.0,0.006235506910126217,0.015926843455475136
HALLMARK_MTORC1_SIGNALING,ACSL3,0.006578947368421052,0.0,0.0003928297873253104,0.0021485662154939475,0.0,0.0,0.001038660873029779,0.01085075187976984
HALLMARK_MTORC1_SIGNALING,ETF1,0.013157894736842105,0.0,0.003977166637147915,0.0045012346242294604,0.03225806451612903,0.0,0.010515820095139725,0.08946165307380063
HALLMARK_MTORC1_SIGNALING,EIF2S2,0.013157894736842105,0.0,0.003977166637147915,0.0045012346242294604,0.03225806451612903,0.0,0.010515820095139725,0.08946165307380063
HALLMARK_MTORC1_SIGNALING,AK4,0.006578947368421052,0.0,0.00023818514040406676,0.0021752495080316937,0.0,0.0,0.0006297729801990214,0.011742334248720671
HALLMARK_MTORC1_SIGNALING,EEF1E1,0.006578947368421052,0.0,0.003603218832736211,0.002588014092591612,0.0,0.0,0.009527084094129234,0.02553424638251542
HALLMARK_MTORC1_SIGNALING,ME1,0.02631578947368421,0.0009267396862731259,0.06353880058503872,0.004206603273682612,0.0967741935483871,0.0022949190631893807,0.16799964823510014,0.07961698652389333
HALLMARK_MTORC1_SIGNALING,GOT1,0.03289473684210526,0.007641420153598358,0.04792575551351581,0.005603080380617214,0.12903225806451613,0.018922725593909777,0.12671800527452717,0.12627818342922537
HALLMARK_MTORC1_SIGNALING,CTH,0.03289473684210526,0.005509198042889791,0.028606812749770436,0.006159238504902423,0.12903225806451613,0.013642626725480767,0.07563779037120272,0.14486137653629833
HALLMARK_MTORC1_SIGNALING,BCAT1,0.013157894736842105,5.2134070955960114e-05,0.020196024375408888,0.002840615728463388,0.03225806451612903,0.00012910148885459483,0.0533992609173539,0.033974552787462385
HALLMARK_MTORC1_SIGNALING,GBE1,0.013157894736842105,0.0,0.028634024770581117,0.00273102945617213,0.03225806451612903,0.0,0.07570974026452565,0.030312891164717862
HALLMARK_MTORC1_SIGNALING,TFRC,0.013157894736842105,0.0017904169917066417,0.039329998697108515,0.0029064003433813606,0.03225806451612903,0.004433674467799584,0.10399041035340234,0.036172647446362304
HALLMARK_MTORC1_SIGNALING,CXCR4,0.006578947368421052,0.0,6.0882132889780305e-78,0.003918032437491883,0.0,0.0,1.6097529092631485e-77,0.06997482300988558
HALLMARK_MYC_TARGETS_V1,PSMA4,0.07608695652173914,0.0012185900473611956,0.024740636583331494,0.004928787803951834,0.29545454545454547,0.012199186304499449,0.10969774613425774,0.31021863896131013
HALLMARK_MYC_TARGETS_V1,PSMD8,0.07608695652173914,0.0005111945563999316,0.01563642239902044,0.005058016432939364,0.29545454545454547,0.005117518926789899,0.06926143551330048,0.3206466838467737
HALLMARK_MYC_TARGETS_V1,PSMC6,0.06521739130434782,0.00022667207411811798,0.013825498451905092,0.004440072335069238,0.25,0.002269192061909732,0.06121822807616927,0.27078196857598985
HALLMARK_MYC_TARGETS_V1,PSMB3,0.059782608695652176,0.01044032905876227,0.015921089302435135,0.00403282311126202,0.2272727272727273,0.1045171175851309,0.07052578179261133,0.2379191794347257
HALLMARK_MYC_TARGETS_V1,CCT2,0.17391304347826086,0.03503538464153921,0.12781731898805107,0.010119324580682059,0.7045454545454545,0.350735824092326,0.567512189326689,0.7290666211109544
HALLMARK_MYC_TARGETS_V1,PSMD14,0.125,0.017733661474491666,0.05290908015895422,0.007678575160588838,0.5,0.17752995821417966,0.23480771291158073,0.5321114672389962
HALLMARK_MYC_TARGETS_V1,PSMD1,0.09782608695652173,0.010741312627248223,0.03293148003447098,0.006205776365969525,0.38636363636363635,0.10753023478111018,0.1460773263300606,0.4132646446898782
HALLMARK_MYC_TARGETS_V1,PSMB2,0.07065217391304347,0.000214198691599913,0.014743648249310034,0.004735317212567058,0.2727272727272727,0.0021443222441097456,0.06529618468536395,0.29460661841459135
HALLMARK_MYC_TARGETS_V1,PSMD7,0.08152173913043478,0.0014547978958535238,0.02014522602302428,0.005327586872956777,0.3181818181818182,0.01456384007512785,0.08928725873957093,0.34239954674038986
HALLMARK_MYC_TARGETS_V1,PSMA6,0.09239130434782608,0.0032174935565052127,0.03513703410636974,0.0058037152049944295,0.3636363636363636,0.032210014692249905,0.15587328100963124,0.3808205038969394
HALLMARK_MYC_TARGETS_V1,PSMA1,0.07608695652173914,0.001607412378646662,0.02911802035807302,0.004923675040726074,0.29545454545454547,0.01609164880160638,0.1291398689181893,0.3098060668801491
HALLMARK_MYC_TARGETS_V1,EEF1B2,0.13043478260869565,0.018748529235158393,0.1302663920988401,0.007161666387923919,0.5227272727272727,0.18768970054394274,0.5783897323014531,0.49039975114890455
HALLMARK_MYC_TARGETS_V1,PSMD3,0.07608695652173914,0.0005111945563999316,0.01563642239902044,0.005058016432939366,0.29545454545454547,0.005117518926789899,0.06926143551330048,0.3206466838467738
HALLMARK_MYC_TARGETS_V1,PSMA7,0.09782608695652173,0.010097304217769606,0.041110108804285415,0.006117735658169579,0.38636363636363635,0.10108312930383612,0.18240265509480125,0.4061602401946915
HALLMARK_MYC_TARGETS_V1,PSMC4,0.09239130434782608,0.01275304172382856,0.04538239192557766,0.00578118486372961,0.3636363636363636,0.12766945887580006,0.20137797398074625,0.3790024283525721
HALLMARK_MYC_TARGETS_V1,RPS3,0.24456521739130435,0.059359132191189636,0.22519172332930398,0.013476842647141172,1.0,0.5942384922983839,1.0,1.0
HALLMARK_MYC_TARGETS_V1,RPLP0,0.15760869565217392,0.01734456108319806,0.15987387143031712,0.008822132031232936,0.6363636363636364,0.1736347120854072,0.7098911674296264,0.6243902638925426
HALLMARK_MYC_TARGETS_V1,RAD23B,0.048913043478260865,0.0035693514625156435,0.00945054926072361,0.0035927990329152563,0.1818181818181818,0.035732429927322,0.04178691847996306,0.20241163845379065
HALLMARK_MYC_TARGETS_V1,RPS6,0.21195652173913043,0.028346671126906014,0.2067881704385259,0.011455372638066315,0.8636363636363636,0.28377576440766983,0.9182607344076855,0.8368784057030807
HALLMARK_MYC_TARGETS_V1,RPS5,0.1793478260869565,0.0254301127289611,0.17015657853680444,0.01019398352236329,0.7272727272727272,0.25457838228434737,0.7555617470276734,0.7350911901329489
HALLMARK_MYC_TARGETS_V1,COPS5,0.059782608695652176,0.010370287988416039,0.022204097313290396,0.0041434438034192705,0.2272727272727273,0.1038159432501111,0.09843172275769989,0.24684566540083594
HALLMARK_MYC_TARGETS_V1,SF3A1,0.09239130434782608,0.0006564933776083482,0.04116279726188619,0.005315394646235402,0.3636363636363636,0.00657209127750289,0.1826366705512209,0.3414157006027317
HALLMARK_MYC_TARGETS_V1,SF3B3,0.08695652173913043,0.00047441551559464906,0.03864665806736716,0.005045168617691333,0.3409090909090909,0.004749327530630038,0.1714612539830928,0.3196099352939469
HALLMARK_MYC_TARGETS_V1,PRPF31,0.07065217391304347,0.0021079911275813045,0.026951199793772494,0.004305309634651884,0.2727272727272727,0.021102893913570533,0.11951594887147916,0.25990735433726686
HALLMARK_MYC_TARGETS_V1,SNRPA,0.11956521739130435,0.003803947008116189,0.052077214882552625,0.006858043161360907,0.4772727272727273,0.038080943090698004,0.23111298846525458,0.46589901427910546
HALLMARK_MYC_TARGETS_V1,SRSF2,0.11956521739130435,0.0045617629275829,0.06257495857325972,0.006936859693697887,0.4772727272727273,0.04566736446851004,0.2777386517133945,0.47225907817025714
HALLMARK_MYC_TARGETS_V1,DHX15,0.16304347826086957,0.02274482324312012,0.09092619140420588,0.008986299290746085,0.6590909090909091,0.22769621072039567,0.4036604758302745,0.637637665527453
HALLMARK_MYC_TARGETS_V1,SNRPD3,0.15760869565217392,0.012728373215381675,0.07573358997675023,0.008675785649187343,0.6363636363636364,0.12742250483982273,0.33618263117239594,0.6125809097830603
HALLMARK_MYC_TARGETS_V1,SNRPB2,0.08695652173913043,0.00047441551559464906,0.03864665806736716,0.005045168617691333,0.3409090909090909,0.004749327530630038,0.1714612539830928,0.3196099352939469
HALLMARK_MYC_TARGETS_V1,SRSF1,0.20652173913043478,0.04817780019060645,0.09734815700735157,0.011623822518250492,0.8409090909090909,0.48230326641749716,0.43218359607643475,0.8504713914468284
HALLMARK_MYC_TARGETS_V1,LSM7,0.08695652173913043,0.0032423675786279822,0.039250173239413086,0.005063050989729204,0.3409090909090909,0.03245902610562473,0.17414176286252622,0.3210529450954938
HALLMARK_MYC_TARGETS_V1,SNRPG,0.15217391304347827,0.005901322331787072,0.07025618577180359,0.00836362771755909,0.6136363636363636,0.05907756322503023,0.3118547744959309,0.5873914688064251
HALLMARK_MYC_TARGETS_V1,NCBP2,0.15217391304347827,0.013531165600328857,0.07150053634667956,0.008631241130769322,0.6136363636363636,0.13545918123399758,0.3173815498274868,0.6089864103203344
HALLMARK_MYC_TARGETS_V1,SNRPA1,0.08695652173913043,0.00047441551559464906,0.03864665806736716,0.005045168617691333,0.3409090909090909,0.004749327530630038,0.1714612539830928,0.3196099352939469
HALLMARK_MYC_TARGETS_V1,LSM2,0.08695652173913043,0.0008278470691389934,0.03553973493158558,0.005142569777458194,0.3409090909090909,0.008287496397930952,0.15766187421779684,0.3274696771630883
HALLMARK_MYC_TARGETS_V1,TXNL4A,0.06521739130434782,0.0,0.025194251369159898,0.003986054447110209,0.25,0.0,0.11171247338151707,0.2341452035531483
HALLMARK_MYC_TARGETS_V1,NCBP1,0.15760869565217392,0.020207032609841948,0.07478057469484405,0.009154831132140604,0.6363636363636364,0.20229063580681877,0.33194981973084553,0.6512372650934397
HALLMARK_MYC_TARGETS_V1,SNRPD1,0.1358695652173913,0.004628228719155946,0.06278150575827288,0.007557505518123939,0.5454545454545454,0.04633274703587256,0.27865602974976245,0.5223418080250706
HALLMARK_MYC_TARGETS_V1,SNRPD2,0.16847826086956522,0.029849521502373733,0.08167313210361128,0.009201100274811929,0.6818181818181818,0.29882065317712775,0.3625630705519852,0.6549709323184866
HALLMARK_MYC_TARGETS_V1,NHP2,0.15217391304347827,0.02211842061578879,0.1328895723572342,0.008730660472772177,0.6136363636363636,0.22142535501384336,0.5900405710883937,0.6170090084784334
HALLMARK_MYC_TARGETS_V1,HNRNPC,0.16847826086956522,0.03063732817737648,0.09352261510386349,0.009794525791993016,0.6818181818181818,0.3067073090882753,0.4151924755281611,0.7028571319773945
HALLMARK_MYC_TARGETS_V1,HNRNPA2B1,0.1358695652173913,0.015234032549918695,0.07248207851145412,0.007903200227388912,0.5454545454545454,0.15250641645047208,0.3217410632417018,0.5502374838758937
HALLMARK_MYC_TARGETS_V1,ERH,0.07608695652173914,0.0029811389091849096,0.049466606349894034,0.004484844696252318,0.29545454545454547,0.029843891332849117,0.21951798691990235,0.27439485370603633
HALLMARK_MYC_TARGETS_V1,CLNS1A,0.02717391304347826,0.0,0.013657084778331744,0.002101169780745916,0.0909090909090909,0.0,0.06047021979345951,0.0820453007780017
HALLMARK_MYC_TARGETS_V1,SRSF3,0.14130434782608695,0.005417750092945998,0.07215247136471271,0.008017022626716169,0.5681818181818181,0.054236568629611855,0.3202771151514327,0.5594223301321386
HALLMARK_MYC_TARGETS_V1,HNRNPU,0.10869565217391304,0.0036805899628499774,0.0712722931482041,0.006184000924136449,0.4318181818181818,0.0368460277223723,0.3163678090823955,0.4115074854085704
HALLMARK_MYC_TARGETS_V1,PTGES3,0.048913043478260865,0.002952530329759798,0.03621183238914154,0.0033913300960568852,0.1818181818181818,0.02955749362997131,0.16064699089136122,0.18615419509123327
HALLMARK_MYC_TARGETS_V1,TARDBP,0.1358695652173913,0.017507424559182812,0.08174778967724568,0.00786961110253896,0.5454545454545454,0.17526512248473608,0.3628946617004986,0.5475270248673675
HALLMARK_MYC_TARGETS_V1,HNRNPR,0.1358695652173913,0.0033389037841177996,0.07935317278620642,0.007501153678603088,0.5454545454545454,0.03342544065861563,0.3522589856867338,0.5177945222068594
HALLMARK_MYC_TARGETS_V1,SSB,0.07065217391304347,0.0001435302799060146,0.04312648694462474,0.004233714784488756,0.2727272727272727,0.001436867655945524,0.1913583860520732,0.25413004077355816
HALLMARK_MYC_TARGETS_V1,TRA2B,0.09239130434782608,0.0007458408074914363,0.051894626022957954,0.0053456145249353585,0.3636363636363636,0.007466539697898468,0.2303020211820793,0.34385427984005235
HALLMARK_MYC_TARGETS_V1,HNRNPA1,0.20652173913043478,0.051606301053182736,0.12456792438825748,0.012233949627280652,0.8409090909090909,0.5166256547040873,0.5530800234409456,0.899705318392061
HALLMARK_MYC_TARGETS_V1,MCM5,0.09239130434782608,0.004981520847572057,0.004759002446965971,0.007144150063815933,0.3636363636363636,0.049869520131791197,0.02094944251407638,0.48898627941700185
HALLMARK_MYC_TARGETS_V1,MCM4,0.08695652173913043,0.0032050659114928517,0.004723639551155176,0.006667709963490344,0.3409090909090909,0.032085602748167255,0.0207923784324859,0.45054016426159454
HALLMARK_MYC_TARGETS_V1,TYMS,0.07608695652173914,0.004641701648978889,0.004652003893858812,0.006014590303461378,0.29545454545454547,0.04646762322440984,0.020474209106574832,0.39783697315199956
HALLMARK_MYC_TARGETS_V1,RFC4,0.07608695652173914,0.003281152424712286,0.003407804675398175,0.00627154600433097,0.29545454545454547,0.032847297423118524,0.014948106023595382,0.4185718954616869
HALLMARK_MYC_TARGETS_V1,CDK2,0.10326086956521739,0.04054851706565832,0.014425296815181154,0.007759570301193129,0.4090909090909091,0.40592725595150214,0.06388222877259049,0.5386473329240486
HALLMARK_MYC_TARGETS_V1,CCNA2,0.09782608695652173,0.005058220214464947,0.005336449545945029,0.007615332149812142,0.38636363636363635,0.0506373500251911,0.023514170209271174,0.5270081015201284
HALLMARK_MYC_TARGETS_V1,POLE3,0.043478260869565216,8.612497030173439e-05,0.0014026712836870193,0.003797172694045759,0.1590909090909091,0.0008621886913121336,0.00604231854735078,0.21890347720788783
HALLMARK_MYC_TARGETS_V1,MAD2L1,0.07065217391304347,0.0007173543931014571,0.003945309780471303,0.005614428689170764,0.2727272727272727,0.007181364977291607,0.017335431601517518,0.3655461154066564
HALLMARK_MYC_TARGETS_V1,MCM7,0.09782608695652173,0.006132702392892246,0.00536754010781447,0.00750295285166925,0.38636363636363635,0.06139388648622935,0.023652258746258724,0.5179397056514077
HALLMARK_MYC_TARGETS_V1,POLD2,0.02717391304347826,0.0003912369629399648,0.000879487066673636,0.002819317716004086,0.0909090909090909,0.003916635139476488,0.0037185991045907245,0.1399959187018195
HALLMARK_MYC_TARGETS_V1,CDC20,0.125,0.0619919271116116,0.02945118320009912,0.008841918529287392,0.5,0.6205951458795593,0.13061960960692923,0.6259869262687867
HALLMARK_MYC_TARGETS_V1,RRM1,0.07608695652173914,0.04811915752787692,0.015507827670700336,0.0060759926668248814,0.29545454545454547,0.48171620043121355,0.06869028282803852,0.4027918086729269
HALLMARK_MYC_TARGETS_V1,ORC2,0.043478260869565216,0.0,0.002050939896501966,0.0036438309413089863,0.1590909090909091,0.0,0.008921599555345423,0.2065296348721542
HALLMARK_MYC_TARGETS_V1,MCM6,0.09239130434782608,0.003651393602178386,0.0050435826162328464,0.007042879966911276,0.3636363636363636,0.0365537457986709,0.022213403564209647,0.4808143354418096
HALLMARK_MYC_TARGETS_V1,MCM2,0.08695652173913043,0.0029789087064988422,0.0049624329843071585,0.006633663659204859,0.3409090909090909,0.029821564990923834,0.02185297797921208,0.44779281336841553
HALLMARK_MYC_TARGETS_V1,PCNA,0.10869565217391304,0.02127964167688905,0.006086209927960121,0.00868029280543828,0.4318181818181818,0.21302842073222322,0.026844226278327072,0.6129446126874307
HALLMARK_MYC_TARGETS_V1,DUT,0.043478260869565216,0.0004608569697673609,0.0020182039431117012,0.003847598513058303,0.1590909090909091,0.004613594248610088,0.008776203022161588,0.22297256552190078
HALLMARK_MYC_TARGETS_V1,CDC45,0.08152173913043478,0.001487406215130206,0.00433887508597213,0.006262208256982444,0.3181818181818182,0.014890278784186941,0.019083449455742422,0.41781839022648903
HALLMARK_MYC_TARGETS_V1,EIF3D,0.10869565217391304,0.006533496042527962,0.11213769538792531,0.006221068832494211,0.4318181818181818,0.06540619268563913,0.49787123872087286,0.4144986632551008
HALLMARK_MYC_TARGETS_V1,RPS2,0.20652173913043478,0.02503409674507064,0.2041122030211392,0.011535512573875934,0.8409090909090909,0.2506139048314904,0.9063754417827078,0.8433452610298638
HALLMARK_MYC_TARGETS_V1,EIF3B,0.14130434782608695,0.006568150838783083,0.14685226698413073,0.007738491349574665,0.5681818181818181,0.06575311847645464,0.6520557923484243,0.5369463766008405
HALLMARK_MYC_TARGETS_V1,PABPC1,0.16304347826086957,0.03521542851532895,0.14480989328514518,0.008843933382318649,0.6590909090909091,0.35253822578114746,0.6429846022792616,0.6261495139090966
HALLMARK_MYC_TARGETS_V1,EIF4A1,0.15217391304347827,0.012471251230527215,0.15347451430598016,0.008247054656398927,0.6136363636363636,0.12484848168657724,0.6814684626013452,0.5779846591564414
HALLMARK_MYC_TARGETS_V1,RACK1,0.20108695652173914,0.02385365296713678,0.19782922666568756,0.010707586017741133,0.8181818181818182,0.2387965971157529,0.8784696414148974,0.7765361076953186
HALLMARK_MYC_TARGETS_V1,KARS1,0.043478260869565216,0.004374514222460495,0.03467734870818363,0.003770435056020768,0.1590909090909091,0.04379283591478435,0.15383159117537804,0.2167458957830877
HALLMARK_MYC_TARGETS_V1,RPS10,0.125,0.0011312745040355874,0.14446210296237855,0.006674912834811,0.5,0.011325078902576806,0.6414398937258765,0.4511213966558751
HALLMARK_MYC_TARGETS_V1,EIF4E,0.08695652173913043,0.006243140210472053,0.07688398639171233,0.00517245139654138,0.3409090909090909,0.06249946872419019,0.34129210968760987,0.3298809606959335
HALLMARK_MYC_TARGETS_V1,CCT7,0.1467391304347826,0.02422788722654263,0.11332342490228599,0.008861529775501512,0.5909090909090908,0.24254301984577964,0.5031376489770979,0.6275694467782356
HALLMARK_MYC_TARGETS_V1,EIF2S1,0.18478260869565216,0.01343607518427747,0.18398579082035768,0.009852415547434042,0.7499999999999999,0.13450724033829173,0.8169841072907446,0.7075285192147055
HALLMARK_MYC_TARGETS_V1,EIF1AX,0.09782608695652173,0.01190658690629809,0.10613857536278619,0.006041455893885604,0.38636363636363635,0.11919568212064281,0.47122618447698617,0.4000048796369112
HALLMARK_MYC_TARGETS_V1,EIF2S2,0.125,0.0014607463816280494,0.14072530619323026,0.006811765279795894,0.5,0.014623389786985618,0.6248429341392865,0.46216464187304457
HALLMARK_MYC_TARGETS_V1,ABCE1,0.14130434782608695,0.006394806880722069,0.15825490608947587,0.007480467882087517,0.5681818181818181,0.06401778899159233,0.7027005429472154,0.5161252913541762
HALLMARK_MYC_TARGETS_V1,EIF3J,0.08695652173913043,0.0017647287529695182,0.09898300541788937,0.0050089119869984365,0.3409090909090909,0.017666527706344436,0.4394447651140223,0.31668422312611383
HALLMARK_MYC_TARGETS_V1,APEX1,0.02717391304347826,0.006888696604153171,0.0053380002078920455,0.0029264495212377997,0.0909090909090909,0.06896207092058125,0.02352105746465514,0.1486408705394321
HALLMARK_MYC_TARGETS_V1,NPM1,0.1793478260869565,0.09715336134134038,0.10880051335213378,0.01187516016469673,0.7272727272727272,0.9725928401252317,0.4830491654846689,0.8707529674341511
HALLMARK_MYC_TARGETS_V1,NME1,0.02717391304347826,0.0014539263831950062,0.0020351811855875996,0.0030286563360449404,0.0909090909090909,0.014555115446766567,0.008851607338925769,0.1568884025357049
HALLMARK_MYC_TARGETS_V1,SET,0.03260869565217391,0.0034201265615395136,0.009618736633475173,0.0031502121525023696,0.11363636363636363,0.0342385539743546,0.04253392164898171,0.16669729333674835
HALLMARK_MYC_TARGETS_V1,FBL,0.14130434782608695,0.025690510050355893,0.10506792960915733,0.008780507717721412,0.5681818181818181,0.2571851945127638,0.4664709180275928,0.6210314090240392
HALLMARK_MYC_TARGETS_V1,DDX21,0.09239130434782608,0.01709817048245908,0.05346256129021412,0.006265927940965419,0.3636363636363636,0.17116811977357826,0.237265995910352,0.4181185484177359
HALLMARK_MYC_TARGETS_V1,EPRS1,0.14130434782608695,0.026559315569807854,0.13660045150851685,0.00859314894468043,0.5681818181818181,0.26588272196846796,0.6065224177365847,0.6059125788525509
HALLMARK_MYC_TARGETS_V1,RRP9,0.048913043478260865,0.0010277602775239398,0.03854377342060128,0.003499838911176059,0.1818181818181818,0.010288808060617886,0.17100429246499477,0.1949102641093484
HALLMARK_MYC_TARGETS_V1,PWP1,0.043478260869565216,8.443624539385723e-06,0.03339319713114193,0.002968498571350316,0.1590909090909091,8.452830306981699e-05,0.14812803994048584,0.15203399933294998
HALLMARK_MYC_TARGETS_V1,ILF2,0.09239130434782608,0.0036506681443362007,0.054101823620640706,0.0054872192932307546,0.3636363636363636,0.0365464833108539,0.24010527557118772,0.3552810116049041
HALLMARK_MYC_TARGETS_V1,GNL3,0.08152173913043478,0.0025137129896782725,0.06661229395927702,0.004945714853300916,0.3181818181818182,0.02516453596804753,0.29567045169579265,0.31158455943708735
HALLMARK_MYC_TARGETS_V1,NOP16,0.010869565217391304,0.0,0.00996862432631025,0.001362844621416293,0.022727272727272724,0.0,0.04408794565846847,0.022466491021386023
HALLMARK_MYC_TARGETS_V1,NOLC1,0.03804347826086957,1.4849132810643859e-05,0.02564565983162248,0.002778848151669765,0.13636363636363638,0.000148653222640023,0.11371740125728266,0.1367302457880089
HALLMARK_MYC_TARGETS_V1,NOP56,0.1467391304347826,0.03221412085055898,0.10593929111819766,0.008685124335542459,0.5909090909090908,0.3224924270000594,0.4703410647452985,0.6133344907909639
HALLMARK_MYC_TARGETS_V1,PA2G4,0.14130434782608695,0.0065687235322290745,0.14761162790065802,0.007655234927244648,0.5681818181818181,0.0657588516547767,0.6554284891317476,0.5302280378251168
HALLMARK_MYC_TARGETS_V1,C1QBP,0.021739130434782608,0.005714425364364777,0.013146057178873911,0.0023131972198030103,0.06818181818181818,0.05720655588317004,0.05820049389189091,0.09915475762792789
HALLMARK_MYC_TARGETS_V1,RSL1D1,0.08695652173913043,0.0015676111461557693,0.07219688840220857,0.005220776636199306,0.3409090909090909,0.01569320253876637,0.3204743931469505,0.33378054372333105
HALLMARK_MYC_TARGETS_V1,EXOSC7,0.016304347826086956,0.0,0.010454298950749988,0.0017017408511455683,0.04545454545454545,0.0,0.046245066479330195,0.04981356668735367
HALLMARK_MYC_TARGETS_V1,DDX18,0.08695652173913043,0.0019451246792523656,0.0758721013965345,0.005081498146120975,0.3409090909090909,0.019472453758393432,0.33679782878105924,0.32254152991117824
HALLMARK_MYC_TARGETS_V1,RUVBL2,0.07065217391304347,0.011864714941156667,0.04369658020107505,0.004869765553295253,0.2727272727272727,0.11877650595487496,0.19389045170145822,0.30545586554252463
HALLMARK_MYC_TARGETS_V1,RPL6,0.18478260869565216,0.008479021639758819,0.19572537377317425,0.009714225511054369,0.7499999999999999,0.08488265999487604,0.8691253918904224,0.6963773376740414
HALLMARK_MYC_TARGETS_V1,AIMP2,0.016304347826086956,0.0,0.0074889138935409294,0.0020822997292182454,0.04545454545454545,0.0,0.03307432720886294,0.080522590633483
HALLMARK_MYC_TARGETS_V1,IARS1,0.016304347826086956,0.0,0.0074889138935409294,0.0020822997292182454,0.04545454545454545,0.0,0.03307432720886294,0.080522590633483
HALLMARK_MYC_TARGETS_V1,PHB2,0.021739130434782608,0.0024509287692493,0.0025821164336175123,0.0030556647855946332,0.06818181818181818,0.02453600925091706,0.011280816838082719,0.15906783697215748
HALLMARK_MYC_TARGETS_V1,SLC25A3,0.021739130434782608,0.005383669893129981,0.008117695804659387,0.002737826048313549,0.06818181818181818,0.053895395067797155,0.03586705815258789,0.13341998599150498
HALLMARK_MYC_TARGETS_V1,COX5A,0.021739130434782608,0.00046555430376671314,0.0008799948916031899,0.0032436290690280737,0.06818181818181818,0.004660618801876911,0.0037208546058538528,0.17423552852676685
HALLMARK_MYC_TARGETS_V1,VDAC1,0.059782608695652176,0.028737155536264783,0.005293882040907493,0.008513601606415037,0.2272727272727273,0.2876848658065245,0.023325106900652714,0.5994935429125293
HALLMARK_MYC_TARGETS_V1,TCP1,0.11956521739130435,0.025690616912264368,0.07425040850498871,0.007810666458289792,0.4772727272727273,0.25718626429692387,0.3295950898991745,0.5427705138619979
HALLMARK_MYC_TARGETS_V1,CCT4,0.15760869565217392,0.027825184075028805,0.11335179715808895,0.009471361730975777,0.6363636363636364,0.2785552083108838,0.5032636641746141,0.6767795564427843
HALLMARK_MYC_TARGETS_V1,HSPE1,0.048913043478260865,0.005515286805228894,0.028317358092435217,0.0038801780593462013,0.1818181818181818,0.055212999158684384,0.1255837324499149,0.22560155705187376
HALLMARK_MYC_TARGETS_V1,CCT3,0.08152173913043478,0.005907474569545174,0.04658751212885981,0.005506975415295138,0.3181818181818182,0.059139152678155324,0.20673050786109848,0.3568752228045754
HALLMARK_MYC_TARGETS_V1,HSP90AB1,0.15217391304347827,0.09989109248308968,0.08181873012826006,0.011390523442446456,0.6136363636363636,1.0,0.3632097432720363,0.831645429635716
HALLMARK_MYC_TARGETS_V1,HSPD1,0.043478260869565216,0.012158535676292404,0.014888133882293864,0.004347055579086297,0.1590909090909091,0.12171791672366275,0.06593791672476038,0.26327602415725027
HALLMARK_MYC_TARGETS_V1,CCT5,0.13043478260869565,0.01325892174276713,0.09862778407906377,0.007797619006731973,0.5227272727272727,0.1327337744855649,0.4378670517490734,0.5417176557488086
HALLMARK_MYC_TARGETS_V1,NDUFAB1,0.03260869565217391,0.002176603797859199,0.005292904367573711,0.003853955807146473,0.11363636363636363,0.021789768674595995,0.02332076457062727,0.2234855644496223
HALLMARK_MYC_TARGETS_V1,ODC1,0.010869565217391304,0.010869565217391304,0.001008419222718303,0.003018481589724809,0.022727272727272724,0.10881415897249684,0.0042912504729906665,0.15606735605277136
HALLMARK_MYC_TARGETS_V1,MYC,0.08695652173913043,0.05072602524476235,0.024028765784621077,0.008046419881811814,0.3409090909090909,0.5078132993024341,0.1065359764135664,0.5617945281353874
HALLMARK_MYC_TARGETS_V1,SRM,0.005434782608695652,0.0,4.224642345246655e-05,0.002094117358476708,0.0,0.0,0.0,0.08147620880085445
HALLMARK_MYC_TARGETS_V1,HNRNPA3,0.08695652173913043,0.00020276827814243268,0.0492307618878687,0.005058524812575576,0.3409090909090909,0.0020298934880180514,0.21847048521007625,0.3206877073081136
HALLMARK_MYC_TARGETS_V1,PCBP1,0.10326086956521739,0.005181663656173211,0.06707256051625046,0.0059246789443536205,0.4090909090909091,0.05187313029988537,0.2977147227431818,0.39058161730837143
HALLMARK_MYC_TARGETS_V1,SRSF7,0.10326086956521739,0.0010879836401101292,0.054913035819965,0.005965631703367508,0.4090909090909091,0.010891698279246584,0.2437082695042516,0.3938862813950082
HALLMARK_MYC_TARGETS_V1,SYNCRIP,0.1467391304347826,0.023914519818133625,0.11157256144351313,0.008377493944506023,0.5909090909090908,0.23940592923420131,0.4953611998250308,0.5885103976237277
HALLMARK_MYC_TARGETS_V1,XPO1,0.07608695652173914,0.013063221630075846,0.03288692501707227,0.005440957748827141,0.29545454545454547,0.13077463971361897,0.14587943549766333,0.35154795751858164
HALLMARK_MYC_TARGETS_V1,YWHAQ,0.016304347826086956,0.0002467696325190202,0.007181967701689231,0.0019865978094911092,0.04545454545454545,0.002470386762070855,0.03171102760865978,0.07279996815920212
HALLMARK_MYC_TARGETS_V1,G3BP1,0.07065217391304347,0.004835178308186695,0.06677134661919695,0.0044082152583686425,0.2727272727272727,0.04840449922004037,0.29637688309463817,0.2682112763976683
HALLMARK_MYC_TARGETS_V1,CSTF2,0.021739130434782608,8.811573316206244e-06,0.011854276877378564,0.0018805126940229114,0.06818181818181818,8.821180244572792e-05,0.052463059724830785,0.0642394784716678
HALLMARK_MYC_TARGETS_V1,RNPS1,0.03804347826086957,0.0025206489744145533,0.018712546838319768,0.002758860514367547,0.13636363636363638,0.02523397143585418,0.08292402305990909,0.13511735257251248
HALLMARK_MYC_TARGETS_V1,GOT2,0.016304347826086956,0.005401930633655601,0.0017917744966191192,0.003017273322702384,0.04545454545454545,0.054078201563068105,0.0077705180452106275,0.1559698555001292
HALLMARK_MYC_TARGETS_V1,LDHA,0.010869565217391304,0.0005428497261474216,0.00011988531751260644,0.002409332735331517,0.022727272727272724,0.005434415748724736,0.0003448326646239794,0.10691236891633042
HALLMARK_MYC_TARGETS_V1,CAD,0.016304347826086956,0.004498411136516893,0.0017560708177177813,0.0025894181748738736,0.04545454545454545,0.045033155856999144,0.007611940377645058,0.12144428078043706
HALLMARK_MYC_TARGETS_V1,TUFM,0.07608695652173914,0.032307712301458395,0.04089524603895572,0.007385845093418921,0.29545454545454547,0.3234293619015899,0.18144834346022637,0.5084897488652199
HALLMARK_MYC_TARGETS_V1,CANX,0.010869565217391304,0.0,0.00364936449748262,0.0018147517278616191,0.022727272727272724,0.0,0.016020992469542826,0.05893292749906887
HALLMARK_MYC_TARGETS_V1,TRIM28,0.03260869565217391,0.0043641791066634,0.0080569403091905,0.003262305361514844,0.11363636363636363,0.04368937207691668,0.03559721299769866,0.17574260337443764
HALLMARK_MYC_TARGETS_V1,SMARCC1,0.016304347826086956,2.227369921596579e-05,0.0016955022027773435,0.0021291427130683176,0.04545454545454545,0.00022297983396003451,0.0073429252514595105,0.08430256370899038
HALLMARK_MYC_TARGETS_V1,CBX3,0.03804347826086957,0.0034613768142145716,0.008733493303050989,0.003638711285242662,0.13636363636363638,0.03465150623716063,0.0386021189080215,0.20611650657638844
HALLMARK_MYC_TARGETS_V1,H2AZ1,0.06521739130434782,0.012897451609638783,0.008386184723731514,0.006049644146768232,0.25,0.12911513218080142,0.03705955001515792,0.40066562694393254
HALLMARK_MYC_TARGETS_V1,RPL14,0.15217391304347827,0.004590727816579471,0.166524505761609,0.0080696884614332,0.6136363636363636,0.04595732915181225,0.7394299184082614,0.5636721754850023
HALLMARK_MYC_TARGETS_V1,RPL22,0.10869565217391304,0.0005641884466130803,0.12960775237468045,0.005870805148803092,0.4318181818181818,0.005648035601458562,0.5754643880669866,0.38623429611064053
HALLMARK_MYC_TARGETS_V1,EIF4G2,0.03804347826086957,0.00011213924103641867,0.03843896214145458,0.0026376141470263355,0.13636363636363638,0.0011226150225096643,0.1705387738211716,0.12533343262582977
HALLMARK_MYC_TARGETS_V1,RPL34,0.13043478260869565,0.0012793531586796651,0.14877995621538792,0.006951946376504857,0.5227272727272727,0.012807479895129224,0.6606176120681444,0.47347649111285683
HALLMARK_MYC_TARGETS_V1,RPL18,0.11413043478260869,0.00121352003174166,0.12724454233586585,0.006216445971963362,0.45454545454545453,0.012148430871822668,0.564968205391853,0.4141256236469844
HALLMARK_MYC_TARGETS_V1,ETF1,0.125,0.000622820379722102,0.1520530342431567,0.00662618937451039,0.5,0.006234994174556033,0.6751549677517974,0.44718967939654486
HALLMARK_MYC_TARGETS_V1,EIF4H,0.043478260869565216,0.0001171906096867573,0.04873664632050896,0.002907602511102056,0.1590909090909091,0.0011731837821935547,0.21627587399378478,0.1471200197094563
HALLMARK_MYC_TARGETS_V1,CDK4,0.06521739130434782,0.007688839287032594,0.007957143693728212,0.00526539364740777,0.25,0.07697222140536925,0.035153966951410855,0.33738089295849927
HALLMARK_MYC_TARGETS_V1,TFDP1,0.02717391304347826,0.000777997872175183,0.0025337582849504926,0.0027603159004056382,0.0909090909090909,0.007788460941168387,0.011066034421833796,0.135234794280668
HALLMARK_MYC_TARGETS_V1,CUL1,0.03804347826086957,0.0039042151678945545,0.006548291781475348,0.003249240936161117,0.13636363636363638,0.039084717874674255,0.02889655995400535,0.17468837556858047
HALLMARK_MYC_TARGETS_V1,KPNB1,0.059782608695652176,0.004536485115281584,0.033966366228054656,0.00421163760276728,0.2272727272727273,0.04541431075097666,0.1506737669161359,0.252348532730489
HALLMARK_MYC_TARGETS_V1,RAN,0.09239130434782608,0.021146810725466564,0.05084140050444714,0.00616908804648862,0.3636363636363636,0.21169866301188422,0.22562412659851236,0.4103040975934912
HALLMARK_MYC_TARGETS_V1,VBP1,0.03804347826086957,9.841815868375497e-05,0.025264149117964273,0.002825169940313366,0.13636363636363638,0.000985254603161097,0.11202292379768039,0.14046816125561817
HALLMARK_MYC_TARGETS_V1,IMPDH2,0.021739130434782608,0.00454556770742433,0.01402612027677438,0.00254188521944799,0.06818181818181818,0.04550523569650455,0.06210928866234679,0.11760863076539525
HALLMARK_MYC_TARGETS_V1,SRPK1,0.043478260869565216,0.0003317448959896161,0.021139155674019736,0.0030516313395406378,0.1590909090909091,0.003321065850248623,0.09370179109671727,0.15874235989464225
HALLMARK_MYC_TARGETS_V1,HNRNPD,0.08152173913043478,0.0026594986232977747,0.052379505236811036,0.0049727452969759705,0.3181818181818182,0.026623981750404768,0.23245560919177224,0.31376576867938816
HALLMARK_MYC_TARGETS_V1,MRPS18B,0.016304347826086956,0.0,0.003973341850540094,0.002151290269494607,0.04545454545454545,0.0,0.017459935866213243,0.08608975060655444
HALLMARK_MYC_TARGETS_V1,MRPL9,0.043478260869565216,0.0061573102005407715,0.034717287567935504,0.003923766538513334,0.1590909090909091,0.06164023285242503,0.15400897937232497,0.22911890936618035
HALLMARK_MYC_TARGETS_V1,MRPL23,0.03260869565217391,0.002291133438818532,0.019234657119796644,0.003352585769188895,0.11363636363636363,0.022936313757969888,0.08524297262466958,0.18302773942268738
HALLMARK_MYC_TARGETS_V1,YWHAE,0.021739130434782608,0.002746082838277395,0.007868295306928149,0.0026462015933928548,0.06818181818181818,0.027490767895468483,0.03475934739456766,0.12602639266775836
HALLMARK_MYC_TARGETS_V1,CTPS1,0.03260869565217391,0.01235991918398164,0.016097554842404393,0.0035005629381841775,0.11363636363636363,0.12373394740951522,0.07130955238979131,0.1949686891363575
HALLMARK_MYC_TARGETS_V1,XRCC6,0.048913043478260865,0.014360187663769876,0.014382287565411387,0.003980873631238433,0.1818181818181818,0.1437584403854716,0.06369120345749393,0.23372713999496095
HALLMARK_MYC_TARGETS_V1,FAM120A,0.010869565217391304,0.0,0.009892758663882551,0.00134813056259857,0.022727272727272724,0.0,0.04375098879110065,0.021279146800521686
HALLMARK_MYC_TARGETS_V1,IFRD1,0.03804347826086957,4.4760543878974314e-06,0.05544075062925717,0.0025583313897555703,0.13636363636363638,4.4809344623547605e-05,0.2460521115444125,0.11893574692769683
HALLMARK_MYC_TARGETS_V1,SERBP1,0.09782608695652173,0.0016467371970423973,0.11514512646474939,0.0053908546938554675,0.38636363636363635,0.016485325729330366,0.511228725125701,0.3475049145006613
HALLMARK_MYC_TARGETS_V1,GSPT1,0.08695652173913043,0.0002270195274337178,0.11176890958573409,0.004842594574205127,0.3409090909090909,0.0022726703832190985,0.49623327887633173,0.30326331585942634
HALLMARK_MYC_TARGETS_V1,TOMM70,0.016304347826086956,0.004268869695739205,0.0036650873133852583,0.0027733923433861333,0.04545454545454545,0.04273523884486368,0.016090825258491356,0.13628999184339977
HALLMARK_MYC_TARGETS_V1,VDAC3,0.010869565217391304,0.0,0.0003753135537438375,0.0022549437262762905,0.022727272727272724,0.0,0.0014793155856659896,0.09445401871278927
HALLMARK_MYC_TARGETS_V1,RANBP1,0.02717391304347826,0.0005207007628222415,0.005862744590769254,0.0026512464428340796,0.0909090909090909,0.0052126846336212574,0.0258517063743865,0.12643348447725652
HALLMARK_MYC_TARGETS_V1,KPNA2,0.043478260869565216,0.005638683936852524,0.012999529009994133,0.0035162798403180016,0.1590909090909091,0.0564483158276308,0.057549689942028526,0.19623695733819513
HALLMARK_MYC_TARGETS_V1,PABPC4,0.03260869565217391,8.024473635244611e-05,0.02618360083995259,0.002400317333508604,0.11363636363636363,0.0008033222418308274,0.11610666289680695,0.1061848752053285
HALLMARK_MYC_TARGETS_V1,HDAC2,0.016304347826086956,0.00027853296707440944,0.00527517152132806,0.001987148596673912,0.04545454545454545,0.0027883664113650735,0.023242004244423773,0.07284441367804421
HALLMARK_MYC_TARGETS_V1,PPIA,0.03260869565217391,0.00750543232171338,0.009251008505324844,0.003547236226521571,0.11363636363636363,0.07513615213472569,0.040900659457108635,0.1987349687103789
HALLMARK_MYC_TARGETS_V1,NAP1L1,0.016304347826086956,0.0007014309753911152,0.013572095181401116,0.0017949085843895244,0.04545454545454545,0.007021957193128693,0.06009273902779836,0.057331694146855065
HALLMARK_MYC_TARGETS_V1,BUB3,0.016304347826086956,0.0,0.0016226160464421408,0.0018646668572419765,0.04545454545454545,0.0,0.007019201841852475,0.06296080594767729
HALLMARK_MYC_TARGETS_V1,PRDX3,0.005434782608695652,0.0,0.00022177394983544224,0.0014689124314165827,0.0,0.0,0.0007973703907739785,0.03102558425213268
HALLMARK_MYC_TARGETS_V1,HPRT1,0.016304347826086956,0.0032636654637547224,0.0012820881831841328,0.0024634604375023093,0.04545454545454545,0.032672237159756964,0.005506749457162267,0.11128017899221145
HALLMARK_MYC_TARGETS_V1,PGK1,0.021739130434782608,0.007586782293169672,0.001069982920748906,0.003497628014750933,0.06818181818181818,0.07595053877755936,0.004564685254526253,0.1947318568373766
HALLMARK_MYC_TARGETS_V1,CYC1,0.02717391304347826,0.0016437366346477376,0.00230172491711958,0.003802553932741674,0.0909090909090909,0.01645528739137578,0.010035459663146085,0.21933771379385217
HALLMARK_MYC_TARGETS_V1,SSBP1,0.010869565217391304,0.0,0.00615955335269067,0.0015445924009770675,0.022727272727272724,0.0,0.027169980642665296,0.03713254465007517
HALLMARK_MYC_TARGETS_V1,XPOT,0.016304347826086956,0.0,0.0066405333587808354,0.0017178840111758205,0.04545454545454545,0.0,0.029306250345353935,0.05111623157444255
HALLMARK_MYC_TARGETS_V1,CNBP,0.005434782608695652,0.0,0.00521862621048988,0.0010844306075965477,0.0,0.0,0.02299085859836116,0.0
HALLMARK_MYC_TARGETS_V1,USP1,0.010869565217391304,0.0,0.0003977319815754644,0.0015607765025827955,0.022727272727272724,0.0,0.0015788868933133146,0.038438513298800214
HALLMARK_MYC_TARGETS_V1,DEK,0.005434782608695652,0.0,0.0022397367244787274,0.0011240707307340098,0.0,0.0,0.009760139491441782,0.003198741537238197
HALLMARK_MYC_TARGETS_V2,MCM5,0.05128205128205128,0.0,1.1882010456676605e-05,0.01924326019392694,0.045454545454545456,0.0,4.494182221321148e-05,0.3371235383797646
HALLMARK_MYC_TARGETS_V2,MCM4,0.05128205128205128,0.0,1.1882010456676605e-05,0.01924326019392694,0.045454545454545456,0.0,4.494182221321148e-05,0.3371235383797646
HALLMARK_MYC_TARGETS_V2,PLK1,0.1282051282051282,0.14035087719298245,0.00018115918289139362,0.04301616577597104,0.18181818181818182,0.4257309941520468,0.0006852437353912367,0.9192269634655039
HALLMARK_MYC_TARGETS_V2,EXOSC5,0.2564102564102564,0.048582995951417005,0.1258496567371162,0.02345391894504731,0.40909090909090906,0.1473684210526316,0.4760345082158714,0.44022573901045664
HALLMARK_MYC_TARGETS_V2,IMP4,0.5384615384615384,0.04816149197142163,0.2505757097761663,0.04060058320745593,0.9090909090909091,0.14608985897997895,0.9478189150285922,0.8600790026974223
HALLMARK_MYC_TARGETS_V2,WDR43,0.5384615384615384,0.030491010082955516,0.2537208492502678,0.04023714838563994,0.9090909090909091,0.09248939725163173,0.9597156096242889,0.8511799367483991
HALLMARK_MYC_TARGETS_V2,MPHOSPH10,0.358974358974359,0.0032206247793292323,0.18858469433802344,0.027230847481056076,0.5909090909090908,0.00976922849729867,0.713333867730208,0.5327076205174175
HALLMARK_MYC_TARGETS_V2,UTP20,0.3333333333333333,0.0035819418090886237,0.17161283697142612,0.025804486898179477,0.5454545454545454,0.010865223487568826,0.6491367135261595,0.49778175174490674
HALLMARK_MYC_TARGETS_V2,RRP9,0.4615384615384615,0.016734603480821245,0.2240055105293869,0.03468659306675558,0.7727272727272726,0.05076163055849111,0.8473154084627832,0.7152690254338455
HALLMARK_MYC_TARGETS_V2,RCL1,0.3846153846153846,0.0033412007096217627,0.2048606143829489,0.028787073358582292,0.6363636363636362,0.01013497548585268,0.7748985937567929,0.5708133712170415
HALLMARK_MYC_TARGETS_V2,BYSL,0.5641025641025641,0.032794080066613614,0.26437086849230107,0.04191111354609931,0.9545454545454545,0.0994753762020613,1.0,0.8921686518221504
HALLMARK_MYC_TARGETS_V2,NOC4L,0.48717948717948717,0.015186310796794486,0.24503615558050973,0.03598050366326331,0.8181818181818181,0.04606514275027661,0.926865191034885,0.7469517235113902
HALLMARK_MYC_TARGETS_V2,SUPV3L1,0.02564102564102564,0.0,0.0076415793768240285,0.005743537207417333,0.0,0.0,0.028904768285455986,0.006569287826086964
HALLMARK_MYC_TARGETS_V2,NOP56,0.5897435897435898,0.20003503394191646,0.2622148242557332,0.04631490907202146,1.0,0.6067729362904799,0.991844622463178,1.0
HALLMARK_MYC_TARGETS_V2,RRP12,0.4358974358974359,0.004661850922238734,0.22491190945865785,0.032290846417120614,0.7272727272727273,0.014140947797457492,0.8507439213577427,0.6566067670246953
HALLMARK_MYC_TARGETS_V2,NOLC1,0.15384615384615385,0.0036051667630614993,0.07519329970412356,0.015296860028835083,0.2272727272727273,0.010935672514619882,0.2844235434511849,0.24049197414245055
HALLMARK_MYC_TARGETS_V2,TFB2M,0.20512820512820512,0.048582995951417005,0.10332019089978745,0.020192415047284747,0.3181818181818182,0.1473684210526316,0.39081533854853817,0.36036454647486454
HALLMARK_MYC_TARGETS_V2,PES1,0.5128205128205128,0.01988811355953908,0.25002590586854756,0.037810320363325406,0.8636363636363635,0.06032727779726855,0.9457392459931422,0.7917566197706739
HALLMARK_MYC_TARGETS_V2,PA2G4,0.3076923076923077,0.04588766585357251,0.15944011175914727,0.02532348698121029,0.5,0.1391925864225033,0.6030925887932843,0.48600398658416843
HALLMARK_MYC_TARGETS_V2,NIP7,0.4615384615384615,0.024295220251964327,0.22880138044947007,0.03486451246579492,0.7727272727272726,0.07369550143095846,0.8654560983208116,0.7196255602803145
HALLMARK_MYC_TARGETS_V2,DDX18,0.4615384615384615,0.05157613416722728,0.22901763597275726,0.03653563238226672,0.7727272727272726,0.15644760697392276,0.8662740989011882,0.7605446067027244
HALLMARK_MYC_TARGETS_V2,MRTO4,0.4615384615384615,0.024295220251964327,0.22880138044947007,0.03486451246579491,0.7727272727272726,0.07369550143095846,0.8654560983208116,0.7196255602803143
HALLMARK_MYC_TARGETS_V2,WDR74,0.3846153846153846,0.009428828702214597,0.19890148092725551,0.029197089284629805,0.6363636363636362,0.028600780396717613,0.7523577839258917,0.580853022199891
HALLMARK_MYC_TARGETS_V2,GRWD1,0.4358974358974359,0.0044619833134642425,0.22632868242665916,0.03227050371152196,0.7272727272727273,0.013534682717508203,0.8561029572448763,0.6561086554849165
HALLMARK_MYC_TARGETS_V2,MYBBP1A,0.20512820512820512,0.025038903847768114,0.10312413873420315,0.01863093063285694,0.3181818181818182,0.07595134167156328,0.39007375848253883,0.3221300352276167
HALLMARK_MYC_TARGETS_V2,GNL3,0.4358974358974359,0.08814497980809509,0.21356072476225943,0.03414765829147555,0.7272727272727273,0.26737310541788845,0.8078073270526597,0.7020726671887149
HALLMARK_MYC_TARGETS_V2,PPAN,0.358974358974359,0.007402139258094935,0.18604576695184616,0.027417869302738287,0.5909090909090908,0.022453155749554636,0.7037302097803072,0.537287037307312
HALLMARK_MYC_TARGETS_V2,HSPE1,0.02564102564102564,0.0,0.0001671777573661232,0.010628203406560205,0.0,0.0,0.0006323580841009586,0.12617523650192902
HALLMARK_MYC_TARGETS_V2,HSPD1,0.05128205128205128,0.048582995951417005,0.0027527940546333454,0.016183528124170402,0.045454545454545456,0.1473684210526316,0.010412619876475645,0.2622029313255211
HALLMARK_MYC_TARGETS_V2,LAS1L,0.10256410256410256,0.0,0.05377048691477439,0.010319276350221972,0.13636363636363638,0.0,0.2033903609057651,0.11861084783368116
HALLMARK_MYC_TARGETS_V2,NOP16,0.07692307692307693,0.0,0.0430005536302039,0.008685982404160759,0.09090909090909093,0.0,0.1626523878658995,0.07861800821662811
HALLMARK_MYC_TARGETS_V2,CDK4,0.05128205128205128,0.0,0.00017905906590471104,0.01723844235938432,0.045454545454545456,0.0,0.0006772999063141701,0.2880335639072421
HALLMARK_MYC_TARGETS_V2,MYC,0.07692307692307693,0.21592442645074222,0.002764675363171933,0.021790429409284037,0.09090909090909093,0.6549707602339181,0.010457561698688854,0.3994935301090142
HALLMARK_MYC_TARGETS_V2,PUS1,0.02564102564102564,0.0,0.01390595027748928,0.005475249730483429,0.0,0.0,0.0526001586021841,0.0
HALLMARK_MYC_TARGETS_V2,SORD,0.02564102564102564,0.0,7.019180887776813e-10,0.025,0.0,0.0,0.0,0.4780830835593661
HALLMARK_MYC_TARGETS_V2,HK2,0.02564102564102564,0.0,7.019180887776813e-10,0.025,0.0,0.0,0.0,0.4780830835593661
HALLMARK_MYC_TARGETS_V2,PLK4,0.02564102564102564,0.0,1.1104131669729013e-05,0.011063766606910564,0.0,0.0,4.199944511452009e-05,0.13684043810676583
HALLMARK_MYC_TARGETS_V2,PPRC1,0.02564102564102564,0.0,0.0062735810914484715,0.005895397208696881,0.0,0.0,0.023730225807272538,0.010287732194331019
HALLMARK_MYC_TARGETS_V2,NPM1,0.15384615384615385,0.32967032967032966,0.045167261760077376,0.02399506990576403,0.2272727272727273,1.0,0.1708481022726451,0.4534763627776906
HALLMARK_MYC_TARGETS_V2,TCOF1,0.05128205128205128,0.0,0.020487473553815652,0.0076286161241653876,0.045454545454545456,0.0,0.07749519840492362,0.052727334860302545
HALLMARK_MYOGENESIS,PYGM,0.036036036036036036,0.047010647010647014,2.2387950610543303e-05,0.014986873891041296,0.21428571428571427,0.20838181372668982,6.802442006652358e-05,0.608028029938507
HALLMARK_MYOGENESIS,MB,0.02702702702702703,0.07682227682227682,0.00019764937157440177,0.010988842205159641,0.14285714285714288,0.34052637852898093,0.0006005455395068532,0.4134236820373883
HALLMARK_MYOGENESIS,AGL,0.009009009009009009,0.0,2.438340795602595e-06,0.004524128288860443,0.0,0.0,7.408749529190919e-06,0.09875348057517458
HALLMARK_MYOGENESIS,ENO3,0.018018018018018018,0.0,2.7363720126402827e-06,0.007868293352997546,0.07142857142857142,0.0,8.314299172987321e-06,0.26153084521644326
HALLMARK_MYOGENESIS,PFKM,0.018018018018018018,0.0,2.7363720126402827e-06,0.007868293352997546,0.07142857142857142,0.0,8.314299172987321e-06,0.26153084521644326
HALLMARK_MYOGENESIS,ITGB4,0.07207207207207207,0.003788286226353808,0.060263405893715274,0.010932093321820924,0.4999999999999999,0.016792152522058623,0.18310667682208265,0.410661427932388
HALLMARK_MYOGENESIS,LAMA2,0.08108108108108109,0.05651054373885075,0.07375958486182314,0.012135432238517695,0.5714285714285714,0.25049154495397963,0.22411399202435928,0.46923399653277237
HALLMARK_MYOGENESIS,COL6A3,0.07207207207207207,0.0010251838889674524,0.057291533544172914,0.011015521334156382,0.4999999999999999,0.004544282875707626,0.1740768242640664,0.41472228967957236
HALLMARK_MYOGENESIS,COL6A2,0.08108108108108109,0.003010794966680207,0.05975272446467951,0.012341810279708244,0.5714285714285714,0.013345804744485164,0.1815550025016765,0.47927945571930725
HALLMARK_MYOGENESIS,ITGA7,0.0990990990990991,0.10348402124264953,0.07973399301268817,0.015533593930256932,0.7142857142857142,0.4587085992113814,0.24226686616514437,0.6346396491239541
HALLMARK_MYOGENESIS,ITGB1,0.11711711711711711,0.10021920513960948,0.0765575718650318,0.01853492336263521,0.857142857142857,0.444236807302593,0.23261550458162322,0.7807294760472765
HALLMARK_MYOGENESIS,COL4A2,0.08108108108108109,0.005607629287734758,0.057690935495743036,0.01238781282899944,0.5714285714285714,0.024856666223300978,0.17529038269116962,0.48151863159633085
HALLMARK_MYOGENESIS,COL1A1,0.13513513513513514,0.2255986075267845,0.06915753886305809,0.023039707104611513,1.0,1.0,0.21013095643386487,1.0
HALLMARK_MYOGENESIS,ITGB5,0.10810810810810811,0.08940932878788563,0.0794027365311488,0.017264793582865513,0.7857142857142856,0.39632039296727656,0.24126036358516362,0.718905859587527
HALLMARK_MYOGENESIS,GADD45B,0.009009009009009009,0.0,0.00011209186199356766,0.003945119646240441,0.0,0.0,0.00034058427405581076,0.07057021236244915
HALLMARK_MYOGENESIS,CDKN1A,0.02702702702702703,0.0171990171990172,0.0010292073293584462,0.009196922778185212,0.14285714285714288,0.0762372489243987,0.0031271835875344924,0.32620193419353494
HALLMARK_MYOGENESIS,MAPK12,0.04504504504504504,0.06164346164346164,0.0002166051570726719,0.012798871969350244,0.2857142857142857,0.2732439810655433,0.0006581415355788649,0.5015269512500361
HALLMARK_MYOGENESIS,AKT2,0.04504504504504504,0.10861042861042865,0.0016940833950079104,0.013368574280732138,0.2857142857142857,0.48143217638226654,0.005147368890275746,0.5292572334275735
HALLMARK_MYOGENESIS,FOXO4,0.018018018018018018,0.0,0.0002080958658164993,0.00578785206038466,0.07142857142857142,0.0,0.0006322865739994122,0.16026528433427378
HALLMARK_MYOGENESIS,MEF2D,0.02702702702702703,0.005187005187005196,2.79636278316586e-05,0.00799629941804151,0.14285714285714288,0.022992186183548854,8.496577463900848e-05,0.267761545414052
HALLMARK_MYOGENESIS,MEF2C,0.02702702702702703,0.005187005187005196,2.79636278316586e-05,0.00799629941804151,0.14285714285714288,0.022992186183548854,8.496577463900848e-05,0.267761545414052
HALLMARK_MYOGENESIS,MEF2A,0.036036036036036036,0.00524160524160525,3.07101389277043e-05,0.01033204321743043,0.21428571428571427,0.02323420919600726,9.331088079744335e-05,0.38145396574911633
HALLMARK_MYOGENESIS,MYH9,0.0990990990990991,0.057292048549126534,0.13880941008924735,0.018010543000660646,0.7142857142857142,0.25395568340254254,0.42176391155028337,0.7552052415209288
HALLMARK_MYOGENESIS,MYL7,0.06306306306306306,0.0018323248306201473,0.13497955662900105,0.009644306149339203,0.4285714285714285,0.008122057359784909,0.41012713580849963,0.34797833719521026
HALLMARK_MYOGENESIS,TPM2,0.0990990990990991,0.06814781527262058,0.23098237188950765,0.014960364063242755,0.7142857142857142,0.30207551376189073,0.7018258243777916,0.606737663038734
HALLMARK_MYOGENESIS,MYH3,0.08108108108108109,0.025809989447106437,0.22262275986264451,0.011445799657595424,0.5714285714285714,0.114406687745367,0.6764256539914634,0.43566610381804793
HALLMARK_MYOGENESIS,GSN,0.02702702702702703,0.03586973146509886,0.047684347922107545,0.005537962898183364,0.14285714285714288,0.15899801802118912,0.1448859777332244,0.14810191963922475
HALLMARK_MYOGENESIS,MYLK,0.07207207207207207,0.05089061057827137,0.1385398365932754,0.010894555174154812,0.4999999999999999,0.22558033995058818,0.42094482895322954,0.4088342571338733
HALLMARK_MYOGENESIS,SPTAN1,0.009009009009009009,0.0,0.015115855853925778,0.002730990898844766,0.0,0.0,0.04592860446048275,0.011472448332889235
HALLMARK_MYOGENESIS,MYL6B,0.036036036036036036,0.0,0.062329820196014546,0.006233920130776354,0.21428571428571427,0.0,0.18938535042541282,0.18197766502015697
HALLMARK_MYOGENESIS,MYL3,0.09009009009009009,0.017636906354883096,0.2321574367459214,0.012630904179058641,0.6428571428571427,0.07817825893623537,0.7053961871496505,0.49335111252081393
HALLMARK_MYOGENESIS,MYH11,0.09009009009009009,0.024917118421691625,0.16004724850149887,0.013815788441552993,0.6428571428571427,0.11044890167920608,0.4862937859720891,0.5510254001096984
HALLMARK_MYOGENESIS,FLII,0.009009009009009009,0.0,0.015115855853925778,0.002730990898844766,0.0,0.0,0.04592860446048275,0.011472448332889235
HALLMARK_MYOGENESIS,MYO1C,0.009009009009009009,0.0,0.015115855853925778,0.002730990898844766,0.0,0.0,0.04592860446048275,0.011472448332889235
HALLMARK_MYOGENESIS,SGCG,0.06306306306306306,0.007190458955265138,0.06126325320613998,0.009658266278249372,0.4285714285714285,0.031872798480865806,0.18614465179200831,0.34865784701319713
HALLMARK_MYOGENESIS,TCAP,0.09009009009009009,0.03616634426994353,0.13312615437642536,0.014365478610643323,0.6428571428571427,0.16031279920754665,0.4044956863036005,0.5777815904823842
HALLMARK_MYOGENESIS,DMD,0.10810810810810811,0.16998183319290497,0.14141419052819035,0.015892313791512166,0.7857142857142856,0.7534702233156454,0.42967837776660056,0.6521003523308023
HALLMARK_MYOGENESIS,DTNA,0.05405405405405406,0.008015004378640743,0.04282776852333721,0.008832528717657667,0.35714285714285715,0.035527720966492,0.13012955795834796,0.3084650391162849
HALLMARK_MYOGENESIS,SGCA,0.06306306306306306,0.007190458955265138,0.06126325320613999,0.009658266278249374,0.4285714285714285,0.031872798480865806,0.18614465179200837,0.34865784701319724
HALLMARK_MYOGENESIS,SSPN,0.04504504504504504,0.0,0.04094610677573584,0.007234092747353529,0.2857142857142857,0.0,0.12441224370441778,0.23066110605562615
HALLMARK_MYOGENESIS,SGCD,0.07207207207207207,0.013380227242012014,0.06923347452972993,0.011033491611342837,0.4999999999999999,0.05930988399573091,0.21036168231751426,0.41559699362096986
HALLMARK_MYOGENESIS,TSC2,0.009009009009009009,0.0,0.0001845047724598741,0.0036119820001721996,0.0,0.0,0.0005606064782087818,0.05435472447540721
HALLMARK_MYOGENESIS,TGFB1,0.09009009009009009,0.09892464202064216,0.036941764507525135,0.01704664963742132,0.6428571428571427,0.43849846018618355,0.11224529438058727,0.708287694553554
HALLMARK_MYOGENESIS,SPARC,0.036036036036036036,0.0019401114855660307,0.016931298013226338,0.007164284746389984,0.21428571428571427,0.008599838034619466,0.051444714541258964,0.22726319889201757
HALLMARK_MYOGENESIS,IGF1,0.06306306306306306,0.14238699414578943,0.01391646694591299,0.01414365975749906,0.4285714285714285,0.6311519193614009,0.04228433454399614,0.5669845491730945
HALLMARK_MYOGENESIS,COL3A1,0.07207207207207207,0.0028982367231604822,0.04349628354171785,0.01165562349137118,0.4999999999999999,0.01284687328052938,0.1321607999966294,0.4458792870927672
HALLMARK_MYOGENESIS,FST,0.018018018018018018,0.0,0.005867279644967543,0.004310665482718776,0.07142857142857142,0.0,0.017827370720975066,0.08836317017892735
HALLMARK_MYOGENESIS,CLU,0.036036036036036036,0.0179006279006279,0.006748793765192998,0.009602490101388642,0.21428571428571427,0.07934724463448926,0.02050579751634904,0.3459429394338676
HALLMARK_MYOGENESIS,FGF2,0.036036036036036036,0.015788342412322156,0.005880740498146909,0.008744589437095517,0.21428571428571427,0.06998421925298304,0.01786827070092659,0.30418459121260183
HALLMARK_MYOGENESIS,APP,0.08108108108108109,0.10666129440126065,0.021242766711853336,0.01861285640530549,0.5714285714285714,0.4727923437585808,0.06454484875903556,0.7845228699321616
HALLMARK_MYOGENESIS,TNNI1,0.0990990990990991,0.008223861811055543,0.2766555932948967,0.013292793918515174,0.7142857142857142,0.036453513171969175,0.8406011170661886,0.5255686213475294
HALLMARK_MYOGENESIS,COL15A1,0.036036036036036036,0.00030401059109193073,0.025059637945117348,0.006218852886103197,0.21428571428571427,0.0013475729944646784,0.0761421787973244,0.18124426629932128
HALLMARK_MYOGENESIS,RB1,0.018018018018018018,0.025541905541905545,0.007643920837667235,0.005250706092246791,0.07142857142857142,0.11321836522804356,0.023225586435403983,0.13411968343112987
HALLMARK_MYOGENESIS,IGFBP3,0.02702702702702703,0.005171400592453224,0.009323126082830733,0.006436531622366158,0.14285714285714288,0.02292301645451975,0.02832774897640574,0.19183978725829326
HALLMARK_MYOGENESIS,CD36,0.02702702702702703,0.10434070434070435,0.01606243655965073,0.006536418022312137,0.14285714285714288,0.46250597680801886,0.04880473210044532,0.19670176166292855
HALLMARK_MYOGENESIS,TAGLN,0.036036036036036036,0.07555799621721067,0.05263567710669339,0.00664345663632933,0.21428571428571427,0.33492226324242685,0.15993028894325934,0.20191187036582192
HALLMARK_MYOGENESIS,HDAC5,0.02702702702702703,5.46000546000546e-05,9.43609080473669e-06,0.00806628360052698,0.14285714285714288,0.0002420230124584086,2.867098538197517e-05,0.27116802822009667
HALLMARK_MYOGENESIS,CACNG1,0.02702702702702703,0.03144963144963145,0.004472908999500924,0.00863759155222243,0.14285714285714288,0.13940525517604335,0.013590660708269302,0.29897646500238284
HALLMARK_MYOGENESIS,CAMK2B,0.018018018018018018,0.015888615888615888,0.0004929331590294667,0.007710511974570726,0.07142857142857142,0.0704286966253969,0.0014977472863794735,0.25385083048116236
HALLMARK_MYOGENESIS,CACNA1H,0.018018018018018018,0.0,0.0044245013661000174,0.005479173402412731,0.07142857142857142,0.0,0.01344357707180019,0.14524033864468677
HALLMARK_MYOGENESIS,RYR1,0.06306306306306306,0.09817829971586926,0.03615714257552916,0.013938669651811555,0.4285714285714285,0.43519018486943856,0.10986126857920972,0.5570066478011845
HALLMARK_MYOGENESIS,HBEGF,0.018018018018018018,0.0,0.0008858072130514674,0.005218515613739978,0.07142857142857142,0.0,0.0026914710956255448,0.1325528106370585
HALLMARK_MYOGENESIS,ERBB3,0.02702702702702703,0.0022884165467897525,0.0022525907684391713,0.007132866248286624,0.14285714285714288,0.010143752977367367,0.006844359420648229,0.22573390227412732
HALLMARK_MYOGENESIS,TNNC1,0.07207207207207207,0.0002709825939021924,0.23328728259285333,0.009706409587993969,0.4999999999999999,0.0012011713940655402,0.7088291547239991,0.3510012244886017
HALLMARK_MYOGENESIS,TPM3,0.08108108108108109,0.01683780331811225,0.23350059046802724,0.011021861774608897,0.5714285714285714,0.07463611368307385,0.7094772776699866,0.41503091086534855
HALLMARK_MYOGENESIS,TNNT1,0.06306306306306306,0.00020600918777210572,0.20567524937664733,0.008719988502352003,0.4285714285714285,0.0009131669296657649,0.6249316788422432,0.3029871397565702
HALLMARK_MYOGENESIS,ACTA1,0.0990990990990991,0.022910810253107435,0.2778335116445643,0.013576731795914532,0.7142857142857142,0.10155563682008682,0.844180150002956,0.5393893085799129
HALLMARK_MYOGENESIS,TNNI2,0.0990990990990991,0.013492917652443152,0.2800904494862824,0.013547859304389029,0.7142857142857142,0.059809401309541266,0.8510377177401638,0.5379839389312824
HALLMARK_MYOGENESIS,TNNC2,0.10810810810810811,0.014354822481954879,0.3072587033951175,0.014588537671137268,0.7857142857142856,0.06362992502181372,0.9335867973105927,0.5886389989326846
HALLMARK_MYOGENESIS,TNNT3,0.12612612612612611,0.05180208771825375,0.3291163759815858,0.017085025878596952,0.9285714285714283,0.2296206004378971,1.0,0.7101556595862606
HALLMARK_MYOGENESIS,MAPRE3,0.009009009009009009,0.0,3.601538055821959e-72,0.008928571428571428,0.0,0.0,0.0,0.31313992180769273
HALLMARK_MYOGENESIS,PDE4DIP,0.009009009009009009,0.0,3.601538055821959e-72,0.008928571428571428,0.0,0.0,0.0,0.31313992180769273
HALLMARK_MYOGENESIS,SORBS3,0.018018018018018018,0.0,0.009704327277996317,0.004455999704805666,0.07142857142857142,0.0,0.02948600551720732,0.0954373190949579
HALLMARK_MYOGENESIS,SORBS1,0.018018018018018018,0.0,0.009704327277996317,0.004455999704805666,0.07142857142857142,0.0,0.02948600551720732,0.0954373190949579
HALLMARK_MYOGENESIS,HRC,0.009009009009009009,0.0,0.012541053533362153,0.0028308023263900655,0.0,0.0,0.03810522492525207,0.01633077345300379
HALLMARK_MYOGENESIS,ATP2A1,0.07207207207207207,0.045438261475649194,0.1151651199808272,0.014037886689636608,0.4999999999999999,0.2014119766685815,0.34992218067955005,0.5618360409785342
HALLMARK_MYOGENESIS,SLC6A8,0.009009009009009009,0.0,3.601538055821959e-72,0.008928571428571428,0.0,0.0,0.0,0.31313992180769273
HALLMARK_MYOGENESIS,CKB,0.009009009009009009,0.0,3.601538055821959e-72,0.008928571428571428,0.0,0.0,0.0,0.31313992180769273
HALLMARK_MYOGENESIS,CHRNA1,0.009009009009009009,0.0,3.601538055821959e-72,0.008928571428571428,0.0,0.0,0.0,0.31313992180769273
HALLMARK_MYOGENESIS,CHRNB1,0.009009009009009009,0.0,3.601538055821959e-72,0.008928571428571428,0.0,0.0,0.0,0.31313992180769273
HALLMARK_MYOGENESIS,CASQ2,0.036036036036036036,0.0067204039931312645,0.018056665803292384,0.007928045850949151,0.21428571428571427,0.029789208660489515,0.054864075813421884,0.2644393003796171
HALLMARK_MYOGENESIS,FKBP1B,0.018018018018018018,0.0,0.005903724936064081,0.004716558007087777,0.07142857142857142,0.0,0.01793810751123,0.10812000459864995
HALLMARK_MYOGENESIS,LDB3,0.05405405405405406,0.0324615936063276,0.08116090896537376,0.009704151165138829,0.35714285714285715,0.14389093072072068,0.24660246310537506,0.35089129566823707
HALLMARK_MYOGENESIS,CASQ1,0.04504504504504504,0.0041364406352487745,0.04259282077562663,0.008923035755296602,0.2857142857142857,0.01833539967553953,0.1294156835818152,0.3128704726956096
HALLMARK_MYOGENESIS,GNAO1,0.009009009009009009,0.0,3.601538055821959e-72,0.008928571428571428,0.0,0.0,0.0,0.31313992180769273
HALLMARK_MYOGENESIS,APLNR,0.009009009009009009,0.0,3.601538055821959e-72,0.008928571428571428,0.0,0.0,0.0,0.31313992180769273
HALLMARK_MYOGENESIS,HSPB8,0.009009009009009009,0.0,0.0012289689268901321,0.0034331291568689675,0.0,0.0,0.0037341469965593375,0.04564905536723177
HALLMARK_MYOGENESIS,CRYAB,0.02702702702702703,0.033732766628484415,0.011285439405542831,0.007390061847186432,0.14285714285714288,0.14952559769004534,0.03429011811364335,0.23825290805981994
HALLMARK_MYOGENESIS,NOTCH1,0.009009009009009009,0.0,0.0023134546446286096,0.0030971633653668045,0.0,0.0,0.0070292905897762084,0.029295907391131158
HALLMARK_MYOGENESIS,BIN1,0.018018018018018018,0.0,0.0030484570426438876,0.0051376920554469544,0.07142857142857142,0.0,0.009262550468817906,0.1286187207917467
HALLMARK_MYOGENESIS,PRNP,0.018018018018018018,0.0025551525551525556,0.0029193386529603248,0.0051778791362453325,0.07142857142857142,0.011326100737785767,0.008870232130666338,0.13057482851356264
HALLMARK_MYOGENESIS,ACHE,0.018018018018018018,0.0015521306430397342,0.007558927198499413,0.004453096284804106,0.07142857142857142,0.0068800541814313075,0.022967338455751406,0.09529599501338998
HALLMARK_MYOGENESIS,ADCY9,0.009009009009009009,0.0,5.3679095721987925e-05,0.004616346648402222,0.0,0.0,0.00016310065265482657,0.10324221281471942
HALLMARK_MYOGENESIS,IGFBP7,0.018018018018018018,0.0,0.0025310199138722086,0.004880439620503345,0.07142857142857142,0.0,0.007690349367525305,0.11609694850941016
HALLMARK_MYOGENESIS,AGRN,0.06306306306306306,0.03678617462378712,0.04816583043822145,0.011166549004837075,0.4285714285714285,0.1630602911386305,0.14634893294071868,0.4220735674274774
HALLMARK_MYOGENESIS,MYOM1,0.009009009009009009,0.0,0.014497008550392687,0.0025603365153309093,0.0,0.0,0.04404827473915732,0.003165839574019941
HALLMARK_MYOGENESIS,MYOZ1,0.08108108108108109,0.01708475180440906,0.1844838183488191,0.012236703977083378,0.5714285714285714,0.07573075025465593,0.5605428104225998,0.47416340234863485
HALLMARK_MYOGENESIS,DES,0.018018018018018018,0.0002028307910660852,0.019160898617231737,0.0038115983916572277,0.07142857142857142,0.000899078204824486,0.05821921975193297,0.06407106009938361
HALLMARK_MYOGENESIS,APOD,0.009009009009009009,0.0,0.0007350023980152781,0.0033798144043658655,0.0,0.0,0.0022332598790416975,0.04305395771430066
HALLMARK_MYOGENESIS,NQO1,0.009009009009009009,0.0,4.5950227652014384e-64,0.006888721622191483,0.0,0.0,1.3961695814987801e-63,0.2138501530976047
HALLMARK_MYOGENESIS,GPX3,0.018018018018018018,0.0001638001638001638,6.498343513960995e-64,0.013008271041331324,0.07142857142857142,0.0007260690373752258,1.974481962061104e-63,0.511719459227869
HALLMARK_MYOGENESIS,DMPK,0.009009009009009009,0.0,0.012541053533362153,0.0028308023263900655,0.0,0.0,0.03810522492525207,0.01633077345300379
HALLMARK_MYOGENESIS,PDLIM7,0.009009009009009009,0.0,0.025153147209366202,0.0024952962062840577,0.0,0.0,0.07642630098349629,0.0
HALLMARK_MYOGENESIS,SLN,0.02702702702702703,0.00019919269919269918,0.03726885964073551,0.005503389537873393,0.14285714285714288,0.0008829518115223727,0.11323915295792124,0.1464190599806504
HALLMARK_MYOGENESIS,CKMT2,0.009009009009009009,0.0,2.152631742432562e-05,0.004452896721504236,0.0,0.0,6.540640027444283e-05,0.09528628126200245
HALLMARK_MYOGENESIS,FABP3,0.018018018018018018,0.09041769041769042,0.0017708739791760793,0.006304904867673175,0.07142857142857142,0.40079010863112463,0.005380692388503818,0.1854328498511126
HALLMARK_MYOGENESIS,TEAD4,0.009009009009009009,0.0,3.601538055821959e-72,0.008928571428571428,0.0,0.0,0.0,0.31313992180769273
HALLMARK_MYOGENESIS,WWTR1,0.009009009009009009,0.0,3.601538055821959e-72,0.008928571428571428,0.0,0.0,0.0,0.31313992180769273
HALLMARK_MYOGENESIS,ADAM12,0.009009009009009009,0.0,0.008683527378434414,0.002539605033495025,0.0,0.0,0.026384367391430748,0.002156733888854138
HALLMARK_MYOGENESIS,NCAM1,0.018018018018018018,0.0026851526851526856,0.005563406697919602,0.004895812611652879,0.07142857142857142,0.011902346005543882,0.01690407133746173,0.11684522945188221
HALLMARK_MYOGENESIS,SOD3,0.009009009009009009,0.0,4.5950227652014384e-64,0.006888721622191483,0.0,0.0,1.3961695814987801e-63,0.2138501530976047
HALLMARK_MYOGENESIS,SMTN,0.018018018018018018,0.0,0.02316052454794319,0.003925331426549723,0.07142857142857142,0.0,0.07037183877243176,0.06960701999890814
HALLMARK_NOTCH_SIGNALING,RBX1,0.1111111111111111,0.0,0.03013644720897062,0.02623232639845439,0.13333333333333333,0.0,0.07301819505773222,0.15597690483253354
HALLMARK_NOTCH_SIGNALING,SKP1,0.18518518518518517,0.05128205128205129,0.09517852130705935,0.03953265389229703,0.26666666666666666,0.14865794907088783,0.23061609287272453,0.2930764411076151
HALLMARK_NOTCH_SIGNALING,FBXW11,0.1111111111111111,0.0,0.03013644720897062,0.02623232639845439,0.13333333333333333,0.0,0.07301819505773222,0.15597690483253354
HALLMARK_NOTCH_SIGNALING,CUL1,0.18518518518518517,0.05128205128205129,0.09517852130705935,0.03953265389229703,0.26666666666666666,0.14865794907088783,0.23061609287272453,0.2930764411076151
HALLMARK_NOTCH_SIGNALING,LFNG,0.18518518518518517,0.0,0.2429731111947016,0.03231149011890667,0.26666666666666666,0.0,0.5887245480181575,0.2186408149806221
HALLMARK_NOTCH_SIGNALING,DLL1,0.2222222222222222,0.0033577533577533575,0.2732239834427931,0.03793470251458,0.3333333333333333,0.009733556189165273,0.6620228543756604,0.27660478708431724
HALLMARK_NOTCH_SIGNALING,NOTCH3,0.4444444444444444,0.05554198887532222,0.39585685342852545,0.07406099349382629,0.7333333333333333,0.16100678399370763,0.9591640938082234,0.6489939438841228
HALLMARK_NOTCH_SIGNALING,NOTCH1,0.5925925925925926,0.3449667616334283,0.41271020028919314,0.10811286285461123,1.0,1.0,1.0,1.0
HALLMARK_NOTCH_SIGNALING,NOTCH2,0.4074074074074074,0.04319630986297653,0.37843407653479677,0.06787148155754509,0.6666666666666666,0.12521875921738276,0.9169484503093649,0.5851925663145792
HALLMARK_NOTCH_SIGNALING,JAG1,0.2962962962962963,0.02828652828652829,0.3175008290798553,0.050321678989978774,0.4666666666666666,0.08199783698751352,0.7693062996076901,0.40428951751021974
HALLMARK_NOTCH_SIGNALING,KAT2A,0.07407407407407407,0.0026455026455026454,0.09079321326009986,0.016604990667194335,0.06666666666666667,0.0076688624520696086,0.21999042727002976,0.05673850149762891
HALLMARK_NOTCH_SIGNALING,MAML2,0.25925925925925924,0.01405508072174739,0.2515831062066059,0.04533077043938119,0.39999999999999997,0.04074328974535444,0.6095866919901863,0.35284332205412733
HALLMARK_NOTCH_SIGNALING,DTX4,0.037037037037037035,0.0,0.056407765709533764,0.01110066386980673,0.0,0.0,0.13667398442067524,0.0
HALLMARK_NOTCH_SIGNALING,CCND1,0.18518518518518517,0.06410256410256411,0.12821521349839182,0.04026118565657637,0.26666666666666666,0.1858224363386098,0.31066448173964667,0.30058613341335755
HALLMARK_NOTCH_SIGNALING,TCF7L2,0.037037037037037035,0.0,0.0175240407491764,0.012201827882972107,0.0,0.0,0.042458149548509946,0.011350778816361614
HALLMARK_NOTCH_SIGNALING,HES1,0.18518518518518517,0.0026455026455026454,0.24001530738899898,0.03244189792084756,0.26666666666666666,0.0076688624520696086,0.5815577460919931,0.21998505625445736
HALLMARK_NOTCH_SIGNALING,DTX2,0.1111111111111111,0.0,0.16223500117457929,0.02159099058714456,0.13333333333333333,0.0,0.3930949253597875,0.10813409887741005
HALLMARK_NOTCH_SIGNALING,PSENEN,0.1111111111111111,0.0,0.13043754784223255,0.021744534811717686,0.13333333333333333,0.0,0.3160492303917757,0.10971682997906435
HALLMARK_NOTCH_SIGNALING,APH1A,0.14814814814814814,0.00835707502374169,0.1800627184401452,0.027751755851854007,0.19999999999999998,0.024225739848589122,0.4362917453083044,0.1716391562741034
HALLMARK_NOTCH_SIGNALING,DTX1,0.1111111111111111,0.0,0.16223500117457929,0.02159099058714456,0.13333333333333333,0.0,0.3930949253597875,0.10813409887741005
HALLMARK_NOTCH_SIGNALING,HEYL,0.1111111111111111,0.0026455026455026454,0.14489747164608086,0.021850843458888866,0.13333333333333333,0.0076688624520696086,0.35108583747498096,0.11081265759954569
HALLMARK_NOTCH_SIGNALING,WNT5A,0.18518518518518517,0.011396011396011397,4.778276433019179e-06,0.04918648850059973,0.26666666666666666,0.03303509979353063,8.72007906175184e-06,0.3925879943898454
HALLMARK_NOTCH_SIGNALING,FZD1,0.14814814814814814,0.0,4.544791229761276e-06,0.037845094464058204,0.19999999999999998,0.0,8.154340995821483e-06,0.27568110891332936
HALLMARK_NOTCH_SIGNALING,FZD7,0.14814814814814814,0.0,4.544791229761276e-06,0.037845094464058204,0.19999999999999998,0.0,8.154340995821483e-06,0.27568110891332936
HALLMARK_NOTCH_SIGNALING,WNT2,0.14814814814814814,0.0,4.544791229761276e-06,0.037845094464058204,0.19999999999999998,0.0,8.154340995821483e-06,0.27568110891332936
HALLMARK_NOTCH_SIGNALING,PRKCA,0.037037037037037035,0.0,1.1794211415515794e-06,0.013718847928881756,0.0,0.0,0.0,0.026988194128916964
HALLMARK_NOTCH_SIGNALING,FZD5,0.14814814814814814,0.0,4.544791229761276e-06,0.037845094464058204,0.19999999999999998,0.0,8.154340995821483e-06,0.27568110891332936
HALLMARK_NOTCH_SIGNALING,ARRB1,0.037037037037037035,0.0,0.056407765709533764,0.01110066386980673,0.0,0.0,0.13667398442067524,0.0
HALLMARK_OXIDATIVE_PHOSPHORYLATION,PDK4,0.031746031746031744,0.000549920338402152,0.003857646523712371,0.0019232174457078418,0.06172839506172839,0.0073228863078280615,0.024850415043837056,0.08371127562718855
HALLMARK_OXIDATIVE_PHOSPHORYLATION,DLAT,0.14814814814814814,0.013451615407743412,0.023377869297778145,0.006049257860479746,0.3333333333333333,0.17912530853786612,0.15203536882844218,0.4494535739292365
HALLMARK_OXIDATIVE_PHOSPHORYLATION,VDAC1,0.18518518518518517,0.0356288461336321,0.041897706860339196,0.00786752216389937,0.41975308641975306,0.47444324440477226,0.27270226447586915,0.6106289620501085
HALLMARK_OXIDATIVE_PHOSPHORYLATION,PDHA1,0.14814814814814814,0.007338087706462689,0.030888576057597122,0.005622510300116502,0.3333333333333333,0.09771593854381212,0.2009717412865693,0.4116256280459984
HALLMARK_OXIDATIVE_PHOSPHORYLATION,HSPA9,0.13756613756613756,0.016912777422068464,0.02138556885395506,0.006402354646644186,0.30864197530864196,0.2252150676428302,0.13905443911234602,0.4807529353296963
HALLMARK_OXIDATIVE_PHOSPHORYLATION,CYCS,0.25925925925925924,0.07509611856383663,0.07335097957547958,0.010916859191470915,0.5925925925925926,1.0,0.4776375811959503,0.8809296427629528
HALLMARK_OXIDATIVE_PHOSPHORYLATION,PDHX,0.08994708994708994,0.0012546748090568555,0.014018607880146939,0.0037911078426971015,0.19753086419753085,0.01670758533266003,0.09105464926201641,0.24928564187074928
HALLMARK_OXIDATIVE_PHOSPHORYLATION,COX15,0.14285714285714285,0.002998412526533043,0.05359289475514606,0.004767821901428197,0.32098765432098764,0.039927663158571845,0.34890282576656745,0.33586396120695977
HALLMARK_OXIDATIVE_PHOSPHORYLATION,NDUFS3,0.3968253968253968,0.012995712042716472,0.14806463609540702,0.010678773958253621,0.9135802469135802,0.17305437739327717,0.9644380169056609,0.8598251862780093
HALLMARK_OXIDATIVE_PHOSPHORYLATION,COX5B,0.3862433862433862,0.010906387431957282,0.14968429935054023,0.010208746780293704,0.8888888888888888,0.14523237206575645,0.9749910110305242,0.8181608294006448
HALLMARK_OXIDATIVE_PHOSPHORYLATION,UQCRFS1,0.4074074074074074,0.029840675309564232,0.14810584528271858,0.011198094221002413,0.9382716049382716,0.39736641360761804,0.9647065173548814,0.9058590025665166
HALLMARK_OXIDATIVE_PHOSPHORYLATION,COX6C,0.24338624338624337,0.0013001046860698611,0.10538909075118716,0.006427335012459097,0.5555555555555556,0.01731254172563775,0.686383441137778,0.4829672559584672
HALLMARK_OXIDATIVE_PHOSPHORYLATION,NDUFS4,0.3333333333333333,0.00290287346456261,0.13632626512356205,0.008662628749602988,0.7654320987654321,0.03865543945650103,0.8879560941919431,0.6811091514852893
HALLMARK_OXIDATIVE_PHOSPHORYLATION,SURF1,0.08465608465608465,0.004705205596147107,0.02751209218931533,0.0034063246496617208,0.18518518518518517,0.06265577617233803,0.17897209764969296,0.21517751998592266
HALLMARK_OXIDATIVE_PHOSPHORYLATION,COX6A1,0.25396825396825395,0.0014884407630897844,0.10637584147574823,0.006735973101054676,0.5802469135802469,0.019820475299592376,0.692812663117097,0.5103256898367108
HALLMARK_OXIDATIVE_PHOSPHORYLATION,CYC1,0.43386243386243384,0.03154409866813791,0.14919888539492301,0.012260124951111475,1.0,0.4200496546479078,0.9718282729703008,1.0
HALLMARK_OXIDATIVE_PHOSPHORYLATION,UQCRC2,0.41798941798941797,0.0350132257616789,0.14791729466206432,0.011550778356070485,0.9629629629629629,0.46624547887805096,0.9634780066841,0.9371217855660858
HALLMARK_OXIDATIVE_PHOSPHORYLATION,COX4I1,0.31216931216931215,0.0311335454116834,0.1230752624064538,0.009362904813908342,0.7160493827160493,0.41458261767840693,0.8016185463226541,0.7431833319242397
HALLMARK_OXIDATIVE_PHOSPHORYLATION,LRPPRC,0.037037037037037035,0.01061934971721619,0.008006410965018172,0.002605553812436856,0.07407407407407407,0.14141010108517185,0.05188189003456984,0.14419523746359603
HALLMARK_OXIDATIVE_PHOSPHORYLATION,NDUFS8,0.38095238095238093,0.022966351460981162,0.14098730036367255,0.01044100634913569,0.8765432098765432,0.3058260786335882,0.9183252943011483,0.8387488847688825
HALLMARK_OXIDATIVE_PHOSPHORYLATION,COX7A2,0.25396825396825395,0.0013145574281614536,0.10346367268856037,0.006694695295831072,0.5802469135802469,0.017504998304859038,0.6738382868049811,0.5066667243798298
HALLMARK_OXIDATIVE_PHOSPHORYLATION,COX10,0.15343915343915343,0.005886213146946103,0.05543173675817646,0.0052083090749253935,0.345679012345679,0.07838238859099536,0.36088388960377593,0.3749098199510128
HALLMARK_OXIDATIVE_PHOSPHORYLATION,NDUFS7,0.30687830687830686,0.0016912178604117077,0.12915425125887328,0.007959889390519951,0.7037037037037037,0.02252070936228297,0.841226491641767,0.618816618581792
HALLMARK_OXIDATIVE_PHOSPHORYLATION,COX7C,0.25925925925925924,0.001513887136761399,0.11108519094367382,0.006843452914341542,0.5925925925925926,0.02015932601728937,0.7234966569099053,0.5198529629559651
HALLMARK_OXIDATIVE_PHOSPHORYLATION,COX6B1,0.26455026455026454,0.00815643956904916,0.10760991155578166,0.007335348472604809,0.6049382716049383,0.10861333082236002,0.7008533062958492,0.563455786466777
HALLMARK_OXIDATIVE_PHOSPHORYLATION,UQCR10,0.3492063492063492,0.0076322239388755654,0.14044653099948884,0.009095955742887588,0.8024691358024691,0.10163273528428335,0.9148018854042369,0.7195203143698843
HALLMARK_OXIDATIVE_PHOSPHORYLATION,UQCRQ,0.35978835978835977,0.004056046079592339,0.14511891904584057,0.00924855786091454,0.8271604938271605,0.05401139442572432,0.9452450552705413,0.7330473387715645
HALLMARK_OXIDATIVE_PHOSPHORYLATION,COX7B,0.21164021164021163,0.0007750037431041829,0.0932469245926558,0.005709401412725775,0.48148148148148145,0.010320157125635979,0.6072705713927903,0.41932786845885545
HALLMARK_OXIDATIVE_PHOSPHORYLATION,NDUFA4,0.31746031746031744,0.002208534040736813,0.1322013503874574,0.008192593366592917,0.7283950617283951,0.029409429980850662,0.8610800131067458,0.6394440672922421
HALLMARK_OXIDATIVE_PHOSPHORYLATION,COX5A,0.4074074074074074,0.011600012335975468,0.15352265460807393,0.01079116420435992,0.9382716049382716,0.15446886680454325,1.0,0.8697877321538289
HALLMARK_OXIDATIVE_PHOSPHORYLATION,COX17,0.0582010582010582,0.0029384688182166017,0.009357091999028688,0.002995656919766992,0.12345679012345678,0.03912943670608901,0.06068231751312313,0.17877492954292865
HALLMARK_OXIDATIVE_PHOSPHORYLATION,COX11,0.031746031746031744,0.0003068103332001184,0.006915225711741296,0.001817603335891736,0.06172839506172839,0.00408556845636848,0.04477221984203259,0.07434938301969628
HALLMARK_OXIDATIVE_PHOSPHORYLATION,UQCRC1,0.3968253968253968,0.021333152642033806,0.14375919142853472,0.01113245304349021,0.9135802469135802,0.2840779663452143,0.9363856843418212,0.9000404082937572
HALLMARK_OXIDATIVE_PHOSPHORYLATION,HCCS,0.021164021164021163,5.2299928171323954e-05,0.0062417589220152905,0.0014086381898548266,0.037037037037037035,0.0006964398316654086,0.040384214463294404,0.038097713767629396
HALLMARK_OXIDATIVE_PHOSPHORYLATION,UQCRB,0.2804232804232804,0.001990404466515574,0.11877052760785423,0.007388752349923701,0.6419753086419753,0.026504758229596106,0.7735708389398128,0.5681896365664814
HALLMARK_OXIDATIVE_PHOSPHORYLATION,HSD17B10,0.037037037037037035,2.7631942525559543e-05,0.0008782140823378577,0.002655915419141706,0.07407407407407407,0.0003679543371082565,0.005437779145848104,0.14865941326673923
HALLMARK_OXIDATIVE_PHOSPHORYLATION,HADHA,0.07936507936507936,0.001759316376977502,0.0020819235255839226,0.0049458820938486905,0.1728395061728395,0.023427527422498776,0.013280606130012506,0.35164765149240174
HALLMARK_OXIDATIVE_PHOSPHORYLATION,ETFB,0.07407407407407407,0.009928770847453238,0.007714447616982076,0.004181172929608811,0.16049382716049382,0.13221416815321993,0.049979588746486996,0.28386196372734546
HALLMARK_OXIDATIVE_PHOSPHORYLATION,HADHB,0.12698412698412698,0.02795480448844851,0.01058100043448363,0.006842313692577978,0.2839506172839506,0.37225365335872973,0.06865675200609091,0.519751979556823
HALLMARK_OXIDATIVE_PHOSPHORYLATION,ACAA2,0.12698412698412698,0.030226915516510702,0.011179319543920534,0.006902091569293311,0.2839506172839506,0.40250969150710286,0.0725551290462997,0.5250508365285599
HALLMARK_OXIDATIVE_PHOSPHORYLATION,ACAA1,0.10582010582010581,0.025658986113225386,0.007246274435919683,0.00689191168742848,0.2345679012345679,0.3416819218347958,0.046929183785139834,0.5241484669404296
HALLMARK_OXIDATIVE_PHOSPHORYLATION,ECHS1,0.08994708994708994,0.007418276870876244,0.006504579548499177,0.004999414461004702,0.19753086419753085,0.09878375890453275,0.04209663494229654,0.3563928912450451
HALLMARK_OXIDATIVE_PHOSPHORYLATION,ECI1,0.0582010582010582,0.0006027000280786094,0.0013404631578460787,0.003907008199195765,0.12345679012345678,0.008025714772012815,0.008449585311482566,0.2595593325035618
HALLMARK_OXIDATIVE_PHOSPHORYLATION,NDUFB4,0.2857142857142857,0.0007344165790568998,0.12474418368624746,0.007305037083428119,0.654320987654321,0.009779687593741579,0.8124924834850263,0.5607689109086704
HALLMARK_OXIDATIVE_PHOSPHORYLATION,NDUFB5,0.3386243386243386,0.0022646268061905163,0.14094937659674467,0.008669617843378238,0.7777777777777778,0.030156376248200296,0.9180782001670348,0.6817286818251417
HALLMARK_OXIDATIVE_PHOSPHORYLATION,NDUFC2,0.2751322751322751,0.0005260716353144419,0.12065521251464578,0.007033388548504773,0.6296296296296297,0.007005310598939231,0.7858505944294527,0.5366893213977322
HALLMARK_OXIDATIVE_PHOSPHORYLATION,NDUFB3,0.2857142857142857,0.0006806891891516526,0.12524102655060876,0.007300479591074747,0.654320987654321,0.009064239299838408,0.8157296871518799,0.5603649236569099
HALLMARK_OXIDATIVE_PHOSPHORYLATION,ATP5ME,0.26455026455026454,0.0015269573895076022,0.10806364373232051,0.006928269992036375,0.6049382716049383,0.020333372998626927,0.7038096201951123,0.5273713558491395
HALLMARK_OXIDATIVE_PHOSPHORYLATION,NDUFAB1,0.2751322751322751,0.040410521147765444,0.10372699900593804,0.00843244538011057,0.6296296296296297,0.5381173077995216,0.6755540021374129,0.6607051354975495
HALLMARK_OXIDATIVE_PHOSPHORYLATION,NDUFS1,0.35978835978835977,0.0241618654643446,0.1317575023592674,0.010138199965469516,0.8271604938271605,0.32174586285448864,0.8581880998531873,0.811907387456811
HALLMARK_OXIDATIVE_PHOSPHORYLATION,NDUFV2,0.37037037037037035,0.018499769910548674,0.14460978049592632,0.010017730769234129,0.8518518518518519,0.2463478840763608,0.9419277384709176,0.8012287037124671
HALLMARK_OXIDATIVE_PHOSPHORYLATION,ATP5PO,0.30687830687830686,0.013693206977520748,0.11541631489371604,0.008588790488692455,0.7037037037037037,0.18234240649708977,0.7517163040828552,0.6745639477225343
HALLMARK_OXIDATIVE_PHOSPHORYLATION,NDUFC1,0.1746031746031746,5.924270188300979e-05,0.08323188993130957,0.004705757335487496,0.3950617283950617,0.0007888916633241118,0.542017129600782,0.3303624065181103
HALLMARK_OXIDATIVE_PHOSPHORYLATION,NDUFA9,0.3333333333333333,0.0049480752974876835,0.13354122198944987,0.008861018553795346,0.7654320987654321,0.0658898940733068,0.8698100112091816,0.6986949082038205
HALLMARK_OXIDATIVE_PHOSPHORYLATION,NDUFA5,0.25925925925925924,0.0012129626487787574,0.1147139739021101,0.006812529147800454,0.5925925925925926,0.016152135050064666,0.7471401674479232,0.5171118047728311
HALLMARK_OXIDATIVE_PHOSPHORYLATION,ATP5MG,0.2698412698412698,0.002044790863805111,0.10981619011686693,0.007098844537047956,0.6172839506172839,0.027228982042086562,0.7152284207643378,0.5424915000680397
HALLMARK_OXIDATIVE_PHOSPHORYLATION,ATP5MF,0.25396825396825395,0.005318981967924623,0.1009674042640557,0.006813512511696967,0.5802469135802469,0.0708289864995238,0.6575737293826958,0.5171989725500274
HALLMARK_OXIDATIVE_PHOSPHORYLATION,NDUFB8,0.37566137566137564,0.008238723091640317,0.14800962063226075,0.009914766467930103,0.8641975308641975,0.10970904021673052,0.9640795609997687,0.7921016966024118
HALLMARK_OXIDATIVE_PHOSPHORYLATION,NDUFA6,0.24338624338624337,0.0006170876115142956,0.10899158596735702,0.006380425986583587,0.5555555555555556,0.008217303681144726,0.7098556726220703,0.47880912535136116
HALLMARK_OXIDATIVE_PHOSPHORYLATION,NDUFS6,0.32275132275132273,0.0027179822686137604,0.13590419788788097,0.008336339947802498,0.7407407407407407,0.03619337884025653,0.8852060947434012,0.6521861152848962
HALLMARK_OXIDATIVE_PHOSPHORYLATION,SDHC,0.2698412698412698,0.017833991579896128,0.10383085256747349,0.0078653424174866,0.6172839506172839,0.23748220175635396,0.6762306650309226,0.6104357440050627
HALLMARK_OXIDATIVE_PHOSPHORYLATION,NDUFB2,0.1693121693121693,6.1332707590162e-05,0.08037387119545727,0.0045997947672056245,0.38271604938271603,0.000816722738313368,0.5233955705621297,0.32096962570126464
HALLMARK_OXIDATIVE_PHOSPHORYLATION,ATP5F1C,0.3915343915343915,0.03277646896415554,0.13469961363129915,0.011122716786602342,0.9012345679012346,0.4364602271193736,0.8773575678707178,0.8991773627069328
HALLMARK_OXIDATIVE_PHOSPHORYLATION,NDUFV1,0.2857142857142857,0.005290039978533802,0.1106019973105753,0.007988082395726548,0.654320987654321,0.07044358722797264,0.7203483854682341,0.6213157154116209
HALLMARK_OXIDATIVE_PHOSPHORYLATION,NDUFA3,0.17989417989417988,0.00012169078808534546,0.0847958925678179,0.004837183960799106,0.4074074074074074,0.0016204670815562897,0.5522074642780885,0.3420123835342001
HALLMARK_OXIDATIVE_PHOSPHORYLATION,NDUFA1,0.2751322751322751,0.0006367452516556124,0.11951383594560874,0.007039280337210789,0.6296296296296297,0.008479070074897907,0.7784139002961935,0.53721158393659
HALLMARK_OXIDATIVE_PHOSPHORYLATION,NDUFB7,0.30687830687830686,0.0011535639683468862,0.13156325771339142,0.00782421997931057,0.7037037037037037,0.0153611663346659,0.856922489486206,0.6067905506626906
HALLMARK_OXIDATIVE_PHOSPHORYLATION,NDUFA7,0.2698412698412698,0.0006070554790896481,0.1178290272183772,0.006923043427976292,0.6172839506172839,0.008083713122584504,0.7674364477031045,0.5269080604473995
HALLMARK_OXIDATIVE_PHOSPHORYLATION,ATP5PD,0.3333333333333333,0.005616728162183941,0.13504764003862124,0.008766066457964017,0.7654320987654321,0.07479385445746245,0.879625150727912,0.6902781225529542
HALLMARK_OXIDATIVE_PHOSPHORYLATION,SDHD,0.24867724867724866,0.005550917296120929,0.10048392824187205,0.007056421146095007,0.5679012345679012,0.07391749936319657,0.6544236180213087,0.5387309870945487
HALLMARK_OXIDATIVE_PHOSPHORYLATION,NDUFB1,0.164021164021164,0.0007021436704530685,0.07752548737126912,0.004580323536505832,0.37037037037037035,0.00934993291106251,0.5048367882555315,0.31924364826260077
HALLMARK_OXIDATIVE_PHOSPHORYLATION,NDUFB6,0.31216931216931215,0.0013920487912057638,0.13389897296831335,0.007958953268467855,0.7160493827160493,0.018536894020992987,0.8721409549816881,0.6187336384370511
HALLMARK_OXIDATIVE_PHOSPHORYLATION,NDUFA8,0.328042328042328,0.0033521444733089737,0.13647279576608887,0.00853059040204501,0.7530864197530864,0.044638052370968156,0.8889108216668037,0.669404949915434
HALLMARK_OXIDATIVE_PHOSPHORYLATION,NDUFA2,0.30687830687830686,0.0019272799686041815,0.12971874388700483,0.007918622334928878,0.7037037037037037,0.02566417553213309,0.8449044706101242,0.6151586059985896
HALLMARK_OXIDATIVE_PHOSPHORYLATION,NDUFS2,0.36507936507936506,0.011809971035234427,0.13727375439038242,0.009983452509641663,0.8395061728395061,0.1572647329994183,0.8941295062480832,0.7981901950734683
HALLMARK_OXIDATIVE_PHOSPHORYLATION,UQCR11,0.23809523809523808,0.0012396454722177089,0.10361896930006659,0.006301900394802831,0.5432098765432098,0.016507450663564308,0.6748501293738869,0.4718484251336417
HALLMARK_OXIDATIVE_PHOSPHORYLATION,ATP5PF,0.24338624338624337,0.0012774107691599687,0.10099971879790508,0.006467096958890661,0.5555555555555556,0.017010343458351788,0.6577842762879116,0.48649185199024086
HALLMARK_OXIDATIVE_PHOSPHORYLATION,UQCRH,0.31746031746031744,0.002195869304030933,0.13279073284877888,0.008159386874761733,0.7283950617283951,0.029240782959565344,0.8649201629847595,0.6365005627648981
HALLMARK_OXIDATIVE_PHOSPHORYLATION,CS,0.2751322751322751,0.04535206218458804,0.05603330212433228,0.009997665101465582,0.6296296296296297,0.603920189910159,0.36480341778634345,0.7994500339203926
HALLMARK_OXIDATIVE_PHOSPHORYLATION,DLD,0.15873015873015872,0.0044087234098755075,0.03332694228704601,0.005802603231478194,0.35802469135802467,0.058707740082835344,0.2168590341618547,0.4275895052752086
HALLMARK_OXIDATIVE_PHOSPHORYLATION,COX7A2L,0.1164021164021164,0.0010574978606354265,0.04926230863649565,0.003652059340559144,0.25925925925925924,0.014081924350543949,0.3206866828600137,0.2369600430798792
HALLMARK_OXIDATIVE_PHOSPHORYLATION,COX8A,0.13227513227513227,0.00018072844748587803,0.057206435304314934,0.0038955921638339666,0.2962962962962963,0.002406628344343083,0.3724470236512064,0.2585473872507298
HALLMARK_OXIDATIVE_PHOSPHORYLATION,IDH3B,0.1164021164021164,0.00434392650494284,0.024213433639359627,0.0045371867269495,0.25925925925925924,0.057844887166175134,0.15747952863123374,0.31541989612191246
HALLMARK_OXIDATIVE_PHOSPHORYLATION,ATP5F1A,0.38095238095238093,0.05629195082645213,0.103624171891191,0.01205614964859703,0.8765432098765432,0.7495986730472664,0.6748840271075028,0.9819191310702146
HALLMARK_OXIDATIVE_PHOSPHORYLATION,ACO2,0.24867724867724866,0.051285908770125996,0.05320537770716688,0.00947201330880313,0.5679012345679012,0.6829368781094806,0.3463779397338394,0.7528549753585183
HALLMARK_OXIDATIVE_PHOSPHORYLATION,PHB2,0.0582010582010582,0.002358422490292837,0.012885005218991424,0.0030635096396138526,0.12345679012345678,0.03140538466429557,0.08366860640082935,0.18478956032889682
HALLMARK_OXIDATIVE_PHOSPHORYLATION,MDH2,0.21693121693121692,0.01397895791866101,0.05368417651400536,0.0075948793371429365,0.49382716049382713,0.1861475424562453,0.3494975764728618,0.5864612360829896
HALLMARK_OXIDATIVE_PHOSPHORYLATION,ATP5PB,0.2751322751322751,0.0030832010232117284,0.11198050835962015,0.0073948836940431065,0.6296296296296297,0.041056729457872115,0.7293301407531826,0.5687331338821847
HALLMARK_OXIDATIVE_PHOSPHORYLATION,ATP5F1D,0.30687830687830686,0.0066289846307454004,0.11865277462319761,0.008317090285931096,0.7037037037037037,0.08827333233088909,0.7728036136839901,0.6504797782482598
HALLMARK_OXIDATIVE_PHOSPHORYLATION,PMPCA,0.164021164021164,0.0036026326690926937,0.06776132410530257,0.005050361679957097,0.37037037037037035,0.047973620181583944,0.4412179111504402,0.36090897714789655
HALLMARK_OXIDATIVE_PHOSPHORYLATION,SDHA,0.3544973544973545,0.05223912871538623,0.1003163668030444,0.0113722792568646,0.8148148148148148,0.6956302098487226,0.6533318633779297,0.9212991895113609
HALLMARK_OXIDATIVE_PHOSPHORYLATION,SDHB,0.37566137566137564,0.030632352236008176,0.12213643373915309,0.011187140422723178,0.8641975308641975,0.40790859530201506,0.7955015628207576,0.9048880311374823
HALLMARK_OXIDATIVE_PHOSPHORYLATION,PDHB,0.15873015873015872,0.005590519807644165,0.03923971871080471,0.005590438237145315,0.35802469135802467,0.07444485699872565,0.2553840143784518,0.40878268206311996
HALLMARK_OXIDATIVE_PHOSPHORYLATION,ATP5F1B,0.2962962962962963,0.033822313908921174,0.08082335239403973,0.009705501031233892,0.6790123456790124,0.45038697812550704,0.5263241870093103,0.7735518972600597
HALLMARK_OXIDATIVE_PHOSPHORYLATION,GOT2,0.10052910052910052,0.0008925146058937152,0.019806679582511578,0.003951336947670837,0.2222222222222222,0.011884963203990618,0.12876710984649656,0.26348874102076425
HALLMARK_OXIDATIVE_PHOSPHORYLATION,SLC25A4,0.07407407407407407,0.002274630743249182,0.0145637656895488,0.0035381288545115325,0.16049382716049382,0.03028959134972597,0.09460665128559018,0.22686096657434127
HALLMARK_OXIDATIVE_PHOSPHORYLATION,SLC25A11,0.010582010582010581,0.0,0.0037168341603407385,0.0010730927732150557,0.012345679012345678,0.0,0.02393294529285061,0.008354148622901549
HALLMARK_OXIDATIVE_PHOSPHORYLATION,SLC25A5,0.0582010582010582,0.0010217043702374362,0.009788589656274342,0.003055024626018921,0.12345679012345678,0.013605288659079236,0.06349376132860389,0.18403742800313871
HALLMARK_OXIDATIVE_PHOSPHORYLATION,IDH2,0.12169312169312169,0.0031979130953728933,0.017308982525606535,0.004952095395340392,0.2716049382716049,0.04258426609165502,0.11249324410084215,0.3521984137097282
HALLMARK_OXIDATIVE_PHOSPHORYLATION,DLST,0.17989417989417988,0.007330384561435791,0.041092511825509395,0.00641552220320933,0.4074074074074074,0.09761336140435117,0.2674559773572365,0.4819201396992697
HALLMARK_OXIDATIVE_PHOSPHORYLATION,SUCLA2,0.1693121693121693,0.009422874978039763,0.03675518832156494,0.006253500534403656,0.38271604938271603,0.12547752344922727,0.23919593669156541,0.46755814331368745
HALLMARK_OXIDATIVE_PHOSPHORYLATION,GLUD1,0.06878306878306878,0.0012731280434863756,0.006659192709334561,0.0033760515817530456,0.14814814814814814,0.016953313537824637,0.043104024455364286,0.21249404131859484
HALLMARK_OXIDATIVE_PHOSPHORYLATION,GPI,0.05291005291005291,8.3955333998784e-05,0.0060806215924762074,0.00254495175605677,0.1111111111111111,0.0011179716822170569,0.039334316414096356,0.1388233231936995
HALLMARK_OXIDATIVE_PHOSPHORYLATION,OGDH,0.15343915343915343,0.006746664792890978,0.028266540022476108,0.005697970241946064,0.345679012345679,0.08984039284474962,0.18388773892613025,0.4183145815656184
HALLMARK_OXIDATIVE_PHOSPHORYLATION,IDH3G,0.1111111111111111,0.0004416127281881987,0.019265301719665732,0.004282486261323688,0.24691358024691357,0.0058806332022712845,0.12523973624717796,0.2928426248612925
HALLMARK_OXIDATIVE_PHOSPHORYLATION,ETFA,0.1164021164021164,0.015158065729076185,0.02215987046772256,0.005211262460905103,0.25925925925925924,0.2018488574238472,0.14409943865472843,0.37517161529652726
HALLMARK_OXIDATIVE_PHOSPHORYLATION,PDP1,0.031746031746031744,0.0012484706573217268,0.002657588198173963,0.0020626200470849677,0.06172839506172839,0.016624969188792957,0.017031377093347386,0.09606826263934141
HALLMARK_OXIDATIVE_PHOSPHORYLATION,IDH1,0.1164021164021164,0.0007524645072322588,0.0172843666566267,0.004585346355238114,0.25925925925925924,0.010020018632422587,0.1123328582182216,0.3196888831809313
HALLMARK_OXIDATIVE_PHOSPHORYLATION,SUCLG1,0.23809523809523808,0.015160470749425295,0.059268213414307234,0.008191322527257872,0.5432098765432098,0.20188088331806256,0.3858806384551251,0.6393314169901491
HALLMARK_OXIDATIVE_PHOSPHORYLATION,IDH3A,0.15343915343915343,0.006245846813777235,0.02923356480597217,0.005702851287292857,0.345679012345679,0.08317136668612046,0.1901884355842093,0.4187472493448436
HALLMARK_OXIDATIVE_PHOSPHORYLATION,FH,0.14814814814814814,0.021248903009420554,0.023842269932993095,0.006501832458060548,0.3333333333333333,0.2829560757039339,0.15506119358520815,0.4895708914619775
HALLMARK_OXIDATIVE_PHOSPHORYLATION,ATP6V0B,0.08994708994708994,0.0033862337313770125,0.023689689791057476,0.003450578465594647,0.19753086419753085,0.04509199404891335,0.1540670503049218,0.2191002862996014
HALLMARK_OXIDATIVE_PHOSPHORYLATION,ATP5MC1,0.21164021164021163,0.01270253754808823,0.07450107605906063,0.006383496644798689,0.48148148148148145,0.16915038741037244,0.4851310903533576,0.4790813159942038
HALLMARK_OXIDATIVE_PHOSPHORYLATION,ATP6V1D,0.08994708994708994,0.002863014780966567,0.015390029125020684,0.003834052962333087,0.19753086419753085,0.03812467056513469,0.09999021058564177,0.2530924021487846
HALLMARK_OXIDATIVE_PHOSPHORYLATION,ATP5MC2,0.13227513227513227,0.00440324553624423,0.04354102409481577,0.004377153796245936,0.2962962962962963,0.058634795252449454,0.2834093772449933,0.30123418633827004
HALLMARK_OXIDATIVE_PHOSPHORYLATION,ATP5MC3,0.1746031746031746,0.007088960114201855,0.05906092247393393,0.005464220185780962,0.3950617283950617,0.09439848889361403,0.38453002432656236,0.3975944057612369
HALLMARK_OXIDATIVE_PHOSPHORYLATION,ATP6V1F,0.07936507936507936,0.004113291629358402,0.01782585329059181,0.0032822221381317495,0.1728395061728395,0.054773691477300976,0.11586094052101847,0.20417677030118228
HALLMARK_OXIDATIVE_PHOSPHORYLATION,ATP6V1E1,0.09523809523809523,0.003038813682324793,0.016644472214496244,0.003966532234334688,0.20987654320987653,0.040465655754785806,0.10816359509088094,0.2648356883380756
HALLMARK_OXIDATIVE_PHOSPHORYLATION,ATP5F1E,0.18518518518518517,0.0017329623318050734,0.06789337020352965,0.005275024753647046,0.41975308641975306,0.02307658990833117,0.4420782638777031,0.3808236606349478
HALLMARK_OXIDATIVE_PHOSPHORYLATION,TIMM13,0.05291005291005291,0.003908399709330557,0.0021271639362041256,0.0035055117007138253,0.1111111111111111,0.05204529586982795,0.01357537220929986,0.223969702409469
HALLMARK_OXIDATIVE_PHOSPHORYLATION,TOMM70,0.08465608465608465,0.0053438933196126,0.003258313776835847,0.0050192102366299375,0.18518518518518517,0.07116071272138971,0.02094543359995908,0.3581476371384504
HALLMARK_OXIDATIVE_PHOSPHORYLATION,SLC25A12,0.010582010582010581,0.0,0.00011330342802477179,0.0013633138122654484,0.012345679012345678,0.0,0.00045396685312093163,0.03408005025437333
HALLMARK_OXIDATIVE_PHOSPHORYLATION,TIMM8B,0.042328042328042326,0.0009818958990048755,0.006673121579077058,0.0024741548554559557,0.08641975308641975,0.013075188408974819,0.04319477867856018,0.13254771303590737
HALLMARK_OXIDATIVE_PHOSPHORYLATION,TIMM50,0.07936507936507936,0.003996290838182627,0.01107187772919299,0.003972884428371031,0.1728395061728395,0.05321567764897885,0.0718550867159011,0.2653987623297396
HALLMARK_OXIDATIVE_PHOSPHORYLATION,TIMM17A,0.10052910052910052,0.006722582999012201,0.024075191098753026,0.004396253839050283,0.2222222222222222,0.0895197132365445,0.15657880268452595,0.30292726077542764
HALLMARK_OXIDATIVE_PHOSPHORYLATION,TOMM22,0.08465608465608465,0.004202153239074575,0.006069050755191156,0.004437514601883466,0.18518518518518517,0.05595699643920304,0.0392589260652063,0.30658471555320355
HALLMARK_OXIDATIVE_PHOSPHORYLATION,TIMM10,0.07407407407407407,0.0052470469343558375,0.006589929485857185,0.004133074246470104,0.16049382716049382,0.06987108035278153,0.0426527365792522,0.2795983789952446
HALLMARK_OXIDATIVE_PHOSPHORYLATION,TIMM9,0.06349206349206349,0.007769368895226383,0.0038915061685121655,0.0038937207476906046,0.13580246913580246,0.10345899420383371,0.02507102919403756,0.2583815003537177
HALLMARK_OXIDATIVE_PHOSPHORYLATION,MTX2,0.026455026455026454,9.850191706464055e-06,0.0011572719721823427,0.0019293154033357342,0.04938271604938271,0.00013116778729503503,0.007255994298098019,0.0842518134827532
HALLMARK_OXIDATIVE_PHOSPHORYLATION,VDAC2,0.10052910052910052,0.006277619372492351,0.014362394150703396,0.004885486038461924,0.2222222222222222,0.08359445857585784,0.09329460530342985,0.3462939976536148
HALLMARK_OXIDATIVE_PHOSPHORYLATION,VDAC3,0.06349206349206349,0.000969869129210162,0.010372307816338506,0.003129933386959604,0.13580246913580246,0.012915036725709194,0.06729700517834261,0.19067752350276515
HALLMARK_OXIDATIVE_PHOSPHORYLATION,IMMT,0.07936507936507936,0.005486822392148608,0.01639914172266256,0.0036961129845678297,0.1728395061728395,0.07306399447908149,0.1065651324284939,0.2408650656653663
HALLMARK_OXIDATIVE_PHOSPHORYLATION,SLC25A3,0.08465608465608465,0.0011898101357221392,0.022274100093160918,0.0034415094841373475,0.18518518518518517,0.0158438299938328,0.1448437072934815,0.21829638963645284
HALLMARK_OXIDATIVE_PHOSPHORYLATION,MRPL34,0.0582010582010582,0.002881085688810163,0.003502143390247224,0.003924788236551331,0.12345679012345678,0.03836530760722408,0.022534117216533648,0.2611353984342394
HALLMARK_OXIDATIVE_PHOSPHORYLATION,MRPS15,0.06349206349206349,0.0030307891429032503,0.0016879611872442904,0.004462406430012465,0.13580246913580246,0.04035879884160565,0.010713725496807276,0.30879118798528293
HALLMARK_OXIDATIVE_PHOSPHORYLATION,ISCA1,0.026455026455026454,0.00081384428324694,0.0017566086485604185,0.0022378322628069896,0.04938271604938271,0.010837368146465772,0.011161001344833046,0.111599501315371
HALLMARK_OXIDATIVE_PHOSPHORYLATION,FXN,0.0582010582010582,0.006385846694849798,0.00864705178472773,0.003408313187296855,0.12345679012345678,0.0850356425468436,0.05605601622105704,0.21535378881798026
HALLMARK_OXIDATIVE_PHOSPHORYLATION,MRPS12,0.08465608465608465,0.014559635909139116,0.008275436743546393,0.005307154822476679,0.18518518518518517,0.1938800058855568,0.05363474048125829,0.3836717483987713
HALLMARK_OXIDATIVE_PHOSPHORYLATION,MRPS11,0.07936507936507936,0.01727099335246106,0.0060944574278109405,0.005352227945881924,0.1728395061728395,0.22998516678035202,0.039424464467117414,0.3876671401275742
HALLMARK_OXIDATIVE_PHOSPHORYLATION,ISCU,0.047619047619047616,0.005522014537378725,0.007349209006006,0.0029713854452158776,0.09876543209876543,0.07353262249745504,0.047599858945500194,0.17662344676691838
HALLMARK_OXIDATIVE_PHOSPHORYLATION,AFG3L2,0.042328042328042326,0.0016379291296872436,0.0051130809176675885,0.00259139348463746,0.08641975308641975,0.02181110237135487,0.033030258441266724,0.1429400314274361
HALLMARK_OXIDATIVE_PHOSPHORYLATION,TCIRG1,0.06349206349206349,0.00030592172302640975,0.005168311738255122,0.003138339413158027,0.13580246913580246,0.004073735485627745,0.03339011751896352,0.1914226541928068
HALLMARK_OXIDATIVE_PHOSPHORYLATION,ATP6V1H,0.06878306878306878,0.000778658221216869,0.0066616864986713915,0.0032926592691894206,0.14814814814814814,0.010368821133611032,0.04312027286017115,0.20510194308597754
HALLMARK_OXIDATIVE_PHOSPHORYLATION,ATP6AP1,0.047619047619047616,4.46521469824408e-05,0.0018960254026645401,0.002682159122765274,0.09876543209876543,0.0005945999318790829,0.012069377936266747,0.15098571924398502
HALLMARK_OXIDATIVE_PHOSPHORYLATION,ATP6V1C1,0.042328042328042326,0.001073326238541204,0.004437585065678089,0.0023790549838908336,0.08641975308641975,0.01429269926419441,0.028629032609401764,0.12411782818312408
HALLMARK_OXIDATIVE_PHOSPHORYLATION,ATP6V0E1,0.047619047619047616,0.0003584939867257918,0.005380284975109839,0.00248640179171714,0.09876543209876543,0.004773801810023621,0.034771239376279545,0.13363331137355036
HALLMARK_OXIDATIVE_PHOSPHORYLATION,ATP6V1G1,0.0582010582010582,0.0007609375421458328,0.005521921851245402,0.0029784825015026655,0.12345679012345678,0.010132847831529214,0.03569408127998111,0.1772525471674418
HALLMARK_OXIDATIVE_PHOSPHORYLATION,DECR1,0.021164021164021163,0.00030556606078716085,0.0003163917089854376,0.0019117160821870687,0.037037037037037035,0.004068999392124502,0.0017771983514055806,0.08269176667797061
HALLMARK_OXIDATIVE_PHOSPHORYLATION,ACADM,0.07936507936507936,0.0020896632359920747,0.0022262747236630677,0.005036494360103143,0.1728395061728395,0.027826514551690492,0.014221133329366004,0.35967974405155634
HALLMARK_OXIDATIVE_PHOSPHORYLATION,ECH1,0.010582010582010581,0.0,0.00022818498083820456,0.0013625010262807047,0.012345679012345678,0.0,0.0012024831561567922,0.034008002919833524
HALLMARK_OXIDATIVE_PHOSPHORYLATION,ACADVL,0.0582010582010582,0.0008395566602202734,0.000941121145560877,0.004249080494546362,0.12345679012345678,0.011179761035273681,0.00584765315299185,0.28988145611608596
HALLMARK_OXIDATIVE_PHOSPHORYLATION,SLC25A6,0.08994708994708994,0.0043482315502811775,0.012170052652743702,0.004333820364843854,0.19753086419753085,0.05790221430132764,0.07901029844252004,0.29739300515701694
HALLMARK_OXIDATIVE_PHOSPHORYLATION,LDHA,0.0582010582010582,0.00010930767578300368,0.009265917233242306,0.00266572577932204,0.12345679012345678,0.0014555702461517366,0.06008826392536031,0.14952902755037065
HALLMARK_OXIDATIVE_PHOSPHORYLATION,OXA1L,0.08465608465608465,0.01247516710367998,0.004304500454566072,0.005015873478440864,0.18518518518518517,0.166122661760145,0.027761913401304808,0.35785185874408937
HALLMARK_OXIDATIVE_PHOSPHORYLATION,MRPL15,0.05291005291005291,0.0010992873661113335,0.002519043766725264,0.0037389173583895455,0.1111111111111111,0.014638404582480079,0.016128684162284742,0.24465934989071847
HALLMARK_OXIDATIVE_PHOSPHORYLATION,MRPS22,0.042328042328042326,0.0,0.0005915744790702357,0.0032319094443483613,0.08641975308641975,0.0,0.0035701649737975073,0.19971693025884457
HALLMARK_OXIDATIVE_PHOSPHORYLATION,MRPL35,0.0582010582010582,0.003466929327091729,0.0025220410797834416,0.0043291230235962,0.12345679012345678,0.04616655818429032,0.016148213300204665,0.2969766213577514
HALLMARK_OXIDATIVE_PHOSPHORYLATION,MRPS30,0.042328042328042326,0.0,0.0005915744790702357,0.0032319094443483613,0.08641975308641975,0.0,0.0035701649737975073,0.19971693025884457
HALLMARK_OXIDATIVE_PHOSPHORYLATION,MRPL11,0.05291005291005291,0.0010992873661113335,0.002519043766725264,0.0037389173583895455,0.1111111111111111,0.014638404582480079,0.016128684162284742,0.24465934989071847
HALLMARK_OXIDATIVE_PHOSPHORYLATION,ABCB7,0.015873015873015872,0.0,0.000334205134903706,0.001713983978337893,0.024691358024691357,0.0,0.0018932625878839927,0.06516431012398659
HALLMARK_OXIDATIVE_PHOSPHORYLATION,POLR2F,0.021164021164021163,0.0005986688839854801,0.0004263499700789059,0.001942211217406602,0.037037037037037035,0.007972034979099115,0.002493636709577834,0.08539492993402911
HALLMARK_OXIDATIVE_PHOSPHORYLATION,GRPEL1,0.042328042328042326,0.0008157437369004973,0.005284988780342024,0.002484008748248485,0.08641975308641975,0.010862661779344316,0.03415033241903436,0.133421186156592
HALLMARK_OXIDATIVE_PHOSPHORYLATION,HTRA2,0.010582010582010581,0.0,0.001412997407592502,0.0014421666541669636,0.012345679012345678,0.0,0.008922185717152956,0.041069758721953266
HALLMARK_OXIDATIVE_PHOSPHORYLATION,OPA1,0.021164021164021163,0.00017785797202920817,0.0017099018566341466,0.0021802164636229755,0.037037037037037035,0.0023684043254248513,0.01085668098735934,0.10649229617588002
HALLMARK_OXIDATIVE_PHOSPHORYLATION,FDX1,0.07936507936507936,0.017789208457740274,0.023775836860606935,0.004364101735279099,0.1728395061728395,0.23688585772403506,0.15462834569515083,0.300077219780575
HALLMARK_OXIDATIVE_PHOSPHORYLATION,CYB5A,0.021164021164021163,0.009663037763417563,0.0018382974822662066,0.0028444203068506966,0.037037037037037035,0.1286755953332441,0.011693248884210127,0.16536894684886896
HALLMARK_OXIDATIVE_PHOSPHORYLATION,POR,0.015873015873015872,0.0016475326203162935,0.0004830020151287498,0.0025398408148854545,0.024691358024691357,0.021938985021120398,0.002862755843865614,0.13837027688717493
HALLMARK_OXIDATIVE_PHOSPHORYLATION,SUPV3L1,0.005291005291005291,0.0,0.0001507168827080267,0.0011058394794091872,0.0,0.0,0.0006977360231702694,0.011256896628564427
HALLMARK_OXIDATIVE_PHOSPHORYLATION,PHYH,0.005291005291005291,0.0,0.00013642420674532922,0.0010824808572687126,0.0,0.0,0.0006046114029846264,0.009186331319451098
HALLMARK_OXIDATIVE_PHOSPHORYLATION,NNT,0.015873015873015872,0.0,0.0013320458176084395,0.001314989286607616,0.024691358024691357,0.0,0.008394741724833761,0.02979644628986176
HALLMARK_OXIDATIVE_PHOSPHORYLATION,ACAT1,0.07936507936507936,0.0017087717308867428,0.0071828362732116275,0.004155738655613432,0.1728395061728395,0.02275446139648582,0.046515849373663556,0.2816074075689981
HALLMARK_OXIDATIVE_PHOSPHORYLATION,CPT1A,0.031746031746031744,4.047574892854896e-05,0.0005154896175676159,0.002539390998959304,0.06172839506172839,0.0005389858983742537,0.0030744303858308538,0.13833040410501457
HALLMARK_OXIDATIVE_PHOSPHORYLATION,SLC25A20,0.031746031746031744,2.797217631732998e-05,0.00037109551440107176,0.002600389760781559,0.06172839506172839,0.0003724849812783838,0.0021336236363092486,0.14373748331407366
HALLMARK_OXIDATIVE_PHOSPHORYLATION,ACADSB,0.05291005291005291,0.00010294711652590895,0.001454549626713897,0.0033999656439811956,0.1111111111111111,0.0013708713378894162,0.009192921206689669,0.21461384219348412
HALLMARK_OXIDATIVE_PHOSPHORYLATION,ALDH6A1,0.037037037037037035,4.574841657646137e-05,0.0012712753452898092,0.0025279013101445614,0.07407407407407407,0.0006091981510012692,0.007998788778867266,0.1373119300302492
HALLMARK_OXIDATIVE_PHOSPHORYLATION,OAT,0.010582010582010581,0.0,0.0005742299295179216,0.0012076351450163773,0.012345679012345678,0.0,0.0034571557239155503,0.02028031301660255
HALLMARK_OXIDATIVE_PHOSPHORYLATION,BAX,0.031746031746031744,0.011256595425104508,0.0027847446671550127,0.0029264571448728697,0.06172839506172839,0.1498958353691165,0.017859871205220673,0.1726408925080152
HALLMARK_OXIDATIVE_PHOSPHORYLATION,RHOT1,0.021164021164021163,0.0021546758162104287,0.000911450959629148,0.00229090795940333,0.037037037037037035,0.028692239458139406,0.005654335624284077,0.11630426067439942
HALLMARK_OXIDATIVE_PHOSPHORYLATION,MFN2,0.047619047619047616,0.009477893295313893,0.003183739269779344,0.003723400595532278,0.09876543209876543,0.12621016207724586,0.020459539799295476,0.24328390613856637
HALLMARK_OXIDATIVE_PHOSPHORYLATION,ETFDH,0.037037037037037035,0.002852457572236391,0.003365214463534127,0.002586495741341595,0.07407407407407407,0.03798408795005317,0.02164195018456112,0.14250588350122825
HALLMARK_OXIDATIVE_PHOSPHORYLATION,AIFM1,0.005291005291005291,0.0,5.242364411401999e-05,0.001204101772093795,0.0,0.0,5.7301682199167456e-05,0.01996710621212319
HALLMARK_OXIDATIVE_PHOSPHORYLATION,RETSAT,0.005291005291005291,0.0,0.00044885525408795994,0.00098687113185764,0.0,0.0,0.0026402709739369373,0.0007112517766816372
HALLMARK_OXIDATIVE_PHOSPHORYLATION,BDH2,0.005291005291005291,0.0,0.00013642420674532922,0.0010824808572687126,0.0,0.0,0.0006046114029846264,0.009186331319451098
HALLMARK_OXIDATIVE_PHOSPHORYLATION,PRDX3,0.021164021164021163,2.8040853701984636e-05,0.004920200989022131,0.0015152232538822741,0.037037037037037035,0.00037339950770089495,0.03177353995527985,0.04754567412751954
HALLMARK_OXIDATIVE_PHOSPHORYLATION,CASP7,0.005291005291005291,0.0,0.0013808086219723296,0.000978847303087244,0.0,0.0,0.008712458130594706,0.0
HALLMARK_OXIDATIVE_PHOSPHORYLATION,MTRF1,0.010582010582010581,0.0,0.0001622076632182345,0.0014276114738285463,0.012345679012345678,0.0,0.00077260475827925,0.039779551992490635
HALLMARK_OXIDATIVE_PHOSPHORYLATION,RHOT2,0.010582010582010581,0.0,7.709401951967417e-05,0.0016280332658613179,0.012345679012345678,0.0,0.00021804270406832767,0.057545429075382286
HALLMARK_OXIDATIVE_PHOSPHORYLATION,CYB5R3,0.010582010582010581,0.0,4.369812499399797e-05,0.0021137640872636912,0.012345679012345678,0.0,4.5014116547135454e-07,0.100601795256339
HALLMARK_OXIDATIVE_PHOSPHORYLATION,GPX4,0.010582010582010581,0.010582010582010581,0.0023176627167499336,0.002497895971367021,0.012345679012345678,0.14091288317405082,0.014816576209898248,0.1346521835269092
HALLMARK_OXIDATIVE_PHOSPHORYLATION,MGST3,0.005291005291005291,0.0,4.362903776655234e-05,0.0018513050687101696,0.0,0.0,0.0,0.0773367869175461
HALLMARK_P53_PATHWAY,ITGB4,0.00909090909090909,0.0,9.41461368817658e-05,0.0049182153495171185,0.0,0.0,0.00019334130322346948,0.02049816221997375
HALLMARK_P53_PATHWAY,SDC1,0.01818181818181818,0.016847372810675564,0.0010153302220715268,0.008402720208132115,0.018867924528301886,0.02899255410212507,0.0020851123049615743,0.053809030468994136
HALLMARK_P53_PATHWAY,PPP1R15A,0.03636363636363636,2.7800945232137893e-05,0.05873910034493891,0.007205806656885839,0.05660377358490566,4.78424985183582e-05,0.12062836135267174,0.04236687979658003
HALLMARK_P53_PATHWAY,ATF3,0.08181818181818182,0.022462956143106273,0.17173627466010497,0.015572672439998573,0.1509433962264151,0.038656381537422416,0.35268271518330924,0.12235171984334765
HALLMARK_P53_PATHWAY,DDIT3,0.045454545454545456,0.0010656367078385426,0.08260991333194846,0.00869638928001035,0.07547169811320754,0.0018338485324929726,0.16965017200133878,0.056616422669341436
HALLMARK_P53_PATHWAY,GADD45A,0.09090909090909091,0.010713085218923406,0.16591473728680456,0.017148490156187177,0.16981132075471697,0.01843609127077057,0.340727433100819,0.1374160857886702
HALLMARK_P53_PATHWAY,FOS,0.11818181818181818,0.028910967172018055,0.21321027302073828,0.022142980405460172,0.22641509433962265,0.049752729360174,0.4378549502297033,0.185161981809799
HALLMARK_P53_PATHWAY,TCN2,0.00909090909090909,0.0,7.362566583893346e-14,0.009009009009009009,0.0,0.0,0.0,0.059604977723002044
HALLMARK_P53_PATHWAY,AK1,0.00909090909090909,0.0,7.362566583893346e-14,0.009009009009009009,0.0,0.0,0.0,0.059604977723002044
HALLMARK_P53_PATHWAY,HMOX1,0.03636363636363636,0.003297192104531554,0.042505251040357336,0.008708196048952153,0.05660377358490566,0.005674120324277282,0.08729004618337807,0.0567292919981629
HALLMARK_P53_PATHWAY,GPX2,0.02727272727272727,0.01846015859777328,0.049520603349790686,0.007956607790113406,0.03773584905660377,0.03176798856974364,0.10169698208178603,0.0495443235496932
HALLMARK_P53_PATHWAY,TXNIP,0.02727272727272727,0.001798125421978632,0.05474237783008097,0.006750943832429766,0.03773584905660377,0.0030943844577409514,0.11242057327083084,0.03801852149844983
HALLMARK_P53_PATHWAY,JUN,0.17272727272727273,0.1701105238010994,0.28130336444083365,0.03213773299836038,0.33962264150943394,0.2927422940103171,0.5776929455210597,0.2807089534205623
HALLMARK_P53_PATHWAY,BAX,0.045454545454545456,0.002493149052782079,0.07283153955495257,0.010305403812339202,0.07547169811320754,0.004290446920699906,0.14956901313973459,0.07199814066713733
HALLMARK_P53_PATHWAY,PROCR,0.00909090909090909,0.0,7.362566583893346e-14,0.009009009009009009,0.0,0.0,0.0,0.059604977723002044
HALLMARK_P53_PATHWAY,F2R,0.00909090909090909,0.0,7.362566583893346e-14,0.009009009009009009,0.0,0.0,0.0,0.059604977723002044
HALLMARK_P53_PATHWAY,TGFB1,0.07272727272727272,0.09806088407005839,0.11605469163956532,0.01708258397173132,0.1320754716981132,0.16875245289887897,0.2383333622334798,0.13678604154528887
HALLMARK_P53_PATHWAY,TP53,0.4909090909090909,0.5810930886368753,0.48694270307745646,0.10737963686671795,1.0,1.0,1.0,1.0
HALLMARK_P53_PATHWAY,CEBPA,0.045454545454545456,0.000551385413770735,0.12596224641645443,0.009097574423328572,0.07547169811320754,0.0009488762206141044,0.2586798110338731,0.060451637712734846
HALLMARK_P53_PATHWAY,INHBB,0.01818181818181818,0.008340283569641367,0.010949512198462677,0.005854733403825872,0.018867924528301886,0.01435274955550746,0.02248624351323117,0.029451006536657394
HALLMARK_P53_PATHWAY,BMP2,0.01818181818181818,0.008340283569641367,0.010949512198462677,0.005854733403825872,0.018867924528301886,0.01435274955550746,0.02248624351323117,0.029451006536657394
HALLMARK_P53_PATHWAY,APP,0.05454545454545454,0.036733533355718516,0.11140159598331287,0.012452039246728682,0.09433962264150944,0.06321454182476653,0.22877762677046581,0.09251936047741724
HALLMARK_P53_PATHWAY,FGF13,0.01818181818181818,0.03336113427856547,0.010855366062857908,0.0067323911226666484,0.018867924528301886,0.05741099822202984,0.02229290221247898,0.037841162907873156
HALLMARK_P53_PATHWAY,CD82,0.00909090909090909,0.0,1.0711739818307332e-05,0.004945359911198243,0.0,0.0,2.199794693910713e-05,0.020757656453595435
HALLMARK_P53_PATHWAY,CD81,0.01818181818181818,0.016847372810675564,0.00011551448127601293,0.008456798801735858,0.018867924528301886,0.02899255410212507,0.00023722397003252805,0.054326006332056254
HALLMARK_P53_PATHWAY,RPS12,0.05454545454545454,0.019307756463719704,0.0032943521896218525,0.013530511437031992,0.09433962264150944,0.03322661522099966,0.006765379517402282,0.10282924566888321
HALLMARK_P53_PATHWAY,DNTTIP2,0.01818181818181818,0.0,0.0005875145400748673,0.005225816876575436,0.018867924528301886,0.0,0.0012065373118608502,0.023438744700639256
HALLMARK_P53_PATHWAY,RPL18,0.02727272727272727,4.170141784820684e-05,0.0008644617055822668,0.007200802701468906,0.03773584905660377,7.17637477775373e-05,0.0017752842378485434,0.042319043416267535
HALLMARK_P53_PATHWAY,RPS27L,0.045454545454545456,0.019099249374478672,0.0030409108068738923,0.01151483173092326,0.07547169811320754,0.03286779648211198,0.0062449047651444494,0.08355992510633414
HALLMARK_P53_PATHWAY,RPL36,0.02727272727272727,4.170141784820684e-05,0.0008644617055822668,0.007200802701468906,0.03773584905660377,7.17637477775373e-05,0.0017752842378485434,0.042319043416267535
HALLMARK_P53_PATHWAY,RACK1,0.045454545454545456,0.11196830692243537,0.02718244620498317,0.011440409321105807,0.07547169811320754,0.19268566278268764,0.055822678999237055,0.08284846818812247
HALLMARK_P53_PATHWAY,SEC61A1,0.03636363636363636,0.010842368640533803,0.0029864165018360506,0.009293777664632182,0.05660377358490566,0.01865857442215974,0.006132993641528779,0.0623272844936359
HALLMARK_P53_PATHWAY,HBEGF,0.01818181818181818,0.0008340283569641367,0.005343451680887069,0.006206661962969719,0.018867924528301886,0.0014352749555507458,0.01097347110254219,0.03281534274578178
HALLMARK_P53_PATHWAY,ZBTB16,0.01818181818181818,0.014159021406727833,0.04564888557470622,0.005679694394250395,0.018867924528301886,0.02436618449539984,0.09374590744689373,0.027777683748200936
HALLMARK_P53_PATHWAY,TGFA,0.03636363636363636,0.06724214623297192,0.011978449151669747,0.011487220085828356,0.05660377358490566,0.11571665116635298,0.02459929900560099,0.0832959656890812
HALLMARK_P53_PATHWAY,CTSD,0.01818181818181818,0.016847372810675564,0.010419354821318633,0.006676528987300906,0.018867924528301886,0.02899255410212507,0.021397496574846936,0.03730713689649408
HALLMARK_P53_PATHWAY,CTSF,0.00909090909090909,0.0,0.000966168724633044,0.004188262400917523,0.0,0.0,0.0019841527934465813,0.013520021139565035
HALLMARK_P53_PATHWAY,LIF,0.00909090909090909,0.0,0.00891601571646106,0.003100205072831659,0.0,0.0,0.018310194731412866,0.0031185047767336447
HALLMARK_P53_PATHWAY,KLF4,0.045454545454545456,0.01709480122324159,0.09615526789506201,0.010287597932449662,0.07547169811320754,0.02941835233893846,0.19746731450601038,0.07182792155620915
HALLMARK_P53_PATHWAY,BTG1,0.00909090909090909,0.0,0.01970980391108703,0.0028587196316086504,0.0,0.0,0.04047663880462997,0.0008099731365069971
HALLMARK_P53_PATHWAY,FOXO3,0.11818181818181818,0.03566788461283874,0.21255974198349484,0.02305500605840513,0.22641509433962265,0.06138067258123523,0.4365190003671584,0.19388068578573542
HALLMARK_P53_PATHWAY,DDB2,0.045454545454545456,0.05612249626011093,0.07234838860977275,0.011724920052380157,0.07547169811320754,0.09658090477682801,0.14857680000638973,0.08556830927586867
HALLMARK_P53_PATHWAY,XPC,0.01818181818181818,0.0,0.008311977468582324,0.00539113000819396,0.018867924528301886,0.0,0.017069723842206945,0.02501909088198062
HALLMARK_P53_PATHWAY,ERCC5,0.02727272727272727,0.0011822020996332923,0.017292856781742538,0.007222835086195772,0.03773584905660377,0.0020344452941378033,0.03551312438276913,0.04252966670268192
HALLMARK_P53_PATHWAY,FDXR,0.01818181818181818,0.016847372810675564,0.006766617713483193,0.007035134996911756,0.018867924528301886,0.02899255410212507,0.013896127143185149,0.04073530761920673
HALLMARK_P53_PATHWAY,CDKN1A,0.13636363636363635,0.02627136370255634,0.2609113937331746,0.023936373370086063,0.2641509433962264,0.04521024981416239,0.535815388718615,0.2023063048018232
HALLMARK_P53_PATHWAY,MDM2,0.16363636363636364,0.023935338130500763,0.28651188689187906,0.030146197070894297,0.32075471698113206,0.04119019585424452,0.5883893219491867,0.26167044046541554
HALLMARK_P53_PATHWAY,RB1,0.07272727272727272,0.004682738260719911,0.15623889012845724,0.013145159234319274,0.1320754716981132,0.008058499321863645,0.3208568259488936,0.09914538900204668
HALLMARK_P53_PATHWAY,TP63,0.05454545454545454,0.0012097382739584574,0.11515194912580662,0.011345946656851583,0.09433962264150944,0.0020818321498131294,0.23647946339065182,0.08194543217838805
HALLMARK_P53_PATHWAY,CCNG1,0.01818181818181818,0.0,0.0717206513186145,0.004465019187709331,0.018867924528301886,0.0,0.147287660057909,0.01616573673931555
HALLMARK_P53_PATHWAY,NOTCH1,0.045454545454545456,0.018573811509591327,0.09411445519202742,0.010673310898556068,0.07547169811320754,0.03196357326011511,0.1932762409153455,0.07551522701774216
HALLMARK_P53_PATHWAY,SP1,0.05454545454545454,0.0007735282047208654,0.1455578413697745,0.010142348321666878,0.09433962264150944,0.001331160565917938,0.2989219069303303,0.07043937688649962
HALLMARK_P53_PATHWAY,CDKN2A,0.10909090909090909,0.03172951666070929,0.21008234081917723,0.0200849364799892,0.20754716981132074,0.05460315615720057,0.43143133574324904,0.16548767144614254
HALLMARK_P53_PATHWAY,RCHY1,0.02727272727272727,0.0075159855435084815,0.07326057062779637,0.006495861701877643,0.03773584905660377,0.012934219474438142,0.150450084095583,0.03558000940325403
HALLMARK_P53_PATHWAY,SFN,0.07272727272727272,0.019622833843017332,0.14156679139249853,0.015280505376359447,0.1320754716981132,0.03376883020420783,0.2907257681401742,0.11955868641148885
HALLMARK_P53_PATHWAY,CDKN2B,0.06363636363636363,0.003496564597482027,0.14554371672129346,0.011489385573845753,0.1132075471698113,0.006017219385080362,0.29889290013262737,0.08331666713418437
HALLMARK_P53_PATHWAY,PPM1D,0.01818181818181818,0.0,0.0717206513186145,0.004465019187709331,0.018867924528301886,0.0,0.147287660057909,0.01616573673931555
HALLMARK_P53_PATHWAY,S100A4,0.02727272727272727,0.016847372810675564,0.07234267644069436,0.007394336100484136,0.03773584905660377,0.02899255410212507,0.14856506932628655,0.044169167269716224
HALLMARK_P53_PATHWAY,DRAM1,0.00909090909090909,0.0,0.04515338436649411,0.003041505252082712,0.0,0.0,0.09272833144651292,0.0025573513059973475
HALLMARK_P53_PATHWAY,CCND2,0.05454545454545454,0.0005464871519917392,0.08979616061284723,0.009913291791288043,0.09433962264150944,0.0009404468280180126,0.1844080628896981,0.06824966207345734
HALLMARK_P53_PATHWAY,CCND3,0.05454545454545454,0.0005464871519917392,0.08979616061284723,0.009913291791288043,0.09433962264150944,0.0009404468280180126,0.1844080628896981,0.06824966207345734
HALLMARK_P53_PATHWAY,PCNA,0.07272727272727272,0.03133431298568914,0.10583709498676376,0.014935601293465797,0.1320754716981132,0.05392305225862001,0.21735020222671037,0.11626150218302828
HALLMARK_P53_PATHWAY,EPHA2,0.02727272727272727,0.03336113427856547,0.0012350573309614194,0.01023138715863143,0.03773584905660377,0.05741099822202984,0.002536350422919314,0.07129056266109807
HALLMARK_P53_PATHWAY,PERP,0.01818181818181818,0.0,0.05583090850134326,0.004648804750720472,0.018867924528301886,0.0,0.11465601219287029,0.017922674073008783
HALLMARK_P53_PATHWAY,DDIT4,0.02727272727272727,0.00010193679918450562,0.06090685100441892,0.006561576421532566,0.03773584905660377,0.00017542249456731343,0.12508011850147024,0.036208223297986994
HALLMARK_P53_PATHWAY,HDAC3,0.05454545454545454,0.01826028965937223,0.11534246917245422,0.01168809533382631,0.09433962264150944,0.031424035178609866,0.23687072101797338,0.08521627551559949
HALLMARK_P53_PATHWAY,CDH13,0.00909090909090909,0.0,0.019479982903981168,0.0027739918692337006,0.0,0.0,0.04000467155744988,0.0
HALLMARK_P53_PATHWAY,FBXW7,0.01818181818181818,0.0,0.07123764075173679,0.004479241491405213,0.018867924528301886,0.0,0.1462957352096154,0.01630169788841246
HALLMARK_P53_PATHWAY,CCNK,0.00909090909090909,0.0,0.04515338436649411,0.003041505252082712,0.0,0.0,0.09272833144651292,0.0025573513059973475
HALLMARK_P53_PATHWAY,NUPR1,0.00909090909090909,0.0,0.04515338436649411,0.003041505252082712,0.0,0.0,0.09272833144651292,0.0025573513059973475
HALLMARK_P53_PATHWAY,STEAP3,0.00909090909090909,0.0,0.04515338436649411,0.003041505252082712,0.0,0.0,0.09272833144651292,0.0025573513059973475
HALLMARK_P53_PATHWAY,NDRG1,0.00909090909090909,0.0,0.04515338436649411,0.003041505252082712,0.0,0.0,0.09272833144651292,0.0025573513059973475
HALLMARK_P53_PATHWAY,PIDD1,0.00909090909090909,0.0,0.04515338436649411,0.003041505252082712,0.0,0.0,0.09272833144651292,0.0025573513059973475
HALLMARK_P53_PATHWAY,PLK3,0.00909090909090909,0.0,0.04515338436649411,0.003041505252082712,0.0,0.0,0.09272833144651292,0.0025573513059973475
HALLMARK_P53_PATHWAY,HRAS,0.06363636363636363,0.1136771624261199,0.12137794354440393,0.014435133763767056,0.1132075471698113,0.19562642311369272,0.24926535047603215,0.1114771759670695
HALLMARK_P53_PATHWAY,CASP1,0.02727272727272727,0.016847372810675564,0.06548659772994202,0.007426432591371873,0.03773584905660377,0.02899255410212507,0.1344852224214592,0.044476000527983575
HALLMARK_P53_PATHWAY,SLC7A11,0.01818181818181818,0.016847372810675564,0.04554499969764528,0.006559671633560587,0.018867924528301886,0.02899255410212507,0.09353256432376159,0.03619001407063578
HALLMARK_P53_PATHWAY,TRIAP1,0.00909090909090909,0.0,0.04515338436649411,0.003041505252082712,0.0,0.0,0.09272833144651292,0.0025573513059973475
HALLMARK_P53_PATHWAY,CDK5R1,0.02727272727272727,0.0,0.0909474446628238,0.00598660977166251,0.03773584905660377,0.0,0.1867723740143965,0.030711706834808703
HALLMARK_P53_PATHWAY,RAD9A,0.01818181818181818,0.0066216556124813015,0.046462893884747274,0.005235855945497665,0.018867924528301886,0.01139517186138686,0.09541757909305802,0.02353471532366319
HALLMARK_P53_PATHWAY,SOCS1,0.01818181818181818,0.016847372810675564,0.04554499969764528,0.006559671633560587,0.018867924528301886,0.02899255410212507,0.09353256432376159,0.03619001407063578
HALLMARK_P53_PATHWAY,APAF1,0.02727272727272727,0.0,0.05721164862348958,0.0066884079162670826,0.03773584905660377,0.0,0.11749154112352336,0.037420696054477016
HALLMARK_P53_PATHWAY,PLK2,0.00909090909090909,0.0,0.04515338436649411,0.003041505252082712,0.0,0.0,0.09272833144651292,0.0025573513059973475
HALLMARK_P53_PATHWAY,BAK1,0.02727272727272727,0.0,0.05721164862348958,0.0066884079162670826,0.03773584905660377,0.0,0.11749154112352336,0.037420696054477016
HALLMARK_P53_PATHWAY,ZMAT3,0.00909090909090909,0.0,0.04515338436649411,0.003041505252082712,0.0,0.0,0.09272833144651292,0.0025573513059973475
HALLMARK_P53_PATHWAY,BTG2,0.01818181818181818,0.0,0.060537943379799,0.004499076713242967,0.018867924528301886,0.0,0.12432251884490185,0.01649131692702391
HALLMARK_P53_PATHWAY,SESN1,0.02727272727272727,0.004581595774256324,0.0629064569813453,0.006496217199525945,0.03773584905660377,0.00788444375582543,0.12918656873532583,0.035583407858933075
HALLMARK_P53_PATHWAY,FAS,0.00909090909090909,0.0,0.04515338436649411,0.003041505252082712,0.0,0.0,0.09272833144651292,0.0025573513059973475
HALLMARK_P53_PATHWAY,SERPINB5,0.01818181818181818,0.0,0.05828024816337979,0.004665011063246006,0.018867924528301886,0.0,0.11968604888210947,0.01807760177816201
HALLMARK_P53_PATHWAY,SLC3A2,0.00909090909090909,0.0,0.004223084899291598,0.004139394155742142,0.0,0.0,0.008672652598609446,0.013052854714879669
HALLMARK_P53_PATHWAY,ACVR1B,0.01818181818181818,8.340283569641368e-05,0.0020306604423371024,0.006330860811213978,0.018867924528301886,0.0001435274955550746,0.004170224606365593,0.03400264815599406
HALLMARK_P53_PATHWAY,RXRA,0.00909090909090909,0.0,0.010695173407163782,0.003007125011824872,0.0,0.0,0.021963925816115015,0.00222868605797305
HALLMARK_P53_PATHWAY,KRT17,0.00909090909090909,0.0,0.01312686379688569,0.0029748571625146454,0.0,0.0,0.026957717435445377,0.0019202146622754022
HALLMARK_P53_PATHWAY,ISCU,0.00909090909090909,0.0,0.0006274655680707562,0.004340896620243468,0.0,0.0,0.0012885819297253469,0.014979160551492716
HALLMARK_P53_PATHWAY,RAD51C,0.01818181818181818,0.00025020850708924107,0.014121858399553813,0.005163559739656252,0.018867924528301886,0.00043058248666522385,0.029001067908468077,0.02284358430637295
HALLMARK_P53_PATHWAY,SPHK1,0.00909090909090909,0.0,7.362566583893346e-14,0.009009009009009009,0.0,0.0,0.0,0.059604977723002044
HALLMARK_P53_PATHWAY,DGKA,0.00909090909090909,0.0,7.362566583893346e-14,0.009009009009009009,0.0,0.0,0.0,0.059604977723002044
HALLMARK_P53_PATHWAY,BAIAP2,0.00909090909090909,0.0,7.362566583893346e-14,0.009009009009009009,0.0,0.0,0.0,0.059604977723002044
HALLMARK_P53_PATHWAY,CYFIP2,0.00909090909090909,0.0,7.362566583893346e-14,0.009009009009009009,0.0,0.0,0.0,0.059604977723002044
HALLMARK_P53_PATHWAY,RAP2B,0.00909090909090909,0.0,0.0010526859181707623,0.004181105527193313,0.0,0.0,0.002161827072147025,0.013451603476977306
HALLMARK_P53_PATHWAY,RALGDS,0.01818181818181818,0.016847372810675564,0.01135242393016168,0.006658664387009293,0.018867924528301886,0.02899255410212507,0.023313675014212047,0.0371363564353436
HALLMARK_P53_PATHWAY,POLH,0.01818181818181818,0.00022796775090353077,0.016606681527485536,0.004778772076353575,0.018867924528301886,0.0003923084878505373,0.03410397449732982,0.019165124474573903
HALLMARK_P53_PATHWAY,JAG2,0.00909090909090909,0.0,0.008726762669879875,0.003165694003701823,0.0,0.0,0.01792153905306479,0.0037445601953655814
HALLMARK_P53_PATHWAY,PRKAB1,0.01818181818181818,0.00011120378092855157,0.025542755907269146,0.004699285288685066,0.018867924528301886,0.0001913699940734328,0.052455362295749146,0.01840525355488864
HALLMARK_P53_PATHWAY,TRIB3,0.00909090909090909,0.0,0.015924279869241487,0.0028220673610870094,0.0,0.0,0.03270257418075991,0.00045958793002485684
HALLMARK_P53_PATHWAY,PDGFA,0.01818181818181818,0.0,0.0012252545651116299,0.006692659639116544,0.018867924528301886,0.0,0.0025162191717724375,0.03746134130693508
HALLMARK_P53_PATHWAY,S100A10,0.00909090909090909,0.0,0.00670790802722332,0.003446425196838563,0.0,0.0,0.013775559187471184,0.006428269981233178
HALLMARK_P53_PATHWAY,IRAK1,0.00909090909090909,0.0,0.004223084899291598,0.004139394155742142,0.0,0.0,0.008672652598609446,0.013052854714879669
HALLMARK_P53_PATHWAY,SAT1,0.00909090909090909,0.0,0.0025205442704992432,0.0032962731498874564,0.0,0.0,0.00517626458820775,0.004992859426145851
HALLMARK_P53_PATHWAY,ALOX15B,0.00909090909090909,0.0,0.004591724005193144,0.003605792644401325,0.0,0.0,0.009429700817161277,0.007951777126250012
HALLMARK_P53_PATHWAY,KLK8,0.00909090909090909,0.0,0.006072199497092346,0.003455486780501201,0.0,0.0,0.012470049265845046,0.006514896125193723
HALLMARK_PANCREAS_BETA_CELLS,SPCS1,0.125,0.0,2.007291020946236e-06,0.1111111111111111,0.0,1.0,0.0,1.0
HALLMARK_PANCREAS_BETA_CELLS,SEC11A,0.125,0.0,2.007291020946236e-06,0.1111111111111111,0.0,1.0,0.0,1.0
HALLMARK_PANCREAS_BETA_CELLS,SRP14,0.25,0.0,0.577350269182647,0.1111111111111111,1.0,1.0,1.0,1.0
HALLMARK_PANCREAS_BETA_CELLS,SRP9,0.25,0.0,0.577350269182647,0.1111111111111111,1.0,1.0,1.0,1.0
HALLMARK_PANCREAS_BETA_CELLS,SRPRB,0.25,0.0,0.577350269182647,0.1111111111111111,1.0,1.0,1.0,1.0
HALLMARK_PANCREAS_BETA_CELLS,NKX6-1,0.125,0.0,2.007291020946236e-06,0.1111111111111111,0.0,1.0,0.0,1.0
HALLMARK_PANCREAS_BETA_CELLS,MAFB,0.125,0.0,2.007291020946236e-06,0.1111111111111111,0.0,1.0,0.0,1.0
HALLMARK_PANCREAS_BETA_CELLS,FOXO1,0.125,0.0,2.007291020946236e-06,0.1111111111111111,0.0,1.0,0.0,1.0
HALLMARK_PANCREAS_BETA_CELLS,AKT3,0.125,0.0,2.007291020946236e-06,0.1111111111111111,0.0,1.0,0.0,1.0
HALLMARK_PEROXISOME,ERCC1,0.04838709677419355,0.00026441036488630354,4.18712723596388e-09,0.018743673768429593,0.08333333333333333,0.0014684785453813194,1.2923399552351102e-08,0.3205910711806282
HALLMARK_PEROXISOME,MSH2,0.03225806451612903,0.0,3.2692101564587985e-09,0.013002357977602151,0.041666666666666664,0.0,1.0089491194880872e-08,0.196058269676551
HALLMARK_PEROXISOME,CDK7,0.03225806451612903,0.0,3.2692101564587985e-09,0.013002357977602151,0.041666666666666664,0.0,1.0089491194880872e-08,0.196058269676551
HALLMARK_PEROXISOME,ERCC3,0.04838709677419355,0.00026441036488630354,4.187127235963879e-09,0.018743673768429593,0.08333333333333333,0.0014684785453813194,1.29233995523511e-08,0.3205910711806282
HALLMARK_PEROXISOME,SULT2B1,0.04838709677419355,0.0,4.816519650781531e-08,0.015481799722282762,0.08333333333333333,0.0,1.4869799274556411e-07,0.24983894258859315
HALLMARK_PEROXISOME,DHCR24,0.08064516129032258,0.0031729243786356425,6.077780881998476e-08,0.025457809122648223,0.16666666666666666,0.01762174254457583,1.8763722618946158e-07,0.46622494951114096
HALLMARK_PEROXISOME,CEL,0.04838709677419355,0.0,4.816519650781531e-08,0.015481799722282762,0.08333333333333333,0.0,1.4869799274556411e-07,0.24983894258859315
HALLMARK_PEROXISOME,STS,0.04838709677419355,0.0,4.816519650781531e-08,0.015481799722282762,0.08333333333333333,0.0,1.4869799274556411e-07,0.24983894258859315
HALLMARK_PEROXISOME,ACOT8,0.08064516129032258,0.0,0.12763433545767416,0.010316396459178343,0.16666666666666666,0.0,0.3940486761019398,0.13779805114687926
HALLMARK_PEROXISOME,PEX5,0.3225806451612903,0.05995398372603089,0.31751357098230154,0.03723858440041734,0.7916666666666667,0.3329715869862924,0.9802675889839516,0.7217574794539198
HALLMARK_PEROXISOME,HSD17B4,0.25806451612903225,0.04197913558740385,0.25089560799120514,0.030488258743566442,0.625,0.23314312958292513,0.774596285667642,0.5753386103759414
HALLMARK_PEROXISOME,ACOX1,0.4032258064516129,0.1800573564509546,0.3239049975235655,0.05006635473559718,1.0,1.0,1.0,1.0
HALLMARK_PEROXISOME,SCP2,0.27419354838709675,0.023217302031032713,0.28479097490875904,0.030914387753460955,0.6666666666666666,0.12894392369554097,0.8792422997051706,0.5845816203997245
HALLMARK_PEROXISOME,PEX13,0.3064516129032258,0.03767038406545979,0.3133889155019719,0.03320461110715509,0.7500000000000001,0.20921324631199245,0.9675334369582654,0.6342580257215243
HALLMARK_PEROXISOME,ABCD1,0.16129032258064516,0.005228543270584518,0.14708439778990592,0.018626717634199708,0.37499999999999994,0.029038209677418585,0.4540973400034196,0.3180542180306928
HALLMARK_PEROXISOME,PEX14,0.22580645161290322,0.012165957756914916,0.2682217969505434,0.024487222312259027,0.5416666666666666,0.06756712414707017,0.8280878621850449,0.44517230252144224
HALLMARK_PEROXISOME,ABCD2,0.08064516129032258,0.00026441036488630354,0.08745247354150609,0.010148995975747909,0.16666666666666666,0.0014684785453813194,0.26999420882441577,0.13416702788771023
HALLMARK_PEROXISOME,ACSL1,0.08064516129032258,0.0014670331379511078,0.07629568062475006,0.01079342741050814,0.16666666666666666,0.00814758789569761,0.23554956301130278,0.14814515674733483
HALLMARK_PEROXISOME,SLC27A2,0.12903225806451613,0.007300024531414706,0.12866530357693873,0.015709233880540886,0.2916666666666667,0.04054277301023878,0.3972316097619655,0.2547721345462374
HALLMARK_PEROXISOME,SLC25A17,0.08064516129032258,0.0,0.09626349720255925,0.0099826754952312,0.16666666666666666,0.0,0.2971967025446432,0.1305594305806015
HALLMARK_PEROXISOME,ACSL4,0.0967741935483871,0.002978092587931763,0.08366901594158162,0.012809733152914532,0.20833333333333334,0.016539688500552648,0.2583134455485638,0.1918801143665948
HALLMARK_PEROXISOME,PEX11B,0.1774193548387097,0.004401320442086299,0.18368512773283752,0.019769244121389064,0.41666666666666674,0.02444399123056749,0.5670956889727076,0.34283634627899745
HALLMARK_PEROXISOME,PEX2,0.1935483870967742,0.008474650351808407,0.23156159532847886,0.021215953035421474,0.45833333333333337,0.0470663932807255,0.7149059048133309,0.37421638538313673
HALLMARK_PEROXISOME,ABCD3,0.24193548387096775,0.02118591514491599,0.2484461713951466,0.026525256588451056,0.5833333333333334,0.11766203593401511,0.7670340788020651,0.4893785658976899
HALLMARK_PEROXISOME,ECH1,0.08064516129032258,0.0,0.11296447309756644,0.010527798656543354,0.16666666666666666,0.0,0.3487580431314078,0.14238349964703717
HALLMARK_PEROXISOME,ECI2,0.11290322580645161,0.00021152829190904283,0.14207236606057505,0.013973987356686654,0.25,0.0011747828363050555,0.4386235690901308,0.21713353064623572
HALLMARK_PEROXISOME,FIS1,0.08064516129032258,0.0,0.10249052135294781,0.00993610657368275,0.16666666666666666,0.0,0.31642154994749344,0.1295493209690178
HALLMARK_PEROXISOME,PEX11A,0.14516129032258063,0.004023457290869491,0.18314177435155507,0.016441001233175868,0.3333333333333333,0.0223454202048414,0.5654181804889279,0.27064463517030124
HALLMARK_PEROXISOME,EHHADH,0.12903225806451613,0.0030386055085093876,0.16137614387338858,0.01609306056053622,0.2916666666666667,0.01687576430312119,0.49822060513610605,0.26309758005268274
HALLMARK_PEROXISOME,ALDH9A1,0.04838709677419355,0.0007932310946589106,0.044308609847397665,0.008598915193823883,0.08333333333333333,0.004405435636143958,0.13679507937558458,0.10054478703500686
HALLMARK_PEROXISOME,ACAA1,0.1935483870967742,0.01065517095589886,0.207647478552067,0.023203054100237555,0.45833333333333337,0.059176537776179094,0.6410752539764026,0.4173178749177539
HALLMARK_PEROXISOME,CAT,0.0967741935483871,0.07026264762912038,0.10254625696461678,0.014777684153837982,0.20833333333333334,0.3902236987926625,0.31659362389539575,0.23456622680083694
HALLMARK_PEROXISOME,SOD1,0.06451612903225806,0.017451084082496033,0.010000296366074688,0.01402629737906222,0.125,0.09691958399516708,0.030874165083574608,0.21826816839662347
HALLMARK_PEROXISOME,SOD2,0.08064516129032258,0.026194253481403133,0.010410262277164477,0.01744217158408527,0.16666666666666666,0.1454772745624427,0.03213986309449044,0.2923606586610765
HALLMARK_PEROXISOME,CLN6,0.016129032258064516,0.0,1.173535978714359e-12,0.015873015873015872,0.0,0.0,0.0,0.2583246704285896
HALLMARK_PEROXISOME,CLN8,0.016129032258064516,0.0,1.173535978714359e-12,0.015873015873015872,0.0,0.0,0.0,0.2583246704285896
HALLMARK_PEROXISOME,MLYCD,0.016129032258064516,0.0,0.02773677850168366,0.004083167949971361,0.0,0.0,0.08563244998587169,0.002595349022954522
HALLMARK_PEROXISOME,PRDX1,0.04838709677419355,0.0,0.001911611380463892,0.011620659440383515,0.08333333333333333,0.0,0.0059017656223664915,0.1660883471112702
HALLMARK_PEROXISOME,PRDX5,0.04838709677419355,0.0,0.001911611380463892,0.011620659440383515,0.08333333333333333,0.0,0.0059017656223664915,0.1660883471112702
HALLMARK_PEROXISOME,SLC25A4,0.016129032258064516,0.0,1.173535978714359e-12,0.015873015873015872,0.0,0.0,0.0,0.2583246704285896
HALLMARK_PEROXISOME,TSPO,0.016129032258064516,0.0,1.173535978714359e-12,0.015873015873015872,0.0,0.0,0.0,0.2583246704285896
HALLMARK_PEROXISOME,LONP2,0.06451612903225806,0.0,0.09989755695599058,0.008614180890159365,0.125,0.0,0.30841622611244524,0.10087590972548931
HALLMARK_PEROXISOME,CRAT,0.06451612903225806,0.0,0.1007983666546873,0.00883102466469187,0.125,0.0,0.3111973184252752,0.10557938950522801
HALLMARK_PEROXISOME,ACSL5,0.04838709677419355,0.00017627357659086903,0.0526829015471096,0.007541255356320642,0.08333333333333333,0.0009789856969208797,0.16264923958851246,0.077603470549149
HALLMARK_PEROXISOME,HMGCL,0.03225806451612903,0.0,0.045518183464464644,0.005726638381427732,0.041666666666666664,0.0,0.1405294262560564,0.0382432709410206
HALLMARK_PEROXISOME,EPHX2,0.04838709677419355,0.02749586349611235,0.03214555400331696,0.009902279621829511,0.08333333333333333,0.15270613785558873,0.0992437728594205,0.1288155928073728
HALLMARK_PEROXISOME,IDH1,0.06451612903225806,0.0670572829872298,0.05028122509630239,0.012485960256246306,0.125,0.3724217899727711,0.15523448381389315,0.18485727372480296
HALLMARK_PEROXISOME,GNPAT,0.12903225806451613,0.00017627357659086903,0.1882128492872916,0.014949186471017234,0.2916666666666667,0.0009789856969208797,0.5810742369700754,0.238286221450303
HALLMARK_PEROXISOME,PEX6,0.11290322580645161,0.0,0.14950875609688025,0.013021362662919315,0.25,0.0,0.4615821220398768,0.1964704934228969
HALLMARK_PEROXISOME,RETSAT,0.03225806451612903,0.0,0.00011699046294417413,0.010455702360865016,0.041666666666666664,0.0,0.00036118757865892596,0.140819685008373
HALLMARK_PEROXISOME,DHRS3,0.04838709677419355,0.010576414595452142,0.0006829962086257744,0.01424583255747525,0.08333333333333333,0.05873914181525278,0.0021086312736036806,0.22303002644319714
HALLMARK_PEROXISOME,RDH11,0.04838709677419355,0.010576414595452142,0.0006829962086257744,0.01424583255747525,0.08333333333333333,0.05873914181525278,0.0021086312736036806,0.22303002644319714
HALLMARK_PEROXISOME,ALB,0.016129032258064516,0.0,1.173535978714359e-12,0.015873015873015872,0.0,0.0,0.0,0.2583246704285896
HALLMARK_PEROXISOME,SERPINA6,0.016129032258064516,0.0,1.173535978714359e-12,0.015873015873015872,0.0,0.0,0.0,0.2583246704285896
HALLMARK_PEROXISOME,ALDH1A1,0.06451612903225806,0.06240084611316764,0.007175480237723913,0.01591517051710032,0.125,0.3465609367099914,0.022153039599379223,0.259239031546407
HALLMARK_PEROXISOME,FADS1,0.016129032258064516,0.0,1.173535978714359e-12,0.015873015873015872,0.0,0.0,0.0,0.2583246704285896
HALLMARK_PEROXISOME,ELOVL5,0.016129032258064516,0.0,1.173535978714359e-12,0.015873015873015872,0.0,0.0,0.0,0.2583246704285896
HALLMARK_PEROXISOME,IDH2,0.03225806451612903,0.008637405252952582,0.005197256707526575,0.008000124823824204,0.041666666666666664,0.0479702991491231,0.01604562061748907,0.08755664198141871
HALLMARK_PEROXISOME,FDPS,0.03225806451612903,0.0,2.6873859309435903e-08,0.011667443474299363,0.041666666666666664,0.0,8.296471489792141e-08,0.16710312264730856
HALLMARK_PEROXISOME,IDI1,0.03225806451612903,0.0,2.6873859309435903e-08,0.011667443474299363,0.041666666666666664,0.0,8.296471489792141e-08,0.16710312264730856
HALLMARK_PEROXISOME,MVP,0.016129032258064516,0.0,1.173535978714359e-12,0.015873015873015872,0.0,0.0,0.0,0.2583246704285896
HALLMARK_PEROXISOME,ABCB1,0.016129032258064516,0.0,1.173535978714359e-12,0.015873015873015872,0.0,0.0,0.0,0.2583246704285896
HALLMARK_PEROXISOME,GSTK1,0.016129032258064516,0.0,0.027189349957539258,0.00396351498988189,0.0,0.0,0.08394236014986489,0.0
HALLMARK_PI3K_AKT_MTOR_SIGNALING,TNFRSF1A,0.11235955056179775,0.023823353678300824,0.13367698755797974,0.014436600880139988,0.28125,0.08062707920748131,0.3776673510904297,0.24878415746648846
HALLMARK_PI3K_AKT_MTOR_SIGNALING,GRB2,0.15730337078651685,0.05109958085817701,0.204990958430579,0.01982415885788211,0.40625,0.17293996508451234,0.5795591303244434,0.3653021166024106
HALLMARK_PI3K_AKT_MTOR_SIGNALING,RIPK1,0.11235955056179775,0.006051354720783298,0.07312232060169249,0.014686697535834951,0.28125,0.02048003244940114,0.20623545207910524,0.254193055529152
HALLMARK_PI3K_AKT_MTOR_SIGNALING,TRAF2,0.15730337078651685,0.04137049801635926,0.1331768371170428,0.019805711507457777,0.40625,0.14001313439996974,0.37625141167253046,0.3649031514995219
HALLMARK_PI3K_AKT_MTOR_SIGNALING,FASLG,0.0449438202247191,0.0020702063747835378,0.03968198128738247,0.006751498509123844,0.09375,0.007006347452564456,0.11156494755179067,0.08257667576125904
HALLMARK_PI3K_AKT_MTOR_SIGNALING,MAPK8,0.1797752808988764,0.06926946175135382,0.18666360407130966,0.02251919806621177,0.46875,0.23443359212573908,0.5276738947251615,0.42358835122729827
HALLMARK_PI3K_AKT_MTOR_SIGNALING,MYD88,0.0898876404494382,0.025275218803858145,0.059887042209987654,0.013235570731234308,0.21875,0.08554073015929975,0.1687660211883136,0.2228092013937465
HALLMARK_PI3K_AKT_MTOR_SIGNALING,TBK1,0.11235955056179775,0.025133262203838987,0.10010450919785181,0.015105864675969787,0.28125,0.08506029628805203,0.28262275735254344,0.26325847995838864
HALLMARK_PI3K_AKT_MTOR_SIGNALING,EGFR,0.3258426966292135,0.2213180993623041,0.3098215829755273,0.04476952393202625,0.875,0.749022667769353,0.8763374620962397,0.9048012812235415
HALLMARK_PI3K_AKT_MTOR_SIGNALING,AKT1,0.3707865168539326,0.2954758365610034,0.35350274057173864,0.04917132276731684,1.0,1.0,1.0,1.0
HALLMARK_PI3K_AKT_MTOR_SIGNALING,MAP3K7,0.15730337078651685,0.05274698730074804,0.11760657164569968,0.020026561431395706,0.40625,0.17851540049657494,0.33217156924205915,0.3696795237481145
HALLMARK_PI3K_AKT_MTOR_SIGNALING,MAPK1,0.2584269662921348,0.10896705696611343,0.2537645827435838,0.03244630913971384,0.6874999999999999,0.36878500196281294,0.7176385791583236,0.6382842723067091
HALLMARK_PI3K_AKT_MTOR_SIGNALING,PTPN11,0.11235955056179775,0.00523443661840956,0.1699105409547288,0.01395783427775547,0.28125,0.017715278106434494,0.48024552018872385,0.2384297617193336
HALLMARK_PI3K_AKT_MTOR_SIGNALING,DUSP3,0.033707865168539325,0.00024791453864487573,0.043824276517896124,0.005335040905714676,0.0625,0.0008390348988611519,0.12329189732009052,0.05194262043718744
HALLMARK_PI3K_AKT_MTOR_SIGNALING,RPS6KA3,0.0449438202247191,0.0002459275346149708,0.05872660628330759,0.006644928051577388,0.09375,0.0008323101390532726,0.16548079571204546,0.08027185189322923
HALLMARK_PI3K_AKT_MTOR_SIGNALING,PLCG1,0.1797752808988764,0.04332701556844111,0.20673640203051816,0.02315762758228424,0.46875,0.14663471664118935,0.5845005283370976,0.4373958136383245
HALLMARK_PI3K_AKT_MTOR_SIGNALING,CDKN1B,0.1348314606741573,0.015201745950904844,0.18612327768898393,0.016500359571680986,0.34375,0.05144835573641339,0.5261442161311914,0.29341754273692505
HALLMARK_PI3K_AKT_MTOR_SIGNALING,PPP2R1B,0.0449438202247191,0.007524503105715928,0.06165309286016097,0.007028060586947268,0.09375,0.02546571385766238,0.1737657583172115,0.08855794761308984
HALLMARK_PI3K_AKT_MTOR_SIGNALING,YWHAB,0.06741573033707865,0.004514975221333563,0.0781416064170546,0.009317792568467986,0.15625,0.015280353459296863,0.22044518589911413,0.13807850935131474
HALLMARK_PI3K_AKT_MTOR_SIGNALING,CDKN1A,0.11235955056179775,0.010007705540470617,0.16266044113008254,0.013919320954565734,0.28125,0.033869793404931924,0.4597202916071185,0.2375968251948174
HALLMARK_PI3K_AKT_MTOR_SIGNALING,MKNK2,0.033707865168539325,0.0015103375545915732,0.02660788960856291,0.006321622463627313,0.0625,0.005111543374138994,0.07455184060222825,0.07327964736553529
HALLMARK_PI3K_AKT_MTOR_SIGNALING,RAF1,0.1348314606741573,0.023545448735000574,0.18065934646918932,0.017325619100408304,0.34375,0.07968654563785091,0.5106756791519884,0.31126562092783083
HALLMARK_PI3K_AKT_MTOR_SIGNALING,MAP2K3,0.0898876404494382,0.0069041437173684534,0.10799827262328227,0.011509607886031732,0.21875,0.023366187224392668,0.3049702149868914,0.1854814048116455
HALLMARK_PI3K_AKT_MTOR_SIGNALING,TSC2,0.16853932584269662,0.05778764229016352,0.15729892957473599,0.02160454522018516,0.4375,0.19557484958074664,0.44454170746648214,0.40380694314274956
HALLMARK_PI3K_AKT_MTOR_SIGNALING,HRAS,0.16853932584269662,0.04183325555165812,0.20973988475510555,0.021002596317954227,0.4375,0.14157927781353893,0.5930034691177877,0.39078845538227974
HALLMARK_PI3K_AKT_MTOR_SIGNALING,PRKCB,0.0898876404494382,0.01469278290494022,0.09130945801150447,0.013224618075836189,0.21875,0.04972583570943465,0.2577237297042578,0.22257232578899566
HALLMARK_PI3K_AKT_MTOR_SIGNALING,RPS6KA1,0.07865168539325842,0.008192517140792771,0.07269376197064374,0.011240785918362693,0.1875,0.027726521519133965,0.20502219101020336,0.17966753010753947
HALLMARK_PI3K_AKT_MTOR_SIGNALING,SMAD2,0.033707865168539325,0.0005027191058856023,0.07766066429416621,0.0054445533685291815,0.0625,0.0017013882141317224,0.21908362574883186,0.05431107173178351
HALLMARK_PI3K_AKT_MTOR_SIGNALING,GSK3B,0.11235955056179775,0.017502768060513842,0.1380248371560286,0.014152771298781695,0.28125,0.0592358693835198,0.3899762308295784,0.24264570963930962
HALLMARK_PI3K_AKT_MTOR_SIGNALING,MKNK1,0.02247191011235955,0.0,0.02374254514819242,0.00465677942599222,0.03125,0.0,0.06643997298156272,0.037273702960239595
HALLMARK_PI3K_AKT_MTOR_SIGNALING,MAP2K6,0.07865168539325842,0.0016599054020499545,0.08040013226204488,0.010224321046297188,0.1875,0.005617736534294416,0.2268391336166755,0.15768420985080522
HALLMARK_PI3K_AKT_MTOR_SIGNALING,PRKAA2,0.0898876404494382,0.03735205214914957,0.04272039812111399,0.013991907108496003,0.21875,0.12641322073535421,0.12016678773977452,0.2391666626893598
HALLMARK_PI3K_AKT_MTOR_SIGNALING,EIF4E,0.056179775280898875,0.002489785495403473,0.03670204408430803,0.008687397913492712,0.125,0.008426359070107706,0.1031286647789646,0.12444481873464394
HALLMARK_PI3K_AKT_MTOR_SIGNALING,SFN,0.10112359550561797,0.030613283663962938,0.12491269808891871,0.014136995666937756,0.25,0.10360672473345406,0.352855410695304,0.24230452641044609
HALLMARK_PI3K_AKT_MTOR_SIGNALING,PTEN,0.19101123595505617,0.05155770565479145,0.2255893834514464,0.023389233463690314,0.5,0.17449042958931413,0.6378738283562033,0.4424048074601639
HALLMARK_PI3K_AKT_MTOR_SIGNALING,PRKAG1,0.07865168539325842,0.031032184143662957,0.03712596758782702,0.012600792876310657,0.1875,0.10502443957800965,0.10432880367653719,0.20908071430071673
HALLMARK_PI3K_AKT_MTOR_SIGNALING,AKT1S1,0.07865168539325842,0.010286755341713512,0.07165869526199793,0.011098799458360828,0.1875,0.03481420159915421,0.2020918891790556,0.1765967561849756
HALLMARK_PI3K_AKT_MTOR_SIGNALING,MAPKAP1,0.06741573033707865,0.004242639457284418,0.07859739156703431,0.009486063491993763,0.15625,0.014358668061198603,0.22173552597907176,0.14171774342956356
HALLMARK_PI3K_AKT_MTOR_SIGNALING,RPTOR,0.12359550561797752,0.045921855082343206,0.09924918442631218,0.0170048873786073,0.3125,0.1554166175373947,0.280201309803962,0.3043290819970582
HALLMARK_PI3K_AKT_MTOR_SIGNALING,NOD1,0.011235955056179775,0.0,0.005071617280114067,0.003072843565867061,0.0,0.0,0.013582071491679271,0.0030175567458593715
HALLMARK_PI3K_AKT_MTOR_SIGNALING,PFN1,0.033707865168539325,0.0,0.0060941738222712455,0.007264447780872145,0.0625,0.0,0.01647695670333442,0.09367034798368173
HALLMARK_PI3K_AKT_MTOR_SIGNALING,ACTR2,0.07865168539325842,0.04171387838595126,0.03531442828870837,0.013970048889337438,0.1875,0.14117526113624893,0.09920028695286773,0.2386939299415687
HALLMARK_PI3K_AKT_MTOR_SIGNALING,CFL1,0.0449438202247191,0.026947074089452478,0.030282057076933863,0.008771119776597919,0.09375,0.09119890953888216,0.08495350802190291,0.1262554907801936
HALLMARK_PI3K_AKT_MTOR_SIGNALING,ACTR3,0.0449438202247191,0.0011996912405492588,0.006369747991679822,0.009582098309270282,0.09375,0.004060200842519902,0.017257114625997647,0.14379471057521284
HALLMARK_PI3K_AKT_MTOR_SIGNALING,MAPK9,0.0898876404494382,0.004967953126036734,0.07708108544079181,0.011982516777782578,0.21875,0.016813398969803946,0.21744282234828632,0.19570911449972422
HALLMARK_PI3K_AKT_MTOR_SIGNALING,ARPC3,0.02247191011235955,0.0,0.0035298573203527976,0.005400143573755546,0.03125,0.0,0.009217307370157581,0.053350610856179585
HALLMARK_PI3K_AKT_MTOR_SIGNALING,CDK4,0.07865168539325842,0.0006787853037026865,0.08998241882337031,0.010162851167572125,0.1875,0.0022972616360206013,0.2539668458913469,0.15635478660432375
HALLMARK_PI3K_AKT_MTOR_SIGNALING,CDK2,0.0898876404494382,0.0012557832121612691,0.09701720549460703,0.011449826088409113,0.21875,0.004250036912585244,0.2738825171155026,0.1841884900845573
HALLMARK_PI3K_AKT_MTOR_SIGNALING,CDK1,0.07865168539325842,0.006948089139716872,0.09010874861754825,0.01045475963764262,0.1875,0.02351491485931501,0.25432448895349546,0.16266795842124365
HALLMARK_PI3K_AKT_MTOR_SIGNALING,E2F1,0.0898876404494382,0.0034331773095818054,0.1282756062355452,0.01148668875569694,0.21875,0.011619147438721264,0.36237589456144437,0.18498572749312506
HALLMARK_PI3K_AKT_MTOR_SIGNALING,VAV3,0.10112359550561797,0.008672250640079116,0.13875374465742982,0.01351589753382866,0.25,0.029350117901396175,0.39203978766920256,0.22887189381660955
HALLMARK_PI3K_AKT_MTOR_SIGNALING,PIK3R3,0.12359550561797752,0.011214160953130145,0.17630401651458208,0.015516535868875646,0.3125,0.03795288671875844,0.4983456223212208,0.2721401605771388
HALLMARK_PI3K_AKT_MTOR_SIGNALING,PLCB1,0.0898876404494382,0.01805325863144544,0.09453030984359244,0.012962444352148212,0.21875,0.061098933982434794,0.2668420483040039,0.21690223419102259
HALLMARK_PI3K_AKT_MTOR_SIGNALING,LCK,0.07865168539325842,0.03087019901064747,0.08945260330077381,0.011887233718198387,0.1875,0.10447622171051563,0.25246692382539015,0.19364840579109535
HALLMARK_PI3K_AKT_MTOR_SIGNALING,NGF,0.0449438202247191,0.00984839893456161,0.0748647768882803,0.007466689859741575,0.09375,0.03333064066823727,0.21116839292691142,0.0980442840746949
HALLMARK_PI3K_AKT_MTOR_SIGNALING,NCK1,0.06741573033707865,0.008730249287090189,0.07512759330568886,0.009975159453265423,0.15625,0.029546406869340593,0.21191243330880674,0.15229553460405018
HALLMARK_PI3K_AKT_MTOR_SIGNALING,ITPR2,0.033707865168539325,0.0,0.03324377302789164,0.00567983452816752,0.0625,0.0,0.09333820593744659,0.05939955164373083
HALLMARK_PI3K_AKT_MTOR_SIGNALING,RAC1,0.10112359550561797,0.04114352101770537,0.09063252602860339,0.015152009691297744,0.25,0.1392449599147203,0.2558073169624619,0.2642564688491852
HALLMARK_PI3K_AKT_MTOR_SIGNALING,PIKFYVE,0.0449438202247191,0.0,0.05954435194981167,0.006642573971500824,0.09375,0.0,0.1677958557984674,0.08022093966039628
HALLMARK_PI3K_AKT_MTOR_SIGNALING,IRAK4,0.0449438202247191,0.0019604100356143254,0.029477654818697914,0.0070118944555979616,0.09375,0.006634755851548567,0.08267622348497478,0.088208318961347
HALLMARK_PI3K_AKT_MTOR_SIGNALING,UBE2N,0.06741573033707865,0.006203989304871563,0.03565022774293298,0.01012153247164255,0.15625,0.020996604585602718,0.10015094428479966,0.15546117763644599
HALLMARK_PI3K_AKT_MTOR_SIGNALING,SQSTM1,0.0898876404494382,0.029446728454277957,0.05528164549769447,0.01272648380409876,0.21875,0.09965866852939238,0.1557280186069625,0.2117990609891932
HALLMARK_PI3K_AKT_MTOR_SIGNALING,PIN1,0.011235955056179775,0.0,0.01057772406413561,0.0030017833777017233,0.0,0.0,0.02917000863325981,0.0014807216649105523
HALLMARK_PI3K_AKT_MTOR_SIGNALING,CAB39,0.033707865168539325,0.0,0.0073872690602124185,0.006534924451560623,0.0625,0.0,0.02013774427570731,0.07789277866106897
HALLMARK_PI3K_AKT_MTOR_SIGNALING,CAB39L,0.033707865168539325,0.0,0.0073872690602124185,0.006534924451560623,0.0625,0.0,0.02013774427570731,0.07789277866106897
HALLMARK_PI3K_AKT_MTOR_SIGNALING,ATF1,0.011235955056179775,0.0,0.0002740398135027228,0.005211176827066406,0.0,0.0,0.0,0.04926378343645855
HALLMARK_PI3K_AKT_MTOR_SIGNALING,CAMK4,0.02247191011235955,0.02247191011235955,0.003236139617039704,0.008322671126859572,0.03125,0.07605329211994646,0.00838578461257134,0.11655678838837812
HALLMARK_PI3K_AKT_MTOR_SIGNALING,RALB,0.033707865168539325,0.00028089887640449435,0.030812174613787303,0.005419892207726732,0.0625,0.0009506661514993307,0.0864542850983848,0.05377771911850388
HALLMARK_PI3K_AKT_MTOR_SIGNALING,SLC2A1,0.02247191011235955,0.0011298579697456102,0.029695759986545233,0.004754751356140154,0.03125,0.0038238591111065074,0.08329368511076887,0.039392564492794
HALLMARK_PI3K_AKT_MTOR_SIGNALING,AP2M1,0.02247191011235955,0.0,0.028663390887259388,0.00518064982679569,0.03125,0.0,0.08037102028463845,0.04860356895992194
HALLMARK_PI3K_AKT_MTOR_SIGNALING,STAT2,0.02247191011235955,0.00039395685463101206,0.034713369355544914,0.004262753575259873,0.03125,0.0013332963507818902,0.0974986728658096,0.0287520149962672
HALLMARK_PI3K_AKT_MTOR_SIGNALING,HSP90B1,0.0449438202247191,0.04468845760980593,0.05698865554942741,0.011082676580962488,0.09375,0.15124234228398448,0.16056061020574453,0.1762480629964077
HALLMARK_PI3K_AKT_MTOR_SIGNALING,SLA,0.011235955056179775,0.0,0.0262361425389424,0.002978856316706086,0.0,0.0,0.07349941459940763,0.0009848728281587268
HALLMARK_PI3K_AKT_MTOR_SIGNALING,CLTC,0.02247191011235955,0.0,0.028663390887259388,0.00518064982679569,0.03125,0.0,0.08037102028463845,0.04860356895992194
HALLMARK_PI3K_AKT_MTOR_SIGNALING,ADCY2,0.033707865168539325,0.044830131313938336,0.037941438060834054,0.007883521048242793,0.0625,0.1517218187304558,0.10663742262866809,0.10705918833911587
HALLMARK_PI3K_AKT_MTOR_SIGNALING,TIAM1,0.033707865168539325,0.0003433495485334096,0.03718587936317589,0.0055643037100260705,0.0625,0.0011620224263669096,0.10449841553202986,0.05690093999022123
HALLMARK_PI3K_AKT_MTOR_SIGNALING,DDIT3,0.011235955056179775,0.0,0.004825875838104571,0.004022290357510948,0.0,0.0,0.012886370826693696,0.023551461518213728
HALLMARK_PI3K_AKT_MTOR_SIGNALING,CALR,0.011235955056179775,0.0,0.004825875838104571,0.004022290357510948,0.0,0.0,0.012886370826693696,0.023551461518213728
HALLMARK_PI3K_AKT_MTOR_SIGNALING,PDK1,0.033707865168539325,0.0038641006592998422,0.040854459773957366,0.006268115478290574,0.0625,0.013077552141906085,0.11488426584064451,0.07212243945116861
HALLMARK_PI3K_AKT_MTOR_SIGNALING,GRK2,0.033707865168539325,0.004951183771285947,0.03397762149758807,0.006825775817002633,0.0625,0.0167566452435231,0.09541575079187421,0.08418308823234565
HALLMARK_PI3K_AKT_MTOR_SIGNALING,GNA14,0.033707865168539325,0.000966729899314169,0.013759440511706862,0.006911865105701699,0.0625,0.0032717731187963985,0.03817753390156735,0.08604496113730921
HALLMARK_PI3K_AKT_MTOR_SIGNALING,CXCR4,0.033707865168539325,0.004951183771285947,0.03397762149758807,0.006825775817002633,0.0625,0.0167566452435231,0.09541575079187421,0.08418308823234565
HALLMARK_PI3K_AKT_MTOR_SIGNALING,UBE2D3,0.02247191011235955,0.00019587002733070148,0.007700669053476984,0.004452506355735776,0.03125,0.0006628969380725063,0.021024988128179732,0.03285584215000946
HALLMARK_PI3K_AKT_MTOR_SIGNALING,ACACA,0.02247191011235955,0.0,0.006761677544101238,0.004683370969862776,0.03125,0.0,0.018366677783181944,0.0378488044134158
HALLMARK_PI3K_AKT_MTOR_SIGNALING,PPP1CA,0.0449438202247191,0.0016075091374923311,0.054396383647862354,0.0068212134019643685,0.09375,0.005440408109853841,0.15322181838050347,0.08408441582989803
HALLMARK_PI3K_AKT_MTOR_SIGNALING,PAK4,0.02247191011235955,0.00022226796164265633,0.02297339521591487,0.004324893435550326,0.03125,0.0007522373545992729,0.06426248873233126,0.030095928088608392
HALLMARK_PI3K_AKT_MTOR_SIGNALING,ARHGDIA,0.02247191011235955,0.0002220236068550675,0.014014549884147843,0.004684405712266365,0.03125,0.0007514103672204306,0.03889975543082974,0.03787118302606288
HALLMARK_PI3K_AKT_MTOR_SIGNALING,THEM4,0.011235955056179775,0.0,0.029935193034512468,0.002933317761948031,0.0,0.0,0.08397152654169811,0.0
HALLMARK_PI3K_AKT_MTOR_SIGNALING,CSNK2B,0.02247191011235955,0.00021428769547150278,0.025258961153441464,0.004201028631578204,0.03125,0.0007252291692124927,0.07073298768278583,0.027417075401133237
HALLMARK_PI3K_AKT_MTOR_SIGNALING,IL2RG,0.011235955056179775,0.0,0.007575024081883807,0.003110102070306966,0.0,0.0,0.02066928381728011,0.003823355015823196
HALLMARK_PROTEIN_SECRETION,M6PR,0.0136986301369863,0.0,7.5316868197827075e-06,0.007250972146260927,0.0,0.0,2.4240596935529295e-05,0.12198688197975546
HALLMARK_PROTEIN_SECRETION,IGF2R,0.0273972602739726,0.02207001522070015,9.749318091787876e-05,0.012291635076555422,0.05,0.13923084669572,0.0003137800281851376,0.2804232668038956
HALLMARK_PROTEIN_SECRETION,VAMP3,0.1917808219178082,0.04118474041894158,0.24142365579420766,0.018796330892720075,0.65,0.25981795762852067,0.7770176417105046,0.484876630130379
HALLMARK_PROTEIN_SECRETION,SNAP23,0.1506849315068493,2.5367833587011666e-05,0.21984775254762742,0.014361040470618626,0.5,0.00016003545597209195,0.7075759898422124,0.3454681059262357
HALLMARK_PROTEIN_SECRETION,VAMP4,0.1917808219178082,0.007913005365187391,0.24939641224732012,0.018338009236734662,0.65,0.049919967244493095,0.80267781323243,0.4704708213577818
HALLMARK_PROTEIN_SECRETION,CLTC,0.1506849315068493,0.12890562155746485,0.04283272204944708,0.023350794326730814,0.5,0.81321370437707,0.1378563362625603,0.6280309594868635
HALLMARK_PROTEIN_SECRETION,GOSR2,0.2191780821917808,0.01294347743114831,0.2545831692498341,0.02088636491960183,0.75,0.08165519162104824,0.8193712962341714,0.5505698613497176
HALLMARK_PROTEIN_SECRETION,STX7,0.1780821917808219,0.005421148652943894,0.24125348150331027,0.017078872344535315,0.6,0.034199845784646236,0.776469938852813,0.43089406330879393
HALLMARK_PROTEIN_SECRETION,YKT6,0.2054794520547945,0.0052198048169039305,0.259902470480687,0.019271809703022905,0.7,0.032929648528845744,0.8364913704222131,0.49982171668082254
HALLMARK_PROTEIN_SECRETION,NAPA,0.2191780821917808,0.018538237269086228,0.2624709863412733,0.021150696030739567,0.75,0.11695028052360104,0.8447580919666422,0.5588782259883276
HALLMARK_PROTEIN_SECRETION,STX12,0.1917808219178082,0.009935305221894987,0.2454037371044356,0.01860217544508133,0.65,0.06267784341749826,0.7898274609608831,0.4787740028285376
HALLMARK_PROTEIN_SECRETION,VAMP7,0.1780821917808219,0.023571916451650538,0.2362814109616694,0.0171924505972724,0.6,0.14870573730850195,0.7604674203176067,0.4344640159136698
HALLMARK_PROTEIN_SECRETION,STX16,0.2054794520547945,0.030887886123653823,0.2508353412380985,0.020697694314855956,0.7,0.19485924656742812,0.8073089799974489,0.5446396317446259
HALLMARK_PROTEIN_SECRETION,SEC22B,0.2876712328767123,0.035446444567895315,0.29386427006870197,0.027515064225010346,1.0,0.22361735776747704,0.9457968042137486,0.7589208597319593
HALLMARK_PROTEIN_SECRETION,RAB9A,0.0410958904109589,0.0,0.05787921726599344,0.005421274537043996,0.1,0.0,0.18628320723636047,0.06447645556670303
HALLMARK_PROTEIN_SECRETION,BET1,0.2876712328767123,0.02709213529195028,0.31070550118108575,0.02711114025499873,1.0,0.17091338169786588,1.0,0.7462248603292149
HALLMARK_PROTEIN_SECRETION,NAPG,0.136986301369863,0.0,0.20018249484585524,0.013251454625369155,0.45,0.0,0.6442837158817624,0.31059198498650586
HALLMARK_PROTEIN_SECRETION,ZW10,0.0821917808219178,0.001194570461648688,0.08067249534853403,0.009391234009218331,0.25,0.007536064436287578,0.2596429578551826,0.18925885728006364
HALLMARK_PROTEIN_SECRETION,ARCN1,0.1780821917808219,0.036353004613904144,0.11830677327906192,0.019896843785923896,0.6,0.22933648036545032,0.38076819634458364,0.5194675731596488
HALLMARK_PROTEIN_SECRETION,COPB1,0.1917808219178082,0.025809423949157233,0.14470599987369642,0.02062704770202406,0.65,0.1628212719037697,0.46573362661306306,0.5424190916902838
HALLMARK_PROTEIN_SECRETION,COPB2,0.1780821917808219,0.045601530138538696,0.1375042591886717,0.019499336663049916,0.6,0.2876817069819726,0.44255495530647626,0.5069732658907595
HALLMARK_PROTEIN_SECRETION,COPE,0.0958904109589041,0.001019922809306371,0.08751023490854137,0.010694527819546346,0.3,0.006434282662877947,0.2816500981665547,0.23022354040359586
HALLMARK_PROTEIN_SECRETION,MAPK1,0.0273972602739726,0.000380517503805175,2.4262492316608704e-17,0.019730353635157388,0.05,0.0024005318395813793,7.684621914711584e-17,0.5142345119609443
HALLMARK_PROTEIN_SECRETION,RPS6KA3,0.0136986301369863,0.0,1.715617284556052e-17,0.010405093452691574,0.0,0.0,5.397465928082795e-17,0.22112613885890361
HALLMARK_PROTEIN_SECRETION,ATP1A1,0.0136986301369863,0.0,1.715617284556052e-17,0.010405093452691574,0.0,0.0,5.397465928082795e-17,0.22112613885890361
HALLMARK_PROTEIN_SECRETION,GLA,0.0136986301369863,0.0,1.715617284556052e-17,0.010405093452691574,0.0,0.0,5.397465928082795e-17,0.22112613885890361
HALLMARK_PROTEIN_SECRETION,GALC,0.0273972602739726,0.000380517503805175,2.4262492316608704e-17,0.019730353635157388,0.05,0.0024005318395813793,7.684621914711584e-17,0.5142345119609443
HALLMARK_PROTEIN_SECRETION,USO1,0.1506849315068493,0.008621555617364034,0.15734184851886363,0.015688751606820258,0.5,0.05438992571758427,0.506401875476165,0.3872002660447557
HALLMARK_PROTEIN_SECRETION,LMAN1,0.1506849315068493,0.023834056707411528,0.12595337693601627,0.0173790587347727,0.5,0.15035947471636754,0.4053786510288016,0.44032941875713794
HALLMARK_PROTEIN_SECRETION,COG2,0.0821917808219178,0.0008566928800947065,0.1135599919761659,0.008864631953351949,0.25,0.005404530711057521,0.3654907671234978,0.17270688244536567
HALLMARK_PROTEIN_SECRETION,SEC24D,0.0958904109589041,0.0008175086371433403,0.09920485964110937,0.010710283220664639,0.3,0.00515733308710063,0.3192890349993857,0.230718758756649
HALLMARK_PROTEIN_SECRETION,SEC31A,0.0958904109589041,0.019873673472214543,0.08280364742577274,0.011306271647047192,0.3,0.12537501024899242,0.26650203202392936,0.24945166214234776
HALLMARK_PROTEIN_SECRETION,CAV2,0.0136986301369863,0.0,0.0006915010131672389,0.00451930553339234,0.0,0.0,0.0022255834239774757,0.03612607583725523
HALLMARK_PROTEIN_SECRETION,EGFR,0.1643835616438356,0.13905872087048488,0.00895143219101018,0.03518501129534533,0.55,0.877265523091342,0.028810021570210616,1.0
HALLMARK_PROTEIN_SECRETION,CTSC,0.0136986301369863,0.0,0.009729420990503408,0.0033699522993357487,0.0,0.0,0.031313964360202604,0.0
HALLMARK_PROTEIN_SECRETION,ATP6V1B1,0.0136986301369863,0.0,5.3742659969778136e-05,0.006180421143505515,0.0,0.0,0.0001729697728733016,0.08833769079360408
HALLMARK_PROTEIN_SECRETION,ATP6V1H,0.0273972602739726,0.02207001522070015,0.0006956533550151763,0.009772673226877911,0.05,0.13923084669572,0.0022389476606329358,0.20124812367455383
HALLMARK_PROTEIN_SECRETION,VPS45,0.0958904109589041,0.06208782689045848,0.09833996289346648,0.013163624012255074,0.3,0.39168712033092956,0.31650538056019767,0.3078313233411794
HALLMARK_PROTEIN_SECRETION,DOP1A,0.0136986301369863,0.0,3.859492826325304e-19,0.013513513513513514,0.0,0.0,0.0,0.3188289298929172
HALLMARK_PROTEIN_SECRETION,MON2,0.0136986301369863,0.0,3.859492826325304e-19,0.013513513513513514,0.0,0.0,0.0,0.3188289298929172
HALLMARK_PROTEIN_SECRETION,VPS4B,0.0136986301369863,0.0,0.00018384849925215298,0.005165064159293792,0.0,0.0,0.0005917130483795387,0.05642333902895469
HALLMARK_PROTEIN_SECRETION,TSG101,0.0958904109589041,0.06822346645406005,0.0023798382804784374,0.025842580557476087,0.3,0.4303944018129449,0.007659466187215709,0.7063519279017831
HALLMARK_PROTEIN_SECRETION,CLTA,0.0821917808219178,0.0021979717813051143,0.00809187472127836,0.013254195092033,0.25,0.013866119667981932,0.026043551499792223,0.31067812239282616
HALLMARK_PROTEIN_SECRETION,AP1G1,0.1232876712328767,0.03536483734677397,0.028998834191101403,0.018205842658543945,0.4,0.22310253064209504,0.09333221999889943,0.4663166068957783
HALLMARK_PROTEIN_SECRETION,AP3S1,0.0821917808219178,0.0008703582904496146,0.005703419333649545,0.013380085667456944,0.25,0.005490740287042488,0.018356351310064096,0.3146350716928333
HALLMARK_PROTEIN_SECRETION,AP2S1,0.0684931506849315,0.003996037785992124,0.004671982199741408,0.011920301862379884,0.2,0.02520939468360382,0.015036689669097549,0.2687516488376327
HALLMARK_PROTEIN_SECRETION,AP2B1,0.0821917808219178,0.0236591667647374,0.013810805528641433,0.013221248238868942,0.25,0.14925616443073414,0.04444982620565898,0.30964254822751697
HALLMARK_PROTEIN_SECRETION,AP2M1,0.0958904109589041,0.006194009567297237,0.00873378541632376,0.015715803474805494,0.3,0.039075514351585745,0.02810952938755186,0.38805055106194297
HALLMARK_PROTEIN_SECRETION,ARFGAP3,0.0684931506849315,0.00038368848300355146,0.03676811217477724,0.009230137961890556,0.2,0.002420536271577891,0.11833749977071698,0.18419534168677243
HALLMARK_PROTEIN_SECRETION,ARF1,0.1506849315068493,0.09243461543864799,0.04575807267608365,0.022274095459701646,0.5,0.5831327999921493,0.14727152400631258,0.5941885307437889
HALLMARK_PROTEIN_SECRETION,TMED10,0.1095890410958904,0.0013021550578628202,0.08108354930839605,0.012417909061703187,0.35,0.008214772369767451,0.2609659275428755,0.28439226730656963
HALLMARK_PROTEIN_SECRETION,GBF1,0.0547945205479452,0.0012409282298316679,0.029707024035940433,0.007781996261064175,0.15,0.00782851694483802,0.09561151612383763,0.13867784945116113
HALLMARK_PROTEIN_SECRETION,TMED2,0.0821917808219178,0.007764766831044025,0.05902921714000818,0.010125716281383135,0.25,0.048984789972736836,0.18998446089824686,0.21234485162811523
HALLMARK_PROTEIN_SECRETION,RAB5A,0.1095890410958904,0.15851383328101668,0.016142793790921418,0.022578520662431656,0.35,1.0,0.05195528798028283,0.6037571190895843
HALLMARK_PROTEIN_SECRETION,SCAMP3,0.0136986301369863,0.0,0.00018384849925215298,0.005165064159293792,0.0,0.0,0.0005917130483795387,0.05642333902895469
HALLMARK_PROTEIN_SECRETION,CD63,0.0410958904109589,0.0026572805682394725,0.0009775137850380209,0.010844230081213923,0.1,0.016763714013076633,0.003146110324156458,0.2349289304418904
HALLMARK_PROTEIN_SECRETION,STAM,0.0410958904109589,0.006352876564364188,0.00418404322473027,0.009461725863251292,0.1,0.040077742319824375,0.013466266959630435,0.19147453300902592
HALLMARK_PROTEIN_SECRETION,TOM1L1,0.0136986301369863,0.0,0.00018384849925215298,0.005165064159293792,0.0,0.0,0.0005917130483795387,0.05642333902895469
HALLMARK_PROTEIN_SECRETION,AP3B1,0.0547945205479452,0.002890052404892587,0.00952411524771609,0.009167552867385766,0.15,0.018232177880456914,0.030653191564076088,0.18222818850586397
HALLMARK_PROTEIN_SECRETION,SGMS1,0.0136986301369863,0.0,1.715617284556052e-17,0.010405093452691574,0.0,0.0,5.397465928082795e-17,0.22112613885890361
HALLMARK_PROTEIN_SECRETION,ARFGEF1,0.0136986301369863,0.0,3.859492826325304e-19,0.013513513513513514,0.0,0.0,0.0,0.3188289298929172
HALLMARK_PROTEIN_SECRETION,ARFGEF2,0.0136986301369863,0.0,3.859492826325304e-19,0.013513513513513514,0.0,0.0,0.0,0.3188289298929172
HALLMARK_PROTEIN_SECRETION,RAB2A,0.0136986301369863,0.0,3.859492826325304e-19,0.013513513513513514,0.0,0.0,0.0,0.3188289298929172
HALLMARK_PROTEIN_SECRETION,ICA1,0.0136986301369863,0.0,3.859492826325304e-19,0.013513513513513514,0.0,0.0,0.0,0.3188289298929172
HALLMARK_PROTEIN_SECRETION,SOD1,0.0136986301369863,0.0,3.859492826325304e-19,0.013513513513513514,0.0,0.0,0.0,0.3188289298929172
HALLMARK_PROTEIN_SECRETION,ATP7A,0.0136986301369863,0.0,3.859492826325304e-19,0.013513513513513514,0.0,0.0,0.0,0.3188289298929172
HALLMARK_PROTEIN_SECRETION,LAMP2,0.0273972602739726,0.0018835616438356167,0.0013225084940865477,0.007498536921251181,0.05,0.01188263260592783,0.004256469515535747,0.12976825290291816
HALLMARK_PROTEIN_SECRETION,OCRL,0.0547945205479452,0.022531097559636372,0.008138996711204475,0.01180722264246684,0.15,0.14213962966684912,0.026195212766641343,0.2651973816609719
HALLMARK_PROTEIN_SECRETION,SNX2,0.0273972602739726,0.04337899543378995,0.0012545217989296115,0.009649943441268492,0.05,0.2736606297122772,0.00403765557468662,0.19739052323368045
HALLMARK_PROTEIN_SECRETION,GNAS,0.0273972602739726,0.015611867059836299,0.020067153000198183,0.005692172815232351,0.05,0.09848898822703538,0.06458576666301966,0.07299123714301041
HALLMARK_PROTEIN_SECRETION,KRT18,0.0136986301369863,0.0,0.0006915010131672389,0.00451930553339234,0.0,0.0,0.0022255834239774757,0.03612607583725523
HALLMARK_PROTEIN_SECRETION,ARFIP1,0.0136986301369863,0.0,0.003534740757319181,0.0037482083332757163,0.0,0.0,0.011376498787059,0.011889213657828216
HALLMARK_PROTEIN_SECRETION,ERGIC3,0.0136986301369863,0.0,0.0075961982361450265,0.0036254664212772266,0.0,0.0,0.024448225754837218,0.008031232064461229
HALLMARK_PROTEIN_SECRETION,RAB14,0.0136986301369863,0.0,0.0006287360213815787,0.004536066372892243,0.0,0.0,0.0020235754403818474,0.03665289678396494
HALLMARK_REACTIVE_OXYGEN_SPECIES_PATHWAY,NDUFB4,0.07407407407407407,0.0,8.640293448908967e-08,0.03571428571428571,0.06666666666666667,0.0,0.0,0.37797784039216753
HALLMARK_REACTIVE_OXYGEN_SPECIES_PATHWAY,NDUFA6,0.07407407407407407,0.0,8.640293448908967e-08,0.03571428571428571,0.06666666666666667,0.0,0.0,0.37797784039216753
HALLMARK_REACTIVE_OXYGEN_SPECIES_PATHWAY,NDUFS2,0.07407407407407407,0.0,8.640293448908967e-08,0.03571428571428571,0.06666666666666667,0.0,0.0,0.37797784039216753
HALLMARK_REACTIVE_OXYGEN_SPECIES_PATHWAY,GSR,0.5185185185185185,0.09110930222041334,0.32193639698189913,0.0689216373996042,0.8666666666666666,0.6574050658726599,0.883636695399005,0.8603528647639628
HALLMARK_REACTIVE_OXYGEN_SPECIES_PATHWAY,GLRX,0.25925925925925924,0.03285736896848008,0.16897336857608306,0.038197195866098196,0.39999999999999997,0.2370844719990211,0.463790469617069,0.41404496963340254
HALLMARK_REACTIVE_OXYGEN_SPECIES_PATHWAY,G6PD,0.07407407407407407,0.0,0.07380484849035181,0.013713995900249333,0.06666666666666667,0.0,0.20257608083521494,0.058398295603467376
HALLMARK_REACTIVE_OXYGEN_SPECIES_PATHWAY,GPX4,0.5185185185185185,0.13858929136706913,0.3193641612774148,0.07142684587286283,0.8666666666666666,1.0,0.8765765354139127,0.896743902802652
HALLMARK_REACTIVE_OXYGEN_SPECIES_PATHWAY,TXN,0.5925925925925926,0.12698525754081313,0.3634495051438163,0.07804836304592394,1.0,0.9162703430272876,0.9975800578173938,0.9929290649920764
HALLMARK_REACTIVE_OXYGEN_SPECIES_PATHWAY,PRDX6,0.25925925925925924,0.0035951702618369284,0.21099766310146476,0.03561789690166178,0.39999999999999997,0.025941183668474938,0.5791369139932913,0.3765776818887361
HALLMARK_REACTIVE_OXYGEN_SPECIES_PATHWAY,GCLM,0.18518518518518517,0.001875593542260209,0.13459217162670173,0.026912798262421853,0.26666666666666666,0.013533466574213813,0.36942246495932185,0.25012609947848496
HALLMARK_REACTIVE_OXYGEN_SPECIES_PATHWAY,SOD1,0.4074074074074074,0.13329263329263327,0.25610177508216286,0.060376053854263666,0.6666666666666666,0.961781620916099,0.7029367065294456,0.7362184227880513
HALLMARK_REACTIVE_OXYGEN_SPECIES_PATHWAY,NQO1,0.2222222222222222,0.0029518835074390628,0.17425047785700074,0.031068520822747987,0.3333333333333333,0.021299506464901904,0.4782748482131446,0.31049275534180126
HALLMARK_REACTIVE_OXYGEN_SPECIES_PATHWAY,MGST1,0.14814814814814814,0.0,0.1308426470132422,0.022375630605759513,0.19999999999999998,0.0,0.35913093390215034,0.18421851432380848
HALLMARK_REACTIVE_OXYGEN_SPECIES_PATHWAY,GCLC,0.25925925925925924,0.008202188757744314,0.20799550679173326,0.035838625110227416,0.39999999999999997,0.05918342374678796,0.5708967267468399,0.37978401330580797
HALLMARK_REACTIVE_OXYGEN_SPECIES_PATHWAY,GLRX2,0.18518518518518517,0.006198842309953421,0.12487483027771722,0.027793926840542674,0.26666666666666666,0.044728147815801284,0.34275073171420023,0.2629255067715884
HALLMARK_REACTIVE_OXYGEN_SPECIES_PATHWAY,PRDX1,0.25925925925925924,0.004324379324379324,0.21463689334746278,0.03547296092552511,0.39999999999999997,0.031202838846514667,0.5891257138978023,0.37447231992901725
HALLMARK_REACTIVE_OXYGEN_SPECIES_PATHWAY,GPX3,0.5925925925925926,0.11586510197621308,0.36433116529004966,0.07853513581335306,1.0,0.8360321409634132,1.0,1.0
HALLMARK_REACTIVE_OXYGEN_SPECIES_PATHWAY,SOD2,0.3333333333333333,0.031058653280875505,0.2492797782970049,0.04592650262189151,0.5333333333333333,0.22410572255985647,0.6842119883253428,0.5263220512276954
HALLMARK_REACTIVE_OXYGEN_SPECIES_PATHWAY,CAT,0.07407407407407407,0.0,0.05435103191236351,0.014359872030711759,0.06666666666666667,0.0,0.14918009650850894,0.06778039018075692
HALLMARK_REACTIVE_OXYGEN_SPECIES_PATHWAY,PRDX2,0.25925925925925924,0.0026500248722470944,0.2127414497710264,0.03564748364465797,0.39999999999999997,0.019121425949341277,0.5839231833252633,0.3770074634024536
HALLMARK_REACTIVE_OXYGEN_SPECIES_PATHWAY,TXNRD1,0.37037037037037035,0.03693867860534528,0.22794251860152415,0.05036639541940678,0.6,0.26653342578618927,0.6256464117605943,0.5908166070328325
HALLMARK_REACTIVE_OXYGEN_SPECIES_PATHWAY,PRNP,0.037037037037037035,0.0,0.02754236167990856,0.010022395664751502,0.0,0.0,0.07559683176385786,0.004773550985350673
HALLMARK_REACTIVE_OXYGEN_SPECIES_PATHWAY,ATOX1,0.07407407407407407,0.0018315018315018315,0.045714863968685536,0.014660395929219087,0.06666666666666667,0.01321531998205327,0.12547592070759184,0.07214584588588233
HALLMARK_REACTIVE_OXYGEN_SPECIES_PATHWAY,MSRA,0.1111111111111111,0.0009768009768009768,0.07068981196519772,0.018866259944807267,0.13333333333333333,0.0070481706570950774,0.19402606491379185,0.13324086412910985
HALLMARK_REACTIVE_OXYGEN_SPECIES_PATHWAY,TXNRD2,0.25925925925925924,0.01283407950074617,0.17711130627438015,0.03688483262806297,0.39999999999999997,0.09260513113349923,0.48612712484603054,0.39498138230096935
HALLMARK_REACTIVE_OXYGEN_SPECIES_PATHWAY,FTL,0.037037037037037035,0.0,0.03434611817771901,0.009693777933008907,0.0,0.0,0.09427148482555434,0.0
HALLMARK_REACTIVE_OXYGEN_SPECIES_PATHWAY,SELENOS,0.1111111111111111,0.0,0.07790831078790486,0.01845394304140612,0.13333333333333333,0.0,0.21383908455723472,0.12725148628857083
HALLMARK_REACTIVE_OXYGEN_SPECIES_PATHWAY,PRDX4,0.07407407407407407,0.0,0.07826950667097399,0.013675696777977312,0.06666666666666667,0.0,0.2148304792089686,0.05784195674770875
HALLMARK_SPERMATOGENESIS,TEKT2,0.027777777777777776,0.0,3.229677367745166e-09,0.02702702702702703,0.0,0.0,0.0,0.3936751987530594
HALLMARK_SPERMATOGENESIS,PACRG,0.027777777777777776,0.0,3.229677367745166e-09,0.02702702702702703,0.0,0.0,0.0,0.3936751987530594
HALLMARK_SPERMATOGENESIS,SIRT1,0.05555555555555555,0.047619047619047616,0.010399309148590608,0.02034231372859352,0.1,0.6926882902693786,0.029132627339779702,0.2304431378292973
HALLMARK_SPERMATOGENESIS,MTOR,0.05555555555555555,0.025396825396825397,0.0012839884613662282,0.02527667897259603,0.1,0.36943375481033525,0.0035969576773909637,0.35093396102105023
HALLMARK_SPERMATOGENESIS,EZH2,0.08333333333333333,0.06666666666666667,0.08421182902582801,0.01957291849836582,0.2,0.96976360637713,0.2359111038420228,0.21165550050094534
HALLMARK_SPERMATOGENESIS,AURKA,0.25,0.022448979591836733,0.32497105206273225,0.03626510769246556,0.8,0.32655305112699273,0.9103742630219784,0.6192571913798581
HALLMARK_SPERMATOGENESIS,NCAPH,0.19444444444444442,0.0,0.28348690649922204,0.0274645451245888,0.6,0.0,0.7941605308138567,0.4043588253452705
HALLMARK_SPERMATOGENESIS,CDK1,0.3055555555555555,0.06874527588813305,0.35696423435184976,0.04462568464253794,1.0,1.0,1.0,0.8234116771663798
HALLMARK_SPERMATOGENESIS,BUB1,0.25,0.008163265306122448,0.33460020705225185,0.03518768430612185,0.8,0.11874656404617917,0.9373493886788233,0.5929479045056467
HALLMARK_SPERMATOGENESIS,CDKN3,0.2222222222222222,0.0026455026455026454,0.29832809361980067,0.031481949687694064,0.7000000000000001,0.03848268279274326,0.8357366491658917,0.5024586535838086
HALLMARK_SPERMATOGENESIS,CCNB2,0.2777777777777778,0.014777021919879063,0.3478319567726865,0.03919665453993697,0.9000000000000001,0.21495327102803732,0.9744168272813931,0.6908417773215547
HALLMARK_SPERMATOGENESIS,KIF2C,0.25,0.008163265306122448,0.33460020705225185,0.03518768430612185,0.8,0.11874656404617917,0.9373493886788233,0.5929479045056467
HALLMARK_SPERMATOGENESIS,TTK,0.2222222222222222,0.00022675736961451246,0.3158387744835689,0.030865069158900006,0.7000000000000001,0.0032985156679494216,0.8847910903033712,0.4873952281886774
HALLMARK_SPERMATOGENESIS,NEK2,0.2222222222222222,0.00022675736961451246,0.3158387744835689,0.030865069158900006,0.7000000000000001,0.0032985156679494216,0.8847910903033712,0.4873952281886774
HALLMARK_SPERMATOGENESIS,PCSK1N,0.027777777777777776,0.0,1.075381636041398e-07,0.01875024725078259,0.0,0.0,2.922099110840454e-07,0.19156693167074562
HALLMARK_SPERMATOGENESIS,POMC,0.08333333333333333,0.004761904761904762,1.8626154944292823e-07,0.05185736635576032,0.2,0.06926882902693787,5.127456930342684e-07,1.0
HALLMARK_SPERMATOGENESIS,CCNA1,0.08333333333333333,0.0,0.12201457765142518,0.014179074896955468,0.2,0.0,0.341811766512785,0.07994480954805401
HALLMARK_SPERMATOGENESIS,TOPBP1,0.08333333333333333,0.025396825396825397,0.02432334148385607,0.024180368859156493,0.2,0.36943375481033525,0.06813942724097179,0.32416348467612843
HALLMARK_SPERMATOGENESIS,DBF4,0.027777777777777776,0.0,0.0029588419002976167,0.010905158434084811,0.0,0.0,0.008288893991755647,0.0
HALLMARK_SPERMATOGENESIS,RFC4,0.16666666666666666,0.06666666666666667,0.17300416259716628,0.030822232095416974,0.5000000000000001,0.96976360637713,0.48465404733584516,0.4863492024514336
HALLMARK_SPERMATOGENESIS,RAD17,0.05555555555555555,0.0,0.02400239519394567,0.015271641266144227,0.1,0.0,0.0672403279421388,0.1066238684959472
HALLMARK_SPERMATOGENESIS,PEBP1,0.05555555555555555,0.0015873015873015873,3.731239324196022e-08,0.03944219669139368,0.1,0.023089609675645953,9.547935872193904e-08,0.6968375993765298
HALLMARK_SPERMATOGENESIS,ALOX15,0.027777777777777776,0.0,2.6383846289580332e-08,0.020819442194843697,0.0,0.0,6.486411495360878e-08,0.242093998441324
HALLMARK_SPERMATOGENESIS,BRAF,0.027777777777777776,0.0,2.6383846289580332e-08,0.020819442194843697,0.0,0.0,6.486411495360878e-08,0.242093998441324
HALLMARK_SPERMATOGENESIS,CLPB,0.05555555555555555,0.0,8.231514031768316e-07,0.026586791198801283,0.1,0.0,2.2969296481934208e-06,0.3829252086898195
HALLMARK_SPERMATOGENESIS,HSPA4L,0.08333333333333333,0.0031746031746031746,9.631629634394716e-07,0.03964712077112254,0.2,0.046179219351291906,2.6891581911555323e-06,0.7018415806055956
HALLMARK_SPERMATOGENESIS,HSPA2,0.05555555555555555,0.0,8.231514031768316e-07,0.026586791198801283,0.1,0.0,2.2969296481934208e-06,0.3829252086898195
HALLMARK_SPERMATOGENESIS,HSPA1L,0.027777777777777776,0.0,4.4384093544782313e-07,0.015287404939382989,0.0,0.0,1.2343288757390288e-06,0.1070087970270025
HALLMARK_SPERMATOGENESIS,NPHP1,0.027777777777777776,0.0,3.229677367745166e-09,0.02702702702702703,0.0,0.0,0.0,0.3936751987530594
HALLMARK_SPERMATOGENESIS,IFT88,0.027777777777777776,0.0,3.229677367745166e-09,0.02702702702702703,0.0,0.0,0.0,0.3936751987530594
HALLMARK_SPERMATOGENESIS,TALDO1,0.027777777777777776,0.0,3.229677367745166e-09,0.02702702702702703,0.0,0.0,0.0,0.3936751987530594
HALLMARK_SPERMATOGENESIS,LDHC,0.027777777777777776,0.0,3.229677367745166e-09,0.02702702702702703,0.0,0.0,0.0,0.3936751987530594
HALLMARK_SPERMATOGENESIS,CCT6B,0.027777777777777776,0.0,3.229677367745166e-09,0.02702702702702703,0.0,0.0,0.0,0.3936751987530594
HALLMARK_SPERMATOGENESIS,PSMG1,0.027777777777777776,0.0,3.229677367745166e-09,0.02702702702702703,0.0,0.0,0.0,0.3936751987530594
HALLMARK_SPERMATOGENESIS,LPIN1,0.027777777777777776,0.0,0.00015622250159948428,0.014796651117906044,0.0,0.0,0.0004376328446999214,0.09502522284669082
HALLMARK_SPERMATOGENESIS,ADCYAP1,0.027777777777777776,0.0,1.075381636041398e-07,0.01875024725078259,0.0,0.0,2.922099110840454e-07,0.19156693167074562
HALLMARK_SPERMATOGENESIS,NPY5R,0.027777777777777776,0.0,1.075381636041398e-07,0.01875024725078259,0.0,0.0,2.922099110840454e-07,0.19156693167074562
HALLMARK_TGF_BETA_SIGNALING,PPP1R15A,0.06818181818181818,0.02352580470973706,0.05235223348687517,0.013031311066673885,0.07999999999999999,0.059730696512412966,0.15701387022610178,0.07903700389517436
HALLMARK_TGF_BETA_SIGNALING,PPP1CA,0.09090909090909091,0.04976215644820296,0.015964051149955836,0.021406039077661577,0.11999999999999998,0.12634331965616516,0.04731437380013823,0.1771740550931227
HALLMARK_TGF_BETA_SIGNALING,TGFBR1,0.34090909090909094,0.08347565126662711,0.25944439627958565,0.04580507516432724,0.56,0.21193998902487074,0.7813348588860517,0.4630877528844021
HALLMARK_TGF_BETA_SIGNALING,SMAD7,0.38636363636363635,0.08219619404247198,0.31245911469466564,0.05107433760721483,0.64,0.20869151901079325,0.9411583933360798,0.5248342212418979
HALLMARK_TGF_BETA_SIGNALING,TGFB1,0.4545454545454546,0.27552186849783383,0.2893650849536531,0.06948929933507814,0.76,0.6995345456967794,0.8715367944999951,0.740625114931166
HALLMARK_TGF_BETA_SIGNALING,CDH1,0.1590909090909091,0.03689545713858611,0.09572087645592872,0.026235185952751483,0.23999999999999996,0.09367549294156571,0.2877573695944562,0.23376314473296853
HALLMARK_TGF_BETA_SIGNALING,SMAD3,0.5909090909090909,0.39386456350543364,0.3319773365830321,0.09162359101000558,1.0,1.0,1.0,1.0
HALLMARK_TGF_BETA_SIGNALING,FURIN,0.045454545454545456,0.0,0.055333506426576494,0.009281918816396215,0.04,0.0,0.166001517291445,0.03510073530902656
HALLMARK_TGF_BETA_SIGNALING,LEFTY2,0.022727272727272728,0.0,0.025769286420557196,0.006286525052160969,0.0,0.0,0.07687422819362728,0.0
HALLMARK_TGF_BETA_SIGNALING,BMPR1A,0.2272727272727273,0.004784632797317786,0.23278820944861076,0.02955122831600263,0.36,0.012147913878654328,0.7009744208482469,0.2726213164550808
HALLMARK_TGF_BETA_SIGNALING,KLF10,0.022727272727272728,0.0,0.025769286420557196,0.006286525052160969,0.0,0.0,0.07687422819362728,0.0
HALLMARK_TGF_BETA_SIGNALING,THBS1,0.06818181818181818,0.08879492600422834,0.03371191278909759,0.01717902430940241,0.07999999999999999,0.22544532875449544,0.10081887332212111,0.12764089244200397
HALLMARK_TGF_BETA_SIGNALING,SMURF1,0.29545454545454547,0.026730877180137225,0.2720325398892648,0.0380928371546786,0.48000000000000004,0.06786819545843314,0.8192843503482411,0.37271391681346916
HALLMARK_TGF_BETA_SIGNALING,LTBP2,0.022727272727272728,0.0,0.025769286420557196,0.006286525052160969,0.0,0.0,0.07687422819362728,0.0
HALLMARK_TGF_BETA_SIGNALING,BMPR2,0.25,0.007244248185329747,0.2482291942453595,0.032112392179466466,0.39999999999999997,0.018392739171189255,0.7475243760188766,0.3026336426900725
HALLMARK_TGF_BETA_SIGNALING,SERPINE1,0.09090909090909091,0.025086488564289827,0.08616161777530718,0.016705530094133513,0.11999999999999998,0.0636931851421656,0.25893906111836196,0.12209237480837923
HALLMARK_TGF_BETA_SIGNALING,CTNNB1,0.2727272727272727,0.07935180863299256,0.1832003743912041,0.04008153883402193,0.4399999999999999,0.2014697842495745,0.5514819157188525,0.39601799525841735
HALLMARK_TGF_BETA_SIGNALING,SMURF2,0.2727272727272727,0.037640899245160966,0.23024963558676734,0.036515785326832424,0.4399999999999999,0.0955681285723022,0.693321379217701,0.3542336490641043
HALLMARK_TGF_BETA_SIGNALING,BMP2,0.25,0.008602669785489413,0.23606337096784635,0.031967305883135344,0.39999999999999997,0.021841695299838097,0.71084805416269,0.30093348702263023
HALLMARK_TGF_BETA_SIGNALING,RHOA,0.1590909090909091,0.007120217109646284,0.12562585908223883,0.02299298761418766,0.23999999999999996,0.018077831237915,0.3779119561676074,0.19577029482451927
HALLMARK_TGF_BETA_SIGNALING,SMAD6,0.29545454545454547,0.013691721653221599,0.27576112024805505,0.0378578772403136,0.48000000000000004,0.034762512096452446,0.8305249059757761,0.3699606007517116
HALLMARK_TGF_BETA_SIGNALING,FKBP1A,0.09090909090909091,0.0010394644115574348,0.0806473811112724,0.014159445248440983,0.11999999999999998,0.0026391417453403235,0.2423152853106745,0.0922567480837592
HALLMARK_TGF_BETA_SIGNALING,ENG,0.11363636363636365,0.0006871035940803383,0.11258800568618266,0.016319012514943724,0.16,0.0017445174248859766,0.33860672407933745,0.11756307004670949
HALLMARK_TGF_BETA_SIGNALING,APC,0.045454545454545456,0.0,0.024839519796481413,0.009358148916279417,0.04,0.0,0.07407125964987296,0.035994017718347496
HALLMARK_TGF_BETA_SIGNALING,ID1,0.045454545454545456,0.045454545454545456,0.0030262164973482095,0.017284475726605485,0.04,0.11540653733861075,0.008310668336305635,0.12887659718553435
HALLMARK_TGF_BETA_SIGNALING,TJP1,0.06818181818181818,0.0019459926965212377,0.02781966216196081,0.013525977591998598,0.07999999999999999,0.004940766133418325,0.08305549837176915,0.08483362368485721
HALLMARK_TGF_BETA_SIGNALING,HDAC1,0.18181818181818182,0.09505909289207387,0.0920213957425466,0.03306071524117967,0.27999999999999997,0.241349696570919,0.276604540702428,0.31374631748230947
HALLMARK_TGF_BETA_SIGNALING,SMAD1,0.25,0.005491304993363522,0.23374934855356988,0.032012104257556365,0.39999999999999997,0.013942114884594755,0.7038719680473093,0.3014584450103252
HALLMARK_TGF_BETA_SIGNALING,SKI,0.13636363636363635,0.00277022718883184,0.11534308234089773,0.02029855531759301,0.19999999999999996,0.007033451205095842,0.34691245693619766,0.16419629744891628
HALLMARK_TGF_BETA_SIGNALING,ACVR1,0.25,0.013550829201213097,0.23116182859902135,0.0321641325755562,0.39999999999999997,0.0344047940759366,0.6960713685730643,0.30323994893588707
HALLMARK_TGF_BETA_SIGNALING,SKIL,0.1590909090909091,0.0030303030303030303,0.13872691260608652,0.02267095377382932,0.23999999999999996,0.007693769155907384,0.41740771775604846,0.19199662582449276
HALLMARK_TGF_BETA_SIGNALING,UBE2D3,0.06818181818181818,0.0019875209357238955,0.04780395669540114,0.011948904092436171,0.07999999999999999,0.0050462039997575875,0.14330217479128002,0.06635310198117594
HALLMARK_TGF_BETA_SIGNALING,ARID4B,0.022727272727272728,0.0,0.008195086652976967,0.006846047202535035,0.0,0.0,0.02389326732170115,0.006556613402322292
HALLMARK_TGF_BETA_SIGNALING,MAP3K7,0.09090909090909091,0.008287686591069255,0.08030002309242999,0.014938004454030105,0.11999999999999998,0.02104197066450463,0.24126810467950924,0.10138008970384396
HALLMARK_TGF_BETA_SIGNALING,JUNB,0.022727272727272728,0.0,0.029564220006019427,0.006328727097568578,0.0,0.0,0.08831481897226598,0.000494533587883795
HALLMARK_TGF_BETA_SIGNALING,CDK9,0.022727272727272728,0.0,0.0014217267857432195,0.007881996630153099,0.0,0.0,0.003473611300754673,0.018696114754874173
HALLMARK_TGF_BETA_SIGNALING,WWTR1,0.06818181818181818,0.021825053616808386,0.03346350445754131,0.014709685291903408,0.07999999999999999,0.05541258503319833,0.10006999643051309,0.09870459155349176
HALLMARK_TGF_BETA_SIGNALING,PPM1A,0.022727272727272728,0.0,0.029564220006019427,0.006328727097568578,0.0,0.0,0.08831481897226598,0.000494533587883795
HALLMARK_TGF_BETA_SIGNALING,TGIF1,0.045454545454545456,0.0,0.03775930665899627,0.009841440966770278,0.04,0.0,0.11302055641951887,0.04165734871134884
HALLMARK_TGF_BETA_SIGNALING,SPTBN1,0.022727272727272728,0.0,0.029564220006019427,0.006328727097568578,0.0,0.0,0.08831481897226598,0.000494533587883795
HALLMARK_TGF_BETA_SIGNALING,PMEPA1,0.022727272727272728,0.0,0.029564220006019427,0.006328727097568578,0.0,0.0,0.08831481897226598,0.000494533587883795
HALLMARK_TGF_BETA_SIGNALING,TRIM33,0.06818181818181818,0.0006518675123326287,0.058233499877550124,0.011920679298841384,0.07999999999999999,0.001655054992840542,0.17474413098577146,0.06602235714857613
HALLMARK_TGF_BETA_SIGNALING,NCOR2,0.06818181818181818,0.001127554615926709,0.04803118685789842,0.012717028334732244,0.07999999999999999,0.0028627978254539103,0.1439872058315211,0.07535416422387732
HALLMARK_TGF_BETA_SIGNALING,XIAP,0.06818181818181818,0.002061310782241015,0.03451282561735853,0.012488640755042902,0.07999999999999999,0.00523355227465793,0.10323338617488807,0.07267786434028205
HALLMARK_TGF_BETA_SIGNALING,ID3,0.022727272727272728,0.0,0.00026950270543715186,0.010676303280531891,0.0,0.0,0.0,0.05144046352073335
HALLMARK_TNFA_SIGNALING_VIA_NFKB,SLC2A3,0.007407407407407408,0.0,3.0947442249289766e-20,0.007352941176470588,0.0,0.0,0.0,0.18014576948080852
HALLMARK_TNFA_SIGNALING_VIA_NFKB,PFKFB3,0.007407407407407408,0.0,3.0947442249289766e-20,0.007352941176470588,0.0,0.0,0.0,0.18014576948080852
HALLMARK_TNFA_SIGNALING_VIA_NFKB,BCL3,0.07407407407407407,0.0008003548228054144,0.0893982396962415,0.006500394400572307,0.17307692307692307,0.004820322831075942,0.3241971505620678,0.15327210148324788
HALLMARK_TNFA_SIGNALING_VIA_NFKB,IL6,0.37777777777777777,0.1660375976574929,0.2706919880072116,0.03317329355369506,0.9615384615384615,1.0,0.9816476419457839,0.9940454838213444
HALLMARK_TNFA_SIGNALING_VIA_NFKB,RELA,0.25925925925925924,0.04587751648188762,0.21971123920538838,0.021320687771872945,0.6538461538461537,0.2763079996888721,0.7967691303416398,0.6204319746375871
HALLMARK_TNFA_SIGNALING_VIA_NFKB,JUN,0.3037037037037037,0.09493529094444376,0.20812827467490438,0.027056036466352018,0.7692307692307692,0.5717698417937785,0.7547642305963679,0.8012195408133848
HALLMARK_TNFA_SIGNALING_VIA_NFKB,IL1B,0.31851851851851853,0.05950807947191933,0.2580271167099027,0.02611803539702955,0.8076923076923077,0.35840123147694714,0.9357192746672558,0.7716522137986657
HALLMARK_TNFA_SIGNALING_VIA_NFKB,NFKB1,0.3111111111111111,0.07122371508815843,0.2394888895212185,0.025625930380032663,0.7884615384615384,0.4289613683467087,0.8684915479081533,0.756140259240191
HALLMARK_TNFA_SIGNALING_VIA_NFKB,RELB,0.08148148148148149,0.00026043024167632725,0.07220457354827815,0.007094329399352945,0.19230769230769235,0.0015685016246353442,0.26184539070834945,0.17199390352460214
HALLMARK_TNFA_SIGNALING_VIA_NFKB,NFKBIA,0.1925925925925926,0.019876993825228423,0.17340132136775321,0.016045106759679406,0.4807692307692307,0.11971381244765571,0.6288290964356253,0.45413703736972355
HALLMARK_TNFA_SIGNALING_VIA_NFKB,REL,0.11111111111111112,0.0030534537951220917,0.10866269851560409,0.009400316418256631,0.2692307692307693,0.0183901347538215,0.39405851111657797,0.244682383857435
HALLMARK_TNFA_SIGNALING_VIA_NFKB,NFKB2,0.11851851851851852,0.0019371300418938532,0.10934114781883086,0.009942188642411259,0.2884615384615385,0.011666815644308588,0.39651886527628283,0.26176308213781724
HALLMARK_TNFA_SIGNALING_VIA_NFKB,FOS,0.3037037037037037,0.12072013726708508,0.18494622197957802,0.028822008618656032,0.7692307692307692,0.7270650682149113,0.6706959597496379,0.8568858698121093
HALLMARK_TNFA_SIGNALING_VIA_NFKB,PPP1R15A,0.02962962962962963,0.0003552684065049498,0.01774112263203572,0.0037166491331752,0.057692307692307696,0.002139686501835612,0.06433707671002391,0.06552390018720997
HALLMARK_TNFA_SIGNALING_VIA_NFKB,ATF3,0.1925925925925926,0.0372177882635984,0.11625737610417138,0.017785431183937717,0.4807692307692307,0.2241527749658985,0.4216001365671138,0.5089949080552186
HALLMARK_TNFA_SIGNALING_VIA_NFKB,DUSP1,0.08888888888888889,0.012432635373799558,0.05317230792561429,0.008944335550940671,0.21153846153846156,0.0748784344582361,0.1928260643259371,0.23030912154748415
HALLMARK_TNFA_SIGNALING_VIA_NFKB,GADD45A,0.037037037037037035,0.0012408704789551377,0.01167496708933738,0.0047124137548807486,0.07692307692307691,0.007473430695587639,0.04233854129711937,0.09691202879661806
HALLMARK_TNFA_SIGNALING_VIA_NFKB,GADD45B,0.037037037037037035,0.00043412895385637603,0.02258441390690434,0.0042653593356743805,0.07692307692307691,0.0026146424664123943,0.081900970987917,0.08282014272275924
HALLMARK_TNFA_SIGNALING_VIA_NFKB,CDKN1A,0.11111111111111112,0.014589058040907106,0.07908211100030775,0.0108381912709145,0.2692307692307693,0.08786599087636664,0.2867863521009667,0.29000654964488415
HALLMARK_TNFA_SIGNALING_VIA_NFKB,JUNB,0.10370370370370371,0.003342627109726742,0.05084047318427136,0.009959735681075985,0.25000000000000006,0.02013174821176351,0.18436981081027873,0.26231619347991264
HALLMARK_TNFA_SIGNALING_VIA_NFKB,IFIH1,0.037037037037037035,0.00044730544810788755,0.033914301868866015,0.003966974536841552,0.07692307692307691,0.0026940009637491987,0.12298810431331597,0.07341456610685626
HALLMARK_TNFA_SIGNALING_VIA_NFKB,NFKBIE,0.05185185185185186,0.0,0.05808772551330729,0.004807835819912912,0.1153846153846154,0.0,0.21065152018689565,0.0999198882687439
HALLMARK_TNFA_SIGNALING_VIA_NFKB,SOD2,0.022222222222222223,0.0,0.02503427420720008,0.0027889225950165184,0.038461538461538464,0.0,0.09078523684516074,0.036280443190104046
HALLMARK_TNFA_SIGNALING_VIA_NFKB,BIRC3,0.0962962962962963,0.001672529075575501,0.07621502527011949,0.008474129909066468,0.23076923076923078,0.010073194861718258,0.276389044197562,0.21548747109083535
HALLMARK_TNFA_SIGNALING_VIA_NFKB,TNFAIP3,0.0962962962962963,0.0025472763684890455,0.08246148558443327,0.008559718724355826,0.23076923076923078,0.015341563624304177,0.2990414436394349,0.218185370457081
HALLMARK_TNFA_SIGNALING_VIA_NFKB,PTGS2,0.15555555555555556,0.027858961632817068,0.1665224996259105,0.013850773868079693,0.3846153846153846,0.1677870676633453,0.6038834776459574,0.38496807764567237
HALLMARK_TNFA_SIGNALING_VIA_NFKB,TNF,0.3925925925925926,0.14731414750120111,0.27575270029748805,0.033362196072346695,1.0,0.8872336722498536,1.0,1.0
HALLMARK_TNFA_SIGNALING_VIA_NFKB,ICAM1,0.17777777777777778,0.01939508221259609,0.1711745943487795,0.014876638065921302,0.4423076923076923,0.11681138781955169,0.620754009531412,0.41730499409736105
HALLMARK_TNFA_SIGNALING_VIA_NFKB,TLR2,0.14074074074074075,0.002764658184166323,0.15580937741463538,0.01150097896015226,0.34615384615384615,0.016650796103839918,0.5650330069172299,0.31089870103995443
HALLMARK_TNFA_SIGNALING_VIA_NFKB,CCL2,0.22962962962962963,0.020348125702374556,0.21554760497016096,0.018555789268829184,0.5769230769230769,0.12255131361481904,0.781669970004368,0.5332778541619552
HALLMARK_TNFA_SIGNALING_VIA_NFKB,CEBPB,0.16296296296296298,0.04404154153673799,0.1255743588834611,0.015549258191427454,0.40384615384615385,0.2652504141115565,0.4553875945656697,0.43850707995626825
HALLMARK_TNFA_SIGNALING_VIA_NFKB,SOCS3,0.10370370370370371,0.037544114746182224,0.09464571634855498,0.01144516987578602,0.25000000000000006,0.2261181520081331,0.3432267979477594,0.30913950747204033
HALLMARK_TNFA_SIGNALING_VIA_NFKB,SQSTM1,0.044444444444444446,0.0017591815656065283,0.03800996547631195,0.0046315074748815846,0.09615384615384615,0.010595079611037363,0.13784077340060846,0.09436173059705671
HALLMARK_TNFA_SIGNALING_VIA_NFKB,BIRC2,0.07407407407407407,0.0012641678291380007,0.060058328563493364,0.006883967136572268,0.17307692307692307,0.007613744398697952,0.2177977894638969,0.16536294113168587
HALLMARK_TNFA_SIGNALING_VIA_NFKB,CXCL10,0.16296296296296298,0.015600429574217704,0.15337128117626925,0.013640504913550195,0.40384615384615385,0.09395721086255847,0.5561914026981747,0.3783400564813602
HALLMARK_TNFA_SIGNALING_VIA_NFKB,NFE2L2,0.0962962962962963,0.020903574458743718,0.08511994749448333,0.009867945321557686,0.23076923076923078,0.12589663277268207,0.30868219024747195,0.2594228113021753
HALLMARK_TNFA_SIGNALING_VIA_NFKB,RIPK2,0.05925925925925926,0.0004711493445360342,0.056867394574791036,0.005576014338539358,0.13461538461538464,0.002837606368576439,0.20622606601292115,0.12413413088396447
HALLMARK_TNFA_SIGNALING_VIA_NFKB,CFLAR,0.044444444444444446,0.002083359658815711,0.025575089816581065,0.004870465829723664,0.09615384615384615,0.012547517479223742,0.09274647098284114,0.10189408855654011
HALLMARK_TNFA_SIGNALING_VIA_NFKB,TNIP2,0.06666666666666667,0.0004413367072294656,0.05732470124965716,0.006191177573244108,0.15384615384615385,0.002658052835357613,0.20788446019862733,0.14352508162252356
HALLMARK_TNFA_SIGNALING_VIA_NFKB,NAMPT,0.007407407407407408,0.0,0.013118938330707154,0.001655804682016369,0.0,0.0,0.047575013106142414,0.0005627143136207089
HALLMARK_TNFA_SIGNALING_VIA_NFKB,SERPINE1,0.0962962962962963,0.008520516718206462,0.0911785810551379,0.008924232857848173,0.23076923076923078,0.051316791126927934,0.33065344766079335,0.2296754518002079
HALLMARK_TNFA_SIGNALING_VIA_NFKB,CCL5,0.16296296296296298,0.03231699897975396,0.16547048284828478,0.014299363082567114,0.40384615384615385,0.19463663312220636,0.600068404297661,0.3991083429756533
HALLMARK_TNFA_SIGNALING_VIA_NFKB,PLAUR,0.037037037037037035,0.0003039635875456771,0.027746003996602785,0.0042466525731131195,0.07692307692307691,0.0018306913122936282,0.10061915610135382,0.08223047498769469
HALLMARK_TNFA_SIGNALING_VIA_NFKB,PLAU,0.05185185185185186,0.0009614362383079818,0.05481339450923418,0.005339124459784689,0.1153846153846154,0.00579047307279921,0.19877736265175386,0.11666697467200443
HALLMARK_TNFA_SIGNALING_VIA_NFKB,EDN1,0.044444444444444446,0.0,0.062149230749827346,0.004326110193226228,0.09615384615384615,0.0,0.22538031606863468,0.08473510905958605
HALLMARK_TNFA_SIGNALING_VIA_NFKB,F3,0.06666666666666667,0.042992038809060606,0.06043291678593365,0.007648805422323235,0.15384615384615385,0.2589295401499714,0.21915621033171132,0.1894718941465375
HALLMARK_TNFA_SIGNALING_VIA_NFKB,SMAD3,0.11111111111111112,0.045133506062299426,0.07394102480066182,0.013197512580005774,0.2692307692307693,0.27182702411415344,0.26814252306828773,0.3643762139876813
HALLMARK_TNFA_SIGNALING_VIA_NFKB,CCRL2,0.08888888888888889,0.0015759090427415468,0.0939524366789952,0.007846093810959747,0.21153846153846156,0.009491278270553979,0.340712662387847,0.19569074665513456
HALLMARK_TNFA_SIGNALING_VIA_NFKB,CCL20,0.0962962962962963,0.00023713375239463078,0.11326902826200323,0.007964745981324108,0.23076923076923078,0.0014281931065022817,0.4107630791640703,0.19943085702057714
HALLMARK_TNFA_SIGNALING_VIA_NFKB,ZC3H12A,0.037037037037037035,0.0006204782099502048,0.041213391975388904,0.003928096004576883,0.07692307692307691,0.0037369741474466826,0.14945780016270735,0.07218905121682304
HALLMARK_TNFA_SIGNALING_VIA_NFKB,CXCL1,0.14814814814814814,0.003507878221008184,0.16326908881569951,0.011983985978018188,0.3653846153846153,0.021127011414874452,0.592085185891421,0.32612387179371666
HALLMARK_TNFA_SIGNALING_VIA_NFKB,CD80,0.10370370370370371,0.0041793310692508035,0.09992858762185058,0.00947506597894875,0.25000000000000006,0.025170992162100822,0.36238480172286774,0.24703861220031614
HALLMARK_TNFA_SIGNALING_VIA_NFKB,LIF,0.05925925925925926,0.0031920400537521426,0.06676898259335873,0.006050227676970825,0.13461538461538464,0.0192248026879838,0.24213355851575302,0.139082110487306
HALLMARK_TNFA_SIGNALING_VIA_NFKB,IRF1,0.11851851851851852,0.028209127717925706,0.10985838324504928,0.011412666752194902,0.2884615384615385,0.16989602424937694,0.39839458734776356,0.30811495588500154
HALLMARK_TNFA_SIGNALING_VIA_NFKB,CSF1,0.07407407407407407,7.84656962103065e-05,0.09287459107921735,0.006414572870077643,0.17307692307692307,0.00047257788186123834,0.33680392242404955,0.15056686655332152
HALLMARK_TNFA_SIGNALING_VIA_NFKB,CXCL2,0.11851851851851852,0.0012261951816904518,0.1431230095494573,0.009561824742424957,0.2884615384615385,0.0073850453089539525,0.5190266836736434,0.24977339024587486
HALLMARK_TNFA_SIGNALING_VIA_NFKB,TNFAIP6,0.05925925925925926,0.0008826110866281883,0.0626994446056439,0.005937123053872857,0.13461538461538464,0.005315730286876733,0.22737563236190386,0.13551686788003509
HALLMARK_TNFA_SIGNALING_VIA_NFKB,CCL4,0.10370370370370371,0.004125096573648431,0.10895192193516283,0.008785433664604277,0.25000000000000006,0.02484435231445469,0.3951073618413278,0.22530027434013764
HALLMARK_TNFA_SIGNALING_VIA_NFKB,CXCL11,0.10370370370370371,0.003936744500664454,0.10592195407687566,0.008826547433697823,0.25000000000000006,0.02370995820347439,0.38411937204097996,0.2265962475488618
HALLMARK_TNFA_SIGNALING_VIA_NFKB,IL18,0.11851851851851852,0.0010828763649711481,0.1436025038291731,0.009574914755818642,0.2884615384615385,0.006521874444395036,0.5207655398269957,0.2501860088657211
HALLMARK_TNFA_SIGNALING_VIA_NFKB,CD44,0.11111111111111112,0.022202601057498092,0.09538681363236248,0.011216034993499536,0.2692307692307693,0.13372032220857744,0.3459143411087438,0.3019168014255139
HALLMARK_TNFA_SIGNALING_VIA_NFKB,TNIP1,0.02962962962962963,0.0,0.031745493554932475,0.0033008766293553997,0.057692307692307696,0.0,0.11512305598706646,0.0524180712215264
HALLMARK_TNFA_SIGNALING_VIA_NFKB,STAT5A,0.07407407407407407,0.012607618238770622,0.06023541613062805,0.007819603019164652,0.17307692307692307,0.07593230940848697,0.21843998650111046,0.19485571359440448
HALLMARK_TNFA_SIGNALING_VIA_NFKB,BCL2A1,0.022222222222222223,0.00041280730688906484,0.016605262705976752,0.0029210073632677984,0.038461538461538464,0.00248622789484473,0.06021795140378546,0.040443970998627655
HALLMARK_TNFA_SIGNALING_VIA_NFKB,KLF2,0.02962962962962963,0.0,0.0394748029119715,0.003303489438828265,0.057692307692307696,0.0,0.14315291516414969,0.05250043124715747
HALLMARK_TNFA_SIGNALING_VIA_NFKB,FOSL2,0.06666666666666667,0.0010385079077584974,0.050879355553095626,0.006424162899160519,0.15384615384615385,0.006254655104687561,0.18451081530010718,0.1508691599464185
HALLMARK_TNFA_SIGNALING_VIA_NFKB,MYC,0.2,0.05684730361794469,0.14717254074857425,0.019161732967767842,0.5,0.34237609083703396,0.5337120564542116,0.5523781900623916
HALLMARK_TNFA_SIGNALING_VIA_NFKB,MAP3K8,0.037037037037037035,0.00012198072863074178,0.04345126269976418,0.0038050197680348256,0.07692307692307691,0.0007346572725194876,0.15757329902078204,0.06830948705363028
HALLMARK_TNFA_SIGNALING_VIA_NFKB,TRAF1,0.05925925925925926,0.0011013100864109824,0.039213797750838095,0.005957132651286915,0.13461538461538464,0.00663289581365057,0.1422063961967857,0.13614760309934745
HALLMARK_TNFA_SIGNALING_VIA_NFKB,CCND1,0.07407407407407407,0.03277388488366406,0.05704688038633421,0.008784470484887676,0.17307692307692307,0.1973883346064243,0.20687696013417378,0.22526991334100227
HALLMARK_TNFA_SIGNALING_VIA_NFKB,BCL6,0.037037037037037035,0.0004416427856246308,0.023896886712834454,0.004358152836647715,0.07692307692307691,0.002659896263590034,0.08666057190756053,0.08574514555895112
HALLMARK_TNFA_SIGNALING_VIA_NFKB,JAG1,0.014814814814814815,0.014151464897733555,0.0027713313580923805,0.004364064314305371,0.019230769230769232,0.08523048452511099,0.010050060634411223,0.08593148499795661
HALLMARK_TNFA_SIGNALING_VIA_NFKB,MCL1,0.044444444444444446,0.01621084144072145,0.01960284914677619,0.006127152388948284,0.09615384615384615,0.09763355811833435,0.07108851200959486,0.14150690315432662
HALLMARK_TNFA_SIGNALING_VIA_NFKB,KLF6,0.02962962962962963,0.0001924241227723815,0.021063540743793775,0.0036255544058395915,0.057692307692307696,0.0011589189767086336,0.07638561914740986,0.06265244547299081
HALLMARK_TNFA_SIGNALING_VIA_NFKB,CD69,0.05925925925925926,0.014633414815348283,0.044569585591291906,0.0069424486913076755,0.13461538461538464,0.08813313985386917,0.16162882736310202,0.1672063753342076
HALLMARK_TNFA_SIGNALING_VIA_NFKB,GPR183,0.007407407407407408,0.0,0.0021600126699928236,0.0018405429121880449,0.0,0.0,0.007833151471091869,0.006385965312206256
HALLMARK_TNFA_SIGNALING_VIA_NFKB,TNFRSF9,0.044444444444444446,0.000701124009581721,0.025917524234017053,0.005112360848250519,0.09615384615384615,0.004222682208568324,0.09398828807861777,0.10951901495580443
HALLMARK_TNFA_SIGNALING_VIA_NFKB,IL7R,0.08148148148148149,0.016502529227172963,0.055850111669603825,0.009012681309761121,0.19230769230769235,0.09939031556704916,0.20253695289058457,0.2324634915873531
HALLMARK_TNFA_SIGNALING_VIA_NFKB,IL23A,0.022222222222222223,0.0003079838900734423,0.016882723031563518,0.003320274675153982,0.038461538461538464,0.0018549045181246256,0.061224144000584825,0.05302952933424205
HALLMARK_TNFA_SIGNALING_VIA_NFKB,IL6ST,0.037037037037037035,0.014534312564163307,0.021811217747024193,0.005694522180531075,0.07692307692307691,0.08753627352610281,0.07909702325124568,0.127869691783174
HALLMARK_TNFA_SIGNALING_VIA_NFKB,HBEGF,0.022222222222222223,0.0007366574077452145,0.013126126971081694,0.0034013626640408802,0.038461538461538464,0.0044366903528971335,0.047601082262915075,0.05558555529497641
HALLMARK_TNFA_SIGNALING_VIA_NFKB,AREG,0.014814814814814815,0.0001385882297500676,0.008931944991529224,0.0025934192790118497,0.019230769230769232,0.000834679805690464,0.03239114243266973,0.030117859088843544
HALLMARK_TNFA_SIGNALING_VIA_NFKB,HES1,0.007407407407407408,0.0,0.0001343171293603692,0.002958473057681245,0.0,0.0,0.00048709270739856735,0.04162495093008557
HALLMARK_TNFA_SIGNALING_VIA_NFKB,ID2,0.022222222222222223,0.001100787597063374,0.0053551856755404015,0.0035291008990829993,0.038461538461538464,0.006629749000187958,0.019420247452747008,0.059612073271657906
HALLMARK_TNFA_SIGNALING_VIA_NFKB,EGR2,0.08888888888888889,0.010056980091627235,0.047987736092926364,0.008831508505889794,0.21153846153846156,0.06057049869134496,0.17402453735233106,0.2267526286540023
HALLMARK_TNFA_SIGNALING_VIA_NFKB,NFIL3,0.022222222222222223,0.0005278005576513039,0.006656198430779023,0.003896968297966901,0.038461538461538464,0.003178801458812154,0.02413828921203009,0.07120785502136415
HALLMARK_TNFA_SIGNALING_VIA_NFKB,FOSB,0.13333333333333333,0.01040462672870081,0.06313528581413529,0.012430882784118311,0.32692307692307687,0.06266428131635444,0.2289561833701848,0.3402107896448233
HALLMARK_TNFA_SIGNALING_VIA_NFKB,IER2,0.044444444444444446,2.2703940614388376e-05,0.027285993196401726,0.004680814355326557,0.09615384615384615,0.00013673975614380253,0.09895095557347217,0.0959159640685017
HALLMARK_TNFA_SIGNALING_VIA_NFKB,BTG2,0.022222222222222223,0.00014966131961798788,0.005222184458751794,0.003172465655032419,0.038461538461538464,0.0009013700615369871,0.01893792682036472,0.04837034740301442
HALLMARK_TNFA_SIGNALING_VIA_NFKB,EGR1,0.16296296296296298,0.022671671072532863,0.09463306091304066,0.014845553267151297,0.40384615384615385,0.13654540533223464,0.34318090379876043,0.4163251504271578
HALLMARK_TNFA_SIGNALING_VIA_NFKB,NR4A1,0.08888888888888889,0.008359360052069881,0.04289914901633081,0.008961809580327778,0.21153846153846156,0.050346187670781695,0.15557109312093867,0.2308599315178039
HALLMARK_TNFA_SIGNALING_VIA_NFKB,ZFP36,0.05185185185185186,0.0012973924383628123,0.04510260344561737,0.005195289529914338,0.1153846153846154,0.007813847325345616,0.16356178342754102,0.112133062561768
HALLMARK_TNFA_SIGNALING_VIA_NFKB,FOSL1,0.08148148148148149,0.0008612278783418137,0.05788831905415083,0.0075886291176779875,0.19230769230769235,0.005186944947965214,0.2099283850772799,0.18757503865652345
HALLMARK_TNFA_SIGNALING_VIA_NFKB,CCN1,0.022222222222222223,0.0,0.01918473408588411,0.0028554869704081696,0.038461538461538464,0.0,0.06957224377200005,0.038378661112347015
HALLMARK_TNFA_SIGNALING_VIA_NFKB,NR4A2,0.044444444444444446,0.0015941896523686337,0.024719033871720548,0.004849187489315441,0.09615384615384615,0.009601377488351605,0.08964203739456808,0.10122336048409253
HALLMARK_TNFA_SIGNALING_VIA_NFKB,EGR3,0.06666666666666667,0.001825511335136888,0.032314713174086795,0.006665906807215731,0.15384615384615385,0.010994566055470188,0.11718729549783184,0.15848932309660288
HALLMARK_TNFA_SIGNALING_VIA_NFKB,TRIB1,0.037037037037037035,3.562434739880843e-05,0.025162190234087094,0.004068572335858885,0.07692307692307691,0.00021455590722467178,0.09124911635295528,0.07661709480939921
HALLMARK_TNFA_SIGNALING_VIA_NFKB,INHBA,0.007407407407407408,0.0,0.0035836321891896355,0.0018508123318565525,0.0,0.0,0.012995819026698685,0.006709674207132652
HALLMARK_TNFA_SIGNALING_VIA_NFKB,NR4A3,0.02962962962962963,5.527915975677169e-05,0.008150224622953804,0.0036321535208894895,0.057692307692307696,0.0003329315801762148,0.029556282183859535,0.06286046036665083
HALLMARK_TNFA_SIGNALING_VIA_NFKB,PTX3,0.014814814814814815,0.0,0.0161576019057123,0.0022866013601821897,0.019230769230769232,0.0,0.05859453738179581,0.020446456745384853
HALLMARK_TNFA_SIGNALING_VIA_NFKB,IFIT2,0.014814814814814815,0.0,0.012757190759693815,0.0022362098499770396,0.019230769230769232,0.0,0.04626315806130304,0.01885803397090184
HALLMARK_TNFA_SIGNALING_VIA_NFKB,TAP1,0.007407407407407408,0.0,0.00532423317131995,0.0017092176953927619,0.0,0.0,0.019308000123212033,0.002246379807181507
HALLMARK_TNFA_SIGNALING_VIA_NFKB,TNFSF9,0.022222222222222223,0.0,0.019463132189395264,0.0029374134273482625,0.038461538461538464,0.0,0.07058183716205865,0.04096111695672544
HALLMARK_TNFA_SIGNALING_VIA_NFKB,KLF4,0.02962962962962963,0.0002715431077021426,0.025418320674497976,0.0035473233722935838,0.057692307692307696,0.001635431441632211,0.09217795744910616,0.06018647541474233
HALLMARK_TNFA_SIGNALING_VIA_NFKB,KDM6B,0.022222222222222223,0.0,0.02263425780410714,0.003009273981959667,0.038461538461538464,0.0,0.08208172677797464,0.04322627910540955
HALLMARK_TNFA_SIGNALING_VIA_NFKB,BHLHE40,0.014814814814814815,0.0,0.0064086483912007735,0.0028078650349900973,0.019230769230769232,0.0,0.023240564405305853,0.0368775398624565
HALLMARK_TNFA_SIGNALING_VIA_NFKB,TANK,0.044444444444444446,0.0012236444976499615,0.023658444209708175,0.0048541681902688205,0.09615384615384615,0.007369683221833468,0.0857958750147684,0.10138036031987893
HALLMARK_TNFA_SIGNALING_VIA_NFKB,IER3,0.007407407407407408,0.0,0.000950065680241408,0.001970983426251501,0.0,0.0,0.003445354040836069,0.010497663540938632
HALLMARK_TNFA_SIGNALING_VIA_NFKB,CD83,0.02962962962962963,0.0,0.04383110939350768,0.003282306334454709,0.057692307692307696,0.0,0.15895078940739915,0.0518327051702008
HALLMARK_TNFA_SIGNALING_VIA_NFKB,MXD1,0.007407407407407408,0.0,0.007132780420867099,0.0017061911745200231,0.0,0.0,0.02586658412835885,0.0021509789219503455
HALLMARK_TNFA_SIGNALING_VIA_NFKB,TNC,0.007407407407407408,0.0,0.00038956283842468204,0.0028286104415767045,0.0,0.0,0.001412725380402125,0.03753146898968296
HALLMARK_TNFA_SIGNALING_VIA_NFKB,SDC4,0.014814814814814815,0.014151464897733553,0.008038249525249513,0.004059526713285279,0.019230769230769232,0.08523048452511099,0.029150211463306337,0.07633196199939216
HALLMARK_TNFA_SIGNALING_VIA_NFKB,SIK1,0.007407407407407408,0.0,3.0947442249289766e-20,0.007352941176470588,0.0,0.0,0.0,0.18014576948080852
HALLMARK_TNFA_SIGNALING_VIA_NFKB,PER1,0.007407407407407408,0.0,3.0947442249289766e-20,0.007352941176470588,0.0,0.0,0.0,0.18014576948080852
HALLMARK_TNFA_SIGNALING_VIA_NFKB,ACKR3,0.022222222222222223,0.0,0.017846551798115676,0.0026991813272436997,0.038461538461538464,0.0,0.06471940901707372,0.033451651733745695
HALLMARK_TNFA_SIGNALING_VIA_NFKB,F2RL1,0.014814814814814815,0.028081813156440025,0.0029357541179132075,0.004455330831307806,0.019230769230769232,0.16912924272951715,0.010646329536378254,0.08880835480329126
HALLMARK_TNFA_SIGNALING_VIA_NFKB,SPHK1,0.014814814814814815,0.014151464897733555,0.00014261385620275465,0.006152433893781928,0.019230769230769232,0.08523048452511099,0.0005171802707603576,0.1423038175132628
HALLMARK_TNFA_SIGNALING_VIA_NFKB,PTGER4,0.007407407407407408,0.0,0.008070427716190267,0.0016635585100035013,0.0,0.0,0.029266903669424495,0.0008071276466215116
HALLMARK_TNFA_SIGNALING_VIA_NFKB,CEBPD,0.037037037037037035,0.00033679584827354746,0.029878506989885367,0.004350973935679254,0.07692307692307691,0.0020284312289816403,0.10835254544253521,0.08551885486538709
HALLMARK_TNFA_SIGNALING_VIA_NFKB,IL15RA,0.014814814814814815,0.0,0.005626044297250269,0.0024640122062482522,0.019230769230769232,0.0,0.020402499381441303,0.026038736619204396
HALLMARK_TNFA_SIGNALING_VIA_NFKB,MAFF,0.02962962962962963,2.763957987838585e-05,0.02881056904998229,0.003488070467541301,0.057692307692307696,0.0001664657900881074,0.10447973499044912,0.058318726998796276
HALLMARK_TNFA_SIGNALING_VIA_NFKB,ETS2,0.014814814814814815,0.0,0.0190506256149175,0.0022614028265737027,0.019230769230769232,0.0,0.06908590775127593,0.0196521577750951
HALLMARK_TNFA_SIGNALING_VIA_NFKB,DUSP5,0.007407407407407408,0.0,0.008963583555185714,0.0017004797008189285,0.0,0.0,0.03250587771403726,0.0019709439345934406
HALLMARK_TNFA_SIGNALING_VIA_NFKB,NFAT5,0.007407407407407408,0.0,0.008963583555185714,0.0017004797008189285,0.0,0.0,0.03250587771403726,0.0019709439345934406
HALLMARK_TNFA_SIGNALING_VIA_NFKB,CLCF1,0.007407407407407408,0.0,0.0010570630570235166,0.0020709952951969215,0.0,0.0,0.0038333733663646224,0.013650201135163782
HALLMARK_TNFA_SIGNALING_VIA_NFKB,PLPP3,0.007407407407407408,0.0,6.911616731845694e-06,0.0037317765237711645,0.0,0.0,2.5064547779184967e-05,0.06600074026688423
HALLMARK_TNFA_SIGNALING_VIA_NFKB,TGIF1,0.007407407407407408,0.0,0.0035836321891896355,0.0018508123318565525,0.0,0.0,0.012995819026698685,0.006709674207132652
HALLMARK_TNFA_SIGNALING_VIA_NFKB,IFNGR2,0.007407407407407408,0.0,0.004586930963385577,0.001797802158429371,0.0,0.0,0.016634219568610192,0.005038706887275993
HALLMARK_TNFA_SIGNALING_VIA_NFKB,IRS2,0.007407407407407408,0.0,0.004586930963385577,0.001797802158429371,0.0,0.0,0.016634219568610192,0.005038706887275993
HALLMARK_TNFA_SIGNALING_VIA_NFKB,PMEPA1,0.007407407407407408,0.0,0.0035836321891896355,0.0018508123318565525,0.0,0.0,0.012995819026698685,0.006709674207132652
HALLMARK_TNFA_SIGNALING_VIA_NFKB,MAP2K3,0.014814814814814815,0.0,0.017219822480598886,0.002267114300274798,0.019230769230769232,0.0,0.062446614165597526,0.01983219276245202
HALLMARK_TNFA_SIGNALING_VIA_NFKB,FUT4,0.007407407407407408,0.0,3.0947442249289766e-20,0.007352941176470588,0.0,0.0,0.0,0.18014576948080852
HALLMARK_TNFA_SIGNALING_VIA_NFKB,B4GALT1,0.007407407407407408,0.0,3.0947442249289766e-20,0.007352941176470588,0.0,0.0,0.0,0.18014576948080852
HALLMARK_TNFA_SIGNALING_VIA_NFKB,BMP2,0.007407407407407408,0.0,0.013364147978941953,0.0016379529963487223,0.0,0.0,0.04846425062936616,0.0
HALLMARK_TNFA_SIGNALING_VIA_NFKB,SAT1,0.007407407407407408,0.0,0.004125363645606687,0.0017481490463930583,0.0,0.0,0.01496037442663718,0.0034735596301022063
HALLMARK_TNFA_SIGNALING_VIA_NFKB,LAMB3,0.007407407407407408,0.0,0.004622825885127532,0.0017385234204595021,0.0,0.0,0.016764390267585146,0.0031701441660831847
HALLMARK_UNFOLDED_PROTEIN_RESPONSE,XBP1,0.3917525773195876,0.46393744682360416,0.30416248714465055,0.07308399125398965,1.0,1.0,1.0,1.0
HALLMARK_UNFOLDED_PROTEIN_RESPONSE,HYOU1,0.08247422680412371,0.00019125347733595156,0.1413107784964374,0.011832893429574103,0.18918918918918917,0.0004122397936303446,0.4645897652370071,0.12849137613769898
HALLMARK_UNFOLDED_PROTEIN_RESPONSE,DCTN1,0.030927835051546393,0.025154405879095756,0.02776950227962018,0.007556166314446783,0.054054054054054064,0.05421939110825825,0.09129824831559138,0.06764014742301164
HALLMARK_UNFOLDED_PROTEIN_RESPONSE,SRPRB,0.030927835051546393,0.0,0.03217916124455958,0.007649677632260853,0.054054054054054064,0.0,0.10579595645289465,0.06897066920626699
HALLMARK_UNFOLDED_PROTEIN_RESPONSE,ERN1,0.12371134020618557,0.022795275304790873,0.19116718282832706,0.017952424354100053,0.2972972972972973,0.049134372447969206,0.6285034838547124,0.21556285998285069
HALLMARK_UNFOLDED_PROTEIN_RESPONSE,ERO1A,0.07216494845360824,0.0006326147837041816,0.13595566102814152,0.010526181962293994,0.16216216216216217,0.0013635777582418586,0.44698365766415205,0.10989888795244346
HALLMARK_UNFOLDED_PROTEIN_RESPONSE,WIPI1,0.010309278350515464,0.0,0.02654293409336186,0.0031655097717079557,0.0,0.0,0.08726563996282302,0.0051678787237063074
HALLMARK_UNFOLDED_PROTEIN_RESPONSE,PDIA6,0.09278350515463918,0.0005842435771559482,0.15182434895106783,0.013124835079905889,0.21621621621621623,0.0012593154123600766,0.4991554033382977,0.14687371261464993
HALLMARK_UNFOLDED_PROTEIN_RESPONSE,ATF3,0.08247422680412371,0.026577830459918097,0.09003404027188378,0.013930738909887254,0.18918918918918917,0.057287530122618835,0.2960063915740743,0.15834048076704785
HALLMARK_UNFOLDED_PROTEIN_RESPONSE,EDEM1,0.10309278350515463,0.0007223142693503519,0.166612535931171,0.014494470586435677,0.24324324324324323,0.0015569216804889353,0.5477747683327402,0.1663615127992356
HALLMARK_UNFOLDED_PROTEIN_RESPONSE,ARFGAP1,0.020618556701030927,0.033733277777253295,0.027195129557759393,0.0048829142702911735,0.02702702702702703,0.07271083204904386,0.0894098736930245,0.029603895127294205
HALLMARK_UNFOLDED_PROTEIN_RESPONSE,SEC31A,0.041237113402061855,0.023891156026398973,0.032322505245182265,0.009348172965018876,0.08108108108108109,0.05149650279358187,0.10626723087587935,0.0931376373532189
HALLMARK_UNFOLDED_PROTEIN_RESPONSE,EIF2AK3,0.10309278350515463,0.021758002165094718,0.16484246479139567,0.015468032298552318,0.24324324324324323,0.0468985685765681,0.5419552764013319,0.1802137939518779
HALLMARK_UNFOLDED_PROTEIN_RESPONSE,TSPYL2,0.010309278350515464,0.0,0.02654293409336186,0.0031655097717079557,0.0,0.0,0.08726563996282302,0.0051678787237063074
HALLMARK_UNFOLDED_PROTEIN_RESPONSE,YIF1A,0.010309278350515464,0.0,0.02654293409336186,0.0031655097717079557,0.0,0.0,0.08726563996282302,0.0051678787237063074
HALLMARK_UNFOLDED_PROTEIN_RESPONSE,SHC1,0.020618556701030927,0.010256688284328143,0.0288708846880007,0.004979572773443523,0.02702702702702703,0.022107912078560638,0.09491928133225244,0.030979196502436492
HALLMARK_UNFOLDED_PROTEIN_RESPONSE,GOSR2,0.020618556701030927,0.0,0.029328710750965752,0.0052586638805900265,0.02702702702702703,0.0,0.096424483591949,0.03495023237543762
HALLMARK_UNFOLDED_PROTEIN_RESPONSE,FKBP14,0.010309278350515464,0.0,0.02654293409336186,0.0031655097717079557,0.0,0.0,0.08726563996282302,0.0051678787237063074
HALLMARK_UNFOLDED_PROTEIN_RESPONSE,SRPRA,0.030927835051546393,0.0,0.03217916124455958,0.007649677632260853,0.054054054054054064,0.0,0.10579595645289465,0.06897066920626699
HALLMARK_UNFOLDED_PROTEIN_RESPONSE,CALR,0.09278350515463918,0.00213815437742844,0.15031328747761505,0.013201643620212297,0.21621621621621623,0.0046087126444901904,0.49418746173695827,0.14796657964301244
HALLMARK_UNFOLDED_PROTEIN_RESPONSE,DNAJC3,0.1134020618556701,0.0038970732542093394,0.1871058677632436,0.01563047365814024,0.2702702702702703,0.00839999719981876,0.6151510316729546,0.18252508388432312
HALLMARK_UNFOLDED_PROTEIN_RESPONSE,TATDN2,0.010309278350515464,0.0,0.02654293409336186,0.0031655097717079557,0.0,0.0,0.08726563996282302,0.0051678787237063074
HALLMARK_UNFOLDED_PROTEIN_RESPONSE,SERP1,0.010309278350515464,0.0,0.02654293409336186,0.0031655097717079557,0.0,0.0,0.08726563996282302,0.0051678787237063074
HALLMARK_UNFOLDED_PROTEIN_RESPONSE,HSP90B1,0.13402061855670103,0.006150122578278002,0.2114072952008641,0.01813604675902241,0.32432432432432434,0.01325636165044545,0.6950472334227236,0.21817552351229325
HALLMARK_UNFOLDED_PROTEIN_RESPONSE,ATF6,0.18556701030927836,0.06276456127775501,0.23435748968777106,0.02771133542838284,0.45945945945945954,0.13528668941789262,0.7705009644279956,0.35441710852421415
HALLMARK_UNFOLDED_PROTEIN_RESPONSE,DNAJB9,0.09278350515463918,0.0023460959312232806,0.14711003951924465,0.013315295523315888,0.21621621621621623,0.005056922969434931,0.4836560908619988,0.1495836708820475
HALLMARK_UNFOLDED_PROTEIN_RESPONSE,ATF4,0.12371134020618557,0.03882336409135424,0.14608337066503896,0.01922844504260329,0.2972972972972973,0.08368232475555148,0.4802806948233761,0.23371866573583747
HALLMARK_UNFOLDED_PROTEIN_RESPONSE,EIF2S1,0.18556701030927836,0.19549045426444497,0.23580254905909054,0.024060969517183325,0.45945945945945954,0.42137244062295603,0.7752519098351202,0.30247803339150325
HALLMARK_UNFOLDED_PROTEIN_RESPONSE,HSPA5,0.1958762886597938,0.052015334123587734,0.25353145627510515,0.026746545046113724,0.4864864864864865,0.11211712803033277,0.8335395290035658,0.3406896298628965
HALLMARK_UNFOLDED_PROTEIN_RESPONSE,CXXC1,0.010309278350515464,0.0,0.02654293409336186,0.0031655097717079557,0.0,0.0,0.08726563996282302,0.0051678787237063074
HALLMARK_UNFOLDED_PROTEIN_RESPONSE,HERPUD1,0.05154639175257732,0.0002623343151693667,0.08879272172918315,0.008213918124365956,0.10810810810810811,0.000565451909444831,0.2919252882323914,0.07699894089882581
HALLMARK_UNFOLDED_PROTEIN_RESPONSE,ATP6V0D1,0.010309278350515464,0.0,0.02654293409336186,0.0031655097717079557,0.0,0.0,0.08726563996282302,0.0051678787237063074
HALLMARK_UNFOLDED_PROTEIN_RESPONSE,ZBTB17,0.010309278350515464,0.0,0.02654293409336186,0.0031655097717079557,0.0,0.0,0.08726563996282302,0.0051678787237063074
HALLMARK_UNFOLDED_PROTEIN_RESPONSE,SSR1,0.041237113402061855,0.0586340206185567,0.032407903513845294,0.010902682837067877,0.08108108108108109,0.12638346186538854,0.10654799616506642,0.11525591453501591
HALLMARK_UNFOLDED_PROTEIN_RESPONSE,RPS14,0.12371134020618557,0.16936909836760625,0.15563122309389843,0.016521480294684265,0.2972972972972973,0.3650688245305684,0.5116713259248333,0.195202733677518
HALLMARK_UNFOLDED_PROTEIN_RESPONSE,WFS1,0.020618556701030927,0.0,0.04699427306775682,0.004474166993450714,0.02702702702702703,0.0,0.1545038426957883,0.023788051993055802
HALLMARK_UNFOLDED_PROTEIN_RESPONSE,PDIA5,0.020618556701030927,0.0,0.04699427306775682,0.004474166993450714,0.02702702702702703,0.0,0.1545038426957883,0.023788051993055802
HALLMARK_UNFOLDED_PROTEIN_RESPONSE,PREB,0.030927835051546393,0.0004818706493964226,0.03192296845800442,0.007387211486515854,0.054054054054054064,0.0010386543545807738,0.10495366722465949,0.0652361808850228
HALLMARK_UNFOLDED_PROTEIN_RESPONSE,KDELR3,0.010309278350515464,0.0,0.02654293409336186,0.0031655097717079557,0.0,0.0,0.08726563996282302,0.0051678787237063074
HALLMARK_UNFOLDED_PROTEIN_RESPONSE,EXOSC5,0.12371134020618557,0.009956645453695435,0.1523290276120992,0.01404374345084582,0.2972972972972973,0.021461180859326277,0.5008146436534631,0.15994836104150936
HALLMARK_UNFOLDED_PROTEIN_RESPONSE,EXOSC1,0.1134020618556701,0.0004631735282887496,0.15412297143492068,0.012502553403381383,0.2702702702702703,0.0009983534018646592,0.5067126221966498,0.1380196044137285
HALLMARK_UNFOLDED_PROTEIN_RESPONSE,NOP14,0.15463917525773196,0.026562814598283895,0.17598723186537774,0.01736114295920484,0.37837837837837845,0.05725516398848371,0.5785961099853957,0.207149837962287
HALLMARK_UNFOLDED_PROTEIN_RESPONSE,EXOSC9,0.10309278350515463,0.0,0.14523816054577104,0.011425941388983632,0.24324324324324323,0.0,0.477501883645172,0.12270107644560785
HALLMARK_UNFOLDED_PROTEIN_RESPONSE,EXOSC10,0.12371134020618557,0.012739622574193662,0.16182823252342995,0.013791355630937977,0.2972972972972973,0.027459785066751584,0.5320453355132821,0.1563572717480892
HALLMARK_UNFOLDED_PROTEIN_RESPONSE,RRP9,0.14432989690721648,0.013764131900609454,0.1760750556106884,0.01599482735318634,0.35135135135135137,0.029668077010913885,0.5788848495539569,0.18770927484003525
HALLMARK_UNFOLDED_PROTEIN_RESPONSE,EXOSC2,0.1134020618556701,0.009824668011684764,0.14691535230030497,0.012988166722576498,0.2702702702702703,0.021176708366505814,0.4830160144976604,0.1449291327417618
HALLMARK_UNFOLDED_PROTEIN_RESPONSE,PARN,0.07216494845360824,0.017485807399201882,0.04878115676572225,0.010459881482588747,0.16216216216216217,0.03769001083857377,0.160378609550636,0.1089555344146021
HALLMARK_UNFOLDED_PROTEIN_RESPONSE,EXOSC4,0.14432989690721648,0.022582732331543304,0.15770763036224153,0.016757982119444032,0.35135135135135137,0.04867624393365598,0.5184979641728157,0.19856778976889058
HALLMARK_UNFOLDED_PROTEIN_RESPONSE,IMP3,0.14432989690721648,0.05703963004022723,0.1930267163668342,0.01596600899685765,0.35135135135135137,0.12294681196949066,0.6346171027824232,0.18729923409043123
HALLMARK_UNFOLDED_PROTEIN_RESPONSE,NOP56,0.17525773195876287,0.060470026039407515,0.18714478351787087,0.020128973112693477,0.43243243243243246,0.13034090361410103,0.6152789756380129,0.24653179083872884
HALLMARK_UNFOLDED_PROTEIN_RESPONSE,DCP2,0.09278350515463918,0.04037112571475253,0.03956303404947357,0.014520879426448533,0.21621621621621623,0.0870184676644613,0.13007203623587735,0.16673726984906648
HALLMARK_UNFOLDED_PROTEIN_RESPONSE,MTREX,0.14432989690721648,0.016724210240380358,0.1591275911368207,0.01658693453041043,0.35135135135135137,0.03604841634337646,0.5231663925115934,0.19613404646912203
HALLMARK_UNFOLDED_PROTEIN_RESPONSE,CCL2,0.020618556701030927,0.0,0.020604935945296173,0.0043728994170339226,0.02702702702702703,0.0,0.0677431860145761,0.022347170616237633
HALLMARK_UNFOLDED_PROTEIN_RESPONSE,CNOT2,0.05154639175257732,0.014231249069313227,0.036202142762339524,0.007929744232153138,0.10810810810810811,0.03067493078377042,0.11902237880216593,0.07295558483605061
HALLMARK_UNFOLDED_PROTEIN_RESPONSE,CNOT6,0.020618556701030927,0.000317903507336497,0.0074163779887798055,0.004148559005309081,0.02702702702702703,0.0006852292469880505,0.024382947609357226,0.0191551526697269
HALLMARK_UNFOLDED_PROTEIN_RESPONSE,EIF4G1,0.08247422680412371,0.03246711699614052,0.059775651570358836,0.011510007653826787,0.18918918918918917,0.06998166933587707,0.19652539052894885,0.12389720969691258
HALLMARK_UNFOLDED_PROTEIN_RESPONSE,CNOT4,0.030927835051546393,0.0,0.030809129508200764,0.0049027943406124725,0.054054054054054064,0.0,0.1012916806323617,0.02988675785699853
HALLMARK_UNFOLDED_PROTEIN_RESPONSE,DDX10,0.061855670103092786,0.001979757175140741,0.060176339083068416,0.008150588728962484,0.13513513513513514,0.004267293335977412,0.19784273743938172,0.07609786130681055
HALLMARK_UNFOLDED_PROTEIN_RESPONSE,EIF4A3,0.061855670103092786,0.01686761347835757,0.045859050105477125,0.00921507582805631,0.13513513513513514,0.03635751671662513,0.15077155153478192,0.0912438704364728
HALLMARK_UNFOLDED_PROTEIN_RESPONSE,DKC1,0.07216494845360824,0.002714903671573982,0.07036980509448607,0.009197955089976263,0.16216216216216217,0.005851874407125037,0.23135596291011487,0.09100026874746435
HALLMARK_UNFOLDED_PROTEIN_RESPONSE,NOLC1,0.041237113402061855,0.0,0.04749895839561983,0.0056961988124082895,0.08108108108108109,0.0,0.15616310492960545,0.041175679426422925
HALLMARK_UNFOLDED_PROTEIN_RESPONSE,NHP2,0.09278350515463918,0.0441239427662868,0.11069537747402726,0.011346650053505072,0.21621621621621623,0.09510752595718656,0.36393500892627784,0.12157288307240142
HALLMARK_UNFOLDED_PROTEIN_RESPONSE,SPCS1,0.020618556701030927,0.01997422680412371,0.0002506120417488789,0.009763532139454602,0.02702702702702703,0.04305370678930818,0.000823941321960901,0.09904755758940392
HALLMARK_UNFOLDED_PROTEIN_RESPONSE,SEC11A,0.010309278350515464,0.0,2.1869772463156825e-05,0.005676320545218243,0.0,0.0,7.190160978910005e-05,0.040892842352494456
HALLMARK_UNFOLDED_PROTEIN_RESPONSE,SPCS3,0.020618556701030927,0.03951890034364261,0.002849963997240736,0.007992464873123615,0.02702702702702703,0.08518152741110437,0.009369873398902667,0.07384800279167054
HALLMARK_UNFOLDED_PROTEIN_RESPONSE,NFYB,0.010309278350515464,0.0,0.0017983916730153625,0.004285575375396989,0.0,0.0,0.005912601813254182,0.021104684227254707
HALLMARK_UNFOLDED_PROTEIN_RESPONSE,NFYA,0.020618556701030927,0.01997422680412371,0.020608276422667007,0.006482078507231091,0.02702702702702703,0.04305370678930818,0.06775416855684221,0.05235753502874543
HALLMARK_UNFOLDED_PROTEIN_RESPONSE,HSPA9,0.08247422680412371,0.009421785578900992,0.09443216488726201,0.012245278085866871,0.18918918918918917,0.020308310190109084,0.31046617804105775,0.13435897356979556
HALLMARK_UNFOLDED_PROTEIN_RESPONSE,FUS,0.020618556701030927,0.0035176810548330165,0.006425364067101166,0.004977075262149895,0.02702702702702703,0.007582231352345418,0.02112477487746691,0.030943660769888
HALLMARK_UNFOLDED_PROTEIN_RESPONSE,EEF2,0.08247422680412371,0.012529423513741722,0.0932729900888397,0.01092100226332553,0.18918918918918917,0.0270067087697398,0.3066551400353386,0.11551657170745584
HALLMARK_UNFOLDED_PROTEIN_RESPONSE,EIF4A2,0.08247422680412371,0.01105480308913452,0.05185411652598011,0.011562765495985072,0.18918918918918917,0.023828219008451192,0.17048162977875655,0.12464787239603865
HALLMARK_UNFOLDED_PROTEIN_RESPONSE,EIF4E,0.08247422680412371,0.04315662578235158,0.04728028125328606,0.01196376657301488,0.18918918918918917,0.09302250999100826,0.15544415650047264,0.1303534990578067
HALLMARK_UNFOLDED_PROTEIN_RESPONSE,EIF4A1,0.10309278350515463,0.03178926351597188,0.07192483655408265,0.014066924854701231,0.24324324324324323,0.06852058124132977,0.23646846535640456,0.16027819665410753
HALLMARK_UNFOLDED_PROTEIN_RESPONSE,EIF4EBP1,0.041237113402061855,0.0002384177964074871,0.02014418187901512,0.0064487245452485445,0.08108108108108109,0.0005139007382133934,0.0662283573103318,0.0518829596082184
HALLMARK_UNFOLDED_PROTEIN_RESPONSE,PAIP1,0.041237113402061855,0.0002384177964074871,0.02014418187901512,0.0064487245452485445,0.08108108108108109,0.0005139007382133934,0.0662283573103318,0.0518829596082184
HALLMARK_UNFOLDED_PROTEIN_RESPONSE,NPM1,0.061855670103092786,0.060570881068625945,0.02667600060029652,0.012804514235352019,0.13513513513513514,0.13055829289774035,0.08770312490116579,0.14231604118757102
HALLMARK_UNFOLDED_PROTEIN_RESPONSE,KIF5B,0.041237113402061855,0.02215166050539762,0.007630026979443619,0.010707768907378203,0.08108108108108109,0.04774708456293248,0.025085364901737562,0.11248259002869614
HALLMARK_UNFOLDED_PROTEIN_RESPONSE,CEBPB,0.05154639175257732,0.014675090136544049,0.04552904403713549,0.009176705859258394,0.10810810810810811,0.03163161378116506,0.14968658516881223,0.09069792497765716
HALLMARK_UNFOLDED_PROTEIN_RESPONSE,YWHAZ,0.030927835051546393,0.02440340390565906,0.004183368543299694,0.008220106207150885,0.054054054054054064,0.05260063414311454,0.013753729404869738,0.0770869877698827
HALLMARK_UNFOLDED_PROTEIN_RESPONSE,DNAJA4,0.020618556701030927,0.0,0.030365248612806022,0.004028324245504018,0.02702702702702703,0.0,0.09983232612891287,0.017444397535859642
HALLMARK_UNFOLDED_PROTEIN_RESPONSE,BAG3,0.020618556701030927,0.0,0.030365248612806022,0.004028324245504018,0.02702702702702703,0.0,0.09983232612891287,0.017444397535859642
HALLMARK_UNFOLDED_PROTEIN_RESPONSE,CEBPG,0.030927835051546393,0.0,0.024578057592900385,0.005932999593654263,0.054054054054054064,0.0,0.080805683250518,0.04454498920736424
HALLMARK_UNFOLDED_PROTEIN_RESPONSE,TUBB2A,0.010309278350515464,0.0,0.000665843899577674,0.003806058327591242,0.0,0.0,0.002189105914500951,0.014281896435766047
HALLMARK_UNFOLDED_PROTEIN_RESPONSE,IFIT1,0.010309278350515464,0.0,0.014385074780619275,0.0028454544855477572,0.0,0.0,0.047294046401514876,0.0006139857828659273
HALLMARK_UNFOLDED_PROTEIN_RESPONSE,DDIT4,0.010309278350515464,0.0,0.00036507509418230336,0.0038596240498113745,0.0,0.0,0.0012002633776751195,0.015044054021775052
HALLMARK_UNFOLDED_PROTEIN_RESPONSE,LSM1,0.05154639175257732,0.006212341972651251,0.009085618164237261,0.009415068096197146,0.10810810810810811,0.013390473252772964,0.02987093592483814,0.09408945186409323
HALLMARK_UNFOLDED_PROTEIN_RESPONSE,DCP1A,0.030927835051546393,0.0,0.004897685224934594,0.00621991393631514,0.054054054054054064,0.0,0.016102200080332068,0.048627337652049
HALLMARK_UNFOLDED_PROTEIN_RESPONSE,LSM4,0.030927835051546393,0.0,0.004897685224934594,0.00621991393631514,0.054054054054054064,0.0,0.016102200080332068,0.048627337652049
HALLMARK_UNFOLDED_PROTEIN_RESPONSE,EDC4,0.05154639175257732,0.024523451234952524,0.00747351591264919,0.010102392316194538,0.10810810810810811,0.05285939171941148,0.024570800899241102,0.10386901511101324
HALLMARK_UNFOLDED_PROTEIN_RESPONSE,SDAD1,0.041237113402061855,5.3694158075601374e-05,0.051064099214706865,0.005651886355038387,0.08108108108108109,0.0001157357709390005,0.16788427690105753,0.040545181523297884
HALLMARK_UNFOLDED_PROTEIN_RESPONSE,CHAC1,0.020618556701030927,0.0,0.020604935945296173,0.0043728994170339226,0.02702702702702703,0.0,0.0677431860145761,0.022347170616237633
HALLMARK_UNFOLDED_PROTEIN_RESPONSE,ALDH18A1,0.020618556701030927,0.0,9.846073903162465e-68,0.010204081632653062,0.02702702702702703,0.0,0.0,0.10531589719796484
HALLMARK_UNFOLDED_PROTEIN_RESPONSE,MTHFD2,0.020618556701030927,0.0,9.846073903162465e-68,0.010204081632653062,0.02702702702702703,0.0,0.0,0.10531589719796484
HALLMARK_UNFOLDED_PROTEIN_RESPONSE,PSAT1,0.020618556701030927,0.0,9.846073903162465e-68,0.010204081632653062,0.02702702702702703,0.0,0.0,0.10531589719796484
HALLMARK_UNFOLDED_PROTEIN_RESPONSE,KHSRP,0.041237113402061855,0.011009197902453917,0.02089587595398442,0.0075044939741294526,0.08108108108108109,0.023729918716045736,0.0686997142551868,0.06690492974037035
HALLMARK_UNFOLDED_PROTEIN_RESPONSE,IARS1,0.010309278350515464,0.0,0.0011943243212916815,0.004193057390012335,0.0,0.0,0.003926599668826671,0.019788296031956885
HALLMARK_UNFOLDED_PROTEIN_RESPONSE,TARS1,0.020618556701030927,0.01997422680412371,0.013685776407886142,0.006264957806170161,0.02702702702702703,0.04305370678930818,0.04499495166666492,0.04926824242641427
HALLMARK_UNFOLDED_PROTEIN_RESPONSE,POP4,0.010309278350515464,0.0,0.016682314322144457,0.0028023025278741138,0.0,0.0,0.05484671853768361,0.0
HALLMARK_UV_RESPONSE_DN,SNAI2,0.028985507246376812,0.0002841716396703609,0.03902527978147078,0.006580498679917678,0.047619047619047616,0.0011366260782103169,0.09997214016834582,0.04371589145435244
HALLMARK_UV_RESPONSE_DN,MYC,0.13043478260869565,0.054520769633840005,0.14090775240483097,0.023983116028348347,0.38095238095238093,0.2180714748375474,0.36096729230653135,0.37926041265838095
HALLMARK_UV_RESPONSE_DN,KIT,0.13043478260869565,0.034723373897556156,0.20336903217506577,0.023003708685442017,0.38095238095238093,0.13888610538754687,0.5209760827944093,0.36037619763719336
HALLMARK_UV_RESPONSE_DN,TGFBR3,0.028985507246376812,0.0005806288953415081,0.005222239523284693,0.007470484412231002,0.047619047619047616,0.0023223920056665683,0.013377955636396897,0.06087594447674569
HALLMARK_UV_RESPONSE_DN,ACVR2A,0.057971014492753624,0.009992692729265618,0.01959638114493048,0.012696660825124093,0.14285714285714285,0.03996864416449563,0.050200592374574006,0.16164325016884817
HALLMARK_UV_RESPONSE_DN,TGFBR2,0.10144927536231885,0.06425641738099673,0.02646973331755236,0.02165635749537925,0.28571428571428575,0.25701199378069095,0.0678082490185634,0.33439755885478867
HALLMARK_UV_RESPONSE_DN,SERPINE1,0.11594202898550725,0.09366500223277713,0.038596117197555915,0.026724154331071157,0.3333333333333333,0.37464007413582173,0.09887274248985647,0.4321111055440674
HALLMARK_UV_RESPONSE_DN,IGFBP5,0.043478260869565216,0.010350521411902486,0.03182584969077894,0.01022779976529293,0.09523809523809522,0.04139988273808623,0.08152916068968016,0.11404047952498167
HALLMARK_UV_RESPONSE_DN,SMAD7,0.07246376811594203,0.008338514658342362,0.02568955127857511,0.015118210044524728,0.19047619047619047,0.03335228394080822,0.06580963507923446,0.20833378855898568
HALLMARK_UV_RESPONSE_DN,PPARG,0.11594202898550725,0.14104458138143694,0.14294088993475784,0.022880617868097593,0.3333333333333333,0.5641483068977744,0.3661756370323488,0.35800285065475385
HALLMARK_UV_RESPONSE_DN,TFPI,0.028985507246376812,0.0,0.00493464165777966,0.008665205879461953,0.047619047619047616,0.0,0.012641208218226235,0.08391168873680865
HALLMARK_UV_RESPONSE_DN,VLDLR,0.014492753623188406,0.0,0.004375234935239254,0.004982265775141041,0.0,0.0,0.01120816052221772,0.012899935206589462
HALLMARK_UV_RESPONSE_DN,F3,0.028985507246376812,0.0,0.00493464165777966,0.008665205879461953,0.047619047619047616,0.0,0.012641208218226235,0.08391168873680865
HALLMARK_UV_RESPONSE_DN,ANXA2,0.043478260869565216,0.010746085873963111,0.045327556093808084,0.009687285846097547,0.09523809523809522,0.04298205639803656,0.11611685596294673,0.10361868603327547
HALLMARK_UV_RESPONSE_DN,SMAD3,0.18840579710144928,0.16536316853654312,0.08045291553848855,0.035715748937289835,0.5714285714285714,0.6614174797743776,0.20609846218155004,0.6054804468676842
HALLMARK_UV_RESPONSE_DN,COL1A1,0.11594202898550725,0.05191141019482651,0.05561852134030396,0.020596422867818813,0.3333333333333333,0.20763459243349264,0.14247950668194917,0.31396067571293135
HALLMARK_UV_RESPONSE_DN,ITGB3,0.10144927536231885,0.05167172687868611,0.07690172703635723,0.018207301584394583,0.28571428571428575,0.20667591018091766,0.1970012842320955,0.26789538903252125
HALLMARK_UV_RESPONSE_DN,COL5A2,0.057971014492753624,0.0,0.014678943762663958,0.011332160395058667,0.14285714285714285,0.0,0.03760345682546701,0.135333952301635
HALLMARK_UV_RESPONSE_DN,LAMC1,0.043478260869565216,0.0,0.018797363101998473,0.008813089414694527,0.09523809523809522,0.0,0.04815372572218007,0.08676307074619632
HALLMARK_UV_RESPONSE_DN,COL11A1,0.057971014492753624,0.0,0.014678943762663958,0.011332160395058667,0.14285714285714285,0.0,0.03760345682546701,0.135333952301635
HALLMARK_UV_RESPONSE_DN,COL3A1,0.10144927536231885,0.02302316183390353,0.025887222335913042,0.019121403102771814,0.28571428571428575,0.0920877472981714,0.0663160145020617,0.2855204249782448
HALLMARK_UV_RESPONSE_DN,PDGFRB,0.11594202898550725,0.05033579756119802,0.22594473800980458,0.018837035300354528,0.3333333333333333,0.20133247723784115,0.5788088937504873,0.2800374532965998
HALLMARK_UV_RESPONSE_DN,COL1A2,0.11594202898550725,0.03945154258453491,0.03329758134356434,0.021374953270709457,0.3333333333333333,0.15779777383564222,0.08529933642977344,0.3289717287086049
HALLMARK_UV_RESPONSE_DN,NFKB1,0.10144927536231885,0.03347746663132314,0.0990875972230015,0.01891041784598136,0.28571428571428575,0.13390274149002745,0.2538354424104827,0.28145236179249383
HALLMARK_UV_RESPONSE_DN,MAPK14,0.08695652173913043,0.033332326278887055,0.07543384595497239,0.01791349379040465,0.23809523809523808,0.13332221097061722,0.19324097260741516,0.26223040234767325
HALLMARK_UV_RESPONSE_DN,NR3C1,0.028985507246376812,0.0,0.020352337796047178,0.006774345120181047,0.047619047619047616,0.0,0.05213714746680719,0.04745349653311623
HALLMARK_UV_RESPONSE_DN,PRKCA,0.10144927536231885,0.038959285954170864,0.09849080429243265,0.019311469782879936,0.28571428571428575,0.1558288520815476,0.2523066214298158,0.28918515149017204
HALLMARK_UV_RESPONSE_DN,ERBB2,0.17391304347826086,0.024657448649574108,0.3155541901716975,0.027864553666453833,0.5238095238095237,0.09862454673431943,0.8083639094249915,0.4540994502459567
HALLMARK_UV_RESPONSE_DN,CDKN1B,0.07246376811594203,0.0014150810826002642,0.13760459691381688,0.012881673669475784,0.19047619047619047,0.005660023157593462,0.35250550739186454,0.1652105323213907
HALLMARK_UV_RESPONSE_DN,IGF1R,0.11594202898550725,0.025346003574903835,0.2294387420243292,0.019865302958165992,0.3333333333333333,0.10137861988995796,0.5877595806140999,0.29986375712215907
HALLMARK_UV_RESPONSE_DN,AKT3,0.07246376811594203,0.005172016105519943,0.13767370168686444,0.01305366745995608,0.19047619047619047,0.020686963657868748,0.3526825350030975,0.16852679061296208
HALLMARK_UV_RESPONSE_DN,PTEN,0.31884057971014496,0.2500133026314208,0.3903615518859058,0.05617703614591294,1.0,1.0,1.0,1.0
HALLMARK_UV_RESPONSE_DN,DLG1,0.028985507246376812,0.002170222502703321,0.0527998355834428,0.0068509384839769115,0.047619047619047616,0.008680428120669829,0.13525880130447643,0.04893031367318895
HALLMARK_UV_RESPONSE_DN,DUSP1,0.014492753623188406,0.0,0.008550770624544225,0.004680569642342201,0.0,0.0,0.0219047459547026,0.007082851350624384
HALLMARK_UV_RESPONSE_DN,FYN,0.13043478260869565,0.03859193875178532,0.22644914737243885,0.02223987098643873,0.38095238095238093,0.15435954145479625,0.5801010531862651,0.34564843859623756
HALLMARK_UV_RESPONSE_DN,FHL2,0.028985507246376812,0.003324808184143222,0.012727801703393117,0.007376168072174855,0.047619047619047616,0.013298525115060706,0.03260516216800259,0.05905740588957679
HALLMARK_UV_RESPONSE_DN,BMPR1A,0.07246376811594203,0.04272546488524414,0.061503733567927786,0.014546434259964838,0.19047619047619047,0.1708927662470491,0.15755581785857842,0.19730922667700493
HALLMARK_UV_RESPONSE_DN,ATXN1,0.014492753623188406,0.0,2.0295916699051776e-19,0.014285714285714285,0.0,0.0,0.0,0.19228221509727164
HALLMARK_UV_RESPONSE_DN,RBPMS,0.014492753623188406,0.0,2.0295916699051776e-19,0.014285714285714285,0.0,0.0,0.0,0.19228221509727164
HALLMARK_UV_RESPONSE_DN,BHLHE40,0.028985507246376812,0.027280477408354646,0.001885170274625004,0.012898490449125012,0.047619047619047616,0.10911610350819041,0.004829292909400047,0.16553478114917425
HALLMARK_UV_RESPONSE_DN,NR1D2,0.014492753623188406,0.0,0.00021369763972084574,0.00763199766395764,0.0,0.0,0.0005474351628341325,0.06399012469651635
HALLMARK_UV_RESPONSE_DN,RXRA,0.028985507246376812,0.05370843989769821,0.01641681541226497,0.010063786389645116,0.047619047619047616,0.2148223287817499,0.042055410767152725,0.1108780937469731
HALLMARK_UV_RESPONSE_DN,IRS1,0.17391304347826086,0.0531856841353409,0.3172286045140656,0.028769104920111158,0.5238095238095237,0.2127314169908362,0.8126533030250495,0.47154034498242126
HALLMARK_UV_RESPONSE_DN,PIK3R3,0.17391304347826086,0.025685965009898237,0.3055201227576043,0.028231875282349533,0.5238095238095237,0.10273839327567891,0.7826593609990085,0.4611818765997562
HALLMARK_UV_RESPONSE_DN,PIK3CD,0.17391304347826086,0.03173679113745071,0.3056271597691029,0.02842294886158027,0.5238095238095237,0.12694040998385717,0.7829335606761576,0.46486601740306466
HALLMARK_UV_RESPONSE_DN,PHF3,0.014492753623188406,0.0,2.0295916699051776e-19,0.014285714285714285,0.0,0.0,0.0,0.19228221509727164
HALLMARK_UV_RESPONSE_DN,NIPBL,0.014492753623188406,0.0,2.0295916699051776e-19,0.014285714285714285,0.0,0.0,0.0,0.19228221509727164
HALLMARK_UV_RESPONSE_DN,MET,0.07246376811594203,0.0,0.18525335419866198,0.012337506960299453,0.19047619047619047,0.0,0.47456864874030297,0.1547183084087498
HALLMARK_UV_RESPONSE_DN,INPP4B,0.043478260869565216,0.0002841716396703609,0.08909988716697646,0.009094104055080947,0.09523809523809522,0.0011366260782103169,0.22824964891270444,0.0921813892135783
HALLMARK_UV_RESPONSE_DN,VAV2,0.028985507246376812,0.0,0.06927583552020229,0.006155758695228905,0.047619047619047616,0.0,0.17746582670736516,0.0355263661694416
HALLMARK_UV_RESPONSE_DN,NRP1,0.028985507246376812,0.006254771399811109,0.028669628513199864,0.006872802621142612,0.047619047619047616,0.025017754391381857,0.07344378147563921,0.049351881951679305
HALLMARK_UV_RESPONSE_DN,CAV1,0.18840579710144928,0.15824025432149003,0.22036817475276244,0.03731703192611835,0.5714285714285714,0.6329273388895386,0.5645232571909932,0.6363552126021083
HALLMARK_UV_RESPONSE_DN,DLC1,0.014492753623188406,0.0,0.024979724182387242,0.004582822692721393,0.0,0.0,0.06399125134559427,0.005198166262572032
HALLMARK_UV_RESPONSE_DN,GJA1,0.043478260869565216,0.032426936519008145,0.026431242999898272,0.011870833500699517,0.09523809523809522,0.12970084462590847,0.06770964730569456,0.14572025257468246
HALLMARK_UV_RESPONSE_DN,DAB2,0.043478260869565216,0.03124873137660862,0.006074915407624722,0.01311573832615047,0.09523809523809522,0.12498827481462736,0.01556227906738184,0.16972359559125427
HALLMARK_UV_RESPONSE_DN,TJP1,0.028985507246376812,0.0017623716153127914,0.006729598555840363,0.008402065483713592,0.047619047619047616,0.007049111374329338,0.01723939902208217,0.07883800836258698
HALLMARK_UV_RESPONSE_DN,PLCB4,0.043478260869565216,0.001073255389112167,0.07846621252809088,0.00883063015336212,0.09523809523809522,0.004292793134669323,0.20100907005058954,0.0871012784215098
HALLMARK_UV_RESPONSE_DN,RUNX1,0.043478260869565216,0.021006234359310146,0.032935698665900646,0.010222034685335406,0.09523809523809522,0.08402046666404124,0.0843722915506982,0.11392932147586068
HALLMARK_UV_RESPONSE_DN,FBLN5,0.028985507246376812,0.0,0.0067097033320495,0.006735804336906294,0.047619047619047616,0.0,0.017188432876223937,0.046710381379123526
HALLMARK_UV_RESPONSE_DN,MGMT,0.028985507246376812,0.0,0.04990611940807538,0.007501160868287598,0.047619047619047616,0.0,0.12784588842566608,0.06146742543352689
HALLMARK_UV_RESPONSE_DN,ATRX,0.028985507246376812,0.0,0.04990611940807538,0.007501160868287598,0.047619047619047616,0.0,0.12784588842566608,0.06146742543352689
HALLMARK_UV_RESPONSE_DN,PRKCE,0.043478260869565216,0.027422563228189825,0.04773696468096654,0.010994486448909347,0.09523809523809522,0.10968441654729556,0.12228910467831887,0.1288231706005154
HALLMARK_UV_RESPONSE_DN,PDLIM5,0.014492753623188406,0.0,0.005411191886177196,0.005258080160930098,0.0,0.0,0.013862000138166193,0.018217986173739997
HALLMARK_UV_RESPONSE_DN,LDLR,0.014492753623188406,0.0,0.0006886716002320684,0.005859585329248112,0.0,0.0,0.0017641891136690427,0.029815768258123827
HALLMARK_UV_RESPONSE_DN,RND3,0.014492753623188406,0.0,0.024979724182387242,0.004582822692721393,0.0,0.0,0.06399125134559427,0.005198166262572032
HALLMARK_UV_RESPONSE_DN,ADD3,0.014492753623188406,0.0,0.024979724182387242,0.004582822692721393,0.0,0.0,0.06399125134559427,0.005198166262572032
HALLMARK_UV_RESPONSE_DN,MAGI2,0.014492753623188406,0.0,0.04424906495889856,0.004313225984491853,0.0,0.0,0.11335405534977379,0.0
HALLMARK_UV_RESPONSE_DN,SYNJ2,0.057971014492753624,0.027422563228189832,0.09015120477359755,0.013088340706054184,0.14285714285714285,0.10968441654729559,0.23094283834578766,0.16919533474788367
HALLMARK_UV_RESPONSE_DN,AMPH,0.014492753623188406,0.0,0.010218970889926498,0.004924050928327983,0.0,0.0,0.0261782207816237,0.011777479169675283
HALLMARK_UV_RESPONSE_DN,SPOP,0.028985507246376812,0.0,0.06022166193508015,0.006578280505584108,0.047619047619047616,0.0,0.1542714994449085,0.0436731222415494
HALLMARK_UV_RESPONSE_UP,FKBP4,0.03488372093023256,0.0,2.2420508525953154e-05,0.009382738311606454,0.22222222222222224,0.0,5.418370295822866e-05,0.19703029630206031
HALLMARK_UV_RESPONSE_UP,STIP1,0.05813953488372093,0.0005015959872321021,2.9771525856981013e-05,0.015043096914149689,0.4444444444444445,0.002822435798749331,7.194892621550407e-05,0.41489734592830085
HALLMARK_UV_RESPONSE_UP,HSPA2,0.05813953488372093,0.000501595987232102,2.9771525856981013e-05,0.015043096914149687,0.4444444444444445,0.00282243579874933,7.194892621550407e-05,0.4148973459283008
HALLMARK_UV_RESPONSE_UP,DNAJB1,0.06976744186046512,0.0011855905152758778,3.274012784500633e-05,0.01795727598980435,0.5555555555555556,0.006671211887952964,7.912315458477488e-05,0.5270640197871161
HALLMARK_UV_RESPONSE_UP,CDC34,0.011627906976744186,0.0,0.06032881710498107,0.004366821790873083,0.0,0.0,0.14579681375441214,0.003967804986988178
HALLMARK_UV_RESPONSE_UP,NFKBIA,0.10465116279069767,0.0644902612207674,0.33337558736895456,0.02798129500739976,0.888888888888889,0.3628809371953053,0.805669674200957,0.9128882408496467
HALLMARK_UV_RESPONSE_UP,HMOX1,0.046511627906976744,0.006476451045534492,0.19577724833682236,0.012239118075694597,0.33333333333333337,0.036442411313202396,0.47313540001032545,0.3069722762208542
HALLMARK_UV_RESPONSE_UP,CASP3,0.11627906976744186,0.17771741254641393,0.35420579455395024,0.0298775956360966,1.0,1.0,0.8560100916524022,0.9858768007958202
HALLMARK_UV_RESPONSE_UP,IL6,0.11627906976744186,0.09746010031919745,0.38944497901635755,0.030244527543642763,1.0,0.548399275696995,0.9411727230526252,1.0
HALLMARK_UV_RESPONSE_UP,SOD2,0.05813953488372093,0.03361344537815126,0.14242801839000316,0.016493163108491807,0.4444444444444445,0.18913985352657853,0.3442061732203724,0.47071035455678645
HALLMARK_UV_RESPONSE_UP,GPX3,0.046511627906976744,0.006476451045534492,0.19577724833682228,0.012239118075694597,0.33333333333333337,0.036442411313202396,0.4731354000103253,0.3069722762208542
HALLMARK_UV_RESPONSE_UP,EIF5,0.011627906976744186,0.0,2.080761578644009e-20,0.011494252873563218,0.0,0.0,0.0,0.27830243472270205
HALLMARK_UV_RESPONSE_UP,EIF2S3,0.011627906976744186,0.0,2.080761578644009e-20,0.011494252873563218,0.0,0.0,0.0,0.27830243472270205
HALLMARK_UV_RESPONSE_UP,FOS,0.11627906976744186,0.09173832323627124,0.4137869378037446,0.028873611059812433,1.0,0.5162033473355472,1.0,0.9472334615898901
HALLMARK_UV_RESPONSE_UP,ARRB2,0.011627906976744186,0.0,0.06032881710498107,0.004366821790873083,0.0,0.0,0.14579681375441214,0.003967804986988178
HALLMARK_UV_RESPONSE_UP,PRKACA,0.03488372093023256,0.0013914402970490519,0.1740818906021079,0.00943839609294993,0.22222222222222224,0.007829510215751389,0.42070417090998985,0.19917256280167703
HALLMARK_UV_RESPONSE_UP,ICAM1,0.03488372093023256,0.0009233926128590971,0.14841802574307764,0.009962559775393755,0.22222222222222224,0.005195847720424905,0.35868224002148413,0.21934760877207754
HALLMARK_UV_RESPONSE_UP,SQSTM1,0.023255813953488372,0.0013914402970490519,0.09920184450877235,0.006984149547282006,0.11111111111111112,0.007829510215751389,0.23974136311625888,0.1047086795912
HALLMARK_UV_RESPONSE_UP,YKT6,0.011627906976744186,0.0,2.080761578644009e-20,0.011494252873563218,0.0,0.0,0.0,0.27830243472270205
HALLMARK_UV_RESPONSE_UP,TGFBRAP1,0.011627906976744186,0.0,2.080761578644009e-20,0.011494252873563218,0.0,0.0,0.0,0.27830243472270205
HALLMARK_UV_RESPONSE_UP,PPIF,0.03488372093023256,0.014220571949710114,0.036346694345273614,0.010856170579721028,0.22222222222222224,0.08001788764506218,0.08783915349815252,0.2537426644785199
HALLMARK_UV_RESPONSE_UP,BAK1,0.05813953488372093,0.03719692528174061,0.043230282377454084,0.018219580272436614,0.4444444444444445,0.20930377473296827,0.10447473911793179,0.5371601045361887
HALLMARK_UV_RESPONSE_UP,SLC25A4,0.03488372093023256,0.01174581460491173,0.015190887726255022,0.011403097625937818,0.22222222222222224,0.06609264920421971,0.036711859023108945,0.2747938717053038
HALLMARK_UV_RESPONSE_UP,SPR,0.011627906976744186,0.0,2.080761578644009e-20,0.011494252873563218,0.0,0.0,0.0,0.27830243472270205
HALLMARK_UV_RESPONSE_UP,GCH1,0.011627906976744186,0.0,2.080761578644009e-20,0.011494252873563218,0.0,0.0,0.0,0.27830243472270205
HALLMARK_UV_RESPONSE_UP,IRF1,0.023255813953488372,0.026265389876880985,0.07750402317324619,0.00878474728423179,0.11111111111111112,0.1477930018254195,0.1873041802252483,0.17401363782064436
HALLMARK_UV_RESPONSE_UP,TAP1,0.023255813953488372,0.013406292749658003,0.01450015724474936,0.010838791979790013,0.11111111111111112,0.0754360113483912,0.03504256881986607,0.2530737626368762
HALLMARK_UV_RESPONSE_UP,FOSB,0.046511627906976744,0.00025079799361605107,0.19124093208273107,0.011835326851724406,0.33333333333333337,0.0014112178993746654,0.46217247237861075,0.29143036292373076
HALLMARK_UV_RESPONSE_UP,ATF3,0.06976744186046512,0.0076561787505699955,0.2698746333558092,0.017288565475890603,0.5555555555555556,0.04308063369181933,0.6522067486910578,0.5013253701801855
HALLMARK_UV_RESPONSE_UP,NR4A1,0.06976744186046512,0.015298677610579115,0.21481317130323066,0.01847529552225504,0.5555555555555556,0.08608429186185458,0.5191395659887036,0.5470025775903422
HALLMARK_UV_RESPONSE_UP,JUNB,0.03488372093023256,0.0,0.15832451119913143,0.009142601884384344,0.22222222222222224,0.0,0.3826232699356579,0.18778745170858158
HALLMARK_UV_RESPONSE_UP,UROD,0.011627906976744186,0.0,2.080761578644009e-20,0.011494252873563218,0.0,0.0,0.0,0.27830243472270205
HALLMARK_UV_RESPONSE_UP,ALAS1,0.011627906976744186,0.0,2.080761578644009e-20,0.011494252873563218,0.0,0.0,0.0,0.27830243472270205
HALLMARK_UV_RESPONSE_UP,PARP2,0.03488372093023256,0.0201188847632076,0.0768323451112822,0.01039081440849318,0.22222222222222224,0.11320716678762814,0.1856809340553014,0.23583111802539913
HALLMARK_UV_RESPONSE_UP,H2AX,0.023255813953488372,0.0006383948928408573,0.03362444566292554,0.007378594075476817,0.11111111111111112,0.0035921910165900572,0.08126028782202233,0.11989083882054744
HALLMARK_UV_RESPONSE_UP,FEN1,0.046511627906976744,0.02790762816754609,0.03673726141368079,0.014076133930427366,0.33333333333333337,0.15703372994054557,0.08878303797763896,0.37767896681947305
HALLMARK_UV_RESPONSE_UP,GRPEL1,0.023255813953488372,0.0,1.5187416292925421e-05,0.006825411836812942,0.11111111111111112,0.0,3.670346960089072e-05,0.09859886940553778
HALLMARK_UV_RESPONSE_UP,DNAJA1,0.03488372093023256,0.0,2.2420508525953154e-05,0.009382738311606454,0.22222222222222224,0.0,5.418370295822866e-05,0.19703029630206031
HALLMARK_UV_RESPONSE_UP,HSPA13,0.023255813953488372,0.0,1.5187416292925423e-05,0.006825411836812942,0.11111111111111112,0.0,3.670346960089073e-05,0.09859886940553778
HALLMARK_UV_RESPONSE_UP,CTSV,0.011627906976744186,0.0,0.016448069555801626,0.004778597813153981,0.0,0.0,0.03975009371514476,0.019817052955281193
HALLMARK_UV_RESPONSE_UP,BID,0.046511627906976744,0.031826916813236926,0.09089051777753149,0.01437394099392211,0.33333333333333337,0.1790872169316824,0.21965535756143187,0.3891415526443892
HALLMARK_UV_RESPONSE_UP,HLA-F,0.011627906976744186,0.0,0.0026239770799106055,0.006330500738563867,0.0,0.0,0.006341372431517242,0.0795497546101674
HALLMARK_UV_RESPONSE_UP,KCNH2,0.011627906976744186,0.0,2.080761578644009e-20,0.011494252873563218,0.0,0.0,0.0,0.27830243472270205
HALLMARK_UV_RESPONSE_UP,SIGMAR1,0.011627906976744186,0.0,2.080761578644009e-20,0.011494252873563218,0.0,0.0,0.0,0.27830243472270205
HALLMARK_UV_RESPONSE_UP,CCNE1,0.03488372093023256,0.00013679890560875513,0.031002036142217377,0.010341020203211156,0.22222222222222224,0.0007697552178407266,0.07492270371502487,0.23391454040990958
HALLMARK_UV_RESPONSE_UP,CDK2,0.10465116279069767,0.09467428831997912,0.10896874576492678,0.02869840239028034,0.888888888888889,0.532723760510824,0.26334505952096937,0.9404896846350617
HALLMARK_UV_RESPONSE_UP,E2F5,0.023255813953488372,0.0,0.02533103415811487,0.007364487227588649,0.11111111111111112,0.0,0.06121757804285536,0.11934786662660543
HALLMARK_UV_RESPONSE_UP,CDKN1C,0.046511627906976744,0.00027359781121751026,0.03700610805736082,0.013066287545664232,0.33333333333333337,0.0015395104356814532,0.08943276038092939,0.33881000676361783
HALLMARK_UV_RESPONSE_UP,PPAT,0.011627906976744186,0.0,2.080761578644009e-20,0.011494252873563218,0.0,0.0,0.0,0.27830243472270205
HALLMARK_UV_RESPONSE_UP,GLS,0.011627906976744186,0.0,2.080761578644009e-20,0.011494252873563218,0.0,0.0,0.0,0.27830243472270205
HALLMARK_UV_RESPONSE_UP,CXCL2,0.023255813953488372,0.0,0.09733362025208013,0.007117601986688715,0.11111111111111112,0.0,0.2352264205552196,0.10984526037707121
HALLMARK_UV_RESPONSE_UP,NPTX2,0.011627906976744186,0.0,2.080761578644009e-20,0.011494252873563218,0.0,0.0,0.0,0.27830243472270205
HALLMARK_UV_RESPONSE_UP,NPTXR,0.011627906976744186,0.0,2.080761578644009e-20,0.011494252873563218,0.0,0.0,0.0,0.27830243472270205
HALLMARK_UV_RESPONSE_UP,CHKA,0.011627906976744186,0.0,0.019720319160529538,0.004434536413659825,0.0,0.0,0.04765814809234676,0.006574138987889255
HALLMARK_UV_RESPONSE_UP,CDKN2B,0.03488372093023256,0.0,0.03225522475802966,0.010062017577165119,0.22222222222222224,0.0,0.07795128799674199,0.2231757368741562
HALLMARK_UV_RESPONSE_UP,CCND3,0.03488372093023256,0.0,0.03225522475802966,0.010062017577165119,0.22222222222222224,0.0,0.07795128799674199,0.2231757368741562
HALLMARK_UV_RESPONSE_UP,FGF18,0.023255813953488372,0.05034199726402189,0.07303787405410313,0.008786324109774602,0.11111111111111112,0.2832699201653874,0.17651082569634988,0.17407432979316947
HALLMARK_UV_RESPONSE_UP,BMP2,0.03488372093023256,0.03912448700410397,0.014160336669910397,0.01585417770452969,0.22222222222222224,0.2201499923024478,0.03422132352719775,0.4461158236284971
HALLMARK_UV_RESPONSE_UP,POLG2,0.023255813953488372,0.005167090091850694,0.004366012884283815,0.00824871985832208,0.11111111111111112,0.029074754228155444,0.010551355022121496,0.1533819566848899
HALLMARK_UV_RESPONSE_UP,BTG2,0.011627906976744186,0.0,0.038873027403791276,0.004341465687443406,0.0,0.0,0.09394454936184671,0.0029918492512933693
HALLMARK_UV_RESPONSE_UP,POLE3,0.03488372093023256,0.007890691160185004,0.00893447821352978,0.011624857912748749,0.22222222222222224,0.044400214065260575,0.021591977409802437,0.28332941915101834
HALLMARK_UV_RESPONSE_UP,RFC4,0.023255813953488372,0.0,0.008265423529206298,0.00800902274016218,0.11111111111111112,0.0,0.019975071163620232,0.14415602108534223
HALLMARK_UV_RESPONSE_UP,CEBPG,0.023255813953488372,0.0,0.12371718051413222,0.006627602697701063,0.11111111111111112,0.0,0.2989876412503146,0.09098520098741879
HALLMARK_UV_RESPONSE_UP,MMP14,0.023255813953488372,0.00027359781121751026,2.6580217331445067e-17,0.01679327702569137,0.11111111111111112,0.0015395104356814532,6.418619654024824e-17,0.4822617311184525
HALLMARK_UV_RESPONSE_UP,BSG,0.011627906976744186,0.0,1.8795051920477004e-17,0.008844740797499143,0.0,0.0,4.537176645627953e-17,0.17632278652482686
HALLMARK_UV_RESPONSE_UP,FURIN,0.011627906976744186,0.0,1.8795051920477004e-17,0.008844740797499143,0.0,0.0,4.537176645627953e-17,0.17632278652482686
HALLMARK_UV_RESPONSE_UP,CYB5B,0.011627906976744186,0.0,2.080761578644009e-20,0.011494252873563218,0.0,0.0,0.0,0.27830243472270205
HALLMARK_UV_RESPONSE_UP,CYB5R1,0.011627906976744186,0.0,2.080761578644009e-20,0.011494252873563218,0.0,0.0,0.0,0.27830243472270205
HALLMARK_UV_RESPONSE_UP,CLTB,0.011627906976744186,0.0,2.080761578644009e-20,0.011494252873563218,0.0,0.0,0.0,0.27830243472270205
HALLMARK_UV_RESPONSE_UP,AP2S1,0.011627906976744186,0.0,2.080761578644009e-20,0.011494252873563218,0.0,0.0,0.0,0.27830243472270205
HALLMARK_UV_RESPONSE_UP,PRKCD,0.011627906976744186,0.0,0.06409876930043844,0.004263735072941931,0.0,0.0,0.1549076673146215,0.0
HALLMARK_UV_RESPONSE_UP,BCL2L11,0.03488372093023256,0.018420624063578923,0.08837008405774927,0.010415526820294884,0.22222222222222224,0.10365120558329119,0.21356421864544792,0.23678229808773066
HALLMARK_UV_RESPONSE_UP,GRINA,0.011627906976744186,0.0,0.0014636934419989323,0.005907262840050408,0.0,0.0,0.00353731185853225,0.06325933933546955
HALLMARK_UV_RESPONSE_UP,TMBIM6,0.023255813953488372,0.013406292749658003,0.008088129478232915,0.009842654151080791,0.11111111111111112,0.0754360113483912,0.019546604156144343,0.2147324445330273
HALLMARK_UV_RESPONSE_UP,PRPF3,0.011627906976744186,0.0,2.080761578644009e-20,0.011494252873563218,0.0,0.0,0.0,0.27830243472270205
HALLMARK_UV_RESPONSE_UP,CDC5L,0.011627906976744186,0.0,2.080761578644009e-20,0.011494252873563218,0.0,0.0,0.0,0.27830243472270205
HALLMARK_UV_RESPONSE_UP,MGAT1,0.011627906976744186,0.0,2.080761578644009e-20,0.011494252873563218,0.0,0.0,0.0,0.27830243472270205
HALLMARK_UV_RESPONSE_UP,DGAT1,0.011627906976744186,0.0,2.080761578644009e-20,0.011494252873563218,0.0,0.0,0.0,0.27830243472270205
HALLMARK_UV_RESPONSE_UP,DDX21,0.011627906976744186,0.0,2.080761578644009e-20,0.011494252873563218,0.0,0.0,0.0,0.27830243472270205
HALLMARK_UV_RESPONSE_UP,HNRNPU,0.011627906976744186,0.0,2.080761578644009e-20,0.011494252873563218,0.0,0.0,0.0,0.27830243472270205
HALLMARK_UV_RESPONSE_UP,LHX2,0.011627906976744186,0.0,0.00047942002511515,0.006835644654929758,0.0,0.0,0.00115861565775799,0.098992730298286
HALLMARK_UV_RESPONSE_UP,MSX1,0.023255813953488372,0.013406292749658003,0.0026492627949783578,0.012025168743517502,0.11111111111111112,0.0754360113483912,0.006402480486793131,0.298737372207885
HALLMARK_UV_RESPONSE_UP,COL2A1,0.011627906976744186,0.0,0.0025625052561849735,0.006215589507287963,0.0,0.0,0.0061928133106036965,0.07512682442412737
HALLMARK_UV_RESPONSE_UP,IL6ST,0.011627906976744186,0.0,0.07047536879791814,0.004294872533521121,0.0,0.0,0.17031801238574615,0.0011984800161236177
HALLMARK_UV_RESPONSE_UP,NUP58,0.011627906976744186,0.0,2.080761578644009e-20,0.011494252873563218,0.0,0.0,0.0,0.27830243472270205
HALLMARK_UV_RESPONSE_UP,NXF1,0.011627906976744186,0.0,2.080761578644009e-20,0.011494252873563218,0.0,0.0,0.0,0.27830243472270205
HALLMARK_UV_RESPONSE_UP,MRPL23,0.011627906976744186,0.0,0.025774386363438352,0.004527963655381381,0.0,0.0,0.06228902850399524,0.010170150996642114
HALLMARK_WNT_BETA_CATENIN_SIGNALING,DVL2,0.2972972972972973,0.0991026484801656,0.15606489299937346,0.03965049450584482,0.5882352941176471,0.39749922627350265,0.45223029338364407,0.5876092264422084
HALLMARK_WNT_BETA_CATENIN_SIGNALING,FRAT1,0.08108108108108109,0.0,0.06272127868350187,0.012934565761865852,0.11764705882352941,0.0,0.15099779133412242,0.1081982728058359
HALLMARK_WNT_BETA_CATENIN_SIGNALING,CTNNB1,0.4864864864864865,0.24931532423154254,0.2833709452491628,0.06263161839856442,1.0,1.0,0.8630641884102541,1.0
HALLMARK_WNT_BETA_CATENIN_SIGNALING,AXIN2,0.24324324324324326,0.023602067128281962,0.13320013642977838,0.03252452898847071,0.47058823529411764,0.09466753478162618,0.37844262316439436,0.45973547902348316
HALLMARK_WNT_BETA_CATENIN_SIGNALING,NOTCH1,0.43243243243243246,0.13042669774009985,0.3132897482418153,0.05269912351504011,0.8823529411764706,0.5231395147575076,0.9596162230604809,0.8217637541359312
HALLMARK_WNT_BETA_CATENIN_SIGNALING,NKD1,0.08108108108108109,0.0,0.05826461174865526,0.01304097570664252,0.11764705882352941,0.0,0.13661552275126823,0.11010777382265058
HALLMARK_WNT_BETA_CATENIN_SIGNALING,FZD8,0.16216216216216217,0.016639060321630796,0.0710406673056113,0.02394086702432551,0.29411764705882354,0.06673901964476871,0.177845586638897,0.3057037173969839
HALLMARK_WNT_BETA_CATENIN_SIGNALING,FZD1,0.1891891891891892,0.022981715356667577,0.08738704670253429,0.027017311859581818,0.35294117647058826,0.09217931319506115,0.23059756974213327,0.36090978439970095
HALLMARK_WNT_BETA_CATENIN_SIGNALING,AXIN1,0.32432432432432434,0.056768185312369095,0.17700122115536096,0.041863961442719845,0.6470588235294118,0.22769633389902544,0.5197946635912974,0.627329361393122
HALLMARK_WNT_BETA_CATENIN_SIGNALING,CSNK1E,0.10810810810810811,0.0023810183230473085,0.07085087587007165,0.0159812146040408,0.17647058823529413,0.009550228532426768,0.17723310393813382,0.16286965783681373
HALLMARK_WNT_BETA_CATENIN_SIGNALING,NOTCH4,0.32432432432432434,0.04996385168798962,0.23429487835677743,0.040849786736013034,0.6470588235294118,0.20040425449976557,0.7046890651723996,0.6091302387664838
HALLMARK_WNT_BETA_CATENIN_SIGNALING,WNT5B,0.10810810810810811,0.0003657503657503658,0.042419920304588715,0.016875318009899453,0.17647058823529413,0.0014670191929746302,0.08548255470754797,0.17891412967831127
HALLMARK_WNT_BETA_CATENIN_SIGNALING,KAT2A,0.2702702702702703,0.06642508885155944,0.2025235260553868,0.03582179227525389,0.5294117647058824,0.2664300281432743,0.6021586026722197,0.5189040803420197
HALLMARK_WNT_BETA_CATENIN_SIGNALING,HDAC11,0.05405405405405406,0.0,0.03653733818852206,0.010375496435735237,0.058823529411764705,0.0,0.06649866446157938,0.062276385611913655
HALLMARK_WNT_BETA_CATENIN_SIGNALING,TP53,0.35135135135135137,0.1115622010174734,0.2300705397180495,0.04484931303413057,0.7058823529411765,0.44747430331985555,0.6910565515079687,0.6809007819150693
HALLMARK_WNT_BETA_CATENIN_SIGNALING,HDAC5,0.10810810810810811,0.0010844177510844178,0.07014465249605022,0.016636674032043466,0.17647058823529413,0.004349583221275657,0.17495402533675852,0.1746317205545296
HALLMARK_WNT_BETA_CATENIN_SIGNALING,MAML1,0.32432432432432434,0.041736675082685915,0.2781603017272431,0.03911012542655635,0.6470588235294118,0.167405173393692,0.8462487351315277,0.5779124325145154
HALLMARK_WNT_BETA_CATENIN_SIGNALING,MYC,0.2972972972972973,0.09176168814915618,0.19627930829536916,0.03907818332184499,0.5882352941176471,0.36805474525880266,0.5820076651605538,0.5773392390827027
HALLMARK_WNT_BETA_CATENIN_SIGNALING,RBPJ,0.40540540540540543,0.07678029554719885,0.3258035628986446,0.048320974211026886,0.8235294117647058,0.30796460580133433,1.0,0.743198911673831
HALLMARK_WNT_BETA_CATENIN_SIGNALING,HDAC2,0.13513513513513514,0.0022527189193855862,0.10023266538789238,0.01958125786405302,0.23529411764705882,0.009035621562088399,0.27205212327881323,0.2274715733814352
HALLMARK_WNT_BETA_CATENIN_SIGNALING,NCOR2,0.24324324324324326,0.07808339475006143,0.15657799115521592,0.035824142528844326,0.47058823529411764,0.31319131702287306,0.45388613071557327,0.5189462550807636
HALLMARK_WNT_BETA_CATENIN_SIGNALING,WNT6,0.08108108108108109,0.0,0.026540592831585306,0.013811283587299375,0.11764705882352941,0.0,0.03423781150133606,0.12393076456342893
HALLMARK_WNT_BETA_CATENIN_SIGNALING,DKK1,0.21621621621621623,0.0335781082089913,0.10241510174928839,0.030032488473615594,0.4117647058823529,0.13468128488486672,0.27909514138482405,0.41501640782157245
HALLMARK_WNT_BETA_CATENIN_SIGNALING,JAG1,0.2972972972972973,0.033735873822080716,0.240906431069533,0.0367037706972112,0.5882352941176471,0.13531408037618156,0.7260254423921214,0.5347309722464441
HALLMARK_WNT_BETA_CATENIN_SIGNALING,DLL1,0.21621621621621623,0.005917609365885228,0.21340713738969933,0.026637567378433778,0.4117647058823529,0.023735441790932447,0.6372814924124346,0.35409536048092327
HALLMARK_WNT_BETA_CATENIN_SIGNALING,JAG2,0.16216216216216217,0.0,0.16569128027050603,0.0207623123823411,0.29411764705882354,0.0,0.4832959505754491,0.24866531432658737
HALLMARK_WNT_BETA_CATENIN_SIGNALING,NUMB,0.08108108108108109,0.0014156639156639157,0.07175889485925574,0.012609272869604303,0.11764705882352941,0.005678206584482426,0.18016340435584427,0.1023609696304638
HALLMARK_WNT_BETA_CATENIN_SIGNALING,HEY2,0.16216216216216217,0.0,0.16569128027050603,0.0207623123823411,0.29411764705882354,0.0,0.4832959505754491,0.24866531432658737
HALLMARK_WNT_BETA_CATENIN_SIGNALING,HEY1,0.2702702702702703,0.010925135925135925,0.23602011135582682,0.03267948329535199,0.5294117647058824,0.04382055518973877,0.7102566260251797,0.46251609701149743
HALLMARK_WNT_BETA_CATENIN_SIGNALING,ADAM17,0.08108108108108109,0.0,0.08022600151547295,0.01247638155203318,0.11764705882352941,0.0,0.20748790578924103,0.09997626671044554
HALLMARK_WNT_BETA_CATENIN_SIGNALING,CCND2,0.05405405405405406,0.0,0.026233701242754502,0.010683638692008293,0.058823529411764705,0.0,0.03324743072554327,0.06780592472512238
HALLMARK_WNT_BETA_CATENIN_SIGNALING,SKP2,0.10810810810810811,0.0054297595964262636,0.06155279319917407,0.01748988059827647,0.17647058823529413,0.021778683733790754,0.1472269302138159,0.18994230838721968
HALLMARK_WNT_BETA_CATENIN_SIGNALING,CUL1,0.1891891891891892,0.020696490043066756,0.1523748792870865,0.025116411481698908,0.35294117647058826,0.08301330897673039,0.4403221187185,0.32679858161645614
HALLMARK_WNT_BETA_CATENIN_SIGNALING,TCF7,0.10810810810810811,0.0,0.07927841479592324,0.015860002069271396,0.17647058823529413,0.0,0.2044299149397232,0.16069452788182093
HALLMARK_WNT_BETA_CATENIN_SIGNALING,LEF1,0.24324324324324326,0.03583732887536869,0.18559177531581195,0.030891416708601106,0.47058823529411764,0.1437429848559412,0.547517546862002,0.4304296696319976
HALLMARK_WNT_BETA_CATENIN_SIGNALING,NCSTN,0.05405405405405406,0.0,0.055714692218385084,0.00964030922375076,0.058823529411764705,0.0,0.12838658662362978,0.04908362687324626
HALLMARK_WNT_BETA_CATENIN_SIGNALING,PPARD,0.02702702702702703,0.0,0.01593124274467193,0.007330695940072341,0.0,0.0,0.0,0.007638168717162156
HALLMARK_WNT_BETA_CATENIN_SIGNALING,PTCH1,0.02702702702702703,0.0,0.02883233890471016,0.006905046985591065,0.0,0.0,0.04163358687096607,0.0
HALLMARK_XENOBIOTIC_METABOLISM,PDK4,0.010869565217391304,0.0,0.00776216275548006,0.005101741834629552,0.0,0.0,0.022119103911075515,0.044197685691102814
HALLMARK_XENOBIOTIC_METABOLISM,PPARD,0.03260869565217391,0.09507883420926899,0.04401926172355607,0.012314285124092115,0.22222222222222224,0.4532517230828353,0.1254375429663286,0.34033850414913913
HALLMARK_XENOBIOTIC_METABOLISM,TNFRSF1A,0.021739130434782608,0.00023889154323936931,4.397299329566886e-18,0.015682839795203917,0.11111111111111112,0.0011388234248312444,1.2522443392269281e-17,0.47864845908294507
HALLMARK_XENOBIOTIC_METABOLISM,FAS,0.010869565217391304,0.0,3.109360174843804e-18,0.008287612360462555,0.0,0.0,8.852324523098426e-18,0.17500678688567214
HALLMARK_XENOBIOTIC_METABOLISM,IL1R1,0.010869565217391304,0.0,3.109360174843804e-18,0.008287612360462555,0.0,0.0,8.852324523098426e-18,0.17500678688567214
HALLMARK_XENOBIOTIC_METABOLISM,HMOX1,0.05434782608695652,0.12876254180602006,0.03348750418376613,0.016914052164571567,0.4444444444444445,0.6138258259840408,0.09542618572901705,0.5292009790647506
HALLMARK_XENOBIOTIC_METABOLISM,GCLC,0.043478260869565216,0.029144768275203056,0.03254369458449502,0.01334426718358045,0.33333333333333337,0.1389364578294118,0.09273670043269167,0.38262868083890683
HALLMARK_XENOBIOTIC_METABOLISM,NQO1,0.043478260869565216,0.010097149227584007,0.0423713457640411,0.012047222220163238,0.33333333333333337,0.048134270089533915,0.12074163211087824,0.32937313121823086
HALLMARK_XENOBIOTIC_METABOLISM,GSR,0.09782608695652173,0.20977048595112036,0.10274209331078141,0.02566563934997122,0.888888888888889,1.0,0.2927744637122133,0.8885336149849483
HALLMARK_XENOBIOTIC_METABOLISM,POR,0.03260869565217391,0.1089345437171524,0.006312446615260437,0.012937849052145818,0.22222222222222224,0.5193034817230474,0.017987984407758947,0.36594150223228716
HALLMARK_XENOBIOTIC_METABOLISM,BLVRB,0.010869565217391304,0.0,0.005906334164836217,0.00448812746716414,0.0,0.0,0.01683072401867821,0.019003208000507494
HALLMARK_XENOBIOTIC_METABOLISM,ACO2,0.05434782608695652,0.03978810330918137,0.08452246780955254,0.016920409824537023,0.4444444444444445,0.18967445839093205,0.24085571343890258,0.5294620191098619
HALLMARK_XENOBIOTIC_METABOLISM,ALDH2,0.07608695652173914,0.04292110984110744,0.30243295949338134,0.01746674063062965,0.6666666666666669,0.2046098603742983,0.8618147116852706,0.5518938916923785
HALLMARK_XENOBIOTIC_METABOLISM,LONP1,0.010869565217391304,0.0,0.014904763513533315,0.004489394256656498,0.0,0.0,0.04247270036860505,0.019055221286532295
HALLMARK_XENOBIOTIC_METABOLISM,NFS1,0.010869565217391304,0.0,0.014904763513533315,0.004489394256656498,0.0,0.0,0.04247270036860505,0.019055221286532295
HALLMARK_XENOBIOTIC_METABOLISM,PC,0.05434782608695652,0.02453404738964448,0.042319032924939326,0.01741743963289125,0.4444444444444445,0.11695662179741186,0.12059256114181635,0.5498696351666148
HALLMARK_XENOBIOTIC_METABOLISM,IDH1,0.07608695652173914,0.1857186687621347,0.10475363550820414,0.021360817175258017,0.6666666666666669,0.8853422249563263,0.29850656599967107,0.7117813223507553
HALLMARK_XENOBIOTIC_METABOLISM,AHCY,0.03260869565217391,0.00011944577161968466,2.28682421835553e-08,0.010370492109730376,0.22222222222222224,0.0005694117124156222,6.51654752748551e-08,0.2605280363177576
HALLMARK_XENOBIOTIC_METABOLISM,MTHFD1,0.03260869565217391,0.002030578117534639,2.5737782851560628e-08,0.010386556231391241,0.22222222222222224,0.009679999111065577,7.33425349697006e-08,0.26118761532415447
HALLMARK_XENOBIOTIC_METABOLISM,GNMT,0.03260869565217391,0.00011944577161968466,2.062859596230349e-08,0.010537158026520657,0.22222222222222224,0.0005694117124156222,5.8783366440955415e-08,0.2673711953847461
HALLMARK_XENOBIOTIC_METABOLISM,SHMT2,0.05434782608695652,0.010630673674151934,3.378854827930499e-08,0.0166424598624117,0.4444444444444445,0.05067764240499037,9.628404272593144e-08,0.5180496329416664
HALLMARK_XENOBIOTIC_METABOLISM,PGRMC1,0.021739130434782608,0.029144768275203056,0.0002096860967995129,0.010886486745081114,0.11111111111111112,0.1389364578294118,0.0005975227149858207,0.28171433184488087
HALLMARK_XENOBIOTIC_METABOLISM,CYB5A,0.021739130434782608,0.04300047778308648,0.0011504434164158262,0.009906588162918417,0.11111111111111112,0.204988216469624,0.003278310217542017,0.2414805396191217
HALLMARK_XENOBIOTIC_METABOLISM,TMEM97,0.021739130434782608,0.014811275680840898,3.8185179991919055e-05,0.01191612669205787,0.11111111111111112,0.07060705233953715,0.00010881270989945155,0.3239904616894348
HALLMARK_XENOBIOTIC_METABOLISM,GSTM4,0.043478260869565216,0.001696129956999522,0.07320938098937481,0.01083523489322658,0.33333333333333337,0.008085646316301834,0.20861787576230081,0.2796099749285257
HALLMARK_XENOBIOTIC_METABOLISM,GSS,0.03260869565217391,0.0,0.06249347375009767,0.008445448746756038,0.22222222222222224,0.0,0.178081764475575,0.1814874130314729
HALLMARK_XENOBIOTIC_METABOLISM,XDH,0.021739130434782608,0.029144768275203056,0.018720517716752202,0.008396688301310571,0.11111111111111112,0.1389364578294118,0.053346095629550186,0.1794853511175159
HALLMARK_XENOBIOTIC_METABOLISM,GSTO1,0.06521739130434782,0.049693741545661155,0.1784193784497023,0.014866496366493726,0.5555555555555556,0.2368957735896199,0.5084248934219104,0.4451301006594644
HALLMARK_XENOBIOTIC_METABOLISM,PGD,0.021739130434782608,0.0,0.03659241965468204,0.006630676802553489,0.11111111111111112,0.0,0.10427397082445435,0.10697443927144007
HALLMARK_XENOBIOTIC_METABOLISM,ECH1,0.021739130434782608,0.006496522800870626,0.05108867129999369,0.007285048577230932,0.11111111111111112,0.030969670358605227,0.14558257340913658,0.13384238101564214
HALLMARK_XENOBIOTIC_METABOLISM,MCCC2,0.021739130434782608,0.0009555661729574773,0.016471680718297507,0.007669914276326091,0.11111111111111112,0.0045552936993249775,0.04693779670374208,0.14964463530408156
HALLMARK_XENOBIOTIC_METABOLISM,ACOX1,0.10869565217391304,0.18742112755099655,0.2732494210600072,0.02838041582498418,1.0,0.8934580415410224,0.7786531316675187,1.0
HALLMARK_XENOBIOTIC_METABOLISM,SERPINE1,0.021739130434782608,0.0,1.647246021882782e-08,0.008945393071423604,0.11111111111111112,0.0,4.694001797295645e-08,0.20201469661905402
HALLMARK_XENOBIOTIC_METABOLISM,TGFB2,0.021739130434782608,0.0,1.647246021882782e-08,0.008945393071423604,0.11111111111111112,0.0,4.694001797295645e-08,0.20201469661905402
HALLMARK_XENOBIOTIC_METABOLISM,IGF1,0.05434782608695652,0.014771460423634334,4.332333746138609e-08,0.020768711037547488,0.4444444444444445,0.07041724843539861,1.2345443316122025e-07,0.6874699540582694
HALLMARK_XENOBIOTIC_METABOLISM,CYP26A1,0.05434782608695652,0.0019541501923250604,0.2304832039125493,0.011785684440173127,0.4444444444444445,0.009315658413359478,0.6567862717771611,0.31863461511987673
HALLMARK_XENOBIOTIC_METABOLISM,ADH5,0.08695652173913043,0.02985977390807524,0.35092573309868025,0.01804634640998383,0.7777777777777779,0.14234497180424616,1.0,0.5756920060318412
HALLMARK_XENOBIOTIC_METABOLISM,RETSAT,0.03260869565217391,2.9861442904921164e-05,0.16440503578893897,0.00745130721152048,0.22222222222222224,0.00014235292810390555,0.468489541468617,0.14066881741376472
HALLMARK_XENOBIOTIC_METABOLISM,CYP2S1,0.03260869565217391,0.009263019589106544,0.11134426284228155,0.007903327834186402,0.22222222222222224,0.04415787829783149,0.31728725579372535,0.15922839505287129
HALLMARK_XENOBIOTIC_METABOLISM,AOX1,0.07608695652173914,0.032046972271023204,0.3294605383089806,0.016367746612309268,0.6666666666666669,0.15277159761402576,0.938832656698722,0.5067701433827673
HALLMARK_XENOBIOTIC_METABOLISM,ADH1C,0.08695652173913043,0.02985977390807524,0.35092573309868025,0.01804634640998383,0.7777777777777779,0.14234497180424616,1.0,0.5756920060318412
HALLMARK_XENOBIOTIC_METABOLISM,NPC1,0.010869565217391304,0.0,6.73849862104603e-06,0.0066767280132882904,0.0,0.0,1.920206466919644e-05,0.1088652623404554
HALLMARK_XENOBIOTIC_METABOLISM,SLC35D1,0.010869565217391304,0.0,2.8517019480635904e-21,0.010752688172043012,0.0,0.0,0.0,0.27622067761809654
HALLMARK_XENOBIOTIC_METABOLISM,SLC35B1,0.010869565217391304,0.0,2.8517019480635904e-21,0.010752688172043012,0.0,0.0,0.0,0.27622067761809654
HALLMARK_XENOBIOTIC_METABOLISM,CAT,0.021739130434782608,0.05637840420449116,0.049783379467149357,0.00811136734043855,0.11111111111111112,0.26876232826017366,0.1418630062479638,0.1677703180861967
HALLMARK_XENOBIOTIC_METABOLISM,KYNU,0.021739130434782608,0.04300047778308648,0.009070022134076126,0.009612821246226347,0.11111111111111112,0.204988216469624,0.025845987565481947,0.229418722912637
HALLMARK_XENOBIOTIC_METABOLISM,CDO1,0.021739130434782608,0.014811275680840898,0.005924174141876891,0.009110881267337272,0.11111111111111112,0.07060705233953715,0.016881560920501134,0.20880949948070437
HALLMARK_XENOBIOTIC_METABOLISM,CSAD,0.010869565217391304,0.0,0.0010449439427409283,0.005484984672858343,0.0,0.0,0.0029776783067860407,0.05993330670942905
HALLMARK_XENOBIOTIC_METABOLISM,APOE,0.03260869565217391,0.057095078834209265,0.0015129911500632613,0.015568699314076886,0.22222222222222224,0.2721787985346674,0.004311428337567392,0.47396194918711715
HALLMARK_XENOBIOTIC_METABOLISM,CFB,0.010869565217391304,0.0,0.0002667911984911452,0.0060235919817692085,0.0,0.0,0.0007602497432587069,0.08204805914653081
HALLMARK_XENOBIOTIC_METABOLISM,CD36,0.021739130434782608,0.0692785475394171,0.008028953953971206,0.009512430590592308,0.11111111111111112,0.3302587932010609,0.022879353654334224,0.22529676901484372
HALLMARK_XENOBIOTIC_METABOLISM,LCAT,0.03260869565217391,0.029383659818442424,0.0002844817791262165,0.016910957225462996,0.22222222222222224,0.14007528125424304,0.0008106609242195991,0.5290739035292694
HALLMARK_XENOBIOTIC_METABOLISM,PEMT,0.010869565217391304,0.0,5.016323775732234e-05,0.0064049435987845954,0.0,0.0,0.00014294545263004822,0.09770602824991591
HALLMARK_XENOBIOTIC_METABOLISM,CNDP2,0.021739130434782608,0.00014219734716629126,0.10403170028932254,0.005800720079538407,0.11111111111111112,0.000677871086209074,0.2964493352217885,0.07289713070297382
HALLMARK_XENOBIOTIC_METABOLISM,MAOA,0.06521739130434782,0.003265354418632365,0.3175891387790876,0.013717136900223546,0.5555555555555556,0.015566319560289532,0.9050038478933137,0.39793839041475476
HALLMARK_XENOBIOTIC_METABOLISM,ACOX3,0.06521739130434782,0.10749172192674343,0.23384156974769274,0.016386747751589534,0.5555555555555556,0.5124253845309326,0.6663562904973303,0.5075503138042486
HALLMARK_XENOBIOTIC_METABOLISM,ARG2,0.010869565217391304,0.0,0.004720586185156941,0.0047996506628091035,0.0,0.0,0.013451809713337587,0.03179408223508515
HALLMARK_XENOBIOTIC_METABOLISM,ASL,0.03260869565217391,0.014811275680840898,0.02676827717317695,0.011247280538894169,0.22222222222222224,0.07060705233953715,0.07627903755251175,0.29652821442503513
HALLMARK_XENOBIOTIC_METABOLISM,PSMB10,0.010869565217391304,0.0,5.016323775732234e-05,0.0064049435987845954,0.0,0.0,0.00014294545263004822,0.09770602824991591
HALLMARK_XENOBIOTIC_METABOLISM,TDO2,0.021739130434782608,0.029144768275203056,0.0016524053558206813,0.010714551893999858,0.11111111111111112,0.1389364578294118,0.0047087038651452365,0.2746548348717323
HALLMARK_XENOBIOTIC_METABOLISM,IGFBP4,0.010869565217391304,0.0,1.193456907853727e-08,0.005143594457171682,0.0,0.0,3.400881711680693e-08,0.04591611834333376
HALLMARK_XENOBIOTIC_METABOLISM,ACP1,0.021739130434782608,0.011028826246217552,5.994614518941737e-08,0.008259974798666537,0.11111111111111112,0.05257568144637579,1.7082288226653836e-07,0.17387201239046532
HALLMARK_XENOBIOTIC_METABOLISM,PTS,0.043478260869565216,0.026317885013537188,1.8906639280657744e-07,0.013972164084161893,0.33333333333333337,0.12546038063557544,5.387646871522218e-07,0.40840958704395064
HALLMARK_XENOBIOTIC_METABOLISM,EPHA2,0.021739130434782608,0.009555661729574772,2.845521415262588e-08,0.00865408972507037,0.11111111111111112,0.04555293699324977,8.108614293218966e-08,0.1900540319898869
HALLMARK_XENOBIOTIC_METABOLISM,GCH1,0.021739130434782608,0.02150023889154324,6.166680630839861e-08,0.007588125275721359,0.11111111111111112,0.102494108234812,1.7572608814941216e-07,0.14628644934832627
HALLMARK_XENOBIOTIC_METABOLISM,AKR1C3,0.05434782608695652,0.008281573498964804,2.891865308834584e-07,0.016761925108220006,0.4444444444444445,0.039479212060816476,8.240676120555011e-07,0.5229547730914178
HALLMARK_XENOBIOTIC_METABOLISM,CBR1,0.043478260869565216,0.008082497212931996,2.752442045936449e-07,0.013055461685363383,0.33333333333333337,0.03853019254012377,7.843374783696568e-07,0.37077057570390715
HALLMARK_XENOBIOTIC_METABOLISM,PTGES3,0.043478260869565216,0.010789934702978182,2.382538187409111e-07,0.013501941242300967,0.33333333333333337,0.051436858021544546,6.789294607640282e-07,0.38910264195430333
HALLMARK_XENOBIOTIC_METABOLISM,PTGES,0.043478260869565216,0.0010351966873706003,2.8258780477175397e-07,0.012963687711571538,0.33333333333333337,0.004934901507602059,8.052638439378496e-07,0.3670024153447769
HALLMARK_XENOBIOTIC_METABOLISM,ACOX2,0.021739130434782608,0.0,0.08941874101593963,0.006346803581367405,0.11111111111111112,0.0,0.2548081619047159,0.09531884918532078
HALLMARK_XENOBIOTIC_METABOLISM,ALDH9A1,0.06521739130434782,0.01733198043586892,0.28752819597984797,0.014590249599779604,0.5555555555555556,0.08262354142568717,0.8193420113166654,0.4337876462286361
HALLMARK_XENOBIOTIC_METABOLISM,CROT,0.010869565217391304,0.0,0.04818400342145665,0.004025302176628436,0.0,0.0,0.13730541501186325,0.0
HALLMARK_XENOBIOTIC_METABOLISM,HACL1,0.021739130434782608,0.0032709264210749487,0.05309261519920602,0.007094614498197834,0.11111111111111112,0.015592881935913154,0.15129302354203927,0.12602332166808064
HALLMARK_XENOBIOTIC_METABOLISM,COMT,0.03260869565217391,2.9861442904921164e-05,0.17976490874612208,0.007391018168996496,0.22222222222222224,0.00014235292810390555,0.5122591243417656,0.1381934012282995
HALLMARK_XENOBIOTIC_METABOLISM,HPRT1,0.021739130434782608,0.014811275680840898,0.003407691796777965,0.01025812181991325,0.11111111111111112,0.07060705233953715,0.009710578265913952,0.25591420895322337
HALLMARK_XENOBIOTIC_METABOLISM,ENTPD5,0.010869565217391304,0.0,0.0006010389161191165,0.005972692115032541,0.0,0.0,0.001712723973850343,0.07995815443610446
HALLMARK_XENOBIOTIC_METABOLISM,EPHX1,0.043478260869565216,0.010512494751625181,0.07148117855628265,0.010820791651385171,0.33333333333333337,0.05011426990770641,0.20369318010709164,0.2790169478521612
HALLMARK_XENOBIOTIC_METABOLISM,BCAT1,0.021739130434782608,0.003493788819875776,0.02783518152368752,0.007221819977040582,0.11111111111111112,0.01665529258815695,0.07931929436437274,0.13124626912295062
HALLMARK_XENOBIOTIC_METABOLISM,UPP1,0.010869565217391304,0.0,3.8226120025430685e-05,0.006312025215585784,0.0,0.0,0.00010892937285588431,0.09389087942571471
HALLMARK_XENOBIOTIC_METABOLISM,CDA,0.03260869565217391,0.029383659818442424,0.00021665632437890432,0.01658108811504571,0.22222222222222224,0.14007528125424304,0.0006173851158358358,0.5155297618274484
HALLMARK_XENOBIOTIC_METABOLISM,GART,0.03260869565217391,0.019111323459149544,3.401159848239173e-08,0.010609921712793504,0.22222222222222224,0.09110587398649954,9.69196478755373e-08,0.27035880970358794
HALLMARK_XENOBIOTIC_METABOLISM,ALAS1,0.021739130434782608,0.0,1.554447306833136e-08,0.007427639201504682,0.11111111111111112,0.0,4.429562041823079e-08,0.13969702929741584
HALLMARK_XENOBIOTIC_METABOLISM,PTGDS,0.03260869565217391,0.0009555661729574773,2.231388205213047e-07,0.010086378937184304,0.22222222222222224,0.0045552936993249775,6.358576743602763e-07,0.24886259403536232
HALLMARK_XENOBIOTIC_METABOLISM,TAT,0.021739130434782608,0.014811275680840898,0.0003007295996720867,0.011799135620966074,0.11111111111111112,0.07060705233953715,0.0008569608076804148,0.31918690902361946
HALLMARK_XENOBIOTIC_METABOLISM,FAH,0.010869565217391304,0.0,5.302931012797479e-05,0.006628486730189743,0.0,0.0,0.00015111262904468438,0.1068845167855356
HALLMARK_XENOBIOTIC_METABOLISM,CES1,0.010869565217391304,0.0,3.8226120025430685e-05,0.006312025215585784,0.0,0.0,0.00010892937285588431,0.09389087942571471
HALLMARK_XENOBIOTIC_METABOLISM,PINK1,0.010869565217391304,0.0,2.8517019480635904e-21,0.010752688172043012,0.0,0.0,0.0,0.27622067761809654
HALLMARK_XENOBIOTIC_METABOLISM,GABARAPL1,0.010869565217391304,0.0,2.8517019480635904e-21,0.010752688172043012,0.0,0.0,0.0,0.27622067761809654
HALLMARK_XENOBIOTIC_METABOLISM,PAPSS2,0.021739130434782608,0.04300047778308648,0.001151673783487909,0.009978329258657052,0.11111111111111112,0.204988216469624,0.003281816278671301,0.24442616725093846
HALLMARK_XENOBIOTIC_METABOLISM,AKR1C2,0.010869565217391304,0.0,7.966679602891622e-08,0.004462431082659077,0.0,0.0,2.270189630308789e-07,0.01794813657378075
HALLMARK_XENOBIOTIC_METABOLISM,ESR1,0.03260869565217391,0.010471412645325688,8.393166795275535e-08,0.012360574809281115,0.22222222222222224,0.04991842678843621,2.391721667477458e-07,0.34223911877395025
HALLMARK_XENOBIOTIC_METABOLISM,BCAR1,0.010869565217391304,0.0,2.3119067956712198e-08,0.005115066542827178,0.0,0.0,6.588022984968238e-08,0.04474478673895711
HALLMARK_XENOBIOTIC_METABOLISM,FBP1,0.010869565217391304,0.0,0.0074628414779923085,0.0045738381096643,0.0,0.0,0.02126615626644216,0.022522413196495044
