pathway,gene_symbol,string_id,centrality,fallback_unweighted
HALLMARK_ADIPOGENESIS,PTGER3,9606.ENSP00000349003,0.0,False
HALLMARK_ADIPOGENESIS,NDUFB7,9606.ENSP00000215565,0.010362694300518135,False
HALLMARK_ADIPOGENESIS,EPHX2,9606.ENSP00000430269,0.0,False
HALLMARK_ADIPOGENESIS,GPHN,9606.ENSP00000417901,0.0,False
HALLMARK_ADIPOGENESIS,APOE,9606.ENSP00000252486,0.0051813471502590676,False
HALLMARK_ADIPOGENESIS,IFNGR1,9606.ENSP00000356713,0.0,False
HALLMARK_ADIPOGENESIS,ACADS,9606.ENSP00000242592,0.0,False
HALLMARK_ADIPOGENESIS,PFKL,9606.ENSP00000269848,0.0,False
HALLMARK_ADIPOGENESIS,CDKN2C,9606.ENSP00000262662,0.0,False
HALLMARK_ADIPOGENESIS,ADIPOQ,9606.ENSP00000389814,0.0,False
HALLMARK_ADIPOGENESIS,ALDOA,9606.ENSP00000496166,0.0,False
HALLMARK_ADIPOGENESIS,UQCRC1,9606.ENSP00000203407,0.02072538860103627,False
HALLMARK_ADIPOGENESIS,DHRS7,9606.ENSP00000216500,0.0,False
HALLMARK_ADIPOGENESIS,UBC,9606.ENSP00000441543,0.0,False
HALLMARK_ADIPOGENESIS,ANGPTL4,9606.ENSP00000301455,0.0,False
HALLMARK_ADIPOGENESIS,SAMM50,9606.ENSP00000345445,0.0,False
HALLMARK_ADIPOGENESIS,SLC25A1,9606.ENSP00000215882,0.0,False
HALLMARK_ADIPOGENESIS,CRAT,9606.ENSP00000315013,0.0,False
HALLMARK_ADIPOGENESIS,COQ5,9606.ENSP00000288532,0.0,False
HALLMARK_ADIPOGENESIS,RETN,9606.ENSP00000221515,0.0,False
HALLMARK_ADIPOGENESIS,ARL4A,9606.ENSP00000379898,0.0,False
HALLMARK_ADIPOGENESIS,CYP4B1,9606.ENSP00000360991,0.0,False
HALLMARK_ADIPOGENESIS,MAP4K3,9606.ENSP00000263881,0.0,False
HALLMARK_ADIPOGENESIS,NDUFAB1,9606.ENSP00000458770,0.010362694300518135,False
HALLMARK_ADIPOGENESIS,TKT,9606.ENSP00000391481,0.0,False
HALLMARK_ADIPOGENESIS,TST,9606.ENSP00000385828,0.0,False
HALLMARK_ADIPOGENESIS,RMDN3,9606.ENSP00000260385,0.0,False
HALLMARK_ADIPOGENESIS,ESRRA,9606.ENSP00000384851,0.0,False
HALLMARK_ADIPOGENESIS,ORM1,9606.ENSP00000259396,0.0,False
HALLMARK_ADIPOGENESIS,COL15A1,9606.ENSP00000364140,0.0051813471502590676,False
HALLMARK_ADIPOGENESIS,APLP2,9606.ENSP00000497691,0.0,False
HALLMARK_ADIPOGENESIS,SSPN,9606.ENSP00000242729,0.0,False
HALLMARK_ADIPOGENESIS,CYC1,9606.ENSP00000317159,0.010362694300518135,False
HALLMARK_ADIPOGENESIS,ITIH5,9606.ENSP00000380333,0.0,False
HALLMARK_ADIPOGENESIS,SLC25A10,9606.ENSP00000446242,0.0,False
HALLMARK_ADIPOGENESIS,IDH3G,9606.ENSP00000217901,0.010362694300518135,False
HALLMARK_ADIPOGENESIS,STAT5A,9606.ENSP00000341208,0.0,False
HALLMARK_ADIPOGENESIS,ESYT1,9606.ENSP00000267113,0.0,False
HALLMARK_ADIPOGENESIS,RAB34,9606.ENSP00000413156,0.0,False
HALLMARK_ADIPOGENESIS,REEP6,9606.ENSP00000233596,0.0,False
HALLMARK_ADIPOGENESIS,SQOR,9606.ENSP00000456019,0.0,False
HALLMARK_ADIPOGENESIS,ATP1B3,9606.ENSP00000286371,0.0051813471502590676,False
HALLMARK_ADIPOGENESIS,GPD2,9606.ENSP00000308610,0.0051813471502590676,False
HALLMARK_ADIPOGENESIS,ACLY,9606.ENSP00000466259,0.0,False
HALLMARK_ADIPOGENESIS,ITGA7,9606.ENSP00000452120,0.0,False
HALLMARK_ADIPOGENESIS,SLC27A1,9606.ENSP00000252595,0.0051813471502590676,False
HALLMARK_ADIPOGENESIS,TOB1,9606.ENSP00000427695,0.0,False
HALLMARK_ADIPOGENESIS,GPAT4,9606.ENSP00000380184,0.0,False
HALLMARK_ADIPOGENESIS,SLC1A5,9606.ENSP00000444408,0.0,False
HALLMARK_ADIPOGENESIS,G3BP2,9606.ENSP00000352738,0.0,False
HALLMARK_ADIPOGENESIS,NDUFA5,9606.ENSP00000417142,0.0,False
HALLMARK_ADIPOGENESIS,SLC19A1,9606.ENSP00000308895,0.0,False
HALLMARK_ADIPOGENESIS,QDPR,9606.ENSP00000281243,0.0,False
HALLMARK_ADIPOGENESIS,STOM,9606.ENSP00000286713,0.0,False
HALLMARK_ADIPOGENESIS,ABCA1,9606.ENSP00000363868,0.0,False
HALLMARK_ADIPOGENESIS,GHITM,9606.ENSP00000361207,0.0,False
HALLMARK_ADIPOGENESIS,AIFM1,9606.ENSP00000287295,0.0,False
HALLMARK_ADIPOGENESIS,ANGPT1,9606.ENSP00000428340,0.0,False
HALLMARK_ADIPOGENESIS,DHRS7B,9606.ENSP00000378887,0.0,False
HALLMARK_ADIPOGENESIS,C3,9606.ENSP00000245907,0.0,False
HALLMARK_ADIPOGENESIS,COQ3,9606.ENSP00000254759,0.0051813471502590676,False
HALLMARK_ADIPOGENESIS,NKIRAS1,9606.ENSP00000393785,0.0,False
HALLMARK_ADIPOGENESIS,ATP5PO,9606.ENSP00000290299,0.0,False
HALLMARK_ADIPOGENESIS,BCL2L13,9606.ENSP00000480836,0.0,False
HALLMARK_ADIPOGENESIS,SCARB1,9606.ENSP00000261693,0.015544041450777202,False
HALLMARK_ADIPOGENESIS,GPX3,9606.ENSP00000373477,0.0,False
HALLMARK_ADIPOGENESIS,PDCD4,9606.ENSP00000280154,0.0,False
HALLMARK_ADIPOGENESIS,DECR1,9606.ENSP00000220764,0.0,False
HALLMARK_ADIPOGENESIS,ADCY6,9606.ENSP00000311405,0.0,False
HALLMARK_ADIPOGENESIS,CMBL,9606.ENSP00000296658,0.0,False
HALLMARK_ADIPOGENESIS,CD36,9606.ENSP00000415743,0.0,False
HALLMARK_ADIPOGENESIS,REEP5,9606.ENSP00000368959,0.010362694300518135,False
HALLMARK_ADIPOGENESIS,RNF11,9606.ENSP00000242719,0.0,False
HALLMARK_ADIPOGENESIS,PGM1,9606.ENSP00000360124,0.0051813471502590676,False
HALLMARK_ADIPOGENESIS,RETSAT,9606.ENSP00000295802,0.0,False
HALLMARK_ADIPOGENESIS,MYLK,9606.ENSP00000353452,0.0,False
HALLMARK_ADIPOGENESIS,TALDO1,9606.ENSP00000321259,0.0,False
HALLMARK_ADIPOGENESIS,LEP,9606.ENSP00000312652,0.0,False
HALLMARK_ADIPOGENESIS,FAH,9606.ENSP00000385080,0.0,False
HALLMARK_ADIPOGENESIS,BCL6,9606.ENSP00000384371,0.0,False
HALLMARK_ADIPOGENESIS,DNAJB9,9606.ENSP00000249356,0.0,False
HALLMARK_ADIPOGENESIS,CAT,9606.ENSP00000241052,0.0,False
HALLMARK_ADIPOGENESIS,AGPAT3,9606.ENSP00000291572,0.0,False
HALLMARK_ADIPOGENESIS,PPARG,9606.ENSP00000287820,0.010362694300518135,False
HALLMARK_ADIPOGENESIS,GPX4,9606.ENSP00000346103,0.0,False
HALLMARK_ADIPOGENESIS,CS,9606.ENSP00000342056,0.0051813471502590676,False
HALLMARK_ADIPOGENESIS,ELMOD3,9606.ENSP00000386248,0.0,False
HALLMARK_ADIPOGENESIS,COX7B,9606.ENSP00000497474,0.010362694300518135,False
HALLMARK_ADIPOGENESIS,ELOVL6,9606.ENSP00000378105,0.0,False
HALLMARK_ADIPOGENESIS,OMD,9606.ENSP00000364700,0.0,False
HALLMARK_ADIPOGENESIS,POR,9606.ENSP00000419970,0.0,False
HALLMARK_ADIPOGENESIS,NABP1,9606.ENSP00000403683,0.0,False
HALLMARK_ADIPOGENESIS,ACO2,9606.ENSP00000216254,0.015544041450777202,False
HALLMARK_ADIPOGENESIS,SCP2,9606.ENSP00000360569,0.015544041450777202,False
HALLMARK_ADIPOGENESIS,ME1,9606.ENSP00000358719,0.0,False
HALLMARK_ADIPOGENESIS,UQCR11,9606.ENSP00000467262,0.010362694300518135,False
HALLMARK_ADIPOGENESIS,RIOK3,9606.ENSP00000341874,0.0,False
HALLMARK_ADIPOGENESIS,YWHAG,9606.ENSP00000306330,0.0,False
HALLMARK_ADIPOGENESIS,FZD4,9606.ENSP00000434034,0.0,False
HALLMARK_ADIPOGENESIS,ALDH2,9606.ENSP00000261733,0.0,False
HALLMARK_ADIPOGENESIS,CD151,9606.ENSP00000324101,0.0,False
HALLMARK_ADIPOGENESIS,MGST3,9606.ENSP00000356864,0.0,False
HALLMARK_ADIPOGENESIS,MRPL15,9606.ENSP00000260102,0.0051813471502590676,False
HALLMARK_ADIPOGENESIS,COX6A1,9606.ENSP00000229379,0.010362694300518135,False
HALLMARK_ADIPOGENESIS,ITSN1,9606.ENSP00000370719,0.0,False
HALLMARK_ADIPOGENESIS,PIM3,9606.ENSP00000353824,0.0,False
HALLMARK_ADIPOGENESIS,COL4A1,9606.ENSP00000364979,0.0051813471502590676,False
HALLMARK_ADIPOGENESIS,PPM1B,9606.ENSP00000282412,0.0,False
HALLMARK_ADIPOGENESIS,SORBS1,9606.ENSP00000360293,0.0,False
HALLMARK_ADIPOGENESIS,LPCAT3,9606.ENSP00000261407,0.0051813471502590676,False
HALLMARK_ADIPOGENESIS,CMPK1,9606.ENSP00000360939,0.0051813471502590676,False
HALLMARK_ADIPOGENESIS,ETFB,9606.ENSP00000346173,0.0051813471502590676,False
HALLMARK_ADIPOGENESIS,SDHC,9606.ENSP00000356953,0.0,False
HALLMARK_ADIPOGENESIS,DLAT,9606.ENSP00000280346,0.010362694300518135,False
HALLMARK_ADIPOGENESIS,PEX14,9606.ENSP00000349016,0.0,False
HALLMARK_ADIPOGENESIS,VEGFB,9606.ENSP00000311127,0.0,False
HALLMARK_ADIPOGENESIS,CAVIN2,9606.ENSP00000305675,0.0,False
HALLMARK_ADIPOGENESIS,IMMT,9606.ENSP00000387262,0.0051813471502590676,False
HALLMARK_ADIPOGENESIS,SLC66A3,9606.ENSP00000295083,0.0,False
HALLMARK_ADIPOGENESIS,ACADM,9606.ENSP00000359871,0.02072538860103627,False
HALLMARK_ADIPOGENESIS,UQCR10,9606.ENSP00000332887,0.0,False
HALLMARK_ADIPOGENESIS,ECHS1,9606.ENSP00000357535,0.02072538860103627,False
HALLMARK_ADIPOGENESIS,DNAJC15,9606.ENSP00000368523,0.0,False
HALLMARK_ADIPOGENESIS,MGLL,9606.ENSP00000265052,0.0051813471502590676,False
HALLMARK_ADIPOGENESIS,LIFR,9606.ENSP00000398368,0.0,False
HALLMARK_ADIPOGENESIS,IDH1,9606.ENSP00000390265,0.0051813471502590676,False
HALLMARK_ADIPOGENESIS,TANK,9606.ENSP00000259075,0.0,False
HALLMARK_ADIPOGENESIS,LAMA4,9606.ENSP00000230538,0.0,False
HALLMARK_ADIPOGENESIS,FABP4,9606.ENSP00000256104,0.0051813471502590676,False
HALLMARK_ADIPOGENESIS,DBT,9606.ENSP00000359151,0.0051813471502590676,False
HALLMARK_ADIPOGENESIS,SLC5A6,9606.ENSP00000310208,0.0,False
HALLMARK_ADIPOGENESIS,ACAA2,9606.ENSP00000285093,0.010362694300518135,False
HALLMARK_ADIPOGENESIS,PPP1R15B,9606.ENSP00000356156,0.0,False
HALLMARK_ADIPOGENESIS,PTCD3,9606.ENSP00000254630,0.0051813471502590676,False
HALLMARK_ADIPOGENESIS,PREB,9606.ENSP00000260643,0.0,False
HALLMARK_ADIPOGENESIS,PHLDB1,9606.ENSP00000354498,0.0,False
HALLMARK_ADIPOGENESIS,PHYH,9606.ENSP00000263038,0.0,False
HALLMARK_ADIPOGENESIS,CIDEA,9606.ENSP00000320209,0.0,False
HALLMARK_ADIPOGENESIS,NDUFS3,9606.ENSP00000263774,0.0051813471502590676,False
HALLMARK_ADIPOGENESIS,SPARCL1,9606.ENSP00000414856,0.0,False
HALLMARK_ADIPOGENESIS,IDH3A,9606.ENSP00000299518,0.0051813471502590676,False
HALLMARK_ADIPOGENESIS,PLIN2,9606.ENSP00000276914,0.0051813471502590676,False
HALLMARK_ADIPOGENESIS,UQCRQ,9606.ENSP00000367939,0.0051813471502590676,False
HALLMARK_ADIPOGENESIS,CHCHD10,9606.ENSP00000384973,0.0051813471502590676,False
HALLMARK_ADIPOGENESIS,GBE1,9606.ENSP00000410833,0.0,False
HALLMARK_ADIPOGENESIS,LPL,9606.ENSP00000497642,0.0051813471502590676,False
HALLMARK_ADIPOGENESIS,LTC4S,9606.ENSP00000292596,0.0,False
HALLMARK_ADIPOGENESIS,SDHB,9606.ENSP00000364649,0.0051813471502590676,False
HALLMARK_ADIPOGENESIS,UCP2,9606.ENSP00000499695,0.0,False
HALLMARK_ADIPOGENESIS,GADD45A,9606.ENSP00000360025,0.0,False
HALLMARK_ADIPOGENESIS,GRPEL1,9606.ENSP00000264954,0.0,False
HALLMARK_ADIPOGENESIS,NMT1,9606.ENSP00000468424,0.0,False
HALLMARK_ADIPOGENESIS,SUCLG1,9606.ENSP00000377446,0.0051813471502590676,False
HALLMARK_ADIPOGENESIS,RREB1,9606.ENSP00000369270,0.0,False
HALLMARK_ADIPOGENESIS,DGAT1,9606.ENSP00000482264,0.0051813471502590676,False
HALLMARK_ADIPOGENESIS,AK2,9606.ENSP00000499935,0.0,False
HALLMARK_ADIPOGENESIS,SOD1,9606.ENSP00000270142,0.0,False
HALLMARK_ADIPOGENESIS,ABCB8,9606.ENSP00000297504,0.0051813471502590676,False
HALLMARK_ADIPOGENESIS,ENPP2,9606.ENSP00000259486,0.0,False
HALLMARK_ADIPOGENESIS,MDH2,9606.ENSP00000327070,0.010362694300518135,False
HALLMARK_ADIPOGENESIS,MIGA2,9606.ENSP00000351138,0.0,False
HALLMARK_ADIPOGENESIS,SOWAHC,9606.ENSP00000365830,0.0,False
HALLMARK_ADIPOGENESIS,ADIPOR2,9606.ENSP00000349616,0.0,False
HALLMARK_ADIPOGENESIS,PFKFB3,9606.ENSP00000492001,0.0,False
HALLMARK_ADIPOGENESIS,SNCG,9606.ENSP00000361087,0.0,False
HALLMARK_ADIPOGENESIS,COX8A,9606.ENSP00000321260,0.0051813471502590676,False
HALLMARK_ADIPOGENESIS,MTCH2,9606.ENSP00000303222,0.0,False
HALLMARK_ADIPOGENESIS,RTN3,9606.ENSP00000367050,0.0051813471502590676,False
HALLMARK_ADIPOGENESIS,CD302,9606.ENSP00000259053,0.0,False
HALLMARK_ADIPOGENESIS,DHCR7,9606.ENSP00000347717,0.0,False
HALLMARK_ADIPOGENESIS,CPT2,9606.ENSP00000360541,0.0051813471502590676,False
HALLMARK_ADIPOGENESIS,BAZ2A,9606.ENSP00000446880,0.0,False
HALLMARK_ADIPOGENESIS,DLD,9606.ENSP00000205402,0.015544041450777202,False
HALLMARK_ADIPOGENESIS,HSPB8,9606.ENSP00000281938,0.0,False
HALLMARK_ADIPOGENESIS,UBQLN1,9606.ENSP00000365576,0.0,False
HALLMARK_ADIPOGENESIS,LIPE,9606.ENSP00000244289,0.0,False
HALLMARK_ADIPOGENESIS,CCNG2,9606.ENSP00000315743,0.0,False
HALLMARK_ADIPOGENESIS,ARAF,9606.ENSP00000290277,0.0,False
HALLMARK_ADIPOGENESIS,PRDX3,9606.ENSP00000298510,0.0,False
HALLMARK_ADIPOGENESIS,UCK1,9606.ENSP00000361285,0.0,False
HALLMARK_ADIPOGENESIS,PEMT,9606.ENSP00000255389,0.0051813471502590676,False
HALLMARK_ADIPOGENESIS,CAVIN1,9606.ENSP00000349541,0.0,False
HALLMARK_ADIPOGENESIS,JAGN1,9606.ENSP00000496942,0.0,False
HALLMARK_ADIPOGENESIS,ECH1,9606.ENSP00000221418,0.0,False
HALLMARK_ADIPOGENESIS,GPAM,9606.ENSP00000265276,0.0,False
HALLMARK_ADIPOGENESIS,CHUK,9606.ENSP00000359424,0.0,False
HALLMARK_ADIPOGENESIS,HADH,9606.ENSP00000474560,0.0,False
HALLMARK_ADIPOGENESIS,MCCC1,9606.ENSP00000265594,0.0,False
HALLMARK_ADIPOGENESIS,SULT1A1,9606.ENSP00000378972,0.0,False
HALLMARK_ADIPOGENESIS,DRAM2,9606.ENSP00000286692,0.0,False
HALLMARK_ADIPOGENESIS,HIBCH,9606.ENSP00000352706,0.015544041450777202,False
HALLMARK_ADIPOGENESIS,ATL2,9606.ENSP00000368237,0.0051813471502590676,False
HALLMARK_ADIPOGENESIS,ACOX1,9606.ENSP00000293217,0.010362694300518135,False
HALLMARK_ADIPOGENESIS,COQ9,9606.ENSP00000262507,0.0051813471502590676,False
HALLMARK_ALLOGRAFT_REJECTION,CTSS,9606.ENSP00000357981,0.0,False
HALLMARK_ALLOGRAFT_REJECTION,CD3D,9606.ENSP00000300692,0.005555555555555556,False
HALLMARK_ALLOGRAFT_REJECTION,BRCA1,9606.ENSP00000418960,0.011111111111111112,False
HALLMARK_ALLOGRAFT_REJECTION,CD2,9606.ENSP00000358490,0.022222222222222223,False
HALLMARK_ALLOGRAFT_REJECTION,IFNGR1,9606.ENSP00000356713,0.005555555555555556,False
HALLMARK_ALLOGRAFT_REJECTION,EIF3A,9606.ENSP00000358140,0.0,False
HALLMARK_ALLOGRAFT_REJECTION,F2R,9606.ENSP00000321326,0.0,False
HALLMARK_ALLOGRAFT_REJECTION,TRAT1,9606.ENSP00000295756,0.0,False
HALLMARK_ALLOGRAFT_REJECTION,IL11,9606.ENSP00000264563,0.022222222222222223,False
HALLMARK_ALLOGRAFT_REJECTION,HCLS1,9606.ENSP00000320176,0.0,False
HALLMARK_ALLOGRAFT_REJECTION,HLA-E,9606.ENSP00000365817,0.016666666666666666,False
HALLMARK_ALLOGRAFT_REJECTION,GZMA,9606.ENSP00000274306,0.0,False
HALLMARK_ALLOGRAFT_REJECTION,CD3G,9606.ENSP00000431445,0.005555555555555556,False
HALLMARK_ALLOGRAFT_REJECTION,IL2RB,9606.ENSP00000216223,0.016666666666666666,False
HALLMARK_ALLOGRAFT_REJECTION,IL6,9606.ENSP00000385675,0.02777777777777778,False
HALLMARK_ALLOGRAFT_REJECTION,PSMB10,9606.ENSP00000351314,0.005555555555555556,False
HALLMARK_ALLOGRAFT_REJECTION,IL12A,9606.ENSP00000303231,0.0,False
HALLMARK_ALLOGRAFT_REJECTION,CXCL13,9606.ENSP00000286758,0.016666666666666666,False
HALLMARK_ALLOGRAFT_REJECTION,GZMB,9606.ENSP00000216341,0.022222222222222223,False
HALLMARK_ALLOGRAFT_REJECTION,LY86,9606.ENSP00000369286,0.0,False
HALLMARK_ALLOGRAFT_REJECTION,TLR3,9606.ENSP00000296795,0.011111111111111112,False
HALLMARK_ALLOGRAFT_REJECTION,FGR,9606.ENSP00000363117,0.005555555555555556,False
HALLMARK_ALLOGRAFT_REJECTION,CCL5,9606.ENSP00000474412,0.005555555555555556,False
HALLMARK_ALLOGRAFT_REJECTION,DARS1,9606.ENSP00000264161,0.005555555555555556,False
HALLMARK_ALLOGRAFT_REJECTION,IL18RAP,9606.ENSP00000264260,0.0,False
HALLMARK_ALLOGRAFT_REJECTION,CCL7,9606.ENSP00000367832,0.005555555555555556,False
HALLMARK_ALLOGRAFT_REJECTION,NCK1,9606.ENSP00000417273,0.011111111111111112,False
HALLMARK_ALLOGRAFT_REJECTION,CCL13,9606.ENSP00000225844,0.005555555555555556,False
HALLMARK_ALLOGRAFT_REJECTION,CD80,9606.ENSP00000264246,0.022222222222222223,False
HALLMARK_ALLOGRAFT_REJECTION,IL2RG,9606.ENSP00000363318,0.011111111111111112,False
HALLMARK_ALLOGRAFT_REJECTION,MMP9,9606.ENSP00000361405,0.0,False
HALLMARK_ALLOGRAFT_REJECTION,LCP2,9606.ENSP00000046794,0.005555555555555556,False
HALLMARK_ALLOGRAFT_REJECTION,NOS2,9606.ENSP00000327251,0.0,False
HALLMARK_ALLOGRAFT_REJECTION,HLA-DOA,9606.ENSP00000229829,0.011111111111111112,False
HALLMARK_ALLOGRAFT_REJECTION,ITK,9606.ENSP00000398655,0.005555555555555556,False
HALLMARK_ALLOGRAFT_REJECTION,UBE2D1,9606.ENSP00000363019,0.0,False
HALLMARK_ALLOGRAFT_REJECTION,CCL4,9606.ENSP00000482259,0.005555555555555556,False
HALLMARK_ALLOGRAFT_REJECTION,CSF1,9606.ENSP00000327513,0.005555555555555556,False
HALLMARK_ALLOGRAFT_REJECTION,MTIF2,9606.ENSP00000263629,0.005555555555555556,False
HALLMARK_ALLOGRAFT_REJECTION,RARS1,9606.ENSP00000231572,0.0,False
HALLMARK_ALLOGRAFT_REJECTION,SIT1,9606.ENSP00000259608,0.005555555555555556,False
HALLMARK_ALLOGRAFT_REJECTION,LCK,9606.ENSP00000477713,0.005555555555555556,False
HALLMARK_ALLOGRAFT_REJECTION,C2,9606.ENSP00000299367,0.0,False
HALLMARK_ALLOGRAFT_REJECTION,MAP3K7,9606.ENSP00000358335,0.0,False
HALLMARK_ALLOGRAFT_REJECTION,JAK2,9606.ENSP00000371067,0.022222222222222223,False
HALLMARK_ALLOGRAFT_REJECTION,LTB,9606.ENSP00000410481,0.0,False
HALLMARK_ALLOGRAFT_REJECTION,EIF4G3,9606.ENSP00000383274,0.0,False
HALLMARK_ALLOGRAFT_REJECTION,CD1D,9606.ENSP00000501245,0.005555555555555556,False
HALLMARK_ALLOGRAFT_REJECTION,TLR6,9606.ENSP00000389600,0.011111111111111112,False
HALLMARK_ALLOGRAFT_REJECTION,BCAT1,9606.ENSP00000443459,0.0,False
HALLMARK_ALLOGRAFT_REJECTION,TLR1,9606.ENSP00000354932,0.0,False
HALLMARK_ALLOGRAFT_REJECTION,NME1,9606.ENSP00000337060,0.0,False
HALLMARK_ALLOGRAFT_REJECTION,AKT1,9606.ENSP00000451828,0.03333333333333333,False
HALLMARK_ALLOGRAFT_REJECTION,CD8A,9606.ENSP00000386559,0.044444444444444446,False
HALLMARK_ALLOGRAFT_REJECTION,HLA-DQA1,9606.ENSP00000339398,0.0,False
HALLMARK_ALLOGRAFT_REJECTION,MRPL3,9606.ENSP00000264995,0.005555555555555556,False
HALLMARK_ALLOGRAFT_REJECTION,ETS1,9606.ENSP00000376436,0.0,False
HALLMARK_ALLOGRAFT_REJECTION,CXCR3,9606.ENSP00000362795,0.011111111111111112,False
HALLMARK_ALLOGRAFT_REJECTION,CRTAM,9606.ENSP00000227348,0.0,False
HALLMARK_ALLOGRAFT_REJECTION,PRF1,9606.ENSP00000398568,0.011111111111111112,False
HALLMARK_ALLOGRAFT_REJECTION,IL18,9606.ENSP00000280357,0.016666666666666666,False
HALLMARK_ALLOGRAFT_REJECTION,IL4R,9606.ENSP00000379111,0.016666666666666666,False
HALLMARK_ALLOGRAFT_REJECTION,ITGAL,9606.ENSP00000349252,0.005555555555555556,False
HALLMARK_ALLOGRAFT_REJECTION,EGFR,9606.ENSP00000275493,0.011111111111111112,False
HALLMARK_ALLOGRAFT_REJECTION,IL2RA,9606.ENSP00000369293,0.011111111111111112,False
HALLMARK_ALLOGRAFT_REJECTION,CD8B,9606.ENSP00000331172,0.0,False
HALLMARK_ALLOGRAFT_REJECTION,RPS19,9606.ENSP00000470972,0.005555555555555556,False
HALLMARK_ALLOGRAFT_REJECTION,SRGN,9606.ENSP00000242465,0.005555555555555556,False
HALLMARK_ALLOGRAFT_REJECTION,APBB1,9606.ENSP00000477213,0.0,False
HALLMARK_ALLOGRAFT_REJECTION,LY75,9606.ENSP00000263636,0.005555555555555556,False
HALLMARK_ALLOGRAFT_REJECTION,DYRK3,9606.ENSP00000356076,0.0,False
HALLMARK_ALLOGRAFT_REJECTION,PTPRC,9606.ENSP00000411355,0.011111111111111112,False
HALLMARK_ALLOGRAFT_REJECTION,CCL22,9606.ENSP00000219235,0.016666666666666666,False
HALLMARK_ALLOGRAFT_REJECTION,IL7,9606.ENSP00000263851,0.022222222222222223,False
HALLMARK_ALLOGRAFT_REJECTION,HLA-G,9606.ENSP00000366024,0.011111111111111112,False
HALLMARK_ALLOGRAFT_REJECTION,CD40LG,9606.ENSP00000359663,0.016666666666666666,False
HALLMARK_ALLOGRAFT_REJECTION,TLR2,9606.ENSP00000260010,0.016666666666666666,False
HALLMARK_ALLOGRAFT_REJECTION,STAT1,9606.ENSP00000354394,0.02777777777777778,False
HALLMARK_ALLOGRAFT_REJECTION,BCL10,9606.ENSP00000498104,0.011111111111111112,False
HALLMARK_ALLOGRAFT_REJECTION,HIF1A,9606.ENSP00000437955,0.016666666666666666,False
HALLMARK_ALLOGRAFT_REJECTION,CDKN2A,9606.ENSP00000418915,0.016666666666666666,False
HALLMARK_ALLOGRAFT_REJECTION,NPM1,9606.ENSP00000296930,0.0,False
HALLMARK_ALLOGRAFT_REJECTION,IL15,9606.ENSP00000296545,0.011111111111111112,False
HALLMARK_ALLOGRAFT_REJECTION,GCNT1,9606.ENSP00000415454,0.0,False
HALLMARK_ALLOGRAFT_REJECTION,ACHE,9606.ENSP00000303211,0.0,False
HALLMARK_ALLOGRAFT_REJECTION,BCL3,9606.ENSP00000164227,0.0,False
HALLMARK_ALLOGRAFT_REJECTION,CD4,9606.ENSP00000011653,0.05,False
HALLMARK_ALLOGRAFT_REJECTION,ELF4,9606.ENSP00000311280,0.0,False
HALLMARK_ALLOGRAFT_REJECTION,IFNGR2,9606.ENSP00000371425,0.005555555555555556,False
HALLMARK_ALLOGRAFT_REJECTION,IKBKB,9606.ENSP00000430684,0.005555555555555556,False
HALLMARK_ALLOGRAFT_REJECTION,CD3E,9606.ENSP00000354566,0.016666666666666666,False
HALLMARK_ALLOGRAFT_REJECTION,GBP2,9606.ENSP00000359497,0.005555555555555556,False
HALLMARK_ALLOGRAFT_REJECTION,CXCL9,9606.ENSP00000354901,0.011111111111111112,False
HALLMARK_ALLOGRAFT_REJECTION,TRAF2,9606.ENSP00000247668,0.0,False
HALLMARK_ALLOGRAFT_REJECTION,CD40,9606.ENSP00000361359,0.0,False
HALLMARK_ALLOGRAFT_REJECTION,TAPBP,9606.ENSP00000404833,0.0,False
HALLMARK_ALLOGRAFT_REJECTION,SOCS5,9606.ENSP00000305133,0.0,False
HALLMARK_ALLOGRAFT_REJECTION,TPD52,9606.ENSP00000429309,0.0,False
HALLMARK_ALLOGRAFT_REJECTION,ZAP70,9606.ENSP00000264972,0.005555555555555556,False
HALLMARK_ALLOGRAFT_REJECTION,SPI1,9606.ENSP00000227163,0.0,False
HALLMARK_ALLOGRAFT_REJECTION,UBE2N,9606.ENSP00000316176,0.0,False
HALLMARK_ALLOGRAFT_REJECTION,FLNA,9606.ENSP00000358866,0.0,False
HALLMARK_ALLOGRAFT_REJECTION,IRF8,9606.ENSP00000268638,0.0,False
HALLMARK_ALLOGRAFT_REJECTION,CSK,9606.ENSP00000220003,0.0,False
HALLMARK_ALLOGRAFT_REJECTION,CCL19,9606.ENSP00000308815,0.0,False
HALLMARK_ALLOGRAFT_REJECTION,TAP1,9606.ENSP00000346206,0.0,False
HALLMARK_ALLOGRAFT_REJECTION,CCND3,9606.ENSP00000362082,0.0,False
HALLMARK_ALLOGRAFT_REJECTION,RPL39,9606.ENSP00000355315,0.0,False
HALLMARK_ALLOGRAFT_REJECTION,AARS1,9606.ENSP00000261772,0.005555555555555556,False
HALLMARK_ALLOGRAFT_REJECTION,TGFB1,9606.ENSP00000221930,0.03333333333333333,False
HALLMARK_ALLOGRAFT_REJECTION,CD86,9606.ENSP00000332049,0.011111111111111112,False
HALLMARK_ALLOGRAFT_REJECTION,FCGR2B,9606.ENSP00000351497,0.0,False
HALLMARK_ALLOGRAFT_REJECTION,MAP4K1,9606.ENSP00000465039,0.0,False
HALLMARK_ALLOGRAFT_REJECTION,CD96,9606.ENSP00000283285,0.0,False
HALLMARK_ALLOGRAFT_REJECTION,ABCE1,9606.ENSP00000296577,0.0,False
HALLMARK_ALLOGRAFT_REJECTION,HDAC9,9606.ENSP00000408617,0.005555555555555556,False
HALLMARK_ALLOGRAFT_REJECTION,HLA-DMB,9606.ENSP00000398890,0.011111111111111112,False
HALLMARK_ALLOGRAFT_REJECTION,ITGB2,9606.ENSP00000380948,0.016666666666666666,False
HALLMARK_ALLOGRAFT_REJECTION,STAT4,9606.ENSP00000351255,0.005555555555555556,False
HALLMARK_ALLOGRAFT_REJECTION,CCR2,9606.ENSP00000292301,0.016666666666666666,False
HALLMARK_ALLOGRAFT_REJECTION,GLMN,9606.ENSP00000359385,0.0,False
HALLMARK_ALLOGRAFT_REJECTION,LYN,9606.ENSP00000428924,0.016666666666666666,False
HALLMARK_ALLOGRAFT_REJECTION,NCF4,9606.ENSP00000380334,0.0,False
HALLMARK_ALLOGRAFT_REJECTION,WAS,9606.ENSP00000365891,0.011111111111111112,False
HALLMARK_ALLOGRAFT_REJECTION,CD47,9606.ENSP00000355361,0.0,False
HALLMARK_ALLOGRAFT_REJECTION,TGFB2,9606.ENSP00000355896,0.0,False
HALLMARK_ALLOGRAFT_REJECTION,PRKCB,9606.ENSP00000496129,0.005555555555555556,False
HALLMARK_ALLOGRAFT_REJECTION,CD79A,9606.ENSP00000221972,0.005555555555555556,False
HALLMARK_ALLOGRAFT_REJECTION,CD28,9606.ENSP00000324890,0.011111111111111112,False
HALLMARK_ALLOGRAFT_REJECTION,CD74,9606.ENSP00000009530,0.011111111111111112,False
HALLMARK_ALLOGRAFT_REJECTION,HLA-A,9606.ENSP00000379873,0.022222222222222223,False
HALLMARK_ALLOGRAFT_REJECTION,INHBA,9606.ENSP00000242208,0.011111111111111112,False
HALLMARK_ALLOGRAFT_REJECTION,TAP2,9606.ENSP00000364032,0.005555555555555556,False
HALLMARK_ALLOGRAFT_REJECTION,ACVR2A,9606.ENSP00000241416,0.011111111111111112,False
HALLMARK_ALLOGRAFT_REJECTION,LIF,9606.ENSP00000249075,0.016666666666666666,False
HALLMARK_ALLOGRAFT_REJECTION,NLRP3,9606.ENSP00000337383,0.0,False
HALLMARK_ALLOGRAFT_REJECTION,RPL9,9606.ENSP00000494697,0.005555555555555556,False
HALLMARK_ALLOGRAFT_REJECTION,CD7,9606.ENSP00000312027,0.005555555555555556,False
HALLMARK_ALLOGRAFT_REJECTION,GALNT1,9606.ENSP00000269195,0.0,False
HALLMARK_ALLOGRAFT_REJECTION,DEGS1,9606.ENSP00000316476,0.0,False
HALLMARK_ALLOGRAFT_REJECTION,IRF4,9606.ENSP00000370343,0.0,False
HALLMARK_ALLOGRAFT_REJECTION,IRF7,9606.ENSP00000380697,0.016666666666666666,False
HALLMARK_ALLOGRAFT_REJECTION,RPS9,9606.ENSP00000375632,0.0,False
HALLMARK_ALLOGRAFT_REJECTION,SOCS1,9606.ENSP00000496577,0.0,False
HALLMARK_ALLOGRAFT_REJECTION,TNF,9606.ENSP00000398698,0.03888888888888889,False
HALLMARK_ALLOGRAFT_REJECTION,INHBB,9606.ENSP00000295228,0.0,False
HALLMARK_ALLOGRAFT_REJECTION,EIF5A,9606.ENSP00000336702,0.005555555555555556,False
HALLMARK_ALLOGRAFT_REJECTION,IL27RA,9606.ENSP00000263379,0.016666666666666666,False
HALLMARK_ALLOGRAFT_REJECTION,HLA-DRA,9606.ENSP00000378786,0.016666666666666666,False
HALLMARK_ALLOGRAFT_REJECTION,EIF3D,9606.ENSP00000216190,0.005555555555555556,False
HALLMARK_ALLOGRAFT_REJECTION,HLA-DOB,9606.ENSP00000496848,0.005555555555555556,False
HALLMARK_ALLOGRAFT_REJECTION,IL1B,9606.ENSP00000263341,0.03333333333333333,False
HALLMARK_ALLOGRAFT_REJECTION,FYB1,9606.ENSP00000493623,0.011111111111111112,False
HALLMARK_ALLOGRAFT_REJECTION,RPS3A,9606.ENSP00000346050,0.005555555555555556,False
HALLMARK_ALLOGRAFT_REJECTION,IL12RB1,9606.ENSP00000470788,0.0,False
HALLMARK_ALLOGRAFT_REJECTION,IFNAR2,9606.ENSP00000343957,0.0,False
HALLMARK_ALLOGRAFT_REJECTION,IGSF6,9606.ENSP00000268389,0.0,False
HALLMARK_ALLOGRAFT_REJECTION,ABI1,9606.ENSP00000365312,0.005555555555555556,False
HALLMARK_ALLOGRAFT_REJECTION,EIF3J,9606.ENSP00000261868,0.0,False
HALLMARK_ALLOGRAFT_REJECTION,GPR65,9606.ENSP00000267549,0.0,False
HALLMARK_ALLOGRAFT_REJECTION,ST8SIA4,9606.ENSP00000231461,0.0,False
HALLMARK_ALLOGRAFT_REJECTION,FAS,9606.ENSP00000498466,0.0,False
HALLMARK_ALLOGRAFT_REJECTION,TIMP1,9606.ENSP00000218388,0.016666666666666666,False
HALLMARK_ALLOGRAFT_REJECTION,ICAM1,9606.ENSP00000264832,0.022222222222222223,False
HALLMARK_ALLOGRAFT_REJECTION,CCND2,9606.ENSP00000261254,0.0,False
HALLMARK_ALLOGRAFT_REJECTION,HLA-DMA,9606.ENSP00000363976,0.011111111111111112,False
HALLMARK_ALLOGRAFT_REJECTION,CCL11,9606.ENSP00000302234,0.0,False
HALLMARK_ALLOGRAFT_REJECTION,CD247,9606.ENSP00000354782,0.011111111111111112,False
HALLMARK_ALLOGRAFT_REJECTION,IFNG,9606.ENSP00000229135,0.03888888888888889,False
HALLMARK_ALLOGRAFT_REJECTION,WARS1,9606.ENSP00000347495,0.0,False
HALLMARK_ALLOGRAFT_REJECTION,PTPN6,9606.ENSP00000391592,0.005555555555555556,False
HALLMARK_ALLOGRAFT_REJECTION,FASLG,9606.ENSP00000356694,0.005555555555555556,False
HALLMARK_ALLOGRAFT_REJECTION,B2M,9606.ENSP00000497910,0.011111111111111112,False
HALLMARK_ALLOGRAFT_REJECTION,CCR1,9606.ENSP00000296140,0.016666666666666666,False
HALLMARK_ALLOGRAFT_REJECTION,IL16,9606.ENSP00000302935,0.0,False
HALLMARK_ALLOGRAFT_REJECTION,CAPG,9606.ENSP00000263867,0.0,False
HALLMARK_ALLOGRAFT_REJECTION,CCL2,9606.ENSP00000225831,0.03333333333333333,False
HALLMARK_ALLOGRAFT_REJECTION,CCR5,9606.ENSP00000292303,0.022222222222222223,False
HALLMARK_ALLOGRAFT_REJECTION,STAB1,9606.ENSP00000312946,0.0,False
HALLMARK_ALLOGRAFT_REJECTION,THY1,9606.ENSP00000284240,0.0,False
HALLMARK_ALLOGRAFT_REJECTION,RIPK2,9606.ENSP00000220751,0.0,False
HALLMARK_ANDROGEN_RESPONSE,VAPA,9606.ENSP00000345656,1.0,True
HALLMARK_ANDROGEN_RESPONSE,SLC26A2,9606.ENSP00000286298,1.0,True
HALLMARK_ANDROGEN_RESPONSE,RRP12,9606.ENSP00000446184,1.0,True
HALLMARK_ANDROGEN_RESPONSE,NKX3-1,9606.ENSP00000370253,1.0,True
HALLMARK_ANDROGEN_RESPONSE,MERTK,9606.ENSP00000295408,1.0,True
HALLMARK_ANDROGEN_RESPONSE,LMAN1,9606.ENSP00000251047,1.0,True
HALLMARK_ANDROGEN_RESPONSE,XRCC5,9606.ENSP00000375978,1.0,True
HALLMARK_ANDROGEN_RESPONSE,IDI1,9606.ENSP00000370748,1.0,True
HALLMARK_ANDROGEN_RESPONSE,CDK6,9606.ENSP00000265734,1.0,True
HALLMARK_ANDROGEN_RESPONSE,ITGAV,9606.ENSP00000261023,1.0,True
HALLMARK_ANDROGEN_RESPONSE,UBE2J1,9606.ENSP00000451261,1.0,True
HALLMARK_ANDROGEN_RESPONSE,SEC24D,9606.ENSP00000280551,1.0,True
HALLMARK_ANDROGEN_RESPONSE,DHCR24,9606.ENSP00000360316,1.0,True
HALLMARK_ANDROGEN_RESPONSE,HPGD,9606.ENSP00000296522,1.0,True
HALLMARK_ANDROGEN_RESPONSE,ADRM1,9606.ENSP00000478877,1.0,True
HALLMARK_ANDROGEN_RESPONSE,RAB4A,9606.ENSP00000355651,1.0,True
HALLMARK_ANDROGEN_RESPONSE,SPCS3,9606.ENSP00000427463,1.0,True
HALLMARK_ANDROGEN_RESPONSE,SORD,9606.ENSP00000267814,1.0,True
HALLMARK_ANDROGEN_RESPONSE,UBE2I,9606.ENSP00000348056,1.0,True
HALLMARK_ANDROGEN_RESPONSE,PTPN21,9606.ENSP00000452414,1.0,True
HALLMARK_ANDROGEN_RESPONSE,SGK1,9606.ENSP00000356832,1.0,True
HALLMARK_ANDROGEN_RESPONSE,SRF,9606.ENSP00000265354,1.0,True
HALLMARK_ANDROGEN_RESPONSE,B4GALT1,9606.ENSP00000369055,1.0,True
HALLMARK_ANDROGEN_RESPONSE,ZMIZ1,9606.ENSP00000334474,1.0,True
HALLMARK_ANDROGEN_RESPONSE,ANKH,9606.ENSP00000284268,1.0,True
HALLMARK_ANDROGEN_RESPONSE,SAT1,9606.ENSP00000368572,1.0,True
HALLMARK_ANDROGEN_RESPONSE,ABCC4,9606.ENSP00000494609,1.0,True
HALLMARK_ANDROGEN_RESPONSE,GPD1L,9606.ENSP00000282541,1.0,True
HALLMARK_ANDROGEN_RESPONSE,CDC14B,9606.ENSP00000364389,1.0,True
HALLMARK_ANDROGEN_RESPONSE,STK39,9606.ENSP00000348278,1.0,True
HALLMARK_ANDROGEN_RESPONSE,AKT1,9606.ENSP00000451828,1.0,True
HALLMARK_ANDROGEN_RESPONSE,ELL2,9606.ENSP00000237853,1.0,True
HALLMARK_ANDROGEN_RESPONSE,GUCY1A1,9606.ENSP00000296518,1.0,True
HALLMARK_ANDROGEN_RESPONSE,PGM3,9606.ENSP00000425809,1.0,True
HALLMARK_ANDROGEN_RESPONSE,SMS,9606.ENSP00000385746,1.0,True
HALLMARK_ANDROGEN_RESPONSE,ARID5B,9606.ENSP00000279873,1.0,True
HALLMARK_ANDROGEN_RESPONSE,TNFAIP8,9606.ENSP00000427424,1.0,True
HALLMARK_ANDROGEN_RESPONSE,HMGCR,9606.ENSP00000287936,1.0,True
HALLMARK_ANDROGEN_RESPONSE,PDLIM5,9606.ENSP00000480359,1.0,True
HALLMARK_ANDROGEN_RESPONSE,MAK,9606.ENSP00000346484,1.0,True
HALLMARK_ANDROGEN_RESPONSE,ACTN1,9606.ENSP00000377941,1.0,True
HALLMARK_ANDROGEN_RESPONSE,SPDEF,9606.ENSP00000363149,1.0,True
HALLMARK_ANDROGEN_RESPONSE,PA2G4,9606.ENSP00000302886,1.0,True
HALLMARK_ANDROGEN_RESPONSE,CENPN,9606.ENSP00000377007,1.0,True
HALLMARK_ANDROGEN_RESPONSE,DNAJB9,9606.ENSP00000249356,1.0,True
HALLMARK_ANDROGEN_RESPONSE,XRCC6,9606.ENSP00000352257,1.0,True
HALLMARK_ANDROGEN_RESPONSE,PLPP1,9606.ENSP00000264775,1.0,True
HALLMARK_ANDROGEN_RESPONSE,TMEM50A,9606.ENSP00000363478,1.0,True
HALLMARK_ANDROGEN_RESPONSE,ABHD2,9606.ENSP00000268129,1.0,True
HALLMARK_ANDROGEN_RESPONSE,NCOA4,9606.ENSP00000463027,1.0,True
HALLMARK_ANDROGEN_RESPONSE,ELOVL5,9606.ENSP00000359956,1.0,True
HALLMARK_ANDROGEN_RESPONSE,STEAP4,9606.ENSP00000369419,1.0,True
HALLMARK_ANDROGEN_RESPONSE,ACSL3,9606.ENSP00000350012,1.0,True
HALLMARK_ANDROGEN_RESPONSE,ALDH1A3,9606.ENSP00000332256,1.0,True
HALLMARK_ANDROGEN_RESPONSE,ELK4,9606.ENSP00000350681,1.0,True
HALLMARK_ANDROGEN_RESPONSE,MAF,9606.ENSP00000327048,1.0,True
HALLMARK_ANDROGEN_RESPONSE,TPD52,9606.ENSP00000429309,1.0,True
HALLMARK_ANDROGEN_RESPONSE,INPP4B,9606.ENSP00000422793,1.0,True
HALLMARK_ANDROGEN_RESPONSE,ZBTB10,9606.ENSP00000387462,1.0,True
HALLMARK_ANDROGEN_RESPONSE,CCND1,9606.ENSP00000227507,1.0,True
HALLMARK_ANDROGEN_RESPONSE,HOMER2,9606.ENSP00000305632,1.0,True
HALLMARK_ANDROGEN_RESPONSE,CCND3,9606.ENSP00000362082,1.0,True
HALLMARK_ANDROGEN_RESPONSE,APPBP2,9606.ENSP00000083182,1.0,True
HALLMARK_ANDROGEN_RESPONSE,RPS6KA3,9606.ENSP00000368884,1.0,True
HALLMARK_ANDROGEN_RESPONSE,PTK2B,9606.ENSP00000380638,1.0,True
HALLMARK_ANDROGEN_RESPONSE,SCD,9606.ENSP00000359380,1.0,True
HALLMARK_ANDROGEN_RESPONSE,KRT8,9606.ENSP00000449404,1.0,True
HALLMARK_ANDROGEN_RESPONSE,TSC22D1,9606.ENSP00000397435,1.0,True
HALLMARK_ANDROGEN_RESPONSE,MAP7,9606.ENSP00000482335,1.0,True
HALLMARK_ANDROGEN_RESPONSE,LIFR,9606.ENSP00000398368,1.0,True
HALLMARK_ANDROGEN_RESPONSE,PMEPA1,9606.ENSP00000345826,1.0,True
HALLMARK_ANDROGEN_RESPONSE,AKAP12,9606.ENSP00000384537,1.0,True
HALLMARK_ANDROGEN_RESPONSE,H1-0,9606.ENSP00000344504,1.0,True
HALLMARK_ANDROGEN_RESPONSE,AZGP1,9606.ENSP00000292401,1.0,True
HALLMARK_ANDROGEN_RESPONSE,BMPR1B,9606.ENSP00000401907,1.0,True
HALLMARK_ANDROGEN_RESPONSE,FADS1,9606.ENSP00000322229,1.0,True
HALLMARK_ANDROGEN_RESPONSE,GNAI3,9606.ENSP00000358867,1.0,True
HALLMARK_ANDROGEN_RESPONSE,HSD17B14,9606.ENSP00000263278,1.0,True
HALLMARK_ANDROGEN_RESPONSE,INSIG1,9606.ENSP00000344741,1.0,True
HALLMARK_ANDROGEN_RESPONSE,NGLY1,9606.ENSP00000280700,1.0,True
HALLMARK_ANDROGEN_RESPONSE,GSR,9606.ENSP00000221130,1.0,True
HALLMARK_ANDROGEN_RESPONSE,ADAMTS1,9606.ENSP00000284984,1.0,True
HALLMARK_ANDROGEN_RESPONSE,HMGCS1,9606.ENSP00000322706,1.0,True
HALLMARK_ANDROGEN_RESPONSE,UAP1,9606.ENSP00000271469,1.0,True
HALLMARK_ANDROGEN_RESPONSE,FKBP5,9606.ENSP00000444810,1.0,True
HALLMARK_ANDROGEN_RESPONSE,PIAS1,9606.ENSP00000438574,1.0,True
HALLMARK_ANDROGEN_RESPONSE,SELENOP,9606.ENSP00000425915,1.0,True
HALLMARK_ANDROGEN_RESPONSE,CAMKK2,9606.ENSP00000312741,1.0,True
HALLMARK_ANDROGEN_RESPONSE,IQGAP2,9606.ENSP00000274364,1.0,True
HALLMARK_ANDROGEN_RESPONSE,KRT19,9606.ENSP00000355124,1.0,True
HALLMARK_ANDROGEN_RESPONSE,SRP19,9606.ENSP00000424870,1.0,True
HALLMARK_ANDROGEN_RESPONSE,B2M,9606.ENSP00000497910,1.0,True
HALLMARK_ANDROGEN_RESPONSE,TMPRSS2,9606.ENSP00000381588,1.0,True
HALLMARK_ANDROGEN_RESPONSE,NDRG1,9606.ENSP00000404854,1.0,True
HALLMARK_ANDROGEN_RESPONSE,MYL12A,9606.ENSP00000464359,1.0,True
HALLMARK_ANDROGEN_RESPONSE,DBI,9606.ENSP00000486361,1.0,True
HALLMARK_ANDROGEN_RESPONSE,SLC38A2,9606.ENSP00000256689,1.0,True
HALLMARK_ANGIOGENESIS,APP,9606.ENSP00000284981,1.0,True
HALLMARK_ANGIOGENESIS,PTK2,9606.ENSP00000341189,1.0,True
HALLMARK_ANGIOGENESIS,VCAN,9606.ENSP00000265077,1.0,True
HALLMARK_ANGIOGENESIS,NRP1,9606.ENSP00000265371,1.0,True
HALLMARK_ANGIOGENESIS,POSTN,9606.ENSP00000369071,1.0,True
HALLMARK_ANGIOGENESIS,LPL,9606.ENSP00000497642,1.0,True
HALLMARK_ANGIOGENESIS,THBD,9606.ENSP00000366307,1.0,True
HALLMARK_ANGIOGENESIS,SPP1,9606.ENSP00000378517,1.0,True
HALLMARK_ANGIOGENESIS,SERPINA5,9606.ENSP00000333203,1.0,True
HALLMARK_ANGIOGENESIS,S100A4,9606.ENSP00000357704,1.0,True
HALLMARK_ANGIOGENESIS,PDGFA,9606.ENSP00000346508,1.0,True
HALLMARK_ANGIOGENESIS,JAG2,9606.ENSP00000328169,1.0,True
HALLMARK_ANGIOGENESIS,FSTL1,9606.ENSP00000295633,1.0,True
HALLMARK_ANGIOGENESIS,OLR1,9606.ENSP00000309124,1.0,True
HALLMARK_ANGIOGENESIS,LRPAP1,9606.ENSP00000497444,1.0,True
HALLMARK_ANGIOGENESIS,ITGAV,9606.ENSP00000261023,1.0,True
HALLMARK_ANGIOGENESIS,TIMP1,9606.ENSP00000218388,1.0,True
HALLMARK_ANGIOGENESIS,TNFRSF21,9606.ENSP00000296861,1.0,True
HALLMARK_ANGIOGENESIS,CCND2,9606.ENSP00000261254,1.0,True
HALLMARK_ANGIOGENESIS,COL3A1,9606.ENSP00000304408,1.0,True
HALLMARK_ANGIOGENESIS,MSX1,9606.ENSP00000372170,1.0,True
HALLMARK_ANGIOGENESIS,COL5A2,9606.ENSP00000364000,1.0,True
HALLMARK_ANGIOGENESIS,JAG1,9606.ENSP00000254958,1.0,True
HALLMARK_ANGIOGENESIS,KCNJ8,9606.ENSP00000499300,1.0,True
HALLMARK_ANGIOGENESIS,LUM,9606.ENSP00000266718,1.0,True
HALLMARK_ANGIOGENESIS,VAV2,9606.ENSP00000360916,1.0,True
HALLMARK_ANGIOGENESIS,STC1,9606.ENSP00000290271,1.0,True
HALLMARK_ANGIOGENESIS,SLCO2A1,9606.ENSP00000311291,1.0,True
HALLMARK_ANGIOGENESIS,FGFR1,9606.ENSP00000393312,1.0,True
HALLMARK_APICAL_JUNCTION,COL17A1,9606.ENSP00000497653,0.0,False
HALLMARK_APICAL_JUNCTION,JAM3,9606.ENSP00000299106,0.0,False
HALLMARK_APICAL_JUNCTION,DSC3,9606.ENSP00000353608,0.0,False
HALLMARK_APICAL_JUNCTION,ARPC2,9606.ENSP00000295685,0.0,False
HALLMARK_APICAL_JUNCTION,CNN2,9606.ENSP00000456436,0.0,False
HALLMARK_APICAL_JUNCTION,ITGA9,9606.ENSP00000264741,0.011299435028248588,False
HALLMARK_APICAL_JUNCTION,MAP4K2,9606.ENSP00000294066,0.0,False
HALLMARK_APICAL_JUNCTION,SRC,9606.ENSP00000362680,0.01694915254237288,False
HALLMARK_APICAL_JUNCTION,ICAM2,9606.ENSP00000415283,0.0,False
HALLMARK_APICAL_JUNCTION,IRS1,9606.ENSP00000304895,0.0,False
HALLMARK_APICAL_JUNCTION,MVD,9606.ENSP00000301012,0.0,False
HALLMARK_APICAL_JUNCTION,CD209,9606.ENSP00000315477,0.0,False
HALLMARK_APICAL_JUNCTION,COL16A1,9606.ENSP00000362776,0.005649717514124294,False
HALLMARK_APICAL_JUNCTION,IKBKG,9606.ENSP00000483825,0.005649717514124294,False
HALLMARK_APICAL_JUNCTION,MYH10,9606.ENSP00000353590,0.0,False
HALLMARK_APICAL_JUNCTION,CADM2,9606.ENSP00000384193,0.0,False
HALLMARK_APICAL_JUNCTION,CRAT,9606.ENSP00000315013,0.0,False
HALLMARK_APICAL_JUNCTION,MYH9,9606.ENSP00000216181,0.0,False
HALLMARK_APICAL_JUNCTION,CDH1,9606.ENSP00000261769,0.011299435028248588,False
HALLMARK_APICAL_JUNCTION,VCL,9606.ENSP00000211998,0.022598870056497175,False
HALLMARK_APICAL_JUNCTION,WNK4,9606.ENSP00000246914,0.0,False
HALLMARK_APICAL_JUNCTION,SYMPK,9606.ENSP00000245934,0.0,False
HALLMARK_APICAL_JUNCTION,CX3CL1,9606.ENSP00000006053,0.0,False
HALLMARK_APICAL_JUNCTION,LAMC2,9606.ENSP00000264144,0.005649717514124294,False
HALLMARK_APICAL_JUNCTION,ITGA2,9606.ENSP00000296585,0.0,False
HALLMARK_APICAL_JUNCTION,CDH6,9606.ENSP00000265071,0.005649717514124294,False
HALLMARK_APICAL_JUNCTION,FBN1,9606.ENSP00000325527,0.0,False
HALLMARK_APICAL_JUNCTION,SYK,9606.ENSP00000364898,0.005649717514124294,False
HALLMARK_APICAL_JUNCTION,MMP9,9606.ENSP00000361405,0.011299435028248588,False
HALLMARK_APICAL_JUNCTION,WASL,9606.ENSP00000223023,0.01694915254237288,False
HALLMARK_APICAL_JUNCTION,BMP1,9606.ENSP00000305714,0.0,False
HALLMARK_APICAL_JUNCTION,NLGN3,9606.ENSP00000351591,0.0,False
HALLMARK_APICAL_JUNCTION,VAV2,9606.ENSP00000360916,0.0,False
HALLMARK_APICAL_JUNCTION,PFN1,9606.ENSP00000225655,0.01694915254237288,False
HALLMARK_APICAL_JUNCTION,SIRPA,9606.ENSP00000478763,0.005649717514124294,False
HALLMARK_APICAL_JUNCTION,CDH11,9606.ENSP00000268603,0.0,False
HALLMARK_APICAL_JUNCTION,ITGA10,9606.ENSP00000358310,0.0,False
HALLMARK_APICAL_JUNCTION,MAPK11,9606.ENSP00000333685,0.011299435028248588,False
HALLMARK_APICAL_JUNCTION,CRB3,9606.ENSP00000349204,0.011299435028248588,False
HALLMARK_APICAL_JUNCTION,MYL12B,9606.ENSP00000463559,0.011299435028248588,False
HALLMARK_APICAL_JUNCTION,ACTA1,9606.ENSP00000355645,0.0,False
HALLMARK_APICAL_JUNCTION,CERCAM,9606.ENSP00000361929,0.0,False
HALLMARK_APICAL_JUNCTION,CALB2,9606.ENSP00000307508,0.0,False
HALLMARK_APICAL_JUNCTION,B4GALT1,9606.ENSP00000369055,0.0,False
HALLMARK_APICAL_JUNCTION,CLDN8,9606.ENSP00000382783,0.011299435028248588,False
HALLMARK_APICAL_JUNCTION,TIAL1,9606.ENSP00000358089,0.0,False
HALLMARK_APICAL_JUNCTION,TSC1,9606.ENSP00000298552,0.005649717514124294,False
HALLMARK_APICAL_JUNCTION,CLDN4,9606.ENSP00000409544,0.0,False
HALLMARK_APICAL_JUNCTION,LAYN,9606.ENSP00000364765,0.0,False
HALLMARK_APICAL_JUNCTION,SORBS3,9606.ENSP00000240123,0.005649717514124294,False
HALLMARK_APICAL_JUNCTION,PKD1,9606.ENSP00000262304,0.0,False
HALLMARK_APICAL_JUNCTION,INPPL1,9606.ENSP00000298229,0.005649717514124294,False
HALLMARK_APICAL_JUNCTION,GTF2F1,9606.ENSP00000377969,0.0,False
HALLMARK_APICAL_JUNCTION,RRAS,9606.ENSP00000246792,0.0,False
HALLMARK_APICAL_JUNCTION,AKT2,9606.ENSP00000375892,0.005649717514124294,False
HALLMARK_APICAL_JUNCTION,CD276,9606.ENSP00000320084,0.0,False
HALLMARK_APICAL_JUNCTION,PTEN,9606.ENSP00000361021,0.005649717514124294,False
HALLMARK_APICAL_JUNCTION,ITGB4,9606.ENSP00000200181,0.005649717514124294,False
HALLMARK_APICAL_JUNCTION,CDK8,9606.ENSP00000370938,0.0,False
HALLMARK_APICAL_JUNCTION,EGFR,9606.ENSP00000275493,0.011299435028248588,False
HALLMARK_APICAL_JUNCTION,CLDN11,9606.ENSP00000064724,0.0,False
HALLMARK_APICAL_JUNCTION,CNTN1,9606.ENSP00000447006,0.0,False
HALLMARK_APICAL_JUNCTION,NEXN,9606.ENSP00000333938,0.0,False
HALLMARK_APICAL_JUNCTION,AKT3,9606.ENSP00000500582,0.011299435028248588,False
HALLMARK_APICAL_JUNCTION,VASP,9606.ENSP00000245932,0.022598870056497175,False
HALLMARK_APICAL_JUNCTION,TMEM8B,9606.ENSP00000367230,0.0,False
HALLMARK_APICAL_JUNCTION,PTPRC,9606.ENSP00000411355,0.0,False
HALLMARK_APICAL_JUNCTION,CTNNA1,9606.ENSP00000304669,0.0,False
HALLMARK_APICAL_JUNCTION,ADAM15,9606.ENSP00000349436,0.0,False
HALLMARK_APICAL_JUNCTION,LAMA3,9606.ENSP00000324532,0.005649717514124294,False
HALLMARK_APICAL_JUNCTION,ACTN1,9606.ENSP00000377941,0.005649717514124294,False
HALLMARK_APICAL_JUNCTION,CADM3,9606.ENSP00000357106,0.0,False
HALLMARK_APICAL_JUNCTION,ADAM23,9606.ENSP00000264377,0.0,False
HALLMARK_APICAL_JUNCTION,MPZL1,9606.ENSP00000352513,0.0,False
HALLMARK_APICAL_JUNCTION,NEGR1,9606.ENSP00000350364,0.0,False
HALLMARK_APICAL_JUNCTION,TGFBI,9606.ENSP00000416330,0.0,False
HALLMARK_APICAL_JUNCTION,NRTN,9606.ENSP00000302648,0.0,False
HALLMARK_APICAL_JUNCTION,NECTIN3,9606.ENSP00000418070,0.0,False
HALLMARK_APICAL_JUNCTION,NRXN2,9606.ENSP00000265459,0.0,False
HALLMARK_APICAL_JUNCTION,EVL,9606.ENSP00000376652,0.0,False
HALLMARK_APICAL_JUNCTION,NF1,9606.ENSP00000351015,0.005649717514124294,False
HALLMARK_APICAL_JUNCTION,TJP1,9606.ENSP00000348416,0.005649717514124294,False
HALLMARK_APICAL_JUNCTION,AMIGO2,9606.ENSP00000266581,0.0,False
HALLMARK_APICAL_JUNCTION,DLG1,9606.ENSP00000345731,0.005649717514124294,False
HALLMARK_APICAL_JUNCTION,GAMT,9606.ENSP00000403536,0.0,False
HALLMARK_APICAL_JUNCTION,TUBG1,9606.ENSP00000251413,0.0,False
HALLMARK_APICAL_JUNCTION,MPZL2,9606.ENSP00000278937,0.0,False
HALLMARK_APICAL_JUNCTION,TAOK2,9606.ENSP00000310094,0.0,False
HALLMARK_APICAL_JUNCTION,SGCE,9606.ENSP00000496268,0.0,False
HALLMARK_APICAL_JUNCTION,PARD6G,9606.ENSP00000343144,0.005649717514124294,False
HALLMARK_APICAL_JUNCTION,MMP2,9606.ENSP00000219070,0.0,False
HALLMARK_APICAL_JUNCTION,PTK2,9606.ENSP00000341189,0.005649717514124294,False
HALLMARK_APICAL_JUNCTION,VCAN,9606.ENSP00000265077,0.0,False
HALLMARK_APICAL_JUNCTION,CLDN15,9606.ENSP00000385300,0.011299435028248588,False
HALLMARK_APICAL_JUNCTION,SKAP2,9606.ENSP00000005587,0.0,False
HALLMARK_APICAL_JUNCTION,TNFRSF11B,9606.ENSP00000297350,0.0,False
HALLMARK_APICAL_JUNCTION,CLDN5,9606.ENSP00000385477,0.005649717514124294,False
HALLMARK_APICAL_JUNCTION,PIK3CB,9606.ENSP00000501150,0.011299435028248588,False
HALLMARK_APICAL_JUNCTION,LAMB3,9606.ENSP00000375778,0.0,False
HALLMARK_APICAL_JUNCTION,DHX16,9606.ENSP00000365625,0.0,False
HALLMARK_APICAL_JUNCTION,PLCG1,9606.ENSP00000244007,0.0,False
HALLMARK_APICAL_JUNCTION,VCAM1,9606.ENSP00000294728,0.005649717514124294,False
HALLMARK_APICAL_JUNCTION,CD34,9606.ENSP00000310036,0.0,False
HALLMARK_APICAL_JUNCTION,SHC1,9606.ENSP00000401303,0.011299435028248588,False
HALLMARK_APICAL_JUNCTION,NECTIN4,9606.ENSP00000356991,0.0,False
HALLMARK_APICAL_JUNCTION,ADAM9,9606.ENSP00000419446,0.0,False
HALLMARK_APICAL_JUNCTION,NECTIN1,9606.ENSP00000264025,0.011299435028248588,False
HALLMARK_APICAL_JUNCTION,ITGA3,9606.ENSP00000315190,0.005649717514124294,False
HALLMARK_APICAL_JUNCTION,AMIGO1,9606.ENSP00000358880,0.0,False
HALLMARK_APICAL_JUNCTION,CD86,9606.ENSP00000332049,0.0,False
HALLMARK_APICAL_JUNCTION,SDC3,9606.ENSP00000344468,0.0,False
HALLMARK_APICAL_JUNCTION,STX4,9606.ENSP00000317714,0.0,False
HALLMARK_APICAL_JUNCTION,EPB41L2,9606.ENSP00000357110,0.0,False
HALLMARK_APICAL_JUNCTION,RSU1,9606.ENSP00000367154,0.0,False
HALLMARK_APICAL_JUNCTION,JUP,9606.ENSP00000377508,0.005649717514124294,False
HALLMARK_APICAL_JUNCTION,GNAI2,9606.ENSP00000312999,0.0,False
HALLMARK_APICAL_JUNCTION,FLNC,9606.ENSP00000327145,0.0,False
HALLMARK_APICAL_JUNCTION,MYL9,9606.ENSP00000279022,0.0,False
HALLMARK_APICAL_JUNCTION,NF2,9606.ENSP00000344666,0.005649717514124294,False
HALLMARK_APICAL_JUNCTION,HRAS,9606.ENSP00000407586,0.005649717514124294,False
HALLMARK_APICAL_JUNCTION,GRB7,9606.ENSP00000403459,0.005649717514124294,False
HALLMARK_APICAL_JUNCTION,PPP2R2C,9606.ENSP00000372042,0.0,False
HALLMARK_APICAL_JUNCTION,TRO,9606.ENSP00000173898,0.0,False
HALLMARK_APICAL_JUNCTION,SPEG,9606.ENSP00000311684,0.0,False
HALLMARK_APICAL_JUNCTION,THBS3,9606.ENSP00000357362,0.0,False
HALLMARK_APICAL_JUNCTION,ACTG1,9606.ENSP00000458162,0.011299435028248588,False
HALLMARK_APICAL_JUNCTION,CTNND1,9606.ENSP00000382004,0.011299435028248588,False
HALLMARK_APICAL_JUNCTION,NLGN2,9606.ENSP00000305288,0.0,False
HALLMARK_APICAL_JUNCTION,SLIT2,9606.ENSP00000422591,0.0,False
HALLMARK_APICAL_JUNCTION,ACTN4,9606.ENSP00000252699,0.0,False
HALLMARK_APICAL_JUNCTION,CD274,9606.ENSP00000370989,0.0,False
HALLMARK_APICAL_JUNCTION,PECAM1,9606.ENSP00000457421,0.005649717514124294,False
HALLMARK_APICAL_JUNCTION,RASA1,9606.ENSP00000274376,0.011299435028248588,False
HALLMARK_APICAL_JUNCTION,INSIG1,9606.ENSP00000344741,0.0,False
HALLMARK_APICAL_JUNCTION,ITGB1,9606.ENSP00000379350,0.005649717514124294,False
HALLMARK_APICAL_JUNCTION,PARVA,9606.ENSP00000334008,0.0,False
HALLMARK_APICAL_JUNCTION,CAP1,9606.ENSP00000361883,0.0,False
HALLMARK_APICAL_JUNCTION,EXOC4,9606.ENSP00000253861,0.0,False
HALLMARK_APICAL_JUNCTION,ARHGEF6,9606.ENSP00000250617,0.005649717514124294,False
HALLMARK_APICAL_JUNCTION,YWHAH,9606.ENSP00000248975,0.0,False
HALLMARK_APICAL_JUNCTION,MDK,9606.ENSP00000385451,0.0,False
HALLMARK_APICAL_JUNCTION,FYB1,9606.ENSP00000493623,0.005649717514124294,False
HALLMARK_APICAL_JUNCTION,LIMA1,9606.ENSP00000378400,0.005649717514124294,False
HALLMARK_APICAL_JUNCTION,MAPK13,9606.ENSP00000211287,0.0,False
HALLMARK_APICAL_JUNCTION,PCDH1,9606.ENSP00000287008,0.0,False
HALLMARK_APICAL_JUNCTION,MAPK14,9606.ENSP00000229795,0.0,False
HALLMARK_APICAL_JUNCTION,MSN,9606.ENSP00000353408,0.005649717514124294,False
HALLMARK_APICAL_JUNCTION,NFASC,9606.ENSP00000344786,0.0,False
HALLMARK_APICAL_JUNCTION,ACTG2,9606.ENSP00000386857,0.0,False
HALLMARK_APICAL_JUNCTION,CLDN14,9606.ENSP00000382090,0.005649717514124294,False
HALLMARK_APICAL_JUNCTION,CLDN7,9606.ENSP00000353475,0.0,False
HALLMARK_APICAL_JUNCTION,BAIAP2,9606.ENSP00000316338,0.0,False
HALLMARK_APICAL_JUNCTION,ACTB,9606.ENSP00000494750,0.01694915254237288,False
HALLMARK_APICAL_JUNCTION,PBX2,9606.ENSP00000364190,0.0,False
HALLMARK_APICAL_JUNCTION,PIK3R3,9606.ENSP00000262741,0.005649717514124294,False
HALLMARK_APICAL_JUNCTION,LDLRAP1,9606.ENSP00000363458,0.0,False
HALLMARK_APICAL_JUNCTION,ICAM1,9606.ENSP00000264832,0.005649717514124294,False
HALLMARK_APICAL_JUNCTION,CDH3,9606.ENSP00000264012,0.011299435028248588,False
HALLMARK_APICAL_JUNCTION,CLDN9,9606.ENSP00000398017,0.022598870056497175,False
HALLMARK_APICAL_JUNCTION,TSPAN4,9606.ENSP00000380553,0.0,False
HALLMARK_APICAL_JUNCTION,ADRA1B,9606.ENSP00000306662,0.0,False
HALLMARK_APICAL_JUNCTION,CD99,9606.ENSP00000370588,0.0,False
HALLMARK_APICAL_JUNCTION,SHROOM2,9606.ENSP00000370299,0.0,False
HALLMARK_APICAL_JUNCTION,VWF,9606.ENSP00000261405,0.011299435028248588,False
HALLMARK_APICAL_JUNCTION,ADAMTS5,9606.ENSP00000284987,0.0,False
HALLMARK_APICAL_JUNCTION,RAC2,9606.ENSP00000249071,0.011299435028248588,False
HALLMARK_APICAL_JUNCTION,NECTIN2,9606.ENSP00000252483,0.005649717514124294,False
HALLMARK_APICAL_JUNCTION,MAP3K20,9606.ENSP00000364361,0.0,False
HALLMARK_APICAL_JUNCTION,HADH,9606.ENSP00000474560,0.0,False
HALLMARK_APICAL_JUNCTION,AMH,9606.ENSP00000221496,0.0,False
HALLMARK_APICAL_JUNCTION,TRAF1,9606.ENSP00000362994,0.0,False
HALLMARK_APICAL_JUNCTION,FSCN1,9606.ENSP00000371798,0.0,False
HALLMARK_APICAL_JUNCTION,KCNH2,9606.ENSP00000262186,0.0,False
HALLMARK_APICAL_JUNCTION,ZYX,9606.ENSP00000324422,0.0,False
HALLMARK_APICAL_JUNCTION,ALOX15B,9606.ENSP00000369530,0.0,False
HALLMARK_APICAL_JUNCTION,KRT31,9606.ENSP00000251645,0.0,False
HALLMARK_APICAL_JUNCTION,GNAI1,9606.ENSP00000497260,0.005649717514124294,False
HALLMARK_APICAL_JUNCTION,THY1,9606.ENSP00000284240,0.005649717514124294,False
HALLMARK_APICAL_SURFACE,AFAP1L2,9606.ENSP00000303042,1.0,True
HALLMARK_APICAL_SURFACE,AKAP7,9606.ENSP00000405252,1.0,True
HALLMARK_APICAL_SURFACE,APP,9606.ENSP00000284981,1.0,True
HALLMARK_APICAL_SURFACE,HSPB1,9606.ENSP00000248553,1.0,True
HALLMARK_APICAL_SURFACE,LYPD3,9606.ENSP00000244333,1.0,True
HALLMARK_APICAL_SURFACE,MAL,9606.ENSP00000310880,1.0,True
HALLMARK_APICAL_SURFACE,SCUBE1,9606.ENSP00000354080,1.0,True
HALLMARK_APICAL_SURFACE,ATP6V0A4,9606.ENSP00000308122,1.0,True
HALLMARK_APICAL_SURFACE,BRCA1,9606.ENSP00000418960,1.0,True
HALLMARK_APICAL_SURFACE,GATA3,9606.ENSP00000368632,1.0,True
HALLMARK_APICAL_SURFACE,GSTM3,9606.ENSP00000354357,1.0,True
HALLMARK_APICAL_SURFACE,MDGA1,9606.ENSP00000402584,1.0,True
HALLMARK_APICAL_SURFACE,FLOT2,9606.ENSP00000378368,1.0,True
HALLMARK_APICAL_SURFACE,EPHB4,9606.ENSP00000350896,1.0,True
HALLMARK_APICAL_SURFACE,CROCC,9606.ENSP00000364691,1.0,True
HALLMARK_APICAL_SURFACE,SULF2,9606.ENSP00000353007,1.0,True
HALLMARK_APICAL_SURFACE,IL2RB,9606.ENSP00000216223,1.0,True
HALLMARK_APICAL_SURFACE,GHRL,9606.ENSP00000335074,1.0,True
HALLMARK_APICAL_SURFACE,RHCG,9606.ENSP00000268122,1.0,True
HALLMARK_APICAL_SURFACE,SLC2A4,9606.ENSP00000320935,1.0,True
HALLMARK_APICAL_SURFACE,ADIPOR2,9606.ENSP00000349616,1.0,True
HALLMARK_APICAL_SURFACE,CRYBG1,9606.ENSP00000358062,1.0,True
HALLMARK_APICAL_SURFACE,TMEM8B,9606.ENSP00000367230,1.0,True
HALLMARK_APICAL_SURFACE,PLAUR,9606.ENSP00000339328,1.0,True
HALLMARK_APICAL_SURFACE,CX3CL1,9606.ENSP00000006053,1.0,True
HALLMARK_APICAL_SURFACE,EFNA5,9606.ENSP00000328777,1.0,True
HALLMARK_APICAL_SURFACE,SHROOM2,9606.ENSP00000370299,1.0,True
HALLMARK_APICAL_SURFACE,IL2RG,9606.ENSP00000363318,1.0,True
HALLMARK_APICAL_SURFACE,LYN,9606.ENSP00000428924,1.0,True
HALLMARK_APICAL_SURFACE,ATP8B1,9606.ENSP00000497896,1.0,True
HALLMARK_APICAL_SURFACE,SRPX,9606.ENSP00000367794,1.0,True
HALLMARK_APICAL_SURFACE,DCBLD2,9606.ENSP00000321573,1.0,True
HALLMARK_APICAL_SURFACE,ADAM10,9606.ENSP00000260408,1.0,True
HALLMARK_APICAL_SURFACE,RTN4RL1,9606.ENSP00000330631,1.0,True
HALLMARK_APICAL_SURFACE,B4GALT1,9606.ENSP00000369055,1.0,True
HALLMARK_APICAL_SURFACE,THY1,9606.ENSP00000284240,1.0,True
HALLMARK_APICAL_SURFACE,GAS1,9606.ENSP00000298743,1.0,True
HALLMARK_APICAL_SURFACE,NCOA6,9606.ENSP00000363929,1.0,True
HALLMARK_APOPTOSIS,APP,9606.ENSP00000284981,0.006535947712418301,False
HALLMARK_APOPTOSIS,EBP,9606.ENSP00000417052,0.0,False
HALLMARK_APOPTOSIS,SC5D,9606.ENSP00000264027,0.0,False
HALLMARK_APOPTOSIS,DAP,9606.ENSP00000394163,0.0,False
HALLMARK_APOPTOSIS,DNAJC3,9606.ENSP00000473631,0.0,False
HALLMARK_APOPTOSIS,GCH1,9606.ENSP00000477796,0.0,False
HALLMARK_APOPTOSIS,EGR3,9606.ENSP00000318057,0.0,False
HALLMARK_APOPTOSIS,MADD,9606.ENSP00000310933,0.0,False
HALLMARK_APOPTOSIS,DAP3,9606.ENSP00000357320,0.0,False
HALLMARK_APOPTOSIS,DCN,9606.ENSP00000052754,0.013071895424836602,False
HALLMARK_APOPTOSIS,BRCA1,9606.ENSP00000418960,0.006535947712418301,False
HALLMARK_APOPTOSIS,CD2,9606.ENSP00000358490,0.0,False
HALLMARK_APOPTOSIS,IFNGR1,9606.ENSP00000356713,0.0,False
HALLMARK_APOPTOSIS,PAK1,9606.ENSP00000278568,0.0,False
HALLMARK_APOPTOSIS,F2R,9606.ENSP00000321326,0.0,False
HALLMARK_APOPTOSIS,NEDD9,9606.ENSP00000368759,0.0,False
HALLMARK_APOPTOSIS,GADD45B,9606.ENSP00000215631,0.0,False
HALLMARK_APOPTOSIS,RNASEL,9606.ENSP00000356530,0.0,False
HALLMARK_APOPTOSIS,BNIP3L,9606.ENSP00000370003,0.013071895424836602,False
HALLMARK_APOPTOSIS,VDAC2,9606.ENSP00000361635,0.006535947712418301,False
HALLMARK_APOPTOSIS,GNA15,9606.ENSP00000262958,0.006535947712418301,False
HALLMARK_APOPTOSIS,CDKN1B,9606.ENSP00000228872,0.006535947712418301,False
HALLMARK_APOPTOSIS,IL6,9606.ENSP00000385675,0.0196078431372549,False
HALLMARK_APOPTOSIS,TGFBR3,9606.ENSP00000212355,0.0,False
HALLMARK_APOPTOSIS,MGMT,9606.ENSP00000302111,0.0,False
HALLMARK_APOPTOSIS,CD69,9606.ENSP00000228434,0.006535947712418301,False
HALLMARK_APOPTOSIS,PEA15,9606.ENSP00000357055,0.006535947712418301,False
HALLMARK_APOPTOSIS,PLAT,9606.ENSP00000220809,0.0,False
HALLMARK_APOPTOSIS,TIMP3,9606.ENSP00000266085,0.0,False
HALLMARK_APOPTOSIS,ETF1,9606.ENSP00000353741,0.0,False
HALLMARK_APOPTOSIS,BCL2L1,9606.ENSP00000365230,0.013071895424836602,False
HALLMARK_APOPTOSIS,LGALS3,9606.ENSP00000254301,0.0,False
HALLMARK_APOPTOSIS,FEZ1,9606.ENSP00000497070,0.0,False
HALLMARK_APOPTOSIS,DPYD,9606.ENSP00000359211,0.0,False
HALLMARK_APOPTOSIS,TSPO,9606.ENSP00000379563,0.0,False
HALLMARK_APOPTOSIS,LUM,9606.ENSP00000266718,0.0,False
HALLMARK_APOPTOSIS,HMGB2,9606.ENSP00000296503,0.0,False
HALLMARK_APOPTOSIS,ERBB3,9606.ENSP00000267101,0.006535947712418301,False
HALLMARK_APOPTOSIS,ERBB2,9606.ENSP00000269571,0.013071895424836602,False
HALLMARK_APOPTOSIS,IGFBP6,9606.ENSP00000301464,0.0,False
HALLMARK_APOPTOSIS,ATF3,9606.ENSP00000344352,0.0,False
HALLMARK_APOPTOSIS,CAV1,9606.ENSP00000339191,0.0,False
HALLMARK_APOPTOSIS,WEE1,9606.ENSP00000402084,0.0,False
HALLMARK_APOPTOSIS,LEF1,9606.ENSP00000265165,0.013071895424836602,False
HALLMARK_APOPTOSIS,ANKH,9606.ENSP00000284268,0.0,False
HALLMARK_APOPTOSIS,SAT1,9606.ENSP00000368572,0.0,False
HALLMARK_APOPTOSIS,CASP3,9606.ENSP00000311032,0.0196078431372549,False
HALLMARK_APOPTOSIS,TXNIP,9606.ENSP00000462521,0.0,False
HALLMARK_APOPTOSIS,CREBBP,9606.ENSP00000262367,0.013071895424836602,False
HALLMARK_APOPTOSIS,CDK2,9606.ENSP00000266970,0.0,False
HALLMARK_APOPTOSIS,IER3,9606.ENSP00000259874,0.0,False
HALLMARK_APOPTOSIS,TNFRSF12A,9606.ENSP00000326737,0.0,False
HALLMARK_APOPTOSIS,XIAP,9606.ENSP00000360242,0.026143790849673203,False
HALLMARK_APOPTOSIS,SPTAN1,9606.ENSP00000487444,0.0,False
HALLMARK_APOPTOSIS,CCNA1,9606.ENSP00000255465,0.0,False
HALLMARK_APOPTOSIS,PRF1,9606.ENSP00000398568,0.006535947712418301,False
HALLMARK_APOPTOSIS,PMAIP1,9606.ENSP00000326119,0.013071895424836602,False
HALLMARK_APOPTOSIS,IL18,9606.ENSP00000280357,0.0,False
HALLMARK_APOPTOSIS,BGN,9606.ENSP00000327336,0.0,False
HALLMARK_APOPTOSIS,KRT18,9606.ENSP00000373489,0.0,False
HALLMARK_APOPTOSIS,PDGFRB,9606.ENSP00000261799,0.0,False
HALLMARK_APOPTOSIS,GPX3,9606.ENSP00000373477,0.0,False
HALLMARK_APOPTOSIS,PDCD4,9606.ENSP00000280154,0.0,False
HALLMARK_APOPTOSIS,CD14,9606.ENSP00000385519,0.0,False
HALLMARK_APOPTOSIS,ENO2,9606.ENSP00000437402,0.0,False
HALLMARK_APOPTOSIS,RETSAT,9606.ENSP00000295802,0.0,False
HALLMARK_APOPTOSIS,MCL1,9606.ENSP00000358022,0.013071895424836602,False
HALLMARK_APOPTOSIS,BCL2L2,9606.ENSP00000250405,0.0,False
HALLMARK_APOPTOSIS,DFFA,9606.ENSP00000366237,0.0,False
HALLMARK_APOPTOSIS,PPP2R5B,9606.ENSP00000164133,0.0,False
HALLMARK_APOPTOSIS,BCL10,9606.ENSP00000498104,0.0,False
HALLMARK_APOPTOSIS,FDXR,9606.ENSP00000416515,0.0,False
HALLMARK_APOPTOSIS,SMAD7,9606.ENSP00000262158,0.006535947712418301,False
HALLMARK_APOPTOSIS,DNAJA1,9606.ENSP00000369127,0.0,False
HALLMARK_APOPTOSIS,HGF,9606.ENSP00000222390,0.0196078431372549,False
HALLMARK_APOPTOSIS,BTG2,9606.ENSP00000290551,0.0,False
HALLMARK_APOPTOSIS,CTH,9606.ENSP00000359976,0.0,False
HALLMARK_APOPTOSIS,GPX4,9606.ENSP00000346103,0.0,False
HALLMARK_APOPTOSIS,ROCK1,9606.ENSP00000382697,0.006535947712418301,False
HALLMARK_APOPTOSIS,TNFSF10,9606.ENSP00000241261,0.0,False
HALLMARK_APOPTOSIS,DDIT3,9606.ENSP00000448665,0.0,False
HALLMARK_APOPTOSIS,MMP2,9606.ENSP00000219070,0.026143790849673203,False
HALLMARK_APOPTOSIS,CASP6,9606.ENSP00000265164,0.0,False
HALLMARK_APOPTOSIS,PTK2,9606.ENSP00000341189,0.0,False
HALLMARK_APOPTOSIS,CD38,9606.ENSP00000226279,0.006535947712418301,False
HALLMARK_APOPTOSIS,SQSTM1,9606.ENSP00000374455,0.006535947712418301,False
HALLMARK_APOPTOSIS,PPT1,9606.ENSP00000493153,0.0,False
HALLMARK_APOPTOSIS,CASP1,9606.ENSP00000433138,0.0,False
HALLMARK_APOPTOSIS,JUN,9606.ENSP00000360266,0.013071895424836602,False
HALLMARK_APOPTOSIS,BIRC3,9606.ENSP00000263464,0.0,False
HALLMARK_APOPTOSIS,CASP2,9606.ENSP00000312664,0.013071895424836602,False
HALLMARK_APOPTOSIS,GUCY2D,9606.ENSP00000254854,0.0,False
HALLMARK_APOPTOSIS,RARA,9606.ENSP00000254066,0.006535947712418301,False
HALLMARK_APOPTOSIS,BCL2L11,9606.ENSP00000376943,0.006535947712418301,False
HALLMARK_APOPTOSIS,CD44,9606.ENSP00000398632,0.013071895424836602,False
HALLMARK_APOPTOSIS,GSTM1,9606.ENSP00000311469,0.0,False
HALLMARK_APOPTOSIS,CASP9,9606.ENSP00000330237,0.006535947712418301,False
HALLMARK_APOPTOSIS,CLU,9606.ENSP00000315130,0.0,False
HALLMARK_APOPTOSIS,BCAP31,9606.ENSP00000392330,0.0,False
HALLMARK_APOPTOSIS,SATB1,9606.ENSP00000399518,0.0,False
HALLMARK_APOPTOSIS,CCND1,9606.ENSP00000227507,0.0196078431372549,False
HALLMARK_APOPTOSIS,TAP1,9606.ENSP00000346206,0.0,False
HALLMARK_APOPTOSIS,BID,9606.ENSP00000318822,0.013071895424836602,False
HALLMARK_APOPTOSIS,HMOX1,9606.ENSP00000216117,0.006535947712418301,False
HALLMARK_APOPTOSIS,BMF,9606.ENSP00000346697,0.006535947712418301,False
HALLMARK_APOPTOSIS,ADD1,9606.ENSP00000264758,0.0,False
HALLMARK_APOPTOSIS,AVPR1A,9606.ENSP00000299178,0.0,False
HALLMARK_APOPTOSIS,TGFB2,9606.ENSP00000355896,0.0,False
HALLMARK_APOPTOSIS,CASP7,9606.ENSP00000358327,0.013071895424836602,False
HALLMARK_APOPTOSIS,PLCB2,9606.ENSP00000260402,0.006535947712418301,False
HALLMARK_APOPTOSIS,H1-0,9606.ENSP00000344504,0.0,False
HALLMARK_APOPTOSIS,GSN,9606.ENSP00000362924,0.0,False
HALLMARK_APOPTOSIS,BTG3,9606.ENSP00000344609,0.0,False
HALLMARK_APOPTOSIS,PPP3R1,9606.ENSP00000234310,0.0,False
HALLMARK_APOPTOSIS,CYLD,9606.ENSP00000392025,0.006535947712418301,False
HALLMARK_APOPTOSIS,BMP2,9606.ENSP00000368104,0.0,False
HALLMARK_APOPTOSIS,CDKN1A,9606.ENSP00000384849,0.013071895424836602,False
HALLMARK_APOPTOSIS,NEFH,9606.ENSP00000311997,0.0,False
HALLMARK_APOPTOSIS,HSPB1,9606.ENSP00000248553,0.0,False
HALLMARK_APOPTOSIS,PLPPR4,9606.ENSP00000359204,0.0,False
HALLMARK_APOPTOSIS,TNF,9606.ENSP00000398698,0.032679738562091505,False
HALLMARK_APOPTOSIS,TIMP2,9606.ENSP00000262768,0.0,False
HALLMARK_APOPTOSIS,CTNNB1,9606.ENSP00000495360,0.0,False
HALLMARK_APOPTOSIS,BIK,9606.ENSP00000216115,0.0,False
HALLMARK_APOPTOSIS,GSR,9606.ENSP00000221130,0.006535947712418301,False
HALLMARK_APOPTOSIS,IL1B,9606.ENSP00000263341,0.0,False
HALLMARK_APOPTOSIS,GADD45A,9606.ENSP00000360025,0.0,False
HALLMARK_APOPTOSIS,IRF1,9606.ENSP00000245414,0.0,False
HALLMARK_APOPTOSIS,ANXA1,9606.ENSP00000366109,0.0,False
HALLMARK_APOPTOSIS,CASP8,9606.ENSP00000351273,0.0392156862745098,False
HALLMARK_APOPTOSIS,CDC25B,9606.ENSP00000245960,0.006535947712418301,False
HALLMARK_APOPTOSIS,LMNA,9606.ENSP00000357283,0.0,False
HALLMARK_APOPTOSIS,RHOT2,9606.ENSP00000321971,0.0,False
HALLMARK_APOPTOSIS,IFITM3,9606.ENSP00000382707,0.0,False
HALLMARK_APOPTOSIS,SOD1,9606.ENSP00000270142,0.006535947712418301,False
HALLMARK_APOPTOSIS,AIFM3,9606.ENSP00000382120,0.0,False
HALLMARK_APOPTOSIS,IGF2R,9606.ENSP00000349437,0.0,False
HALLMARK_APOPTOSIS,CFLAR,9606.ENSP00000312455,0.006535947712418301,False
HALLMARK_APOPTOSIS,BCL2L10,9606.ENSP00000453562,0.0,False
HALLMARK_APOPTOSIS,FAS,9606.ENSP00000498466,0.0,False
HALLMARK_APOPTOSIS,TIMP1,9606.ENSP00000218388,0.013071895424836602,False
HALLMARK_APOPTOSIS,CCND2,9606.ENSP00000261254,0.0,False
HALLMARK_APOPTOSIS,CASP4,9606.ENSP00000388566,0.0,False
HALLMARK_APOPTOSIS,RHOB,9606.ENSP00000272233,0.006535947712418301,False
HALLMARK_APOPTOSIS,FASLG,9606.ENSP00000356694,0.0196078431372549,False
HALLMARK_APOPTOSIS,TOP2A,9606.ENSP00000411532,0.006535947712418301,False
HALLMARK_APOPTOSIS,BAX,9606.ENSP00000293288,0.0,False
HALLMARK_APOPTOSIS,EMP1,9606.ENSP00000256951,0.0,False
HALLMARK_APOPTOSIS,DNM1L,9606.ENSP00000449089,0.006535947712418301,False
HALLMARK_APOPTOSIS,RELA,9606.ENSP00000384273,0.026143790849673203,False
HALLMARK_APOPTOSIS,PSEN1,9606.ENSP00000326366,0.0,False
HALLMARK_APOPTOSIS,ISG20,9606.ENSP00000306565,0.0,False
HALLMARK_APOPTOSIS,SLC20A1,9606.ENSP00000272542,0.0,False
HALLMARK_APOPTOSIS,SOD2,9606.ENSP00000446252,0.006535947712418301,False
HALLMARK_BILE_ACID_METABOLISM,SLC29A1,9606.ENSP00000498610,0.0,False
HALLMARK_BILE_ACID_METABOLISM,SLC27A2,9606.ENSP00000267842,0.0,False
HALLMARK_BILE_ACID_METABOLISM,IDH2,9606.ENSP00000331897,0.0,False
HALLMARK_BILE_ACID_METABOLISM,EPHX2,9606.ENSP00000430269,0.0,False
HALLMARK_BILE_ACID_METABOLISM,HSD17B11,9606.ENSP00000351035,0.0,False
HALLMARK_BILE_ACID_METABOLISM,HSD17B6,9606.ENSP00000451406,0.0,False
HALLMARK_BILE_ACID_METABOLISM,PXMP2,9606.ENSP00000321271,0.0,False
HALLMARK_BILE_ACID_METABOLISM,ACSL5,9606.ENSP00000348429,0.0,False
HALLMARK_BILE_ACID_METABOLISM,PEX19,9606.ENSP00000357051,0.02247191011235955,False
HALLMARK_BILE_ACID_METABOLISM,PIPOX,9606.ENSP00000317721,0.0,False
HALLMARK_BILE_ACID_METABOLISM,ABCA2,9606.ENSP00000344155,0.0,False
HALLMARK_BILE_ACID_METABOLISM,PECR,9606.ENSP00000265322,0.0,False
HALLMARK_BILE_ACID_METABOLISM,PEX12,9606.ENSP00000482609,0.0,False
HALLMARK_BILE_ACID_METABOLISM,CH25H,9606.ENSP00000360918,0.011235955056179775,False
HALLMARK_BILE_ACID_METABOLISM,ALDH9A1,9606.ENSP00000346827,0.0,False
HALLMARK_BILE_ACID_METABOLISM,PNPLA8,9606.ENSP00000257694,0.0,False
HALLMARK_BILE_ACID_METABOLISM,HSD17B4,9606.ENSP00000411960,0.011235955056179775,False
HALLMARK_BILE_ACID_METABOLISM,HSD3B7,9606.ENSP00000297679,0.011235955056179775,False
HALLMARK_BILE_ACID_METABOLISM,IDI1,9606.ENSP00000370748,0.0,False
HALLMARK_BILE_ACID_METABOLISM,DHCR24,9606.ENSP00000360316,0.011235955056179775,False
HALLMARK_BILE_ACID_METABOLISM,ABCD2,9606.ENSP00000310688,0.0,False
HALLMARK_BILE_ACID_METABOLISM,MLYCD,9606.ENSP00000262430,0.0,False
HALLMARK_BILE_ACID_METABOLISM,NEDD4,9606.ENSP00000424827,0.0,False
HALLMARK_BILE_ACID_METABOLISM,BMP6,9606.ENSP00000283147,0.0,False
HALLMARK_BILE_ACID_METABOLISM,SLC35B2,9606.ENSP00000377401,0.0,False
HALLMARK_BILE_ACID_METABOLISM,SLC23A2,9606.ENSP00000368637,0.0,False
HALLMARK_BILE_ACID_METABOLISM,OPTN,9606.ENSP00000368022,0.0,False
HALLMARK_BILE_ACID_METABOLISM,PEX11G,9606.ENSP00000221480,0.011235955056179775,False
HALLMARK_BILE_ACID_METABOLISM,LCK,9606.ENSP00000477713,0.0,False
HALLMARK_BILE_ACID_METABOLISM,ABCD3,9606.ENSP00000359233,0.02247191011235955,False
HALLMARK_BILE_ACID_METABOLISM,PEX13,9606.ENSP00000295030,0.0,False
HALLMARK_BILE_ACID_METABOLISM,ABCA9,9606.ENSP00000342216,0.0,False
HALLMARK_BILE_ACID_METABOLISM,EFHC1,9606.ENSP00000360107,0.0,False
HALLMARK_BILE_ACID_METABOLISM,ATXN1,9606.ENSP00000244769,0.0,False
HALLMARK_BILE_ACID_METABOLISM,ABCA1,9606.ENSP00000363868,0.0,False
HALLMARK_BILE_ACID_METABOLISM,CYP27A1,9606.ENSP00000258415,0.011235955056179775,False
HALLMARK_BILE_ACID_METABOLISM,PEX1,9606.ENSP00000248633,0.0,False
HALLMARK_BILE_ACID_METABOLISM,GNPAT,9606.ENSP00000355607,0.02247191011235955,False
HALLMARK_BILE_ACID_METABOLISM,GCLM,9606.ENSP00000359258,0.0,False
HALLMARK_BILE_ACID_METABOLISM,RBP1,9606.ENSP00000232219,0.0,False
HALLMARK_BILE_ACID_METABOLISM,SULT2B1,9606.ENSP00000201586,0.0,False
HALLMARK_BILE_ACID_METABOLISM,RETSAT,9606.ENSP00000295802,0.0,False
HALLMARK_BILE_ACID_METABOLISM,SERPINA6,9606.ENSP00000342850,0.0,False
HALLMARK_BILE_ACID_METABOLISM,ALDH8A1,9606.ENSP00000265605,0.0,False
HALLMARK_BILE_ACID_METABOLISM,SLC23A1,9606.ENSP00000302851,0.0,False
HALLMARK_BILE_ACID_METABOLISM,ABCA5,9606.ENSP00000376443,0.0,False
HALLMARK_BILE_ACID_METABOLISM,FDXR,9606.ENSP00000416515,0.0,False
HALLMARK_BILE_ACID_METABOLISM,CAT,9606.ENSP00000241052,0.0,False
HALLMARK_BILE_ACID_METABOLISM,ACSL1,9606.ENSP00000422607,0.0,False
HALLMARK_BILE_ACID_METABOLISM,PEX16,9606.ENSP00000241041,0.02247191011235955,False
HALLMARK_BILE_ACID_METABOLISM,PEX6,9606.ENSP00000303511,0.02247191011235955,False
HALLMARK_BILE_ACID_METABOLISM,TFCP2L1,9606.ENSP00000263707,0.0,False
HALLMARK_BILE_ACID_METABOLISM,ABCA6,9606.ENSP00000284425,0.0,False
HALLMARK_BILE_ACID_METABOLISM,DIO1,9606.ENSP00000354643,0.0,False
HALLMARK_BILE_ACID_METABOLISM,SCP2,9606.ENSP00000360569,0.02247191011235955,False
HALLMARK_BILE_ACID_METABOLISM,FADS2,9606.ENSP00000278840,0.0,False
HALLMARK_BILE_ACID_METABOLISM,LONP2,9606.ENSP00000285737,0.0,False
HALLMARK_BILE_ACID_METABOLISM,ABCA8,9606.ENSP00000467271,0.0,False
HALLMARK_BILE_ACID_METABOLISM,AR,9606.ENSP00000363822,0.0,False
HALLMARK_BILE_ACID_METABOLISM,PFKM,9606.ENSP00000496597,0.0,False
HALLMARK_BILE_ACID_METABOLISM,ABCA3,9606.ENSP00000301732,0.0,False
HALLMARK_BILE_ACID_METABOLISM,PEX11A,9606.ENSP00000300056,0.02247191011235955,False
HALLMARK_BILE_ACID_METABOLISM,DIO2,9606.ENSP00000451419,0.0,False
HALLMARK_BILE_ACID_METABOLISM,NR3C2,9606.ENSP00000350815,0.0,False
HALLMARK_BILE_ACID_METABOLISM,NUDT12,9606.ENSP00000230792,0.0,False
HALLMARK_BILE_ACID_METABOLISM,ALDH1A1,9606.ENSP00000297785,0.0,False
HALLMARK_BILE_ACID_METABOLISM,RXRA,9606.ENSP00000419692,0.0,False
HALLMARK_BILE_ACID_METABOLISM,IDH1,9606.ENSP00000390265,0.0,False
HALLMARK_BILE_ACID_METABOLISM,AQP9,9606.ENSP00000219919,0.0,False
HALLMARK_BILE_ACID_METABOLISM,ABCA4,9606.ENSP00000359245,0.0,False
HALLMARK_BILE_ACID_METABOLISM,FADS1,9606.ENSP00000322229,0.0,False
HALLMARK_BILE_ACID_METABOLISM,PHYH,9606.ENSP00000263038,0.0,False
HALLMARK_BILE_ACID_METABOLISM,NPC1,9606.ENSP00000269228,0.0,False
HALLMARK_BILE_ACID_METABOLISM,BCAR3,9606.ENSP00000260502,0.0,False
HALLMARK_BILE_ACID_METABOLISM,ISOC1,9606.ENSP00000173527,0.0,False
HALLMARK_BILE_ACID_METABOLISM,PRDX5,9606.ENSP00000265462,0.011235955056179775,False
HALLMARK_BILE_ACID_METABOLISM,GSTK1,9606.ENSP00000431049,0.0,False
HALLMARK_BILE_ACID_METABOLISM,SOD1,9606.ENSP00000270142,0.011235955056179775,False
HALLMARK_BILE_ACID_METABOLISM,CROT,9606.ENSP00000413575,0.011235955056179775,False
HALLMARK_BILE_ACID_METABOLISM,GNMT,9606.ENSP00000361894,0.0,False
HALLMARK_BILE_ACID_METABOLISM,ABCD1,9606.ENSP00000218104,0.011235955056179775,False
HALLMARK_BILE_ACID_METABOLISM,CYP39A1,9606.ENSP00000275016,0.011235955056179775,False
HALLMARK_BILE_ACID_METABOLISM,HACL1,9606.ENSP00000323811,0.0,False
HALLMARK_BILE_ACID_METABOLISM,PEX26,9606.ENSP00000331106,0.0,False
HALLMARK_BILE_ACID_METABOLISM,CYP7B1,9606.ENSP00000310721,0.0,False
HALLMARK_BILE_ACID_METABOLISM,BBOX1,9606.ENSP00000263182,0.0,False
HALLMARK_BILE_ACID_METABOLISM,SLC27A5,9606.ENSP00000263093,0.011235955056179775,False
HALLMARK_BILE_ACID_METABOLISM,LIPE,9606.ENSP00000244289,0.0,False
HALLMARK_BILE_ACID_METABOLISM,AMACR,9606.ENSP00000371517,0.0,False
HALLMARK_BILE_ACID_METABOLISM,PEX7,9606.ENSP00000315680,0.02247191011235955,False
HALLMARK_CHOLESTEROL_HOMEOSTASIS,EBP,9606.ENSP00000417052,0.0,False
HALLMARK_CHOLESTEROL_HOMEOSTASIS,ALCAM,9606.ENSP00000305988,0.0,False
HALLMARK_CHOLESTEROL_HOMEOSTASIS,SC5D,9606.ENSP00000264027,0.014285714285714285,False
HALLMARK_CHOLESTEROL_HOMEOSTASIS,GPX8,9606.ENSP00000423822,0.0,False
HALLMARK_CHOLESTEROL_HOMEOSTASIS,SREBF2,9606.ENSP00000354476,0.02857142857142857,False
HALLMARK_CHOLESTEROL_HOMEOSTASIS,CPEB2,9606.ENSP00000443985,0.0,False
HALLMARK_CHOLESTEROL_HOMEOSTASIS,FBXO6,9606.ENSP00000365944,0.0,False
HALLMARK_CHOLESTEROL_HOMEOSTASIS,LGMN,9606.ENSP00000376911,0.0,False
HALLMARK_CHOLESTEROL_HOMEOSTASIS,FADS2,9606.ENSP00000278840,0.0,False
HALLMARK_CHOLESTEROL_HOMEOSTASIS,PNRC1,9606.ENSP00000336931,0.0,False
HALLMARK_CHOLESTEROL_HOMEOSTASIS,ATXN2,9606.ENSP00000446576,0.0,False
HALLMARK_CHOLESTEROL_HOMEOSTASIS,CTNNB1,9606.ENSP00000495360,0.0,False
HALLMARK_CHOLESTEROL_HOMEOSTASIS,ACAT2,9606.ENSP00000356015,0.0,False
HALLMARK_CHOLESTEROL_HOMEOSTASIS,LPL,9606.ENSP00000497642,0.0,False
HALLMARK_CHOLESTEROL_HOMEOSTASIS,HMGCS1,9606.ENSP00000322706,0.02857142857142857,False
HALLMARK_CHOLESTEROL_HOMEOSTASIS,TNFRSF12A,9606.ENSP00000326737,0.0,False
HALLMARK_CHOLESTEROL_HOMEOSTASIS,ABCA2,9606.ENSP00000344155,0.0,False
HALLMARK_CHOLESTEROL_HOMEOSTASIS,MVD,9606.ENSP00000301012,0.014285714285714285,False
HALLMARK_CHOLESTEROL_HOMEOSTASIS,LDLR,9606.ENSP00000454071,0.0,False
HALLMARK_CHOLESTEROL_HOMEOSTASIS,CD9,9606.ENSP00000371958,0.0,False
HALLMARK_CHOLESTEROL_HOMEOSTASIS,NSDHL,9606.ENSP00000359297,0.0,False
HALLMARK_CHOLESTEROL_HOMEOSTASIS,SEMA3B,9606.ENSP00000480680,0.0,False
HALLMARK_CHOLESTEROL_HOMEOSTASIS,CLU,9606.ENSP00000315130,0.0,False
HALLMARK_CHOLESTEROL_HOMEOSTASIS,NFIL3,9606.ENSP00000297689,0.0,False
HALLMARK_CHOLESTEROL_HOMEOSTASIS,TRIB3,9606.ENSP00000415416,0.0,False
HALLMARK_CHOLESTEROL_HOMEOSTASIS,GSTM2,9606.ENSP00000241337,0.0,False
HALLMARK_CHOLESTEROL_HOMEOSTASIS,FDPS,9606.ENSP00000349078,0.014285714285714285,False
HALLMARK_CHOLESTEROL_HOMEOSTASIS,PDK3,9606.ENSP00000498864,0.0,False
HALLMARK_CHOLESTEROL_HOMEOSTASIS,HMGCR,9606.ENSP00000287936,0.014285714285714285,False
HALLMARK_CHOLESTEROL_HOMEOSTASIS,IDI1,9606.ENSP00000370748,0.0,False
HALLMARK_CHOLESTEROL_HOMEOSTASIS,HSD17B7,9606.ENSP00000254521,0.014285714285714285,False
HALLMARK_CHOLESTEROL_HOMEOSTASIS,STX5,9606.ENSP00000294179,0.0,False
HALLMARK_CHOLESTEROL_HOMEOSTASIS,GUSB,9606.ENSP00000302728,0.0,False
HALLMARK_CHOLESTEROL_HOMEOSTASIS,PMVK,9606.ENSP00000357452,0.014285714285714285,False
HALLMARK_CHOLESTEROL_HOMEOSTASIS,PLSCR1,9606.ENSP00000345494,0.0,False
HALLMARK_CHOLESTEROL_HOMEOSTASIS,CHKA,9606.ENSP00000265689,0.0,False
HALLMARK_CHOLESTEROL_HOMEOSTASIS,MVK,9606.ENSP00000228510,0.014285714285714285,False
HALLMARK_CHOLESTEROL_HOMEOSTASIS,PLAUR,9606.ENSP00000339328,0.0,False
HALLMARK_CHOLESTEROL_HOMEOSTASIS,S100A11,9606.ENSP00000271638,0.0,False
HALLMARK_CHOLESTEROL_HOMEOSTASIS,CXCL16,9606.ENSP00000293778,0.0,False
HALLMARK_CHOLESTEROL_HOMEOSTASIS,MAL2,9606.ENSP00000479708,0.0,False
HALLMARK_CHOLESTEROL_HOMEOSTASIS,TMEM97,9606.ENSP00000226230,0.0,False
HALLMARK_CHOLESTEROL_HOMEOSTASIS,FASN,9606.ENSP00000304592,0.014285714285714285,False
HALLMARK_CHOLESTEROL_HOMEOSTASIS,ALDOC,9606.ENSP00000378731,0.0,False
HALLMARK_CHOLESTEROL_HOMEOSTASIS,ACSS2,9606.ENSP00000253382,0.0,False
HALLMARK_CHOLESTEROL_HOMEOSTASIS,STARD4,9606.ENSP00000296632,0.0,False
HALLMARK_CHOLESTEROL_HOMEOSTASIS,AVPR1A,9606.ENSP00000299178,0.0,False
HALLMARK_CHOLESTEROL_HOMEOSTASIS,DHCR7,9606.ENSP00000347717,0.014285714285714285,False
HALLMARK_CHOLESTEROL_HOMEOSTASIS,FABP5,9606.ENSP00000297258,0.014285714285714285,False
HALLMARK_CHOLESTEROL_HOMEOSTASIS,JAG1,9606.ENSP00000254958,0.0,False
HALLMARK_CHOLESTEROL_HOMEOSTASIS,LGALS3,9606.ENSP00000254301,0.0,False
HALLMARK_CHOLESTEROL_HOMEOSTASIS,ANXA5,9606.ENSP00000296511,0.0,False
HALLMARK_CHOLESTEROL_HOMEOSTASIS,SCD,9606.ENSP00000359380,0.014285714285714285,False
HALLMARK_CHOLESTEROL_HOMEOSTASIS,ATF5,9606.ENSP00000396954,0.0,False
HALLMARK_CHOLESTEROL_HOMEOSTASIS,CYP51A1,9606.ENSP00000003100,0.014285714285714285,False
HALLMARK_CHOLESTEROL_HOMEOSTASIS,PCYT2,9606.ENSP00000442050,0.0,False
HALLMARK_CHOLESTEROL_HOMEOSTASIS,NIBAN1,9606.ENSP00000356481,0.0,False
HALLMARK_CHOLESTEROL_HOMEOSTASIS,ERRFI1,9606.ENSP00000366702,0.0,False
HALLMARK_CHOLESTEROL_HOMEOSTASIS,LSS,9606.ENSP00000380837,0.0,False
HALLMARK_CHOLESTEROL_HOMEOSTASIS,TP53INP1,9606.ENSP00000344215,0.0,False
HALLMARK_CHOLESTEROL_HOMEOSTASIS,ANTXR2,9606.ENSP00000306185,0.0,False
HALLMARK_CHOLESTEROL_HOMEOSTASIS,SQLE,9606.ENSP00000265896,0.02857142857142857,False
HALLMARK_CHOLESTEROL_HOMEOSTASIS,ECH1,9606.ENSP00000221418,0.0,False
HALLMARK_CHOLESTEROL_HOMEOSTASIS,PPARG,9606.ENSP00000287820,0.014285714285714285,False
HALLMARK_CHOLESTEROL_HOMEOSTASIS,ATF3,9606.ENSP00000344352,0.0,False
HALLMARK_CHOLESTEROL_HOMEOSTASIS,ETHE1,9606.ENSP00000292147,0.0,False
HALLMARK_CHOLESTEROL_HOMEOSTASIS,FDFT1,9606.ENSP00000491537,0.0,False
HALLMARK_CHOLESTEROL_HOMEOSTASIS,GNAI1,9606.ENSP00000497260,0.0,False
HALLMARK_CHOLESTEROL_HOMEOSTASIS,ACTG1,9606.ENSP00000458162,0.0,False
HALLMARK_CHOLESTEROL_HOMEOSTASIS,GLDC,9606.ENSP00000370737,0.0,False
HALLMARK_CHOLESTEROL_HOMEOSTASIS,TM7SF2,9606.ENSP00000279263,0.014285714285714285,False
HALLMARK_COAGULATION,CRIP2,9606.ENSP00000426119,0.0,False
HALLMARK_COAGULATION,LGMN,9606.ENSP00000376911,0.0,False
HALLMARK_COAGULATION,F3,9606.ENSP00000334145,0.009345794392523364,False
HALLMARK_COAGULATION,F8,9606.ENSP00000353393,0.0,False
HALLMARK_COAGULATION,MAFF,9606.ENSP00000442060,0.0,False
HALLMARK_COAGULATION,CD9,9606.ENSP00000371958,0.009345794392523364,False
HALLMARK_COAGULATION,MASP2,9606.ENSP00000383690,0.009345794392523364,False
HALLMARK_COAGULATION,THBS1,9606.ENSP00000260356,0.009345794392523364,False
HALLMARK_COAGULATION,P2RY1,9606.ENSP00000304767,0.0,False
HALLMARK_COAGULATION,PLAT,9606.ENSP00000220809,0.018691588785046728,False
HALLMARK_COAGULATION,C1QA,9606.ENSP00000363773,0.0,False
HALLMARK_COAGULATION,RABIF,9606.ENSP00000356231,0.0,False
HALLMARK_COAGULATION,TIMP3,9606.ENSP00000266085,0.0,False
HALLMARK_COAGULATION,ITGA2,9606.ENSP00000296585,0.0,False
HALLMARK_COAGULATION,TFPI2,9606.ENSP00000222543,0.0,False
HALLMARK_COAGULATION,FBN1,9606.ENSP00000325527,0.0,False
HALLMARK_COAGULATION,MMP9,9606.ENSP00000361405,0.009345794392523364,False
HALLMARK_COAGULATION,BMP1,9606.ENSP00000305714,0.0,False
HALLMARK_COAGULATION,ISCU,9606.ENSP00000310623,0.0,False
HALLMARK_COAGULATION,CFD,9606.ENSP00000468253,0.0,False
HALLMARK_COAGULATION,RAPGEF3,9606.ENSP00000395708,0.0,False
HALLMARK_COAGULATION,MMP14,9606.ENSP00000308208,0.0,False
HALLMARK_COAGULATION,HPN,9606.ENSP00000262626,0.0,False
HALLMARK_COAGULATION,SERPINE1,9606.ENSP00000223095,0.04672897196261682,False
HALLMARK_COAGULATION,C2,9606.ENSP00000299367,0.0,False
HALLMARK_COAGULATION,CFH,9606.ENSP00000356399,0.009345794392523364,False
HALLMARK_COAGULATION,MMP1,9606.ENSP00000322788,0.018691588785046728,False
HALLMARK_COAGULATION,SERPINA1,9606.ENSP00000416066,0.009345794392523364,False
HALLMARK_COAGULATION,MST1,9606.ENSP00000414287,0.0,False
HALLMARK_COAGULATION,RGN,9606.ENSP00000380365,0.0,False
HALLMARK_COAGULATION,CPQ,9606.ENSP00000220763,0.0,False
HALLMARK_COAGULATION,CFI,9606.ENSP00000378131,0.0,False
HALLMARK_COAGULATION,C3,9606.ENSP00000245907,0.0,False
HALLMARK_COAGULATION,OLR1,9606.ENSP00000309124,0.0,False
HALLMARK_COAGULATION,LRP1,9606.ENSP00000243077,0.018691588785046728,False
HALLMARK_COAGULATION,USP11,9606.ENSP00000218348,0.0,False
HALLMARK_COAGULATION,MSRB2,9606.ENSP00000365693,0.0,False
HALLMARK_COAGULATION,TF,9606.ENSP00000385834,0.0,False
HALLMARK_COAGULATION,SH2B2,9606.ENSP00000440273,0.0,False
HALLMARK_COAGULATION,C1S,9606.ENSP00000385035,0.009345794392523364,False
HALLMARK_COAGULATION,DUSP14,9606.ENSP00000477653,0.0,False
HALLMARK_COAGULATION,F2RL2,9606.ENSP00000296641,0.0,False
HALLMARK_COAGULATION,KLK8,9606.ENSP00000375682,0.0,False
HALLMARK_COAGULATION,ARF4,9606.ENSP00000306010,0.0,False
HALLMARK_COAGULATION,SIRT2,9606.ENSP00000249396,0.0,False
HALLMARK_COAGULATION,RAC1,9606.ENSP00000348461,0.0,False
HALLMARK_COAGULATION,MMP2,9606.ENSP00000219070,0.02803738317757009,False
HALLMARK_COAGULATION,A2M,9606.ENSP00000323929,0.02803738317757009,False
HALLMARK_COAGULATION,ACOX2,9606.ENSP00000307697,0.0,False
HALLMARK_COAGULATION,PEF1,9606.ENSP00000362807,0.0,False
HALLMARK_COAGULATION,CTSH,9606.ENSP00000220166,0.0,False
HALLMARK_COAGULATION,THBD,9606.ENSP00000366307,0.018691588785046728,False
HALLMARK_COAGULATION,CFB,9606.ENSP00000416561,0.009345794392523364,False
HALLMARK_COAGULATION,COMP,9606.ENSP00000222271,0.0,False
HALLMARK_COAGULATION,GNB2,9606.ENSP00000305260,0.0,False
HALLMARK_COAGULATION,TMPRSS6,9606.ENSP00000384964,0.0,False
HALLMARK_COAGULATION,CASP9,9606.ENSP00000330237,0.0,False
HALLMARK_COAGULATION,CLU,9606.ENSP00000315130,0.009345794392523364,False
HALLMARK_COAGULATION,KLF7,9606.ENSP00000309570,0.0,False
HALLMARK_COAGULATION,MMP15,9606.ENSP00000219271,0.0,False
HALLMARK_COAGULATION,ITGB3,9606.ENSP00000452786,0.0,False
HALLMARK_COAGULATION,ADAM9,9606.ENSP00000419446,0.0,False
HALLMARK_COAGULATION,S100A13,9606.ENSP00000392767,0.0,False
HALLMARK_COAGULATION,PRSS23,9606.ENSP00000280258,0.0,False
HALLMARK_COAGULATION,MMP7,9606.ENSP00000260227,0.0,False
HALLMARK_COAGULATION,PROC,9606.ENSP00000234071,0.009345794392523364,False
HALLMARK_COAGULATION,FURIN,9606.ENSP00000483552,0.0,False
HALLMARK_COAGULATION,LAMP2,9606.ENSP00000408411,0.0,False
HALLMARK_COAGULATION,LEFTY2,9606.ENSP00000355785,0.0,False
HALLMARK_COAGULATION,SPARC,9606.ENSP00000231061,0.009345794392523364,False
HALLMARK_COAGULATION,CAPN5,9606.ENSP00000498132,0.0,False
HALLMARK_COAGULATION,PROS1,9606.ENSP00000377783,0.0,False
HALLMARK_COAGULATION,WDR1,9606.ENSP00000427687,0.0,False
HALLMARK_COAGULATION,GP1BA,9606.ENSP00000329380,0.009345794392523364,False
HALLMARK_COAGULATION,HMGCS2,9606.ENSP00000358414,0.0,False
HALLMARK_COAGULATION,MMP10,9606.ENSP00000279441,0.0,False
HALLMARK_COAGULATION,GSN,9606.ENSP00000362924,0.0,False
HALLMARK_COAGULATION,MMP3,9606.ENSP00000299855,0.018691588785046728,False
HALLMARK_COAGULATION,CTSO,9606.ENSP00000414904,0.0,False
HALLMARK_COAGULATION,FN1,9606.ENSP00000346839,0.018691588785046728,False
HALLMARK_COAGULATION,ANG,9606.ENSP00000336762,0.0,False
HALLMARK_COAGULATION,MMP11,9606.ENSP00000215743,0.0,False
HALLMARK_COAGULATION,PDGFB,9606.ENSP00000330382,0.0,False
HALLMARK_COAGULATION,PLAU,9606.ENSP00000361850,0.018691588785046728,False
HALLMARK_COAGULATION,PECAM1,9606.ENSP00000457421,0.0,False
HALLMARK_COAGULATION,F10,9606.ENSP00000364709,0.009345794392523364,False
HALLMARK_COAGULATION,APOC1,9606.ENSP00000465356,0.0,False
HALLMARK_COAGULATION,F12,9606.ENSP00000253496,0.0,False
HALLMARK_COAGULATION,FYN,9606.ENSP00000346671,0.0,False
HALLMARK_COAGULATION,CAPN2,9606.ENSP00000295006,0.0,False
HALLMARK_COAGULATION,HTRA1,9606.ENSP00000357980,0.009345794392523364,False
HALLMARK_COAGULATION,ANXA1,9606.ENSP00000366109,0.009345794392523364,False
HALLMARK_COAGULATION,C8G,9606.ENSP00000360697,0.0,False
HALLMARK_COAGULATION,TIMP1,9606.ENSP00000218388,0.018691588785046728,False
HALLMARK_COAGULATION,CTSK,9606.ENSP00000271651,0.0,False
HALLMARK_COAGULATION,GNG12,9606.ENSP00000360021,0.0,False
HALLMARK_COAGULATION,SERPING1,9606.ENSP00000278407,0.0,False
HALLMARK_COAGULATION,VWF,9606.ENSP00000261405,0.009345794392523364,False
HALLMARK_COAGULATION,PREP,9606.ENSP00000499089,0.0,False
HALLMARK_COAGULATION,DPP4,9606.ENSP00000353731,0.0,False
HALLMARK_COAGULATION,CTSV,9606.ENSP00000259470,0.0,False
HALLMARK_COAGULATION,CTSB,9606.ENSP00000345672,0.0,False
HALLMARK_COAGULATION,DUSP6,9606.ENSP00000279488,0.0,False
HALLMARK_COAGULATION,LTA4H,9606.ENSP00000228740,0.0,False
HALLMARK_COAGULATION,PLEK,9606.ENSP00000234313,0.0,False
HALLMARK_COAGULATION,C1R,9606.ENSP00000444271,0.0,False
HALLMARK_COAGULATION,S100A1,9606.ENSP00000292169,0.0,False
HALLMARK_COAGULATION,CSRP1,9606.ENSP00000356275,0.0,False
HALLMARK_COMPLEMENT,CD55,9606.ENSP00000356030,0.0,False
HALLMARK_COMPLEMENT,PPP4C,9606.ENSP00000279387,0.0,False
HALLMARK_COMPLEMENT,CEBPB,9606.ENSP00000305422,0.0,False
HALLMARK_COMPLEMENT,CTSS,9606.ENSP00000357981,0.0,False
HALLMARK_COMPLEMENT,LAP3,9606.ENSP00000226299,0.0,False
HALLMARK_COMPLEMENT,LGMN,9606.ENSP00000376911,0.0,False
HALLMARK_COMPLEMENT,PIM1,9606.ENSP00000362608,0.0,False
HALLMARK_COMPLEMENT,SRC,9606.ENSP00000362680,0.011235955056179775,False
HALLMARK_COMPLEMENT,F3,9606.ENSP00000334145,0.011235955056179775,False
HALLMARK_COMPLEMENT,ATOX1,9606.ENSP00000430598,0.0,False
HALLMARK_COMPLEMENT,F8,9606.ENSP00000353393,0.0056179775280898875,False
HALLMARK_COMPLEMENT,MAFF,9606.ENSP00000442060,0.0,False
HALLMARK_COMPLEMENT,AKAP10,9606.ENSP00000225737,0.0,False
HALLMARK_COMPLEMENT,CTSD,9606.ENSP00000236671,0.011235955056179775,False
HALLMARK_COMPLEMENT,GZMA,9606.ENSP00000274306,0.0,False
HALLMARK_COMPLEMENT,IL6,9606.ENSP00000385675,0.011235955056179775,False
HALLMARK_COMPLEMENT,USP16,9606.ENSP00000334808,0.0,False
HALLMARK_COMPLEMENT,GZMB,9606.ENSP00000216341,0.0056179775280898875,False
HALLMARK_COMPLEMENT,PLSCR1,9606.ENSP00000345494,0.0,False
HALLMARK_COMPLEMENT,PLAT,9606.ENSP00000220809,0.011235955056179775,False
HALLMARK_COMPLEMENT,RCE1,9606.ENSP00000309163,0.0,False
HALLMARK_COMPLEMENT,CCL5,9606.ENSP00000474412,0.0056179775280898875,False
HALLMARK_COMPLEMENT,SIRT6,9606.ENSP00000337332,0.0,False
HALLMARK_COMPLEMENT,C1QA,9606.ENSP00000363773,0.0056179775280898875,False
HALLMARK_COMPLEMENT,PRDM4,9606.ENSP00000228437,0.0,False
HALLMARK_COMPLEMENT,COL4A2,9606.ENSP00000353654,0.0,False
HALLMARK_COMPLEMENT,CALM3,9606.ENSP00000291295,0.0,False
HALLMARK_COMPLEMENT,CTSL,9606.ENSP00000345344,0.0056179775280898875,False
HALLMARK_COMPLEMENT,RABIF,9606.ENSP00000356231,0.0,False
HALLMARK_COMPLEMENT,TFPI2,9606.ENSP00000222543,0.0,False
HALLMARK_COMPLEMENT,KCNIP2,9606.ENSP00000420040,0.0,False
HALLMARK_COMPLEMENT,CDK5R1,9606.ENSP00000318486,0.0,False
HALLMARK_COMPLEMENT,LGALS3,9606.ENSP00000254301,0.0,False
HALLMARK_COMPLEMENT,CP,9606.ENSP00000264613,0.0,False
HALLMARK_COMPLEMENT,PFN1,9606.ENSP00000225655,0.0,False
HALLMARK_COMPLEMENT,LCP2,9606.ENSP00000046794,0.0056179775280898875,False
HALLMARK_COMPLEMENT,GZMK,9606.ENSP00000231009,0.0,False
HALLMARK_COMPLEMENT,PCLO,9606.ENSP00000334319,0.0,False
HALLMARK_COMPLEMENT,PSMB9,9606.ENSP00000363993,0.0,False
HALLMARK_COMPLEMENT,CD59,9606.ENSP00000498879,0.0,False
HALLMARK_COMPLEMENT,MMP14,9606.ENSP00000308208,0.0056179775280898875,False
HALLMARK_COMPLEMENT,LCK,9606.ENSP00000477713,0.0056179775280898875,False
HALLMARK_COMPLEMENT,GPD2,9606.ENSP00000308610,0.0,False
HALLMARK_COMPLEMENT,SERPINE1,9606.ENSP00000223095,0.016853932584269662,False
HALLMARK_COMPLEMENT,C2,9606.ENSP00000299367,0.0,False
HALLMARK_COMPLEMENT,FCN1,9606.ENSP00000360871,0.0056179775280898875,False
HALLMARK_COMPLEMENT,CD46,9606.ENSP00000313875,0.0,False
HALLMARK_COMPLEMENT,CTSC,9606.ENSP00000227266,0.011235955056179775,False
HALLMARK_COMPLEMENT,C4BPB,9606.ENSP00000243611,0.0,False
HALLMARK_COMPLEMENT,JAK2,9606.ENSP00000371067,0.0056179775280898875,False
HALLMARK_COMPLEMENT,USP14,9606.ENSP00000261601,0.0,False
HALLMARK_COMPLEMENT,CR2,9606.ENSP00000356024,0.0,False
HALLMARK_COMPLEMENT,CASP3,9606.ENSP00000311032,0.0056179775280898875,False
HALLMARK_COMPLEMENT,GNG2,9606.ENSP00000334448,0.0,False
HALLMARK_COMPLEMENT,CPM,9606.ENSP00000339157,0.0,False
HALLMARK_COMPLEMENT,CFH,9606.ENSP00000356399,0.011235955056179775,False
HALLMARK_COMPLEMENT,DGKH,9606.ENSP00000337572,0.0,False
HALLMARK_COMPLEMENT,XPNPEP1,9606.ENSP00000421566,0.0,False
HALLMARK_COMPLEMENT,NOTCH4,9606.ENSP00000364163,0.0,False
HALLMARK_COMPLEMENT,ERAP2,9606.ENSP00000400376,0.0,False
HALLMARK_COMPLEMENT,SERPINA1,9606.ENSP00000416066,0.0056179775280898875,False
HALLMARK_COMPLEMENT,CPQ,9606.ENSP00000220763,0.0,False
HALLMARK_COMPLEMENT,RAF1,9606.ENSP00000401888,0.0,False
HALLMARK_COMPLEMENT,CDA,9606.ENSP00000364212,0.0,False
HALLMARK_COMPLEMENT,DYRK2,9606.ENSP00000342105,0.0,False
HALLMARK_COMPLEMENT,C3,9606.ENSP00000245907,0.0056179775280898875,False
HALLMARK_COMPLEMENT,CXCL1,9606.ENSP00000379110,0.0056179775280898875,False
HALLMARK_COMPLEMENT,SH2B3,9606.ENSP00000345492,0.0,False
HALLMARK_COMPLEMENT,OLR1,9606.ENSP00000309124,0.0,False
HALLMARK_COMPLEMENT,CD36,9606.ENSP00000415743,0.0056179775280898875,False
HALLMARK_COMPLEMENT,LRP1,9606.ENSP00000243077,0.016853932584269662,False
HALLMARK_COMPLEMENT,PLAUR,9606.ENSP00000339328,0.0056179775280898875,False
HALLMARK_COMPLEMENT,GNB4,9606.ENSP00000232564,0.0,False
HALLMARK_COMPLEMENT,CD40LG,9606.ENSP00000359663,0.0,False
HALLMARK_COMPLEMENT,HSPA5,9606.ENSP00000324173,0.011235955056179775,False
HALLMARK_COMPLEMENT,PLA2G4A,9606.ENSP00000356436,0.0,False
HALLMARK_COMPLEMENT,ADRA2B,9606.ENSP00000480573,0.0,False
HALLMARK_COMPLEMENT,C1S,9606.ENSP00000385035,0.0,False
HALLMARK_COMPLEMENT,PHEX,9606.ENSP00000368682,0.0,False
HALLMARK_COMPLEMENT,LTF,9606.ENSP00000231751,0.011235955056179775,False
HALLMARK_COMPLEMENT,VCPIP1,9606.ENSP00000309031,0.0,False
HALLMARK_COMPLEMENT,CALM1,9606.ENSP00000499717,0.0,False
HALLMARK_COMPLEMENT,FCER1G,9606.ENSP00000289902,0.0,False
HALLMARK_COMPLEMENT,PLA2G7,9606.ENSP00000274793,0.0,False
HALLMARK_COMPLEMENT,CDH13,9606.ENSP00000268613,0.0,False
HALLMARK_COMPLEMENT,ZFPM2,9606.ENSP00000384179,0.0,False
HALLMARK_COMPLEMENT,F7,9606.ENSP00000364731,0.0056179775280898875,False
HALLMARK_COMPLEMENT,SPOCK2,9606.ENSP00000321108,0.0,False
HALLMARK_COMPLEMENT,ME1,9606.ENSP00000358719,0.0,False
HALLMARK_COMPLEMENT,TNFAIP3,9606.ENSP00000481570,0.0,False
HALLMARK_COMPLEMENT,CASP1,9606.ENSP00000433138,0.0,False
HALLMARK_COMPLEMENT,GATA3,9606.ENSP00000368632,0.0,False
HALLMARK_COMPLEMENT,LIPA,9606.ENSP00000337354,0.0,False
HALLMARK_COMPLEMENT,RNF4,9606.ENSP00000426503,0.0,False
HALLMARK_COMPLEMENT,CTSH,9606.ENSP00000220166,0.0056179775280898875,False
HALLMARK_COMPLEMENT,PDP1,9606.ENSP00000379503,0.0,False
HALLMARK_COMPLEMENT,CFB,9606.ENSP00000416561,0.0056179775280898875,False
HALLMARK_COMPLEMENT,BRPF3,9606.ENSP00000350267,0.0,False
HALLMARK_COMPLEMENT,GNB2,9606.ENSP00000305260,0.0056179775280898875,False
HALLMARK_COMPLEMENT,CA2,9606.ENSP00000285379,0.0,False
HALLMARK_COMPLEMENT,CASP9,9606.ENSP00000330237,0.0,False
HALLMARK_COMPLEMENT,CLU,9606.ENSP00000315130,0.0056179775280898875,False
HALLMARK_COMPLEMENT,TMPRSS6,9606.ENSP00000384964,0.0,False
HALLMARK_COMPLEMENT,RBSN,9606.ENSP00000253699,0.0,False
HALLMARK_COMPLEMENT,MMP15,9606.ENSP00000219271,0.0,False
HALLMARK_COMPLEMENT,ADAM9,9606.ENSP00000419446,0.0,False
HALLMARK_COMPLEMENT,PPP2CB,9606.ENSP00000221138,0.0,False
HALLMARK_COMPLEMENT,S100A13,9606.ENSP00000392767,0.0,False
HALLMARK_COMPLEMENT,MMP12,9606.ENSP00000458585,0.0,False
HALLMARK_COMPLEMENT,GRB2,9606.ENSP00000376345,0.0,False
HALLMARK_COMPLEMENT,USP8,9606.ENSP00000379721,0.0,False
HALLMARK_COMPLEMENT,PRSS36,9606.ENSP00000268281,0.0,False
HALLMARK_COMPLEMENT,STX4,9606.ENSP00000317714,0.0,False
HALLMARK_COMPLEMENT,LAMP2,9606.ENSP00000408411,0.0,False
HALLMARK_COMPLEMENT,KYNU,9606.ENSP00000264170,0.0,False
HALLMARK_COMPLEMENT,GNAI2,9606.ENSP00000312999,0.011235955056179775,False
HALLMARK_COMPLEMENT,GP1BA,9606.ENSP00000329380,0.0056179775280898875,False
HALLMARK_COMPLEMENT,ANXA5,9606.ENSP00000296511,0.0,False
HALLMARK_COMPLEMENT,GCA,9606.ENSP00000394842,0.0,False
HALLMARK_COMPLEMENT,RASGRP1,9606.ENSP00000310244,0.0,False
HALLMARK_COMPLEMENT,LYN,9606.ENSP00000428924,0.011235955056179775,False
HALLMARK_COMPLEMENT,FDX1,9606.ENSP00000260270,0.0,False
HALLMARK_COMPLEMENT,WAS,9606.ENSP00000365891,0.0056179775280898875,False
HALLMARK_COMPLEMENT,DOCK4,9606.ENSP00000410746,0.0,False
HALLMARK_COMPLEMENT,PRCP,9606.ENSP00000377055,0.0,False
HALLMARK_COMPLEMENT,CASP7,9606.ENSP00000358327,0.0,False
HALLMARK_COMPLEMENT,EHD1,9606.ENSP00000479153,0.0,False
HALLMARK_COMPLEMENT,RHOG,9606.ENSP00000339467,0.0,False
HALLMARK_COMPLEMENT,CTSO,9606.ENSP00000414904,0.0,False
HALLMARK_COMPLEMENT,FN1,9606.ENSP00000346839,0.011235955056179775,False
HALLMARK_COMPLEMENT,ANG,9606.ENSP00000336762,0.0,False
HALLMARK_COMPLEMENT,L3MBTL4,9606.ENSP00000382976,0.0,False
HALLMARK_COMPLEMENT,GNAI3,9606.ENSP00000358867,0.0,False
HALLMARK_COMPLEMENT,PDGFB,9606.ENSP00000330382,0.0,False
HALLMARK_COMPLEMENT,IRF7,9606.ENSP00000380697,0.0056179775280898875,False
HALLMARK_COMPLEMENT,PRKCD,9606.ENSP00000331602,0.0056179775280898875,False
HALLMARK_COMPLEMENT,PIK3CA,9606.ENSP00000263967,0.0,False
HALLMARK_COMPLEMENT,IRF2,9606.ENSP00000377218,0.0,False
HALLMARK_COMPLEMENT,TIMP2,9606.ENSP00000262768,0.0056179775280898875,False
HALLMARK_COMPLEMENT,F10,9606.ENSP00000364709,0.0056179775280898875,False
HALLMARK_COMPLEMENT,APOC1,9606.ENSP00000465356,0.0,False
HALLMARK_COMPLEMENT,FYN,9606.ENSP00000346671,0.0056179775280898875,False
HALLMARK_COMPLEMENT,USP15,9606.ENSP00000280377,0.0,False
HALLMARK_COMPLEMENT,IRF1,9606.ENSP00000245414,0.0,False
HALLMARK_COMPLEMENT,S100A9,9606.ENSP00000357727,0.0,False
HALLMARK_COMPLEMENT,DUSP5,9606.ENSP00000358596,0.0,False
HALLMARK_COMPLEMENT,GNGT2,9606.ENSP00000421710,0.0056179775280898875,False
HALLMARK_COMPLEMENT,KIF2A,9606.ENSP00000385000,0.0,False
HALLMARK_COMPLEMENT,C1QC,9606.ENSP00000363770,0.0056179775280898875,False
HALLMARK_COMPLEMENT,DOCK10,9606.ENSP00000493664,0.0,False
HALLMARK_COMPLEMENT,KCNIP3,9606.ENSP00000295225,0.0,False
HALLMARK_COMPLEMENT,CASP10,9606.ENSP00000286186,0.0,False
HALLMARK_COMPLEMENT,CASP4,9606.ENSP00000388566,0.0,False
HALLMARK_COMPLEMENT,TIMP1,9606.ENSP00000218388,0.0056179775280898875,False
HALLMARK_COMPLEMENT,GMFB,9606.ENSP00000350757,0.0,False
HALLMARK_COMPLEMENT,F5,9606.ENSP00000356771,0.011235955056179775,False
HALLMARK_COMPLEMENT,SERPING1,9606.ENSP00000278407,0.0,False
HALLMARK_COMPLEMENT,DOCK9,9606.ENSP00000365643,0.0,False
HALLMARK_COMPLEMENT,ZEB1,9606.ENSP00000354487,0.0,False
HALLMARK_COMPLEMENT,APOBEC3F,9606.ENSP00000309749,0.0,False
HALLMARK_COMPLEMENT,CBLB,9606.ENSP00000499037,0.0056179775280898875,False
HALLMARK_COMPLEMENT,PIK3R5,9606.ENSP00000392812,0.0,False
HALLMARK_COMPLEMENT,PREP,9606.ENSP00000499089,0.0,False
HALLMARK_COMPLEMENT,DPP4,9606.ENSP00000353731,0.0,False
HALLMARK_COMPLEMENT,CTSV,9606.ENSP00000259470,0.0,False
HALLMARK_COMPLEMENT,ITGAM,9606.ENSP00000496959,0.0056179775280898875,False
HALLMARK_COMPLEMENT,CTSB,9606.ENSP00000345672,0.0056179775280898875,False
HALLMARK_COMPLEMENT,DUSP6,9606.ENSP00000279488,0.0,False
HALLMARK_COMPLEMENT,MMP13,9606.ENSP00000260302,0.0056179775280898875,False
HALLMARK_COMPLEMENT,MSRB1,9606.ENSP00000355084,0.0,False
HALLMARK_COMPLEMENT,LTA4H,9606.ENSP00000228740,0.0,False
HALLMARK_COMPLEMENT,PSEN1,9606.ENSP00000326366,0.0,False
HALLMARK_COMPLEMENT,HSPA1A,9606.ENSP00000364802,0.0,False
HALLMARK_COMPLEMENT,APOBEC3G,9606.ENSP00000385057,0.0,False
HALLMARK_COMPLEMENT,PIK3CG,9606.ENSP00000419260,0.011235955056179775,False
HALLMARK_COMPLEMENT,PLEK,9606.ENSP00000234313,0.0056179775280898875,False
HALLMARK_COMPLEMENT,KLK1,9606.ENSP00000301420,0.0,False
HALLMARK_COMPLEMENT,C1R,9606.ENSP00000444271,0.0,False
HALLMARK_COMPLEMENT,CSRP1,9606.ENSP00000356275,0.0,False
HALLMARK_DNA_REPAIR,BCAM,9606.ENSP00000270233,0.0,False
HALLMARK_DNA_REPAIR,POLA1,9606.ENSP00000368358,0.02054794520547945,False
HALLMARK_DNA_REPAIR,GTF3C5,9606.ENSP00000361180,0.0,False
HALLMARK_DNA_REPAIR,NCBP2,9606.ENSP00000326806,0.00684931506849315,False
HALLMARK_DNA_REPAIR,GTF2A2,9606.ENSP00000379372,0.02054794520547945,False
HALLMARK_DNA_REPAIR,TAF6,9606.ENSP00000399982,0.02054794520547945,False
HALLMARK_DNA_REPAIR,ERCC4,9606.ENSP00000310520,0.0136986301369863,False
HALLMARK_DNA_REPAIR,DAD1,9606.ENSP00000250498,0.0,False
HALLMARK_DNA_REPAIR,RFC5,9606.ENSP00000408295,0.0,False
HALLMARK_DNA_REPAIR,POLR3C,9606.ENSP00000334564,0.00684931506849315,False
HALLMARK_DNA_REPAIR,HCLS1,9606.ENSP00000320176,0.0,False
HALLMARK_DNA_REPAIR,UPF3B,9606.ENSP00000276201,0.0,False
HALLMARK_DNA_REPAIR,CMPK2,9606.ENSP00000256722,0.0136986301369863,False
HALLMARK_DNA_REPAIR,IMPDH2,9606.ENSP00000321584,0.00684931506849315,False
HALLMARK_DNA_REPAIR,POLR2J,9606.ENSP00000292614,0.03424657534246575,False
HALLMARK_DNA_REPAIR,SDCBP,9606.ENSP00000428184,0.0,False
HALLMARK_DNA_REPAIR,SURF1,9606.ENSP00000361042,0.0,False
HALLMARK_DNA_REPAIR,POLA2,9606.ENSP00000265465,0.0,False
HALLMARK_DNA_REPAIR,POLR2I,9606.ENSP00000221859,0.0136986301369863,False
HALLMARK_DNA_REPAIR,TARBP2,9606.ENSP00000266987,0.0,False
HALLMARK_DNA_REPAIR,GTF2H3,9606.ENSP00000445162,0.00684931506849315,False
HALLMARK_DNA_REPAIR,REV3L,9606.ENSP00000351697,0.0136986301369863,False
HALLMARK_DNA_REPAIR,GTF2B,9606.ENSP00000359531,0.00684931506849315,False
HALLMARK_DNA_REPAIR,SNAPC5,9606.ENSP00000319597,0.0,False
HALLMARK_DNA_REPAIR,POLR2C,9606.ENSP00000219252,0.02054794520547945,False
HALLMARK_DNA_REPAIR,NELFB,9606.ENSP00000339495,0.0136986301369863,False
HALLMARK_DNA_REPAIR,PRIM1,9606.ENSP00000350491,0.0,False
HALLMARK_DNA_REPAIR,ADRM1,9606.ENSP00000478877,0.0,False
HALLMARK_DNA_REPAIR,ELOA,9606.ENSP00000395574,0.00684931506849315,False
HALLMARK_DNA_REPAIR,UMPS,9606.ENSP00000232607,0.00684931506849315,False
HALLMARK_DNA_REPAIR,NME4,9606.ENSP00000219479,0.0136986301369863,False
HALLMARK_DNA_REPAIR,SF3A3,9606.ENSP00000362110,0.0,False
HALLMARK_DNA_REPAIR,ERCC3,9606.ENSP00000285398,0.0410958904109589,False
HALLMARK_DNA_REPAIR,EIF1B,9606.ENSP00000232905,0.0,False
HALLMARK_DNA_REPAIR,AK1,9606.ENSP00000223836,0.02054794520547945,False
HALLMARK_DNA_REPAIR,PCNA,9606.ENSP00000368458,0.03424657534246575,False
HALLMARK_DNA_REPAIR,RFC2,9606.ENSP00000055077,0.00684931506849315,False
HALLMARK_DNA_REPAIR,ZWINT,9606.ENSP00000363055,0.0,False
HALLMARK_DNA_REPAIR,APRT,9606.ENSP00000367615,0.02054794520547945,False
HALLMARK_DNA_REPAIR,PDE6G,9606.ENSP00000328412,0.00684931506849315,False
HALLMARK_DNA_REPAIR,VPS28,9606.ENSP00000366565,0.0,False
HALLMARK_DNA_REPAIR,NME3,9606.ENSP00000219302,0.0136986301369863,False
HALLMARK_DNA_REPAIR,GTF2F1,9606.ENSP00000377969,0.0273972602739726,False
HALLMARK_DNA_REPAIR,NME1,9606.ENSP00000337060,0.0,False
HALLMARK_DNA_REPAIR,ERCC8,9606.ENSP00000265038,0.00684931506849315,False
HALLMARK_DNA_REPAIR,CETN2,9606.ENSP00000359300,0.0,False
HALLMARK_DNA_REPAIR,EDF1,9606.ENSP00000224073,0.0,False
HALLMARK_DNA_REPAIR,CCNO,9606.ENSP00000282572,0.0,False
HALLMARK_DNA_REPAIR,CDA,9606.ENSP00000364212,0.0,False
HALLMARK_DNA_REPAIR,GTF2H5,9606.ENSP00000476100,0.02054794520547945,False
HALLMARK_DNA_REPAIR,AAAS,9606.ENSP00000209873,0.0,False
HALLMARK_DNA_REPAIR,RAD51,9606.ENSP00000493712,0.0136986301369863,False
HALLMARK_DNA_REPAIR,SEC61A1,9606.ENSP00000243253,0.00684931506849315,False
HALLMARK_DNA_REPAIR,TK2,9606.ENSP00000299697,0.0,False
HALLMARK_DNA_REPAIR,TAF13,9606.ENSP00000355051,0.00684931506849315,False
HALLMARK_DNA_REPAIR,TMED2,9606.ENSP00000262225,0.0,False
HALLMARK_DNA_REPAIR,ADCY6,9606.ENSP00000311405,0.0,False
HALLMARK_DNA_REPAIR,POM121,9606.ENSP00000378687,0.00684931506849315,False
HALLMARK_DNA_REPAIR,USP11,9606.ENSP00000218348,0.0,False
HALLMARK_DNA_REPAIR,RAE1,9606.ENSP00000379181,0.00684931506849315,False
HALLMARK_DNA_REPAIR,ELL,9606.ENSP00000262809,0.0,False
HALLMARK_DNA_REPAIR,MRPL40,9606.ENSP00000333401,0.0,False
HALLMARK_DNA_REPAIR,MPC2,9606.ENSP00000271373,0.0,False
HALLMARK_DNA_REPAIR,POLR2E,9606.ENSP00000478303,0.03424657534246575,False
HALLMARK_DNA_REPAIR,ERCC1,9606.ENSP00000013807,0.00684931506849315,False
HALLMARK_DNA_REPAIR,POLR2A,9606.ENSP00000461879,0.03424657534246575,False
HALLMARK_DNA_REPAIR,TYMS,9606.ENSP00000315644,0.00684931506849315,False
HALLMARK_DNA_REPAIR,TSG101,9606.ENSP00000251968,0.0,False
HALLMARK_DNA_REPAIR,BRF2,9606.ENSP00000220659,0.0,False
HALLMARK_DNA_REPAIR,ERCC2,9606.ENSP00000375809,0.00684931506849315,False
HALLMARK_DNA_REPAIR,GPX4,9606.ENSP00000346103,0.0,False
HALLMARK_DNA_REPAIR,GTF2H1,9606.ENSP00000265963,0.04794520547945205,False
HALLMARK_DNA_REPAIR,ARL6IP1,9606.ENSP00000306788,0.0,False
HALLMARK_DNA_REPAIR,AK3,9606.ENSP00000371230,0.00684931506849315,False
HALLMARK_DNA_REPAIR,NPR2,9606.ENSP00000341083,0.00684931506849315,False
HALLMARK_DNA_REPAIR,COX17,9606.ENSP00000261070,0.0,False
HALLMARK_DNA_REPAIR,RPA2,9606.ENSP00000363017,0.02054794520547945,False
HALLMARK_DNA_REPAIR,DGCR8,9606.ENSP00000263209,0.0,False
HALLMARK_DNA_REPAIR,ERCC5,9606.ENSP00000498881,0.02054794520547945,False
HALLMARK_DNA_REPAIR,DUT,9606.ENSP00000370376,0.02054794520547945,False
HALLMARK_DNA_REPAIR,NT5C,9606.ENSP00000245552,0.0136986301369863,False
HALLMARK_DNA_REPAIR,TAF12,9606.ENSP00000263974,0.0,False
HALLMARK_DNA_REPAIR,HPRT1,9606.ENSP00000298556,0.0,False
HALLMARK_DNA_REPAIR,SRSF6,9606.ENSP00000244020,0.0,False
HALLMARK_DNA_REPAIR,BCAP31,9606.ENSP00000392330,0.0,False
HALLMARK_DNA_REPAIR,POLD1,9606.ENSP00000472445,0.0136986301369863,False
HALLMARK_DNA_REPAIR,POLR2F,9606.ENSP00000385725,0.02054794520547945,False
HALLMARK_DNA_REPAIR,POLR2G,9606.ENSP00000301788,0.00684931506849315,False
HALLMARK_DNA_REPAIR,XPC,9606.ENSP00000285021,0.0136986301369863,False
HALLMARK_DNA_REPAIR,RFC3,9606.ENSP00000369411,0.0273972602739726,False
HALLMARK_DNA_REPAIR,POLD3,9606.ENSP00000263681,0.00684931506849315,False
HALLMARK_DNA_REPAIR,NUDT21,9606.ENSP00000300291,0.00684931506849315,False
HALLMARK_DNA_REPAIR,RBX1,9606.ENSP00000216225,0.0136986301369863,False
HALLMARK_DNA_REPAIR,NFX1,9606.ENSP00000368856,0.0,False
HALLMARK_DNA_REPAIR,DGUOK,9606.ENSP00000264093,0.0136986301369863,False
HALLMARK_DNA_REPAIR,POLB,9606.ENSP00000265421,0.00684931506849315,False
HALLMARK_DNA_REPAIR,CSTF3,9606.ENSP00000315791,0.00684931506849315,False
HALLMARK_DNA_REPAIR,SUPT5H,9606.ENSP00000470252,0.03424657534246575,False
HALLMARK_DNA_REPAIR,POLR2D,9606.ENSP00000272645,0.03424657534246575,False
HALLMARK_DNA_REPAIR,VPS37B,9606.ENSP00000267202,0.0,False
HALLMARK_DNA_REPAIR,GSDME,9606.ENSP00000339587,0.0,False
HALLMARK_DNA_REPAIR,ITPA,9606.ENSP00000369456,0.02054794520547945,False
HALLMARK_DNA_REPAIR,RPA3,9606.ENSP00000223129,0.0136986301369863,False
HALLMARK_DNA_REPAIR,SMAD5,9606.ENSP00000441954,0.0,False
HALLMARK_DNA_REPAIR,POLH,9606.ENSP00000361310,0.00684931506849315,False
HALLMARK_DNA_REPAIR,CLP1,9606.ENSP00000434995,0.0,False
HALLMARK_DNA_REPAIR,RALA,9606.ENSP00000005257,0.0,False
HALLMARK_DNA_REPAIR,PDE4B,9606.ENSP00000342637,0.0,False
HALLMARK_DNA_REPAIR,TAF9,9606.ENSP00000370193,0.00684931506849315,False
HALLMARK_DNA_REPAIR,POLE4,9606.ENSP00000420176,0.0,False
HALLMARK_DNA_REPAIR,CANT1,9606.ENSP00000307674,0.00684931506849315,False
HALLMARK_DNA_REPAIR,POLR3GL,9606.ENSP00000358320,0.0,False
HALLMARK_DNA_REPAIR,TAF1C,9606.ENSP00000455265,0.0,False
HALLMARK_DNA_REPAIR,RAD52,9606.ENSP00000351284,0.00684931506849315,False
HALLMARK_DNA_REPAIR,FEN1,9606.ENSP00000305480,0.02054794520547945,False
HALLMARK_DNA_REPAIR,LIG1,9606.ENSP00000263274,0.0136986301369863,False
HALLMARK_DNA_REPAIR,SNAPC4,9606.ENSP00000298532,0.0,False
HALLMARK_DNA_REPAIR,SSRP1,9606.ENSP00000278412,0.0273972602739726,False
HALLMARK_DNA_REPAIR,GMPR2,9606.ENSP00000454038,0.0,False
HALLMARK_DNA_REPAIR,TP53,9606.ENSP00000269305,0.02054794520547945,False
HALLMARK_DNA_REPAIR,NT5C3A,9606.ENSP00000476480,0.0,False
HALLMARK_DNA_REPAIR,RFC4,9606.ENSP00000376272,0.0,False
HALLMARK_DNA_REPAIR,POLR2H,9606.ENSP00000415536,0.00684931506849315,False
HALLMARK_DNA_REPAIR,AGO4,9606.ENSP00000362306,0.0,False
HALLMARK_DNA_REPAIR,MPG,9606.ENSP00000219431,0.0,False
HALLMARK_DNA_REPAIR,RRM2B,9606.ENSP00000251810,0.0136986301369863,False
HALLMARK_DNA_REPAIR,ALYREF,9606.ENSP00000421592,0.0,False
HALLMARK_DNA_REPAIR,NUDT9,9606.ENSP00000303575,0.0,False
HALLMARK_DNA_REPAIR,POLR1C,9606.ENSP00000496044,0.02054794520547945,False
HALLMARK_DNA_REPAIR,STX3,9606.ENSP00000338562,0.0,False
HALLMARK_DNA_REPAIR,POLR2K,9606.ENSP00000342889,0.0136986301369863,False
HALLMARK_DNA_REPAIR,ADA,9606.ENSP00000361965,0.0136986301369863,False
HALLMARK_DNA_REPAIR,DCTN4,9606.ENSP00000414906,0.0,False
HALLMARK_DNA_REPAIR,NELFE,9606.ENSP00000364578,0.0,False
HALLMARK_DNA_REPAIR,RNMT,9606.ENSP00000466111,0.00684931506849315,False
HALLMARK_DNA_REPAIR,TAF10,9606.ENSP00000299424,0.0273972602739726,False
HALLMARK_DNA_REPAIR,SAC3D1,9606.ENSP00000436649,0.0,False
HALLMARK_DNA_REPAIR,POLD4,9606.ENSP00000311368,0.00684931506849315,False
HALLMARK_DNA_REPAIR,NELFCD,9606.ENSP00000473290,0.02054794520547945,False
HALLMARK_DNA_REPAIR,VPS37D,9606.ENSP00000320416,0.0,False
HALLMARK_DNA_REPAIR,ZNF707,9606.ENSP00000436212,0.0,False
HALLMARK_DNA_REPAIR,DDB2,9606.ENSP00000256996,0.00684931506849315,False
HALLMARK_DNA_REPAIR,PNP,9606.ENSP00000354532,0.0,False
HALLMARK_DNA_REPAIR,GUK1,9606.ENSP00000355689,0.0,False
HALLMARK_DNA_REPAIR,POLR1D,9606.ENSP00000302478,0.0,False
HALLMARK_DNA_REPAIR,POLL,9606.ENSP00000359181,0.00684931506849315,False
HALLMARK_DNA_REPAIR,DDB1,9606.ENSP00000301764,0.0136986301369863,False
HALLMARK_E2F_TARGETS,POP7,9606.ENSP00000304353,0.0,False
HALLMARK_E2F_TARGETS,ESPL1,9606.ENSP00000257934,0.015151515151515152,False
HALLMARK_E2F_TARGETS,NUP107,9606.ENSP00000229179,0.0,False
HALLMARK_E2F_TARGETS,MLH1,9606.ENSP00000231790,0.010101010101010102,False
HALLMARK_E2F_TARGETS,TFRC,9606.ENSP00000376197,0.0,False
HALLMARK_E2F_TARGETS,KIF18B,9606.ENSP00000465992,0.0,False
HALLMARK_E2F_TARGETS,TACC3,9606.ENSP00000326550,0.0,False
HALLMARK_E2F_TARGETS,MSH2,9606.ENSP00000233146,0.020202020202020204,False
HALLMARK_E2F_TARGETS,SPAG5,9606.ENSP00000323300,0.015151515151515152,False
HALLMARK_E2F_TARGETS,BRCA1,9606.ENSP00000418960,0.020202020202020204,False
HALLMARK_E2F_TARGETS,GINS1,9606.ENSP00000262460,0.020202020202020204,False
HALLMARK_E2F_TARGETS,NBN,9606.ENSP00000265433,0.015151515151515152,False
HALLMARK_E2F_TARGETS,AURKA,9606.ENSP00000216911,0.020202020202020204,False
HALLMARK_E2F_TARGETS,CDKN2C,9606.ENSP00000262662,0.005050505050505051,False
HALLMARK_E2F_TARGETS,CENPM,9606.ENSP00000215980,0.0,False
HALLMARK_E2F_TARGETS,CDKN3,9606.ENSP00000335357,0.0,False
HALLMARK_E2F_TARGETS,ANP32E,9606.ENSP00000463154,0.0,False
HALLMARK_E2F_TARGETS,PSIP1,9606.ENSP00000370114,0.0,False
HALLMARK_E2F_TARGETS,PMS2,9606.ENSP00000265849,0.005050505050505051,False
HALLMARK_E2F_TARGETS,POLA2,9606.ENSP00000265465,0.005050505050505051,False
HALLMARK_E2F_TARGETS,CDKN1B,9606.ENSP00000228872,0.005050505050505051,False
HALLMARK_E2F_TARGETS,SRSF2,9606.ENSP00000376276,0.0,False
HALLMARK_E2F_TARGETS,ORC2,9606.ENSP00000234296,0.015151515151515152,False
HALLMARK_E2F_TARGETS,MRE11,9606.ENSP00000325863,0.005050505050505051,False
HALLMARK_E2F_TARGETS,PAN2,9606.ENSP00000481859,0.0,False
HALLMARK_E2F_TARGETS,SYNCRIP,9606.ENSP00000358635,0.0,False
HALLMARK_E2F_TARGETS,IPO7,9606.ENSP00000369042,0.0,False
HALLMARK_E2F_TARGETS,DDX39A,9606.ENSP00000242776,0.0,False
HALLMARK_E2F_TARGETS,JPT1,9606.ENSP00000348316,0.0,False
HALLMARK_E2F_TARGETS,HMGB2,9606.ENSP00000296503,0.0,False
HALLMARK_E2F_TARGETS,MCM5,9606.ENSP00000216122,0.015151515151515152,False
HALLMARK_E2F_TARGETS,LMNB1,9606.ENSP00000261366,0.0,False
HALLMARK_E2F_TARGETS,PCNA,9606.ENSP00000368458,0.025252525252525256,False
HALLMARK_E2F_TARGETS,DCK,9606.ENSP00000286648,0.0,False
HALLMARK_E2F_TARGETS,DLGAP5,9606.ENSP00000247191,0.020202020202020204,False
HALLMARK_E2F_TARGETS,POLD2,9606.ENSP00000480186,0.015151515151515152,False
HALLMARK_E2F_TARGETS,RAD1,9606.ENSP00000371469,0.015151515151515152,False
HALLMARK_E2F_TARGETS,RFC2,9606.ENSP00000055077,0.020202020202020204,False
HALLMARK_E2F_TARGETS,WEE1,9606.ENSP00000402084,0.005050505050505051,False
HALLMARK_E2F_TARGETS,KPNA2,9606.ENSP00000438483,0.030303030303030304,False
HALLMARK_E2F_TARGETS,TK1,9606.ENSP00000468425,0.005050505050505051,False
HALLMARK_E2F_TARGETS,UNG,9606.ENSP00000242576,0.005050505050505051,False
HALLMARK_E2F_TARGETS,DEK,9606.ENSP00000498653,0.0,False
HALLMARK_E2F_TARGETS,BRCA2,9606.ENSP00000369497,0.030303030303030304,False
HALLMARK_E2F_TARGETS,CDCA3,9606.ENSP00000442068,0.010101010101010102,False
HALLMARK_E2F_TARGETS,CBX5,9606.ENSP00000209875,0.0,False
HALLMARK_E2F_TARGETS,DONSON,9606.ENSP00000307143,0.0,False
HALLMARK_E2F_TARGETS,EXOSC8,9606.ENSP00000374354,0.005050505050505051,False
HALLMARK_E2F_TARGETS,PRIM2,9606.ENSP00000484105,0.015151515151515152,False
HALLMARK_E2F_TARGETS,ING3,9606.ENSP00000320566,0.0,False
HALLMARK_E2F_TARGETS,MCM7,9606.ENSP00000307288,0.020202020202020204,False
HALLMARK_E2F_TARGETS,NME1,9606.ENSP00000337060,0.0,False
HALLMARK_E2F_TARGETS,SUV39H1,9606.ENSP00000337976,0.0,False
HALLMARK_E2F_TARGETS,SMC3,9606.ENSP00000354720,0.0,False
HALLMARK_E2F_TARGETS,PLK4,9606.ENSP00000270861,0.020202020202020204,False
HALLMARK_E2F_TARGETS,MYC,9606.ENSP00000478887,0.005050505050505051,False
HALLMARK_E2F_TARGETS,BIRC5,9606.ENSP00000301633,0.015151515151515152,False
HALLMARK_E2F_TARGETS,STMN1,9606.ENSP00000410452,0.0,False
HALLMARK_E2F_TARGETS,CCNB2,9606.ENSP00000288207,0.030303030303030304,False
HALLMARK_E2F_TARGETS,RANBP1,9606.ENSP00000401564,0.015151515151515152,False
HALLMARK_E2F_TARGETS,BRMS1L,9606.ENSP00000216807,0.0,False
HALLMARK_E2F_TARGETS,PNN,9606.ENSP00000216832,0.0,False
HALLMARK_E2F_TARGETS,HMMR,9606.ENSP00000377492,0.010101010101010102,False
HALLMARK_E2F_TARGETS,EZH2,9606.ENSP00000320147,0.0,False
HALLMARK_E2F_TARGETS,DCTPP1,9606.ENSP00000322524,0.0,False
HALLMARK_E2F_TARGETS,TIMELESS,9606.ENSP00000450607,0.005050505050505051,False
HALLMARK_E2F_TARGETS,ASF1A,9606.ENSP00000229595,0.0,False
HALLMARK_E2F_TARGETS,CDCA8,9606.ENSP00000362146,0.010101010101010102,False
HALLMARK_E2F_TARGETS,HUS1,9606.ENSP00000258774,0.020202020202020204,False
HALLMARK_E2F_TARGETS,MYBL2,9606.ENSP00000217026,0.005050505050505051,False
HALLMARK_E2F_TARGETS,NOLC1,9606.ENSP00000385410,0.0,False
HALLMARK_E2F_TARGETS,RAD51C,9606.ENSP00000336701,0.005050505050505051,False
HALLMARK_E2F_TARGETS,DNMT1,9606.ENSP00000352516,0.0,False
HALLMARK_E2F_TARGETS,GINS3,9606.ENSP00000401018,0.005050505050505051,False
HALLMARK_E2F_TARGETS,RBBP7,9606.ENSP00000369424,0.0,False
HALLMARK_E2F_TARGETS,CDC20,9606.ENSP00000361540,0.025252525252525256,False
HALLMARK_E2F_TARGETS,PA2G4,9606.ENSP00000302886,0.0,False
HALLMARK_E2F_TARGETS,PRPS1,9606.ENSP00000361512,0.0,False
HALLMARK_E2F_TARGETS,STAG1,9606.ENSP00000372689,0.0,False
HALLMARK_E2F_TARGETS,RRM2,9606.ENSP00000353770,0.010101010101010102,False
HALLMARK_E2F_TARGETS,RFC1,9606.ENSP00000371321,0.015151515151515152,False
HALLMARK_E2F_TARGETS,MCM3,9606.ENSP00000480987,0.015151515151515152,False
HALLMARK_E2F_TARGETS,XRCC6,9606.ENSP00000352257,0.0,False
HALLMARK_E2F_TARGETS,CHEK1,9606.ENSP00000391090,0.010101010101010102,False
HALLMARK_E2F_TARGETS,CKS2,9606.ENSP00000364976,0.005050505050505051,False
HALLMARK_E2F_TARGETS,CDKN2A,9606.ENSP00000418915,0.010101010101010102,False
HALLMARK_E2F_TARGETS,NCAPD2,9606.ENSP00000325017,0.015151515151515152,False
HALLMARK_E2F_TARGETS,AURKB,9606.ENSP00000313950,0.030303030303030304,False
HALLMARK_E2F_TARGETS,TUBG1,9606.ENSP00000251413,0.0,False
HALLMARK_E2F_TARGETS,SRSF1,9606.ENSP00000258962,0.005050505050505051,False
HALLMARK_E2F_TARGETS,WDR90,9606.ENSP00000293879,0.0,False
HALLMARK_E2F_TARGETS,H2AZ1,9606.ENSP00000296417,0.010101010101010102,False
HALLMARK_E2F_TARGETS,KIF4A,9606.ENSP00000363524,0.015151515151515152,False
HALLMARK_E2F_TARGETS,HELLS,9606.ENSP00000377601,0.0,False
HALLMARK_E2F_TARGETS,RPA2,9606.ENSP00000363017,0.020202020202020204,False
HALLMARK_E2F_TARGETS,NUP153,9606.ENSP00000444029,0.015151515151515152,False
HALLMARK_E2F_TARGETS,DUT,9606.ENSP00000370376,0.010101010101010102,False
HALLMARK_E2F_TARGETS,HMGA1,9606.ENSP00000399888,0.0,False
HALLMARK_E2F_TARGETS,SMC4,9606.ENSP00000341382,0.0,False
HALLMARK_E2F_TARGETS,CIT,9606.ENSP00000376306,0.0,False
HALLMARK_E2F_TARGETS,DEPDC1,9606.ENSP00000412292,0.010101010101010102,False
HALLMARK_E2F_TARGETS,GINS4,9606.ENSP00000276533,0.010101010101010102,False
HALLMARK_E2F_TARGETS,CCNE1,9606.ENSP00000262643,0.005050505050505051,False
HALLMARK_E2F_TARGETS,LYAR,9606.ENSP00000345917,0.0,False
HALLMARK_E2F_TARGETS,SPC24,9606.ENSP00000465075,0.0,False
HALLMARK_E2F_TARGETS,MKI67,9606.ENSP00000357643,0.010101010101010102,False
HALLMARK_E2F_TARGETS,DIAPH3,9606.ENSP00000383178,0.0,False
HALLMARK_E2F_TARGETS,EIF2S1,9606.ENSP00000256383,0.0,False
HALLMARK_E2F_TARGETS,LUC7L3,9606.ENSP00000376919,0.0,False
HALLMARK_E2F_TARGETS,POLD1,9606.ENSP00000472445,0.015151515151515152,False
HALLMARK_E2F_TARGETS,CKS1B,9606.ENSP00000311083,0.0,False
HALLMARK_E2F_TARGETS,RFC3,9606.ENSP00000369411,0.030303030303030304,False
HALLMARK_E2F_TARGETS,POLD3,9606.ENSP00000263681,0.010101010101010102,False
HALLMARK_E2F_TARGETS,NUDT21,9606.ENSP00000300291,0.0,False
HALLMARK_E2F_TARGETS,RACGAP1,9606.ENSP00000404190,0.015151515151515152,False
HALLMARK_E2F_TARGETS,NAA38,9606.ENSP00000332103,0.0,False
HALLMARK_E2F_TARGETS,MAD2L1,9606.ENSP00000296509,0.025252525252525256,False
HALLMARK_E2F_TARGETS,HNRNPD,9606.ENSP00000313199,0.0,False
HALLMARK_E2F_TARGETS,CDC25A,9606.ENSP00000303706,0.010101010101010102,False
HALLMARK_E2F_TARGETS,NASP,9606.ENSP00000255120,0.010101010101010102,False
HALLMARK_E2F_TARGETS,PPP1R8,9606.ENSP00000311677,0.0,False
HALLMARK_E2F_TARGETS,PLK1,9606.ENSP00000300093,0.030303030303030304,False
HALLMARK_E2F_TARGETS,ILF3,9606.ENSP00000404121,0.005050505050505051,False
HALLMARK_E2F_TARGETS,RPA1,9606.ENSP00000254719,0.05050505050505051,False
HALLMARK_E2F_TARGETS,SMC6,9606.ENSP00000404092,0.005050505050505051,False
HALLMARK_E2F_TARGETS,CSE1L,9606.ENSP00000262982,0.0,False
HALLMARK_E2F_TARGETS,SPC25,9606.ENSP00000282074,0.020202020202020204,False
HALLMARK_E2F_TARGETS,RAD21,9606.ENSP00000297338,0.010101010101010102,False
HALLMARK_E2F_TARGETS,CDK1,9606.ENSP00000378699,0.025252525252525256,False
HALLMARK_E2F_TARGETS,RPA3,9606.ENSP00000223129,0.015151515151515152,False
HALLMARK_E2F_TARGETS,ZW10,9606.ENSP00000200135,0.0,False
HALLMARK_E2F_TARGETS,RAN,9606.ENSP00000446215,0.015151515151515152,False
HALLMARK_E2F_TARGETS,PRKDC,9606.ENSP00000313420,0.0,False
HALLMARK_E2F_TARGETS,H2AX,9606.ENSP00000434024,0.010101010101010102,False
HALLMARK_E2F_TARGETS,POLE4,9606.ENSP00000420176,0.0,False
HALLMARK_E2F_TARGETS,TCF19,9606.ENSP00000365433,0.0,False
HALLMARK_E2F_TARGETS,CDKN1A,9606.ENSP00000384849,0.010101010101010102,False
HALLMARK_E2F_TARGETS,EED,9606.ENSP00000338186,0.0,False
HALLMARK_E2F_TARGETS,HMGB3,9606.ENSP00000359393,0.0,False
HALLMARK_E2F_TARGETS,SNRPB,9606.ENSP00000412566,0.0,False
HALLMARK_E2F_TARGETS,MELK,9606.ENSP00000298048,0.025252525252525256,False
HALLMARK_E2F_TARGETS,CTCF,9606.ENSP00000494538,0.005050505050505051,False
HALLMARK_E2F_TARGETS,SMC1A,9606.ENSP00000323421,0.015151515151515152,False
HALLMARK_E2F_TARGETS,KIF2C,9606.ENSP00000361298,0.010101010101010102,False
HALLMARK_E2F_TARGETS,LIG1,9606.ENSP00000263274,0.030303030303030304,False
HALLMARK_E2F_TARGETS,DSCC1,9606.ENSP00000322180,0.005050505050505051,False
HALLMARK_E2F_TARGETS,MTHFD2,9606.ENSP00000377617,0.0,False
HALLMARK_E2F_TARGETS,MXD3,9606.ENSP00000401867,0.0,False
HALLMARK_E2F_TARGETS,NUP205,9606.ENSP00000285968,0.0,False
HALLMARK_E2F_TARGETS,SSRP1,9606.ENSP00000278412,0.020202020202020204,False
HALLMARK_E2F_TARGETS,TP53,9606.ENSP00000269305,0.015151515151515152,False
HALLMARK_E2F_TARGETS,MCM2,9606.ENSP00000265056,0.04040404040404041,False
HALLMARK_E2F_TARGETS,TRIP13,9606.ENSP00000166345,0.005050505050505051,False
HALLMARK_E2F_TARGETS,POLE,9606.ENSP00000322570,0.010101010101010102,False
HALLMARK_E2F_TARGETS,UBE2T,9606.ENSP00000494957,0.005050505050505051,False
HALLMARK_E2F_TARGETS,CTPS1,9606.ENSP00000497744,0.0,False
HALLMARK_E2F_TARGETS,CNOT9,9606.ENSP00000486540,0.0,False
HALLMARK_E2F_TARGETS,CDK4,9606.ENSP00000257904,0.025252525252525256,False
HALLMARK_E2F_TARGETS,MCM4,9606.ENSP00000262105,0.03535353535353536,False
HALLMARK_E2F_TARGETS,UBE2S,9606.ENSP00000264552,0.010101010101010102,False
HALLMARK_E2F_TARGETS,PTTG1,9606.ENSP00000377536,0.010101010101010102,False
HALLMARK_E2F_TARGETS,CDC25B,9606.ENSP00000245960,0.005050505050505051,False
HALLMARK_E2F_TARGETS,UBR7,9606.ENSP00000013070,0.0,False
HALLMARK_E2F_TARGETS,CCP110,9606.ENSP00000370803,0.0,False
HALLMARK_E2F_TARGETS,E2F8,9606.ENSP00000250024,0.005050505050505051,False
HALLMARK_E2F_TARGETS,NAP1L1,9606.ENSP00000477538,0.0,False
HALLMARK_E2F_TARGETS,SHMT1,9606.ENSP00000318868,0.0,False
HALLMARK_E2F_TARGETS,AK2,9606.ENSP00000499935,0.0,False
HALLMARK_E2F_TARGETS,SLBP,9606.ENSP00000417686,0.0,False
HALLMARK_E2F_TARGETS,ATAD2,9606.ENSP00000287394,0.0,False
HALLMARK_E2F_TARGETS,TIPIN,9606.ENSP00000261881,0.030303030303030304,False
HALLMARK_E2F_TARGETS,LBR,9606.ENSP00000339883,0.0,False
HALLMARK_E2F_TARGETS,MCM6,9606.ENSP00000264156,0.045454545454545456,False
HALLMARK_E2F_TARGETS,PAICS,9606.ENSP00000382595,0.0,False
HALLMARK_E2F_TARGETS,ORC6,9606.ENSP00000219097,0.015151515151515152,False
HALLMARK_E2F_TARGETS,CENPE,9606.ENSP00000265148,0.010101010101010102,False
HALLMARK_E2F_TARGETS,KIF22,9606.ENSP00000160827,0.005050505050505051,False
HALLMARK_E2F_TARGETS,MMS22L,9606.ENSP00000275053,0.005050505050505051,False
HALLMARK_E2F_TARGETS,TUBB,9606.ENSP00000339001,0.0,False
HALLMARK_E2F_TARGETS,TOP2A,9606.ENSP00000411532,0.030303030303030304,False
HALLMARK_E2F_TARGETS,TBRG4,9606.ENSP00000258770,0.0,False
HALLMARK_E2F_TARGETS,DCLRE1B,9606.ENSP00000498042,0.0,False
HALLMARK_E2F_TARGETS,PDS5B,9606.ENSP00000313851,0.005050505050505051,False
HALLMARK_E2F_TARGETS,ASF1B,9606.ENSP00000263382,0.030303030303030304,False
HALLMARK_E2F_TARGETS,PRDX4,9606.ENSP00000368646,0.0,False
HALLMARK_E2F_TARGETS,TMPO,9606.ENSP00000266732,0.0,False
HALLMARK_E2F_TARGETS,BUB1B,9606.ENSP00000287598,0.030303030303030304,False
HALLMARK_E2F_TARGETS,NOP56,9606.ENSP00000370589,0.005050505050505051,False
HALLMARK_E2F_TARGETS,USP1,9606.ENSP00000343526,0.0,False
HALLMARK_E2F_TARGETS,RAD50,9606.ENSP00000368100,0.015151515151515152,False
HALLMARK_E2F_TARGETS,PHF5A,9606.ENSP00000216252,0.0,False
HALLMARK_E2F_TARGETS,GSPT1,9606.ENSP00000398131,0.0,False
HALLMARK_E2F_TARGETS,PPM1D,9606.ENSP00000306682,0.0,False
HALLMARK_E2F_TARGETS,RAD51AP1,9606.ENSP00000228843,0.0,False
HALLMARK_E2F_TARGETS,CHEK2,9606.ENSP00000372023,0.015151515151515152,False
HALLMARK_E2F_TARGETS,XPO1,9606.ENSP00000384863,0.005050505050505051,False
HALLMARK_E2F_TARGETS,PSMC3IP,9606.ENSP00000377384,0.0,False
HALLMARK_E2F_TARGETS,BARD1,9606.ENSP00000260947,0.015151515151515152,False
HALLMARK_E2F_TARGETS,TRA2B,9606.ENSP00000416959,0.005050505050505051,False
HALLMARK_EPITHELIAL_MESENCHYMAL_TRANSITION,LOXL1,9606.ENSP00000261921,0.0,False
HALLMARK_EPITHELIAL_MESENCHYMAL_TRANSITION,LAMA1,9606.ENSP00000374309,0.0,False
HALLMARK_EPITHELIAL_MESENCHYMAL_TRANSITION,P3H1,9606.ENSP00000236040,0.01020408163265306,False
HALLMARK_EPITHELIAL_MESENCHYMAL_TRANSITION,DCN,9606.ENSP00000052754,0.030612244897959183,False
HALLMARK_EPITHELIAL_MESENCHYMAL_TRANSITION,TPM2,9606.ENSP00000496494,0.00510204081632653,False
HALLMARK_EPITHELIAL_MESENCHYMAL_TRANSITION,COL6A2,9606.ENSP00000300527,0.015306122448979591,False
HALLMARK_EPITHELIAL_MESENCHYMAL_TRANSITION,COL6A3,9606.ENSP00000295550,0.02551020408163265,False
HALLMARK_EPITHELIAL_MESENCHYMAL_TRANSITION,FUCA1,9606.ENSP00000363603,0.0,False
HALLMARK_EPITHELIAL_MESENCHYMAL_TRANSITION,GADD45B,9606.ENSP00000215631,0.0,False
HALLMARK_EPITHELIAL_MESENCHYMAL_TRANSITION,COL16A1,9606.ENSP00000362776,0.00510204081632653,False
HALLMARK_EPITHELIAL_MESENCHYMAL_TRANSITION,LRRC15,9606.ENSP00000413707,0.0,False
HALLMARK_EPITHELIAL_MESENCHYMAL_TRANSITION,MXRA5,9606.ENSP00000217939,0.0,False
HALLMARK_EPITHELIAL_MESENCHYMAL_TRANSITION,NOTCH2,9606.ENSP00000256646,0.0,False
HALLMARK_EPITHELIAL_MESENCHYMAL_TRANSITION,TNC,9606.ENSP00000265131,0.00510204081632653,False
HALLMARK_EPITHELIAL_MESENCHYMAL_TRANSITION,IL6,9606.ENSP00000385675,0.02551020408163265,False
HALLMARK_EPITHELIAL_MESENCHYMAL_TRANSITION,TGFBR3,9606.ENSP00000212355,0.00510204081632653,False
HALLMARK_EPITHELIAL_MESENCHYMAL_TRANSITION,FSTL3,9606.ENSP00000166139,0.00510204081632653,False
HALLMARK_EPITHELIAL_MESENCHYMAL_TRANSITION,ITGAV,9606.ENSP00000261023,0.02040816326530612,False
HALLMARK_EPITHELIAL_MESENCHYMAL_TRANSITION,THBS1,9606.ENSP00000260356,0.015306122448979591,False
HALLMARK_EPITHELIAL_MESENCHYMAL_TRANSITION,ABI3BP,9606.ENSP00000284322,0.0,False
HALLMARK_EPITHELIAL_MESENCHYMAL_TRANSITION,PLOD2,9606.ENSP00000282903,0.00510204081632653,False
HALLMARK_EPITHELIAL_MESENCHYMAL_TRANSITION,LGALS1,9606.ENSP00000215909,0.0,False
HALLMARK_EPITHELIAL_MESENCHYMAL_TRANSITION,SDC4,9606.ENSP00000361818,0.01020408163265306,False
HALLMARK_EPITHELIAL_MESENCHYMAL_TRANSITION,MSX1,9606.ENSP00000372170,0.0,False
HALLMARK_EPITHELIAL_MESENCHYMAL_TRANSITION,ANPEP,9606.ENSP00000300060,0.0,False
HALLMARK_EPITHELIAL_MESENCHYMAL_TRANSITION,NTM,9606.ENSP00000396722,0.0,False
HALLMARK_EPITHELIAL_MESENCHYMAL_TRANSITION,SERPINH1,9606.ENSP00000434412,0.0,False
HALLMARK_EPITHELIAL_MESENCHYMAL_TRANSITION,IGFBP4,9606.ENSP00000269593,0.0,False
HALLMARK_EPITHELIAL_MESENCHYMAL_TRANSITION,COL4A2,9606.ENSP00000353654,0.01020408163265306,False
HALLMARK_EPITHELIAL_MESENCHYMAL_TRANSITION,TIMP3,9606.ENSP00000266085,0.0,False
HALLMARK_EPITHELIAL_MESENCHYMAL_TRANSITION,LAMC2,9606.ENSP00000264144,0.00510204081632653,False
HALLMARK_EPITHELIAL_MESENCHYMAL_TRANSITION,ITGA2,9606.ENSP00000296585,0.02040816326530612,False
HALLMARK_EPITHELIAL_MESENCHYMAL_TRANSITION,CDH6,9606.ENSP00000265071,0.0,False
HALLMARK_EPITHELIAL_MESENCHYMAL_TRANSITION,FBN1,9606.ENSP00000325527,0.015306122448979591,False
HALLMARK_EPITHELIAL_MESENCHYMAL_TRANSITION,FERMT2,9606.ENSP00000342858,0.0,False
HALLMARK_EPITHELIAL_MESENCHYMAL_TRANSITION,MFAP5,9606.ENSP00000352455,0.00510204081632653,False
HALLMARK_EPITHELIAL_MESENCHYMAL_TRANSITION,TFPI2,9606.ENSP00000222543,0.0,False
HALLMARK_EPITHELIAL_MESENCHYMAL_TRANSITION,SNTB1,9606.ENSP00000378965,0.0,False
HALLMARK_EPITHELIAL_MESENCHYMAL_TRANSITION,BMP1,9606.ENSP00000305714,0.00510204081632653,False
HALLMARK_EPITHELIAL_MESENCHYMAL_TRANSITION,FZD8,9606.ENSP00000363826,0.00510204081632653,False
HALLMARK_EPITHELIAL_MESENCHYMAL_TRANSITION,LUM,9606.ENSP00000266718,0.01020408163265306,False
HALLMARK_EPITHELIAL_MESENCHYMAL_TRANSITION,SERPINE2,9606.ENSP00000415786,0.0,False
HALLMARK_EPITHELIAL_MESENCHYMAL_TRANSITION,PRRX1,9606.ENSP00000239461,0.0,False
HALLMARK_EPITHELIAL_MESENCHYMAL_TRANSITION,FBLN5,9606.ENSP00000345008,0.00510204081632653,False
HALLMARK_EPITHELIAL_MESENCHYMAL_TRANSITION,CDH11,9606.ENSP00000268603,0.00510204081632653,False
HALLMARK_EPITHELIAL_MESENCHYMAL_TRANSITION,ACTA2,9606.ENSP00000224784,0.01020408163265306,False
HALLMARK_EPITHELIAL_MESENCHYMAL_TRANSITION,CD59,9606.ENSP00000498879,0.0,False
HALLMARK_EPITHELIAL_MESENCHYMAL_TRANSITION,MMP14,9606.ENSP00000308208,0.0,False
HALLMARK_EPITHELIAL_MESENCHYMAL_TRANSITION,PCOLCE2,9606.ENSP00000295992,0.0,False
HALLMARK_EPITHELIAL_MESENCHYMAL_TRANSITION,SERPINE1,9606.ENSP00000223095,0.02040816326530612,False
HALLMARK_EPITHELIAL_MESENCHYMAL_TRANSITION,PMP22,9606.ENSP00000308937,0.0,False
HALLMARK_EPITHELIAL_MESENCHYMAL_TRANSITION,NT5E,9606.ENSP00000257770,0.0,False
HALLMARK_EPITHELIAL_MESENCHYMAL_TRANSITION,PDLIM4,9606.ENSP00000253754,0.0,False
HALLMARK_EPITHELIAL_MESENCHYMAL_TRANSITION,GPX7,9606.ENSP00000354677,0.0,False
HALLMARK_EPITHELIAL_MESENCHYMAL_TRANSITION,SAT1,9606.ENSP00000368572,0.0,False
HALLMARK_EPITHELIAL_MESENCHYMAL_TRANSITION,CALU,9606.ENSP00000438248,0.0,False
HALLMARK_EPITHELIAL_MESENCHYMAL_TRANSITION,QSOX1,9606.ENSP00000356574,0.0,False
HALLMARK_EPITHELIAL_MESENCHYMAL_TRANSITION,GJA1,9606.ENSP00000282561,0.00510204081632653,False
HALLMARK_EPITHELIAL_MESENCHYMAL_TRANSITION,MMP1,9606.ENSP00000322788,0.01020408163265306,False
HALLMARK_EPITHELIAL_MESENCHYMAL_TRANSITION,MCM7,9606.ENSP00000307288,0.0,False
HALLMARK_EPITHELIAL_MESENCHYMAL_TRANSITION,PPIB,9606.ENSP00000300026,0.0,False
HALLMARK_EPITHELIAL_MESENCHYMAL_TRANSITION,ECM1,9606.ENSP00000358045,0.0,False
HALLMARK_EPITHELIAL_MESENCHYMAL_TRANSITION,TNFRSF12A,9606.ENSP00000326737,0.0,False
HALLMARK_EPITHELIAL_MESENCHYMAL_TRANSITION,GLIPR1,9606.ENSP00000266659,0.0,False
HALLMARK_EPITHELIAL_MESENCHYMAL_TRANSITION,GREM1,9606.ENSP00000498748,0.0,False
HALLMARK_EPITHELIAL_MESENCHYMAL_TRANSITION,ADAM12,9606.ENSP00000357668,0.0,False
HALLMARK_EPITHELIAL_MESENCHYMAL_TRANSITION,TPM4,9606.ENSP00000494125,0.00510204081632653,False
HALLMARK_EPITHELIAL_MESENCHYMAL_TRANSITION,BGN,9606.ENSP00000327336,0.01020408163265306,False
HALLMARK_EPITHELIAL_MESENCHYMAL_TRANSITION,LAMC1,9606.ENSP00000258341,0.00510204081632653,False
HALLMARK_EPITHELIAL_MESENCHYMAL_TRANSITION,MATN3,9606.ENSP00000383894,0.0,False
HALLMARK_EPITHELIAL_MESENCHYMAL_TRANSITION,PDGFRB,9606.ENSP00000261799,0.00510204081632653,False
HALLMARK_EPITHELIAL_MESENCHYMAL_TRANSITION,COL7A1,9606.ENSP00000332371,0.0,False
HALLMARK_EPITHELIAL_MESENCHYMAL_TRANSITION,CXCL1,9606.ENSP00000379110,0.01020408163265306,False
HALLMARK_EPITHELIAL_MESENCHYMAL_TRANSITION,SCG2,9606.ENSP00000304133,0.0,False
HALLMARK_EPITHELIAL_MESENCHYMAL_TRANSITION,ITGB5,9606.ENSP00000296181,0.02040816326530612,False
HALLMARK_EPITHELIAL_MESENCHYMAL_TRANSITION,LRP1,9606.ENSP00000243077,0.01020408163265306,False
HALLMARK_EPITHELIAL_MESENCHYMAL_TRANSITION,FBN2,9606.ENSP00000424571,0.0,False
HALLMARK_EPITHELIAL_MESENCHYMAL_TRANSITION,ENO2,9606.ENSP00000437402,0.0,False
HALLMARK_EPITHELIAL_MESENCHYMAL_TRANSITION,PLAUR,9606.ENSP00000339328,0.0,False
HALLMARK_EPITHELIAL_MESENCHYMAL_TRANSITION,COL1A2,9606.ENSP00000297268,0.03571428571428571,False
HALLMARK_EPITHELIAL_MESENCHYMAL_TRANSITION,LOXL2,9606.ENSP00000373783,0.0,False
HALLMARK_EPITHELIAL_MESENCHYMAL_TRANSITION,MYLK,9606.ENSP00000353452,0.00510204081632653,False
HALLMARK_EPITHELIAL_MESENCHYMAL_TRANSITION,SFRP1,9606.ENSP00000220772,0.0,False
HALLMARK_EPITHELIAL_MESENCHYMAL_TRANSITION,SLC6A8,9606.ENSP00000253122,0.0,False
HALLMARK_EPITHELIAL_MESENCHYMAL_TRANSITION,LAMA3,9606.ENSP00000324532,0.00510204081632653,False
HALLMARK_EPITHELIAL_MESENCHYMAL_TRANSITION,WIPF1,9606.ENSP00000376330,0.0,False
HALLMARK_EPITHELIAL_MESENCHYMAL_TRANSITION,MEST,9606.ENSP00000223215,0.0,False
HALLMARK_EPITHELIAL_MESENCHYMAL_TRANSITION,TGM2,9606.ENSP00000355330,0.0,False
HALLMARK_EPITHELIAL_MESENCHYMAL_TRANSITION,SFRP4,9606.ENSP00000410715,0.0,False
HALLMARK_EPITHELIAL_MESENCHYMAL_TRANSITION,TGFBI,9606.ENSP00000416330,0.00510204081632653,False
HALLMARK_EPITHELIAL_MESENCHYMAL_TRANSITION,MGP,9606.ENSP00000228938,0.0,False
HALLMARK_EPITHELIAL_MESENCHYMAL_TRANSITION,COL8A2,9606.ENSP00000380901,0.0,False
HALLMARK_EPITHELIAL_MESENCHYMAL_TRANSITION,PTX3,9606.ENSP00000295927,0.0,False
HALLMARK_EPITHELIAL_MESENCHYMAL_TRANSITION,OXTR,9606.ENSP00000324270,0.0,False
HALLMARK_EPITHELIAL_MESENCHYMAL_TRANSITION,FOXC2,9606.ENSP00000497759,0.00510204081632653,False
HALLMARK_EPITHELIAL_MESENCHYMAL_TRANSITION,IL15,9606.ENSP00000296545,0.0,False
HALLMARK_EPITHELIAL_MESENCHYMAL_TRANSITION,EMP3,9606.ENSP00000469194,0.0,False
HALLMARK_EPITHELIAL_MESENCHYMAL_TRANSITION,GAS1,9606.ENSP00000298743,0.0,False
HALLMARK_EPITHELIAL_MESENCHYMAL_TRANSITION,DAB2,9606.ENSP00000313391,0.0,False
HALLMARK_EPITHELIAL_MESENCHYMAL_TRANSITION,SDC1,9606.ENSP00000370542,0.01020408163265306,False
HALLMARK_EPITHELIAL_MESENCHYMAL_TRANSITION,MMP2,9606.ENSP00000219070,0.04081632653061224,False
HALLMARK_EPITHELIAL_MESENCHYMAL_TRANSITION,VCAN,9606.ENSP00000265077,0.01020408163265306,False
HALLMARK_EPITHELIAL_MESENCHYMAL_TRANSITION,COL5A1,9606.ENSP00000360882,0.015306122448979591,False
HALLMARK_EPITHELIAL_MESENCHYMAL_TRANSITION,PLOD1,9606.ENSP00000196061,0.02040816326530612,False
HALLMARK_EPITHELIAL_MESENCHYMAL_TRANSITION,PFN2,9606.ENSP00000239940,0.0,False
HALLMARK_EPITHELIAL_MESENCHYMAL_TRANSITION,FGF2,9606.ENSP00000264498,0.015306122448979591,False
HALLMARK_EPITHELIAL_MESENCHYMAL_TRANSITION,SLIT3,9606.ENSP00000332164,0.0,False
HALLMARK_EPITHELIAL_MESENCHYMAL_TRANSITION,ELN,9606.ENSP00000351807,0.00510204081632653,False
HALLMARK_EPITHELIAL_MESENCHYMAL_TRANSITION,TNFRSF11B,9606.ENSP00000297350,0.0,False
HALLMARK_EPITHELIAL_MESENCHYMAL_TRANSITION,MAGEE1,9606.ENSP00000354912,0.0,False
HALLMARK_EPITHELIAL_MESENCHYMAL_TRANSITION,POSTN,9606.ENSP00000369071,0.00510204081632653,False
HALLMARK_EPITHELIAL_MESENCHYMAL_TRANSITION,NID2,9606.ENSP00000216286,0.0,False
HALLMARK_EPITHELIAL_MESENCHYMAL_TRANSITION,JUN,9606.ENSP00000360266,0.00510204081632653,False
HALLMARK_EPITHELIAL_MESENCHYMAL_TRANSITION,DPYSL3,9606.ENSP00000343690,0.0,False
HALLMARK_EPITHELIAL_MESENCHYMAL_TRANSITION,IGFBP2,9606.ENSP00000233809,0.0,False
HALLMARK_EPITHELIAL_MESENCHYMAL_TRANSITION,SGCG,9606.ENSP00000218867,0.0,False
HALLMARK_EPITHELIAL_MESENCHYMAL_TRANSITION,SNAI2,9606.ENSP00000020945,0.01020408163265306,False
HALLMARK_EPITHELIAL_MESENCHYMAL_TRANSITION,TNFAIP3,9606.ENSP00000481570,0.0,False
HALLMARK_EPITHELIAL_MESENCHYMAL_TRANSITION,SPP1,9606.ENSP00000378517,0.015306122448979591,False
HALLMARK_EPITHELIAL_MESENCHYMAL_TRANSITION,CALD1,9606.ENSP00000354826,0.00510204081632653,False
HALLMARK_EPITHELIAL_MESENCHYMAL_TRANSITION,CD44,9606.ENSP00000398632,0.02551020408163265,False
HALLMARK_EPITHELIAL_MESENCHYMAL_TRANSITION,COMP,9606.ENSP00000222271,0.00510204081632653,False
HALLMARK_EPITHELIAL_MESENCHYMAL_TRANSITION,EFEMP2,9606.ENSP00000309953,0.01020408163265306,False
HALLMARK_EPITHELIAL_MESENCHYMAL_TRANSITION,COL4A1,9606.ENSP00000364979,0.015306122448979591,False
HALLMARK_EPITHELIAL_MESENCHYMAL_TRANSITION,CADM1,9606.ENSP00000329797,0.0,False
HALLMARK_EPITHELIAL_MESENCHYMAL_TRANSITION,VCAM1,9606.ENSP00000294728,0.01020408163265306,False
HALLMARK_EPITHELIAL_MESENCHYMAL_TRANSITION,FLNA,9606.ENSP00000358866,0.0,False
HALLMARK_EPITHELIAL_MESENCHYMAL_TRANSITION,FSTL1,9606.ENSP00000295633,0.0,False
HALLMARK_EPITHELIAL_MESENCHYMAL_TRANSITION,ITGB3,9606.ENSP00000452786,0.01020408163265306,False
HALLMARK_EPITHELIAL_MESENCHYMAL_TRANSITION,FBLN2,9606.ENSP00000384169,0.0,False
HALLMARK_EPITHELIAL_MESENCHYMAL_TRANSITION,RGS4,9606.ENSP00000397181,0.0,False
HALLMARK_EPITHELIAL_MESENCHYMAL_TRANSITION,SPOCK1,9606.ENSP00000378401,0.0,False
HALLMARK_EPITHELIAL_MESENCHYMAL_TRANSITION,TGFB1,9606.ENSP00000221930,0.0510204081632653,False
HALLMARK_EPITHELIAL_MESENCHYMAL_TRANSITION,CCN2,9606.ENSP00000356954,0.00510204081632653,False
HALLMARK_EPITHELIAL_MESENCHYMAL_TRANSITION,COL3A1,9606.ENSP00000304408,0.02551020408163265,False
HALLMARK_EPITHELIAL_MESENCHYMAL_TRANSITION,THBS2,9606.ENSP00000355751,0.01020408163265306,False
HALLMARK_EPITHELIAL_MESENCHYMAL_TRANSITION,PVR,9606.ENSP00000402060,0.0,False
HALLMARK_EPITHELIAL_MESENCHYMAL_TRANSITION,SPARC,9606.ENSP00000231061,0.02040816326530612,False
HALLMARK_EPITHELIAL_MESENCHYMAL_TRANSITION,COPA,9606.ENSP00000357048,0.0,False
HALLMARK_EPITHELIAL_MESENCHYMAL_TRANSITION,FAP,9606.ENSP00000188790,0.0,False
HALLMARK_EPITHELIAL_MESENCHYMAL_TRANSITION,APLP1,9606.ENSP00000221891,0.0,False
HALLMARK_EPITHELIAL_MESENCHYMAL_TRANSITION,FBLN1,9606.ENSP00000331544,0.00510204081632653,False
HALLMARK_EPITHELIAL_MESENCHYMAL_TRANSITION,COL1A1,9606.ENSP00000225964,0.05612244897959183,False
HALLMARK_EPITHELIAL_MESENCHYMAL_TRANSITION,MYL9,9606.ENSP00000279022,0.0,False
HALLMARK_EPITHELIAL_MESENCHYMAL_TRANSITION,CCN1,9606.ENSP00000398736,0.0,False
HALLMARK_EPITHELIAL_MESENCHYMAL_TRANSITION,VEGFC,9606.ENSP00000480043,0.00510204081632653,False
HALLMARK_EPITHELIAL_MESENCHYMAL_TRANSITION,PMEPA1,9606.ENSP00000345826,0.0,False
HALLMARK_EPITHELIAL_MESENCHYMAL_TRANSITION,CXCL8,9606.ENSP00000306512,0.01020408163265306,False
HALLMARK_EPITHELIAL_MESENCHYMAL_TRANSITION,SGCD,9606.ENSP00000338343,0.0,False
HALLMARK_EPITHELIAL_MESENCHYMAL_TRANSITION,SGCB,9606.ENSP00000370839,0.0,False
HALLMARK_EPITHELIAL_MESENCHYMAL_TRANSITION,INHBA,9606.ENSP00000242208,0.01020408163265306,False
HALLMARK_EPITHELIAL_MESENCHYMAL_TRANSITION,MMP3,9606.ENSP00000299855,0.01020408163265306,False
HALLMARK_EPITHELIAL_MESENCHYMAL_TRANSITION,PRSS2,9606.ENSP00000488437,0.0,False
HALLMARK_EPITHELIAL_MESENCHYMAL_TRANSITION,GEM,9606.ENSP00000297596,0.0,False
HALLMARK_EPITHELIAL_MESENCHYMAL_TRANSITION,CTHRC1,9606.ENSP00000330523,0.0,False
HALLMARK_EPITHELIAL_MESENCHYMAL_TRANSITION,FN1,9606.ENSP00000346839,0.02040816326530612,False
HALLMARK_EPITHELIAL_MESENCHYMAL_TRANSITION,CXCL12,9606.ENSP00000379140,0.015306122448979591,False
HALLMARK_EPITHELIAL_MESENCHYMAL_TRANSITION,CRLF1,9606.ENSP00000376188,0.0,False
HALLMARK_EPITHELIAL_MESENCHYMAL_TRANSITION,SLIT2,9606.ENSP00000422591,0.0,False
HALLMARK_EPITHELIAL_MESENCHYMAL_TRANSITION,PTHLH,9606.ENSP00000441765,0.0,False
HALLMARK_EPITHELIAL_MESENCHYMAL_TRANSITION,DST,9606.ENSP00000307959,0.00510204081632653,False
HALLMARK_EPITHELIAL_MESENCHYMAL_TRANSITION,COL11A1,9606.ENSP00000359114,0.015306122448979591,False
HALLMARK_EPITHELIAL_MESENCHYMAL_TRANSITION,NNMT,9606.ENSP00000441434,0.0,False
HALLMARK_EPITHELIAL_MESENCHYMAL_TRANSITION,ID2,9606.ENSP00000234091,0.0,False
HALLMARK_EPITHELIAL_MESENCHYMAL_TRANSITION,ITGB1,9606.ENSP00000379350,0.02040816326530612,False
HALLMARK_EPITHELIAL_MESENCHYMAL_TRANSITION,IL32,9606.ENSP00000431775,0.00510204081632653,False
HALLMARK_EPITHELIAL_MESENCHYMAL_TRANSITION,CAP2,9606.ENSP00000229922,0.0,False
HALLMARK_EPITHELIAL_MESENCHYMAL_TRANSITION,COLGALT1,9606.ENSP00000252599,0.0,False
HALLMARK_EPITHELIAL_MESENCHYMAL_TRANSITION,GADD45A,9606.ENSP00000360025,0.0,False
HALLMARK_EPITHELIAL_MESENCHYMAL_TRANSITION,HTRA1,9606.ENSP00000357980,0.0,False
HALLMARK_EPITHELIAL_MESENCHYMAL_TRANSITION,PCOLCE,9606.ENSP00000223061,0.00510204081632653,False
HALLMARK_EPITHELIAL_MESENCHYMAL_TRANSITION,ITGA5,9606.ENSP00000293379,0.030612244897959183,False
HALLMARK_EPITHELIAL_MESENCHYMAL_TRANSITION,ECM2,9606.ENSP00000344758,0.0,False
HALLMARK_EPITHELIAL_MESENCHYMAL_TRANSITION,EDIL3,9606.ENSP00000296591,0.0,False
HALLMARK_EPITHELIAL_MESENCHYMAL_TRANSITION,COL5A3,9606.ENSP00000264828,0.0,False
HALLMARK_EPITHELIAL_MESENCHYMAL_TRANSITION,IGFBP3,9606.ENSP00000370473,0.0,False
HALLMARK_EPITHELIAL_MESENCHYMAL_TRANSITION,COL12A1,9606.ENSP00000325146,0.01020408163265306,False
HALLMARK_EPITHELIAL_MESENCHYMAL_TRANSITION,MATN2,9606.ENSP00000254898,0.0,False
HALLMARK_EPITHELIAL_MESENCHYMAL_TRANSITION,FAS,9606.ENSP00000498466,0.0,False
HALLMARK_EPITHELIAL_MESENCHYMAL_TRANSITION,FMOD,9606.ENSP00000347041,0.01020408163265306,False
HALLMARK_EPITHELIAL_MESENCHYMAL_TRANSITION,TIMP1,9606.ENSP00000218388,0.02040816326530612,False
HALLMARK_EPITHELIAL_MESENCHYMAL_TRANSITION,RHOB,9606.ENSP00000272233,0.0,False
HALLMARK_EPITHELIAL_MESENCHYMAL_TRANSITION,LAMA2,9606.ENSP00000400365,0.01020408163265306,False
HALLMARK_EPITHELIAL_MESENCHYMAL_TRANSITION,COL5A2,9606.ENSP00000364000,0.015306122448979591,False
HALLMARK_EPITHELIAL_MESENCHYMAL_TRANSITION,TAGLN,9606.ENSP00000376678,0.0,False
HALLMARK_EPITHELIAL_MESENCHYMAL_TRANSITION,CAPG,9606.ENSP00000263867,0.0,False
HALLMARK_EPITHELIAL_MESENCHYMAL_TRANSITION,TPM1,9606.ENSP00000351022,0.0,False
HALLMARK_EPITHELIAL_MESENCHYMAL_TRANSITION,GPC1,9606.ENSP00000264039,0.01020408163265306,False
HALLMARK_EPITHELIAL_MESENCHYMAL_TRANSITION,LOX,9606.ENSP00000231004,0.015306122448979591,False
HALLMARK_EPITHELIAL_MESENCHYMAL_TRANSITION,WNT5A,9606.ENSP00000264634,0.0,False
HALLMARK_EPITHELIAL_MESENCHYMAL_TRANSITION,VIM,9606.ENSP00000446007,0.0,False
HALLMARK_EPITHELIAL_MESENCHYMAL_TRANSITION,AREG,9606.ENSP00000379097,0.0,False
HALLMARK_EPITHELIAL_MESENCHYMAL_TRANSITION,PLOD3,9606.ENSP00000223127,0.01020408163265306,False
HALLMARK_EPITHELIAL_MESENCHYMAL_TRANSITION,CDH2,9606.ENSP00000269141,0.015306122448979591,False
HALLMARK_EPITHELIAL_MESENCHYMAL_TRANSITION,THY1,9606.ENSP00000284240,0.01020408163265306,False
HALLMARK_EPITHELIAL_MESENCHYMAL_TRANSITION,BASP1,9606.ENSP00000319281,0.0,False
HALLMARK_EPITHELIAL_MESENCHYMAL_TRANSITION,DKK1,9606.ENSP00000363081,0.00510204081632653,False
HALLMARK_ESTROGEN_RESPONSE_EARLY,AQP3,9606.ENSP00000297991,0.0,False
HALLMARK_ESTROGEN_RESPONSE_EARLY,FARP1,9606.ENSP00000486285,0.0,False
HALLMARK_ESTROGEN_RESPONSE_EARLY,SLC26A2,9606.ENSP00000286298,0.0,False
HALLMARK_ESTROGEN_RESPONSE_EARLY,RRP12,9606.ENSP00000446184,0.0,False
HALLMARK_ESTROGEN_RESPONSE_EARLY,EGR3,9606.ENSP00000318057,0.005154639175257732,False
HALLMARK_ESTROGEN_RESPONSE_EARLY,SLC27A2,9606.ENSP00000267842,0.0,False
HALLMARK_ESTROGEN_RESPONSE_EARLY,SLC39A6,9606.ENSP00000269187,0.0,False
HALLMARK_ESTROGEN_RESPONSE_EARLY,SLC7A5,9606.ENSP00000261622,0.0,False
HALLMARK_ESTROGEN_RESPONSE_EARLY,WFS1,9606.ENSP00000226760,0.005154639175257732,False
HALLMARK_ESTROGEN_RESPONSE_EARLY,UGCG,9606.ENSP00000363397,0.0,False
HALLMARK_ESTROGEN_RESPONSE_EARLY,BCL2,9606.ENSP00000381185,0.005154639175257732,False
HALLMARK_ESTROGEN_RESPONSE_EARLY,MYBL1,9606.ENSP00000429633,0.0,False
HALLMARK_ESTROGEN_RESPONSE_EARLY,RAPGEFL1,9606.ENSP00000479735,0.0,False
HALLMARK_ESTROGEN_RESPONSE_EARLY,FRK,9606.ENSP00000476145,0.0,False
HALLMARK_ESTROGEN_RESPONSE_EARLY,MICB,9606.ENSP00000252229,0.0,False
HALLMARK_ESTROGEN_RESPONSE_EARLY,MED13L,9606.ENSP00000281928,0.0,False
HALLMARK_ESTROGEN_RESPONSE_EARLY,MPPED2,9606.ENSP00000350833,0.0,False
HALLMARK_ESTROGEN_RESPONSE_EARLY,SLC37A1,9606.ENSP00000344648,0.0,False
HALLMARK_ESTROGEN_RESPONSE_EARLY,SEMA3B,9606.ENSP00000480680,0.0,False
HALLMARK_ESTROGEN_RESPONSE_EARLY,KAZN,9606.ENSP00000365198,0.0,False
HALLMARK_ESTROGEN_RESPONSE_EARLY,PAPSS2,9606.ENSP00000406157,0.0,False
HALLMARK_ESTROGEN_RESPONSE_EARLY,SLC16A1,9606.ENSP00000441065,0.0,False
HALLMARK_ESTROGEN_RESPONSE_EARLY,SYBU,9606.ENSP00000407118,0.0,False
HALLMARK_ESTROGEN_RESPONSE_EARLY,MED24,9606.ENSP00000440100,0.0,False
HALLMARK_ESTROGEN_RESPONSE_EARLY,IGFBP4,9606.ENSP00000269593,0.0,False
HALLMARK_ESTROGEN_RESPONSE_EARLY,LAD1,9606.ENSP00000375829,0.0,False
HALLMARK_ESTROGEN_RESPONSE_EARLY,MYB,9606.ENSP00000339992,0.0,False
HALLMARK_ESTROGEN_RESPONSE_EARLY,TIAM1,9606.ENSP00000286827,0.0,False
HALLMARK_ESTROGEN_RESPONSE_EARLY,XBP1,9606.ENSP00000216037,0.005154639175257732,False
HALLMARK_ESTROGEN_RESPONSE_EARLY,SLC22A5,9606.ENSP00000402760,0.0,False
HALLMARK_ESTROGEN_RESPONSE_EARLY,MINDY1,9606.ENSP00000354669,0.0,False
HALLMARK_ESTROGEN_RESPONSE_EARLY,SLC24A3,9606.ENSP00000333519,0.0,False
HALLMARK_ESTROGEN_RESPONSE_EARLY,GFRA1,9606.ENSP00000347591,0.005154639175257732,False
HALLMARK_ESTROGEN_RESPONSE_EARLY,OLFM1,9606.ENSP00000360858,0.0,False
HALLMARK_ESTROGEN_RESPONSE_EARLY,DEPTOR,9606.ENSP00000286234,0.0,False
HALLMARK_ESTROGEN_RESPONSE_EARLY,FKBP4,9606.ENSP00000001008,0.0,False
HALLMARK_ESTROGEN_RESPONSE_EARLY,PTGES,9606.ENSP00000342385,0.0,False
HALLMARK_ESTROGEN_RESPONSE_EARLY,ASB13,9606.ENSP00000350331,0.0,False
HALLMARK_ESTROGEN_RESPONSE_EARLY,ANXA9,9606.ENSP00000357943,0.0,False
HALLMARK_ESTROGEN_RESPONSE_EARLY,CALB2,9606.ENSP00000307508,0.0,False
HALLMARK_ESTROGEN_RESPONSE_EARLY,OVOL2,9606.ENSP00000278780,0.0,False
HALLMARK_ESTROGEN_RESPONSE_EARLY,PODXL,9606.ENSP00000367817,0.0,False
HALLMARK_ESTROGEN_RESPONSE_EARLY,B4GALT1,9606.ENSP00000369055,0.0,False
HALLMARK_ESTROGEN_RESPONSE_EARLY,FDFT1,9606.ENSP00000491537,0.0,False
HALLMARK_ESTROGEN_RESPONSE_EARLY,SYNGR1,9606.ENSP00000332287,0.0,False
HALLMARK_ESTROGEN_RESPONSE_EARLY,SIAH2,9606.ENSP00000322457,0.0,False
HALLMARK_ESTROGEN_RESPONSE_EARLY,JAK2,9606.ENSP00000371067,0.005154639175257732,False
HALLMARK_ESTROGEN_RESPONSE_EARLY,MREG,9606.ENSP00000263268,0.005154639175257732,False
HALLMARK_ESTROGEN_RESPONSE_EARLY,TFF1,9606.ENSP00000291527,0.0,False
HALLMARK_ESTROGEN_RESPONSE_EARLY,TOB1,9606.ENSP00000427695,0.0,False
HALLMARK_ESTROGEN_RESPONSE_EARLY,HES1,9606.ENSP00000232424,0.0,False
HALLMARK_ESTROGEN_RESPONSE_EARLY,ABAT,9606.ENSP00000379845,0.0,False
HALLMARK_ESTROGEN_RESPONSE_EARLY,GJA1,9606.ENSP00000282561,0.0,False
HALLMARK_ESTROGEN_RESPONSE_EARLY,DYNLT3,9606.ENSP00000367841,0.0,False
HALLMARK_ESTROGEN_RESPONSE_EARLY,SLC2A1,9606.ENSP00000416293,0.0,False
HALLMARK_ESTROGEN_RESPONSE_EARLY,TGIF2,9606.ENSP00000362981,0.0,False
HALLMARK_ESTROGEN_RESPONSE_EARLY,CA12,9606.ENSP00000178638,0.0,False
HALLMARK_ESTROGEN_RESPONSE_EARLY,ADCY9,9606.ENSP00000294016,0.005154639175257732,False
HALLMARK_ESTROGEN_RESPONSE_EARLY,KLF10,9606.ENSP00000285407,0.0,False
HALLMARK_ESTROGEN_RESPONSE_EARLY,RETREG1,9606.ENSP00000304642,0.0,False
HALLMARK_ESTROGEN_RESPONSE_EARLY,MYC,9606.ENSP00000478887,0.005154639175257732,False
HALLMARK_ESTROGEN_RESPONSE_EARLY,PMAIP1,9606.ENSP00000326119,0.0,False
HALLMARK_ESTROGEN_RESPONSE_EARLY,KDM4B,9606.ENSP00000159111,0.0,False
HALLMARK_ESTROGEN_RESPONSE_EARLY,ITPK1,9606.ENSP00000267615,0.0,False
HALLMARK_ESTROGEN_RESPONSE_EARLY,ISG20L2,9606.ENSP00000323424,0.0,False
HALLMARK_ESTROGEN_RESPONSE_EARLY,RPS6KA2,9606.ENSP00000422435,0.0,False
HALLMARK_ESTROGEN_RESPONSE_EARLY,KRT18,9606.ENSP00000373489,0.0,False
HALLMARK_ESTROGEN_RESPONSE_EARLY,OPN3,9606.ENSP00000355512,0.0,False
HALLMARK_ESTROGEN_RESPONSE_EARLY,REEP1,9606.ENSP00000392197,0.0,False
HALLMARK_ESTROGEN_RESPONSE_EARLY,TTC39A,9606.ENSP00000393952,0.0,False
HALLMARK_ESTROGEN_RESPONSE_EARLY,LRIG1,9606.ENSP00000273261,0.0,False
HALLMARK_ESTROGEN_RESPONSE_EARLY,TFF3,9606.ENSP00000430690,0.005154639175257732,False
HALLMARK_ESTROGEN_RESPONSE_EARLY,ZNF185,9606.ENSP00000440847,0.005154639175257732,False
HALLMARK_ESTROGEN_RESPONSE_EARLY,NAV2,9606.ENSP00000379396,0.0,False
HALLMARK_ESTROGEN_RESPONSE_EARLY,MSMB,9606.ENSP00000463092,0.0,False
HALLMARK_ESTROGEN_RESPONSE_EARLY,SCARB1,9606.ENSP00000261693,0.0,False
HALLMARK_ESTROGEN_RESPONSE_EARLY,GLA,9606.ENSP00000218516,0.0,False
HALLMARK_ESTROGEN_RESPONSE_EARLY,UNC119,9606.ENSP00000337040,0.0,False
HALLMARK_ESTROGEN_RESPONSE_EARLY,TSKU,9606.ENSP00000434847,0.0,False
HALLMARK_ESTROGEN_RESPONSE_EARLY,ARL3,9606.ENSP00000260746,0.0,False
HALLMARK_ESTROGEN_RESPONSE_EARLY,MAPT,9606.ENSP00000340820,0.0,False
HALLMARK_ESTROGEN_RESPONSE_EARLY,SFN,9606.ENSP00000340989,0.0,False
HALLMARK_ESTROGEN_RESPONSE_EARLY,SULT2B1,9606.ENSP00000201586,0.0,False
HALLMARK_ESTROGEN_RESPONSE_EARLY,KRT15,9606.ENSP00000377546,0.0,False
HALLMARK_ESTROGEN_RESPONSE_EARLY,DHRS3,9606.ENSP00000480439,0.0,False
HALLMARK_ESTROGEN_RESPONSE_EARLY,CYP26B1,9606.ENSP00000001146,0.0,False
HALLMARK_ESTROGEN_RESPONSE_EARLY,FASN,9606.ENSP00000304592,0.0,False
HALLMARK_ESTROGEN_RESPONSE_EARLY,ALDH3B1,9606.ENSP00000473990,0.0,False
HALLMARK_ESTROGEN_RESPONSE_EARLY,FOS,9606.ENSP00000306245,0.005154639175257732,False
HALLMARK_ESTROGEN_RESPONSE_EARLY,INPP5F,9606.ENSP00000497527,0.0,False
HALLMARK_ESTROGEN_RESPONSE_EARLY,TGM2,9606.ENSP00000355330,0.0,False
HALLMARK_ESTROGEN_RESPONSE_EARLY,IGF1R,9606.ENSP00000497069,0.005154639175257732,False
HALLMARK_ESTROGEN_RESPONSE_EARLY,SLC19A2,9606.ENSP00000236137,0.0,False
HALLMARK_ESTROGEN_RESPONSE_EARLY,TUBB2B,9606.ENSP00000259818,0.0,False
HALLMARK_ESTROGEN_RESPONSE_EARLY,GREB1,9606.ENSP00000370896,0.0,False
HALLMARK_ESTROGEN_RESPONSE_EARLY,TPD52L1,9606.ENSP00000306285,0.0,False
HALLMARK_ESTROGEN_RESPONSE_EARLY,KLK10,9606.ENSP00000311746,0.0,False
HALLMARK_ESTROGEN_RESPONSE_EARLY,CELSR2,9606.ENSP00000271332,0.0,False
HALLMARK_ESTROGEN_RESPONSE_EARLY,TMEM164,9606.ENSP00000361138,0.0,False
HALLMARK_ESTROGEN_RESPONSE_EARLY,ELF1,9606.ENSP00000239882,0.0,False
HALLMARK_ESTROGEN_RESPONSE_EARLY,FLNB,9606.ENSP00000420213,0.0,False
HALLMARK_ESTROGEN_RESPONSE_EARLY,TIPARP,9606.ENSP00000420612,0.0,False
HALLMARK_ESTROGEN_RESPONSE_EARLY,TPBG,9606.ENSP00000358765,0.0,False
HALLMARK_ESTROGEN_RESPONSE_EARLY,ABHD2,9606.ENSP00000268129,0.0,False
HALLMARK_ESTROGEN_RESPONSE_EARLY,TMPRSS3,9606.ENSP00000411013,0.0,False
HALLMARK_ESTROGEN_RESPONSE_EARLY,OLFML3,9606.ENSP00000322273,0.0,False
HALLMARK_ESTROGEN_RESPONSE_EARLY,NRIP1,9606.ENSP00000327213,0.0,False
HALLMARK_ESTROGEN_RESPONSE_EARLY,MUC1,9606.ENSP00000484824,0.0,False
HALLMARK_ESTROGEN_RESPONSE_EARLY,MLPH,9606.ENSP00000264605,0.005154639175257732,False
HALLMARK_ESTROGEN_RESPONSE_EARLY,STC2,9606.ENSP00000265087,0.0,False
HALLMARK_ESTROGEN_RESPONSE_EARLY,ELF3,9606.ENSP00000352673,0.0,False
HALLMARK_ESTROGEN_RESPONSE_EARLY,PLAAT3,9606.ENSP00000320337,0.0,False
HALLMARK_ESTROGEN_RESPONSE_EARLY,HR,9606.ENSP00000370826,0.0,False
HALLMARK_ESTROGEN_RESPONSE_EARLY,ELOVL5,9606.ENSP00000359956,0.0,False
HALLMARK_ESTROGEN_RESPONSE_EARLY,RARA,9606.ENSP00000254066,0.0,False
HALLMARK_ESTROGEN_RESPONSE_EARLY,CD44,9606.ENSP00000398632,0.005154639175257732,False
HALLMARK_ESTROGEN_RESPONSE_EARLY,AR,9606.ENSP00000363822,0.0,False
HALLMARK_ESTROGEN_RESPONSE_EARLY,ABLIM1,9606.ENSP00000277895,0.0,False
HALLMARK_ESTROGEN_RESPONSE_EARLY,ABCA3,9606.ENSP00000301732,0.0,False
HALLMARK_ESTROGEN_RESPONSE_EARLY,PEX11A,9606.ENSP00000300056,0.0,False
HALLMARK_ESTROGEN_RESPONSE_EARLY,TFAP2C,9606.ENSP00000201031,0.0,False
HALLMARK_ESTROGEN_RESPONSE_EARLY,CCND1,9606.ENSP00000227507,0.0,False
HALLMARK_ESTROGEN_RESPONSE_EARLY,RAB31,9606.ENSP00000461945,0.0,False
HALLMARK_ESTROGEN_RESPONSE_EARLY,RAB17,9606.ENSP00000264601,0.0,False
HALLMARK_ESTROGEN_RESPONSE_EARLY,PRSS23,9606.ENSP00000280258,0.0,False
HALLMARK_ESTROGEN_RESPONSE_EARLY,AMFR,9606.ENSP00000290649,0.0,False
HALLMARK_ESTROGEN_RESPONSE_EARLY,IL17RB,9606.ENSP00000288167,0.0,False
HALLMARK_ESTROGEN_RESPONSE_EARLY,KCNK15,9606.ENSP00000361952,0.0,False
HALLMARK_ESTROGEN_RESPONSE_EARLY,SCNN1A,9606.ENSP00000353292,0.0,False
HALLMARK_ESTROGEN_RESPONSE_EARLY,P2RY2,9606.ENSP00000310305,0.0,False
HALLMARK_ESTROGEN_RESPONSE_EARLY,THSD4,9606.ENSP00000347484,0.0,False
HALLMARK_ESTROGEN_RESPONSE_EARLY,RASGRP1,9606.ENSP00000310244,0.0,False
HALLMARK_ESTROGEN_RESPONSE_EARLY,BLVRB,9606.ENSP00000263368,0.0,False
HALLMARK_ESTROGEN_RESPONSE_EARLY,CISH,9606.ENSP00000409346,0.0,False
HALLMARK_ESTROGEN_RESPONSE_EARLY,KRT8,9606.ENSP00000449404,0.0,False
HALLMARK_ESTROGEN_RESPONSE_EARLY,RBBP8,9606.ENSP00000382628,0.0,False
HALLMARK_ESTROGEN_RESPONSE_EARLY,SLC1A1,9606.ENSP00000262352,0.0,False
HALLMARK_ESTROGEN_RESPONSE_EARLY,TJP3,9606.ENSP00000465419,0.0,False
HALLMARK_ESTROGEN_RESPONSE_EARLY,RET,9606.ENSP00000347942,0.005154639175257732,False
HALLMARK_ESTROGEN_RESPONSE_EARLY,NXT1,9606.ENSP00000254998,0.0,False
HALLMARK_ESTROGEN_RESPONSE_EARLY,IL6ST,9606.ENSP00000370698,0.005154639175257732,False
HALLMARK_ESTROGEN_RESPONSE_EARLY,AFF1,9606.ENSP00000378578,0.0,False
HALLMARK_ESTROGEN_RESPONSE_EARLY,CANT1,9606.ENSP00000307674,0.0,False
HALLMARK_ESTROGEN_RESPONSE_EARLY,BAG1,9606.ENSP00000489189,0.0,False
HALLMARK_ESTROGEN_RESPONSE_EARLY,PGR,9606.ENSP00000325120,0.0,False
HALLMARK_ESTROGEN_RESPONSE_EARLY,PDZK1,9606.ENSP00000342143,0.0,False
HALLMARK_ESTROGEN_RESPONSE_EARLY,TBC1D30,9606.ENSP00000440207,0.0,False
HALLMARK_ESTROGEN_RESPONSE_EARLY,CXCL12,9606.ENSP00000379140,0.010309278350515464,False
HALLMARK_ESTROGEN_RESPONSE_EARLY,GAB2,9606.ENSP00000354952,0.0,False
HALLMARK_ESTROGEN_RESPONSE_EARLY,DHRS2,9606.ENSP00000344674,0.0,False
HALLMARK_ESTROGEN_RESPONSE_EARLY,NCOR2,9606.ENSP00000384018,0.0,False
HALLMARK_ESTROGEN_RESPONSE_EARLY,INHBB,9606.ENSP00000295228,0.0,False
HALLMARK_ESTROGEN_RESPONSE_EARLY,CBFA2T3,9606.ENSP00000268679,0.0,False
HALLMARK_ESTROGEN_RESPONSE_EARLY,DLC1,9606.ENSP00000276297,0.0,False
HALLMARK_ESTROGEN_RESPONSE_EARLY,MYOF,9606.ENSP00000352208,0.0,False
HALLMARK_ESTROGEN_RESPONSE_EARLY,NBL1,9606.ENSP00000289749,0.0,False
HALLMARK_ESTROGEN_RESPONSE_EARLY,CCN5,9606.ENSP00000361959,0.0,False
HALLMARK_ESTROGEN_RESPONSE_EARLY,PDLIM3,9606.ENSP00000284767,0.0,False
HALLMARK_ESTROGEN_RESPONSE_EARLY,ESRP2,9606.ENSP00000418748,0.0,False
HALLMARK_ESTROGEN_RESPONSE_EARLY,CHPT1,9606.ENSP00000229266,0.0,False
HALLMARK_ESTROGEN_RESPONSE_EARLY,KLF4,9606.ENSP00000363804,0.0,False
HALLMARK_ESTROGEN_RESPONSE_EARLY,KCNK5,9606.ENSP00000352527,0.0,False
HALLMARK_ESTROGEN_RESPONSE_EARLY,FKBP5,9606.ENSP00000444810,0.0,False
HALLMARK_ESTROGEN_RESPONSE_EARLY,SH3BP5,9606.ENSP00000373301,0.0,False
HALLMARK_ESTROGEN_RESPONSE_EARLY,SLC1A4,9606.ENSP00000234256,0.0,False
HALLMARK_ESTROGEN_RESPONSE_EARLY,BCL11B,9606.ENSP00000349723,0.0,False
HALLMARK_ESTROGEN_RESPONSE_EARLY,WWC1,9606.ENSP00000427772,0.0,False
HALLMARK_ESTROGEN_RESPONSE_EARLY,CLDN7,9606.ENSP00000353475,0.0,False
HALLMARK_ESTROGEN_RESPONSE_EARLY,SVIL,9606.ENSP00000348128,0.0,False
HALLMARK_ESTROGEN_RESPONSE_EARLY,CELSR1,9606.ENSP00000262738,0.0,False
HALLMARK_ESTROGEN_RESPONSE_EARLY,MYBBP1A,9606.ENSP00000370968,0.0,False
HALLMARK_ESTROGEN_RESPONSE_EARLY,NADSYN1,9606.ENSP00000326424,0.005154639175257732,False
HALLMARK_ESTROGEN_RESPONSE_EARLY,ADCY1,9606.ENSP00000297323,0.005154639175257732,False
HALLMARK_ESTROGEN_RESPONSE_EARLY,BHLHE40,9606.ENSP00000256495,0.0,False
HALLMARK_ESTROGEN_RESPONSE_EARLY,FHL2,9606.ENSP00000386892,0.0,False
HALLMARK_ESTROGEN_RESPONSE_EARLY,FOXC1,9606.ENSP00000493906,0.0,False
HALLMARK_ESTROGEN_RESPONSE_EARLY,NPY1R,9606.ENSP00000354652,0.0,False
HALLMARK_ESTROGEN_RESPONSE_EARLY,KRT19,9606.ENSP00000355124,0.0,False
HALLMARK_ESTROGEN_RESPONSE_EARLY,MAST4,9606.ENSP00000385727,0.0,False
HALLMARK_ESTROGEN_RESPONSE_EARLY,DHCR7,9606.ENSP00000347717,0.005154639175257732,False
HALLMARK_ESTROGEN_RESPONSE_EARLY,FCMR,9606.ENSP00000356058,0.0,False
HALLMARK_ESTROGEN_RESPONSE_EARLY,SYT12,9606.ENSP00000377520,0.0,False
HALLMARK_ESTROGEN_RESPONSE_EARLY,HSPB8,9606.ENSP00000281938,0.0,False
HALLMARK_ESTROGEN_RESPONSE_EARLY,PPIF,9606.ENSP00000225174,0.0,False
HALLMARK_ESTROGEN_RESPONSE_EARLY,ENDOD1,9606.ENSP00000278505,0.0,False
HALLMARK_ESTROGEN_RESPONSE_EARLY,SNX24,9606.ENSP00000261369,0.0,False
HALLMARK_ESTROGEN_RESPONSE_EARLY,AREG,9606.ENSP00000379097,0.0,False
HALLMARK_ESTROGEN_RESPONSE_EARLY,ADD3,9606.ENSP00000348381,0.0,False
HALLMARK_ESTROGEN_RESPONSE_EARLY,SLC7A2,9606.ENSP00000004531,0.0,False
HALLMARK_ESTROGEN_RESPONSE_EARLY,ELOVL2,9606.ENSP00000346693,0.0,False
HALLMARK_ESTROGEN_RESPONSE_EARLY,AKAP1,9606.ENSP00000478212,0.0,False
HALLMARK_ESTROGEN_RESPONSE_EARLY,CLIC3,9606.ENSP00000419378,0.0,False
HALLMARK_ESTROGEN_RESPONSE_EARLY,SEC14L2,9606.ENSP00000478755,0.0,False
HALLMARK_ESTROGEN_RESPONSE_EARLY,RHOD,9606.ENSP00000308576,0.0,False
HALLMARK_ESTROGEN_RESPONSE_EARLY,RHOBTB3,9606.ENSP00000369318,0.0,False
HALLMARK_ESTROGEN_RESPONSE_LATE,MOCS2,9606.ENSP00000380157,0.005235602094240838,False
HALLMARK_ESTROGEN_RESPONSE_LATE,SLC29A1,9606.ENSP00000498610,0.0,False
HALLMARK_ESTROGEN_RESPONSE_LATE,JAK1,9606.ENSP00000499900,0.005235602094240838,False
HALLMARK_ESTROGEN_RESPONSE_LATE,PTGER3,9606.ENSP00000349003,0.005235602094240838,False
HALLMARK_ESTROGEN_RESPONSE_LATE,FARP1,9606.ENSP00000486285,0.0,False
HALLMARK_ESTROGEN_RESPONSE_LATE,SLC26A2,9606.ENSP00000286298,0.0,False
HALLMARK_ESTROGEN_RESPONSE_LATE,SLC27A2,9606.ENSP00000267842,0.0,False
HALLMARK_ESTROGEN_RESPONSE_LATE,EGR3,9606.ENSP00000318057,0.010471204188481676,False
HALLMARK_ESTROGEN_RESPONSE_LATE,IDH2,9606.ENSP00000331897,0.0,False
HALLMARK_ESTROGEN_RESPONSE_LATE,SLC7A5,9606.ENSP00000261622,0.0,False
HALLMARK_ESTROGEN_RESPONSE_LATE,STIL,9606.ENSP00000360944,0.0,False
HALLMARK_ESTROGEN_RESPONSE_LATE,TNNC1,9606.ENSP00000232975,0.0,False
HALLMARK_ESTROGEN_RESPONSE_LATE,WFS1,9606.ENSP00000226760,0.005235602094240838,False
HALLMARK_ESTROGEN_RESPONSE_LATE,ASCL1,9606.ENSP00000266744,0.0,False
HALLMARK_ESTROGEN_RESPONSE_LATE,BCL2,9606.ENSP00000381185,0.005235602094240838,False
HALLMARK_ESTROGEN_RESPONSE_LATE,RAPGEFL1,9606.ENSP00000479735,0.0,False
HALLMARK_ESTROGEN_RESPONSE_LATE,FRK,9606.ENSP00000476145,0.0,False
HALLMARK_ESTROGEN_RESPONSE_LATE,MICB,9606.ENSP00000252229,0.0,False
HALLMARK_ESTROGEN_RESPONSE_LATE,ATP2B4,9606.ENSP00000350310,0.0,False
HALLMARK_ESTROGEN_RESPONSE_LATE,BATF,9606.ENSP00000286639,0.0,False
HALLMARK_ESTROGEN_RESPONSE_LATE,SERPINA5,9606.ENSP00000333203,0.0,False
HALLMARK_ESTROGEN_RESPONSE_LATE,CD9,9606.ENSP00000371958,0.0,False
HALLMARK_ESTROGEN_RESPONSE_LATE,SEMA3B,9606.ENSP00000480680,0.0,False
HALLMARK_ESTROGEN_RESPONSE_LATE,TRIM29,9606.ENSP00000343129,0.0,False
HALLMARK_ESTROGEN_RESPONSE_LATE,CDH1,9606.ENSP00000261769,0.0,False
HALLMARK_ESTROGEN_RESPONSE_LATE,ST14,9606.ENSP00000278742,0.0,False
HALLMARK_ESTROGEN_RESPONSE_LATE,PAPSS2,9606.ENSP00000406157,0.0,False
HALLMARK_ESTROGEN_RESPONSE_LATE,SLC16A1,9606.ENSP00000441065,0.0,False
HALLMARK_ESTROGEN_RESPONSE_LATE,TST,9606.ENSP00000385828,0.005235602094240838,False
HALLMARK_ESTROGEN_RESPONSE_LATE,ASS1,9606.ENSP00000361471,0.0,False
HALLMARK_ESTROGEN_RESPONSE_LATE,IGFBP4,9606.ENSP00000269593,0.0,False
HALLMARK_ESTROGEN_RESPONSE_LATE,MYB,9606.ENSP00000339992,0.0,False
HALLMARK_ESTROGEN_RESPONSE_LATE,DNAJC1,9606.ENSP00000366179,0.0,False
HALLMARK_ESTROGEN_RESPONSE_LATE,TIAM1,9606.ENSP00000286827,0.0,False
HALLMARK_ESTROGEN_RESPONSE_LATE,LAMC2,9606.ENSP00000264144,0.0,False
HALLMARK_ESTROGEN_RESPONSE_LATE,TFPI2,9606.ENSP00000222543,0.0,False
HALLMARK_ESTROGEN_RESPONSE_LATE,XBP1,9606.ENSP00000216037,0.005235602094240838,False
HALLMARK_ESTROGEN_RESPONSE_LATE,SLC22A5,9606.ENSP00000402760,0.0,False
HALLMARK_ESTROGEN_RESPONSE_LATE,PLXNB1,9606.ENSP00000351338,0.0,False
HALLMARK_ESTROGEN_RESPONSE_LATE,SLC24A3,9606.ENSP00000333519,0.0,False
HALLMARK_ESTROGEN_RESPONSE_LATE,SORD,9606.ENSP00000267814,0.0,False
HALLMARK_ESTROGEN_RESPONSE_LATE,AGR2,9606.ENSP00000391490,0.0,False
HALLMARK_ESTROGEN_RESPONSE_LATE,OLFM1,9606.ENSP00000360858,0.0,False
HALLMARK_ESTROGEN_RESPONSE_LATE,FKBP4,9606.ENSP00000001008,0.0,False
HALLMARK_ESTROGEN_RESPONSE_LATE,PTGES,9606.ENSP00000342385,0.005235602094240838,False
HALLMARK_ESTROGEN_RESPONSE_LATE,SGK1,9606.ENSP00000356832,0.005235602094240838,False
HALLMARK_ESTROGEN_RESPONSE_LATE,OVOL2,9606.ENSP00000278780,0.0,False
HALLMARK_ESTROGEN_RESPONSE_LATE,ANXA9,9606.ENSP00000357943,0.0,False
HALLMARK_ESTROGEN_RESPONSE_LATE,CKB,9606.ENSP00000299198,0.0,False
HALLMARK_ESTROGEN_RESPONSE_LATE,CAV1,9606.ENSP00000339191,0.005235602094240838,False
HALLMARK_ESTROGEN_RESPONSE_LATE,FDFT1,9606.ENSP00000491537,0.0,False
HALLMARK_ESTROGEN_RESPONSE_LATE,SIAH2,9606.ENSP00000322457,0.0,False
HALLMARK_ESTROGEN_RESPONSE_LATE,JAK2,9606.ENSP00000371067,0.005235602094240838,False
HALLMARK_ESTROGEN_RESPONSE_LATE,SERPINA3,9606.ENSP00000450540,0.0,False
HALLMARK_ESTROGEN_RESPONSE_LATE,TFF1,9606.ENSP00000291527,0.0,False
HALLMARK_ESTROGEN_RESPONSE_LATE,TOB1,9606.ENSP00000427695,0.0,False
HALLMARK_ESTROGEN_RESPONSE_LATE,SLC2A8,9606.ENSP00000362469,0.0,False
HALLMARK_ESTROGEN_RESPONSE_LATE,KIF20A,9606.ENSP00000378356,0.0,False
HALLMARK_ESTROGEN_RESPONSE_LATE,COX6C,9606.ENSP00000429707,0.0,False
HALLMARK_ESTROGEN_RESPONSE_LATE,DYNLT3,9606.ENSP00000367841,0.0,False
HALLMARK_ESTROGEN_RESPONSE_LATE,SERPINA1,9606.ENSP00000416066,0.0,False
HALLMARK_ESTROGEN_RESPONSE_LATE,PERP,9606.ENSP00000397157,0.0,False
HALLMARK_ESTROGEN_RESPONSE_LATE,PLK4,9606.ENSP00000270861,0.0,False
HALLMARK_ESTROGEN_RESPONSE_LATE,CA12,9606.ENSP00000178638,0.0,False
HALLMARK_ESTROGEN_RESPONSE_LATE,CCNA1,9606.ENSP00000255465,0.0,False
HALLMARK_ESTROGEN_RESPONSE_LATE,ITPK1,9606.ENSP00000267615,0.0,False
HALLMARK_ESTROGEN_RESPONSE_LATE,RPS6KA2,9606.ENSP00000422435,0.0,False
HALLMARK_ESTROGEN_RESPONSE_LATE,RABEP1,9606.ENSP00000445408,0.0,False
HALLMARK_ESTROGEN_RESPONSE_LATE,OPN3,9606.ENSP00000355512,0.0,False
HALLMARK_ESTROGEN_RESPONSE_LATE,EMP2,9606.ENSP00000352540,0.0,False
HALLMARK_ESTROGEN_RESPONSE_LATE,TFF3,9606.ENSP00000430690,0.0,False
HALLMARK_ESTROGEN_RESPONSE_LATE,CPE,9606.ENSP00000386104,0.0,False
HALLMARK_ESTROGEN_RESPONSE_LATE,SCARB1,9606.ENSP00000261693,0.0,False
HALLMARK_ESTROGEN_RESPONSE_LATE,NMU,9606.ENSP00000264218,0.0,False
HALLMARK_ESTROGEN_RESPONSE_LATE,PDCD4,9606.ENSP00000280154,0.0,False
HALLMARK_ESTROGEN_RESPONSE_LATE,GLA,9606.ENSP00000218516,0.0,False
HALLMARK_ESTROGEN_RESPONSE_LATE,ARL3,9606.ENSP00000260746,0.0,False
HALLMARK_ESTROGEN_RESPONSE_LATE,MAPT,9606.ENSP00000340820,0.0,False
HALLMARK_ESTROGEN_RESPONSE_LATE,SFN,9606.ENSP00000340989,0.005235602094240838,False
HALLMARK_ESTROGEN_RESPONSE_LATE,SULT2B1,9606.ENSP00000201586,0.0,False
HALLMARK_ESTROGEN_RESPONSE_LATE,CYP26B1,9606.ENSP00000001146,0.0,False
HALLMARK_ESTROGEN_RESPONSE_LATE,ALDH3B1,9606.ENSP00000473990,0.0,False
HALLMARK_ESTROGEN_RESPONSE_LATE,GAL,9606.ENSP00000265643,0.0,False
HALLMARK_ESTROGEN_RESPONSE_LATE,CDC20,9606.ENSP00000361540,0.0,False
HALLMARK_ESTROGEN_RESPONSE_LATE,FOS,9606.ENSP00000306245,0.005235602094240838,False
HALLMARK_ESTROGEN_RESPONSE_LATE,MEST,9606.ENSP00000223215,0.0,False
HALLMARK_ESTROGEN_RESPONSE_LATE,PKP3,9606.ENSP00000331678,0.005235602094240838,False
HALLMARK_ESTROGEN_RESPONSE_LATE,FGFR3,9606.ENSP00000339824,0.0,False
HALLMARK_ESTROGEN_RESPONSE_LATE,SNX10,9606.ENSP00000395474,0.0,False
HALLMARK_ESTROGEN_RESPONSE_LATE,TPD52L1,9606.ENSP00000306285,0.0,False
HALLMARK_ESTROGEN_RESPONSE_LATE,KLK10,9606.ENSP00000311746,0.0,False
HALLMARK_ESTROGEN_RESPONSE_LATE,CELSR2,9606.ENSP00000271332,0.0,False
HALLMARK_ESTROGEN_RESPONSE_LATE,DUSP2,9606.ENSP00000288943,0.0,False
HALLMARK_ESTROGEN_RESPONSE_LATE,FLNB,9606.ENSP00000420213,0.0,False
HALLMARK_ESTROGEN_RESPONSE_LATE,LTF,9606.ENSP00000231751,0.0,False
HALLMARK_ESTROGEN_RESPONSE_LATE,TPBG,9606.ENSP00000358765,0.0,False
HALLMARK_ESTROGEN_RESPONSE_LATE,CHST8,9606.ENSP00000262622,0.0,False
HALLMARK_ESTROGEN_RESPONSE_LATE,ABHD2,9606.ENSP00000268129,0.0,False
HALLMARK_ESTROGEN_RESPONSE_LATE,TMPRSS3,9606.ENSP00000411013,0.0,False
HALLMARK_ESTROGEN_RESPONSE_LATE,NRIP1,9606.ENSP00000327213,0.0,False
HALLMARK_ESTROGEN_RESPONSE_LATE,GJB3,9606.ENSP00000362464,0.0,False
HALLMARK_ESTROGEN_RESPONSE_LATE,KLK11,9606.ENSP00000473047,0.0,False
HALLMARK_ESTROGEN_RESPONSE_LATE,CXCL14,9606.ENSP00000337065,0.0,False
HALLMARK_ESTROGEN_RESPONSE_LATE,ACOX2,9606.ENSP00000307697,0.0,False
HALLMARK_ESTROGEN_RESPONSE_LATE,PLAAT3,9606.ENSP00000320337,0.0,False
HALLMARK_ESTROGEN_RESPONSE_LATE,HPRT1,9606.ENSP00000298556,0.0,False
HALLMARK_ESTROGEN_RESPONSE_LATE,ELOVL5,9606.ENSP00000359956,0.0,False
HALLMARK_ESTROGEN_RESPONSE_LATE,HR,9606.ENSP00000370826,0.0,False
HALLMARK_ESTROGEN_RESPONSE_LATE,CD44,9606.ENSP00000398632,0.005235602094240838,False
HALLMARK_ESTROGEN_RESPONSE_LATE,SCUBE2,9606.ENSP00000310658,0.0,False
HALLMARK_ESTROGEN_RESPONSE_LATE,CA2,9606.ENSP00000285379,0.0,False
HALLMARK_ESTROGEN_RESPONSE_LATE,CYP4F11,9606.ENSP00000384588,0.0,False
HALLMARK_ESTROGEN_RESPONSE_LATE,PRLR,9606.ENSP00000482954,0.005235602094240838,False
HALLMARK_ESTROGEN_RESPONSE_LATE,ABCA3,9606.ENSP00000301732,0.0,False
HALLMARK_ESTROGEN_RESPONSE_LATE,HSPA4L,9606.ENSP00000296464,0.0,False
HALLMARK_ESTROGEN_RESPONSE_LATE,TFAP2C,9606.ENSP00000201031,0.0,False
HALLMARK_ESTROGEN_RESPONSE_LATE,CCND1,9606.ENSP00000227507,0.0,False
HALLMARK_ESTROGEN_RESPONSE_LATE,RAB31,9606.ENSP00000461945,0.0,False
HALLMARK_ESTROGEN_RESPONSE_LATE,HOMER2,9606.ENSP00000305632,0.0,False
HALLMARK_ESTROGEN_RESPONSE_LATE,ETFB,9606.ENSP00000346173,0.0,False
HALLMARK_ESTROGEN_RESPONSE_LATE,ZFP36,9606.ENSP00000471239,0.0,False
HALLMARK_ESTROGEN_RESPONSE_LATE,PRSS23,9606.ENSP00000280258,0.0,False
HALLMARK_ESTROGEN_RESPONSE_LATE,NAB2,9606.ENSP00000300131,0.005235602094240838,False
HALLMARK_ESTROGEN_RESPONSE_LATE,IGSF1,9606.ENSP00000359940,0.0,False
HALLMARK_ESTROGEN_RESPONSE_LATE,TPSAB1,9606.ENSP00000343577,0.0,False
HALLMARK_ESTROGEN_RESPONSE_LATE,AMFR,9606.ENSP00000290649,0.0,False
HALLMARK_ESTROGEN_RESPONSE_LATE,IL17RB,9606.ENSP00000288167,0.0,False
HALLMARK_ESTROGEN_RESPONSE_LATE,SCNN1A,9606.ENSP00000353292,0.005235602094240838,False
HALLMARK_ESTROGEN_RESPONSE_LATE,CDC6,9606.ENSP00000209728,0.0,False
HALLMARK_ESTROGEN_RESPONSE_LATE,METTL3,9606.ENSP00000298717,0.0,False
HALLMARK_ESTROGEN_RESPONSE_LATE,FABP5,9606.ENSP00000297258,0.0,False
HALLMARK_ESTROGEN_RESPONSE_LATE,BLVRB,9606.ENSP00000263368,0.0,False
HALLMARK_ESTROGEN_RESPONSE_LATE,LLGL2,9606.ENSP00000376333,0.0,False
HALLMARK_ESTROGEN_RESPONSE_LATE,CISH,9606.ENSP00000409346,0.0,False
HALLMARK_ESTROGEN_RESPONSE_LATE,RBBP8,9606.ENSP00000382628,0.0,False
HALLMARK_ESTROGEN_RESPONSE_LATE,TJP3,9606.ENSP00000465419,0.0,False
HALLMARK_ESTROGEN_RESPONSE_LATE,RET,9606.ENSP00000347942,0.0,False
HALLMARK_ESTROGEN_RESPONSE_LATE,HMGCS2,9606.ENSP00000358414,0.0,False
HALLMARK_ESTROGEN_RESPONSE_LATE,NXT1,9606.ENSP00000254998,0.0,False
HALLMARK_ESTROGEN_RESPONSE_LATE,IL6ST,9606.ENSP00000370698,0.005235602094240838,False
HALLMARK_ESTROGEN_RESPONSE_LATE,AFF1,9606.ENSP00000378578,0.0,False
HALLMARK_ESTROGEN_RESPONSE_LATE,BTG3,9606.ENSP00000344609,0.0,False
HALLMARK_ESTROGEN_RESPONSE_LATE,UNC13B,9606.ENSP00000479261,0.0,False
HALLMARK_ESTROGEN_RESPONSE_LATE,BAG1,9606.ENSP00000489189,0.0,False
HALLMARK_ESTROGEN_RESPONSE_LATE,PGR,9606.ENSP00000325120,0.0,False
HALLMARK_ESTROGEN_RESPONSE_LATE,PDZK1,9606.ENSP00000342143,0.0,False
HALLMARK_ESTROGEN_RESPONSE_LATE,CXCL12,9606.ENSP00000379140,0.010471204188481676,False
HALLMARK_ESTROGEN_RESPONSE_LATE,ALDH3A2,9606.ENSP00000345774,0.0,False
HALLMARK_ESTROGEN_RESPONSE_LATE,DHRS2,9606.ENSP00000344674,0.0,False
HALLMARK_ESTROGEN_RESPONSE_LATE,LSR,9606.ENSP00000480821,0.0,False
HALLMARK_ESTROGEN_RESPONSE_LATE,NCOR2,9606.ENSP00000384018,0.0,False
HALLMARK_ESTROGEN_RESPONSE_LATE,UGDH,9606.ENSP00000319501,0.0,False
HALLMARK_ESTROGEN_RESPONSE_LATE,ID2,9606.ENSP00000234091,0.0,False
HALLMARK_ESTROGEN_RESPONSE_LATE,DLG5,9606.ENSP00000361467,0.0,False
HALLMARK_ESTROGEN_RESPONSE_LATE,MYOF,9606.ENSP00000352208,0.0,False
HALLMARK_ESTROGEN_RESPONSE_LATE,NBL1,9606.ENSP00000289749,0.0,False
HALLMARK_ESTROGEN_RESPONSE_LATE,MDK,9606.ENSP00000385451,0.0,False
HALLMARK_ESTROGEN_RESPONSE_LATE,CCN5,9606.ENSP00000361959,0.0,False
HALLMARK_ESTROGEN_RESPONSE_LATE,PDLIM3,9606.ENSP00000284767,0.0,False
HALLMARK_ESTROGEN_RESPONSE_LATE,SLC1A4,9606.ENSP00000234256,0.0,False
HALLMARK_ESTROGEN_RESPONSE_LATE,CHPT1,9606.ENSP00000229266,0.0,False
HALLMARK_ESTROGEN_RESPONSE_LATE,KLF4,9606.ENSP00000363804,0.0,False
HALLMARK_ESTROGEN_RESPONSE_LATE,KCNK5,9606.ENSP00000352527,0.0,False
HALLMARK_ESTROGEN_RESPONSE_LATE,FKBP5,9606.ENSP00000444810,0.0,False
HALLMARK_ESTROGEN_RESPONSE_LATE,MAPK13,9606.ENSP00000211287,0.0,False
HALLMARK_ESTROGEN_RESPONSE_LATE,S100A9,9606.ENSP00000357727,0.0,False
HALLMARK_ESTROGEN_RESPONSE_LATE,LARGE1,9606.ENSP00000347088,0.0,False
HALLMARK_ESTROGEN_RESPONSE_LATE,GPER1,9606.ENSP00000380281,0.0,False
HALLMARK_ESTROGEN_RESPONSE_LATE,ST6GALNAC2,9606.ENSP00000225276,0.0,False
HALLMARK_ESTROGEN_RESPONSE_LATE,TSPAN13,9606.ENSP00000262067,0.0,False
HALLMARK_ESTROGEN_RESPONSE_LATE,CACNA2D2,9606.ENSP00000418081,0.0,False
HALLMARK_ESTROGEN_RESPONSE_LATE,IMPA2,9606.ENSP00000269159,0.0,False
HALLMARK_ESTROGEN_RESPONSE_LATE,GINS2,9606.ENSP00000253462,0.0,False
HALLMARK_ESTROGEN_RESPONSE_LATE,DNAJC12,9606.ENSP00000225171,0.0,False
HALLMARK_ESTROGEN_RESPONSE_LATE,GALE,9606.ENSP00000483375,0.0,False
HALLMARK_ESTROGEN_RESPONSE_LATE,FOXC1,9606.ENSP00000493906,0.0,False
HALLMARK_ESTROGEN_RESPONSE_LATE,NPY1R,9606.ENSP00000354652,0.0,False
HALLMARK_ESTROGEN_RESPONSE_LATE,KRT19,9606.ENSP00000355124,0.0,False
HALLMARK_ESTROGEN_RESPONSE_LATE,PTPN6,9606.ENSP00000391592,0.0,False
HALLMARK_ESTROGEN_RESPONSE_LATE,PRKAR2B,9606.ENSP00000265717,0.0,False
HALLMARK_ESTROGEN_RESPONSE_LATE,TOP2A,9606.ENSP00000411532,0.0,False
HALLMARK_ESTROGEN_RESPONSE_LATE,DHCR7,9606.ENSP00000347717,0.0,False
HALLMARK_ESTROGEN_RESPONSE_LATE,XRCC3,9606.ENSP00000451974,0.0,False
HALLMARK_ESTROGEN_RESPONSE_LATE,HSPB8,9606.ENSP00000281938,0.0,False
HALLMARK_ESTROGEN_RESPONSE_LATE,PLAC1,9606.ENSP00000352173,0.0,False
HALLMARK_ESTROGEN_RESPONSE_LATE,DCXR,9606.ENSP00000303356,0.0,False
HALLMARK_ESTROGEN_RESPONSE_LATE,PCP4,9606.ENSP00000329403,0.0,False
HALLMARK_ESTROGEN_RESPONSE_LATE,PPIF,9606.ENSP00000225174,0.0,False
HALLMARK_ESTROGEN_RESPONSE_LATE,AREG,9606.ENSP00000379097,0.0,False
HALLMARK_ESTROGEN_RESPONSE_LATE,ADD3,9606.ENSP00000348381,0.005235602094240838,False
HALLMARK_ESTROGEN_RESPONSE_LATE,ISG20,9606.ENSP00000306565,0.0,False
HALLMARK_ESTROGEN_RESPONSE_LATE,CLIC3,9606.ENSP00000419378,0.0,False
HALLMARK_FATTY_ACID_METABOLISM,HSD17B10,9606.ENSP00000168216,0.007142857142857143,False
HALLMARK_FATTY_ACID_METABOLISM,G0S2,9606.ENSP00000355996,0.0,False
HALLMARK_FATTY_ACID_METABOLISM,HSD17B11,9606.ENSP00000351035,0.0,False
HALLMARK_FATTY_ACID_METABOLISM,ACSL5,9606.ENSP00000348429,0.014285714285714285,False
HALLMARK_FATTY_ACID_METABOLISM,ACSL4,9606.ENSP00000339787,0.007142857142857143,False
HALLMARK_FATTY_ACID_METABOLISM,NBN,9606.ENSP00000265433,0.0,False
HALLMARK_FATTY_ACID_METABOLISM,ACADS,9606.ENSP00000242592,0.007142857142857143,False
HALLMARK_FATTY_ACID_METABOLISM,TDO2,9606.ENSP00000444788,0.007142857142857143,False
HALLMARK_FATTY_ACID_METABOLISM,CEL,9606.ENSP00000501111,0.0,False
HALLMARK_FATTY_ACID_METABOLISM,INMT,9606.ENSP00000013222,0.0,False
HALLMARK_FATTY_ACID_METABOLISM,ALDOA,9606.ENSP00000496166,0.0,False
HALLMARK_FATTY_ACID_METABOLISM,NSDHL,9606.ENSP00000359297,0.007142857142857143,False
HALLMARK_FATTY_ACID_METABOLISM,UBE2L6,9606.ENSP00000287156,0.0,False
HALLMARK_FATTY_ACID_METABOLISM,GPD1,9606.ENSP00000301149,0.007142857142857143,False
HALLMARK_FATTY_ACID_METABOLISM,GRHPR,9606.ENSP00000313432,0.007142857142857143,False
HALLMARK_FATTY_ACID_METABOLISM,ALDH9A1,9606.ENSP00000346827,0.007142857142857143,False
HALLMARK_FATTY_ACID_METABOLISM,IDH3B,9606.ENSP00000482773,0.02142857142857143,False
HALLMARK_FATTY_ACID_METABOLISM,ACADVL,9606.ENSP00000438689,0.014285714285714285,False
HALLMARK_FATTY_ACID_METABOLISM,CRAT,9606.ENSP00000315013,0.0,False
HALLMARK_FATTY_ACID_METABOLISM,PRDX6,9606.ENSP00000342026,0.0,False
HALLMARK_FATTY_ACID_METABOLISM,HSD17B4,9606.ENSP00000411960,0.0,False
HALLMARK_FATTY_ACID_METABOLISM,IDI1,9606.ENSP00000370748,0.0,False
HALLMARK_FATTY_ACID_METABOLISM,HADHB,9606.ENSP00000325136,0.02142857142857143,False
HALLMARK_FATTY_ACID_METABOLISM,DHCR24,9606.ENSP00000360316,0.007142857142857143,False
HALLMARK_FATTY_ACID_METABOLISM,LGALS1,9606.ENSP00000215909,0.0,False
HALLMARK_FATTY_ACID_METABOLISM,RAP1GDS1,9606.ENSP00000340454,0.0,False
HALLMARK_FATTY_ACID_METABOLISM,MCEE,9606.ENSP00000244217,0.0,False
HALLMARK_FATTY_ACID_METABOLISM,HMGCL,9606.ENSP00000363614,0.007142857142857143,False
HALLMARK_FATTY_ACID_METABOLISM,MLYCD,9606.ENSP00000262430,0.0,False
HALLMARK_FATTY_ACID_METABOLISM,HPGD,9606.ENSP00000296522,0.0,False
HALLMARK_FATTY_ACID_METABOLISM,IL4I1,9606.ENSP00000472474,0.007142857142857143,False
HALLMARK_FATTY_ACID_METABOLISM,SLC22A5,9606.ENSP00000402760,0.0,False
HALLMARK_FATTY_ACID_METABOLISM,ADH1C,9606.ENSP00000426083,0.0,False
HALLMARK_FATTY_ACID_METABOLISM,FMO1,9606.ENSP00000346901,0.0,False
HALLMARK_FATTY_ACID_METABOLISM,IDH3G,9606.ENSP00000217901,0.014285714285714285,False
HALLMARK_FATTY_ACID_METABOLISM,S100A10,9606.ENSP00000357801,0.0,False
HALLMARK_FATTY_ACID_METABOLISM,TP53INP2,9606.ENSP00000363943,0.0,False
HALLMARK_FATTY_ACID_METABOLISM,REEP6,9606.ENSP00000233596,0.0,False
HALLMARK_FATTY_ACID_METABOLISM,PCBD1,9606.ENSP00000299299,0.007142857142857143,False
HALLMARK_FATTY_ACID_METABOLISM,BPHL,9606.ENSP00000369739,0.0,False
HALLMARK_FATTY_ACID_METABOLISM,HSDL2,9606.ENSP00000381785,0.0,False
HALLMARK_FATTY_ACID_METABOLISM,GPD2,9606.ENSP00000308610,0.007142857142857143,False
HALLMARK_FATTY_ACID_METABOLISM,EHHADH,9606.ENSP00000231887,0.014285714285714285,False
HALLMARK_FATTY_ACID_METABOLISM,D2HGDH,9606.ENSP00000315351,0.0,False
HALLMARK_FATTY_ACID_METABOLISM,SUCLA2,9606.ENSP00000494360,0.007142857142857143,False
HALLMARK_FATTY_ACID_METABOLISM,CPT1A,9606.ENSP00000265641,0.014285714285714285,False
HALLMARK_FATTY_ACID_METABOLISM,CD1D,9606.ENSP00000501245,0.0,False
HALLMARK_FATTY_ACID_METABOLISM,ACAT2,9606.ENSP00000356015,0.02142857142857143,False
HALLMARK_FATTY_ACID_METABOLISM,SMS,9606.ENSP00000385746,0.0,False
HALLMARK_FATTY_ACID_METABOLISM,EPHX1,9606.ENSP00000480004,0.0,False
HALLMARK_FATTY_ACID_METABOLISM,ECI2,9606.ENSP00000369461,0.0,False
HALLMARK_FATTY_ACID_METABOLISM,ENO3,9606.ENSP00000324105,0.0,False
HALLMARK_FATTY_ACID_METABOLISM,KMT5A,9606.ENSP00000384629,0.0,False
HALLMARK_FATTY_ACID_METABOLISM,FH,9606.ENSP00000355518,0.014285714285714285,False
HALLMARK_FATTY_ACID_METABOLISM,HSD17B7,9606.ENSP00000254521,0.0,False
HALLMARK_FATTY_ACID_METABOLISM,DECR1,9606.ENSP00000220764,0.0,False
HALLMARK_FATTY_ACID_METABOLISM,CD36,9606.ENSP00000415743,0.007142857142857143,False
HALLMARK_FATTY_ACID_METABOLISM,GLUL,9606.ENSP00000307900,0.0,False
HALLMARK_FATTY_ACID_METABOLISM,PPARA,9606.ENSP00000385523,0.0,False
HALLMARK_FATTY_ACID_METABOLISM,ENO2,9606.ENSP00000437402,0.0,False
HALLMARK_FATTY_ACID_METABOLISM,RETSAT,9606.ENSP00000295802,0.0,False
HALLMARK_FATTY_ACID_METABOLISM,AUH,9606.ENSP00000364883,0.007142857142857143,False
HALLMARK_FATTY_ACID_METABOLISM,FASN,9606.ENSP00000304592,0.007142857142857143,False
HALLMARK_FATTY_ACID_METABOLISM,ERP29,9606.ENSP00000261735,0.0,False
HALLMARK_FATTY_ACID_METABOLISM,SUCLG2,9606.ENSP00000419325,0.0,False
HALLMARK_FATTY_ACID_METABOLISM,ACSL1,9606.ENSP00000422607,0.014285714285714285,False
HALLMARK_FATTY_ACID_METABOLISM,PDHA1,9606.ENSP00000369134,0.0,False
HALLMARK_FATTY_ACID_METABOLISM,MAOA,9606.ENSP00000340684,0.014285714285714285,False
HALLMARK_FATTY_ACID_METABOLISM,ADSL,9606.ENSP00000485525,0.007142857142857143,False
HALLMARK_FATTY_ACID_METABOLISM,CBR3,9606.ENSP00000290354,0.007142857142857143,False
HALLMARK_FATTY_ACID_METABOLISM,H2AZ1,9606.ENSP00000296417,0.0,False
HALLMARK_FATTY_ACID_METABOLISM,PDHB,9606.ENSP00000307241,0.007142857142857143,False
HALLMARK_FATTY_ACID_METABOLISM,HCCS,9606.ENSP00000370139,0.0,False
HALLMARK_FATTY_ACID_METABOLISM,ACO2,9606.ENSP00000216254,0.014285714285714285,False
HALLMARK_FATTY_ACID_METABOLISM,CPOX,9606.ENSP00000497326,0.0,False
HALLMARK_FATTY_ACID_METABOLISM,ME1,9606.ENSP00000358719,0.007142857142857143,False
HALLMARK_FATTY_ACID_METABOLISM,UROD,9606.ENSP00000246337,0.0,False
HALLMARK_FATTY_ACID_METABOLISM,PSME1,9606.ENSP00000372155,0.0,False
HALLMARK_FATTY_ACID_METABOLISM,ELOVL5,9606.ENSP00000359956,0.0,False
HALLMARK_FATTY_ACID_METABOLISM,GSTZ1,9606.ENSP00000451976,0.0,False
HALLMARK_FATTY_ACID_METABOLISM,CA2,9606.ENSP00000285379,0.0,False
HALLMARK_FATTY_ACID_METABOLISM,CRYZ,9606.ENSP00000399805,0.0,False
HALLMARK_FATTY_ACID_METABOLISM,AOC3,9606.ENSP00000312326,0.007142857142857143,False
HALLMARK_FATTY_ACID_METABOLISM,HSP90AA1,9606.ENSP00000335153,0.0,False
HALLMARK_FATTY_ACID_METABOLISM,METAP1,9606.ENSP00000296411,0.0,False
HALLMARK_FATTY_ACID_METABOLISM,SDHC,9606.ENSP00000356953,0.007142857142857143,False
HALLMARK_FATTY_ACID_METABOLISM,ETFDH,9606.ENSP00000426638,0.007142857142857143,False
HALLMARK_FATTY_ACID_METABOLISM,ACADM,9606.ENSP00000359871,0.02142857142857143,False
HALLMARK_FATTY_ACID_METABOLISM,ALDH1A1,9606.ENSP00000297785,0.0,False
HALLMARK_FATTY_ACID_METABOLISM,ECHS1,9606.ENSP00000357535,0.02142857142857143,False
HALLMARK_FATTY_ACID_METABOLISM,MGLL,9606.ENSP00000265052,0.0,False
HALLMARK_FATTY_ACID_METABOLISM,APEX1,9606.ENSP00000216714,0.007142857142857143,False
HALLMARK_FATTY_ACID_METABOLISM,GCDH,9606.ENSP00000466845,0.007142857142857143,False
HALLMARK_FATTY_ACID_METABOLISM,HMGCS2,9606.ENSP00000358414,0.007142857142857143,False
HALLMARK_FATTY_ACID_METABOLISM,IDH1,9606.ENSP00000390265,0.007142857142857143,False
HALLMARK_FATTY_ACID_METABOLISM,SERINC1,9606.ENSP00000342962,0.0,False
HALLMARK_FATTY_ACID_METABOLISM,UROS,9606.ENSP00000357787,0.0,False
HALLMARK_FATTY_ACID_METABOLISM,ACAA2,9606.ENSP00000285093,0.014285714285714285,False
HALLMARK_FATTY_ACID_METABOLISM,ACAA1,9606.ENSP00000333664,0.014285714285714285,False
HALLMARK_FATTY_ACID_METABOLISM,VNN1,9606.ENSP00000356905,0.0,False
HALLMARK_FATTY_ACID_METABOLISM,BMPR1B,9606.ENSP00000401907,0.0,False
HALLMARK_FATTY_ACID_METABOLISM,GABARAPL1,9606.ENSP00000411256,0.0,False
HALLMARK_FATTY_ACID_METABOLISM,SDHD,9606.ENSP00000364699,0.0,False
HALLMARK_FATTY_ACID_METABOLISM,CBR1,9606.ENSP00000290349,0.014285714285714285,False
HALLMARK_FATTY_ACID_METABOLISM,SDHA,9606.ENSP00000264932,0.0,False
HALLMARK_FATTY_ACID_METABOLISM,BLVRA,9606.ENSP00000385757,0.0,False
HALLMARK_FATTY_ACID_METABOLISM,ACSS1,9606.ENSP00000316924,0.014285714285714285,False
HALLMARK_FATTY_ACID_METABOLISM,ALDH3A2,9606.ENSP00000345774,0.007142857142857143,False
HALLMARK_FATTY_ACID_METABOLISM,CIDEA,9606.ENSP00000320209,0.0,False
HALLMARK_FATTY_ACID_METABOLISM,UGDH,9606.ENSP00000319501,0.0,False
HALLMARK_FATTY_ACID_METABOLISM,AADAT,9606.ENSP00000423190,0.007142857142857143,False
HALLMARK_FATTY_ACID_METABOLISM,NTHL1,9606.ENSP00000219066,0.007142857142857143,False
HALLMARK_FATTY_ACID_METABOLISM,ACOT2,9606.ENSP00000238651,0.007142857142857143,False
HALLMARK_FATTY_ACID_METABOLISM,HMGCS1,9606.ENSP00000322706,0.014285714285714285,False
HALLMARK_FATTY_ACID_METABOLISM,LTC4S,9606.ENSP00000292596,0.0,False
HALLMARK_FATTY_ACID_METABOLISM,BCKDHB,9606.ENSP00000318351,0.0,False
HALLMARK_FATTY_ACID_METABOLISM,YWHAH,9606.ENSP00000248975,0.0,False
HALLMARK_FATTY_ACID_METABOLISM,HSPH1,9606.ENSP00000487365,0.0,False
HALLMARK_FATTY_ACID_METABOLISM,LDHA,9606.ENSP00000445175,0.0,False
HALLMARK_FATTY_ACID_METABOLISM,SUCLG1,9606.ENSP00000377446,0.007142857142857143,False
HALLMARK_FATTY_ACID_METABOLISM,ALAD,9606.ENSP00000386284,0.0,False
HALLMARK_FATTY_ACID_METABOLISM,MDH2,9606.ENSP00000327070,0.007142857142857143,False
HALLMARK_FATTY_ACID_METABOLISM,ADIPOR2,9606.ENSP00000349616,0.0,False
HALLMARK_FATTY_ACID_METABOLISM,DLST,9606.ENSP00000335304,0.014285714285714285,False
HALLMARK_FATTY_ACID_METABOLISM,ACSM3,9606.ENSP00000289416,0.0,False
HALLMARK_FATTY_ACID_METABOLISM,ECI1,9606.ENSP00000301729,0.007142857142857143,False
HALLMARK_FATTY_ACID_METABOLISM,CPT2,9606.ENSP00000360541,0.007142857142857143,False
HALLMARK_FATTY_ACID_METABOLISM,RDH11,9606.ENSP00000370750,0.0,False
HALLMARK_FATTY_ACID_METABOLISM,DLD,9606.ENSP00000205402,0.014285714285714285,False
HALLMARK_FATTY_ACID_METABOLISM,AQP7,9606.ENSP00000297988,0.0,False
HALLMARK_FATTY_ACID_METABOLISM,PTPRG,9606.ENSP00000418112,0.0,False
HALLMARK_FATTY_ACID_METABOLISM,NCAPH2,9606.ENSP00000299821,0.0,False
HALLMARK_FATTY_ACID_METABOLISM,OSTC,9606.ENSP00000426167,0.0,False
HALLMARK_FATTY_ACID_METABOLISM,ECH1,9606.ENSP00000221418,0.0,False
HALLMARK_FATTY_ACID_METABOLISM,HADH,9606.ENSP00000474560,0.007142857142857143,False
HALLMARK_FATTY_ACID_METABOLISM,ACOT8,9606.ENSP00000217455,0.007142857142857143,False
HALLMARK_FATTY_ACID_METABOLISM,PTS,9606.ENSP00000280362,0.014285714285714285,False
HALLMARK_FATTY_ACID_METABOLISM,HIBCH,9606.ENSP00000352706,0.02142857142857143,False
HALLMARK_FATTY_ACID_METABOLISM,RDH16,9606.ENSP00000381206,0.0,False
HALLMARK_FATTY_ACID_METABOLISM,ACOX1,9606.ENSP00000293217,0.014285714285714285,False
HALLMARK_FATTY_ACID_METABOLISM,ODC1,9606.ENSP00000234111,0.0,False
HALLMARK_G2M_CHECKPOINT,PBK,9606.ENSP00000428489,0.020618556701030927,False
HALLMARK_G2M_CHECKPOINT,ESPL1,9606.ENSP00000257934,0.030927835051546393,False
HALLMARK_G2M_CHECKPOINT,SLC7A5,9606.ENSP00000261622,0.0,False
HALLMARK_G2M_CHECKPOINT,SMAD3,9606.ENSP00000332973,0.010309278350515464,False
HALLMARK_G2M_CHECKPOINT,STIL,9606.ENSP00000360944,0.005154639175257732,False
HALLMARK_G2M_CHECKPOINT,TACC3,9606.ENSP00000326550,0.0,False
HALLMARK_G2M_CHECKPOINT,SLC12A2,9606.ENSP00000262461,0.0,False
HALLMARK_G2M_CHECKPOINT,NUP98,9606.ENSP00000316032,0.0,False
HALLMARK_G2M_CHECKPOINT,HOXC10,9606.ENSP00000307321,0.0,False
HALLMARK_G2M_CHECKPOINT,TLE3,9606.ENSP00000452871,0.0,False
HALLMARK_G2M_CHECKPOINT,KIF20B,9606.ENSP00000360793,0.010309278350515464,False
HALLMARK_G2M_CHECKPOINT,AURKA,9606.ENSP00000216911,0.020618556701030927,False
HALLMARK_G2M_CHECKPOINT,CUL1,9606.ENSP00000326804,0.005154639175257732,False
HALLMARK_G2M_CHECKPOINT,PURA,9606.ENSP00000332706,0.005154639175257732,False
HALLMARK_G2M_CHECKPOINT,CDKN2C,9606.ENSP00000262662,0.005154639175257732,False
HALLMARK_G2M_CHECKPOINT,KATNA1,9606.ENSP00000356381,0.0,False
HALLMARK_G2M_CHECKPOINT,H2BC12,9606.ENSP00000349430,0.005154639175257732,False
HALLMARK_G2M_CHECKPOINT,CDKN3,9606.ENSP00000335357,0.010309278350515464,False
HALLMARK_G2M_CHECKPOINT,NOTCH2,9606.ENSP00000256646,0.0,False
HALLMARK_G2M_CHECKPOINT,CENPA,9606.ENSP00000336868,0.020618556701030927,False
HALLMARK_G2M_CHECKPOINT,MTF2,9606.ENSP00000359321,0.0,False
HALLMARK_G2M_CHECKPOINT,POLA2,9606.ENSP00000265465,0.005154639175257732,False
HALLMARK_G2M_CHECKPOINT,CDKN1B,9606.ENSP00000228872,0.010309278350515464,False
HALLMARK_G2M_CHECKPOINT,EGF,9606.ENSP00000265171,0.0,False
HALLMARK_G2M_CHECKPOINT,SRSF2,9606.ENSP00000376276,0.005154639175257732,False
HALLMARK_G2M_CHECKPOINT,SYNCRIP,9606.ENSP00000358635,0.0,False
HALLMARK_G2M_CHECKPOINT,TNPO2,9606.ENSP00000407182,0.0,False
HALLMARK_G2M_CHECKPOINT,PRMT5,9606.ENSP00000319169,0.015463917525773196,False
HALLMARK_G2M_CHECKPOINT,EFNA5,9606.ENSP00000328777,0.0,False
HALLMARK_G2M_CHECKPOINT,NUMA1,9606.ENSP00000377298,0.005154639175257732,False
HALLMARK_G2M_CHECKPOINT,DDX39A,9606.ENSP00000242776,0.0,False
HALLMARK_G2M_CHECKPOINT,JPT1,9606.ENSP00000348316,0.0,False
HALLMARK_G2M_CHECKPOINT,RBM14,9606.ENSP00000311747,0.0,False
HALLMARK_G2M_CHECKPOINT,CDC7,9606.ENSP00000393139,0.010309278350515464,False
HALLMARK_G2M_CHECKPOINT,MCM5,9606.ENSP00000216122,0.010309278350515464,False
HALLMARK_G2M_CHECKPOINT,LMNB1,9606.ENSP00000261366,0.0,False
HALLMARK_G2M_CHECKPOINT,CCNF,9606.ENSP00000380256,0.005154639175257732,False
HALLMARK_G2M_CHECKPOINT,FANCC,9606.ENSP00000289081,0.005154639175257732,False
HALLMARK_G2M_CHECKPOINT,DMD,9606.ENSP00000354923,0.0,False
HALLMARK_G2M_CHECKPOINT,LIG3,9606.ENSP00000367787,0.005154639175257732,False
HALLMARK_G2M_CHECKPOINT,KPNA2,9606.ENSP00000438483,0.015463917525773196,False
HALLMARK_G2M_CHECKPOINT,DR1,9606.ENSP00000359295,0.0,False
HALLMARK_G2M_CHECKPOINT,CUL3,9606.ENSP00000264414,0.0,False
HALLMARK_G2M_CHECKPOINT,BRCA2,9606.ENSP00000369497,0.020618556701030927,False
HALLMARK_G2M_CHECKPOINT,PRIM2,9606.ENSP00000484105,0.005154639175257732,False
HALLMARK_G2M_CHECKPOINT,SUV39H1,9606.ENSP00000337976,0.0,False
HALLMARK_G2M_CHECKPOINT,E2F3,9606.ENSP00000262904,0.005154639175257732,False
HALLMARK_G2M_CHECKPOINT,TENT4A,9606.ENSP00000488642,0.0,False
HALLMARK_G2M_CHECKPOINT,PLK4,9606.ENSP00000270861,0.010309278350515464,False
HALLMARK_G2M_CHECKPOINT,SFPQ,9606.ENSP00000349748,0.0,False
HALLMARK_G2M_CHECKPOINT,BUB3,9606.ENSP00000357858,0.020618556701030927,False
HALLMARK_G2M_CHECKPOINT,BIRC5,9606.ENSP00000301633,0.02577319587628866,False
HALLMARK_G2M_CHECKPOINT,MYC,9606.ENSP00000478887,0.010309278350515464,False
HALLMARK_G2M_CHECKPOINT,RASAL2,9606.ENSP00000356621,0.0,False
HALLMARK_G2M_CHECKPOINT,STMN1,9606.ENSP00000410452,0.0,False
HALLMARK_G2M_CHECKPOINT,CCNB2,9606.ENSP00000288207,0.020618556701030927,False
HALLMARK_G2M_CHECKPOINT,G3BP1,9606.ENSP00000377681,0.0,False
HALLMARK_G2M_CHECKPOINT,KMT5A,9606.ENSP00000384629,0.0,False
HALLMARK_G2M_CHECKPOINT,HMMR,9606.ENSP00000377492,0.010309278350515464,False
HALLMARK_G2M_CHECKPOINT,SAP30,9606.ENSP00000296504,0.0,False
HALLMARK_G2M_CHECKPOINT,EZH2,9606.ENSP00000320147,0.005154639175257732,False
HALLMARK_G2M_CHECKPOINT,KIF23,9606.ENSP00000260363,0.030927835051546393,False
HALLMARK_G2M_CHECKPOINT,BUB1,9606.ENSP00000302530,0.030927835051546393,False
HALLMARK_G2M_CHECKPOINT,CDC45,9606.ENSP00000405726,0.015463917525773196,False
HALLMARK_G2M_CHECKPOINT,CUL5,9606.ENSP00000376808,0.0,False
HALLMARK_G2M_CHECKPOINT,KIF5B,9606.ENSP00000307078,0.0,False
HALLMARK_G2M_CHECKPOINT,CUL4A,9606.ENSP00000364589,0.0,False
HALLMARK_G2M_CHECKPOINT,NEK2,9606.ENSP00000355966,0.02577319587628866,False
HALLMARK_G2M_CHECKPOINT,HUS1,9606.ENSP00000258774,0.0,False
HALLMARK_G2M_CHECKPOINT,CHMP1A,9606.ENSP00000380998,0.0,False
HALLMARK_G2M_CHECKPOINT,MYBL2,9606.ENSP00000217026,0.010309278350515464,False
HALLMARK_G2M_CHECKPOINT,NOLC1,9606.ENSP00000385410,0.0,False
HALLMARK_G2M_CHECKPOINT,UBE2C,9606.ENSP00000348838,0.010309278350515464,False
HALLMARK_G2M_CHECKPOINT,CDC20,9606.ENSP00000361540,0.015463917525773196,False
HALLMARK_G2M_CHECKPOINT,TRAIP,9606.ENSP00000328203,0.0,False
HALLMARK_G2M_CHECKPOINT,ATF5,9606.ENSP00000396954,0.0,False
HALLMARK_G2M_CHECKPOINT,STAG1,9606.ENSP00000372689,0.0,False
HALLMARK_G2M_CHECKPOINT,E2F4,9606.ENSP00000368686,0.010309278350515464,False
HALLMARK_G2M_CHECKPOINT,NCL,9606.ENSP00000318195,0.010309278350515464,False
HALLMARK_G2M_CHECKPOINT,H2AZ2,9606.ENSP00000308405,0.0,False
HALLMARK_G2M_CHECKPOINT,PML,9606.ENSP00000268058,0.0,False
HALLMARK_G2M_CHECKPOINT,CDC27,9606.ENSP00000434614,0.0,False
HALLMARK_G2M_CHECKPOINT,HIF1A,9606.ENSP00000437955,0.005154639175257732,False
HALLMARK_G2M_CHECKPOINT,MCM3,9606.ENSP00000480987,0.010309278350515464,False
HALLMARK_G2M_CHECKPOINT,SQLE,9606.ENSP00000265896,0.0,False
HALLMARK_G2M_CHECKPOINT,CHEK1,9606.ENSP00000391090,0.010309278350515464,False
HALLMARK_G2M_CHECKPOINT,CKS2,9606.ENSP00000364976,0.005154639175257732,False
HALLMARK_G2M_CHECKPOINT,AURKB,9606.ENSP00000313950,0.030927835051546393,False
HALLMARK_G2M_CHECKPOINT,SRSF1,9606.ENSP00000258962,0.0,False
HALLMARK_G2M_CHECKPOINT,MEIS2,9606.ENSP00000453793,0.0,False
HALLMARK_G2M_CHECKPOINT,ARID4A,9606.ENSP00000347602,0.0,False
HALLMARK_G2M_CHECKPOINT,CHAF1A,9606.ENSP00000301280,0.0,False
HALLMARK_G2M_CHECKPOINT,H2AZ1,9606.ENSP00000296417,0.010309278350515464,False
HALLMARK_G2M_CHECKPOINT,TOP1,9606.ENSP00000354522,0.005154639175257732,False
HALLMARK_G2M_CHECKPOINT,KIF4A,9606.ENSP00000363524,0.010309278350515464,False
HALLMARK_G2M_CHECKPOINT,BCL3,9606.ENSP00000164227,0.0,False
HALLMARK_G2M_CHECKPOINT,TFDP1,9606.ENSP00000364519,0.010309278350515464,False
HALLMARK_G2M_CHECKPOINT,KIF11,9606.ENSP00000260731,0.030927835051546393,False
HALLMARK_G2M_CHECKPOINT,HMGN2,9606.ENSP00000355228,0.0,False
HALLMARK_G2M_CHECKPOINT,ORC5,9606.ENSP00000297431,0.010309278350515464,False
HALLMARK_G2M_CHECKPOINT,RPA2,9606.ENSP00000363017,0.010309278350515464,False
HALLMARK_G2M_CHECKPOINT,ATRX,9606.ENSP00000362441,0.005154639175257732,False
HALLMARK_G2M_CHECKPOINT,NUP50,9606.ENSP00000345895,0.0,False
HALLMARK_G2M_CHECKPOINT,SLC38A1,9606.ENSP00000449756,0.0,False
HALLMARK_G2M_CHECKPOINT,HMGA1,9606.ENSP00000399888,0.0,False
HALLMARK_G2M_CHECKPOINT,SMC4,9606.ENSP00000341382,0.0,False
HALLMARK_G2M_CHECKPOINT,E2F1,9606.ENSP00000345571,0.010309278350515464,False
HALLMARK_G2M_CHECKPOINT,YTHDC1,9606.ENSP00000463982,0.0,False
HALLMARK_G2M_CHECKPOINT,CASP8AP2,9606.ENSP00000478179,0.0,False
HALLMARK_G2M_CHECKPOINT,MKI67,9606.ENSP00000357643,0.020618556701030927,False
HALLMARK_G2M_CHECKPOINT,SRSF10,9606.ENSP00000420195,0.005154639175257732,False
HALLMARK_G2M_CHECKPOINT,CKS1B,9606.ENSP00000311083,0.005154639175257732,False
HALLMARK_G2M_CHECKPOINT,POLQ,9606.ENSP00000264233,0.0,False
HALLMARK_G2M_CHECKPOINT,FBXO5,9606.ENSP00000229758,0.0,False
HALLMARK_G2M_CHECKPOINT,NDC80,9606.ENSP00000261597,0.020618556701030927,False
HALLMARK_G2M_CHECKPOINT,MARCKS,9606.ENSP00000478061,0.0,False
HALLMARK_G2M_CHECKPOINT,UPF1,9606.ENSP00000470142,0.0,False
HALLMARK_G2M_CHECKPOINT,CCND1,9606.ENSP00000227507,0.015463917525773196,False
HALLMARK_G2M_CHECKPOINT,DBF4,9606.ENSP00000265728,0.005154639175257732,False
HALLMARK_G2M_CHECKPOINT,RACGAP1,9606.ENSP00000404190,0.015463917525773196,False
HALLMARK_G2M_CHECKPOINT,MAD2L1,9606.ENSP00000296509,0.015463917525773196,False
HALLMARK_G2M_CHECKPOINT,HNRNPD,9606.ENSP00000313199,0.005154639175257732,False
HALLMARK_G2M_CHECKPOINT,CDC25A,9606.ENSP00000303706,0.010309278350515464,False
HALLMARK_G2M_CHECKPOINT,NASP,9606.ENSP00000255120,0.005154639175257732,False
HALLMARK_G2M_CHECKPOINT,TGFB1,9606.ENSP00000221930,0.0,False
HALLMARK_G2M_CHECKPOINT,PLK1,9606.ENSP00000300093,0.030927835051546393,False
HALLMARK_G2M_CHECKPOINT,NSD2,9606.ENSP00000372351,0.0,False
HALLMARK_G2M_CHECKPOINT,ILF3,9606.ENSP00000404121,0.005154639175257732,False
HALLMARK_G2M_CHECKPOINT,CBX1,9606.ENSP00000377060,0.0,False
HALLMARK_G2M_CHECKPOINT,CDC6,9606.ENSP00000209728,0.015463917525773196,False
HALLMARK_G2M_CHECKPOINT,HNRNPU,9606.ENSP00000491215,0.0,False
HALLMARK_G2M_CHECKPOINT,RAD21,9606.ENSP00000297338,0.015463917525773196,False
HALLMARK_G2M_CHECKPOINT,CDK1,9606.ENSP00000378699,0.04639175257731959,False
HALLMARK_G2M_CHECKPOINT,ODF2,9606.ENSP00000403453,0.0,False
HALLMARK_G2M_CHECKPOINT,RBL1,9606.ENSP00000362768,0.010309278350515464,False
HALLMARK_G2M_CHECKPOINT,MT2A,9606.ENSP00000245185,0.0,False
HALLMARK_G2M_CHECKPOINT,PAFAH1B1,9606.ENSP00000380378,0.005154639175257732,False
HALLMARK_G2M_CHECKPOINT,RAD54L,9606.ENSP00000361043,0.005154639175257732,False
HALLMARK_G2M_CHECKPOINT,HSPA8,9606.ENSP00000437125,0.005154639175257732,False
HALLMARK_G2M_CHECKPOINT,SLC7A1,9606.ENSP00000370128,0.0,False
HALLMARK_G2M_CHECKPOINT,H2AX,9606.ENSP00000434024,0.005154639175257732,False
HALLMARK_G2M_CHECKPOINT,SMC2,9606.ENSP00000286398,0.020618556701030927,False
HALLMARK_G2M_CHECKPOINT,DTYMK,9606.ENSP00000304802,0.0,False
HALLMARK_G2M_CHECKPOINT,HMGB3,9606.ENSP00000359393,0.0,False
HALLMARK_G2M_CHECKPOINT,SMC1A,9606.ENSP00000323421,0.010309278350515464,False
HALLMARK_G2M_CHECKPOINT,CTCF,9606.ENSP00000494538,0.005154639175257732,False
HALLMARK_G2M_CHECKPOINT,TTK,9606.ENSP00000358813,0.03608247422680412,False
HALLMARK_G2M_CHECKPOINT,CCNT1,9606.ENSP00000261900,0.005154639175257732,False
HALLMARK_G2M_CHECKPOINT,KIF2C,9606.ENSP00000361298,0.03608247422680412,False
HALLMARK_G2M_CHECKPOINT,KIF15,9606.ENSP00000324020,0.020618556701030927,False
HALLMARK_G2M_CHECKPOINT,EWSR1,9606.ENSP00000400142,0.005154639175257732,False
HALLMARK_G2M_CHECKPOINT,MCM2,9606.ENSP00000265056,0.02577319587628866,False
HALLMARK_G2M_CHECKPOINT,POLE,9606.ENSP00000322570,0.0,False
HALLMARK_G2M_CHECKPOINT,SNRPD1,9606.ENSP00000300413,0.005154639175257732,False
HALLMARK_G2M_CHECKPOINT,RPS6KA5,9606.ENSP00000479667,0.0,False
HALLMARK_G2M_CHECKPOINT,CDK4,9606.ENSP00000257904,0.020618556701030927,False
HALLMARK_G2M_CHECKPOINT,RAD23B,9606.ENSP00000350708,0.0,False
HALLMARK_G2M_CHECKPOINT,UBE2S,9606.ENSP00000264552,0.010309278350515464,False
HALLMARK_G2M_CHECKPOINT,PTTG1,9606.ENSP00000377536,0.015463917525773196,False
HALLMARK_G2M_CHECKPOINT,CDC25B,9606.ENSP00000245960,0.010309278350515464,False
HALLMARK_G2M_CHECKPOINT,WRN,9606.ENSP00000298139,0.005154639175257732,False
HALLMARK_G2M_CHECKPOINT,MNAT1,9606.ENSP00000261245,0.005154639175257732,False
HALLMARK_G2M_CHECKPOINT,MAPK14,9606.ENSP00000229795,0.005154639175257732,False
HALLMARK_G2M_CHECKPOINT,HIRA,9606.ENSP00000263208,0.0,False
HALLMARK_G2M_CHECKPOINT,KPNB1,9606.ENSP00000290158,0.0,False
HALLMARK_G2M_CHECKPOINT,UCK2,9606.ENSP00000356853,0.0,False
HALLMARK_G2M_CHECKPOINT,GINS2,9606.ENSP00000253462,0.010309278350515464,False
HALLMARK_G2M_CHECKPOINT,LBR,9606.ENSP00000339883,0.0,False
HALLMARK_G2M_CHECKPOINT,ABL1,9606.ENSP00000361423,0.0,False
HALLMARK_G2M_CHECKPOINT,MCM6,9606.ENSP00000264156,0.030927835051546393,False
HALLMARK_G2M_CHECKPOINT,TPX2,9606.ENSP00000300403,0.02577319587628866,False
HALLMARK_G2M_CHECKPOINT,MEIS1,9606.ENSP00000272369,0.0,False
HALLMARK_G2M_CHECKPOINT,E2F2,9606.ENSP00000355249,0.0,False
HALLMARK_G2M_CHECKPOINT,ORC6,9606.ENSP00000219097,0.010309278350515464,False
HALLMARK_G2M_CHECKPOINT,CENPE,9606.ENSP00000265148,0.020618556701030927,False
HALLMARK_G2M_CHECKPOINT,KIF22,9606.ENSP00000160827,0.005154639175257732,False
HALLMARK_G2M_CHECKPOINT,CENPF,9606.ENSP00000355922,0.03608247422680412,False
HALLMARK_G2M_CHECKPOINT,TOP2A,9606.ENSP00000411532,0.020618556701030927,False
HALLMARK_G2M_CHECKPOINT,EXO1,9606.ENSP00000355506,0.02577319587628866,False
HALLMARK_G2M_CHECKPOINT,PDS5B,9606.ENSP00000313851,0.005154639175257732,False
HALLMARK_G2M_CHECKPOINT,TMPO,9606.ENSP00000266732,0.0,False
HALLMARK_G2M_CHECKPOINT,DKC1,9606.ENSP00000358563,0.0,False
HALLMARK_G2M_CHECKPOINT,TROAP,9606.ENSP00000257909,0.005154639175257732,False
HALLMARK_G2M_CHECKPOINT,CCNA2,9606.ENSP00000481380,0.010309278350515464,False
HALLMARK_G2M_CHECKPOINT,KNL1,9606.ENSP00000335463,0.005154639175257732,False
HALLMARK_G2M_CHECKPOINT,INCENP,9606.ENSP00000378295,0.010309278350515464,False
HALLMARK_G2M_CHECKPOINT,MAP3K20,9606.ENSP00000364361,0.0,False
HALLMARK_G2M_CHECKPOINT,GSPT1,9606.ENSP00000398131,0.0,False
HALLMARK_G2M_CHECKPOINT,FOXN3,9606.ENSP00000343288,0.0,False
HALLMARK_G2M_CHECKPOINT,SMARCC1,9606.ENSP00000254480,0.0,False
HALLMARK_G2M_CHECKPOINT,XPO1,9606.ENSP00000384863,0.005154639175257732,False
HALLMARK_G2M_CHECKPOINT,ODC1,9606.ENSP00000234111,0.0,False
HALLMARK_G2M_CHECKPOINT,SS18,9606.ENSP00000414516,0.0,False
HALLMARK_G2M_CHECKPOINT,BARD1,9606.ENSP00000260947,0.005154639175257732,False
HALLMARK_G2M_CHECKPOINT,TRA2B,9606.ENSP00000416959,0.010309278350515464,False
HALLMARK_GLYCOLYSIS,PYGL,9606.ENSP00000216392,0.005555555555555556,False
HALLMARK_GLYCOLYSIS,GLCE,9606.ENSP00000261858,0.0,False
HALLMARK_GLYCOLYSIS,TPI1,9606.ENSP00000229270,0.005555555555555556,False
HALLMARK_GLYCOLYSIS,PMM2,9606.ENSP00000268261,0.005555555555555556,False
HALLMARK_GLYCOLYSIS,DCN,9606.ENSP00000052754,0.0,False
HALLMARK_GLYCOLYSIS,B3GNT3,9606.ENSP00000321874,0.005555555555555556,False
HALLMARK_GLYCOLYSIS,IDUA,9606.ENSP00000247933,0.0,False
HALLMARK_GLYCOLYSIS,MERTK,9606.ENSP00000295408,0.0,False
HALLMARK_GLYCOLYSIS,PAXIP1,9606.ENSP00000384048,0.0,False
HALLMARK_GLYCOLYSIS,XYLT2,9606.ENSP00000017003,0.005555555555555556,False
HALLMARK_GLYCOLYSIS,COG2,9606.ENSP00000355629,0.0,False
HALLMARK_GLYCOLYSIS,AURKA,9606.ENSP00000216911,0.0,False
HALLMARK_GLYCOLYSIS,RPE,9606.ENSP00000352401,0.0,False
HALLMARK_GLYCOLYSIS,CHST1,9606.ENSP00000309270,0.0,False
HALLMARK_GLYCOLYSIS,ALDOA,9606.ENSP00000496166,0.005555555555555556,False
HALLMARK_GLYCOLYSIS,NSDHL,9606.ENSP00000359297,0.0,False
HALLMARK_GLYCOLYSIS,B4GALT2,9606.ENSP00000310696,0.005555555555555556,False
HALLMARK_GLYCOLYSIS,ALDH9A1,9606.ENSP00000346827,0.0,False
HALLMARK_GLYCOLYSIS,ANGPTL4,9606.ENSP00000301455,0.0,False
HALLMARK_GLYCOLYSIS,CYB5A,9606.ENSP00000341625,0.0,False
HALLMARK_GLYCOLYSIS,CENPA,9606.ENSP00000336868,0.0,False
HALLMARK_GLYCOLYSIS,GALK2,9606.ENSP00000453129,0.0,False
HALLMARK_GLYCOLYSIS,KDELR3,9606.ENSP00000386918,0.0,False
HALLMARK_GLYCOLYSIS,CLN6,9606.ENSP00000249806,0.0,False
HALLMARK_GLYCOLYSIS,GUSB,9606.ENSP00000302728,0.005555555555555556,False
HALLMARK_GLYCOLYSIS,PLOD2,9606.ENSP00000282903,0.0,False
HALLMARK_GLYCOLYSIS,PC,9606.ENSP00000498994,0.0,False
HALLMARK_GLYCOLYSIS,HS6ST2,9606.ENSP00000429473,0.0,False
HALLMARK_GLYCOLYSIS,BPNT1,9606.ENSP00000446828,0.0,False
HALLMARK_GLYCOLYSIS,MED24,9606.ENSP00000440100,0.0,False
HALLMARK_GLYCOLYSIS,SLC25A13,9606.ENSP00000400101,0.0,False
HALLMARK_GLYCOLYSIS,B4GALT7,9606.ENSP00000029410,0.005555555555555556,False
HALLMARK_GLYCOLYSIS,LDHC,9606.ENSP00000437783,0.005555555555555556,False
HALLMARK_GLYCOLYSIS,B3GAT3,9606.ENSP00000265471,0.0,False
HALLMARK_GLYCOLYSIS,SLC25A10,9606.ENSP00000446242,0.0,False
HALLMARK_GLYCOLYSIS,SPAG4,9606.ENSP00000363391,0.0,False
HALLMARK_GLYCOLYSIS,FKBP4,9606.ENSP00000001008,0.0,False
HALLMARK_GLYCOLYSIS,RARS1,9606.ENSP00000231572,0.0,False
HALLMARK_GLYCOLYSIS,STC1,9606.ENSP00000290271,0.0,False
HALLMARK_GLYCOLYSIS,CITED2,9606.ENSP00000444198,0.0,False
HALLMARK_GLYCOLYSIS,B4GALT1,9606.ENSP00000369055,0.0,False
HALLMARK_GLYCOLYSIS,IRS2,9606.ENSP00000365016,0.0,False
HALLMARK_GLYCOLYSIS,ADORA2B,9606.ENSP00000304501,0.0,False
HALLMARK_GLYCOLYSIS,NT5E,9606.ENSP00000257770,0.0,False
HALLMARK_GLYCOLYSIS,SLC35A3,9606.ENSP00000359172,0.0,False
HALLMARK_GLYCOLYSIS,AKR1A1,9606.ENSP00000361140,0.0,False
HALLMARK_GLYCOLYSIS,QSOX1,9606.ENSP00000356574,0.0,False
HALLMARK_GLYCOLYSIS,KIF20A,9606.ENSP00000378356,0.011111111111111112,False
HALLMARK_GLYCOLYSIS,NANP,9606.ENSP00000302441,0.0,False
HALLMARK_GLYCOLYSIS,IER3,9606.ENSP00000259874,0.0,False
HALLMARK_GLYCOLYSIS,PKM,9606.ENSP00000320171,0.011111111111111112,False
HALLMARK_GLYCOLYSIS,STMN1,9606.ENSP00000410452,0.0,False
HALLMARK_GLYCOLYSIS,IL13RA1,9606.ENSP00000360730,0.0,False
HALLMARK_GLYCOLYSIS,P4HA1,9606.ENSP00000263556,0.0,False
HALLMARK_GLYCOLYSIS,PFKFB1,9606.ENSP00000364145,0.005555555555555556,False
HALLMARK_GLYCOLYSIS,G6PD,9606.ENSP00000377192,0.011111111111111112,False
HALLMARK_GLYCOLYSIS,FUT8,9606.ENSP00000353910,0.0,False
HALLMARK_GLYCOLYSIS,EGFR,9606.ENSP00000275493,0.0,False
HALLMARK_GLYCOLYSIS,HMMR,9606.ENSP00000377492,0.016666666666666666,False
HALLMARK_GLYCOLYSIS,SAP30,9606.ENSP00000296504,0.0,False
HALLMARK_GLYCOLYSIS,TFF3,9606.ENSP00000430690,0.0,False
HALLMARK_GLYCOLYSIS,ALDH7A1,9606.ENSP00000387123,0.0,False
HALLMARK_GLYCOLYSIS,ENO1,9606.ENSP00000495530,0.005555555555555556,False
HALLMARK_GLYCOLYSIS,PSMC4,9606.ENSP00000157812,0.0,False
HALLMARK_GLYCOLYSIS,GFPT1,9606.ENSP00000349860,0.0,False
HALLMARK_GLYCOLYSIS,ENO2,9606.ENSP00000437402,0.0,False
HALLMARK_GLYCOLYSIS,POLR3K,9606.ENSP00000293860,0.0,False
HALLMARK_GLYCOLYSIS,HDLBP,9606.ENSP00000375836,0.0,False
HALLMARK_GLYCOLYSIS,TALDO1,9606.ENSP00000321259,0.016666666666666666,False
HALLMARK_GLYCOLYSIS,ALG1,9606.ENSP00000262374,0.0,False
HALLMARK_GLYCOLYSIS,HSPA5,9606.ENSP00000324173,0.0,False
HALLMARK_GLYCOLYSIS,TGFBI,9606.ENSP00000416330,0.0,False
HALLMARK_GLYCOLYSIS,PRPS1,9606.ENSP00000361512,0.005555555555555556,False
HALLMARK_GLYCOLYSIS,MPI,9606.ENSP00000318318,0.016666666666666666,False
HALLMARK_GLYCOLYSIS,CACNA1H,9606.ENSP00000334198,0.0,False
HALLMARK_GLYCOLYSIS,GMPPB,9606.ENSP00000309092,0.005555555555555556,False
HALLMARK_GLYCOLYSIS,MET,9606.ENSP00000317272,0.0,False
HALLMARK_GLYCOLYSIS,PYGB,9606.ENSP00000216962,0.005555555555555556,False
HALLMARK_GLYCOLYSIS,SOX9,9606.ENSP00000245479,0.0,False
HALLMARK_GLYCOLYSIS,AGL,9606.ENSP00000294724,0.0,False
HALLMARK_GLYCOLYSIS,TPBG,9606.ENSP00000358765,0.0,False
HALLMARK_GLYCOLYSIS,CTH,9606.ENSP00000359976,0.005555555555555556,False
HALLMARK_GLYCOLYSIS,GPC3,9606.ENSP00000377836,0.0,False
HALLMARK_GLYCOLYSIS,SDC1,9606.ENSP00000370542,0.011111111111111112,False
HALLMARK_GLYCOLYSIS,GNE,9606.ENSP00000379839,0.005555555555555556,False
HALLMARK_GLYCOLYSIS,CASP6,9606.ENSP00000265164,0.0,False
HALLMARK_GLYCOLYSIS,AK3,9606.ENSP00000371230,0.0,False
HALLMARK_GLYCOLYSIS,COL5A1,9606.ENSP00000360882,0.0,False
HALLMARK_GLYCOLYSIS,PLOD1,9606.ENSP00000196061,0.0,False
HALLMARK_GLYCOLYSIS,VCAN,9606.ENSP00000265077,0.005555555555555556,False
HALLMARK_GLYCOLYSIS,STC2,9606.ENSP00000265087,0.0,False
HALLMARK_GLYCOLYSIS,TGFA,9606.ENSP00000404131,0.0,False
HALLMARK_GLYCOLYSIS,FAM162A,9606.ENSP00000419088,0.0,False
HALLMARK_GLYCOLYSIS,PPIA,9606.ENSP00000419425,0.0,False
HALLMARK_GLYCOLYSIS,ME1,9606.ENSP00000358719,0.0,False
HALLMARK_GLYCOLYSIS,ELF3,9606.ENSP00000352673,0.0,False
HALLMARK_GLYCOLYSIS,MXI1,9606.ENSP00000331152,0.0,False
HALLMARK_GLYCOLYSIS,DEPDC1,9606.ENSP00000412292,0.0,False
HALLMARK_GLYCOLYSIS,PGLS,9606.ENSP00000252603,0.0,False
HALLMARK_GLYCOLYSIS,CD44,9606.ENSP00000398632,0.011111111111111112,False
HALLMARK_GLYCOLYSIS,EFNA3,9606.ENSP00000357393,0.0,False
HALLMARK_GLYCOLYSIS,NDUFV3,9606.ENSP00000346196,0.0,False
HALLMARK_GLYCOLYSIS,GNPDA1,9606.ENSP00000423674,0.0,False
HALLMARK_GLYCOLYSIS,PGM2,9606.ENSP00000371393,0.005555555555555556,False
HALLMARK_GLYCOLYSIS,PHKA2,9606.ENSP00000369274,0.0,False
HALLMARK_GLYCOLYSIS,ECD,9606.ENSP00000401566,0.0,False
HALLMARK_GLYCOLYSIS,HK2,9606.ENSP00000290573,0.005555555555555556,False
HALLMARK_GLYCOLYSIS,SDC2,9606.ENSP00000307046,0.0,False
HALLMARK_GLYCOLYSIS,ERO1A,9606.ENSP00000379042,0.0,False
HALLMARK_GLYCOLYSIS,HAX1,9606.ENSP00000329002,0.0,False
HALLMARK_GLYCOLYSIS,PKP2,9606.ENSP00000070846,0.0,False
HALLMARK_GLYCOLYSIS,SDHC,9606.ENSP00000356953,0.005555555555555556,False
HALLMARK_GLYCOLYSIS,SRD5A3,9606.ENSP00000264228,0.0,False
HALLMARK_GLYCOLYSIS,EXT1,9606.ENSP00000367446,0.005555555555555556,False
HALLMARK_GLYCOLYSIS,NASP,9606.ENSP00000255120,0.0,False
HALLMARK_GLYCOLYSIS,PPP2CB,9606.ENSP00000221138,0.0,False
HALLMARK_GLYCOLYSIS,SDC3,9606.ENSP00000344468,0.0,False
HALLMARK_GLYCOLYSIS,CHST6,9606.ENSP00000328983,0.0,False
HALLMARK_GLYCOLYSIS,GOT1,9606.ENSP00000359539,0.016666666666666666,False
HALLMARK_GLYCOLYSIS,ARPP19,9606.ENSP00000454341,0.0,False
HALLMARK_GLYCOLYSIS,CAPN5,9606.ENSP00000498132,0.0,False
HALLMARK_GLYCOLYSIS,CDK1,9606.ENSP00000378699,0.011111111111111112,False
HALLMARK_GLYCOLYSIS,CLDN3,9606.ENSP00000378577,0.005555555555555556,False
HALLMARK_GLYCOLYSIS,DSC2,9606.ENSP00000280904,0.0,False
HALLMARK_GLYCOLYSIS,VLDLR,9606.ENSP00000371532,0.0,False
HALLMARK_GLYCOLYSIS,AGRN,9606.ENSP00000368678,0.005555555555555556,False
HALLMARK_GLYCOLYSIS,AK4,9606.ENSP00000378743,0.0,False
HALLMARK_GLYCOLYSIS,TXN,9606.ENSP00000363641,0.005555555555555556,False
HALLMARK_GLYCOLYSIS,IDH1,9606.ENSP00000390265,0.005555555555555556,False
HALLMARK_GLYCOLYSIS,NOL3,9606.ENSP00000457243,0.0,False
HALLMARK_GLYCOLYSIS,HS2ST1,9606.ENSP00000359581,0.0,False
HALLMARK_GLYCOLYSIS,SLC37A4,9606.ENSP00000476176,0.0,False
HALLMARK_GLYCOLYSIS,P4HA2,9606.ENSP00000384999,0.0,False
HALLMARK_GLYCOLYSIS,ANG,9606.ENSP00000336762,0.0,False
HALLMARK_GLYCOLYSIS,GPC4,9606.ENSP00000359864,0.0,False
HALLMARK_GLYCOLYSIS,GCLC,9606.ENSP00000497574,0.0,False
HALLMARK_GLYCOLYSIS,ARTN,9606.ENSP00000387435,0.0,False
HALLMARK_GLYCOLYSIS,GALK1,9606.ENSP00000225614,0.0,False
HALLMARK_GLYCOLYSIS,GMPPA,9606.ENSP00000350949,0.0,False
HALLMARK_GLYCOLYSIS,RRAGD,9606.ENSP00000358423,0.0,False
HALLMARK_GLYCOLYSIS,CHPF,9606.ENSP00000243776,0.005555555555555556,False
HALLMARK_GLYCOLYSIS,UGP2,9606.ENSP00000338703,0.0,False
HALLMARK_GLYCOLYSIS,EXT2,9606.ENSP00000379032,0.0,False
HALLMARK_GLYCOLYSIS,BIK,9606.ENSP00000216115,0.0,False
HALLMARK_GLYCOLYSIS,EGLN3,9606.ENSP00000250457,0.0,False
HALLMARK_GLYCOLYSIS,ME2,9606.ENSP00000321070,0.011111111111111112,False
HALLMARK_GLYCOLYSIS,GOT2,9606.ENSP00000245206,0.005555555555555556,False
HALLMARK_GLYCOLYSIS,CHST2,9606.ENSP00000307911,0.0,False
HALLMARK_GLYCOLYSIS,CHST12,9606.ENSP00000481912,0.0,False
HALLMARK_GLYCOLYSIS,LDHA,9606.ENSP00000445175,0.005555555555555556,False
HALLMARK_GLYCOLYSIS,CXCR4,9606.ENSP00000386884,0.005555555555555556,False
HALLMARK_GLYCOLYSIS,B4GALT4,9606.ENSP00000420161,0.0,False
HALLMARK_GLYCOLYSIS,PDK3,9606.ENSP00000498864,0.0,False
HALLMARK_GLYCOLYSIS,PGAM1,9606.ENSP00000359991,0.005555555555555556,False
HALLMARK_GLYCOLYSIS,SOD1,9606.ENSP00000270142,0.0,False
HALLMARK_GLYCOLYSIS,IGFBP3,9606.ENSP00000370473,0.0,False
HALLMARK_GLYCOLYSIS,KIF2A,9606.ENSP00000385000,0.0,False
HALLMARK_GLYCOLYSIS,MDH2,9606.ENSP00000327070,0.0,False
HALLMARK_GLYCOLYSIS,HOMER1,9606.ENSP00000334382,0.0,False
HALLMARK_GLYCOLYSIS,LHPP,9606.ENSP00000357835,0.0,False
HALLMARK_GLYCOLYSIS,B3GALT6,9606.ENSP00000368496,0.0,False
HALLMARK_GLYCOLYSIS,PAM,9606.ENSP00000306100,0.0,False
HALLMARK_GLYCOLYSIS,SLC16A3,9606.ENSP00000463978,0.0,False
HALLMARK_GLYCOLYSIS,CLDN9,9606.ENSP00000398017,0.005555555555555556,False
HALLMARK_GLYCOLYSIS,GALE,9606.ENSP00000483375,0.0,False
HALLMARK_GLYCOLYSIS,PFKP,9606.ENSP00000370517,0.011111111111111112,False
HALLMARK_GLYCOLYSIS,DPYSL4,9606.ENSP00000339850,0.0,False
HALLMARK_GLYCOLYSIS,DDIT4,9606.ENSP00000307305,0.0,False
HALLMARK_GLYCOLYSIS,DLD,9606.ENSP00000205402,0.0,False
HALLMARK_GLYCOLYSIS,GPC1,9606.ENSP00000264039,0.005555555555555556,False
HALLMARK_GLYCOLYSIS,TPST1,9606.ENSP00000302413,0.0,False
HALLMARK_GLYCOLYSIS,ANKZF1,9606.ENSP00000321617,0.0,False
HALLMARK_GLYCOLYSIS,CHPF2,9606.ENSP00000035307,0.005555555555555556,False
HALLMARK_GLYCOLYSIS,ZNF292,9606.ENSP00000358590,0.0,False
HALLMARK_GLYCOLYSIS,RBCK1,9606.ENSP00000348632,0.0,False
HALLMARK_GLYCOLYSIS,COPB2,9606.ENSP00000329419,0.0,False
HALLMARK_GLYCOLYSIS,GYS1,9606.ENSP00000317904,0.0,False
HALLMARK_GLYCOLYSIS,ISG20,9606.ENSP00000306565,0.0,False
HALLMARK_GLYCOLYSIS,GLRX,9606.ENSP00000369314,0.005555555555555556,False
HALLMARK_GLYCOLYSIS,PPFIA4,9606.ENSP00000402576,0.0,False
HALLMARK_GLYCOLYSIS,PGK1,9606.ENSP00000362413,0.005555555555555556,False
HALLMARK_HEDGEHOG_SIGNALING,AMOT,9606.ENSP00000361027,1.0,True
HALLMARK_HEDGEHOG_SIGNALING,NRP1,9606.ENSP00000265371,1.0,True
HALLMARK_HEDGEHOG_SIGNALING,RASA1,9606.ENSP00000274376,1.0,True
HALLMARK_HEDGEHOG_SIGNALING,NKX6-1,9606.ENSP00000295886,1.0,True
HALLMARK_HEDGEHOG_SIGNALING,ADGRG1,9606.ENSP00000455215,1.0,True
HALLMARK_HEDGEHOG_SIGNALING,GLI1,9606.ENSP00000228682,1.0,True
HALLMARK_HEDGEHOG_SIGNALING,TLE3,9606.ENSP00000452871,1.0,True
HALLMARK_HEDGEHOG_SIGNALING,DPYSL2,9606.ENSP00000427985,1.0,True
HALLMARK_HEDGEHOG_SIGNALING,ETS2,9606.ENSP00000353344,1.0,True
HALLMARK_HEDGEHOG_SIGNALING,HEY1,9606.ENSP00000338272,1.0,True
HALLMARK_HEDGEHOG_SIGNALING,MYH9,9606.ENSP00000216181,1.0,True
HALLMARK_HEDGEHOG_SIGNALING,CELSR1,9606.ENSP00000262738,1.0,True
HALLMARK_HEDGEHOG_SIGNALING,OPHN1,9606.ENSP00000347710,1.0,True
HALLMARK_HEDGEHOG_SIGNALING,CDK6,9606.ENSP00000265734,1.0,True
HALLMARK_HEDGEHOG_SIGNALING,SCG2,9606.ENSP00000304133,1.0,True
HALLMARK_HEDGEHOG_SIGNALING,NRCAM,9606.ENSP00000368314,1.0,True
HALLMARK_HEDGEHOG_SIGNALING,TLE1,9606.ENSP00000365682,1.0,True
HALLMARK_HEDGEHOG_SIGNALING,L1CAM,9606.ENSP00000359077,1.0,True
HALLMARK_HEDGEHOG_SIGNALING,VLDLR,9606.ENSP00000371532,1.0,True
HALLMARK_HEDGEHOG_SIGNALING,CDK5R1,9606.ENSP00000318486,1.0,True
HALLMARK_HEDGEHOG_SIGNALING,UNC5C,9606.ENSP00000406022,1.0,True
HALLMARK_HEDGEHOG_SIGNALING,LDB1,9606.ENSP00000501277,1.0,True
HALLMARK_HEDGEHOG_SIGNALING,NRP2,9606.ENSP00000353582,1.0,True
HALLMARK_HEDGEHOG_SIGNALING,PML,9606.ENSP00000268058,1.0,True
HALLMARK_HEDGEHOG_SIGNALING,NF1,9606.ENSP00000351015,1.0,True
HALLMARK_HEDGEHOG_SIGNALING,HEY2,9606.ENSP00000357348,1.0,True
HALLMARK_HEDGEHOG_SIGNALING,RTN1,9606.ENSP00000267484,1.0,True
HALLMARK_HEDGEHOG_SIGNALING,PTCH1,9606.ENSP00000332353,1.0,True
HALLMARK_HEDGEHOG_SIGNALING,THY1,9606.ENSP00000284240,1.0,True
HALLMARK_HEDGEHOG_SIGNALING,ACHE,9606.ENSP00000303211,1.0,True
HALLMARK_HEDGEHOG_SIGNALING,CNTFR,9606.ENSP00000368265,1.0,True
HALLMARK_HEDGEHOG_SIGNALING,CRMP1,9606.ENSP00000321606,1.0,True
HALLMARK_HEME_METABOLISM,BCAM,9606.ENSP00000270233,0.0,False
HALLMARK_HEME_METABOLISM,AQP3,9606.ENSP00000297991,0.0,False
HALLMARK_HEME_METABOLISM,TRAK2,9606.ENSP00000328875,0.0,False
HALLMARK_HEME_METABOLISM,NEK7,9606.ENSP00000356355,0.0,False
HALLMARK_HEME_METABOLISM,TFRC,9606.ENSP00000376197,0.006024096385542169,False
HALLMARK_HEME_METABOLISM,HTRA2,9606.ENSP00000258080,0.0,False
HALLMARK_HEME_METABOLISM,CAST,9606.ENSP00000422176,0.0,False
HALLMARK_HEME_METABOLISM,ABCG2,9606.ENSP00000498246,0.0,False
HALLMARK_HEME_METABOLISM,RAD23A,9606.ENSP00000467024,0.0,False
HALLMARK_HEME_METABOLISM,RNF123,9606.ENSP00000328287,0.0,False
HALLMARK_HEME_METABOLISM,ARHGEF12,9606.ENSP00000380942,0.0,False
HALLMARK_HEME_METABOLISM,ERMAP,9606.ENSP00000361595,0.0,False
HALLMARK_HEME_METABOLISM,MFHAS1,9606.ENSP00000276282,0.0,False
HALLMARK_HEME_METABOLISM,SMOX,9606.ENSP00000478305,0.0,False
HALLMARK_HEME_METABOLISM,FBXO9,9606.ENSP00000244426,0.0,False
HALLMARK_HEME_METABOLISM,RNF19A,9606.ENSP00000428968,0.0,False
HALLMARK_HEME_METABOLISM,BNIP3L,9606.ENSP00000370003,0.006024096385542169,False
HALLMARK_HEME_METABOLISM,FBXO34,9606.ENSP00000313159,0.0,False
HALLMARK_HEME_METABOLISM,KHNYN,9606.ENSP00000450799,0.0,False
HALLMARK_HEME_METABOLISM,MAP2K3,9606.ENSP00000345083,0.0,False
HALLMARK_HEME_METABOLISM,H4C3,9606.ENSP00000367034,0.0,False
HALLMARK_HEME_METABOLISM,BPGM,9606.ENSP00000376840,0.0,False
HALLMARK_HEME_METABOLISM,SDCBP,9606.ENSP00000428184,0.0,False
HALLMARK_HEME_METABOLISM,SLC25A38,9606.ENSP00000497532,0.0,False
HALLMARK_HEME_METABOLISM,LRP10,9606.ENSP00000352601,0.0,False
HALLMARK_HEME_METABOLISM,ACKR1,9606.ENSP00000357103,0.0,False
HALLMARK_HEME_METABOLISM,SNCA,9606.ENSP00000500990,0.0,False
HALLMARK_HEME_METABOLISM,BACH1,9606.ENSP00000382805,0.0,False
HALLMARK_HEME_METABOLISM,PC,9606.ENSP00000498994,0.0,False
HALLMARK_HEME_METABOLISM,NFE2,9606.ENSP00000439120,0.0,False
HALLMARK_HEME_METABOLISM,XK,9606.ENSP00000367879,0.0,False
HALLMARK_HEME_METABOLISM,MARCHF8,9606.ENSP00000411848,0.0,False
HALLMARK_HEME_METABOLISM,KEL,9606.ENSP00000347409,0.0,False
HALLMARK_HEME_METABOLISM,SLC25A37,9606.ENSP00000429200,0.0,False
HALLMARK_HEME_METABOLISM,NR3C1,9606.ENSP00000231509,0.0,False
HALLMARK_HEME_METABOLISM,GYPC,9606.ENSP00000259254,0.012048192771084338,False
HALLMARK_HEME_METABOLISM,GLRX5,9606.ENSP00000328570,0.0,False
HALLMARK_HEME_METABOLISM,OPTN,9606.ENSP00000368022,0.006024096385542169,False
HALLMARK_HEME_METABOLISM,EZH1,9606.ENSP00000404658,0.0,False
HALLMARK_HEME_METABOLISM,FN3K,9606.ENSP00000300784,0.0,False
HALLMARK_HEME_METABOLISM,PSMD9,9606.ENSP00000440485,0.0,False
HALLMARK_HEME_METABOLISM,ATP6V0A1,9606.ENSP00000264649,0.0,False
HALLMARK_HEME_METABOLISM,SELENBP1,9606.ENSP00000397261,0.0,False
HALLMARK_HEME_METABOLISM,EPB41,9606.ENSP00000345259,0.0,False
HALLMARK_HEME_METABOLISM,YPEL5,9606.ENSP00000368835,0.0,False
HALLMARK_HEME_METABOLISM,UBAC1,9606.ENSP00000360821,0.0,False
HALLMARK_HEME_METABOLISM,TAL1,9606.ENSP00000294339,0.0,False
HALLMARK_HEME_METABOLISM,EIF2AK1,9606.ENSP00000199389,0.0,False
HALLMARK_HEME_METABOLISM,DCAF11,9606.ENSP00000415556,0.0,False
HALLMARK_HEME_METABOLISM,SLC2A1,9606.ENSP00000416293,0.0,False
HALLMARK_HEME_METABOLISM,TMCC2,9606.ENSP00000350718,0.0,False
HALLMARK_HEME_METABOLISM,ELL2,9606.ENSP00000237853,0.0,False
HALLMARK_HEME_METABOLISM,SLC6A9,9606.ENSP00000353791,0.0,False
HALLMARK_HEME_METABOLISM,CDR2,9606.ENSP00000268383,0.0,False
HALLMARK_HEME_METABOLISM,PICALM,9606.ENSP00000377015,0.0,False
HALLMARK_HEME_METABOLISM,IGSF3,9606.ENSP00000358495,0.0,False
HALLMARK_HEME_METABOLISM,FECH,9606.ENSP00000498358,0.012048192771084338,False
HALLMARK_HEME_METABOLISM,GCLM,9606.ENSP00000359258,0.0,False
HALLMARK_HEME_METABOLISM,NNT,9606.ENSP00000264663,0.0,False
HALLMARK_HEME_METABOLISM,TNRC6B,9606.ENSP00000401946,0.0,False
HALLMARK_HEME_METABOLISM,C3,9606.ENSP00000245907,0.0,False
HALLMARK_HEME_METABOLISM,MKRN1,9606.ENSP00000255977,0.0,False
HALLMARK_HEME_METABOLISM,DCAF10,9606.ENSP00000366953,0.0,False
HALLMARK_HEME_METABOLISM,SLC6A8,9606.ENSP00000253122,0.0,False
HALLMARK_HEME_METABOLISM,OSBP2,9606.ENSP00000332576,0.0,False
HALLMARK_HEME_METABOLISM,NARF,9606.ENSP00000309899,0.0,False
HALLMARK_HEME_METABOLISM,KDM7A,9606.ENSP00000380692,0.0,False
HALLMARK_HEME_METABOLISM,TMEM9B,9606.ENSP00000433361,0.0,False
HALLMARK_HEME_METABOLISM,PPP2R5B,9606.ENSP00000164133,0.0,False
HALLMARK_HEME_METABOLISM,LPIN2,9606.ENSP00000261596,0.0,False
HALLMARK_HEME_METABOLISM,CDC27,9606.ENSP00000434614,0.0,False
HALLMARK_HEME_METABOLISM,CLCN3,9606.ENSP00000261514,0.0,False
HALLMARK_HEME_METABOLISM,CAT,9606.ENSP00000241052,0.0,False
HALLMARK_HEME_METABOLISM,BTG2,9606.ENSP00000290551,0.0,False
HALLMARK_HEME_METABOLISM,TENT5C,9606.ENSP00000358458,0.0,False
HALLMARK_HEME_METABOLISM,VEZF1,9606.ENSP00000462337,0.0,False
HALLMARK_HEME_METABOLISM,ATG4A,9606.ENSP00000361306,0.0,False
HALLMARK_HEME_METABOLISM,RHCE,9606.ENSP00000294413,0.0,False
HALLMARK_HEME_METABOLISM,SLC66A2,9606.ENSP00000380880,0.0,False
HALLMARK_HEME_METABOLISM,TFDP2,9606.ENSP00000420616,0.0,False
HALLMARK_HEME_METABOLISM,HMBS,9606.ENSP00000498786,0.012048192771084338,False
HALLMARK_HEME_METABOLISM,KAT2B,9606.ENSP00000263754,0.0,False
HALLMARK_HEME_METABOLISM,CTNS,9606.ENSP00000371294,0.0,False
HALLMARK_HEME_METABOLISM,SEC14L1,9606.ENSP00000376268,0.0,False
HALLMARK_HEME_METABOLISM,SLC30A1,9606.ENSP00000355968,0.0,False
HALLMARK_HEME_METABOLISM,TOP1,9606.ENSP00000354522,0.0,False
HALLMARK_HEME_METABOLISM,MARCHF2,9606.ENSP00000471536,0.0,False
HALLMARK_HEME_METABOLISM,SLC22A4,9606.ENSP00000200652,0.0,False
HALLMARK_HEME_METABOLISM,NCOA4,9606.ENSP00000463027,0.0,False
HALLMARK_HEME_METABOLISM,ADIPOR1,9606.ENSP00000341785,0.0,False
HALLMARK_HEME_METABOLISM,CPOX,9606.ENSP00000497326,0.012048192771084338,False
HALLMARK_HEME_METABOLISM,UROD,9606.ENSP00000246337,0.0,False
HALLMARK_HEME_METABOLISM,RIOK3,9606.ENSP00000341874,0.0,False
HALLMARK_HEME_METABOLISM,MXI1,9606.ENSP00000331152,0.006024096385542169,False
HALLMARK_HEME_METABOLISM,HBB,9606.ENSP00000494175,0.0,False
HALLMARK_HEME_METABOLISM,PIGQ,9606.ENSP00000026218,0.0,False
HALLMARK_HEME_METABOLISM,PPOX,9606.ENSP00000356978,0.006024096385542169,False
HALLMARK_HEME_METABOLISM,PGLS,9606.ENSP00000252603,0.0,False
HALLMARK_HEME_METABOLISM,RCL1,9606.ENSP00000371169,0.0,False
HALLMARK_HEME_METABOLISM,MGST3,9606.ENSP00000356864,0.0,False
HALLMARK_HEME_METABOLISM,CA2,9606.ENSP00000285379,0.0,False
HALLMARK_HEME_METABOLISM,FOXO3,9606.ENSP00000339527,0.006024096385542169,False
HALLMARK_HEME_METABOLISM,TNS1,9606.ENSP00000171887,0.0,False
HALLMARK_HEME_METABOLISM,ACP5,9606.ENSP00000218758,0.0,False
HALLMARK_HEME_METABOLISM,BSG,9606.ENSP00000333769,0.0,False
HALLMARK_HEME_METABOLISM,MINPP1,9606.ENSP00000361064,0.0,False
HALLMARK_HEME_METABOLISM,CCND3,9606.ENSP00000362082,0.0,False
HALLMARK_HEME_METABOLISM,DAAM1,9606.ENSP00000378557,0.0,False
HALLMARK_HEME_METABOLISM,AGPAT4,9606.ENSP00000314036,0.006024096385542169,False
HALLMARK_HEME_METABOLISM,ADD1,9606.ENSP00000264758,0.012048192771084338,False
HALLMARK_HEME_METABOLISM,HTATIP2,9606.ENSP00000392985,0.0,False
HALLMARK_HEME_METABOLISM,TSPAN5,9606.ENSP00000307701,0.0,False
HALLMARK_HEME_METABOLISM,NUDT4,9606.ENSP00000338352,0.0,False
HALLMARK_HEME_METABOLISM,LAMP2,9606.ENSP00000408411,0.0,False
HALLMARK_HEME_METABOLISM,BMP2K,9606.ENSP00000334836,0.0,False
HALLMARK_HEME_METABOLISM,FOXJ2,9606.ENSP00000162391,0.0,False
HALLMARK_HEME_METABOLISM,TCEA1,9606.ENSP00000428426,0.0,False
HALLMARK_HEME_METABOLISM,PDZK1IP1,9606.ENSP00000294338,0.0,False
HALLMARK_HEME_METABOLISM,BLVRB,9606.ENSP00000263368,0.0,False
HALLMARK_HEME_METABOLISM,MARK3,9606.ENSP00000411397,0.0,False
HALLMARK_HEME_METABOLISM,GAPVD1,9606.ENSP00000377665,0.0,False
HALLMARK_HEME_METABOLISM,MOSPD1,9606.ENSP00000359819,0.0,False
HALLMARK_HEME_METABOLISM,RBM5,9606.ENSP00000343054,0.0,False
HALLMARK_HEME_METABOLISM,SLC7A11,9606.ENSP00000280612,0.0,False
HALLMARK_HEME_METABOLISM,H1-0,9606.ENSP00000344504,0.0,False
HALLMARK_HEME_METABOLISM,MPP1,9606.ENSP00000358547,0.0,False
HALLMARK_HEME_METABOLISM,RAP1GAP,9606.ENSP00000363895,0.0,False
HALLMARK_HEME_METABOLISM,UROS,9606.ENSP00000357787,0.006024096385542169,False
HALLMARK_HEME_METABOLISM,CIR1,9606.ENSP00000339723,0.0,False
HALLMARK_HEME_METABOLISM,SIDT2,9606.ENSP00000314023,0.0,False
HALLMARK_HEME_METABOLISM,P4HA2,9606.ENSP00000384999,0.0,False
HALLMARK_HEME_METABOLISM,BLVRA,9606.ENSP00000385757,0.0,False
HALLMARK_HEME_METABOLISM,BTRC,9606.ENSP00000359206,0.0,False
HALLMARK_HEME_METABOLISM,GCLC,9606.ENSP00000497574,0.0,False
HALLMARK_HEME_METABOLISM,GDE1,9606.ENSP00000261386,0.0,False
HALLMARK_HEME_METABOLISM,EPOR,9606.ENSP00000222139,0.0,False
HALLMARK_HEME_METABOLISM,ALDH6A1,9606.ENSP00000450436,0.0,False
HALLMARK_HEME_METABOLISM,USP15,9606.ENSP00000280377,0.0,False
HALLMARK_HEME_METABOLISM,XPO7,9606.ENSP00000252512,0.0,False
HALLMARK_HEME_METABOLISM,ADD2,9606.ENSP00000264436,0.012048192771084338,False
HALLMARK_HEME_METABOLISM,HEBP1,9606.ENSP00000014930,0.0,False
HALLMARK_HEME_METABOLISM,CLIC2,9606.ENSP00000358460,0.0,False
HALLMARK_HEME_METABOLISM,SLC10A3,9606.ENSP00000263512,0.0,False
HALLMARK_HEME_METABOLISM,UCP2,9606.ENSP00000499695,0.0,False
HALLMARK_HEME_METABOLISM,SYNJ1,9606.ENSP00000409667,0.0,False
HALLMARK_HEME_METABOLISM,HAGH,9606.ENSP00000380514,0.0,False
HALLMARK_HEME_METABOLISM,PRDX2,9606.ENSP00000301522,0.0,False
HALLMARK_HEME_METABOLISM,TRIM58,9606.ENSP00000355437,0.0,False
HALLMARK_HEME_METABOLISM,ALAD,9606.ENSP00000386284,0.0,False
HALLMARK_HEME_METABOLISM,MBOAT2,9606.ENSP00000302177,0.006024096385542169,False
HALLMARK_HEME_METABOLISM,NFE2L1,9606.ENSP00000354855,0.0,False
HALLMARK_HEME_METABOLISM,SLC11A2,9606.ENSP00000378364,0.006024096385542169,False
HALLMARK_HEME_METABOLISM,DMTN,9606.ENSP00000427866,0.0,False
HALLMARK_HEME_METABOLISM,E2F2,9606.ENSP00000355249,0.0,False
HALLMARK_HEME_METABOLISM,HDGF,9606.ENSP00000357189,0.0,False
HALLMARK_HEME_METABOLISM,MOCOS,9606.ENSP00000261326,0.0,False
HALLMARK_HEME_METABOLISM,RANBP10,9606.ENSP00000316589,0.0,False
HALLMARK_HEME_METABOLISM,ENDOD1,9606.ENSP00000278505,0.0,False
HALLMARK_HEME_METABOLISM,CTSB,9606.ENSP00000345672,0.0,False
HALLMARK_HEME_METABOLISM,KLF3,9606.ENSP00000261438,0.0,False
HALLMARK_HEME_METABOLISM,ISCA1,9606.ENSP00000365159,0.0,False
HALLMARK_HEME_METABOLISM,GMPS,9606.ENSP00000419851,0.0,False
HALLMARK_HEME_METABOLISM,CCDC28A,9606.ENSP00000479060,0.0,False
HALLMARK_HEME_METABOLISM,LMO2,9606.ENSP00000257818,0.0,False
HALLMARK_HEME_METABOLISM,DCUN1D1,9606.ENSP00000292782,0.0,False
HALLMARK_HEME_METABOLISM,RBM38,9606.ENSP00000348538,0.0,False
HALLMARK_HEME_METABOLISM,FBXO7,9606.ENSP00000266087,0.0,False
HALLMARK_HYPOXIA,TPI1,9606.ENSP00000229270,0.0,False
HALLMARK_HYPOXIA,PPP1R15A,9606.ENSP00000200453,0.00546448087431694,False
HALLMARK_HYPOXIA,DCN,9606.ENSP00000052754,0.00546448087431694,False
HALLMARK_HYPOXIA,GCNT2,9606.ENSP00000419411,0.0,False
HALLMARK_HYPOXIA,BCL2,9606.ENSP00000381185,0.02185792349726776,False
HALLMARK_HYPOXIA,PIM1,9606.ENSP00000362608,0.0,False
HALLMARK_HYPOXIA,TES,9606.ENSP00000350937,0.0,False
HALLMARK_HYPOXIA,F3,9606.ENSP00000334145,0.00546448087431694,False
HALLMARK_HYPOXIA,PFKL,9606.ENSP00000269848,0.00546448087431694,False
HALLMARK_HYPOXIA,CAVIN3,9606.ENSP00000307292,0.0,False
HALLMARK_HYPOXIA,DUSP1,9606.ENSP00000239223,0.00546448087431694,False
HALLMARK_HYPOXIA,ALDOA,9606.ENSP00000496166,0.01092896174863388,False
HALLMARK_HYPOXIA,MAFF,9606.ENSP00000442060,0.0,False
HALLMARK_HYPOXIA,GRHPR,9606.ENSP00000313432,0.0,False
HALLMARK_HYPOXIA,BNIP3L,9606.ENSP00000370003,0.0,False
HALLMARK_HYPOXIA,ANGPTL4,9606.ENSP00000301455,0.0,False
HALLMARK_HYPOXIA,MYH9,9606.ENSP00000216181,0.0,False
HALLMARK_HYPOXIA,SLC25A1,9606.ENSP00000215882,0.0,False
HALLMARK_HYPOXIA,KDELR3,9606.ENSP00000386918,0.0,False
HALLMARK_HYPOXIA,CDKN1B,9606.ENSP00000228872,0.0,False
HALLMARK_HYPOXIA,IL6,9606.ENSP00000385675,0.01639344262295082,False
HALLMARK_HYPOXIA,SDC4,9606.ENSP00000361818,0.0,False
HALLMARK_HYPOXIA,EDN2,9606.ENSP00000361668,0.0,False
HALLMARK_HYPOXIA,NEDD4L,9606.ENSP00000383199,0.0,False
HALLMARK_HYPOXIA,LDHC,9606.ENSP00000437783,0.01092896174863388,False
HALLMARK_HYPOXIA,PYGM,9606.ENSP00000164139,0.0,False
HALLMARK_HYPOXIA,ALDOC,9606.ENSP00000378731,0.00546448087431694,False
HALLMARK_HYPOXIA,RBPJ,9606.ENSP00000345206,0.0,False
HALLMARK_HYPOXIA,NR3C1,9606.ENSP00000231509,0.0,False
HALLMARK_HYPOXIA,NDST1,9606.ENSP00000261797,0.00546448087431694,False
HALLMARK_HYPOXIA,CP,9606.ENSP00000264613,0.0,False
HALLMARK_HYPOXIA,RORA,9606.ENSP00000261523,0.00546448087431694,False
HALLMARK_HYPOXIA,SRPX,9606.ENSP00000367794,0.0,False
HALLMARK_HYPOXIA,DTNA,9606.ENSP00000470152,0.0,False
HALLMARK_HYPOXIA,ILVBL,9606.ENSP00000263383,0.0,False
HALLMARK_HYPOXIA,IDS,9606.ENSP00000339801,0.0,False
HALLMARK_HYPOXIA,SELENBP1,9606.ENSP00000397261,0.0,False
HALLMARK_HYPOXIA,KLF6,9606.ENSP00000419923,0.0,False
HALLMARK_HYPOXIA,STC1,9606.ENSP00000290271,0.0,False
HALLMARK_HYPOXIA,ATF3,9606.ENSP00000344352,0.0,False
HALLMARK_HYPOXIA,CITED2,9606.ENSP00000444198,0.0,False
HALLMARK_HYPOXIA,CAV1,9606.ENSP00000339191,0.01639344262295082,False
HALLMARK_HYPOXIA,SERPINE1,9606.ENSP00000223095,0.0,False
HALLMARK_HYPOXIA,IRS2,9606.ENSP00000365016,0.0,False
HALLMARK_HYPOXIA,SIAH2,9606.ENSP00000322457,0.0,False
HALLMARK_HYPOXIA,ADORA2B,9606.ENSP00000304501,0.0,False
HALLMARK_HYPOXIA,XPNPEP1,9606.ENSP00000421566,0.0,False
HALLMARK_HYPOXIA,SLC2A1,9606.ENSP00000416293,0.00546448087431694,False
HALLMARK_HYPOXIA,ETS1,9606.ENSP00000376436,0.0,False
HALLMARK_HYPOXIA,IER3,9606.ENSP00000259874,0.0,False
HALLMARK_HYPOXIA,CA12,9606.ENSP00000178638,0.0,False
HALLMARK_HYPOXIA,SLC6A6,9606.ENSP00000481625,0.0,False
HALLMARK_HYPOXIA,GAPDH,9606.ENSP00000380070,0.02185792349726776,False
HALLMARK_HYPOXIA,NFIL3,9606.ENSP00000297689,0.0,False
HALLMARK_HYPOXIA,PLAC8,9606.ENSP00000399700,0.0,False
HALLMARK_HYPOXIA,P4HA1,9606.ENSP00000263556,0.0,False
HALLMARK_HYPOXIA,BGN,9606.ENSP00000327336,0.00546448087431694,False
HALLMARK_HYPOXIA,ENO3,9606.ENSP00000324105,0.00546448087431694,False
HALLMARK_HYPOXIA,EGFR,9606.ENSP00000275493,0.00546448087431694,False
HALLMARK_HYPOXIA,KLHL24,9606.ENSP00000395012,0.0,False
HALLMARK_HYPOXIA,SAP30,9606.ENSP00000296504,0.0,False
HALLMARK_HYPOXIA,AMPD3,9606.ENSP00000379802,0.00546448087431694,False
HALLMARK_HYPOXIA,SCARB1,9606.ENSP00000261693,0.0,False
HALLMARK_HYPOXIA,HAS1,9606.ENSP00000222115,0.0,False
HALLMARK_HYPOXIA,ENO1,9606.ENSP00000495530,0.00546448087431694,False
HALLMARK_HYPOXIA,PGM1,9606.ENSP00000360124,0.0,False
HALLMARK_HYPOXIA,ENO2,9606.ENSP00000437402,0.00546448087431694,False
HALLMARK_HYPOXIA,PLAUR,9606.ENSP00000339328,0.00546448087431694,False
HALLMARK_HYPOXIA,SULT2B1,9606.ENSP00000201586,0.0,False
HALLMARK_HYPOXIA,HDLBP,9606.ENSP00000375836,0.0,False
HALLMARK_HYPOXIA,FOS,9606.ENSP00000306245,0.0,False
HALLMARK_HYPOXIA,TGM2,9606.ENSP00000355330,0.0,False
HALLMARK_HYPOXIA,HSPA5,9606.ENSP00000324173,0.0,False
HALLMARK_HYPOXIA,TGFBI,9606.ENSP00000416330,0.0,False
HALLMARK_HYPOXIA,TMEM45A,9606.ENSP00000385089,0.0,False
HALLMARK_HYPOXIA,TGFB3,9606.ENSP00000238682,0.00546448087431694,False
HALLMARK_HYPOXIA,ANXA2,9606.ENSP00000346032,0.00546448087431694,False
HALLMARK_HYPOXIA,MAP3K1,9606.ENSP00000382423,0.0,False
HALLMARK_HYPOXIA,ACKR3,9606.ENSP00000272928,0.00546448087431694,False
HALLMARK_HYPOXIA,PCK1,9606.ENSP00000319814,0.00546448087431694,False
HALLMARK_HYPOXIA,TPBG,9606.ENSP00000358765,0.0,False
HALLMARK_HYPOXIA,TIPARP,9606.ENSP00000420612,0.0,False
HALLMARK_HYPOXIA,GPC3,9606.ENSP00000377836,0.0,False
HALLMARK_HYPOXIA,JMJD6,9606.ENSP00000394085,0.0,False
HALLMARK_HYPOXIA,DDIT3,9606.ENSP00000448665,0.0,False
HALLMARK_HYPOXIA,CASP6,9606.ENSP00000265164,0.0,False
HALLMARK_HYPOXIA,COL5A1,9606.ENSP00000360882,0.0,False
HALLMARK_HYPOXIA,MT1E,9606.ENSP00000328137,0.00546448087431694,False
HALLMARK_HYPOXIA,SLC2A5,9606.ENSP00000366641,0.0,False
HALLMARK_HYPOXIA,STC2,9606.ENSP00000265087,0.0,False
HALLMARK_HYPOXIA,FAM162A,9606.ENSP00000419088,0.0,False
HALLMARK_HYPOXIA,GPI,9606.ENSP00000405573,0.0273224043715847,False
HALLMARK_HYPOXIA,CDKN1C,9606.ENSP00000413720,0.0,False
HALLMARK_HYPOXIA,EFNA1,9606.ENSP00000357392,0.0,False
HALLMARK_HYPOXIA,PNRC1,9606.ENSP00000336931,0.0,False
HALLMARK_HYPOXIA,MXI1,9606.ENSP00000331152,0.00546448087431694,False
HALLMARK_HYPOXIA,TNFAIP3,9606.ENSP00000481570,0.0,False
HALLMARK_HYPOXIA,JUN,9606.ENSP00000360266,0.00546448087431694,False
HALLMARK_HYPOXIA,INHA,9606.ENSP00000243786,0.0,False
HALLMARK_HYPOXIA,EFNA3,9606.ENSP00000357393,0.0,False
HALLMARK_HYPOXIA,S100A4,9606.ENSP00000357704,0.0,False
HALLMARK_HYPOXIA,HS3ST1,9606.ENSP00000002596,0.0,False
HALLMARK_HYPOXIA,PGM2,9606.ENSP00000371393,0.0,False
HALLMARK_HYPOXIA,FOXO3,9606.ENSP00000339527,0.01092896174863388,False
HALLMARK_HYPOXIA,TPST2,9606.ENSP00000339813,0.0,False
HALLMARK_HYPOXIA,VHL,9606.ENSP00000256474,0.0,False
HALLMARK_HYPOXIA,KLF7,9606.ENSP00000309570,0.0,False
HALLMARK_HYPOXIA,TPD52,9606.ENSP00000429309,0.0,False
HALLMARK_HYPOXIA,HK2,9606.ENSP00000290573,0.00546448087431694,False
HALLMARK_HYPOXIA,SDC2,9606.ENSP00000307046,0.0,False
HALLMARK_HYPOXIA,PPP1R3C,9606.ENSP00000238994,0.00546448087431694,False
HALLMARK_HYPOXIA,ADM,9606.ENSP00000436607,0.0,False
HALLMARK_HYPOXIA,ERO1A,9606.ENSP00000379042,0.0,False
HALLMARK_HYPOXIA,EXT1,9606.ENSP00000367446,0.0,False
HALLMARK_HYPOXIA,SDC3,9606.ENSP00000344468,0.0,False
HALLMARK_HYPOXIA,HMOX1,9606.ENSP00000216117,0.0,False
HALLMARK_HYPOXIA,CCN2,9606.ENSP00000356954,0.00546448087431694,False
HALLMARK_HYPOXIA,NAGK,9606.ENSP00000477639,0.00546448087431694,False
HALLMARK_HYPOXIA,ZFP36,9606.ENSP00000471239,0.0,False
HALLMARK_HYPOXIA,HOXB9,9606.ENSP00000309439,0.0,False
HALLMARK_HYPOXIA,BTG1,9606.ENSP00000256015,0.0,False
HALLMARK_HYPOXIA,VLDLR,9606.ENSP00000371532,0.0,False
HALLMARK_HYPOXIA,STBD1,9606.ENSP00000237642,0.00546448087431694,False
HALLMARK_HYPOXIA,CCN1,9606.ENSP00000398736,0.0,False
HALLMARK_HYPOXIA,PHKG1,9606.ENSP00000445440,0.0,False
HALLMARK_HYPOXIA,LXN,9606.ENSP00000264265,0.0,False
HALLMARK_HYPOXIA,MT2A,9606.ENSP00000245185,0.0,False
HALLMARK_HYPOXIA,AK4,9606.ENSP00000378743,0.00546448087431694,False
HALLMARK_HYPOXIA,AKAP12,9606.ENSP00000384537,0.0,False
HALLMARK_HYPOXIA,SLC37A4,9606.ENSP00000476176,0.0,False
HALLMARK_HYPOXIA,CDKN1A,9606.ENSP00000384849,0.01092896174863388,False
HALLMARK_HYPOXIA,HEXA,9606.ENSP00000455114,0.00546448087431694,False
HALLMARK_HYPOXIA,P4HA2,9606.ENSP00000384999,0.0,False
HALLMARK_HYPOXIA,HK1,9606.ENSP00000494664,0.01092896174863388,False
HALLMARK_HYPOXIA,PDGFB,9606.ENSP00000330382,0.0,False
HALLMARK_HYPOXIA,GPC4,9606.ENSP00000359864,0.0,False
HALLMARK_HYPOXIA,GALK1,9606.ENSP00000225614,0.0,False
HALLMARK_HYPOXIA,PLIN2,9606.ENSP00000276914,0.0,False
HALLMARK_HYPOXIA,RRAGD,9606.ENSP00000358423,0.0,False
HALLMARK_HYPOXIA,PRKCA,9606.ENSP00000408695,0.0,False
HALLMARK_HYPOXIA,UGP2,9606.ENSP00000338703,0.0,False
HALLMARK_HYPOXIA,GBE1,9606.ENSP00000410833,0.00546448087431694,False
HALLMARK_HYPOXIA,CCN5,9606.ENSP00000361959,0.0,False
HALLMARK_HYPOXIA,CHST2,9606.ENSP00000307911,0.0,False
HALLMARK_HYPOXIA,GAA,9606.ENSP00000305692,0.0,False
HALLMARK_HYPOXIA,WSB1,9606.ENSP00000262394,0.0,False
HALLMARK_HYPOXIA,LDHA,9606.ENSP00000445175,0.01639344262295082,False
HALLMARK_HYPOXIA,PKP1,9606.ENSP00000263946,0.0,False
HALLMARK_HYPOXIA,LARGE1,9606.ENSP00000347088,0.0,False
HALLMARK_HYPOXIA,PRDX5,9606.ENSP00000265462,0.0,False
HALLMARK_HYPOXIA,CXCR4,9606.ENSP00000386884,0.01092896174863388,False
HALLMARK_HYPOXIA,PDK1,9606.ENSP00000376352,0.0,False
HALLMARK_HYPOXIA,PDK3,9606.ENSP00000498864,0.0,False
HALLMARK_HYPOXIA,IGFBP3,9606.ENSP00000370473,0.0,False
HALLMARK_HYPOXIA,ATP7A,9606.ENSP00000345728,0.00546448087431694,False
HALLMARK_HYPOXIA,PFKFB3,9606.ENSP00000492001,0.00546448087431694,False
HALLMARK_HYPOXIA,BCAN,9606.ENSP00000331210,0.00546448087431694,False
HALLMARK_HYPOXIA,B3GALT6,9606.ENSP00000368496,0.0,False
HALLMARK_HYPOXIA,PAM,9606.ENSP00000306100,0.0,False
HALLMARK_HYPOXIA,BHLHE40,9606.ENSP00000256495,0.00546448087431694,False
HALLMARK_HYPOXIA,KDM3A,9606.ENSP00000386660,0.0,False
HALLMARK_HYPOXIA,PFKP,9606.ENSP00000370517,0.00546448087431694,False
HALLMARK_HYPOXIA,DPYSL4,9606.ENSP00000339850,0.0,False
HALLMARK_HYPOXIA,SLC2A3,9606.ENSP00000075120,0.0,False
HALLMARK_HYPOXIA,FOSL2,9606.ENSP00000264716,0.0,False
HALLMARK_HYPOXIA,CSRP2,9606.ENSP00000310901,0.0,False
HALLMARK_HYPOXIA,DDIT4,9606.ENSP00000307305,0.0,False
HALLMARK_HYPOXIA,GPC1,9606.ENSP00000264039,0.00546448087431694,False
HALLMARK_HYPOXIA,LOX,9606.ENSP00000231004,0.0,False
HALLMARK_HYPOXIA,ANKZF1,9606.ENSP00000321617,0.0,False
HALLMARK_HYPOXIA,FBP1,9606.ENSP00000408025,0.00546448087431694,False
HALLMARK_HYPOXIA,CCNG2,9606.ENSP00000315743,0.0,False
HALLMARK_HYPOXIA,ERRFI1,9606.ENSP00000366702,0.0,False
HALLMARK_HYPOXIA,ZNF292,9606.ENSP00000358590,0.0,False
HALLMARK_HYPOXIA,NDRG1,9606.ENSP00000404854,0.0,False
HALLMARK_HYPOXIA,PGF,9606.ENSP00000451040,0.0,False
HALLMARK_HYPOXIA,GYS1,9606.ENSP00000317904,0.0,False
HALLMARK_HYPOXIA,CAVIN1,9606.ENSP00000349541,0.00546448087431694,False
HALLMARK_HYPOXIA,ISG20,9606.ENSP00000306565,0.0,False
HALLMARK_HYPOXIA,GLRX,9606.ENSP00000369314,0.0,False
HALLMARK_HYPOXIA,CHST3,9606.ENSP00000362207,0.0,False
HALLMARK_HYPOXIA,NOCT,9606.ENSP00000280614,0.0,False
HALLMARK_HYPOXIA,PPFIA4,9606.ENSP00000402576,0.0,False
HALLMARK_HYPOXIA,PGK1,9606.ENSP00000362413,0.00546448087431694,False
HALLMARK_IL2_STAT5_SIGNALING,RNH1,9606.ENSP00000433999,0.0,False
HALLMARK_IL2_STAT5_SIGNALING,NFKBIZ,9606.ENSP00000325663,0.0,False
HALLMARK_IL2_STAT5_SIGNALING,IL1R2,9606.ENSP00000330959,0.0,False
HALLMARK_IL2_STAT5_SIGNALING,BCL2,9606.ENSP00000381185,0.0,False
HALLMARK_IL2_STAT5_SIGNALING,ETV4,9606.ENSP00000321835,0.0,False
HALLMARK_IL2_STAT5_SIGNALING,GBP4,9606.ENSP00000359490,0.0,False
HALLMARK_IL2_STAT5_SIGNALING,IFNGR1,9606.ENSP00000356713,0.0,False
HALLMARK_IL2_STAT5_SIGNALING,PIM1,9606.ENSP00000362608,0.0,False
HALLMARK_IL2_STAT5_SIGNALING,PRAF2,9606.ENSP00000451962,0.0,False
HALLMARK_IL2_STAT5_SIGNALING,BATF,9606.ENSP00000286639,0.005405405405405406,False
HALLMARK_IL2_STAT5_SIGNALING,SELL,9606.ENSP00000498227,0.005405405405405406,False
HALLMARK_IL2_STAT5_SIGNALING,MAFF,9606.ENSP00000442060,0.0,False
HALLMARK_IL2_STAT5_SIGNALING,GADD45B,9606.ENSP00000215631,0.0,False
HALLMARK_IL2_STAT5_SIGNALING,ITGAE,9606.ENSP00000263087,0.0,False
HALLMARK_IL2_STAT5_SIGNALING,CDCP1,9606.ENSP00000296129,0.0,False
HALLMARK_IL2_STAT5_SIGNALING,MYO1E,9606.ENSP00000288235,0.0,False
HALLMARK_IL2_STAT5_SIGNALING,SPRED2,9606.ENSP00000348753,0.005405405405405406,False
HALLMARK_IL2_STAT5_SIGNALING,ABCB1,9606.ENSP00000478255,0.0,False
HALLMARK_IL2_STAT5_SIGNALING,CD83,9606.ENSP00000368450,0.0,False
HALLMARK_IL2_STAT5_SIGNALING,TTC39B,9606.ENSP00000422496,0.0,False
HALLMARK_IL2_STAT5_SIGNALING,IL2RB,9606.ENSP00000216223,0.005405405405405406,False
HALLMARK_IL2_STAT5_SIGNALING,ARL4A,9606.ENSP00000379898,0.0,False
HALLMARK_IL2_STAT5_SIGNALING,ITGAV,9606.ENSP00000261023,0.0,False
HALLMARK_IL2_STAT5_SIGNALING,POU2F1,9606.ENSP00000356840,0.0,False
HALLMARK_IL2_STAT5_SIGNALING,EOMES,9606.ENSP00000388620,0.0,False
HALLMARK_IL2_STAT5_SIGNALING,SERPINB6,9606.ENSP00000484343,0.0,False
HALLMARK_IL2_STAT5_SIGNALING,PLSCR1,9606.ENSP00000345494,0.0,False
HALLMARK_IL2_STAT5_SIGNALING,MAP3K8,9606.ENSP00000263056,0.0,False
HALLMARK_IL2_STAT5_SIGNALING,TIAM1,9606.ENSP00000286827,0.005405405405405406,False
HALLMARK_IL2_STAT5_SIGNALING,SYNGR2,9606.ENSP00000467600,0.0,False
HALLMARK_IL2_STAT5_SIGNALING,BCL2L1,9606.ENSP00000365230,0.005405405405405406,False
HALLMARK_IL2_STAT5_SIGNALING,CD48,9606.ENSP00000484431,0.0,False
HALLMARK_IL2_STAT5_SIGNALING,XBP1,9606.ENSP00000216037,0.0,False
HALLMARK_IL2_STAT5_SIGNALING,ITIH5,9606.ENSP00000380333,0.0,False
HALLMARK_IL2_STAT5_SIGNALING,ST3GAL4,9606.ENSP00000436047,0.0,False
HALLMARK_IL2_STAT5_SIGNALING,UMPS,9606.ENSP00000232607,0.0,False
HALLMARK_IL2_STAT5_SIGNALING,PUS1,9606.ENSP00000365837,0.0,False
HALLMARK_IL2_STAT5_SIGNALING,SYT11,9606.ENSP00000357307,0.0,False
HALLMARK_IL2_STAT5_SIGNALING,RORA,9606.ENSP00000261523,0.005405405405405406,False
HALLMARK_IL2_STAT5_SIGNALING,CSF1,9606.ENSP00000327513,0.005405405405405406,False
HALLMARK_IL2_STAT5_SIGNALING,KLF6,9606.ENSP00000419923,0.0,False
HALLMARK_IL2_STAT5_SIGNALING,PHLDA1,9606.ENSP00000266671,0.0,False
HALLMARK_IL2_STAT5_SIGNALING,RHOH,9606.ENSP00000371219,0.0,False
HALLMARK_IL2_STAT5_SIGNALING,NCS1,9606.ENSP00000361475,0.0,False
HALLMARK_IL2_STAT5_SIGNALING,LTB,9606.ENSP00000410481,0.0,False
HALLMARK_IL2_STAT5_SIGNALING,NT5E,9606.ENSP00000257770,0.005405405405405406,False
HALLMARK_IL2_STAT5_SIGNALING,PLAGL1,9606.ENSP00000353734,0.0,False
HALLMARK_IL2_STAT5_SIGNALING,CASP3,9606.ENSP00000311032,0.0,False
HALLMARK_IL2_STAT5_SIGNALING,CYFIP1,9606.ENSP00000481038,0.0,False
HALLMARK_IL2_STAT5_SIGNALING,PLEC,9606.ENSP00000323856,0.0,False
HALLMARK_IL2_STAT5_SIGNALING,SLC1A5,9606.ENSP00000444408,0.0,False
HALLMARK_IL2_STAT5_SIGNALING,PTGER2,9606.ENSP00000245457,0.0,False
HALLMARK_IL2_STAT5_SIGNALING,ECM1,9606.ENSP00000358045,0.0,False
HALLMARK_IL2_STAT5_SIGNALING,MYC,9606.ENSP00000478887,0.005405405405405406,False
HALLMARK_IL2_STAT5_SIGNALING,ANXA4,9606.ENSP00000377833,0.0,False
HALLMARK_IL2_STAT5_SIGNALING,ITGA6,9606.ENSP00000386896,0.010810810810810811,False
HALLMARK_IL2_STAT5_SIGNALING,PDCD2L,9606.ENSP00000246535,0.0,False
HALLMARK_IL2_STAT5_SIGNALING,IL4R,9606.ENSP00000379111,0.0,False
HALLMARK_IL2_STAT5_SIGNALING,SHE,9606.ENSP00000307369,0.0,False
HALLMARK_IL2_STAT5_SIGNALING,NFIL3,9606.ENSP00000297689,0.0,False
HALLMARK_IL2_STAT5_SIGNALING,TLR7,9606.ENSP00000370034,0.0,False
HALLMARK_IL2_STAT5_SIGNALING,P4HA1,9606.ENSP00000263556,0.0,False
HALLMARK_IL2_STAT5_SIGNALING,COL6A1,9606.ENSP00000355180,0.0,False
HALLMARK_IL2_STAT5_SIGNALING,SLC39A8,9606.ENSP00000378310,0.0,False
HALLMARK_IL2_STAT5_SIGNALING,ENO3,9606.ENSP00000324105,0.0,False
HALLMARK_IL2_STAT5_SIGNALING,LRIG1,9606.ENSP00000273261,0.0,False
HALLMARK_IL2_STAT5_SIGNALING,IL2RA,9606.ENSP00000369293,0.005405405405405406,False
HALLMARK_IL2_STAT5_SIGNALING,IKZF4,9606.ENSP00000448419,0.0,False
HALLMARK_IL2_STAT5_SIGNALING,TNFRSF4,9606.ENSP00000368538,0.005405405405405406,False
HALLMARK_IL2_STAT5_SIGNALING,TNFRSF21,9606.ENSP00000296861,0.0,False
HALLMARK_IL2_STAT5_SIGNALING,PTH1R,9606.ENSP00000402723,0.0,False
HALLMARK_IL2_STAT5_SIGNALING,PRKCH,9606.ENSP00000329127,0.0,False
HALLMARK_IL2_STAT5_SIGNALING,CKAP4,9606.ENSP00000367265,0.0,False
HALLMARK_IL2_STAT5_SIGNALING,WLS,9606.ENSP00000346829,0.0,False
HALLMARK_IL2_STAT5_SIGNALING,DHRS3,9606.ENSP00000480439,0.0,False
HALLMARK_IL2_STAT5_SIGNALING,IKZF2,9606.ENSP00000412869,0.0,False
HALLMARK_IL2_STAT5_SIGNALING,ADAM19,9606.ENSP00000257527,0.0,False
HALLMARK_IL2_STAT5_SIGNALING,TGM2,9606.ENSP00000355330,0.0,False
HALLMARK_IL2_STAT5_SIGNALING,GUCY1B1,9606.ENSP00000426786,0.0,False
HALLMARK_IL2_STAT5_SIGNALING,F2RL2,9606.ENSP00000296641,0.0,False
HALLMARK_IL2_STAT5_SIGNALING,FAH,9606.ENSP00000385080,0.0,False
HALLMARK_IL2_STAT5_SIGNALING,ENPP1,9606.ENSP00000498074,0.0,False
HALLMARK_IL2_STAT5_SIGNALING,IGF1R,9606.ENSP00000497069,0.016216216216216217,False
HALLMARK_IL2_STAT5_SIGNALING,RABGAP1L,9606.ENSP00000251507,0.0,False
HALLMARK_IL2_STAT5_SIGNALING,CST7,9606.ENSP00000420384,0.0,False
HALLMARK_IL2_STAT5_SIGNALING,LCLAT1,9606.ENSP00000310551,0.0,False
HALLMARK_IL2_STAT5_SIGNALING,SH3BGRL2,9606.ENSP00000358853,0.0,False
HALLMARK_IL2_STAT5_SIGNALING,ETFBKMT,9606.ENSP00000350353,0.0,False
HALLMARK_IL2_STAT5_SIGNALING,PLPP1,9606.ENSP00000264775,0.0,False
HALLMARK_IL2_STAT5_SIGNALING,GPX4,9606.ENSP00000346103,0.0,False
HALLMARK_IL2_STAT5_SIGNALING,ICOS,9606.ENSP00000319476,0.0,False
HALLMARK_IL2_STAT5_SIGNALING,PTCH1,9606.ENSP00000332353,0.0,False
HALLMARK_IL2_STAT5_SIGNALING,TNFRSF18,9606.ENSP00000328207,0.005405405405405406,False
HALLMARK_IL2_STAT5_SIGNALING,SELP,9606.ENSP00000263686,0.0,False
HALLMARK_IL2_STAT5_SIGNALING,TNFSF10,9606.ENSP00000241261,0.0,False
HALLMARK_IL2_STAT5_SIGNALING,FGL2,9606.ENSP00000248598,0.0,False
HALLMARK_IL2_STAT5_SIGNALING,MUC1,9606.ENSP00000484824,0.0,False
HALLMARK_IL2_STAT5_SIGNALING,ALCAM,9606.ENSP00000305988,0.0,False
HALLMARK_IL2_STAT5_SIGNALING,PTRH2,9606.ENSP00000387180,0.0,False
HALLMARK_IL2_STAT5_SIGNALING,CD79B,9606.ENSP00000376544,0.0,False
HALLMARK_IL2_STAT5_SIGNALING,MAPKAPK2,9606.ENSP00000356070,0.0,False
HALLMARK_IL2_STAT5_SIGNALING,CDKN1C,9606.ENSP00000413720,0.0,False
HALLMARK_IL2_STAT5_SIGNALING,CXCL10,9606.ENSP00000305651,0.0,False
HALLMARK_IL2_STAT5_SIGNALING,AGER,9606.ENSP00000364210,0.0,False
HALLMARK_IL2_STAT5_SIGNALING,TNFRSF9,9606.ENSP00000478699,0.005405405405405406,False
HALLMARK_IL2_STAT5_SIGNALING,CCNE1,9606.ENSP00000262643,0.0,False
HALLMARK_IL2_STAT5_SIGNALING,SPP1,9606.ENSP00000378517,0.016216216216216217,False
HALLMARK_IL2_STAT5_SIGNALING,CD44,9606.ENSP00000398632,0.010810810810810811,False
HALLMARK_IL2_STAT5_SIGNALING,CA2,9606.ENSP00000285379,0.0,False
HALLMARK_IL2_STAT5_SIGNALING,CTLA4,9606.ENSP00000497102,0.010810810810810811,False
HALLMARK_IL2_STAT5_SIGNALING,GSTO1,9606.ENSP00000358727,0.0,False
HALLMARK_IL2_STAT5_SIGNALING,IL1RL1,9606.ENSP00000233954,0.0,False
HALLMARK_IL2_STAT5_SIGNALING,TWSG1,9606.ENSP00000262120,0.0,False
HALLMARK_IL2_STAT5_SIGNALING,HK2,9606.ENSP00000290573,0.005405405405405406,False
HALLMARK_IL2_STAT5_SIGNALING,RGS16,9606.ENSP00000356529,0.0,False
HALLMARK_IL2_STAT5_SIGNALING,IRF8,9606.ENSP00000268638,0.005405405405405406,False
HALLMARK_IL2_STAT5_SIGNALING,CTSZ,9606.ENSP00000217131,0.0,False
HALLMARK_IL2_STAT5_SIGNALING,CCND3,9606.ENSP00000362082,0.0,False
HALLMARK_IL2_STAT5_SIGNALING,CD86,9606.ENSP00000332049,0.010810810810810811,False
HALLMARK_IL2_STAT5_SIGNALING,AHNAK,9606.ENSP00000367263,0.0,False
HALLMARK_IL2_STAT5_SIGNALING,SMPDL3A,9606.ENSP00000357425,0.0,False
HALLMARK_IL2_STAT5_SIGNALING,IL3RA,9606.ENSP00000327890,0.0,False
HALLMARK_IL2_STAT5_SIGNALING,SWAP70,9606.ENSP00000315630,0.0,False
HALLMARK_IL2_STAT5_SIGNALING,CDC6,9606.ENSP00000209728,0.0,False
HALLMARK_IL2_STAT5_SIGNALING,FURIN,9606.ENSP00000483552,0.0,False
HALLMARK_IL2_STAT5_SIGNALING,IRF6,9606.ENSP00000355988,0.0,False
HALLMARK_IL2_STAT5_SIGNALING,PHTF2,9606.ENSP00000403042,0.0,False
HALLMARK_IL2_STAT5_SIGNALING,MYO1C,9606.ENSP00000496954,0.0,False
HALLMARK_IL2_STAT5_SIGNALING,BATF3,9606.ENSP00000243440,0.0,False
HALLMARK_IL2_STAT5_SIGNALING,DENND5A,9606.ENSP00000328524,0.0,False
HALLMARK_IL2_STAT5_SIGNALING,SNX9,9606.ENSP00000376024,0.0,False
HALLMARK_IL2_STAT5_SIGNALING,SPRY4,9606.ENSP00000344967,0.005405405405405406,False
HALLMARK_IL2_STAT5_SIGNALING,APLP1,9606.ENSP00000221891,0.0,False
HALLMARK_IL2_STAT5_SIGNALING,CISH,9606.ENSP00000409346,0.0,False
HALLMARK_IL2_STAT5_SIGNALING,TNFRSF8,9606.ENSP00000263932,0.0,False
HALLMARK_IL2_STAT5_SIGNALING,TNFRSF1B,9606.ENSP00000365435,0.010810810810810811,False
HALLMARK_IL2_STAT5_SIGNALING,AHR,9606.ENSP00000242057,0.0,False
HALLMARK_IL2_STAT5_SIGNALING,BMP2,9606.ENSP00000368104,0.005405405405405406,False
HALLMARK_IL2_STAT5_SIGNALING,SOCS2,9606.ENSP00000481249,0.010810810810810811,False
HALLMARK_IL2_STAT5_SIGNALING,GABARAPL1,9606.ENSP00000411256,0.0,False
HALLMARK_IL2_STAT5_SIGNALING,SLC29A2,9606.ENSP00000440329,0.0,False
HALLMARK_IL2_STAT5_SIGNALING,LIF,9606.ENSP00000249075,0.0,False
HALLMARK_IL2_STAT5_SIGNALING,HUWE1,9606.ENSP00000340648,0.0,False
HALLMARK_IL2_STAT5_SIGNALING,IRF4,9606.ENSP00000370343,0.0,False
HALLMARK_IL2_STAT5_SIGNALING,SOCS1,9606.ENSP00000496577,0.010810810810810811,False
HALLMARK_IL2_STAT5_SIGNALING,NRP1,9606.ENSP00000265371,0.0,False
HALLMARK_IL2_STAT5_SIGNALING,PLIN2,9606.ENSP00000276914,0.0,False
HALLMARK_IL2_STAT5_SIGNALING,RRAGD,9606.ENSP00000358423,0.0,False
HALLMARK_IL2_STAT5_SIGNALING,AHCY,9606.ENSP00000217426,0.0,False
HALLMARK_IL2_STAT5_SIGNALING,BMPR2,9606.ENSP00000363708,0.005405405405405406,False
HALLMARK_IL2_STAT5_SIGNALING,HIPK2,9606.ENSP00000385571,0.0,False
HALLMARK_IL2_STAT5_SIGNALING,CCR4,9606.ENSP00000332659,0.0,False
HALLMARK_IL2_STAT5_SIGNALING,IFITM3,9606.ENSP00000382707,0.0,False
HALLMARK_IL2_STAT5_SIGNALING,UCK2,9606.ENSP00000356853,0.0,False
HALLMARK_IL2_STAT5_SIGNALING,GPR65,9606.ENSP00000267549,0.0,False
HALLMARK_IL2_STAT5_SIGNALING,PRNP,9606.ENSP00000399376,0.0,False
HALLMARK_IL2_STAT5_SIGNALING,HOPX,9606.ENSP00000450527,0.0,False
HALLMARK_IL2_STAT5_SIGNALING,IGF2R,9606.ENSP00000349437,0.0,False
HALLMARK_IL2_STAT5_SIGNALING,IL10RA,9606.ENSP00000227752,0.005405405405405406,False
HALLMARK_IL2_STAT5_SIGNALING,EEF1AKMT1,9606.ENSP00000372206,0.0,False
HALLMARK_IL2_STAT5_SIGNALING,SNX14,9606.ENSP00000313121,0.0,False
HALLMARK_IL2_STAT5_SIGNALING,CCND2,9606.ENSP00000261254,0.0,False
HALLMARK_IL2_STAT5_SIGNALING,RHOB,9606.ENSP00000272233,0.005405405405405406,False
HALLMARK_IL2_STAT5_SIGNALING,BHLHE40,9606.ENSP00000256495,0.005405405405405406,False
HALLMARK_IL2_STAT5_SIGNALING,CD81,9606.ENSP00000263645,0.005405405405405406,False
HALLMARK_IL2_STAT5_SIGNALING,TNFSF11,9606.ENSP00000381775,0.005405405405405406,False
HALLMARK_IL2_STAT5_SIGNALING,SLC2A3,9606.ENSP00000075120,0.0,False
HALLMARK_IL2_STAT5_SIGNALING,NCOA3,9606.ENSP00000361066,0.0,False
HALLMARK_IL2_STAT5_SIGNALING,EMP1,9606.ENSP00000256951,0.0,False
HALLMARK_IL2_STAT5_SIGNALING,COCH,9606.ENSP00000216361,0.0,False
HALLMARK_IL2_STAT5_SIGNALING,CAPG,9606.ENSP00000263867,0.0,False
HALLMARK_IL2_STAT5_SIGNALING,DCPS,9606.ENSP00000263579,0.0,False
HALLMARK_IL2_STAT5_SIGNALING,GALM,9606.ENSP00000272252,0.005405405405405406,False
HALLMARK_IL2_STAT5_SIGNALING,CDC42SE2,9606.ENSP00000427421,0.0,False
HALLMARK_IL2_STAT5_SIGNALING,NDRG1,9606.ENSP00000404854,0.0,False
HALLMARK_IL2_STAT5_SIGNALING,MAP6,9606.ENSP00000307093,0.0,False
HALLMARK_IL2_STAT5_SIGNALING,GLIPR2,9606.ENSP00000367196,0.0,False
HALLMARK_IL2_STAT5_SIGNALING,AMACR,9606.ENSP00000371517,0.0,False
HALLMARK_IL2_STAT5_SIGNALING,IL18R1,9606.ENSP00000387211,0.0,False
HALLMARK_IL2_STAT5_SIGNALING,PNP,9606.ENSP00000354532,0.0,False
HALLMARK_IL2_STAT5_SIGNALING,LRRC8C,9606.ENSP00000359483,0.0,False
HALLMARK_IL2_STAT5_SIGNALING,TRAF1,9606.ENSP00000362994,0.016216216216216217,False
HALLMARK_IL2_STAT5_SIGNALING,MXD1,9606.ENSP00000264444,0.0,False
HALLMARK_IL2_STAT5_SIGNALING,P2RX4,9606.ENSP00000353032,0.0,False
HALLMARK_IL2_STAT5_SIGNALING,ODC1,9606.ENSP00000234111,0.0,False
HALLMARK_IL2_STAT5_SIGNALING,S100A1,9606.ENSP00000292169,0.0,False
HALLMARK_IL6_JAK_STAT3_SIGNALING,EBI3,9606.ENSP00000221847,0.0,False
HALLMARK_IL6_JAK_STAT3_SIGNALING,CBL,9606.ENSP00000264033,0.012987012987012988,False
HALLMARK_IL6_JAK_STAT3_SIGNALING,IL1R2,9606.ENSP00000330959,0.0,False
HALLMARK_IL6_JAK_STAT3_SIGNALING,PIM1,9606.ENSP00000362608,0.0,False
HALLMARK_IL6_JAK_STAT3_SIGNALING,IFNGR1,9606.ENSP00000356713,0.025974025974025976,False
HALLMARK_IL6_JAK_STAT3_SIGNALING,CD9,9606.ENSP00000371958,0.0,False
HALLMARK_IL6_JAK_STAT3_SIGNALING,BAK1,9606.ENSP00000363591,0.0,False
HALLMARK_IL6_JAK_STAT3_SIGNALING,IL6,9606.ENSP00000385675,0.07792207792207792,False
HALLMARK_IL6_JAK_STAT3_SIGNALING,STAT2,9606.ENSP00000315768,0.012987012987012988,False
HALLMARK_IL6_JAK_STAT3_SIGNALING,CXCL13,9606.ENSP00000286758,0.012987012987012988,False
HALLMARK_IL6_JAK_STAT3_SIGNALING,TYK2,9606.ENSP00000431885,0.0,False
HALLMARK_IL6_JAK_STAT3_SIGNALING,STAT3,9606.ENSP00000264657,0.025974025974025976,False
HALLMARK_IL6_JAK_STAT3_SIGNALING,MAP3K8,9606.ENSP00000263056,0.0,False
HALLMARK_IL6_JAK_STAT3_SIGNALING,CCL7,9606.ENSP00000367832,0.0,False
HALLMARK_IL6_JAK_STAT3_SIGNALING,IL2RG,9606.ENSP00000363318,0.012987012987012988,False
HALLMARK_IL6_JAK_STAT3_SIGNALING,PTPN1,9606.ENSP00000360683,0.0,False
HALLMARK_IL6_JAK_STAT3_SIGNALING,CSF2RB,9606.ENSP00000384053,0.025974025974025976,False
HALLMARK_IL6_JAK_STAT3_SIGNALING,CSF1,9606.ENSP00000327513,0.0,False
HALLMARK_IL6_JAK_STAT3_SIGNALING,STAM2,9606.ENSP00000263904,0.0,False
HALLMARK_IL6_JAK_STAT3_SIGNALING,CNTFR,9606.ENSP00000368265,0.012987012987012988,False
HALLMARK_IL6_JAK_STAT3_SIGNALING,OSMR,9606.ENSP00000274276,0.0,False
HALLMARK_IL6_JAK_STAT3_SIGNALING,LTB,9606.ENSP00000410481,0.0,False
HALLMARK_IL6_JAK_STAT3_SIGNALING,PDGFC,9606.ENSP00000422464,0.0,False
HALLMARK_IL6_JAK_STAT3_SIGNALING,ITGA4,9606.ENSP00000380227,0.025974025974025976,False
HALLMARK_IL6_JAK_STAT3_SIGNALING,ACVRL1,9606.ENSP00000373574,0.0,False
HALLMARK_IL6_JAK_STAT3_SIGNALING,LEPR,9606.ENSP00000330393,0.012987012987012988,False
HALLMARK_IL6_JAK_STAT3_SIGNALING,TNFRSF12A,9606.ENSP00000326737,0.0,False
HALLMARK_IL6_JAK_STAT3_SIGNALING,CSF3R,9606.ENSP00000362195,0.0,False
HALLMARK_IL6_JAK_STAT3_SIGNALING,IL4R,9606.ENSP00000379111,0.012987012987012988,False
HALLMARK_IL6_JAK_STAT3_SIGNALING,LTBR,9606.ENSP00000228918,0.012987012987012988,False
HALLMARK_IL6_JAK_STAT3_SIGNALING,IL13RA1,9606.ENSP00000360730,0.012987012987012988,False
HALLMARK_IL6_JAK_STAT3_SIGNALING,IL1R1,9606.ENSP00000386380,0.05194805194805195,False
HALLMARK_IL6_JAK_STAT3_SIGNALING,CXCL1,9606.ENSP00000379110,0.03896103896103896,False
HALLMARK_IL6_JAK_STAT3_SIGNALING,IL2RA,9606.ENSP00000369293,0.025974025974025976,False
HALLMARK_IL6_JAK_STAT3_SIGNALING,CD14,9606.ENSP00000385519,0.0,False
HALLMARK_IL6_JAK_STAT3_SIGNALING,TNFRSF21,9606.ENSP00000296861,0.0,False
HALLMARK_IL6_JAK_STAT3_SIGNALING,CD36,9606.ENSP00000415743,0.012987012987012988,False
HALLMARK_IL6_JAK_STAT3_SIGNALING,IL7,9606.ENSP00000263851,0.012987012987012988,False
HALLMARK_IL6_JAK_STAT3_SIGNALING,IFNAR1,9606.ENSP00000270139,0.0,False
HALLMARK_IL6_JAK_STAT3_SIGNALING,TLR2,9606.ENSP00000260010,0.012987012987012988,False
HALLMARK_IL6_JAK_STAT3_SIGNALING,STAT1,9606.ENSP00000354394,0.03896103896103896,False
HALLMARK_IL6_JAK_STAT3_SIGNALING,IFNGR2,9606.ENSP00000371425,0.0,False
HALLMARK_IL6_JAK_STAT3_SIGNALING,CD38,9606.ENSP00000226279,0.0,False
HALLMARK_IL6_JAK_STAT3_SIGNALING,A2M,9606.ENSP00000323929,0.0,False
HALLMARK_IL6_JAK_STAT3_SIGNALING,CXCL10,9606.ENSP00000305651,0.012987012987012988,False
HALLMARK_IL6_JAK_STAT3_SIGNALING,CXCL9,9606.ENSP00000354901,0.012987012987012988,False
HALLMARK_IL6_JAK_STAT3_SIGNALING,JUN,9606.ENSP00000360266,0.012987012987012988,False
HALLMARK_IL6_JAK_STAT3_SIGNALING,CD44,9606.ENSP00000398632,0.03896103896103896,False
HALLMARK_IL6_JAK_STAT3_SIGNALING,ITGB3,9606.ENSP00000452786,0.012987012987012988,False
HALLMARK_IL6_JAK_STAT3_SIGNALING,HAX1,9606.ENSP00000329002,0.0,False
HALLMARK_IL6_JAK_STAT3_SIGNALING,TGFB1,9606.ENSP00000221930,0.0,False
HALLMARK_IL6_JAK_STAT3_SIGNALING,HMOX1,9606.ENSP00000216117,0.0,False
HALLMARK_IL6_JAK_STAT3_SIGNALING,IL3RA,9606.ENSP00000327890,0.0,False
HALLMARK_IL6_JAK_STAT3_SIGNALING,GRB2,9606.ENSP00000376345,0.0,False
HALLMARK_IL6_JAK_STAT3_SIGNALING,IL17RB,9606.ENSP00000288167,0.0,False
HALLMARK_IL6_JAK_STAT3_SIGNALING,ACVR1B,9606.ENSP00000442656,0.0,False
HALLMARK_IL6_JAK_STAT3_SIGNALING,TNFRSF1B,9606.ENSP00000365435,0.012987012987012988,False
HALLMARK_IL6_JAK_STAT3_SIGNALING,IL6ST,9606.ENSP00000370698,0.012987012987012988,False
HALLMARK_IL6_JAK_STAT3_SIGNALING,PLA2G2A,9606.ENSP00000383364,0.0,False
HALLMARK_IL6_JAK_STAT3_SIGNALING,PTPN2,9606.ENSP00000311857,0.012987012987012988,False
HALLMARK_IL6_JAK_STAT3_SIGNALING,CSF2RA,9606.ENSP00000394227,0.012987012987012988,False
HALLMARK_IL6_JAK_STAT3_SIGNALING,PTPN11,9606.ENSP00000489597,0.012987012987012988,False
HALLMARK_IL6_JAK_STAT3_SIGNALING,SOCS1,9606.ENSP00000496577,0.025974025974025976,False
HALLMARK_IL6_JAK_STAT3_SIGNALING,TNF,9606.ENSP00000398698,0.06493506493506494,False
HALLMARK_IL6_JAK_STAT3_SIGNALING,IL1B,9606.ENSP00000263341,0.03896103896103896,False
HALLMARK_IL6_JAK_STAT3_SIGNALING,IL15RA,9606.ENSP00000380421,0.0,False
HALLMARK_IL6_JAK_STAT3_SIGNALING,IRF1,9606.ENSP00000245414,0.0,False
HALLMARK_IL6_JAK_STAT3_SIGNALING,MYD88,9606.ENSP00000498321,0.012987012987012988,False
HALLMARK_IL6_JAK_STAT3_SIGNALING,IL12RB1,9606.ENSP00000470788,0.0,False
HALLMARK_IL6_JAK_STAT3_SIGNALING,SOCS3,9606.ENSP00000330341,0.012987012987012988,False
HALLMARK_IL6_JAK_STAT3_SIGNALING,TNFRSF1A,9606.ENSP00000162749,0.012987012987012988,False
HALLMARK_IL6_JAK_STAT3_SIGNALING,FAS,9606.ENSP00000498466,0.0,False
HALLMARK_IL6_JAK_STAT3_SIGNALING,CCR1,9606.ENSP00000296140,0.012987012987012988,False
HALLMARK_IL6_JAK_STAT3_SIGNALING,PIK3R5,9606.ENSP00000392812,0.0,False
HALLMARK_IL6_JAK_STAT3_SIGNALING,IL18R1,9606.ENSP00000387211,0.012987012987012988,False
HALLMARK_IL6_JAK_STAT3_SIGNALING,IRF9,9606.ENSP00000380073,0.0,False
HALLMARK_IL6_JAK_STAT3_SIGNALING,CXCL11,9606.ENSP00000306884,0.012987012987012988,False
HALLMARK_IL6_JAK_STAT3_SIGNALING,IL17RA,9606.ENSP00000320936,0.0,False
HALLMARK_INFLAMMATORY_RESPONSE,CD55,9606.ENSP00000356030,0.0,False
HALLMARK_INFLAMMATORY_RESPONSE,LPAR1,9606.ENSP00000363553,0.0,False
HALLMARK_INFLAMMATORY_RESPONSE,GCH1,9606.ENSP00000477796,0.0,False
HALLMARK_INFLAMMATORY_RESPONSE,EBI3,9606.ENSP00000221847,0.0,False
HALLMARK_INFLAMMATORY_RESPONSE,SEMA4D,9606.ENSP00000416523,0.0,False
HALLMARK_INFLAMMATORY_RESPONSE,CD82,9606.ENSP00000227155,0.0,False
HALLMARK_INFLAMMATORY_RESPONSE,F3,9606.ENSP00000334145,0.011299435028248588,False
HALLMARK_INFLAMMATORY_RESPONSE,GABBR1,9606.ENSP00000366233,0.0,False
HALLMARK_INFLAMMATORY_RESPONSE,SELL,9606.ENSP00000498227,0.0,False
HALLMARK_INFLAMMATORY_RESPONSE,SLC31A1,9606.ENSP00000363329,0.0,False
HALLMARK_INFLAMMATORY_RESPONSE,SCARF1,9606.ENSP00000263071,0.005649717514124294,False
HALLMARK_INFLAMMATORY_RESPONSE,GNA15,9606.ENSP00000262958,0.0,False
HALLMARK_INFLAMMATORY_RESPONSE,IL2RB,9606.ENSP00000216223,0.01694915254237288,False
HALLMARK_INFLAMMATORY_RESPONSE,CXCR6,9606.ENSP00000395704,0.0,False
HALLMARK_INFLAMMATORY_RESPONSE,C5AR1,9606.ENSP00000347197,0.0,False
HALLMARK_INFLAMMATORY_RESPONSE,IL6,9606.ENSP00000385675,0.022598870056497175,False
HALLMARK_INFLAMMATORY_RESPONSE,IL7R,9606.ENSP00000306157,0.0,False
HALLMARK_INFLAMMATORY_RESPONSE,NOD2,9606.ENSP00000300589,0.0,False
HALLMARK_INFLAMMATORY_RESPONSE,CD69,9606.ENSP00000228434,0.011299435028248588,False
HALLMARK_INFLAMMATORY_RESPONSE,SLC1A2,9606.ENSP00000278379,0.0,False
HALLMARK_INFLAMMATORY_RESPONSE,P2RX7,9606.ENSP00000330696,0.005649717514124294,False
HALLMARK_INFLAMMATORY_RESPONSE,TLR3,9606.ENSP00000296795,0.011299435028248588,False
HALLMARK_INFLAMMATORY_RESPONSE,CX3CL1,9606.ENSP00000006053,0.022598870056497175,False
HALLMARK_INFLAMMATORY_RESPONSE,TNFSF15,9606.ENSP00000363157,0.0,False
HALLMARK_INFLAMMATORY_RESPONSE,CCL5,9606.ENSP00000474412,0.0,False
HALLMARK_INFLAMMATORY_RESPONSE,IL18RAP,9606.ENSP00000264260,0.0,False
HALLMARK_INFLAMMATORY_RESPONSE,CCL7,9606.ENSP00000367832,0.0,False
HALLMARK_INFLAMMATORY_RESPONSE,ADRM1,9606.ENSP00000478877,0.0,False
HALLMARK_INFLAMMATORY_RESPONSE,CD48,9606.ENSP00000484431,0.005649717514124294,False
HALLMARK_INFLAMMATORY_RESPONSE,SELENOS,9606.ENSP00000381282,0.0,False
HALLMARK_INFLAMMATORY_RESPONSE,PTPRE,9606.ENSP00000254667,0.0,False
HALLMARK_INFLAMMATORY_RESPONSE,TACR1,9606.ENSP00000303522,0.0,False
HALLMARK_INFLAMMATORY_RESPONSE,SGMS2,9606.ENSP00000378176,0.0,False
HALLMARK_INFLAMMATORY_RESPONSE,LCP2,9606.ENSP00000046794,0.0,False
HALLMARK_INFLAMMATORY_RESPONSE,ATP2C1,9606.ENSP00000421326,0.0,False
HALLMARK_INFLAMMATORY_RESPONSE,CCR7,9606.ENSP00000246657,0.03389830508474576,False
HALLMARK_INFLAMMATORY_RESPONSE,CSF1,9606.ENSP00000327513,0.0,False
HALLMARK_INFLAMMATORY_RESPONSE,MMP14,9606.ENSP00000308208,0.0,False
HALLMARK_INFLAMMATORY_RESPONSE,KLF6,9606.ENSP00000419923,0.0,False
HALLMARK_INFLAMMATORY_RESPONSE,LCK,9606.ENSP00000477713,0.005649717514124294,False
HALLMARK_INFLAMMATORY_RESPONSE,HPN,9606.ENSP00000262626,0.0,False
HALLMARK_INFLAMMATORY_RESPONSE,CCL20,9606.ENSP00000351671,0.005649717514124294,False
HALLMARK_INFLAMMATORY_RESPONSE,CALCRL,9606.ENSP00000376177,0.0,False
HALLMARK_INFLAMMATORY_RESPONSE,PCDH7,9606.ENSP00000441802,0.0,False
HALLMARK_INFLAMMATORY_RESPONSE,SERPINE1,9606.ENSP00000223095,0.011299435028248588,False
HALLMARK_INFLAMMATORY_RESPONSE,ADORA2B,9606.ENSP00000304501,0.0,False
HALLMARK_INFLAMMATORY_RESPONSE,OSMR,9606.ENSP00000274276,0.0,False
HALLMARK_INFLAMMATORY_RESPONSE,PTGIR,9606.ENSP00000291294,0.0,False
HALLMARK_INFLAMMATORY_RESPONSE,TLR1,9606.ENSP00000354932,0.0,False
HALLMARK_INFLAMMATORY_RESPONSE,PTGER2,9606.ENSP00000245457,0.0,False
HALLMARK_INFLAMMATORY_RESPONSE,RGS1,9606.ENSP00000356429,0.005649717514124294,False
HALLMARK_INFLAMMATORY_RESPONSE,PDPN,9606.ENSP00000294489,0.0,False
HALLMARK_INFLAMMATORY_RESPONSE,EIF2AK2,9606.ENSP00000233057,0.0,False
HALLMARK_INFLAMMATORY_RESPONSE,PTGER4,9606.ENSP00000302846,0.0,False
HALLMARK_INFLAMMATORY_RESPONSE,LAMP3,9606.ENSP00000265598,0.0,False
HALLMARK_INFLAMMATORY_RESPONSE,RAF1,9606.ENSP00000401888,0.0,False
HALLMARK_INFLAMMATORY_RESPONSE,ABCA1,9606.ENSP00000363868,0.0,False
HALLMARK_INFLAMMATORY_RESPONSE,CSF3R,9606.ENSP00000362195,0.0,False
HALLMARK_INFLAMMATORY_RESPONSE,MYC,9606.ENSP00000478887,0.0,False
HALLMARK_INFLAMMATORY_RESPONSE,IL18,9606.ENSP00000280357,0.01694915254237288,False
HALLMARK_INFLAMMATORY_RESPONSE,IL4R,9606.ENSP00000379111,0.005649717514124294,False
HALLMARK_INFLAMMATORY_RESPONSE,RTP4,9606.ENSP00000259030,0.0,False
HALLMARK_INFLAMMATORY_RESPONSE,IL1R1,9606.ENSP00000386380,0.011299435028248588,False
HALLMARK_INFLAMMATORY_RESPONSE,KCNA3,9606.ENSP00000358784,0.0,False
HALLMARK_INFLAMMATORY_RESPONSE,HBEGF,9606.ENSP00000230990,0.0,False
HALLMARK_INFLAMMATORY_RESPONSE,OLR1,9606.ENSP00000309124,0.0,False
HALLMARK_INFLAMMATORY_RESPONSE,CCRL2,9606.ENSP00000349967,0.0,False
HALLMARK_INFLAMMATORY_RESPONSE,CD14,9606.ENSP00000385519,0.0,False
HALLMARK_INFLAMMATORY_RESPONSE,PLAUR,9606.ENSP00000339328,0.005649717514124294,False
HALLMARK_INFLAMMATORY_RESPONSE,FZD5,9606.ENSP00000354607,0.0,False
HALLMARK_INFLAMMATORY_RESPONSE,CCL22,9606.ENSP00000219235,0.022598870056497175,False
HALLMARK_INFLAMMATORY_RESPONSE,IFNAR1,9606.ENSP00000270139,0.01694915254237288,False
HALLMARK_INFLAMMATORY_RESPONSE,PTAFR,9606.ENSP00000442658,0.0,False
HALLMARK_INFLAMMATORY_RESPONSE,CD70,9606.ENSP00000395294,0.0,False
HALLMARK_INFLAMMATORY_RESPONSE,TLR2,9606.ENSP00000260010,0.022598870056497175,False
HALLMARK_INFLAMMATORY_RESPONSE,FFAR2,9606.ENSP00000473159,0.0,False
HALLMARK_INFLAMMATORY_RESPONSE,MSR1,9606.ENSP00000405453,0.0,False
HALLMARK_INFLAMMATORY_RESPONSE,TNFAIP6,9606.ENSP00000243347,0.005649717514124294,False
HALLMARK_INFLAMMATORY_RESPONSE,MET,9606.ENSP00000317272,0.0,False
HALLMARK_INFLAMMATORY_RESPONSE,CCL17,9606.ENSP00000219244,0.022598870056497175,False
HALLMARK_INFLAMMATORY_RESPONSE,HIF1A,9606.ENSP00000437955,0.0,False
HALLMARK_INFLAMMATORY_RESPONSE,TPBG,9606.ENSP00000358765,0.0,False
HALLMARK_INFLAMMATORY_RESPONSE,BTG2,9606.ENSP00000290551,0.0,False
HALLMARK_INFLAMMATORY_RESPONSE,CLEC5A,9606.ENSP00000449999,0.0,False
HALLMARK_INFLAMMATORY_RESPONSE,FPR1,9606.ENSP00000471493,0.0,False
HALLMARK_INFLAMMATORY_RESPONSE,GPC3,9606.ENSP00000377836,0.0,False
HALLMARK_INFLAMMATORY_RESPONSE,IL15,9606.ENSP00000296545,0.011299435028248588,False
HALLMARK_INFLAMMATORY_RESPONSE,EMP3,9606.ENSP00000469194,0.0,False
HALLMARK_INFLAMMATORY_RESPONSE,TNFSF10,9606.ENSP00000241261,0.0,False
HALLMARK_INFLAMMATORY_RESPONSE,IFNGR2,9606.ENSP00000371425,0.0,False
HALLMARK_INFLAMMATORY_RESPONSE,ITGB8,9606.ENSP00000222573,0.0,False
HALLMARK_INFLAMMATORY_RESPONSE,CXCL10,9606.ENSP00000305651,0.011299435028248588,False
HALLMARK_INFLAMMATORY_RESPONSE,ATP2B1,9606.ENSP00000392043,0.0,False
HALLMARK_INFLAMMATORY_RESPONSE,NDP,9606.ENSP00000495811,0.0,False
HALLMARK_INFLAMMATORY_RESPONSE,CXCL9,9606.ENSP00000354901,0.005649717514124294,False
HALLMARK_INFLAMMATORY_RESPONSE,SPHK1,9606.ENSP00000313681,0.0,False
HALLMARK_INFLAMMATORY_RESPONSE,TNFRSF9,9606.ENSP00000478699,0.0,False
HALLMARK_INFLAMMATORY_RESPONSE,C3AR1,9606.ENSP00000302079,0.005649717514124294,False
HALLMARK_INFLAMMATORY_RESPONSE,HAS2,9606.ENSP00000306991,0.0,False
HALLMARK_INFLAMMATORY_RESPONSE,IFITM1,9606.ENSP00000330825,0.0,False
HALLMARK_INFLAMMATORY_RESPONSE,CD40,9606.ENSP00000361359,0.005649717514124294,False
HALLMARK_INFLAMMATORY_RESPONSE,KCNJ2,9606.ENSP00000243457,0.0,False
HALLMARK_INFLAMMATORY_RESPONSE,LDLR,9606.ENSP00000454071,0.0,False
HALLMARK_INFLAMMATORY_RESPONSE,OSM,9606.ENSP00000215781,0.005649717514124294,False
HALLMARK_INFLAMMATORY_RESPONSE,TAPBP,9606.ENSP00000404833,0.0,False
HALLMARK_INFLAMMATORY_RESPONSE,TNFSF9,9606.ENSP00000245817,0.0,False
HALLMARK_INFLAMMATORY_RESPONSE,RGS16,9606.ENSP00000356529,0.005649717514124294,False
HALLMARK_INFLAMMATORY_RESPONSE,ITGB3,9606.ENSP00000452786,0.0,False
HALLMARK_INFLAMMATORY_RESPONSE,ADM,9606.ENSP00000436607,0.0,False
HALLMARK_INFLAMMATORY_RESPONSE,CYBB,9606.ENSP00000367851,0.0,False
HALLMARK_INFLAMMATORY_RESPONSE,BDKRB1,9606.ENSP00000216629,0.0,False
HALLMARK_INFLAMMATORY_RESPONSE,PVR,9606.ENSP00000402060,0.0,False
HALLMARK_INFLAMMATORY_RESPONSE,ATP2A2,9606.ENSP00000440045,0.0,False
HALLMARK_INFLAMMATORY_RESPONSE,P2RY2,9606.ENSP00000310305,0.0,False
HALLMARK_INFLAMMATORY_RESPONSE,EDN1,9606.ENSP00000368683,0.0,False
HALLMARK_INFLAMMATORY_RESPONSE,SELE,9606.ENSP00000331736,0.005649717514124294,False
HALLMARK_INFLAMMATORY_RESPONSE,ACVR1B,9606.ENSP00000442656,0.0,False
HALLMARK_INFLAMMATORY_RESPONSE,GP1BA,9606.ENSP00000329380,0.0,False
HALLMARK_INFLAMMATORY_RESPONSE,RASGRP1,9606.ENSP00000310244,0.0,False
HALLMARK_INFLAMMATORY_RESPONSE,LYN,9606.ENSP00000428924,0.0,False
HALLMARK_INFLAMMATORY_RESPONSE,TNFRSF1B,9606.ENSP00000365435,0.005649717514124294,False
HALLMARK_INFLAMMATORY_RESPONSE,KIF1B,9606.ENSP00000263934,0.0,False
HALLMARK_INFLAMMATORY_RESPONSE,AHR,9606.ENSP00000242057,0.0,False
HALLMARK_INFLAMMATORY_RESPONSE,DCBLD2,9606.ENSP00000321573,0.0,False
HALLMARK_INFLAMMATORY_RESPONSE,HRH1,9606.ENSP00000380247,0.0,False
HALLMARK_INFLAMMATORY_RESPONSE,AQP9,9606.ENSP00000219919,0.0,False
HALLMARK_INFLAMMATORY_RESPONSE,CXCL8,9606.ENSP00000306512,0.01694915254237288,False
HALLMARK_INFLAMMATORY_RESPONSE,LY6E,9606.ENSP00000428572,0.0,False
HALLMARK_INFLAMMATORY_RESPONSE,INHBA,9606.ENSP00000242208,0.005649717514124294,False
HALLMARK_INFLAMMATORY_RESPONSE,BST2,9606.ENSP00000252593,0.0,False
HALLMARK_INFLAMMATORY_RESPONSE,NMI,9606.ENSP00000243346,0.0,False
HALLMARK_INFLAMMATORY_RESPONSE,PDE4B,9606.ENSP00000342637,0.0,False
HALLMARK_INFLAMMATORY_RESPONSE,RHOG,9606.ENSP00000339467,0.0,False
HALLMARK_INFLAMMATORY_RESPONSE,ACVR2A,9606.ENSP00000241416,0.005649717514124294,False
HALLMARK_INFLAMMATORY_RESPONSE,NAMPT,9606.ENSP00000222553,0.0,False
HALLMARK_INFLAMMATORY_RESPONSE,SLC7A1,9606.ENSP00000370128,0.0,False
HALLMARK_INFLAMMATORY_RESPONSE,CDKN1A,9606.ENSP00000384849,0.005649717514124294,False
HALLMARK_INFLAMMATORY_RESPONSE,LIF,9606.ENSP00000249075,0.005649717514124294,False
HALLMARK_INFLAMMATORY_RESPONSE,GNAI3,9606.ENSP00000358867,0.011299435028248588,False
HALLMARK_INFLAMMATORY_RESPONSE,NLRP3,9606.ENSP00000337383,0.005649717514124294,False
HALLMARK_INFLAMMATORY_RESPONSE,SLAMF1,9606.ENSP00000438406,0.0,False
HALLMARK_INFLAMMATORY_RESPONSE,LTA,9606.ENSP00000403495,0.0,False
HALLMARK_INFLAMMATORY_RESPONSE,IRF7,9606.ENSP00000380697,0.011299435028248588,False
HALLMARK_INFLAMMATORY_RESPONSE,MARCO,9606.ENSP00000318916,0.0,False
HALLMARK_INFLAMMATORY_RESPONSE,SRI,9606.ENSP00000265729,0.0,False
HALLMARK_INFLAMMATORY_RESPONSE,GPR183,9606.ENSP00000365596,0.0,False
HALLMARK_INFLAMMATORY_RESPONSE,IL1B,9606.ENSP00000263341,0.022598870056497175,False
HALLMARK_INFLAMMATORY_RESPONSE,IL15RA,9606.ENSP00000380421,0.0,False
HALLMARK_INFLAMMATORY_RESPONSE,CHST2,9606.ENSP00000307911,0.0,False
HALLMARK_INFLAMMATORY_RESPONSE,IRF1,9606.ENSP00000245414,0.011299435028248588,False
HALLMARK_INFLAMMATORY_RESPONSE,ABI1,9606.ENSP00000365312,0.0,False
HALLMARK_INFLAMMATORY_RESPONSE,ITGA5,9606.ENSP00000293379,0.0,False
HALLMARK_INFLAMMATORY_RESPONSE,SCN1B,9606.ENSP00000396915,0.0,False
HALLMARK_INFLAMMATORY_RESPONSE,IL10RA,9606.ENSP00000227752,0.011299435028248588,False
HALLMARK_INFLAMMATORY_RESPONSE,SLC11A2,9606.ENSP00000378364,0.0,False
HALLMARK_INFLAMMATORY_RESPONSE,NFKBIA,9606.ENSP00000216797,0.011299435028248588,False
HALLMARK_INFLAMMATORY_RESPONSE,GPR132,9606.ENSP00000328818,0.0,False
HALLMARK_INFLAMMATORY_RESPONSE,CMKLR1,9606.ENSP00000449716,0.0,False
HALLMARK_INFLAMMATORY_RESPONSE,TIMP1,9606.ENSP00000218388,0.01694915254237288,False
HALLMARK_INFLAMMATORY_RESPONSE,ICAM1,9606.ENSP00000264832,0.011299435028248588,False
HALLMARK_INFLAMMATORY_RESPONSE,IRAK2,9606.ENSP00000256458,0.011299435028248588,False
HALLMARK_INFLAMMATORY_RESPONSE,APLNR,9606.ENSP00000475344,0.0,False
HALLMARK_INFLAMMATORY_RESPONSE,BEST1,9606.ENSP00000399709,0.0,False
HALLMARK_INFLAMMATORY_RESPONSE,PIK3R5,9606.ENSP00000392812,0.0,False
HALLMARK_INFLAMMATORY_RESPONSE,AXL,9606.ENSP00000301178,0.0,False
HALLMARK_INFLAMMATORY_RESPONSE,CCL2,9606.ENSP00000225831,0.05649717514124294,False
HALLMARK_INFLAMMATORY_RESPONSE,RELA,9606.ENSP00000384273,0.01694915254237288,False
HALLMARK_INFLAMMATORY_RESPONSE,RNF144B,9606.ENSP00000259939,0.0,False
HALLMARK_INFLAMMATORY_RESPONSE,PSEN1,9606.ENSP00000326366,0.0,False
HALLMARK_INFLAMMATORY_RESPONSE,NFKB1,9606.ENSP00000226574,0.02824858757062147,False
HALLMARK_INFLAMMATORY_RESPONSE,IL18R1,9606.ENSP00000387211,0.005649717514124294,False
HALLMARK_INFLAMMATORY_RESPONSE,SLC7A2,9606.ENSP00000004531,0.0,False
HALLMARK_INFLAMMATORY_RESPONSE,CXCL11,9606.ENSP00000306884,0.011299435028248588,False
HALLMARK_INFLAMMATORY_RESPONSE,MXD1,9606.ENSP00000264444,0.0,False
HALLMARK_INFLAMMATORY_RESPONSE,STAB1,9606.ENSP00000312946,0.0,False
HALLMARK_INFLAMMATORY_RESPONSE,RIPK2,9606.ENSP00000220751,0.005649717514124294,False
HALLMARK_INFLAMMATORY_RESPONSE,P2RX4,9606.ENSP00000353032,0.0,False
HALLMARK_INFLAMMATORY_RESPONSE,ADGRE1,9606.ENSP00000311545,0.0,False
HALLMARK_INTERFERON_ALPHA_RESPONSE,RSAD2,9606.ENSP00000371471,0.010638297872340425,False
HALLMARK_INTERFERON_ALPHA_RESPONSE,DHX58,9606.ENSP00000251642,0.031914893617021274,False
HALLMARK_INTERFERON_ALPHA_RESPONSE,LAP3,9606.ENSP00000226299,0.0,False
HALLMARK_INTERFERON_ALPHA_RESPONSE,MVB12A,9606.ENSP00000324810,0.0,False
HALLMARK_INTERFERON_ALPHA_RESPONSE,GBP4,9606.ENSP00000359490,0.02127659574468085,False
HALLMARK_INTERFERON_ALPHA_RESPONSE,TMEM140,9606.ENSP00000275767,0.0,False
HALLMARK_INTERFERON_ALPHA_RESPONSE,SELL,9606.ENSP00000498227,0.0,False
HALLMARK_INTERFERON_ALPHA_RESPONSE,UBE2L6,9606.ENSP00000287156,0.0,False
HALLMARK_INTERFERON_ALPHA_RESPONSE,CMPK2,9606.ENSP00000256722,0.02127659574468085,False
HALLMARK_INTERFERON_ALPHA_RESPONSE,NUB1,9606.ENSP00000454264,0.0,False
HALLMARK_INTERFERON_ALPHA_RESPONSE,HLA-C,9606.ENSP00000365402,0.010638297872340425,False
HALLMARK_INTERFERON_ALPHA_RESPONSE,NCOA7,9606.ENSP00000376269,0.0,False
HALLMARK_INTERFERON_ALPHA_RESPONSE,STAT2,9606.ENSP00000315768,0.02127659574468085,False
HALLMARK_INTERFERON_ALPHA_RESPONSE,PLSCR1,9606.ENSP00000345494,0.0,False
HALLMARK_INTERFERON_ALPHA_RESPONSE,PSMA3,9606.ENSP00000216455,0.010638297872340425,False
HALLMARK_INTERFERON_ALPHA_RESPONSE,TRAFD1,9606.ENSP00000257604,0.0,False
HALLMARK_INTERFERON_ALPHA_RESPONSE,GMPR,9606.ENSP00000259727,0.0,False
HALLMARK_INTERFERON_ALPHA_RESPONSE,PARP9,9606.ENSP00000353512,0.031914893617021274,False
HALLMARK_INTERFERON_ALPHA_RESPONSE,PSMB9,9606.ENSP00000363993,0.02127659574468085,False
HALLMARK_INTERFERON_ALPHA_RESPONSE,CSF1,9606.ENSP00000327513,0.0,False
HALLMARK_INTERFERON_ALPHA_RESPONSE,SLC25A28,9606.ENSP00000359526,0.0,False
HALLMARK_INTERFERON_ALPHA_RESPONSE,TRIM25,9606.ENSP00000323889,0.010638297872340425,False
HALLMARK_INTERFERON_ALPHA_RESPONSE,PSMB8,9606.ENSP00000364016,0.031914893617021274,False
HALLMARK_INTERFERON_ALPHA_RESPONSE,CMTR1,9606.ENSP00000362550,0.0,False
HALLMARK_INTERFERON_ALPHA_RESPONSE,TXNIP,9606.ENSP00000462521,0.0,False
HALLMARK_INTERFERON_ALPHA_RESPONSE,CNP,9606.ENSP00000377470,0.0,False
HALLMARK_INTERFERON_ALPHA_RESPONSE,EIF2AK2,9606.ENSP00000233057,0.010638297872340425,False
HALLMARK_INTERFERON_ALPHA_RESPONSE,OGFR,9606.ENSP00000290291,0.0,False
HALLMARK_INTERFERON_ALPHA_RESPONSE,BATF2,9606.ENSP00000301887,0.0,False
HALLMARK_INTERFERON_ALPHA_RESPONSE,LAMP3,9606.ENSP00000265598,0.0,False
HALLMARK_INTERFERON_ALPHA_RESPONSE,IL4R,9606.ENSP00000379111,0.0,False
HALLMARK_INTERFERON_ALPHA_RESPONSE,SP110,9606.ENSP00000258381,0.0,False
HALLMARK_INTERFERON_ALPHA_RESPONSE,RTP4,9606.ENSP00000259030,0.031914893617021274,False
HALLMARK_INTERFERON_ALPHA_RESPONSE,SAMD9,9606.ENSP00000369292,0.010638297872340425,False
HALLMARK_INTERFERON_ALPHA_RESPONSE,CCRL2,9606.ENSP00000349967,0.0,False
HALLMARK_INTERFERON_ALPHA_RESPONSE,OAS1,9606.ENSP00000388001,0.06382978723404255,False
HALLMARK_INTERFERON_ALPHA_RESPONSE,IL7,9606.ENSP00000263851,0.0,False
HALLMARK_INTERFERON_ALPHA_RESPONSE,MOV10,9606.ENSP00000399797,0.0,False
HALLMARK_INTERFERON_ALPHA_RESPONSE,IFI27,9606.ENSP00000483430,0.031914893617021274,False
HALLMARK_INTERFERON_ALPHA_RESPONSE,C1S,9606.ENSP00000385035,0.0,False
HALLMARK_INTERFERON_ALPHA_RESPONSE,TDRD7,9606.ENSP00000347444,0.0,False
HALLMARK_INTERFERON_ALPHA_RESPONSE,IFI35,9606.ENSP00000395590,0.06382978723404255,False
HALLMARK_INTERFERON_ALPHA_RESPONSE,IFIH1,9606.ENSP00000497271,0.031914893617021274,False
HALLMARK_INTERFERON_ALPHA_RESPONSE,ELF1,9606.ENSP00000239882,0.0,False
HALLMARK_INTERFERON_ALPHA_RESPONSE,TRIM14,9606.ENSP00000344208,0.0,False
HALLMARK_INTERFERON_ALPHA_RESPONSE,IL15,9606.ENSP00000296545,0.0,False
HALLMARK_INTERFERON_ALPHA_RESPONSE,HELZ2,9606.ENSP00000417401,0.010638297872340425,False
HALLMARK_INTERFERON_ALPHA_RESPONSE,CXCL10,9606.ENSP00000305651,0.010638297872340425,False
HALLMARK_INTERFERON_ALPHA_RESPONSE,TRIM26,9606.ENSP00000410446,0.0,False
HALLMARK_INTERFERON_ALPHA_RESPONSE,PSME1,9606.ENSP00000372155,0.02127659574468085,False
HALLMARK_INTERFERON_ALPHA_RESPONSE,CASP1,9606.ENSP00000433138,0.0,False
HALLMARK_INTERFERON_ALPHA_RESPONSE,GBP2,9606.ENSP00000359497,0.010638297872340425,False
HALLMARK_INTERFERON_ALPHA_RESPONSE,TENT5A,9606.ENSP00000318298,0.0,False
HALLMARK_INTERFERON_ALPHA_RESPONSE,ISG15,9606.ENSP00000496832,0.031914893617021274,False
HALLMARK_INTERFERON_ALPHA_RESPONSE,IFITM1,9606.ENSP00000330825,0.0,False
HALLMARK_INTERFERON_ALPHA_RESPONSE,SAMD9L,9606.ENSP00000326247,0.0,False
HALLMARK_INTERFERON_ALPHA_RESPONSE,PSME2,9606.ENSP00000216802,0.02127659574468085,False
HALLMARK_INTERFERON_ALPHA_RESPONSE,TRIM5,9606.ENSP00000369373,0.0,False
HALLMARK_INTERFERON_ALPHA_RESPONSE,IFI44L,9606.ENSP00000359787,0.031914893617021274,False
HALLMARK_INTERFERON_ALPHA_RESPONSE,TAP1,9606.ENSP00000346206,0.0,False
HALLMARK_INTERFERON_ALPHA_RESPONSE,EPSTI1,9606.ENSP00000318982,0.0,False
HALLMARK_INTERFERON_ALPHA_RESPONSE,CD47,9606.ENSP00000355361,0.0,False
HALLMARK_INTERFERON_ALPHA_RESPONSE,CD74,9606.ENSP00000009530,0.0,False
HALLMARK_INTERFERON_ALPHA_RESPONSE,LY6E,9606.ENSP00000428572,0.0,False
HALLMARK_INTERFERON_ALPHA_RESPONSE,BST2,9606.ENSP00000252593,0.0,False
HALLMARK_INTERFERON_ALPHA_RESPONSE,NMI,9606.ENSP00000243346,0.0,False
HALLMARK_INTERFERON_ALPHA_RESPONSE,TRIM21,9606.ENSP00000254436,0.0,False
HALLMARK_INTERFERON_ALPHA_RESPONSE,PROCR,9606.ENSP00000216968,0.0,False
HALLMARK_INTERFERON_ALPHA_RESPONSE,IRF7,9606.ENSP00000380697,0.06382978723404255,False
HALLMARK_INTERFERON_ALPHA_RESPONSE,MX1,9606.ENSP00000381601,0.06382978723404255,False
HALLMARK_INTERFERON_ALPHA_RESPONSE,IRF2,9606.ENSP00000377218,0.0,False
HALLMARK_INTERFERON_ALPHA_RESPONSE,IFI44,9606.ENSP00000359783,0.031914893617021274,False
HALLMARK_INTERFERON_ALPHA_RESPONSE,USP18,9606.ENSP00000215794,0.02127659574468085,False
HALLMARK_INTERFERON_ALPHA_RESPONSE,LPAR6,9606.ENSP00000367691,0.0,False
HALLMARK_INTERFERON_ALPHA_RESPONSE,IFITM2,9606.ENSP00000484689,0.010638297872340425,False
HALLMARK_INTERFERON_ALPHA_RESPONSE,IFIT3,9606.ENSP00000360876,0.0425531914893617,False
HALLMARK_INTERFERON_ALPHA_RESPONSE,IRF1,9606.ENSP00000245414,0.02127659574468085,False
HALLMARK_INTERFERON_ALPHA_RESPONSE,CASP8,9606.ENSP00000351273,0.0,False
HALLMARK_INTERFERON_ALPHA_RESPONSE,IFITM3,9606.ENSP00000382707,0.05319148936170213,False
HALLMARK_INTERFERON_ALPHA_RESPONSE,OASL,9606.ENSP00000257570,0.0425531914893617,False
HALLMARK_INTERFERON_ALPHA_RESPONSE,UBA7,9606.ENSP00000333266,0.0,False
HALLMARK_INTERFERON_ALPHA_RESPONSE,WARS1,9606.ENSP00000347495,0.0,False
HALLMARK_INTERFERON_ALPHA_RESPONSE,PARP12,9606.ENSP00000263549,0.02127659574468085,False
HALLMARK_INTERFERON_ALPHA_RESPONSE,B2M,9606.ENSP00000497910,0.0,False
HALLMARK_INTERFERON_ALPHA_RESPONSE,HERC6,9606.ENSP00000264346,0.0425531914893617,False
HALLMARK_INTERFERON_ALPHA_RESPONSE,DDX60,9606.ENSP00000377344,0.0425531914893617,False
HALLMARK_INTERFERON_ALPHA_RESPONSE,IFIT2,9606.ENSP00000490935,0.0425531914893617,False
HALLMARK_INTERFERON_ALPHA_RESPONSE,LGALS3BP,9606.ENSP00000262776,0.0,False
HALLMARK_INTERFERON_ALPHA_RESPONSE,ISG20,9606.ENSP00000306565,0.010638297872340425,False
HALLMARK_INTERFERON_ALPHA_RESPONSE,PNPT1,9606.ENSP00000400646,0.0,False
HALLMARK_INTERFERON_ALPHA_RESPONSE,IRF9,9606.ENSP00000380073,0.05319148936170213,False
HALLMARK_INTERFERON_ALPHA_RESPONSE,PARP14,9606.ENSP00000418194,0.010638297872340425,False
HALLMARK_INTERFERON_ALPHA_RESPONSE,CXCL11,9606.ENSP00000306884,0.010638297872340425,False
HALLMARK_INTERFERON_ALPHA_RESPONSE,ADAR,9606.ENSP00000357459,0.0,False
HALLMARK_INTERFERON_ALPHA_RESPONSE,RIPK2,9606.ENSP00000220751,0.0,False
HALLMARK_INTERFERON_GAMMA_RESPONSE,GCH1,9606.ENSP00000477796,0.0,False
HALLMARK_INTERFERON_GAMMA_RESPONSE,RSAD2,9606.ENSP00000371471,0.0,False
HALLMARK_INTERFERON_GAMMA_RESPONSE,DHX58,9606.ENSP00000251642,0.015625,False
HALLMARK_INTERFERON_GAMMA_RESPONSE,LAP3,9606.ENSP00000226299,0.0,False
HALLMARK_INTERFERON_GAMMA_RESPONSE,GBP4,9606.ENSP00000359490,0.010416666666666666,False
HALLMARK_INTERFERON_GAMMA_RESPONSE,PIM1,9606.ENSP00000362608,0.0,False
HALLMARK_INTERFERON_GAMMA_RESPONSE,IFIT1,9606.ENSP00000360869,0.026041666666666664,False
HALLMARK_INTERFERON_GAMMA_RESPONSE,ZBP1,9606.ENSP00000360215,0.010416666666666666,False
HALLMARK_INTERFERON_GAMMA_RESPONSE,P2RY14,9606.ENSP00000308361,0.0,False
HALLMARK_INTERFERON_GAMMA_RESPONSE,UBE2L6,9606.ENSP00000287156,0.0,False
HALLMARK_INTERFERON_GAMMA_RESPONSE,CMPK2,9606.ENSP00000256722,0.010416666666666666,False
HALLMARK_INTERFERON_GAMMA_RESPONSE,BPGM,9606.ENSP00000376840,0.0,False
HALLMARK_INTERFERON_GAMMA_RESPONSE,GZMA,9606.ENSP00000274306,0.0,False
HALLMARK_INTERFERON_GAMMA_RESPONSE,IL2RB,9606.ENSP00000216223,0.010416666666666666,False
HALLMARK_INTERFERON_GAMMA_RESPONSE,HLA-B,9606.ENSP00000399168,0.010416666666666666,False
HALLMARK_INTERFERON_GAMMA_RESPONSE,ARL4A,9606.ENSP00000379898,0.0,False
HALLMARK_INTERFERON_GAMMA_RESPONSE,IL6,9606.ENSP00000385675,0.015625,False
HALLMARK_INTERFERON_GAMMA_RESPONSE,PSMB10,9606.ENSP00000351314,0.005208333333333333,False
HALLMARK_INTERFERON_GAMMA_RESPONSE,CD69,9606.ENSP00000228434,0.010416666666666666,False
HALLMARK_INTERFERON_GAMMA_RESPONSE,STAT2,9606.ENSP00000315768,0.015625,False
HALLMARK_INTERFERON_GAMMA_RESPONSE,PLSCR1,9606.ENSP00000345494,0.0,False
HALLMARK_INTERFERON_GAMMA_RESPONSE,PSMA3,9606.ENSP00000216455,0.005208333333333333,False
HALLMARK_INTERFERON_GAMMA_RESPONSE,STAT3,9606.ENSP00000264657,0.005208333333333333,False
HALLMARK_INTERFERON_GAMMA_RESPONSE,CCL5,9606.ENSP00000474412,0.015625,False
HALLMARK_INTERFERON_GAMMA_RESPONSE,TRAFD1,9606.ENSP00000257604,0.0,False
HALLMARK_INTERFERON_GAMMA_RESPONSE,VAMP5,9606.ENSP00000305647,0.0,False
HALLMARK_INTERFERON_GAMMA_RESPONSE,CCL7,9606.ENSP00000367832,0.0,False
HALLMARK_INTERFERON_GAMMA_RESPONSE,MARCHF1,9606.ENSP00000427223,0.0,False
HALLMARK_INTERFERON_GAMMA_RESPONSE,SSPN,9606.ENSP00000242729,0.0,False
HALLMARK_INTERFERON_GAMMA_RESPONSE,ST3GAL5,9606.ENSP00000491316,0.0,False
HALLMARK_INTERFERON_GAMMA_RESPONSE,AUTS2,9606.ENSP00000344087,0.0,False
HALLMARK_INTERFERON_GAMMA_RESPONSE,PTPN1,9606.ENSP00000360683,0.0,False
HALLMARK_INTERFERON_GAMMA_RESPONSE,LCP2,9606.ENSP00000046794,0.0,False
HALLMARK_INTERFERON_GAMMA_RESPONSE,CSF2RB,9606.ENSP00000384053,0.010416666666666666,False
HALLMARK_INTERFERON_GAMMA_RESPONSE,PSMB9,9606.ENSP00000363993,0.015625,False
HALLMARK_INTERFERON_GAMMA_RESPONSE,SLC25A28,9606.ENSP00000359526,0.0,False
HALLMARK_INTERFERON_GAMMA_RESPONSE,TRIM25,9606.ENSP00000323889,0.005208333333333333,False
HALLMARK_INTERFERON_GAMMA_RESPONSE,IL18BP,9606.ENSP00000434717,0.0,False
HALLMARK_INTERFERON_GAMMA_RESPONSE,PSMB8,9606.ENSP00000364016,0.015625,False
HALLMARK_INTERFERON_GAMMA_RESPONSE,IRF5,9606.ENSP00000418037,0.0,False
HALLMARK_INTERFERON_GAMMA_RESPONSE,LYSMD2,9606.ENSP00000267838,0.0,False
HALLMARK_INTERFERON_GAMMA_RESPONSE,CMTR1,9606.ENSP00000362550,0.0,False
HALLMARK_INTERFERON_GAMMA_RESPONSE,JAK2,9606.ENSP00000371067,0.0,False
HALLMARK_INTERFERON_GAMMA_RESPONSE,UPP1,9606.ENSP00000330032,0.0,False
HALLMARK_INTERFERON_GAMMA_RESPONSE,CASP3,9606.ENSP00000311032,0.0,False
HALLMARK_INTERFERON_GAMMA_RESPONSE,GPR18,9606.ENSP00000343428,0.0,False
HALLMARK_INTERFERON_GAMMA_RESPONSE,CFH,9606.ENSP00000356399,0.0,False
HALLMARK_INTERFERON_GAMMA_RESPONSE,TXNIP,9606.ENSP00000462521,0.0,False
HALLMARK_INTERFERON_GAMMA_RESPONSE,OAS3,9606.ENSP00000228928,0.010416666666666666,False
HALLMARK_INTERFERON_GAMMA_RESPONSE,HLA-DQA1,9606.ENSP00000339398,0.0,False
HALLMARK_INTERFERON_GAMMA_RESPONSE,OGFR,9606.ENSP00000290291,0.0,False
HALLMARK_INTERFERON_GAMMA_RESPONSE,EIF2AK2,9606.ENSP00000233057,0.010416666666666666,False
HALLMARK_INTERFERON_GAMMA_RESPONSE,SLAMF7,9606.ENSP00000357022,0.0,False
HALLMARK_INTERFERON_GAMMA_RESPONSE,BATF2,9606.ENSP00000301887,0.0,False
HALLMARK_INTERFERON_GAMMA_RESPONSE,NOD1,9606.ENSP00000222823,0.010416666666666666,False
HALLMARK_INTERFERON_GAMMA_RESPONSE,ARID5B,9606.ENSP00000279873,0.0,False
HALLMARK_INTERFERON_GAMMA_RESPONSE,IL4R,9606.ENSP00000379111,0.010416666666666666,False
HALLMARK_INTERFERON_GAMMA_RESPONSE,SP110,9606.ENSP00000258381,0.0,False
HALLMARK_INTERFERON_GAMMA_RESPONSE,RTP4,9606.ENSP00000259030,0.015625,False
HALLMARK_INTERFERON_GAMMA_RESPONSE,VAMP8,9606.ENSP00000263864,0.0,False
HALLMARK_INTERFERON_GAMMA_RESPONSE,NUP93,9606.ENSP00000310668,0.0,False
HALLMARK_INTERFERON_GAMMA_RESPONSE,SAMHD1,9606.ENSP00000493536,0.015625,False
HALLMARK_INTERFERON_GAMMA_RESPONSE,FCGR1A,9606.ENSP00000358165,0.005208333333333333,False
HALLMARK_INTERFERON_GAMMA_RESPONSE,IL7,9606.ENSP00000263851,0.005208333333333333,False
HALLMARK_INTERFERON_GAMMA_RESPONSE,HLA-G,9606.ENSP00000366024,0.010416666666666666,False
HALLMARK_INTERFERON_GAMMA_RESPONSE,SPPL2A,9606.ENSP00000261854,0.0,False
HALLMARK_INTERFERON_GAMMA_RESPONSE,IFI27,9606.ENSP00000483430,0.020833333333333332,False
HALLMARK_INTERFERON_GAMMA_RESPONSE,PLA2G4A,9606.ENSP00000356436,0.005208333333333333,False
HALLMARK_INTERFERON_GAMMA_RESPONSE,C1S,9606.ENSP00000385035,0.0,False
HALLMARK_INTERFERON_GAMMA_RESPONSE,PTGS2,9606.ENSP00000356438,0.005208333333333333,False
HALLMARK_INTERFERON_GAMMA_RESPONSE,TDRD7,9606.ENSP00000347444,0.0,False
HALLMARK_INTERFERON_GAMMA_RESPONSE,IFI35,9606.ENSP00000395590,0.026041666666666664,False
HALLMARK_INTERFERON_GAMMA_RESPONSE,TNFAIP6,9606.ENSP00000243347,0.005208333333333333,False
HALLMARK_INTERFERON_GAMMA_RESPONSE,XCL1,9606.ENSP00000356792,0.005208333333333333,False
HALLMARK_INTERFERON_GAMMA_RESPONSE,PML,9606.ENSP00000268058,0.0,False
HALLMARK_INTERFERON_GAMMA_RESPONSE,RIPK1,9606.ENSP00000259808,0.0,False
HALLMARK_INTERFERON_GAMMA_RESPONSE,IFIH1,9606.ENSP00000497271,0.026041666666666664,False
HALLMARK_INTERFERON_GAMMA_RESPONSE,HIF1A,9606.ENSP00000437955,0.0,False
HALLMARK_INTERFERON_GAMMA_RESPONSE,STAT1,9606.ENSP00000354394,0.057291666666666664,False
HALLMARK_INTERFERON_GAMMA_RESPONSE,TRIM14,9606.ENSP00000344208,0.0,False
HALLMARK_INTERFERON_GAMMA_RESPONSE,FPR1,9606.ENSP00000471493,0.0,False
HALLMARK_INTERFERON_GAMMA_RESPONSE,XAF1,9606.ENSP00000354822,0.026041666666666664,False
HALLMARK_INTERFERON_GAMMA_RESPONSE,IL15,9606.ENSP00000296545,0.0,False
HALLMARK_INTERFERON_GAMMA_RESPONSE,SELP,9606.ENSP00000263686,0.005208333333333333,False
HALLMARK_INTERFERON_GAMMA_RESPONSE,TNFSF10,9606.ENSP00000241261,0.0,False
HALLMARK_INTERFERON_GAMMA_RESPONSE,FGL2,9606.ENSP00000248598,0.0,False
HALLMARK_INTERFERON_GAMMA_RESPONSE,CD38,9606.ENSP00000226279,0.010416666666666666,False
HALLMARK_INTERFERON_GAMMA_RESPONSE,HELZ2,9606.ENSP00000417401,0.005208333333333333,False
HALLMARK_INTERFERON_GAMMA_RESPONSE,CXCL10,9606.ENSP00000305651,0.005208333333333333,False
HALLMARK_INTERFERON_GAMMA_RESPONSE,TRIM26,9606.ENSP00000410446,0.0,False
HALLMARK_INTERFERON_GAMMA_RESPONSE,PSME1,9606.ENSP00000372155,0.015625,False
HALLMARK_INTERFERON_GAMMA_RESPONSE,TNFAIP3,9606.ENSP00000481570,0.0,False
HALLMARK_INTERFERON_GAMMA_RESPONSE,CASP1,9606.ENSP00000433138,0.0,False
HALLMARK_INTERFERON_GAMMA_RESPONSE,CXCL9,9606.ENSP00000354901,0.010416666666666666,False
HALLMARK_INTERFERON_GAMMA_RESPONSE,ISG15,9606.ENSP00000496832,0.03125,False
HALLMARK_INTERFERON_GAMMA_RESPONSE,CFB,9606.ENSP00000416561,0.0,False
HALLMARK_INTERFERON_GAMMA_RESPONSE,RAPGEF6,9606.ENSP00000296859,0.0,False
HALLMARK_INTERFERON_GAMMA_RESPONSE,CD40,9606.ENSP00000361359,0.005208333333333333,False
HALLMARK_INTERFERON_GAMMA_RESPONSE,RNF213,9606.ENSP00000464087,0.0,False
HALLMARK_INTERFERON_GAMMA_RESPONSE,PSME2,9606.ENSP00000216802,0.010416666666666666,False
HALLMARK_INTERFERON_GAMMA_RESPONSE,SAMD9L,9606.ENSP00000326247,0.005208333333333333,False
HALLMARK_INTERFERON_GAMMA_RESPONSE,TNFAIP2,9606.ENSP00000452634,0.0,False
HALLMARK_INTERFERON_GAMMA_RESPONSE,IFI44L,9606.ENSP00000359787,0.026041666666666664,False
HALLMARK_INTERFERON_GAMMA_RESPONSE,VCAM1,9606.ENSP00000294728,0.005208333333333333,False
HALLMARK_INTERFERON_GAMMA_RESPONSE,TAPBP,9606.ENSP00000404833,0.0,False
HALLMARK_INTERFERON_GAMMA_RESPONSE,PSMB2,9606.ENSP00000362334,0.015625,False
HALLMARK_INTERFERON_GAMMA_RESPONSE,IRF8,9606.ENSP00000268638,0.0,False
HALLMARK_INTERFERON_GAMMA_RESPONSE,TAP1,9606.ENSP00000346206,0.0,False
HALLMARK_INTERFERON_GAMMA_RESPONSE,CD86,9606.ENSP00000332049,0.0,False
HALLMARK_INTERFERON_GAMMA_RESPONSE,EIF4E3,9606.ENSP00000393324,0.0,False
HALLMARK_INTERFERON_GAMMA_RESPONSE,LATS2,9606.ENSP00000372035,0.0,False
HALLMARK_INTERFERON_GAMMA_RESPONSE,BTG1,9606.ENSP00000256015,0.0,False
HALLMARK_INTERFERON_GAMMA_RESPONSE,ZNFX1,9606.ENSP00000360817,0.0,False
HALLMARK_INTERFERON_GAMMA_RESPONSE,STAT4,9606.ENSP00000351255,0.005208333333333333,False
HALLMARK_INTERFERON_GAMMA_RESPONSE,EPSTI1,9606.ENSP00000318982,0.0,False
HALLMARK_INTERFERON_GAMMA_RESPONSE,SECTM1,9606.ENSP00000269389,0.0,False
HALLMARK_INTERFERON_GAMMA_RESPONSE,TOR1B,9606.ENSP00000259339,0.0,False
HALLMARK_INTERFERON_GAMMA_RESPONSE,CASP7,9606.ENSP00000358327,0.005208333333333333,False
HALLMARK_INTERFERON_GAMMA_RESPONSE,MT2A,9606.ENSP00000245185,0.0,False
HALLMARK_INTERFERON_GAMMA_RESPONSE,PELI1,9606.ENSP00000351789,0.0,False
HALLMARK_INTERFERON_GAMMA_RESPONSE,CD74,9606.ENSP00000009530,0.0,False
HALLMARK_INTERFERON_GAMMA_RESPONSE,HLA-A,9606.ENSP00000379873,0.010416666666666666,False
HALLMARK_INTERFERON_GAMMA_RESPONSE,PDE4B,9606.ENSP00000342637,0.0,False
HALLMARK_INTERFERON_GAMMA_RESPONSE,LY6E,9606.ENSP00000428572,0.0,False
HALLMARK_INTERFERON_GAMMA_RESPONSE,BST2,9606.ENSP00000252593,0.0,False
HALLMARK_INTERFERON_GAMMA_RESPONSE,NMI,9606.ENSP00000243346,0.0,False
HALLMARK_INTERFERON_GAMMA_RESPONSE,TRIM21,9606.ENSP00000254436,0.0,False
HALLMARK_INTERFERON_GAMMA_RESPONSE,HLA-DRB1,9606.ENSP00000353099,0.0,False
HALLMARK_INTERFERON_GAMMA_RESPONSE,NAMPT,9606.ENSP00000222553,0.005208333333333333,False
HALLMARK_INTERFERON_GAMMA_RESPONSE,PTPN2,9606.ENSP00000311857,0.005208333333333333,False
HALLMARK_INTERFERON_GAMMA_RESPONSE,CDKN1A,9606.ENSP00000384849,0.0,False
HALLMARK_INTERFERON_GAMMA_RESPONSE,BANK1,9606.ENSP00000320509,0.0,False
HALLMARK_INTERFERON_GAMMA_RESPONSE,IRF4,9606.ENSP00000370343,0.0,False
HALLMARK_INTERFERON_GAMMA_RESPONSE,IRF7,9606.ENSP00000380697,0.03125,False
HALLMARK_INTERFERON_GAMMA_RESPONSE,MTHFD2,9606.ENSP00000377617,0.0,False
HALLMARK_INTERFERON_GAMMA_RESPONSE,CD274,9606.ENSP00000370989,0.010416666666666666,False
HALLMARK_INTERFERON_GAMMA_RESPONSE,SOCS1,9606.ENSP00000496577,0.005208333333333333,False
HALLMARK_INTERFERON_GAMMA_RESPONSE,MX1,9606.ENSP00000381601,0.026041666666666664,False
HALLMARK_INTERFERON_GAMMA_RESPONSE,IRF2,9606.ENSP00000377218,0.0,False
HALLMARK_INTERFERON_GAMMA_RESPONSE,IFI44,9606.ENSP00000359783,0.026041666666666664,False
HALLMARK_INTERFERON_GAMMA_RESPONSE,USP18,9606.ENSP00000215794,0.015625,False
HALLMARK_INTERFERON_GAMMA_RESPONSE,MX2,9606.ENSP00000333657,0.005208333333333333,False
HALLMARK_INTERFERON_GAMMA_RESPONSE,MVP,9606.ENSP00000378760,0.0,False
HALLMARK_INTERFERON_GAMMA_RESPONSE,IFITM2,9606.ENSP00000484689,0.005208333333333333,False
HALLMARK_INTERFERON_GAMMA_RESPONSE,SRI,9606.ENSP00000265729,0.0,False
HALLMARK_INTERFERON_GAMMA_RESPONSE,IL15RA,9606.ENSP00000380421,0.0,False
HALLMARK_INTERFERON_GAMMA_RESPONSE,IFIT3,9606.ENSP00000360876,0.03125,False
HALLMARK_INTERFERON_GAMMA_RESPONSE,IRF1,9606.ENSP00000245414,0.020833333333333332,False
HALLMARK_INTERFERON_GAMMA_RESPONSE,CASP8,9606.ENSP00000351273,0.010416666666666666,False
HALLMARK_INTERFERON_GAMMA_RESPONSE,ISOC1,9606.ENSP00000173527,0.0,False
HALLMARK_INTERFERON_GAMMA_RESPONSE,MYD88,9606.ENSP00000498321,0.015625,False
HALLMARK_INTERFERON_GAMMA_RESPONSE,OAS2,9606.ENSP00000342278,0.010416666666666666,False
HALLMARK_INTERFERON_GAMMA_RESPONSE,IFNAR2,9606.ENSP00000343957,0.0,False
HALLMARK_INTERFERON_GAMMA_RESPONSE,SOCS3,9606.ENSP00000330341,0.0,False
HALLMARK_INTERFERON_GAMMA_RESPONSE,IFITM3,9606.ENSP00000382707,0.020833333333333332,False
HALLMARK_INTERFERON_GAMMA_RESPONSE,IL10RA,9606.ENSP00000227752,0.005208333333333333,False
HALLMARK_INTERFERON_GAMMA_RESPONSE,ST8SIA4,9606.ENSP00000231461,0.0,False
HALLMARK_INTERFERON_GAMMA_RESPONSE,NFKBIA,9606.ENSP00000216797,0.010416666666666666,False
HALLMARK_INTERFERON_GAMMA_RESPONSE,CMKLR1,9606.ENSP00000449716,0.0,False
HALLMARK_INTERFERON_GAMMA_RESPONSE,FAS,9606.ENSP00000498466,0.0,False
HALLMARK_INTERFERON_GAMMA_RESPONSE,ICAM1,9606.ENSP00000264832,0.015625,False
HALLMARK_INTERFERON_GAMMA_RESPONSE,CIITA,9606.ENSP00000485010,0.0,False
HALLMARK_INTERFERON_GAMMA_RESPONSE,CASP4,9606.ENSP00000388566,0.0,False
HALLMARK_INTERFERON_GAMMA_RESPONSE,HLA-DMA,9606.ENSP00000363976,0.005208333333333333,False
HALLMARK_INTERFERON_GAMMA_RESPONSE,OASL,9606.ENSP00000257570,0.020833333333333332,False
HALLMARK_INTERFERON_GAMMA_RESPONSE,PFKP,9606.ENSP00000370517,0.0,False
HALLMARK_INTERFERON_GAMMA_RESPONSE,SERPING1,9606.ENSP00000278407,0.0,False
HALLMARK_INTERFERON_GAMMA_RESPONSE,WARS1,9606.ENSP00000347495,0.0,False
HALLMARK_INTERFERON_GAMMA_RESPONSE,PARP12,9606.ENSP00000263549,0.010416666666666666,False
HALLMARK_INTERFERON_GAMMA_RESPONSE,NCOA3,9606.ENSP00000361066,0.0,False
HALLMARK_INTERFERON_GAMMA_RESPONSE,PTPN6,9606.ENSP00000391592,0.010416666666666666,False
HALLMARK_INTERFERON_GAMMA_RESPONSE,IDO1,9606.ENSP00000430950,0.0,False
HALLMARK_INTERFERON_GAMMA_RESPONSE,B2M,9606.ENSP00000497910,0.0,False
HALLMARK_INTERFERON_GAMMA_RESPONSE,HERC6,9606.ENSP00000264346,0.020833333333333332,False
HALLMARK_INTERFERON_GAMMA_RESPONSE,APOL6,9606.ENSP00000386280,0.0,False
HALLMARK_INTERFERON_GAMMA_RESPONSE,DDX60,9606.ENSP00000377344,0.015625,False
HALLMARK_INTERFERON_GAMMA_RESPONSE,IFIT2,9606.ENSP00000490935,0.03125,False
HALLMARK_INTERFERON_GAMMA_RESPONSE,CCL2,9606.ENSP00000225831,0.020833333333333332,False
HALLMARK_INTERFERON_GAMMA_RESPONSE,ITGB7,9606.ENSP00000267082,0.005208333333333333,False
HALLMARK_INTERFERON_GAMMA_RESPONSE,RBCK1,9606.ENSP00000348632,0.0,False
HALLMARK_INTERFERON_GAMMA_RESPONSE,NFKB1,9606.ENSP00000226574,0.026041666666666664,False
HALLMARK_INTERFERON_GAMMA_RESPONSE,LGALS3BP,9606.ENSP00000262776,0.0,False
HALLMARK_INTERFERON_GAMMA_RESPONSE,ISG20,9606.ENSP00000306565,0.005208333333333333,False
HALLMARK_INTERFERON_GAMMA_RESPONSE,PNP,9606.ENSP00000354532,0.0,False
HALLMARK_INTERFERON_GAMMA_RESPONSE,PNPT1,9606.ENSP00000400646,0.0,False
HALLMARK_INTERFERON_GAMMA_RESPONSE,IRF9,9606.ENSP00000380073,0.03125,False
HALLMARK_INTERFERON_GAMMA_RESPONSE,PARP14,9606.ENSP00000418194,0.005208333333333333,False
HALLMARK_INTERFERON_GAMMA_RESPONSE,CXCL11,9606.ENSP00000306884,0.005208333333333333,False
HALLMARK_INTERFERON_GAMMA_RESPONSE,ADAR,9606.ENSP00000357459,0.010416666666666666,False
HALLMARK_INTERFERON_GAMMA_RESPONSE,RIPK2,9606.ENSP00000220751,0.010416666666666666,False
HALLMARK_INTERFERON_GAMMA_RESPONSE,C1R,9606.ENSP00000444271,0.0,False
HALLMARK_INTERFERON_GAMMA_RESPONSE,SOD2,9606.ENSP00000446252,0.0,False
HALLMARK_INTERFERON_GAMMA_RESPONSE,NLRC5,9606.ENSP00000262510,0.0,False
HALLMARK_KRAS_SIGNALING_DN,LYPD3,9606.ENSP00000244333,1.0,True
HALLMARK_KRAS_SIGNALING_DN,HTR1D,9606.ENSP00000363748,1.0,True
HALLMARK_KRAS_SIGNALING_DN,GTF3C5,9606.ENSP00000361180,1.0,True
HALLMARK_KRAS_SIGNALING_DN,RSAD2,9606.ENSP00000371471,1.0,True
HALLMARK_KRAS_SIGNALING_DN,COL2A1,9606.ENSP00000369889,1.0,True
HALLMARK_KRAS_SIGNALING_DN,PNMT,9606.ENSP00000269582,1.0,True
HALLMARK_KRAS_SIGNALING_DN,IDUA,9606.ENSP00000247933,1.0,True
HALLMARK_KRAS_SIGNALING_DN,SLC16A7,9606.ENSP00000448071,1.0,True
HALLMARK_KRAS_SIGNALING_DN,SPHK2,9606.ENSP00000469158,1.0,True
HALLMARK_KRAS_SIGNALING_DN,ASB7,9606.ENSP00000328327,1.0,True
HALLMARK_KRAS_SIGNALING_DN,C5,9606.ENSP00000223642,1.0,True
HALLMARK_KRAS_SIGNALING_DN,GPR3,9606.ENSP00000363136,1.0,True
HALLMARK_KRAS_SIGNALING_DN,MAST3,9606.ENSP00000262811,1.0,True
HALLMARK_KRAS_SIGNALING_DN,NTF3,9606.ENSP00000397297,1.0,True
HALLMARK_KRAS_SIGNALING_DN,ZBTB16,9606.ENSP00000338157,1.0,True
HALLMARK_KRAS_SIGNALING_DN,LGALS7,9606.ENSP00000367891,1.0,True
HALLMARK_KRAS_SIGNALING_DN,EGF,9606.ENSP00000265171,1.0,True
HALLMARK_KRAS_SIGNALING_DN,SKIL,9606.ENSP00000415243,1.0,True
HALLMARK_KRAS_SIGNALING_DN,TFF2,9606.ENSP00000291526,1.0,True
HALLMARK_KRAS_SIGNALING_DN,YPEL1,9606.ENSP00000342832,1.0,True
HALLMARK_KRAS_SIGNALING_DN,ITGB1BP2,9606.ENSP00000362935,1.0,True
HALLMARK_KRAS_SIGNALING_DN,STAG3,9606.ENSP00000477973,1.0,True
HALLMARK_KRAS_SIGNALING_DN,TCF7L1,9606.ENSP00000282111,1.0,True
HALLMARK_KRAS_SIGNALING_DN,EDN2,9606.ENSP00000361668,1.0,True
HALLMARK_KRAS_SIGNALING_DN,CALML5,9606.ENSP00000369689,1.0,True
HALLMARK_KRAS_SIGNALING_DN,ENTPD7,9606.ENSP00000359520,1.0,True
HALLMARK_KRAS_SIGNALING_DN,ZNF112,9606.ENSP00000337081,1.0,True
HALLMARK_KRAS_SIGNALING_DN,CD80,9606.ENSP00000264246,1.0,True
HALLMARK_KRAS_SIGNALING_DN,KRT5,9606.ENSP00000252242,1.0,True
HALLMARK_KRAS_SIGNALING_DN,MTHFR,9606.ENSP00000365770,1.0,True
HALLMARK_KRAS_SIGNALING_DN,KLHDC8A,9606.ENSP00000356124,1.0,True
HALLMARK_KRAS_SIGNALING_DN,COPZ2,9606.ENSP00000480707,1.0,True
HALLMARK_KRAS_SIGNALING_DN,RYR1,9606.ENSP00000352608,1.0,True
HALLMARK_KRAS_SIGNALING_DN,SGK1,9606.ENSP00000356832,1.0,True
HALLMARK_KRAS_SIGNALING_DN,SNN,9606.ENSP00000329287,1.0,True
HALLMARK_KRAS_SIGNALING_DN,TNNI3,9606.ENSP00000341838,1.0,True
HALLMARK_KRAS_SIGNALING_DN,CLDN8,9606.ENSP00000382783,1.0,True
HALLMARK_KRAS_SIGNALING_DN,CNTFR,9606.ENSP00000368265,1.0,True
HALLMARK_KRAS_SIGNALING_DN,ADRA2C,9606.ENSP00000386069,1.0,True
HALLMARK_KRAS_SIGNALING_DN,NR4A2,9606.ENSP00000344479,1.0,True
HALLMARK_KRAS_SIGNALING_DN,CACNA1F,9606.ENSP00000365441,1.0,True
HALLMARK_KRAS_SIGNALING_DN,CCNA1,9606.ENSP00000255465,1.0,True
HALLMARK_KRAS_SIGNALING_DN,CACNG1,9606.ENSP00000226021,1.0,True
HALLMARK_KRAS_SIGNALING_DN,TLX1,9606.ENSP00000359215,1.0,True
HALLMARK_KRAS_SIGNALING_DN,ZC2HC1C,9606.ENSP00000435550,1.0,True
HALLMARK_KRAS_SIGNALING_DN,TFAP2B,9606.ENSP00000377265,1.0,True
HALLMARK_KRAS_SIGNALING_DN,RGS11,9606.ENSP00000380876,1.0,True
HALLMARK_KRAS_SIGNALING_DN,CAMK1D,9606.ENSP00000478874,1.0,True
HALLMARK_KRAS_SIGNALING_DN,KRT15,9606.ENSP00000377546,1.0,True
HALLMARK_KRAS_SIGNALING_DN,PRKN,9606.ENSP00000355865,1.0,True
HALLMARK_KRAS_SIGNALING_DN,SPTBN2,9606.ENSP00000432568,1.0,True
HALLMARK_KRAS_SIGNALING_DN,CD40LG,9606.ENSP00000359663,1.0,True
HALLMARK_KRAS_SIGNALING_DN,KCND1,9606.ENSP00000218176,1.0,True
HALLMARK_KRAS_SIGNALING_DN,FGFR3,9606.ENSP00000339824,1.0,True
HALLMARK_KRAS_SIGNALING_DN,KCNMB1,9606.ENSP00000274629,1.0,True
HALLMARK_KRAS_SIGNALING_DN,UPK3B,9606.ENSP00000334938,1.0,True
HALLMARK_KRAS_SIGNALING_DN,KLK8,9606.ENSP00000375682,1.0,True
HALLMARK_KRAS_SIGNALING_DN,CELSR2,9606.ENSP00000271332,1.0,True
HALLMARK_KRAS_SIGNALING_DN,PDK2,9606.ENSP00000420927,1.0,True
HALLMARK_KRAS_SIGNALING_DN,BTG2,9606.ENSP00000290551,1.0,True
HALLMARK_KRAS_SIGNALING_DN,TENT5C,9606.ENSP00000358458,1.0,True
HALLMARK_KRAS_SIGNALING_DN,GAMT,9606.ENSP00000403536,1.0,True
HALLMARK_KRAS_SIGNALING_DN,SLC38A3,9606.ENSP00000481301,1.0,True
HALLMARK_KRAS_SIGNALING_DN,TFCP2L1,9606.ENSP00000263707,1.0,True
HALLMARK_KRAS_SIGNALING_DN,PDE6B,9606.ENSP00000420295,1.0,True
HALLMARK_KRAS_SIGNALING_DN,MAGIX,9606.ENSP00000471299,1.0,True
HALLMARK_KRAS_SIGNALING_DN,ARHGDIG,9606.ENSP00000219409,1.0,True
HALLMARK_KRAS_SIGNALING_DN,UGT2B17,9606.ENSP00000320401,1.0,True
HALLMARK_KRAS_SIGNALING_DN,PRODH,9606.ENSP00000349577,1.0,True
HALLMARK_KRAS_SIGNALING_DN,IGFBP2,9606.ENSP00000233809,1.0,True
HALLMARK_KRAS_SIGNALING_DN,NR6A1,9606.ENSP00000420267,1.0,True
HALLMARK_KRAS_SIGNALING_DN,IFI44L,9606.ENSP00000359787,1.0,True
HALLMARK_KRAS_SIGNALING_DN,SLC6A14,9606.ENSP00000470801,1.0,True
HALLMARK_KRAS_SIGNALING_DN,LFNG,9606.ENSP00000222725,1.0,True
HALLMARK_KRAS_SIGNALING_DN,SIDT1,9606.ENSP00000377416,1.0,True
HALLMARK_KRAS_SIGNALING_DN,CLSTN3,9606.ENSP00000266546,1.0,True
HALLMARK_KRAS_SIGNALING_DN,DTNB,9606.ENSP00000384084,1.0,True
HALLMARK_KRAS_SIGNALING_DN,ATP6V1B1,9606.ENSP00000234396,1.0,True
HALLMARK_KRAS_SIGNALING_DN,TGM1,9606.ENSP00000206765,1.0,True
HALLMARK_KRAS_SIGNALING_DN,CPB1,9606.ENSP00000417222,1.0,True
HALLMARK_KRAS_SIGNALING_DN,HSD11B2,9606.ENSP00000316786,1.0,True
HALLMARK_KRAS_SIGNALING_DN,EDN1,9606.ENSP00000368683,1.0,True
HALLMARK_KRAS_SIGNALING_DN,SLC29A3,9606.ENSP00000362285,1.0,True
HALLMARK_KRAS_SIGNALING_DN,GP1BA,9606.ENSP00000329380,1.0,True
HALLMARK_KRAS_SIGNALING_DN,MFSD6,9606.ENSP00000376141,1.0,True
HALLMARK_KRAS_SIGNALING_DN,FGGY,9606.ENSP00000360262,1.0,True
HALLMARK_KRAS_SIGNALING_DN,SYNPO,9606.ENSP00000377789,1.0,True
HALLMARK_KRAS_SIGNALING_DN,GPR19,9606.ENSP00000498976,1.0,True
HALLMARK_KRAS_SIGNALING_DN,TGFB2,9606.ENSP00000355896,1.0,True
HALLMARK_KRAS_SIGNALING_DN,YBX2,9606.ENSP00000007699,1.0,True
HALLMARK_KRAS_SIGNALING_DN,OXT,9606.ENSP00000217386,1.0,True
HALLMARK_KRAS_SIGNALING_DN,DLK2,9606.ENSP00000349893,1.0,True
HALLMARK_KRAS_SIGNALING_DN,PTPRJ,9606.ENSP00000400010,1.0,True
HALLMARK_KRAS_SIGNALING_DN,BMPR1B,9606.ENSP00000401907,1.0,True
HALLMARK_KRAS_SIGNALING_DN,PDCD1,9606.ENSP00000335062,1.0,True
HALLMARK_KRAS_SIGNALING_DN,KMT2D,9606.ENSP00000301067,1.0,True
HALLMARK_KRAS_SIGNALING_DN,CCDC106,9606.ENSP00000465757,1.0,True
HALLMARK_KRAS_SIGNALING_DN,MX1,9606.ENSP00000381601,1.0,True
HALLMARK_KRAS_SIGNALING_DN,FGF16,9606.ENSP00000399324,1.0,True
HALLMARK_KRAS_SIGNALING_DN,EFHD1,9606.ENSP00000264059,1.0,True
HALLMARK_KRAS_SIGNALING_DN,MACROH2A2,9606.ENSP00000362352,1.0,True
HALLMARK_KRAS_SIGNALING_DN,VPS50,9606.ENSP00000307666,1.0,True
HALLMARK_KRAS_SIGNALING_DN,CHST2,9606.ENSP00000307911,1.0,True
HALLMARK_KRAS_SIGNALING_DN,PKP1,9606.ENSP00000263946,1.0,True
HALLMARK_KRAS_SIGNALING_DN,THNSL2,9606.ENSP00000327323,1.0,True
HALLMARK_KRAS_SIGNALING_DN,SELENOP,9606.ENSP00000425915,1.0,True
HALLMARK_KRAS_SIGNALING_DN,RIBC2,9606.ENSP00000483356,1.0,True
HALLMARK_KRAS_SIGNALING_DN,NUDT11,9606.ENSP00000365160,1.0,True
HALLMARK_KRAS_SIGNALING_DN,GPRC5C,9606.ENSP00000499092,1.0,True
HALLMARK_KRAS_SIGNALING_DN,THRB,9606.ENSP00000379904,1.0,True
HALLMARK_KRAS_SIGNALING_DN,CYP39A1,9606.ENSP00000275016,1.0,True
HALLMARK_KRAS_SIGNALING_DN,CLPS,9606.ENSP00000259938,1.0,True
HALLMARK_KRAS_SIGNALING_DN,CPEB3,9606.ENSP00000265997,1.0,True
HALLMARK_KRAS_SIGNALING_DN,IFNG,9606.ENSP00000229135,1.0,True
HALLMARK_KRAS_SIGNALING_DN,MSH5,9606.ENSP00000364855,1.0,True
HALLMARK_KRAS_SIGNALING_DN,AKR1B10,9606.ENSP00000352584,1.0,True
HALLMARK_KRAS_SIGNALING_DN,CAPN9,9606.ENSP00000271971,1.0,True
HALLMARK_KRAS_SIGNALING_DN,GP2,9606.ENSP00000370767,1.0,True
HALLMARK_KRAS_SIGNALING_DN,SLC25A23,9606.ENSP00000301454,1.0,True
HALLMARK_KRAS_SIGNALING_DN,SHOX2,9606.ENSP00000374240,1.0,True
HALLMARK_KRAS_SIGNALING_DN,KLK7,9606.ENSP00000470538,1.0,True
HALLMARK_KRAS_SIGNALING_DN,SOX10,9606.ENSP00000380093,1.0,True
HALLMARK_KRAS_SIGNALING_DN,TCL1A,9606.ENSP00000451506,1.0,True
HALLMARK_KRAS_SIGNALING_DN,TENM2,9606.ENSP00000427874,1.0,True
HALLMARK_KRAS_SIGNALING_DN,CCR8,9606.ENSP00000326432,1.0,True
HALLMARK_KRAS_SIGNALING_DN,CDKAL1,9606.ENSP00000274695,1.0,True
HALLMARK_KRAS_SIGNALING_DN,NRIP2,9606.ENSP00000337501,1.0,True
HALLMARK_KRAS_SIGNALING_DN,PTGFR,9606.ENSP00000359793,1.0,True
HALLMARK_KRAS_SIGNALING_DN,CD207,9606.ENSP00000386378,1.0,True
HALLMARK_KRAS_SIGNALING_DN,BARD1,9606.ENSP00000260947,1.0,True
HALLMARK_KRAS_SIGNALING_UP,CTSS,9606.ENSP00000357981,0.0,False
HALLMARK_KRAS_SIGNALING_UP,G0S2,9606.ENSP00000355996,0.0,False
HALLMARK_KRAS_SIGNALING_UP,EPB41L3,9606.ENSP00000343158,0.0,False
HALLMARK_KRAS_SIGNALING_UP,PPP1R15A,9606.ENSP00000200453,0.0,False
HALLMARK_KRAS_SIGNALING_UP,CBL,9606.ENSP00000264033,0.0,False
HALLMARK_KRAS_SIGNALING_UP,TLR8,9606.ENSP00000312082,0.0,False
HALLMARK_KRAS_SIGNALING_UP,ETV4,9606.ENSP00000321835,0.0,False
HALLMARK_KRAS_SIGNALING_UP,MTMR10,9606.ENSP00000402537,0.0,False
HALLMARK_KRAS_SIGNALING_UP,TMEM100,9606.ENSP00000465638,0.0,False
HALLMARK_KRAS_SIGNALING_UP,LAPTM5,9606.ENSP00000294507,0.0,False
HALLMARK_KRAS_SIGNALING_UP,PDCD1LG2,9606.ENSP00000380855,0.0,False
HALLMARK_KRAS_SIGNALING_UP,SLPI,9606.ENSP00000342082,0.0,False
HALLMARK_KRAS_SIGNALING_UP,FUCA1,9606.ENSP00000363603,0.0,False
HALLMARK_KRAS_SIGNALING_UP,YRDC,9606.ENSP00000362135,0.0,False
HALLMARK_KRAS_SIGNALING_UP,SEMA3B,9606.ENSP00000480680,0.0,False
HALLMARK_KRAS_SIGNALING_UP,GPNMB,9606.ENSP00000371420,0.0,False
HALLMARK_KRAS_SIGNALING_UP,ANGPTL4,9606.ENSP00000301455,0.0,False
HALLMARK_KRAS_SIGNALING_UP,GALNT3,9606.ENSP00000376465,0.0,False
HALLMARK_KRAS_SIGNALING_UP,BPGM,9606.ENSP00000376840,0.0,False
HALLMARK_KRAS_SIGNALING_UP,ABCB1,9606.ENSP00000478255,0.0,False
HALLMARK_KRAS_SIGNALING_UP,RETN,9606.ENSP00000221515,0.0,False
HALLMARK_KRAS_SIGNALING_UP,CCSER2,9606.ENSP00000361160,0.0,False
HALLMARK_KRAS_SIGNALING_UP,MMD,9606.ENSP00000262065,0.0,False
HALLMARK_KRAS_SIGNALING_UP,RELN,9606.ENSP00000392423,0.0,False
HALLMARK_KRAS_SIGNALING_UP,CAB39L,9606.ENSP00000479669,0.0,False
HALLMARK_KRAS_SIGNALING_UP,IL7R,9606.ENSP00000306157,0.0,False
HALLMARK_KRAS_SIGNALING_UP,TSPAN7,9606.ENSP00000367743,0.0,False
HALLMARK_KRAS_SIGNALING_UP,VWA5A,9606.ENSP00000407726,0.0,False
HALLMARK_KRAS_SIGNALING_UP,ATG10,9606.ENSP00000282185,0.0,False
HALLMARK_KRAS_SIGNALING_UP,ADAM17,9606.ENSP00000309968,0.0,False
HALLMARK_KRAS_SIGNALING_UP,PLAT,9606.ENSP00000220809,0.0056179775280898875,False
HALLMARK_KRAS_SIGNALING_UP,GADD45G,9606.ENSP00000252506,0.0,False
HALLMARK_KRAS_SIGNALING_UP,ADGRL4,9606.ENSP00000359778,0.0,False
HALLMARK_KRAS_SIGNALING_UP,ITGA2,9606.ENSP00000296585,0.0056179775280898875,False
HALLMARK_KRAS_SIGNALING_UP,GYPC,9606.ENSP00000259254,0.0,False
HALLMARK_KRAS_SIGNALING_UP,SPRY2,9606.ENSP00000366306,0.0,False
HALLMARK_KRAS_SIGNALING_UP,IL2RG,9606.ENSP00000363318,0.0,False
HALLMARK_KRAS_SIGNALING_UP,MMP9,9606.ENSP00000361405,0.0056179775280898875,False
HALLMARK_KRAS_SIGNALING_UP,ENG,9606.ENSP00000362299,0.0056179775280898875,False
HALLMARK_KRAS_SIGNALING_UP,PRRX1,9606.ENSP00000239461,0.0,False
HALLMARK_KRAS_SIGNALING_UP,ZNF277,9606.ENSP00000354501,0.0,False
HALLMARK_KRAS_SIGNALING_UP,WDR33,9606.ENSP00000325377,0.0,False
HALLMARK_KRAS_SIGNALING_UP,HSD11B1,9606.ENSP00000355995,0.0,False
HALLMARK_KRAS_SIGNALING_UP,TRIB2,9606.ENSP00000155926,0.0,False
HALLMARK_KRAS_SIGNALING_UP,CCL20,9606.ENSP00000351671,0.0,False
HALLMARK_KRAS_SIGNALING_UP,PSMB8,9606.ENSP00000364016,0.0,False
HALLMARK_KRAS_SIGNALING_UP,F2RL1,9606.ENSP00000296677,0.0,False
HALLMARK_KRAS_SIGNALING_UP,SERPINA3,9606.ENSP00000450540,0.0,False
HALLMARK_KRAS_SIGNALING_UP,ANKH,9606.ENSP00000284268,0.0,False
HALLMARK_KRAS_SIGNALING_UP,ETV1,9606.ENSP00000405327,0.0,False
HALLMARK_KRAS_SIGNALING_UP,F13A1,9606.ENSP00000264870,0.0,False
HALLMARK_KRAS_SIGNALING_UP,CD37,9606.ENSP00000325708,0.0,False
HALLMARK_KRAS_SIGNALING_UP,CFH,9606.ENSP00000356399,0.0,False
HALLMARK_KRAS_SIGNALING_UP,EPHB2,9606.ENSP00000383053,0.0,False
HALLMARK_KRAS_SIGNALING_UP,GUCY1A1,9606.ENSP00000296518,0.0,False
HALLMARK_KRAS_SIGNALING_UP,ETS1,9606.ENSP00000376436,0.0,False
HALLMARK_KRAS_SIGNALING_UP,NIN,9606.ENSP00000371472,0.0,False
HALLMARK_KRAS_SIGNALING_UP,AKT2,9606.ENSP00000375892,0.0,False
HALLMARK_KRAS_SIGNALING_UP,TFPI,9606.ENSP00000233156,0.0056179775280898875,False
HALLMARK_KRAS_SIGNALING_UP,ST6GAL1,9606.ENSP00000169298,0.0,False
HALLMARK_KRAS_SIGNALING_UP,EVI5,9606.ENSP00000440826,0.0,False
HALLMARK_KRAS_SIGNALING_UP,TOR1AIP2,9606.ENSP00000356584,0.0,False
HALLMARK_KRAS_SIGNALING_UP,IL1RL2,9606.ENSP00000264257,0.0056179775280898875,False
HALLMARK_KRAS_SIGNALING_UP,CPE,9606.ENSP00000386104,0.0,False
HALLMARK_KRAS_SIGNALING_UP,HBEGF,9606.ENSP00000230990,0.0,False
HALLMARK_KRAS_SIGNALING_UP,USP12,9606.ENSP00000282344,0.0,False
HALLMARK_KRAS_SIGNALING_UP,PLAUR,9606.ENSP00000339328,0.0,False
HALLMARK_KRAS_SIGNALING_UP,MYCN,9606.ENSP00000281043,0.0,False
HALLMARK_KRAS_SIGNALING_UP,PLVAP,9606.ENSP00000252590,0.0,False
HALLMARK_KRAS_SIGNALING_UP,DOCK2,9606.ENSP00000429283,0.0,False
HALLMARK_KRAS_SIGNALING_UP,PRDM1,9606.ENSP00000358092,0.0,False
HALLMARK_KRAS_SIGNALING_UP,TSPAN1,9606.ENSP00000361072,0.0,False
HALLMARK_KRAS_SIGNALING_UP,IKZF1,9606.ENSP00000331614,0.0,False
HALLMARK_KRAS_SIGNALING_UP,PLEK2,9606.ENSP00000216446,0.0,False
HALLMARK_KRAS_SIGNALING_UP,PTGS2,9606.ENSP00000356438,0.0,False
HALLMARK_KRAS_SIGNALING_UP,RABGAP1L,9606.ENSP00000251507,0.0,False
HALLMARK_KRAS_SIGNALING_UP,PCSK1N,9606.ENSP00000218230,0.0,False
HALLMARK_KRAS_SIGNALING_UP,MAP3K1,9606.ENSP00000382423,0.0,False
HALLMARK_KRAS_SIGNALING_UP,SOX9,9606.ENSP00000245479,0.0,False
HALLMARK_KRAS_SIGNALING_UP,TMEM176B,9606.ENSP00000410269,0.0056179775280898875,False
HALLMARK_KRAS_SIGNALING_UP,MPZL2,9606.ENSP00000278937,0.0,False
HALLMARK_KRAS_SIGNALING_UP,SDCCAG8,9606.ENSP00000355499,0.0,False
HALLMARK_KRAS_SIGNALING_UP,FCER1G,9606.ENSP00000289902,0.0056179775280898875,False
HALLMARK_KRAS_SIGNALING_UP,BTBD3,9606.ENSP00000384545,0.0,False
HALLMARK_KRAS_SIGNALING_UP,GPRC5B,9606.ENSP00000300571,0.0,False
HALLMARK_KRAS_SIGNALING_UP,ETV5,9606.ENSP00000306894,0.0,False
HALLMARK_KRAS_SIGNALING_UP,CXCL10,9606.ENSP00000305651,0.0,False
HALLMARK_KRAS_SIGNALING_UP,TNFAIP3,9606.ENSP00000481570,0.0,False
HALLMARK_KRAS_SIGNALING_UP,BIRC3,9606.ENSP00000263464,0.0,False
HALLMARK_KRAS_SIGNALING_UP,C3AR1,9606.ENSP00000302079,0.0,False
HALLMARK_KRAS_SIGNALING_UP,RBM4,9606.ENSP00000386894,0.0,False
HALLMARK_KRAS_SIGNALING_UP,SPP1,9606.ENSP00000378517,0.011235955056179775,False
HALLMARK_KRAS_SIGNALING_UP,CFB,9606.ENSP00000416561,0.0,False
HALLMARK_KRAS_SIGNALING_UP,DNMBP,9606.ENSP00000315659,0.0,False
HALLMARK_KRAS_SIGNALING_UP,CA2,9606.ENSP00000285379,0.0,False
HALLMARK_KRAS_SIGNALING_UP,ADAMDEC1,9606.ENSP00000256412,0.0,False
HALLMARK_KRAS_SIGNALING_UP,NGF,9606.ENSP00000358525,0.0,False
HALLMARK_KRAS_SIGNALING_UP,ALDH1A3,9606.ENSP00000332256,0.0,False
HALLMARK_KRAS_SIGNALING_UP,NAP1L2,9606.ENSP00000362616,0.0,False
HALLMARK_KRAS_SIGNALING_UP,SATB1,9606.ENSP00000399518,0.0,False
HALLMARK_KRAS_SIGNALING_UP,GFPT2,9606.ENSP00000253778,0.0,False
HALLMARK_KRAS_SIGNALING_UP,KIF5C,9606.ENSP00000393379,0.0,False
HALLMARK_KRAS_SIGNALING_UP,MAFB,9606.ENSP00000362410,0.0,False
HALLMARK_KRAS_SIGNALING_UP,ALDH1A2,9606.ENSP00000249750,0.0,False
HALLMARK_KRAS_SIGNALING_UP,AMMECR1,9606.ENSP00000262844,0.0,False
HALLMARK_KRAS_SIGNALING_UP,RGS16,9606.ENSP00000356529,0.0,False
HALLMARK_KRAS_SIGNALING_UP,IRF8,9606.ENSP00000268638,0.0,False
HALLMARK_KRAS_SIGNALING_UP,PTBP2,9606.ENSP00000359216,0.0,False
HALLMARK_KRAS_SIGNALING_UP,SCG5,9606.ENSP00000300175,0.0,False
HALLMARK_KRAS_SIGNALING_UP,ERO1A,9606.ENSP00000379042,0.0,False
HALLMARK_KRAS_SIGNALING_UP,KCNN4,9606.ENSP00000496939,0.0,False
HALLMARK_KRAS_SIGNALING_UP,MAP4K1,9606.ENSP00000465039,0.0,False
HALLMARK_KRAS_SIGNALING_UP,PEG3,9606.ENSP00000326581,0.0,False
HALLMARK_KRAS_SIGNALING_UP,CBR4,9606.ENSP00000303525,0.0,False
HALLMARK_KRAS_SIGNALING_UP,TMEM176A,9606.ENSP00000417626,0.0056179775280898875,False
HALLMARK_KRAS_SIGNALING_UP,ADGRA2,9606.ENSP00000406367,0.0,False
HALLMARK_KRAS_SIGNALING_UP,HDAC9,9606.ENSP00000408617,0.0,False
HALLMARK_KRAS_SIGNALING_UP,GNG11,9606.ENSP00000248564,0.0,False
HALLMARK_KRAS_SIGNALING_UP,IL33,9606.ENSP00000370842,0.0,False
HALLMARK_KRAS_SIGNALING_UP,ADAM8,9606.ENSP00000453302,0.0,False
HALLMARK_KRAS_SIGNALING_UP,ITGB2,9606.ENSP00000380948,0.011235955056179775,False
HALLMARK_KRAS_SIGNALING_UP,JUP,9606.ENSP00000377508,0.0,False
HALLMARK_KRAS_SIGNALING_UP,PRELID3B,9606.ENSP00000348206,0.0,False
HALLMARK_KRAS_SIGNALING_UP,BTC,9606.ENSP00000379092,0.0,False
HALLMARK_KRAS_SIGNALING_UP,RBP4,9606.ENSP00000360522,0.0,False
HALLMARK_KRAS_SIGNALING_UP,CDADC1,9606.ENSP00000251108,0.0,False
HALLMARK_KRAS_SIGNALING_UP,LCP1,9606.ENSP00000381581,0.0056179775280898875,False
HALLMARK_KRAS_SIGNALING_UP,TNFRSF1B,9606.ENSP00000365435,0.0056179775280898875,False
HALLMARK_KRAS_SIGNALING_UP,MAP7,9606.ENSP00000482335,0.0,False
HALLMARK_KRAS_SIGNALING_UP,ACE,9606.ENSP00000290866,0.0,False
HALLMARK_KRAS_SIGNALING_UP,AKAP12,9606.ENSP00000384537,0.0,False
HALLMARK_KRAS_SIGNALING_UP,DCBLD2,9606.ENSP00000321573,0.0,False
HALLMARK_KRAS_SIGNALING_UP,MMP10,9606.ENSP00000279441,0.0,False
HALLMARK_KRAS_SIGNALING_UP,INHBA,9606.ENSP00000242208,0.0,False
HALLMARK_KRAS_SIGNALING_UP,PIGR,9606.ENSP00000348888,0.0,False
HALLMARK_KRAS_SIGNALING_UP,LY96,9606.ENSP00000284818,0.0,False
HALLMARK_KRAS_SIGNALING_UP,BMP2,9606.ENSP00000368104,0.0056179775280898875,False
HALLMARK_KRAS_SIGNALING_UP,FBXO4,9606.ENSP00000281623,0.0,False
HALLMARK_KRAS_SIGNALING_UP,ZNF639,9606.ENSP00000325634,0.0,False
HALLMARK_KRAS_SIGNALING_UP,CSF2RA,9606.ENSP00000394227,0.0,False
HALLMARK_KRAS_SIGNALING_UP,LIF,9606.ENSP00000249075,0.0056179775280898875,False
HALLMARK_KRAS_SIGNALING_UP,MMP11,9606.ENSP00000215743,0.0,False
HALLMARK_KRAS_SIGNALING_UP,PLAU,9606.ENSP00000361850,0.0056179775280898875,False
HALLMARK_KRAS_SIGNALING_UP,CIDEA,9606.ENSP00000320209,0.0,False
HALLMARK_KRAS_SIGNALING_UP,PECAM1,9606.ENSP00000457421,0.0,False
HALLMARK_KRAS_SIGNALING_UP,APOD,9606.ENSP00000345179,0.0,False
HALLMARK_KRAS_SIGNALING_UP,NRP1,9606.ENSP00000265371,0.0056179775280898875,False
HALLMARK_KRAS_SIGNALING_UP,SPARCL1,9606.ENSP00000414856,0.0,False
HALLMARK_KRAS_SIGNALING_UP,CBX8,9606.ENSP00000269385,0.0,False
HALLMARK_KRAS_SIGNALING_UP,ID2,9606.ENSP00000234091,0.0,False
HALLMARK_KRAS_SIGNALING_UP,IL1B,9606.ENSP00000263341,0.011235955056179775,False
HALLMARK_KRAS_SIGNALING_UP,ANO1,9606.ENSP00000347454,0.0,False
HALLMARK_KRAS_SIGNALING_UP,IGF2,9606.ENSP00000391826,0.0056179775280898875,False
HALLMARK_KRAS_SIGNALING_UP,KLF4,9606.ENSP00000363804,0.0,False
HALLMARK_KRAS_SIGNALING_UP,PTCD2,9606.ENSP00000370013,0.0,False
HALLMARK_KRAS_SIGNALING_UP,TSPAN13,9606.ENSP00000262067,0.0,False
HALLMARK_KRAS_SIGNALING_UP,CXCR4,9606.ENSP00000386884,0.011235955056179775,False
HALLMARK_KRAS_SIGNALING_UP,PRKG2,9606.ENSP00000264399,0.0,False
HALLMARK_KRAS_SIGNALING_UP,SNAP25,9606.ENSP00000254976,0.0,False
HALLMARK_KRAS_SIGNALING_UP,STRN,9606.ENSP00000263918,0.0,False
HALLMARK_KRAS_SIGNALING_UP,SCN1B,9606.ENSP00000396915,0.0,False
HALLMARK_KRAS_SIGNALING_UP,IGFBP3,9606.ENSP00000370473,0.0,False
HALLMARK_KRAS_SIGNALING_UP,IL10RA,9606.ENSP00000227752,0.0,False
HALLMARK_KRAS_SIGNALING_UP,CROT,9606.ENSP00000413575,0.0,False
HALLMARK_KRAS_SIGNALING_UP,CMKLR1,9606.ENSP00000449716,0.0,False
HALLMARK_KRAS_SIGNALING_UP,CCND2,9606.ENSP00000261254,0.0,False
HALLMARK_KRAS_SIGNALING_UP,EMP1,9606.ENSP00000256951,0.0,False
HALLMARK_KRAS_SIGNALING_UP,LAT2,9606.ENSP00000381492,0.0,False
HALLMARK_KRAS_SIGNALING_UP,PCP4,9606.ENSP00000329403,0.0,False
HALLMARK_KRAS_SIGNALING_UP,TRIB1,9606.ENSP00000312150,0.0,False
HALLMARK_KRAS_SIGNALING_UP,DUSP6,9606.ENSP00000279488,0.0,False
HALLMARK_KRAS_SIGNALING_UP,ITGBL1,9606.ENSP00000365351,0.0,False
HALLMARK_KRAS_SIGNALING_UP,TMEM158,9606.ENSP00000422431,0.0,False
HALLMARK_KRAS_SIGNALING_UP,FLT4,9606.ENSP00000261937,0.0056179775280898875,False
HALLMARK_KRAS_SIGNALING_UP,GLRX,9606.ENSP00000369314,0.0,False
HALLMARK_KRAS_SIGNALING_UP,SPON1,9606.ENSP00000460236,0.0,False
HALLMARK_KRAS_SIGNALING_UP,TRAF1,9606.ENSP00000362994,0.0056179775280898875,False
HALLMARK_KRAS_SIGNALING_UP,AVL9,9606.ENSP00000315568,0.0,False
HALLMARK_KRAS_SIGNALING_UP,MALL,9606.ENSP00000272462,0.0,False
HALLMARK_MITOTIC_SPINDLE,CEP192,9606.ENSP00000427550,0.0,False
HALLMARK_MITOTIC_SPINDLE,KLC1,9606.ENSP00000414982,0.0,False
HALLMARK_MITOTIC_SPINDLE,ESPL1,9606.ENSP00000257934,0.02590673575129534,False
HALLMARK_MITOTIC_SPINDLE,FARP1,9606.ENSP00000486285,0.0051813471502590676,False
HALLMARK_MITOTIC_SPINDLE,CNTROB,9606.ENSP00000369614,0.010362694300518135,False
HALLMARK_MITOTIC_SPINDLE,SORBS2,9606.ENSP00000347852,0.0,False
HALLMARK_MITOTIC_SPINDLE,CSNK1D,9606.ENSP00000381531,0.0,False
HALLMARK_MITOTIC_SPINDLE,ARHGEF12,9606.ENSP00000380942,0.0051813471502590676,False
HALLMARK_MITOTIC_SPINDLE,CLIP2,9606.ENSP00000223398,0.0,False
HALLMARK_MITOTIC_SPINDLE,KIF20B,9606.ENSP00000360793,0.010362694300518135,False
HALLMARK_MITOTIC_SPINDLE,AURKA,9606.ENSP00000216911,0.0051813471502590676,False
HALLMARK_MITOTIC_SPINDLE,NEDD9,9606.ENSP00000368759,0.010362694300518135,False
HALLMARK_MITOTIC_SPINDLE,KATNA1,9606.ENSP00000356381,0.0,False
HALLMARK_MITOTIC_SPINDLE,STAU1,9606.ENSP00000360922,0.0,False
HALLMARK_MITOTIC_SPINDLE,MYO9B,9606.ENSP00000471457,0.0,False
HALLMARK_MITOTIC_SPINDLE,MYO1E,9606.ENSP00000288235,0.0051813471502590676,False
HALLMARK_MITOTIC_SPINDLE,NOTCH2,9606.ENSP00000256646,0.0,False
HALLMARK_MITOTIC_SPINDLE,PLEKHG2,9606.ENSP00000392906,0.0,False
HALLMARK_MITOTIC_SPINDLE,MYH10,9606.ENSP00000353590,0.0,False
HALLMARK_MITOTIC_SPINDLE,MYH9,9606.ENSP00000216181,0.0,False
HALLMARK_MITOTIC_SPINDLE,VCL,9606.ENSP00000211998,0.0051813471502590676,False
HALLMARK_MITOTIC_SPINDLE,TBCD,9606.ENSP00000347719,0.0,False
HALLMARK_MITOTIC_SPINDLE,YWHAE,9606.ENSP00000264335,0.0,False
HALLMARK_MITOTIC_SPINDLE,OPHN1,9606.ENSP00000347710,0.0,False
HALLMARK_MITOTIC_SPINDLE,KATNB1,9606.ENSP00000368982,0.0,False
HALLMARK_MITOTIC_SPINDLE,ARHGAP27,9606.ENSP00000403323,0.0,False
HALLMARK_MITOTIC_SPINDLE,BCR,9606.ENSP00000303507,0.0,False
HALLMARK_MITOTIC_SPINDLE,TUBA4A,9606.ENSP00000248437,0.0,False
HALLMARK_MITOTIC_SPINDLE,ARHGAP29,9606.ENSP00000260526,0.0,False
HALLMARK_MITOTIC_SPINDLE,TIAM1,9606.ENSP00000286827,0.0051813471502590676,False
HALLMARK_MITOTIC_SPINDLE,NUMA1,9606.ENSP00000377298,0.0051813471502590676,False
HALLMARK_MITOTIC_SPINDLE,TRIO,9606.ENSP00000339299,0.0,False
HALLMARK_MITOTIC_SPINDLE,TUBGCP3,9606.ENSP00000261965,0.0051813471502590676,False
HALLMARK_MITOTIC_SPINDLE,EZR,9606.ENSP00000338934,0.010362694300518135,False
HALLMARK_MITOTIC_SPINDLE,KIF3B,9606.ENSP00000364864,0.0,False
HALLMARK_MITOTIC_SPINDLE,KPTN,9606.ENSP00000337850,0.0,False
HALLMARK_MITOTIC_SPINDLE,NCK1,9606.ENSP00000417273,0.0,False
HALLMARK_MITOTIC_SPINDLE,PIF1,9606.ENSP00000328174,0.0,False
HALLMARK_MITOTIC_SPINDLE,SASS6,9606.ENSP00000287482,0.0,False
HALLMARK_MITOTIC_SPINDLE,WASL,9606.ENSP00000223023,0.010362694300518135,False
HALLMARK_MITOTIC_SPINDLE,CD2AP,9606.ENSP00000352264,0.0,False
HALLMARK_MITOTIC_SPINDLE,LMNB1,9606.ENSP00000261366,0.0,False
HALLMARK_MITOTIC_SPINDLE,RANBP9,9606.ENSP00000011619,0.0,False
HALLMARK_MITOTIC_SPINDLE,EPB41,9606.ENSP00000345259,0.015544041450777202,False
HALLMARK_MITOTIC_SPINDLE,ARHGAP5,9606.ENSP00000371897,0.0,False
HALLMARK_MITOTIC_SPINDLE,MAPRE1,9606.ENSP00000364721,0.0,False
HALLMARK_MITOTIC_SPINDLE,CNTRL,9606.ENSP00000362962,0.0051813471502590676,False
HALLMARK_MITOTIC_SPINDLE,DLGAP5,9606.ENSP00000247191,0.02590673575129534,False
HALLMARK_MITOTIC_SPINDLE,FGD4,9606.ENSP00000433666,0.0,False
HALLMARK_MITOTIC_SPINDLE,NET1,9606.ENSP00000347134,0.0,False
HALLMARK_MITOTIC_SPINDLE,TSC1,9606.ENSP00000298552,0.010362694300518135,False
HALLMARK_MITOTIC_SPINDLE,ARHGAP4,9606.ENSP00000359045,0.0,False
HALLMARK_MITOTIC_SPINDLE,CEP250,9606.ENSP00000380661,0.0,False
HALLMARK_MITOTIC_SPINDLE,LATS1,9606.ENSP00000437550,0.0,False
HALLMARK_MITOTIC_SPINDLE,PREX1,9606.ENSP00000361009,0.0,False
HALLMARK_MITOTIC_SPINDLE,BRCA2,9606.ENSP00000369497,0.010362694300518135,False
HALLMARK_MITOTIC_SPINDLE,CYTH2,9606.ENSP00000493357,0.0,False
HALLMARK_MITOTIC_SPINDLE,SMC3,9606.ENSP00000354720,0.0,False
HALLMARK_MITOTIC_SPINDLE,CTTN,9606.ENSP00000365745,0.02072538860103627,False
HALLMARK_MITOTIC_SPINDLE,NIN,9606.ENSP00000371472,0.010362694300518135,False
HALLMARK_MITOTIC_SPINDLE,BIRC5,9606.ENSP00000301633,0.02072538860103627,False
HALLMARK_MITOTIC_SPINDLE,RASAL2,9606.ENSP00000356621,0.0,False
HALLMARK_MITOTIC_SPINDLE,SPTAN1,9606.ENSP00000487444,0.0,False
HALLMARK_MITOTIC_SPINDLE,CDC42BPA,9606.ENSP00000355731,0.0,False
HALLMARK_MITOTIC_SPINDLE,CLIP1,9606.ENSP00000479322,0.0051813471502590676,False
HALLMARK_MITOTIC_SPINDLE,CCNB2,9606.ENSP00000288207,0.0,False
HALLMARK_MITOTIC_SPINDLE,LRPPRC,9606.ENSP00000260665,0.0,False
HALLMARK_MITOTIC_SPINDLE,ALMS1,9606.ENSP00000482968,0.0,False
HALLMARK_MITOTIC_SPINDLE,KIF23,9606.ENSP00000260363,0.02590673575129534,False
HALLMARK_MITOTIC_SPINDLE,BUB1,9606.ENSP00000302530,0.02072538860103627,False
HALLMARK_MITOTIC_SPINDLE,KIF5B,9606.ENSP00000307078,0.0,False
HALLMARK_MITOTIC_SPINDLE,SUN2,9606.ENSP00000385616,0.0,False
HALLMARK_MITOTIC_SPINDLE,DYNC1H1,9606.ENSP00000348965,0.0,False
HALLMARK_MITOTIC_SPINDLE,NEK2,9606.ENSP00000355966,0.02072538860103627,False
HALLMARK_MITOTIC_SPINDLE,ARHGDIA,9606.ENSP00000463939,0.0051813471502590676,False
HALLMARK_MITOTIC_SPINDLE,PDLIM5,9606.ENSP00000480359,0.0,False
HALLMARK_MITOTIC_SPINDLE,ARHGEF11,9606.ENSP00000357177,0.0051813471502590676,False
HALLMARK_MITOTIC_SPINDLE,DOCK2,9606.ENSP00000429283,0.0,False
HALLMARK_MITOTIC_SPINDLE,KIFAP3,9606.ENSP00000354560,0.0,False
HALLMARK_MITOTIC_SPINDLE,RFC1,9606.ENSP00000371321,0.0,False
HALLMARK_MITOTIC_SPINDLE,HDAC6,9606.ENSP00000365804,0.010362694300518135,False
HALLMARK_MITOTIC_SPINDLE,ARL8A,9606.ENSP00000272217,0.0,False
HALLMARK_MITOTIC_SPINDLE,WASF2,9606.ENSP00000483313,0.0051813471502590676,False
HALLMARK_MITOTIC_SPINDLE,CDC27,9606.ENSP00000434614,0.0,False
HALLMARK_MITOTIC_SPINDLE,NF1,9606.ENSP00000351015,0.0,False
HALLMARK_MITOTIC_SPINDLE,ARFIP2,9606.ENSP00000484121,0.0,False
HALLMARK_MITOTIC_SPINDLE,FLNB,9606.ENSP00000420213,0.0,False
HALLMARK_MITOTIC_SPINDLE,DLG1,9606.ENSP00000345731,0.010362694300518135,False
HALLMARK_MITOTIC_SPINDLE,ARHGEF7,9606.ENSP00000495631,0.0051813471502590676,False
HALLMARK_MITOTIC_SPINDLE,ROCK1,9606.ENSP00000382697,0.0051813471502590676,False
HALLMARK_MITOTIC_SPINDLE,RABGAP1,9606.ENSP00000362751,0.0,False
HALLMARK_MITOTIC_SPINDLE,BIN1,9606.ENSP00000316779,0.0,False
HALLMARK_MITOTIC_SPINDLE,TAOK2,9606.ENSP00000310094,0.0,False
HALLMARK_MITOTIC_SPINDLE,KIF4A,9606.ENSP00000363524,0.0051813471502590676,False
HALLMARK_MITOTIC_SPINDLE,KIF11,9606.ENSP00000260731,0.02590673575129534,False
HALLMARK_MITOTIC_SPINDLE,DYNLL2,9606.ENSP00000477310,0.0,False
HALLMARK_MITOTIC_SPINDLE,TLK1,9606.ENSP00000411099,0.0,False
HALLMARK_MITOTIC_SPINDLE,ARHGEF2,9606.ENSP00000354837,0.0,False
HALLMARK_MITOTIC_SPINDLE,TUBD1,9606.ENSP00000320797,0.0,False
HALLMARK_MITOTIC_SPINDLE,SMC4,9606.ENSP00000341382,0.0,False
HALLMARK_MITOTIC_SPINDLE,CDC42EP4,9606.ENSP00000338258,0.0,False
HALLMARK_MITOTIC_SPINDLE,BCL2L11,9606.ENSP00000376943,0.0,False
HALLMARK_MITOTIC_SPINDLE,ITSN1,9606.ENSP00000370719,0.0051813471502590676,False
HALLMARK_MITOTIC_SPINDLE,CDK5RAP2,9606.ENSP00000343818,0.0,False
HALLMARK_MITOTIC_SPINDLE,PPP4R2,9606.ENSP00000349124,0.0,False
HALLMARK_MITOTIC_SPINDLE,RAPGEF6,9606.ENSP00000296859,0.0,False
HALLMARK_MITOTIC_SPINDLE,ECT2,9606.ENSP00000376457,0.010362694300518135,False
HALLMARK_MITOTIC_SPINDLE,PXN,9606.ENSP00000267257,0.010362694300518135,False
HALLMARK_MITOTIC_SPINDLE,APC,9606.ENSP00000257430,0.0,False
HALLMARK_MITOTIC_SPINDLE,CAPZB,9606.ENSP00000401010,0.0,False
HALLMARK_MITOTIC_SPINDLE,FBXO5,9606.ENSP00000229758,0.0,False
HALLMARK_MITOTIC_SPINDLE,MARCKS,9606.ENSP00000478061,0.0,False
HALLMARK_MITOTIC_SPINDLE,FLNA,9606.ENSP00000358866,0.0,False
HALLMARK_MITOTIC_SPINDLE,NDC80,9606.ENSP00000261597,0.02590673575129534,False
HALLMARK_MITOTIC_SPINDLE,RAB3GAP1,9606.ENSP00000411418,0.0,False
HALLMARK_MITOTIC_SPINDLE,ARHGAP10,9606.ENSP00000336923,0.0,False
HALLMARK_MITOTIC_SPINDLE,RACGAP1,9606.ENSP00000404190,0.0051813471502590676,False
HALLMARK_MITOTIC_SPINDLE,RASA2,9606.ENSP00000286364,0.0051813471502590676,False
HALLMARK_MITOTIC_SPINDLE,RICTOR,9606.ENSP00000296782,0.010362694300518135,False
HALLMARK_MITOTIC_SPINDLE,CLASP1,9606.ENSP00000263710,0.0051813471502590676,False
HALLMARK_MITOTIC_SPINDLE,PLK1,9606.ENSP00000300093,0.02590673575129534,False
HALLMARK_MITOTIC_SPINDLE,SPTBN1,9606.ENSP00000349259,0.0051813471502590676,False
HALLMARK_MITOTIC_SPINDLE,ATG4B,9606.ENSP00000384259,0.0,False
HALLMARK_MITOTIC_SPINDLE,KNTC1,9606.ENSP00000328236,0.0,False
HALLMARK_MITOTIC_SPINDLE,EPB41L2,9606.ENSP00000357110,0.0,False
HALLMARK_MITOTIC_SPINDLE,SEPTIN9,9606.ENSP00000391249,0.0,False
HALLMARK_MITOTIC_SPINDLE,CDK1,9606.ENSP00000378699,0.02072538860103627,False
HALLMARK_MITOTIC_SPINDLE,KIF3C,9606.ENSP00000264712,0.0,False
HALLMARK_MITOTIC_SPINDLE,WASF1,9606.ENSP00000376367,0.0,False
HALLMARK_MITOTIC_SPINDLE,CEP72,9606.ENSP00000264935,0.0,False
HALLMARK_MITOTIC_SPINDLE,DOCK4,9606.ENSP00000410746,0.0,False
HALLMARK_MITOTIC_SPINDLE,SYNPO,9606.ENSP00000377789,0.0,False
HALLMARK_MITOTIC_SPINDLE,HOOK3,9606.ENSP00000305699,0.0,False
HALLMARK_MITOTIC_SPINDLE,KIF1B,9606.ENSP00000263934,0.0,False
HALLMARK_MITOTIC_SPINDLE,MAP3K11,9606.ENSP00000309597,0.0,False
HALLMARK_MITOTIC_SPINDLE,PAFAH1B1,9606.ENSP00000380378,0.0051813471502590676,False
HALLMARK_MITOTIC_SPINDLE,RALBP1,9606.ENSP00000372924,0.0,False
HALLMARK_MITOTIC_SPINDLE,GSN,9606.ENSP00000362924,0.0051813471502590676,False
HALLMARK_MITOTIC_SPINDLE,CKAP5,9606.ENSP00000432768,0.0051813471502590676,False
HALLMARK_MITOTIC_SPINDLE,GEMIN4,9606.ENSP00000321706,0.0,False
HALLMARK_MITOTIC_SPINDLE,CEP131,9606.ENSP00000269392,0.0,False
HALLMARK_MITOTIC_SPINDLE,CDC42EP1,9606.ENSP00000249014,0.0,False
HALLMARK_MITOTIC_SPINDLE,PCGF5,9606.ENSP00000337500,0.0,False
HALLMARK_MITOTIC_SPINDLE,SMC1A,9606.ENSP00000323421,0.0051813471502590676,False
HALLMARK_MITOTIC_SPINDLE,TTK,9606.ENSP00000358813,0.02072538860103627,False
HALLMARK_MITOTIC_SPINDLE,KIF2C,9606.ENSP00000361298,0.02072538860103627,False
HALLMARK_MITOTIC_SPINDLE,ACTN4,9606.ENSP00000252699,0.0,False
HALLMARK_MITOTIC_SPINDLE,KIF15,9606.ENSP00000324020,0.015544041450777202,False
HALLMARK_MITOTIC_SPINDLE,AKAP13,9606.ENSP00000354718,0.0051813471502590676,False
HALLMARK_MITOTIC_SPINDLE,DST,9606.ENSP00000307959,0.0,False
HALLMARK_MITOTIC_SPINDLE,RASA1,9606.ENSP00000274376,0.02072538860103627,False
HALLMARK_MITOTIC_SPINDLE,SHROOM1,9606.ENSP00000367950,0.0,False
HALLMARK_MITOTIC_SPINDLE,FGD6,9606.ENSP00000344446,0.0,False
HALLMARK_MITOTIC_SPINDLE,BCAR1,9606.ENSP00000391669,0.0,False
HALLMARK_MITOTIC_SPINDLE,MAP1S,9606.ENSP00000325313,0.0,False
HALLMARK_MITOTIC_SPINDLE,TUBGCP5,9606.ENSP00000480316,0.0,False
HALLMARK_MITOTIC_SPINDLE,ARAP3,9606.ENSP00000239440,0.0,False
HALLMARK_MITOTIC_SPINDLE,RHOT2,9606.ENSP00000321971,0.0,False
HALLMARK_MITOTIC_SPINDLE,MID1IP1,9606.ENSP00000483547,0.0,False
HALLMARK_MITOTIC_SPINDLE,PCNT,9606.ENSP00000352572,0.0051813471502590676,False
HALLMARK_MITOTIC_SPINDLE,ABI1,9606.ENSP00000365312,0.0051813471502590676,False
HALLMARK_MITOTIC_SPINDLE,CCDC88A,9606.ENSP00000338728,0.0,False
HALLMARK_MITOTIC_SPINDLE,ARFGEF1,9606.ENSP00000262215,0.0,False
HALLMARK_MITOTIC_SPINDLE,CDC42,9606.ENSP00000497733,0.02590673575129534,False
HALLMARK_MITOTIC_SPINDLE,LLGL1,9606.ENSP00000321537,0.0,False
HALLMARK_MITOTIC_SPINDLE,PKD2,9606.ENSP00000237596,0.0,False
HALLMARK_MITOTIC_SPINDLE,TUBGCP6,9606.ENSP00000248846,0.010362694300518135,False
HALLMARK_MITOTIC_SPINDLE,TUBGCP2,9606.ENSP00000446093,0.0051813471502590676,False
HALLMARK_MITOTIC_SPINDLE,RAPGEF5,9606.ENSP00000343656,0.0,False
HALLMARK_MITOTIC_SPINDLE,CEP57,9606.ENSP00000317902,0.0051813471502590676,False
HALLMARK_MITOTIC_SPINDLE,ANLN,9606.ENSP00000265748,0.0051813471502590676,False
HALLMARK_MITOTIC_SPINDLE,SOS1,9606.ENSP00000384675,0.0,False
HALLMARK_MITOTIC_SPINDLE,MARK4,9606.ENSP00000262891,0.0051813471502590676,False
HALLMARK_MITOTIC_SPINDLE,TPX2,9606.ENSP00000300403,0.02072538860103627,False
HALLMARK_MITOTIC_SPINDLE,ABL1,9606.ENSP00000361423,0.010362694300518135,False
HALLMARK_MITOTIC_SPINDLE,CENPE,9606.ENSP00000265148,0.031088082901554404,False
HALLMARK_MITOTIC_SPINDLE,MID1,9606.ENSP00000414521,0.0,False
HALLMARK_MITOTIC_SPINDLE,KIF22,9606.ENSP00000160827,0.0051813471502590676,False
HALLMARK_MITOTIC_SPINDLE,CENPF,9606.ENSP00000355922,0.015544041450777202,False
HALLMARK_MITOTIC_SPINDLE,TOP2A,9606.ENSP00000411532,0.0051813471502590676,False
HALLMARK_MITOTIC_SPINDLE,SHROOM2,9606.ENSP00000370299,0.0,False
HALLMARK_MITOTIC_SPINDLE,SAC3D1,9606.ENSP00000436649,0.0,False
HALLMARK_MITOTIC_SPINDLE,PCM1,9606.ENSP00000327077,0.0,False
HALLMARK_MITOTIC_SPINDLE,NCK2,9606.ENSP00000233154,0.0051813471502590676,False
HALLMARK_MITOTIC_SPINDLE,PALLD,9606.ENSP00000425556,0.0,False
HALLMARK_MITOTIC_SPINDLE,SSH2,9606.ENSP00000444743,0.0,False
HALLMARK_MITOTIC_SPINDLE,INCENP,9606.ENSP00000378295,0.010362694300518135,False
HALLMARK_MITOTIC_SPINDLE,STK38L,9606.ENSP00000373684,0.0,False
HALLMARK_MITOTIC_SPINDLE,ARHGEF3,9606.ENSP00000341071,0.0,False
HALLMARK_MITOTIC_SPINDLE,ARF6,9606.ENSP00000298316,0.010362694300518135,False
HALLMARK_MITOTIC_SPINDLE,FSCN1,9606.ENSP00000371798,0.0051813471502590676,False
HALLMARK_MITOTIC_SPINDLE,UXT,9606.ENSP00000337393,0.0,False
HALLMARK_MITOTIC_SPINDLE,ALS2,9606.ENSP00000264276,0.0,False
HALLMARK_MITOTIC_SPINDLE,ABR,9606.ENSP00000303909,0.0,False
HALLMARK_MTORC1_SIGNALING,EBP,9606.ENSP00000417052,0.0,False
HALLMARK_MTORC1_SIGNALING,SC5D,9606.ENSP00000264027,0.0,False
HALLMARK_MTORC1_SIGNALING,TPI1,9606.ENSP00000229270,0.005154639175257732,False
HALLMARK_MTORC1_SIGNALING,TFRC,9606.ENSP00000376197,0.005154639175257732,False
HALLMARK_MTORC1_SIGNALING,SLC7A5,9606.ENSP00000261622,0.0,False
HALLMARK_MTORC1_SIGNALING,PPP1R15A,9606.ENSP00000200453,0.0,False
HALLMARK_MTORC1_SIGNALING,LGMN,9606.ENSP00000376911,0.0,False
HALLMARK_MTORC1_SIGNALING,RPN1,9606.ENSP00000296255,0.0,False
HALLMARK_MTORC1_SIGNALING,SYTL2,9606.ENSP00000318803,0.0,False
HALLMARK_MTORC1_SIGNALING,TES,9606.ENSP00000350937,0.0,False
HALLMARK_MTORC1_SIGNALING,PFKL,9606.ENSP00000269848,0.005154639175257732,False
HALLMARK_MTORC1_SIGNALING,AURKA,9606.ENSP00000216911,0.0,False
HALLMARK_MTORC1_SIGNALING,NUPR1,9606.ENSP00000379003,0.0,False
HALLMARK_MTORC1_SIGNALING,SDF2L1,9606.ENSP00000248958,0.0,False
HALLMARK_MTORC1_SIGNALING,ALDOA,9606.ENSP00000496166,0.005154639175257732,False
HALLMARK_MTORC1_SIGNALING,CD9,9606.ENSP00000371958,0.0,False
HALLMARK_MTORC1_SIGNALING,DAPP1,9606.ENSP00000423602,0.0,False
HALLMARK_MTORC1_SIGNALING,NUFIP1,9606.ENSP00000368459,0.0,False
HALLMARK_MTORC1_SIGNALING,TRIB3,9606.ENSP00000415416,0.005154639175257732,False
HALLMARK_MTORC1_SIGNALING,USO1,9606.ENSP00000264904,0.0,False
HALLMARK_MTORC1_SIGNALING,PITPNB,9606.ENSP00000487693,0.0,False
HALLMARK_MTORC1_SIGNALING,MAP2K3,9606.ENSP00000345083,0.0,False
HALLMARK_MTORC1_SIGNALING,UFM1,9606.ENSP00000368970,0.0,False
HALLMARK_MTORC1_SIGNALING,IDI1,9606.ENSP00000370748,0.0,False
HALLMARK_MTORC1_SIGNALING,ABCF2,9606.ENSP00000222388,0.0,False
HALLMARK_MTORC1_SIGNALING,DHCR24,9606.ENSP00000360316,0.0,False
HALLMARK_MTORC1_SIGNALING,EEF1E1,9606.ENSP00000369038,0.0,False
HALLMARK_MTORC1_SIGNALING,PLOD2,9606.ENSP00000282903,0.0,False
HALLMARK_MTORC1_SIGNALING,PSMD12,9606.ENSP00000348442,0.005154639175257732,False
HALLMARK_MTORC1_SIGNALING,PSMA3,9606.ENSP00000216455,0.010309278350515464,False
HALLMARK_MTORC1_SIGNALING,MTHFD2L,9606.ENSP00000379108,0.005154639175257732,False
HALLMARK_MTORC1_SIGNALING,SERPINH1,9606.ENSP00000434412,0.0,False
HALLMARK_MTORC1_SIGNALING,SHMT2,9606.ENSP00000333667,0.0,False
HALLMARK_MTORC1_SIGNALING,TUBA4A,9606.ENSP00000248437,0.0,False
HALLMARK_MTORC1_SIGNALING,PPA1,9606.ENSP00000362329,0.0,False
HALLMARK_MTORC1_SIGNALING,POLR3G,9606.ENSP00000498469,0.0,False
HALLMARK_MTORC1_SIGNALING,DDX39A,9606.ENSP00000242776,0.0,False
HALLMARK_MTORC1_SIGNALING,EDEM1,9606.ENSP00000256497,0.005154639175257732,False
HALLMARK_MTORC1_SIGNALING,ETF1,9606.ENSP00000353741,0.005154639175257732,False
HALLMARK_MTORC1_SIGNALING,SRD5A1,9606.ENSP00000274192,0.0,False
HALLMARK_MTORC1_SIGNALING,XBP1,9606.ENSP00000216037,0.005154639175257732,False
HALLMARK_MTORC1_SIGNALING,SORD,9606.ENSP00000267814,0.005154639175257732,False
HALLMARK_MTORC1_SIGNALING,NIBAN1,9606.ENSP00000356481,0.0,False
HALLMARK_MTORC1_SIGNALING,SLA,9606.ENSP00000394049,0.0,False
HALLMARK_MTORC1_SIGNALING,CCNF,9606.ENSP00000380256,0.0,False
HALLMARK_MTORC1_SIGNALING,HSPA4,9606.ENSP00000302961,0.015463917525773196,False
HALLMARK_MTORC1_SIGNALING,RAB1A,9606.ENSP00000387286,0.0,False
HALLMARK_MTORC1_SIGNALING,STC1,9606.ENSP00000290271,0.0,False
HALLMARK_MTORC1_SIGNALING,ACLY,9606.ENSP00000466259,0.005154639175257732,False
HALLMARK_MTORC1_SIGNALING,CTSC,9606.ENSP00000227266,0.0,False
HALLMARK_MTORC1_SIGNALING,PSMD13,9606.ENSP00000396937,0.010309278350515464,False
HALLMARK_MTORC1_SIGNALING,UNG,9606.ENSP00000242576,0.0,False
HALLMARK_MTORC1_SIGNALING,BCAT1,9606.ENSP00000443459,0.005154639175257732,False
HALLMARK_MTORC1_SIGNALING,SLC1A5,9606.ENSP00000444408,0.005154639175257732,False
HALLMARK_MTORC1_SIGNALING,CACYBP,9606.ENSP00000356652,0.0,False
HALLMARK_MTORC1_SIGNALING,SLC2A1,9606.ENSP00000416293,0.010309278350515464,False
HALLMARK_MTORC1_SIGNALING,QDPR,9606.ENSP00000281243,0.0,False
HALLMARK_MTORC1_SIGNALING,TXNRD1,9606.ENSP00000434516,0.0,False
HALLMARK_MTORC1_SIGNALING,SEC11A,9606.ENSP00000452697,0.0,False
HALLMARK_MTORC1_SIGNALING,HSPA9,9606.ENSP00000297185,0.010309278350515464,False
HALLMARK_MTORC1_SIGNALING,COPS5,9606.ENSP00000350512,0.005154639175257732,False
HALLMARK_MTORC1_SIGNALING,EIF2S2,9606.ENSP00000364119,0.0,False
HALLMARK_MTORC1_SIGNALING,PSMC2,9606.ENSP00000391211,0.010309278350515464,False
HALLMARK_MTORC1_SIGNALING,SLC6A6,9606.ENSP00000481625,0.0,False
HALLMARK_MTORC1_SIGNALING,GAPDH,9606.ENSP00000380070,0.02577319587628866,False
HALLMARK_MTORC1_SIGNALING,IGFBP5,9606.ENSP00000233813,0.0,False
HALLMARK_MTORC1_SIGNALING,NFIL3,9606.ENSP00000297689,0.0,False
HALLMARK_MTORC1_SIGNALING,P4HA1,9606.ENSP00000263556,0.0,False
HALLMARK_MTORC1_SIGNALING,G6PD,9606.ENSP00000377192,0.010309278350515464,False
HALLMARK_MTORC1_SIGNALING,HMGCR,9606.ENSP00000287936,0.005154639175257732,False
HALLMARK_MTORC1_SIGNALING,ACACA,9606.ENSP00000483300,0.005154639175257732,False
HALLMARK_MTORC1_SIGNALING,BUB1,9606.ENSP00000302530,0.005154639175257732,False
HALLMARK_MTORC1_SIGNALING,M6PR,9606.ENSP00000000412,0.0,False
HALLMARK_MTORC1_SIGNALING,GLA,9606.ENSP00000218516,0.0,False
HALLMARK_MTORC1_SIGNALING,ENO1,9606.ENSP00000495530,0.005154639175257732,False
HALLMARK_MTORC1_SIGNALING,PSMC4,9606.ENSP00000157812,0.010309278350515464,False
HALLMARK_MTORC1_SIGNALING,TMEM97,9606.ENSP00000226230,0.0,False
HALLMARK_MTORC1_SIGNALING,PGM1,9606.ENSP00000360124,0.0,False
HALLMARK_MTORC1_SIGNALING,CALR,9606.ENSP00000320866,0.010309278350515464,False
HALLMARK_MTORC1_SIGNALING,PDAP1,9606.ENSP00000222968,0.0,False
HALLMARK_MTORC1_SIGNALING,NFKBIB,9606.ENSP00000312988,0.0,False
HALLMARK_MTORC1_SIGNALING,PRDX1,9606.ENSP00000262746,0.0,False
HALLMARK_MTORC1_SIGNALING,HSPA5,9606.ENSP00000324173,0.010309278350515464,False
HALLMARK_MTORC1_SIGNALING,PSMD14,9606.ENSP00000386541,0.010309278350515464,False
HALLMARK_MTORC1_SIGNALING,RRM2,9606.ENSP00000353770,0.0,False
HALLMARK_MTORC1_SIGNALING,FDXR,9606.ENSP00000416515,0.005154639175257732,False
HALLMARK_MTORC1_SIGNALING,ACTR3,9606.ENSP00000263238,0.0,False
HALLMARK_MTORC1_SIGNALING,SQLE,9606.ENSP00000265896,0.010309278350515464,False
HALLMARK_MTORC1_SIGNALING,BTG2,9606.ENSP00000290551,0.0,False
HALLMARK_MTORC1_SIGNALING,CTH,9606.ENSP00000359976,0.005154639175257732,False
HALLMARK_MTORC1_SIGNALING,TUBG1,9606.ENSP00000251413,0.0,False
HALLMARK_MTORC1_SIGNALING,GTF2H1,9606.ENSP00000265963,0.0,False
HALLMARK_MTORC1_SIGNALING,SERP1,9606.ENSP00000420076,0.0,False
HALLMARK_MTORC1_SIGNALING,HMBS,9606.ENSP00000498786,0.0,False
HALLMARK_MTORC1_SIGNALING,DDIT3,9606.ENSP00000448665,0.005154639175257732,False
HALLMARK_MTORC1_SIGNALING,CCNG1,9606.ENSP00000344635,0.0,False
HALLMARK_MTORC1_SIGNALING,PSPH,9606.ENSP00000378854,0.005154639175257732,False
HALLMARK_MTORC1_SIGNALING,FGL2,9606.ENSP00000248598,0.0,False
HALLMARK_MTORC1_SIGNALING,ELOVL6,9606.ENSP00000378105,0.0,False
HALLMARK_MTORC1_SIGNALING,TM7SF2,9606.ENSP00000279263,0.005154639175257732,False
HALLMARK_MTORC1_SIGNALING,PPIA,9606.ENSP00000419425,0.0,False
HALLMARK_MTORC1_SIGNALING,GPI,9606.ENSP00000405573,0.010309278350515464,False
HALLMARK_MTORC1_SIGNALING,SKAP2,9606.ENSP00000005587,0.0,False
HALLMARK_MTORC1_SIGNALING,ARPC5L,9606.ENSP00000345361,0.0,False
HALLMARK_MTORC1_SIGNALING,HSPD1,9606.ENSP00000340019,0.0,False
HALLMARK_MTORC1_SIGNALING,ME1,9606.ENSP00000358719,0.0,False
HALLMARK_MTORC1_SIGNALING,FADS2,9606.ENSP00000278840,0.0,False
HALLMARK_MTORC1_SIGNALING,MLLT11,9606.ENSP00000357917,0.0,False
HALLMARK_MTORC1_SIGNALING,HPRT1,9606.ENSP00000298556,0.0,False
HALLMARK_MTORC1_SIGNALING,ELOVL5,9606.ENSP00000359956,0.005154639175257732,False
HALLMARK_MTORC1_SIGNALING,LDLR,9606.ENSP00000454071,0.0,False
HALLMARK_MTORC1_SIGNALING,ATP5MC1,9606.ENSP00000377033,0.0,False
HALLMARK_MTORC1_SIGNALING,ACSL3,9606.ENSP00000350012,0.0,False
HALLMARK_MTORC1_SIGNALING,HSP90B1,9606.ENSP00000299767,0.005154639175257732,False
HALLMARK_MTORC1_SIGNALING,PSME3,9606.ENSP00000293362,0.0,False
HALLMARK_MTORC1_SIGNALING,UCHL5,9606.ENSP00000356421,0.005154639175257732,False
HALLMARK_MTORC1_SIGNALING,HK2,9606.ENSP00000290573,0.010309278350515464,False
HALLMARK_MTORC1_SIGNALING,UBE2D3,9606.ENSP00000349722,0.0,False
HALLMARK_MTORC1_SIGNALING,PSMB5,9606.ENSP00000355325,0.005154639175257732,False
HALLMARK_MTORC1_SIGNALING,ERO1A,9606.ENSP00000379042,0.0,False
HALLMARK_MTORC1_SIGNALING,CYB5B,9606.ENSP00000308430,0.0,False
HALLMARK_MTORC1_SIGNALING,CDC25A,9606.ENSP00000303706,0.005154639175257732,False
HALLMARK_MTORC1_SIGNALING,SSR1,9606.ENSP00000244763,0.005154639175257732,False
HALLMARK_MTORC1_SIGNALING,PLK1,9606.ENSP00000300093,0.010309278350515464,False
HALLMARK_MTORC1_SIGNALING,GSK3B,9606.ENSP00000324806,0.005154639175257732,False
HALLMARK_MTORC1_SIGNALING,IFRD1,9606.ENSP00000384477,0.0,False
HALLMARK_MTORC1_SIGNALING,PSMA4,9606.ENSP00000044462,0.010309278350515464,False
HALLMARK_MTORC1_SIGNALING,IMMT,9606.ENSP00000387262,0.0,False
HALLMARK_MTORC1_SIGNALING,RPA1,9606.ENSP00000254719,0.010309278350515464,False
HALLMARK_MTORC1_SIGNALING,ATP2A2,9606.ENSP00000440045,0.0,False
HALLMARK_MTORC1_SIGNALING,GOT1,9606.ENSP00000359539,0.005154639175257732,False
HALLMARK_MTORC1_SIGNALING,ITGB2,9606.ENSP00000380948,0.005154639175257732,False
HALLMARK_MTORC1_SIGNALING,VLDLR,9606.ENSP00000371532,0.0,False
HALLMARK_MTORC1_SIGNALING,TCEA1,9606.ENSP00000428426,0.0,False
HALLMARK_MTORC1_SIGNALING,SCD,9606.ENSP00000359380,0.005154639175257732,False
HALLMARK_MTORC1_SIGNALING,RRP9,9606.ENSP00000232888,0.0,False
HALLMARK_MTORC1_SIGNALING,AK4,9606.ENSP00000378743,0.0,False
HALLMARK_MTORC1_SIGNALING,GGA2,9606.ENSP00000311962,0.0,False
HALLMARK_MTORC1_SIGNALING,CORO1A,9606.ENSP00000219150,0.0,False
HALLMARK_MTORC1_SIGNALING,IDH1,9606.ENSP00000390265,0.010309278350515464,False
HALLMARK_MTORC1_SIGNALING,SLC7A11,9606.ENSP00000280612,0.0,False
HALLMARK_MTORC1_SIGNALING,SLC37A4,9606.ENSP00000476176,0.0,False
HALLMARK_MTORC1_SIGNALING,STIP1,9606.ENSP00000351646,0.0,False
HALLMARK_MTORC1_SIGNALING,NAMPT,9606.ENSP00000222553,0.0,False
HALLMARK_MTORC1_SIGNALING,CDKN1A,9606.ENSP00000384849,0.005154639175257732,False
HALLMARK_MTORC1_SIGNALING,PNO1,9606.ENSP00000263657,0.0,False
HALLMARK_MTORC1_SIGNALING,FADS1,9606.ENSP00000322229,0.0,False
HALLMARK_MTORC1_SIGNALING,CCT6A,9606.ENSP00000275603,0.005154639175257732,False
HALLMARK_MTORC1_SIGNALING,NUP205,9606.ENSP00000285968,0.0,False
HALLMARK_MTORC1_SIGNALING,MTHFD2,9606.ENSP00000377617,0.010309278350515464,False
HALLMARK_MTORC1_SIGNALING,GCLC,9606.ENSP00000497574,0.0,False
HALLMARK_MTORC1_SIGNALING,CANX,9606.ENSP00000247461,0.005154639175257732,False
HALLMARK_MTORC1_SIGNALING,NFYC,9606.ENSP00000312617,0.0,False
HALLMARK_MTORC1_SIGNALING,MCM2,9606.ENSP00000265056,0.010309278350515464,False
HALLMARK_MTORC1_SIGNALING,INSIG1,9606.ENSP00000344741,0.005154639175257732,False
HALLMARK_MTORC1_SIGNALING,HSPE1,9606.ENSP00000233893,0.005154639175257732,False
HALLMARK_MTORC1_SIGNALING,GBE1,9606.ENSP00000410833,0.005154639175257732,False
HALLMARK_MTORC1_SIGNALING,GSR,9606.ENSP00000221130,0.0,False
HALLMARK_MTORC1_SIGNALING,EGLN3,9606.ENSP00000250457,0.0,False
HALLMARK_MTORC1_SIGNALING,ATP6V1D,9606.ENSP00000216442,0.0,False
HALLMARK_MTORC1_SIGNALING,MCM4,9606.ENSP00000262105,0.010309278350515464,False
HALLMARK_MTORC1_SIGNALING,EPRS1,9606.ENSP00000355890,0.005154639175257732,False
HALLMARK_MTORC1_SIGNALING,HMGCS1,9606.ENSP00000322706,0.0,False
HALLMARK_MTORC1_SIGNALING,SLC1A4,9606.ENSP00000234256,0.0,False
HALLMARK_MTORC1_SIGNALING,LDHA,9606.ENSP00000445175,0.015463917525773196,False
HALLMARK_MTORC1_SIGNALING,NMT1,9606.ENSP00000468424,0.0,False
HALLMARK_MTORC1_SIGNALING,CXCR4,9606.ENSP00000386884,0.005154639175257732,False
HALLMARK_MTORC1_SIGNALING,PDK1,9606.ENSP00000376352,0.0,False
HALLMARK_MTORC1_SIGNALING,DHFR,9606.ENSP00000396308,0.005154639175257732,False
HALLMARK_MTORC1_SIGNALING,TOMM40,9606.ENSP00000410339,0.0,False
HALLMARK_MTORC1_SIGNALING,TBK1,9606.ENSP00000329967,0.0,False
HALLMARK_MTORC1_SIGNALING,PIK3R3,9606.ENSP00000262741,0.0,False
HALLMARK_MTORC1_SIGNALING,ADIPOR2,9606.ENSP00000349616,0.0,False
HALLMARK_MTORC1_SIGNALING,BHLHE40,9606.ENSP00000256495,0.0,False
HALLMARK_MTORC1_SIGNALING,WARS1,9606.ENSP00000347495,0.0,False
HALLMARK_MTORC1_SIGNALING,SLC2A3,9606.ENSP00000075120,0.0,False
HALLMARK_MTORC1_SIGNALING,YKT6,9606.ENSP00000223369,0.0,False
HALLMARK_MTORC1_SIGNALING,STARD4,9606.ENSP00000296632,0.0,False
HALLMARK_MTORC1_SIGNALING,DHCR7,9606.ENSP00000347717,0.005154639175257732,False
HALLMARK_MTORC1_SIGNALING,DDIT4,9606.ENSP00000307305,0.0,False
HALLMARK_MTORC1_SIGNALING,PSMC6,9606.ENSP00000484998,0.0,False
HALLMARK_MTORC1_SIGNALING,RDH11,9606.ENSP00000370750,0.0,False
HALLMARK_MTORC1_SIGNALING,PSMG1,9606.ENSP00000329915,0.0,False
HALLMARK_MTORC1_SIGNALING,PSAT1,9606.ENSP00000365773,0.0,False
HALLMARK_MTORC1_SIGNALING,CYP51A1,9606.ENSP00000003100,0.0,False
HALLMARK_MTORC1_SIGNALING,ACTR2,9606.ENSP00000367220,0.0,False
HALLMARK_MTORC1_SIGNALING,LTA4H,9606.ENSP00000228740,0.0,False
HALLMARK_MTORC1_SIGNALING,ADD3,9606.ENSP00000348381,0.0,False
HALLMARK_MTORC1_SIGNALING,GMPS,9606.ENSP00000419851,0.005154639175257732,False
HALLMARK_MTORC1_SIGNALING,GLRX,9606.ENSP00000369314,0.0,False
HALLMARK_MTORC1_SIGNALING,PHGDH,9606.ENSP00000493382,0.0,False
HALLMARK_MTORC1_SIGNALING,PNP,9606.ENSP00000354532,0.0,False
HALLMARK_MTORC1_SIGNALING,PGK1,9606.ENSP00000362413,0.0,False
HALLMARK_MTORC1_SIGNALING,RIT1,9606.ENSP00000357305,0.0,False
HALLMARK_MTORC1_SIGNALING,SQSTM1,9606.ENSP00000374455,0.0,False
HALLMARK_MYC_TARGETS_V1,RPS2,9606.ENSP00000341885,0.00510204081632653,False
HALLMARK_MYC_TARGETS_V1,AP3S1,9606.ENSP00000325369,0.0,False
HALLMARK_MYC_TARGETS_V1,NCBP2,9606.ENSP00000326806,0.02040816326530612,False
HALLMARK_MYC_TARGETS_V1,SNRPA,9606.ENSP00000243563,0.015306122448979591,False
HALLMARK_MYC_TARGETS_V1,SNRPD3,9606.ENSP00000215829,0.02040816326530612,False
HALLMARK_MYC_TARGETS_V1,TRIM28,9606.ENSP00000253024,0.00510204081632653,False
HALLMARK_MYC_TARGETS_V1,CCT4,9606.ENSP00000377958,0.01020408163265306,False
HALLMARK_MYC_TARGETS_V1,CUL1,9606.ENSP00000326804,0.00510204081632653,False
HALLMARK_MYC_TARGETS_V1,SERBP1,9606.ENSP00000360034,0.00510204081632653,False
HALLMARK_MYC_TARGETS_V1,TXNL4A,9606.ENSP00000269601,0.0,False
HALLMARK_MYC_TARGETS_V1,SNRPB2,9606.ENSP00000246071,0.015306122448979591,False
HALLMARK_MYC_TARGETS_V1,IMPDH2,9606.ENSP00000321584,0.0,False
HALLMARK_MYC_TARGETS_V1,SRM,9606.ENSP00000366156,0.0,False
HALLMARK_MYC_TARGETS_V1,PSMA6,9606.ENSP00000261479,0.00510204081632653,False
HALLMARK_MYC_TARGETS_V1,YWHAE,9606.ENSP00000264335,0.0,False
HALLMARK_MYC_TARGETS_V1,MRPL23,9606.ENSP00000380466,0.0,False
HALLMARK_MYC_TARGETS_V1,NDUFAB1,9606.ENSP00000458770,0.0,False
HALLMARK_MYC_TARGETS_V1,ORC2,9606.ENSP00000234296,0.00510204081632653,False
HALLMARK_MYC_TARGETS_V1,SRSF2,9606.ENSP00000376276,0.01020408163265306,False
HALLMARK_MYC_TARGETS_V1,XPOT,9606.ENSP00000327821,0.0,False
HALLMARK_MYC_TARGETS_V1,SYNCRIP,9606.ENSP00000358635,0.015306122448979591,False
HALLMARK_MYC_TARGETS_V1,RSL1D1,9606.ENSP00000460871,0.00510204081632653,False
HALLMARK_MYC_TARGETS_V1,ETF1,9606.ENSP00000353741,0.01020408163265306,False
HALLMARK_MYC_TARGETS_V1,SLC25A3,9606.ENSP00000228318,0.0,False
HALLMARK_MYC_TARGETS_V1,EEF1B2,9606.ENSP00000376055,0.00510204081632653,False
HALLMARK_MYC_TARGETS_V1,CYC1,9606.ENSP00000317159,0.01020408163265306,False
HALLMARK_MYC_TARGETS_V1,MCM5,9606.ENSP00000216122,0.00510204081632653,False
HALLMARK_MYC_TARGETS_V1,SRSF7,9606.ENSP00000325905,0.02040816326530612,False
HALLMARK_MYC_TARGETS_V1,HNRNPA3,9606.ENSP00000376309,0.01020408163265306,False
HALLMARK_MYC_TARGETS_V1,PSMD7,9606.ENSP00000219313,0.02040816326530612,False
HALLMARK_MYC_TARGETS_V1,FBL,9606.ENSP00000221801,0.01020408163265306,False
HALLMARK_MYC_TARGETS_V1,RPS6,9606.ENSP00000369757,0.02040816326530612,False
HALLMARK_MYC_TARGETS_V1,HDAC2,9606.ENSP00000430432,0.0,False
HALLMARK_MYC_TARGETS_V1,HNRNPC,9606.ENSP00000451291,0.01020408163265306,False
HALLMARK_MYC_TARGETS_V1,PCNA,9606.ENSP00000368458,0.01020408163265306,False
HALLMARK_MYC_TARGETS_V1,POLD2,9606.ENSP00000480186,0.0,False
HALLMARK_MYC_TARGETS_V1,KPNA2,9606.ENSP00000438483,0.01020408163265306,False
HALLMARK_MYC_TARGETS_V1,ERH,9606.ENSP00000451080,0.015306122448979591,False
HALLMARK_MYC_TARGETS_V1,UBA2,9606.ENSP00000246548,0.0,False
HALLMARK_MYC_TARGETS_V1,RPS5,9606.ENSP00000472985,0.01020408163265306,False
HALLMARK_MYC_TARGETS_V1,DEK,9606.ENSP00000498653,0.00510204081632653,False
HALLMARK_MYC_TARGETS_V1,POLE3,9606.ENSP00000363286,0.0,False
HALLMARK_MYC_TARGETS_V1,IARS1,9606.ENSP00000364794,0.0,False
HALLMARK_MYC_TARGETS_V1,NME1,9606.ENSP00000337060,0.0,False
HALLMARK_MYC_TARGETS_V1,MCM7,9606.ENSP00000307288,0.01020408163265306,False
HALLMARK_MYC_TARGETS_V1,CDK2,9606.ENSP00000266970,0.01020408163265306,False
HALLMARK_MYC_TARGETS_V1,PCBP1,9606.ENSP00000305556,0.01020408163265306,False
HALLMARK_MYC_TARGETS_V1,GNL3,9606.ENSP00000395772,0.02040816326530612,False
HALLMARK_MYC_TARGETS_V1,PSMB3,9606.ENSP00000483688,0.00510204081632653,False
HALLMARK_MYC_TARGETS_V1,BUB3,9606.ENSP00000357858,0.0,False
HALLMARK_MYC_TARGETS_V1,CBX3,9606.ENSP00000336687,0.00510204081632653,False
HALLMARK_MYC_TARGETS_V1,COPS5,9606.ENSP00000350512,0.00510204081632653,False
HALLMARK_MYC_TARGETS_V1,MYC,9606.ENSP00000478887,0.01020408163265306,False
HALLMARK_MYC_TARGETS_V1,RPL18,9606.ENSP00000447001,0.015306122448979591,False
HALLMARK_MYC_TARGETS_V1,EIF2S2,9606.ENSP00000364119,0.01020408163265306,False
HALLMARK_MYC_TARGETS_V1,CCT7,9606.ENSP00000258091,0.00510204081632653,False
HALLMARK_MYC_TARGETS_V1,RANBP1,9606.ENSP00000401564,0.015306122448979591,False
HALLMARK_MYC_TARGETS_V1,G3BP1,9606.ENSP00000377681,0.0,False
HALLMARK_MYC_TARGETS_V1,EIF4A1,9606.ENSP00000293831,0.01020408163265306,False
HALLMARK_MYC_TARGETS_V1,CDC45,9606.ENSP00000405726,0.0,False
HALLMARK_MYC_TARGETS_V1,FAM120A,9606.ENSP00000277165,0.0,False
HALLMARK_MYC_TARGETS_V1,MRPL9,9606.ENSP00000357823,0.0,False
HALLMARK_MYC_TARGETS_V1,PWP1,9606.ENSP00000387365,0.00510204081632653,False
HALLMARK_MYC_TARGETS_V1,YWHAQ,9606.ENSP00000371267,0.0,False
HALLMARK_MYC_TARGETS_V1,NOLC1,9606.ENSP00000385410,0.00510204081632653,False
HALLMARK_MYC_TARGETS_V1,PSMC4,9606.ENSP00000157812,0.015306122448979591,False
HALLMARK_MYC_TARGETS_V1,DDX18,9606.ENSP00000263239,0.0,False
HALLMARK_MYC_TARGETS_V1,AIMP2,9606.ENSP00000223029,0.0,False
HALLMARK_MYC_TARGETS_V1,PSMA1,9606.ENSP00000414359,0.0,False
HALLMARK_MYC_TARGETS_V1,PTGES3,9606.ENSP00000482075,0.01020408163265306,False
HALLMARK_MYC_TARGETS_V1,EIF4H,9606.ENSP00000265753,0.01020408163265306,False
HALLMARK_MYC_TARGETS_V1,RPS3,9606.ENSP00000278572,0.030612244897959183,False
HALLMARK_MYC_TARGETS_V1,TARDBP,9606.ENSP00000240185,0.00510204081632653,False
HALLMARK_MYC_TARGETS_V1,PSMD8,9606.ENSP00000215071,0.015306122448979591,False
HALLMARK_MYC_TARGETS_V1,CDC20,9606.ENSP00000361540,0.00510204081632653,False
HALLMARK_MYC_TARGETS_V1,PA2G4,9606.ENSP00000302886,0.0,False
HALLMARK_MYC_TARGETS_V1,PSMD14,9606.ENSP00000386541,0.00510204081632653,False
HALLMARK_MYC_TARGETS_V1,CSTF2,9606.ENSP00000387996,0.00510204081632653,False
HALLMARK_MYC_TARGETS_V1,SSB,9606.ENSP00000386636,0.00510204081632653,False
HALLMARK_MYC_TARGETS_V1,TYMS,9606.ENSP00000315644,0.01020408163265306,False
HALLMARK_MYC_TARGETS_V1,LSM2,9606.ENSP00000364813,0.00510204081632653,False
HALLMARK_MYC_TARGETS_V1,CCT3,9606.ENSP00000295688,0.015306122448979591,False
HALLMARK_MYC_TARGETS_V1,XRCC6,9606.ENSP00000352257,0.00510204081632653,False
HALLMARK_MYC_TARGETS_V1,HNRNPA1,9606.ENSP00000341826,0.02551020408163265,False
HALLMARK_MYC_TARGETS_V1,SRSF1,9606.ENSP00000258962,0.01020408163265306,False
HALLMARK_MYC_TARGETS_V1,NPM1,9606.ENSP00000296930,0.01020408163265306,False
HALLMARK_MYC_TARGETS_V1,TCP1,9606.ENSP00000317334,0.00510204081632653,False
HALLMARK_MYC_TARGETS_V1,H2AZ1,9606.ENSP00000296417,0.0,False
HALLMARK_MYC_TARGETS_V1,CNBP,9606.ENSP00000410769,0.0,False
HALLMARK_MYC_TARGETS_V1,HSP90AB1,9606.ENSP00000360609,0.00510204081632653,False
HALLMARK_MYC_TARGETS_V1,TFDP1,9606.ENSP00000364519,0.0,False
HALLMARK_MYC_TARGETS_V1,HDDC2,9606.ENSP00000381220,0.0,False
HALLMARK_MYC_TARGETS_V1,UBE2E1,9606.ENSP00000303709,0.0,False
HALLMARK_MYC_TARGETS_V1,DDX21,9606.ENSP00000346120,0.01020408163265306,False
HALLMARK_MYC_TARGETS_V1,EIF1AX,9606.ENSP00000368927,0.01020408163265306,False
HALLMARK_MYC_TARGETS_V1,HNRNPA2B1,9606.ENSP00000346694,0.02040816326530612,False
HALLMARK_MYC_TARGETS_V1,PPIA,9606.ENSP00000419425,0.015306122448979591,False
HALLMARK_MYC_TARGETS_V1,HSPD1,9606.ENSP00000340019,0.0,False
HALLMARK_MYC_TARGETS_V1,UBE2L3,9606.ENSP00000400906,0.0,False
HALLMARK_MYC_TARGETS_V1,COX5A,9606.ENSP00000317780,0.00510204081632653,False
HALLMARK_MYC_TARGETS_V1,ACP1,9606.ENSP00000272067,0.0,False
HALLMARK_MYC_TARGETS_V1,DUT,9606.ENSP00000370376,0.00510204081632653,False
HALLMARK_MYC_TARGETS_V1,RPL22,9606.ENSP00000346088,0.00510204081632653,False
HALLMARK_MYC_TARGETS_V1,MRPS18B,9606.ENSP00000259873,0.0,False
HALLMARK_MYC_TARGETS_V1,HPRT1,9606.ENSP00000298556,0.0,False
HALLMARK_MYC_TARGETS_V1,RPS10,9606.ENSP00000481646,0.00510204081632653,False
HALLMARK_MYC_TARGETS_V1,EIF3B,9606.ENSP00000354125,0.01020408163265306,False
HALLMARK_MYC_TARGETS_V1,LSM7,9606.ENSP00000252622,0.01020408163265306,False
HALLMARK_MYC_TARGETS_V1,RUVBL2,9606.ENSP00000473172,0.01020408163265306,False
HALLMARK_MYC_TARGETS_V1,EIF2S1,9606.ENSP00000256383,0.01020408163265306,False
HALLMARK_MYC_TARGETS_V1,CLNS1A,9606.ENSP00000433919,0.00510204081632653,False
HALLMARK_MYC_TARGETS_V1,PSMB2,9606.ENSP00000362334,0.0,False
HALLMARK_MYC_TARGETS_V1,RPL14,9606.ENSP00000379506,0.02551020408163265,False
HALLMARK_MYC_TARGETS_V1,PPM1G,9606.ENSP00000342778,0.0,False
HALLMARK_MYC_TARGETS_V1,VBP1,9606.ENSP00000286428,0.015306122448979591,False
HALLMARK_MYC_TARGETS_V1,MAD2L1,9606.ENSP00000296509,0.00510204081632653,False
HALLMARK_MYC_TARGETS_V1,HNRNPD,9606.ENSP00000313199,0.01020408163265306,False
HALLMARK_MYC_TARGETS_V1,PSMD3,9606.ENSP00000264639,0.00510204081632653,False
HALLMARK_MYC_TARGETS_V1,PABPC4,9606.ENSP00000361949,0.0,False
HALLMARK_MYC_TARGETS_V1,PSMA4,9606.ENSP00000044462,0.015306122448979591,False
HALLMARK_MYC_TARGETS_V1,SF3A1,9606.ENSP00000215793,0.015306122448979591,False
HALLMARK_MYC_TARGETS_V1,IFRD1,9606.ENSP00000384477,0.00510204081632653,False
HALLMARK_MYC_TARGETS_V1,SRSF3,9606.ENSP00000362820,0.02040816326530612,False
HALLMARK_MYC_TARGETS_V1,RPL6,9606.ENSP00000403172,0.015306122448979591,False
HALLMARK_MYC_TARGETS_V1,VDAC3,9606.ENSP00000428845,0.0,False
HALLMARK_MYC_TARGETS_V1,PABPC1,9606.ENSP00000313007,0.015306122448979591,False
HALLMARK_MYC_TARGETS_V1,ABCE1,9606.ENSP00000296577,0.00510204081632653,False
HALLMARK_MYC_TARGETS_V1,CCT2,9606.ENSP00000299300,0.02551020408163265,False
HALLMARK_MYC_TARGETS_V1,TOMM70,9606.ENSP00000284320,0.0,False
HALLMARK_MYC_TARGETS_V1,HNRNPU,9606.ENSP00000491215,0.00510204081632653,False
HALLMARK_MYC_TARGETS_V1,RRM1,9606.ENSP00000300738,0.015306122448979591,False
HALLMARK_MYC_TARGETS_V1,APEX1,9606.ENSP00000216714,0.0,False
HALLMARK_MYC_TARGETS_V1,PHB2,9606.ENSP00000441875,0.0,False
HALLMARK_MYC_TARGETS_V1,RAN,9606.ENSP00000446215,0.015306122448979591,False
HALLMARK_MYC_TARGETS_V1,RRP9,9606.ENSP00000232888,0.00510204081632653,False
HALLMARK_MYC_TARGETS_V1,SNRPA1,9606.ENSP00000254193,0.01020408163265306,False
HALLMARK_MYC_TARGETS_V1,KARS1,9606.ENSP00000325448,0.00510204081632653,False
HALLMARK_MYC_TARGETS_V1,NCBP1,9606.ENSP00000364289,0.01020408163265306,False
HALLMARK_MYC_TARGETS_V1,HNRNPR,9606.ENSP00000363745,0.00510204081632653,False
HALLMARK_MYC_TARGETS_V1,CANX,9606.ENSP00000247461,0.0,False
HALLMARK_MYC_TARGETS_V1,MCM2,9606.ENSP00000265056,0.015306122448979591,False
HALLMARK_MYC_TARGETS_V1,SNRPD1,9606.ENSP00000300413,0.01020408163265306,False
HALLMARK_MYC_TARGETS_V1,HSPE1,9606.ENSP00000233893,0.0,False
HALLMARK_MYC_TARGETS_V1,SNRPD2,9606.ENSP00000342374,0.02551020408163265,False
HALLMARK_MYC_TARGETS_V1,NHP2,9606.ENSP00000274606,0.00510204081632653,False
HALLMARK_MYC_TARGETS_V1,CTPS1,9606.ENSP00000497744,0.0,False
HALLMARK_MYC_TARGETS_V1,RPL34,9606.ENSP00000378163,0.015306122448979591,False
HALLMARK_MYC_TARGETS_V1,EIF3D,9606.ENSP00000216190,0.00510204081632653,False
HALLMARK_MYC_TARGETS_V1,CDK4,9606.ENSP00000257904,0.01020408163265306,False
HALLMARK_MYC_TARGETS_V1,EIF4G2,9606.ENSP00000433664,0.00510204081632653,False
HALLMARK_MYC_TARGETS_V1,EPRS1,9606.ENSP00000355890,0.015306122448979591,False
HALLMARK_MYC_TARGETS_V1,MCM4,9606.ENSP00000262105,0.01020408163265306,False
HALLMARK_MYC_TARGETS_V1,GOT2,9606.ENSP00000245206,0.0,False
HALLMARK_MYC_TARGETS_V1,PSMD1,9606.ENSP00000309474,0.00510204081632653,False
HALLMARK_MYC_TARGETS_V1,ILF2,9606.ENSP00000355011,0.01020408163265306,False
HALLMARK_MYC_TARGETS_V1,RAD23B,9606.ENSP00000350708,0.0,False
HALLMARK_MYC_TARGETS_V1,RFC4,9606.ENSP00000376272,0.0,False
HALLMARK_MYC_TARGETS_V1,SNRPG,9606.ENSP00000393388,0.01020408163265306,False
HALLMARK_MYC_TARGETS_V1,LDHA,9606.ENSP00000445175,0.0,False
HALLMARK_MYC_TARGETS_V1,RACK1,9606.ENSP00000426909,0.02040816326530612,False
HALLMARK_MYC_TARGETS_V1,SET,9606.ENSP00000361777,0.00510204081632653,False
HALLMARK_MYC_TARGETS_V1,SF3B3,9606.ENSP00000305790,0.01020408163265306,False
HALLMARK_MYC_TARGETS_V1,EXOSC7,9606.ENSP00000265564,0.0,False
HALLMARK_MYC_TARGETS_V1,KPNB1,9606.ENSP00000290158,0.015306122448979591,False
HALLMARK_MYC_TARGETS_V1,NAP1L1,9606.ENSP00000477538,0.0,False
HALLMARK_MYC_TARGETS_V1,EIF3J,9606.ENSP00000261868,0.00510204081632653,False
HALLMARK_MYC_TARGETS_V1,RNPS1,9606.ENSP00000457723,0.00510204081632653,False
HALLMARK_MYC_TARGETS_V1,EIF4E,9606.ENSP00000425561,0.01020408163265306,False
HALLMARK_MYC_TARGETS_V1,GLO1,9606.ENSP00000362463,0.0,False
HALLMARK_MYC_TARGETS_V1,MCM6,9606.ENSP00000264156,0.015306122448979591,False
HALLMARK_MYC_TARGETS_V1,DHX15,9606.ENSP00000336741,0.015306122448979591,False
HALLMARK_MYC_TARGETS_V1,SSBP1,9606.ENSP00000419665,0.00510204081632653,False
HALLMARK_MYC_TARGETS_V1,HDGF,9606.ENSP00000357189,0.0,False
HALLMARK_MYC_TARGETS_V1,TUFM,9606.ENSP00000322439,0.01020408163265306,False
HALLMARK_MYC_TARGETS_V1,CAD,9606.ENSP00000264705,0.0,False
HALLMARK_MYC_TARGETS_V1,PRPF31,9606.ENSP00000324122,0.01020408163265306,False
HALLMARK_MYC_TARGETS_V1,RPLP0,9606.ENSP00000449328,0.02551020408163265,False
HALLMARK_MYC_TARGETS_V1,PSMC6,9606.ENSP00000484998,0.00510204081632653,False
HALLMARK_MYC_TARGETS_V1,PRDX4,9606.ENSP00000368646,0.0,False
HALLMARK_MYC_TARGETS_V1,CCT5,9606.ENSP00000280326,0.02551020408163265,False
HALLMARK_MYC_TARGETS_V1,NOP56,9606.ENSP00000370589,0.00510204081632653,False
HALLMARK_MYC_TARGETS_V1,CCNA2,9606.ENSP00000481380,0.00510204081632653,False
HALLMARK_MYC_TARGETS_V1,SRPK1,9606.ENSP00000362931,0.00510204081632653,False
HALLMARK_MYC_TARGETS_V1,VDAC1,9606.ENSP00000378487,0.0,False
HALLMARK_MYC_TARGETS_V1,STARD7,9606.ENSP00000338030,0.0,False
HALLMARK_MYC_TARGETS_V1,PSMA7,9606.ENSP00000359910,0.00510204081632653,False
HALLMARK_MYC_TARGETS_V1,PRDX3,9606.ENSP00000298510,0.0,False
HALLMARK_MYC_TARGETS_V1,USP1,9606.ENSP00000343526,0.0,False
HALLMARK_MYC_TARGETS_V1,GSPT1,9606.ENSP00000398131,0.01020408163265306,False
HALLMARK_MYC_TARGETS_V1,SMARCC1,9606.ENSP00000254480,0.00510204081632653,False
HALLMARK_MYC_TARGETS_V1,PRPS2,9606.ENSP00000381504,0.0,False
HALLMARK_MYC_TARGETS_V1,C1QBP,9606.ENSP00000225698,0.00510204081632653,False
HALLMARK_MYC_TARGETS_V1,XPO1,9606.ENSP00000384863,0.0,False
HALLMARK_MYC_TARGETS_V1,NOP16,9606.ENSP00000483001,0.0,False
HALLMARK_MYC_TARGETS_V1,PGK1,9606.ENSP00000362413,0.0,False
HALLMARK_MYC_TARGETS_V1,ODC1,9606.ENSP00000234111,0.0,False
HALLMARK_MYC_TARGETS_V1,TRA2B,9606.ENSP00000416959,0.01020408163265306,False
HALLMARK_MYC_TARGETS_V2,UNG,9606.ENSP00000242576,0.0,False
HALLMARK_MYC_TARGETS_V2,PPAN,9606.ENSP00000253107,0.07407407407407407,False
HALLMARK_MYC_TARGETS_V2,RRP12,9606.ENSP00000446184,0.018518518518518517,False
HALLMARK_MYC_TARGETS_V2,RABEPK,9606.ENSP00000362639,0.0,False
HALLMARK_MYC_TARGETS_V2,HSPD1,9606.ENSP00000340019,0.0,False
HALLMARK_MYC_TARGETS_V2,HSPE1,9606.ENSP00000233893,0.0,False
HALLMARK_MYC_TARGETS_V2,WDR43,9606.ENSP00000384302,0.037037037037037035,False
HALLMARK_MYC_TARGETS_V2,SLC19A1,9606.ENSP00000308895,0.0,False
HALLMARK_MYC_TARGETS_V2,BYSL,9606.ENSP00000230340,0.05555555555555555,False
HALLMARK_MYC_TARGETS_V2,CDK4,9606.ENSP00000257904,0.0,False
HALLMARK_MYC_TARGETS_V2,EXOSC5,9606.ENSP00000221233,0.05555555555555555,False
HALLMARK_MYC_TARGETS_V2,GNL3,9606.ENSP00000395772,0.037037037037037035,False
HALLMARK_MYC_TARGETS_V2,MAP3K6,9606.ENSP00000350195,0.0,False
HALLMARK_MYC_TARGETS_V2,MCM4,9606.ENSP00000262105,0.0,False
HALLMARK_MYC_TARGETS_V2,PLK4,9606.ENSP00000270861,0.0,False
HALLMARK_MYC_TARGETS_V2,MYC,9606.ENSP00000478887,0.0,False
HALLMARK_MYC_TARGETS_V2,CBX3,9606.ENSP00000336687,0.0,False
HALLMARK_MYC_TARGETS_V2,RCL1,9606.ENSP00000371169,0.037037037037037035,False
HALLMARK_MYC_TARGETS_V2,MPHOSPH10,9606.ENSP00000244230,0.05555555555555555,False
HALLMARK_MYC_TARGETS_V2,SUPV3L1,9606.ENSP00000352678,0.0,False
HALLMARK_MYC_TARGETS_V2,IMP4,9606.ENSP00000259239,0.09259259259259259,False
HALLMARK_MYC_TARGETS_V2,UTP20,9606.ENSP00000261637,0.037037037037037035,False
HALLMARK_MYC_TARGETS_V2,GRWD1,9606.ENSP00000253237,0.07407407407407407,False
HALLMARK_MYC_TARGETS_V2,HK2,9606.ENSP00000290573,0.018518518518518517,False
HALLMARK_MYC_TARGETS_V2,SRM,9606.ENSP00000366156,0.0,False
HALLMARK_MYC_TARGETS_V2,DCTPP1,9606.ENSP00000322524,0.0,False
HALLMARK_MYC_TARGETS_V2,PPRC1,9606.ENSP00000278070,0.0,False
HALLMARK_MYC_TARGETS_V2,MYBBP1A,9606.ENSP00000370968,0.018518518518518517,False
HALLMARK_MYC_TARGETS_V2,NOLC1,9606.ENSP00000385410,0.037037037037037035,False
HALLMARK_MYC_TARGETS_V2,PLK1,9606.ENSP00000300093,0.0,False
HALLMARK_MYC_TARGETS_V2,DDX18,9606.ENSP00000263239,0.09259259259259259,False
HALLMARK_MYC_TARGETS_V2,AIMP2,9606.ENSP00000223029,0.0,False
HALLMARK_MYC_TARGETS_V2,TMEM97,9606.ENSP00000226230,0.0,False
HALLMARK_MYC_TARGETS_V2,PRMT3,9606.ENSP00000331879,0.0,False
HALLMARK_MYC_TARGETS_V2,TCOF1,9606.ENSP00000367028,0.018518518518518517,False
HALLMARK_MYC_TARGETS_V2,TBRG4,9606.ENSP00000258770,0.0,False
HALLMARK_MYC_TARGETS_V2,PA2G4,9606.ENSP00000302886,0.0,False
HALLMARK_MYC_TARGETS_V2,FARSA,9606.ENSP00000320309,0.0,False
HALLMARK_MYC_TARGETS_V2,NDUFAF4,9606.ENSP00000358272,0.0,False
HALLMARK_MYC_TARGETS_V2,LAS1L,9606.ENSP00000363944,0.0,False
HALLMARK_MYC_TARGETS_V2,NOP56,9606.ENSP00000370589,0.07407407407407407,False
HALLMARK_MYC_TARGETS_V2,MCM5,9606.ENSP00000216122,0.0,False
HALLMARK_MYC_TARGETS_V2,RRP9,9606.ENSP00000232888,0.05555555555555555,False
HALLMARK_MYC_TARGETS_V2,SORD,9606.ENSP00000267814,0.018518518518518517,False
HALLMARK_MYC_TARGETS_V2,PUS1,9606.ENSP00000365837,0.0,False
HALLMARK_MYC_TARGETS_V2,WDR74,9606.ENSP00000432119,0.018518518518518517,False
HALLMARK_MYC_TARGETS_V2,DUSP2,9606.ENSP00000288943,0.0,False
HALLMARK_MYC_TARGETS_V2,NOC4L,9606.ENSP00000328854,0.018518518518518517,False
HALLMARK_MYC_TARGETS_V2,NPM1,9606.ENSP00000296930,0.0,False
HALLMARK_MYC_TARGETS_V2,PES1,9606.ENSP00000346725,0.018518518518518517,False
HALLMARK_MYC_TARGETS_V2,SLC29A2,9606.ENSP00000440329,0.0,False
HALLMARK_MYC_TARGETS_V2,TFB2M,9606.ENSP00000355471,0.0,False
HALLMARK_MYC_TARGETS_V2,NOP16,9606.ENSP00000483001,0.0,False
HALLMARK_MYC_TARGETS_V2,MRTO4,9606.ENSP00000364320,0.037037037037037035,False
HALLMARK_MYC_TARGETS_V2,NIP7,9606.ENSP00000254940,0.07407407407407407,False
HALLMARK_MYOGENESIS,APP,9606.ENSP00000284981,0.0,False
HALLMARK_MYOGENESIS,TNNC1,9606.ENSP00000232975,0.0,False
HALLMARK_MYOGENESIS,TPM2,9606.ENSP00000496494,0.023529411764705882,False
HALLMARK_MYOGENESIS,COL6A2,9606.ENSP00000300527,0.0058823529411764705,False
HALLMARK_MYOGENESIS,FOXO4,9606.ENSP00000363377,0.0058823529411764705,False
HALLMARK_MYOGENESIS,COL6A3,9606.ENSP00000295550,0.0058823529411764705,False
HALLMARK_MYOGENESIS,TCAP,9606.ENSP00000312624,0.0,False
HALLMARK_MYOGENESIS,GNAO1,9606.ENSP00000262494,0.0,False
HALLMARK_MYOGENESIS,OCEL1,9606.ENSP00000215061,0.0,False
HALLMARK_MYOGENESIS,GADD45B,9606.ENSP00000215631,0.0,False
HALLMARK_MYOGENESIS,LDB3,9606.ENSP00000401437,0.0058823529411764705,False
HALLMARK_MYOGENESIS,MYH9,9606.ENSP00000216181,0.0058823529411764705,False
HALLMARK_MYOGENESIS,CRAT,9606.ENSP00000315013,0.0,False
HALLMARK_MYOGENESIS,SH3BGR,9606.ENSP00000332513,0.0,False
HALLMARK_MYOGENESIS,DENND2B,9606.ENSP00000433528,0.0,False
HALLMARK_MYOGENESIS,PC,9606.ENSP00000498994,0.0,False
HALLMARK_MYOGENESIS,MB,9606.ENSP00000352835,0.0,False
HALLMARK_MYOGENESIS,PYGM,9606.ENSP00000164139,0.0,False
HALLMARK_MYOGENESIS,TPM3,9606.ENSP00000498577,0.023529411764705882,False
HALLMARK_MYOGENESIS,COL4A2,9606.ENSP00000353654,0.0,False
HALLMARK_MYOGENESIS,SYNGR2,9606.ENSP00000467600,0.0,False
HALLMARK_MYOGENESIS,GABARAPL2,9606.ENSP00000037243,0.0,False
HALLMARK_MYOGENESIS,COL15A1,9606.ENSP00000364140,0.0,False
HALLMARK_MYOGENESIS,SSPN,9606.ENSP00000242729,0.0058823529411764705,False
HALLMARK_MYOGENESIS,TSC2,9606.ENSP00000219476,0.0,False
HALLMARK_MYOGENESIS,RB1,9606.ENSP00000267163,0.0,False
HALLMARK_MYOGENESIS,MYOM1,9606.ENSP00000348821,0.0,False
HALLMARK_MYOGENESIS,CFD,9606.ENSP00000468253,0.0,False
HALLMARK_MYOGENESIS,ERBB3,9606.ENSP00000267101,0.0,False
HALLMARK_MYOGENESIS,RYR1,9606.ENSP00000352608,0.011764705882352941,False
HALLMARK_MYOGENESIS,DTNA,9606.ENSP00000470152,0.0,False
HALLMARK_MYOGENESIS,ACTA1,9606.ENSP00000355645,0.011764705882352941,False
HALLMARK_MYOGENESIS,EIF4A2,9606.ENSP00000326381,0.0,False
HALLMARK_MYOGENESIS,TNNT1,9606.ENSP00000467176,0.023529411764705882,False
HALLMARK_MYOGENESIS,FLII,9606.ENSP00000324573,0.0,False
HALLMARK_MYOGENESIS,CKB,9606.ENSP00000299198,0.0,False
HALLMARK_MYOGENESIS,DMD,9606.ENSP00000354923,0.0058823529411764705,False
HALLMARK_MYOGENESIS,IGF1,9606.ENSP00000376637,0.0,False
HALLMARK_MYOGENESIS,AK1,9606.ENSP00000223836,0.0,False
HALLMARK_MYOGENESIS,CNN3,9606.ENSP00000359225,0.0,False
HALLMARK_MYOGENESIS,MAPK12,9606.ENSP00000215659,0.0,False
HALLMARK_MYOGENESIS,SORBS3,9606.ENSP00000240123,0.0,False
HALLMARK_MYOGENESIS,ITGA7,9606.ENSP00000452120,0.0,False
HALLMARK_MYOGENESIS,COX7A1,9606.ENSP00000292907,0.0,False
HALLMARK_MYOGENESIS,HRC,9606.ENSP00000252825,0.0,False
HALLMARK_MYOGENESIS,FABP3,9606.ENSP00000362817,0.0,False
HALLMARK_MYOGENESIS,CAMK2B,9606.ENSP00000379098,0.0,False
HALLMARK_MYOGENESIS,NOTCH1,9606.ENSP00000498587,0.0,False
HALLMARK_MYOGENESIS,CKMT2,9606.ENSP00000404203,0.0,False
HALLMARK_MYOGENESIS,TNNI2,9606.ENSP00000371336,0.011764705882352941,False
HALLMARK_MYOGENESIS,ADCY9,9606.ENSP00000294016,0.0,False
HALLMARK_MYOGENESIS,MYH3,9606.ENSP00000464317,0.023529411764705882,False
HALLMARK_MYOGENESIS,AKT2,9606.ENSP00000375892,0.0058823529411764705,False
HALLMARK_MYOGENESIS,SPTAN1,9606.ENSP00000487444,0.0,False
HALLMARK_MYOGENESIS,ATP2A1,9606.ENSP00000349595,0.0058823529411764705,False
HALLMARK_MYOGENESIS,ADAM12,9606.ENSP00000357668,0.0,False
HALLMARK_MYOGENESIS,CACNG1,9606.ENSP00000226021,0.0,False
HALLMARK_MYOGENESIS,MYOM2,9606.ENSP00000262113,0.0,False
HALLMARK_MYOGENESIS,PICK1,9606.ENSP00000385205,0.0,False
HALLMARK_MYOGENESIS,BDKRB2,9606.ENSP00000450482,0.0,False
HALLMARK_MYOGENESIS,ITGB4,9606.ENSP00000200181,0.0058823529411764705,False
HALLMARK_MYOGENESIS,ENO3,9606.ENSP00000324105,0.0,False
HALLMARK_MYOGENESIS,REEP1,9606.ENSP00000392197,0.0,False
HALLMARK_MYOGENESIS,SGCA,9606.ENSP00000262018,0.0,False
HALLMARK_MYOGENESIS,TEAD4,9606.ENSP00000352926,0.0,False
HALLMARK_MYOGENESIS,HBEGF,9606.ENSP00000230990,0.0,False
HALLMARK_MYOGENESIS,NAV2,9606.ENSP00000379396,0.0,False
HALLMARK_MYOGENESIS,GPX3,9606.ENSP00000373477,0.0058823529411764705,False
HALLMARK_MYOGENESIS,CHRNB1,9606.ENSP00000304290,0.0,False
HALLMARK_MYOGENESIS,PDE4DIP,9606.ENSP00000358363,0.0,False
HALLMARK_MYOGENESIS,CD36,9606.ENSP00000415743,0.0058823529411764705,False
HALLMARK_MYOGENESIS,ITGB5,9606.ENSP00000296181,0.0058823529411764705,False
HALLMARK_MYOGENESIS,KIFC3,9606.ENSP00000442008,0.0,False
HALLMARK_MYOGENESIS,DMPK,9606.ENSP00000345997,0.0058823529411764705,False
HALLMARK_MYOGENESIS,MYLK,9606.ENSP00000353452,0.0,False
HALLMARK_MYOGENESIS,SLC6A8,9606.ENSP00000253122,0.0,False
HALLMARK_MYOGENESIS,TNNC2,9606.ENSP00000361636,0.011764705882352941,False
HALLMARK_MYOGENESIS,SPDEF,9606.ENSP00000363149,0.0,False
HALLMARK_MYOGENESIS,CHRNA1,9606.ENSP00000261007,0.0,False
HALLMARK_MYOGENESIS,PKIA,9606.ENSP00000379696,0.0,False
HALLMARK_MYOGENESIS,MEF2C,9606.ENSP00000340874,0.0,False
HALLMARK_MYOGENESIS,CACNA1H,9606.ENSP00000334198,0.0,False
HALLMARK_MYOGENESIS,SLN,9606.ENSP00000435380,0.0,False
HALLMARK_MYOGENESIS,TPD52L1,9606.ENSP00000306285,0.0,False
HALLMARK_MYOGENESIS,MYL3,9606.ENSP00000499406,0.023529411764705882,False
HALLMARK_MYOGENESIS,AGL,9606.ENSP00000294724,0.0,False
HALLMARK_MYOGENESIS,ACSL1,9606.ENSP00000422607,0.0058823529411764705,False
HALLMARK_MYOGENESIS,BIN1,9606.ENSP00000316779,0.0058823529411764705,False
HALLMARK_MYOGENESIS,SIRT2,9606.ENSP00000249396,0.0,False
HALLMARK_MYOGENESIS,GJA5,9606.ENSP00000484552,0.0,False
HALLMARK_MYOGENESIS,ACHE,9606.ENSP00000303211,0.0,False
HALLMARK_MYOGENESIS,CDH13,9606.ENSP00000268613,0.0,False
HALLMARK_MYOGENESIS,FST,9606.ENSP00000256759,0.0,False
HALLMARK_MYOGENESIS,KLF5,9606.ENSP00000366915,0.0,False
HALLMARK_MYOGENESIS,STC2,9606.ENSP00000265087,0.0,False
HALLMARK_MYOGENESIS,FGF2,9606.ENSP00000264498,0.0,False
HALLMARK_MYOGENESIS,SGCG,9606.ENSP00000218867,0.0058823529411764705,False
HALLMARK_MYOGENESIS,SPHK1,9606.ENSP00000313681,0.0,False
HALLMARK_MYOGENESIS,SMTN,9606.ENSP00000484398,0.0,False
HALLMARK_MYOGENESIS,TNNI1,9606.ENSP00000354488,0.0058823529411764705,False
HALLMARK_MYOGENESIS,PLXNB2,9606.ENSP00000352288,0.0,False
HALLMARK_MYOGENESIS,PFKM,9606.ENSP00000496597,0.0,False
HALLMARK_MYOGENESIS,ABLIM1,9606.ENSP00000277895,0.0,False
HALLMARK_MYOGENESIS,CLU,9606.ENSP00000315130,0.0058823529411764705,False
HALLMARK_MYOGENESIS,SORBS1,9606.ENSP00000360293,0.0,False
HALLMARK_MYOGENESIS,MYOZ1,9606.ENSP00000352272,0.011764705882352941,False
HALLMARK_MYOGENESIS,PDLIM7,9606.ENSP00000348099,0.0,False
HALLMARK_MYOGENESIS,PPP1R3C,9606.ENSP00000238994,0.0,False
HALLMARK_MYOGENESIS,TGFB1,9606.ENSP00000221930,0.011764705882352941,False
HALLMARK_MYOGENESIS,CTF1,9606.ENSP00000279804,0.0,False
HALLMARK_MYOGENESIS,IFRD1,9606.ENSP00000384477,0.0,False
HALLMARK_MYOGENESIS,MYH11,9606.ENSP00000379616,0.0058823529411764705,False
HALLMARK_MYOGENESIS,COL3A1,9606.ENSP00000304408,0.0058823529411764705,False
HALLMARK_MYOGENESIS,LSP1,9606.ENSP00000371194,0.0,False
HALLMARK_MYOGENESIS,PTP4A3,9606.ENSP00000428976,0.0,False
HALLMARK_MYOGENESIS,SPARC,9606.ENSP00000231061,0.011764705882352941,False
HALLMARK_MYOGENESIS,MYO1C,9606.ENSP00000496954,0.0,False
HALLMARK_MYOGENESIS,SCD,9606.ENSP00000359380,0.0,False
HALLMARK_MYOGENESIS,AGRN,9606.ENSP00000368678,0.0,False
HALLMARK_MYOGENESIS,COL1A1,9606.ENSP00000225964,0.01764705882352941,False
HALLMARK_MYOGENESIS,MAPRE3,9606.ENSP00000233121,0.0,False
HALLMARK_MYOGENESIS,TNNT3,9606.ENSP00000370975,0.011764705882352941,False
HALLMARK_MYOGENESIS,MRAS,9606.ENSP00000289104,0.0,False
HALLMARK_MYOGENESIS,GSN,9606.ENSP00000362924,0.0,False
HALLMARK_MYOGENESIS,SGCD,9606.ENSP00000338343,0.0,False
HALLMARK_MYOGENESIS,NQO1,9606.ENSP00000319788,0.0,False
HALLMARK_MYOGENESIS,SPEG,9606.ENSP00000311684,0.0,False
HALLMARK_MYOGENESIS,BAG1,9606.ENSP00000489189,0.0,False
HALLMARK_MYOGENESIS,CDKN1A,9606.ENSP00000384849,0.0,False
HALLMARK_MYOGENESIS,LPIN1,9606.ENSP00000397908,0.0,False
HALLMARK_MYOGENESIS,HDAC5,9606.ENSP00000225983,0.0,False
HALLMARK_MYOGENESIS,DES,9606.ENSP00000363071,0.0,False
HALLMARK_MYOGENESIS,MEF2A,9606.ENSP00000453095,0.0,False
HALLMARK_MYOGENESIS,MYL6B,9606.ENSP00000450385,0.0,False
HALLMARK_MYOGENESIS,CASQ1,9606.ENSP00000357057,0.011764705882352941,False
HALLMARK_MYOGENESIS,APOD,9606.ENSP00000345179,0.0,False
HALLMARK_MYOGENESIS,CASQ2,9606.ENSP00000261448,0.0,False
HALLMARK_MYOGENESIS,EPHB3,9606.ENSP00000332118,0.0,False
HALLMARK_MYOGENESIS,FKBP1B,9606.ENSP00000370373,0.0,False
HALLMARK_MYOGENESIS,PVALB,9606.ENSP00000216200,0.0,False
HALLMARK_MYOGENESIS,ITGB1,9606.ENSP00000379350,0.0058823529411764705,False
HALLMARK_MYOGENESIS,ATP6AP1,9606.ENSP00000358777,0.0,False
HALLMARK_MYOGENESIS,EFS,9606.ENSP00000216733,0.0,False
HALLMARK_MYOGENESIS,MYL7,9606.ENSP00000223364,0.0058823529411764705,False
HALLMARK_MYOGENESIS,MEF2D,9606.ENSP00000271555,0.0,False
HALLMARK_MYOGENESIS,PTGIS,9606.ENSP00000244043,0.0,False
HALLMARK_MYOGENESIS,GAA,9606.ENSP00000305692,0.0,False
HALLMARK_MYOGENESIS,LARGE1,9606.ENSP00000347088,0.0,False
HALLMARK_MYOGENESIS,PRNP,9606.ENSP00000399376,0.0,False
HALLMARK_MYOGENESIS,FDPS,9606.ENSP00000349078,0.0,False
HALLMARK_MYOGENESIS,IGFBP7,9606.ENSP00000295666,0.0,False
HALLMARK_MYOGENESIS,IGFBP3,9606.ENSP00000370473,0.0,False
HALLMARK_MYOGENESIS,SVIL,9606.ENSP00000348128,0.0,False
HALLMARK_MYOGENESIS,SOD3,9606.ENSP00000371554,0.0058823529411764705,False
HALLMARK_MYOGENESIS,DAPK2,9606.ENSP00000484390,0.0,False
HALLMARK_MYOGENESIS,NCAM1,9606.ENSP00000480132,0.0,False
HALLMARK_MYOGENESIS,BHLHE40,9606.ENSP00000256495,0.0,False
HALLMARK_MYOGENESIS,SH2B1,9606.ENSP00000321221,0.0,False
HALLMARK_MYOGENESIS,LAMA2,9606.ENSP00000400365,0.0058823529411764705,False
HALLMARK_MYOGENESIS,APLNR,9606.ENSP00000475344,0.0,False
HALLMARK_MYOGENESIS,TAGLN,9606.ENSP00000376678,0.0058823529411764705,False
HALLMARK_MYOGENESIS,HSPB8,9606.ENSP00000281938,0.0,False
HALLMARK_MYOGENESIS,AEBP1,9606.ENSP00000223357,0.0,False
HALLMARK_MYOGENESIS,FHL1,9606.ENSP00000498684,0.0,False
HALLMARK_MYOGENESIS,VIPR1,9606.ENSP00000327246,0.0,False
HALLMARK_MYOGENESIS,CRYAB,9606.ENSP00000433560,0.0058823529411764705,False
HALLMARK_MYOGENESIS,KCNH2,9606.ENSP00000262186,0.0,False
HALLMARK_MYOGENESIS,WWTR1,9606.ENSP00000419465,0.0,False
HALLMARK_MYOGENESIS,KCNH1,9606.ENSP00000271751,0.0,False
HALLMARK_MYOGENESIS,PPFIA4,9606.ENSP00000402576,0.0,False
HALLMARK_MYOGENESIS,RIT1,9606.ENSP00000357305,0.0,False
HALLMARK_NOTCH_SIGNALING,SKP1,9606.ENSP00000231487,0.06666666666666667,False
HALLMARK_NOTCH_SIGNALING,HES1,9606.ENSP00000232424,0.0,False
HALLMARK_NOTCH_SIGNALING,DTX4,9606.ENSP00000227451,0.0,False
HALLMARK_NOTCH_SIGNALING,PRKCA,9606.ENSP00000408695,0.0,False
HALLMARK_NOTCH_SIGNALING,HEYL,9606.ENSP00000361943,0.0,False
HALLMARK_NOTCH_SIGNALING,NOTCH1,9606.ENSP00000498587,0.03333333333333333,False
HALLMARK_NOTCH_SIGNALING,DLL1,9606.ENSP00000355718,0.0,False
HALLMARK_NOTCH_SIGNALING,CUL1,9606.ENSP00000326804,0.0,False
HALLMARK_NOTCH_SIGNALING,PPARD,9606.ENSP00000310928,0.0,False
HALLMARK_NOTCH_SIGNALING,ARRB1,9606.ENSP00000409581,0.0,False
HALLMARK_NOTCH_SIGNALING,NOTCH3,9606.ENSP00000263388,0.1,False
HALLMARK_NOTCH_SIGNALING,APH1A,9606.ENSP00000358105,0.0,False
HALLMARK_NOTCH_SIGNALING,NOTCH2,9606.ENSP00000256646,0.1,False
HALLMARK_NOTCH_SIGNALING,DTX2,9606.ENSP00000322885,0.0,False
HALLMARK_NOTCH_SIGNALING,LFNG,9606.ENSP00000222725,0.0,False
HALLMARK_NOTCH_SIGNALING,SAP30,9606.ENSP00000296504,0.0,False
HALLMARK_NOTCH_SIGNALING,PSENEN,9606.ENSP00000468411,0.03333333333333333,False
HALLMARK_NOTCH_SIGNALING,CCND1,9606.ENSP00000227507,0.03333333333333333,False
HALLMARK_NOTCH_SIGNALING,FZD7,9606.ENSP00000286201,0.03333333333333333,False
HALLMARK_NOTCH_SIGNALING,RBX1,9606.ENSP00000216225,0.03333333333333333,False
HALLMARK_NOTCH_SIGNALING,ST3GAL6,9606.ENSP00000480884,0.0,False
HALLMARK_NOTCH_SIGNALING,FZD5,9606.ENSP00000354607,0.0,False
HALLMARK_NOTCH_SIGNALING,FBXW11,9606.ENSP00000265094,0.0,False
HALLMARK_NOTCH_SIGNALING,JAG1,9606.ENSP00000254958,0.06666666666666667,False
HALLMARK_NOTCH_SIGNALING,DTX1,9606.ENSP00000257600,0.06666666666666667,False
HALLMARK_NOTCH_SIGNALING,TCF7L2,9606.ENSP00000486891,0.0,False
HALLMARK_NOTCH_SIGNALING,MAML2,9606.ENSP00000434552,0.0,False
HALLMARK_NOTCH_SIGNALING,WNT5A,9606.ENSP00000264634,0.03333333333333333,False
HALLMARK_NOTCH_SIGNALING,FZD1,9606.ENSP00000287934,0.03333333333333333,False
HALLMARK_NOTCH_SIGNALING,KAT2A,9606.ENSP00000225916,0.0,False
HALLMARK_NOTCH_SIGNALING,WNT2,9606.ENSP00000265441,0.03333333333333333,False
HALLMARK_OXIDATIVE_PHOSPHORYLATION,NQO2,9606.ENSP00000369822,0.0,False
HALLMARK_OXIDATIVE_PHOSPHORYLATION,ATP6V1F,9606.ENSP00000417378,0.015384615384615385,False
HALLMARK_OXIDATIVE_PHOSPHORYLATION,MRPS22,9606.ENSP00000418008,0.005128205128205128,False
HALLMARK_OXIDATIVE_PHOSPHORYLATION,HSD17B10,9606.ENSP00000168216,0.0,False
HALLMARK_OXIDATIVE_PHOSPHORYLATION,HTRA2,9606.ENSP00000258080,0.0,False
HALLMARK_OXIDATIVE_PHOSPHORYLATION,IDH2,9606.ENSP00000331897,0.015384615384615385,False
HALLMARK_OXIDATIVE_PHOSPHORYLATION,NDUFB7,9606.ENSP00000215565,0.02564102564102564,False
HALLMARK_OXIDATIVE_PHOSPHORYLATION,ATP5F1A,9606.ENSP00000381736,0.041025641025641026,False
HALLMARK_OXIDATIVE_PHOSPHORYLATION,ALAS1,9606.ENSP00000378416,0.0,False
HALLMARK_OXIDATIVE_PHOSPHORYLATION,UQCRC1,9606.ENSP00000203407,0.05128205128205128,False
HALLMARK_OXIDATIVE_PHOSPHORYLATION,IDH3B,9606.ENSP00000482773,0.010256410256410256,False
HALLMARK_OXIDATIVE_PHOSPHORYLATION,ATP5F1E,9606.ENSP00000243997,0.010256410256410256,False
HALLMARK_OXIDATIVE_PHOSPHORYLATION,TIMM10,9606.ENSP00000257245,0.010256410256410256,False
HALLMARK_OXIDATIVE_PHOSPHORYLATION,CYB5A,9606.ENSP00000341625,0.0,False
HALLMARK_OXIDATIVE_PHOSPHORYLATION,SLC25A6,9606.ENSP00000370808,0.005128205128205128,False
HALLMARK_OXIDATIVE_PHOSPHORYLATION,ACADVL,9606.ENSP00000438689,0.010256410256410256,False
HALLMARK_OXIDATIVE_PHOSPHORYLATION,VDAC2,9606.ENSP00000361635,0.005128205128205128,False
HALLMARK_OXIDATIVE_PHOSPHORYLATION,SURF1,9606.ENSP00000361042,0.0,False
HALLMARK_OXIDATIVE_PHOSPHORYLATION,SLC25A5,9606.ENSP00000360671,0.0,False
HALLMARK_OXIDATIVE_PHOSPHORYLATION,NDUFAB1,9606.ENSP00000458770,0.035897435897435895,False
HALLMARK_OXIDATIVE_PHOSPHORYLATION,HADHB,9606.ENSP00000325136,0.005128205128205128,False
HALLMARK_OXIDATIVE_PHOSPHORYLATION,ATP5PF,9606.ENSP00000389649,0.010256410256410256,False
HALLMARK_OXIDATIVE_PHOSPHORYLATION,OAT,9606.ENSP00000357838,0.005128205128205128,False
HALLMARK_OXIDATIVE_PHOSPHORYLATION,ABCB7,9606.ENSP00000253577,0.0,False
HALLMARK_OXIDATIVE_PHOSPHORYLATION,SLC25A3,9606.ENSP00000228318,0.005128205128205128,False
HALLMARK_OXIDATIVE_PHOSPHORYLATION,CYC1,9606.ENSP00000317159,0.041025641025641026,False
HALLMARK_OXIDATIVE_PHOSPHORYLATION,ISCU,9606.ENSP00000310623,0.0,False
HALLMARK_OXIDATIVE_PHOSPHORYLATION,NDUFS8,9606.ENSP00000315774,0.046153846153846156,False
HALLMARK_OXIDATIVE_PHOSPHORYLATION,NDUFB3,9606.ENSP00000407336,0.035897435897435895,False
HALLMARK_OXIDATIVE_PHOSPHORYLATION,IDH3G,9606.ENSP00000217901,0.015384615384615385,False
HALLMARK_OXIDATIVE_PHOSPHORYLATION,UQCRC2,9606.ENSP00000268379,0.035897435897435895,False
HALLMARK_OXIDATIVE_PHOSPHORYLATION,ATP5MF,9606.ENSP00000292475,0.020512820512820513,False
HALLMARK_OXIDATIVE_PHOSPHORYLATION,ATP5F1B,9606.ENSP00000262030,0.02564102564102564,False
HALLMARK_OXIDATIVE_PHOSPHORYLATION,MRPL11,9606.ENSP00000308897,0.005128205128205128,False
HALLMARK_OXIDATIVE_PHOSPHORYLATION,ATP5MC2,9606.ENSP00000499883,0.0,False
HALLMARK_OXIDATIVE_PHOSPHORYLATION,ATP5ME,9606.ENSP00000306003,0.03076923076923077,False
HALLMARK_OXIDATIVE_PHOSPHORYLATION,SLC25A20,9606.ENSP00000326305,0.0,False
HALLMARK_OXIDATIVE_PHOSPHORYLATION,ATP5MG,9606.ENSP00000300688,0.02564102564102564,False
HALLMARK_OXIDATIVE_PHOSPHORYLATION,UQCRH,9606.ENSP00000309565,0.05128205128205128,False
HALLMARK_OXIDATIVE_PHOSPHORYLATION,OGDH,9606.ENSP00000388183,0.020512820512820513,False
HALLMARK_OXIDATIVE_PHOSPHORYLATION,SUCLA2,9606.ENSP00000494360,0.005128205128205128,False
HALLMARK_OXIDATIVE_PHOSPHORYLATION,ATP6V0E1,9606.ENSP00000429690,0.015384615384615385,False
HALLMARK_OXIDATIVE_PHOSPHORYLATION,CPT1A,9606.ENSP00000265641,0.005128205128205128,False
HALLMARK_OXIDATIVE_PHOSPHORYLATION,NDUFV2,9606.ENSP00000327268,0.015384615384615385,False
HALLMARK_OXIDATIVE_PHOSPHORYLATION,NDUFA5,9606.ENSP00000417142,0.035897435897435895,False
HALLMARK_OXIDATIVE_PHOSPHORYLATION,COX6C,9606.ENSP00000429707,0.035897435897435895,False
HALLMARK_OXIDATIVE_PHOSPHORYLATION,NDUFA3,9606.ENSP00000418438,0.035897435897435895,False
HALLMARK_OXIDATIVE_PHOSPHORYLATION,NDUFC2,9606.ENSP00000281031,0.02564102564102564,False
HALLMARK_OXIDATIVE_PHOSPHORYLATION,HSPA9,9606.ENSP00000297185,0.010256410256410256,False
HALLMARK_OXIDATIVE_PHOSPHORYLATION,ATP5F1D,9606.ENSP00000215375,0.03076923076923077,False
HALLMARK_OXIDATIVE_PHOSPHORYLATION,AIFM1,9606.ENSP00000287295,0.005128205128205128,False
HALLMARK_OXIDATIVE_PHOSPHORYLATION,LRPPRC,9606.ENSP00000260665,0.005128205128205128,False
HALLMARK_OXIDATIVE_PHOSPHORYLATION,ATP1B1,9606.ENSP00000356790,0.0,False
HALLMARK_OXIDATIVE_PHOSPHORYLATION,SUPV3L1,9606.ENSP00000352678,0.0,False
HALLMARK_OXIDATIVE_PHOSPHORYLATION,NNT,9606.ENSP00000264663,0.0,False
HALLMARK_OXIDATIVE_PHOSPHORYLATION,FH,9606.ENSP00000355518,0.010256410256410256,False
HALLMARK_OXIDATIVE_PHOSPHORYLATION,NDUFS2,9606.ENSP00000356972,0.020512820512820513,False
HALLMARK_OXIDATIVE_PHOSPHORYLATION,ATP5PO,9606.ENSP00000290299,0.035897435897435895,False
HALLMARK_OXIDATIVE_PHOSPHORYLATION,ATP5PD,9606.ENSP00000301587,0.041025641025641026,False
HALLMARK_OXIDATIVE_PHOSPHORYLATION,ATP6V1H,9606.ENSP00000352522,0.005128205128205128,False
HALLMARK_OXIDATIVE_PHOSPHORYLATION,DECR1,9606.ENSP00000220764,0.0,False
HALLMARK_OXIDATIVE_PHOSPHORYLATION,ATP5MC3,9606.ENSP00000284727,0.020512820512820513,False
HALLMARK_OXIDATIVE_PHOSPHORYLATION,ATP6V1E1,9606.ENSP00000253413,0.005128205128205128,False
HALLMARK_OXIDATIVE_PHOSPHORYLATION,RETSAT,9606.ENSP00000295802,0.0,False
HALLMARK_OXIDATIVE_PHOSPHORYLATION,MRPL34,9606.ENSP00000252602,0.005128205128205128,False
HALLMARK_OXIDATIVE_PHOSPHORYLATION,MTX2,9606.ENSP00000249442,0.0,False
HALLMARK_OXIDATIVE_PHOSPHORYLATION,NDUFB1,9606.ENSP00000483888,0.035897435897435895,False
HALLMARK_OXIDATIVE_PHOSPHORYLATION,PMPCA,9606.ENSP00000360782,0.010256410256410256,False
HALLMARK_OXIDATIVE_PHOSPHORYLATION,RHOT1,9606.ENSP00000351132,0.0,False
HALLMARK_OXIDATIVE_PHOSPHORYLATION,GLUD1,9606.ENSP00000277865,0.005128205128205128,False
HALLMARK_OXIDATIVE_PHOSPHORYLATION,NDUFB2,9606.ENSP00000419087,0.035897435897435895,False
HALLMARK_OXIDATIVE_PHOSPHORYLATION,TIMM9,9606.ENSP00000378588,0.005128205128205128,False
HALLMARK_OXIDATIVE_PHOSPHORYLATION,PDHA1,9606.ENSP00000369134,0.0,False
HALLMARK_OXIDATIVE_PHOSPHORYLATION,GPX4,9606.ENSP00000346103,0.0,False
HALLMARK_OXIDATIVE_PHOSPHORYLATION,SLC25A11,9606.ENSP00000225665,0.005128205128205128,False
HALLMARK_OXIDATIVE_PHOSPHORYLATION,TOMM22,9606.ENSP00000216034,0.010256410256410256,False
HALLMARK_OXIDATIVE_PHOSPHORYLATION,COX7A2L,9606.ENSP00000367938,0.005128205128205128,False
HALLMARK_OXIDATIVE_PHOSPHORYLATION,CS,9606.ENSP00000342056,0.02564102564102564,False
HALLMARK_OXIDATIVE_PHOSPHORYLATION,COX7B,9606.ENSP00000497474,0.035897435897435895,False
HALLMARK_OXIDATIVE_PHOSPHORYLATION,MRPS12,9606.ENSP00000384952,0.010256410256410256,False
HALLMARK_OXIDATIVE_PHOSPHORYLATION,NDUFA6,9606.ENSP00000482543,0.035897435897435895,False
HALLMARK_OXIDATIVE_PHOSPHORYLATION,NDUFS6,9606.ENSP00000274137,0.035897435897435895,False
HALLMARK_OXIDATIVE_PHOSPHORYLATION,PDHX,9606.ENSP00000227868,0.010256410256410256,False
HALLMARK_OXIDATIVE_PHOSPHORYLATION,HCCS,9606.ENSP00000370139,0.0,False
HALLMARK_OXIDATIVE_PHOSPHORYLATION,POR,9606.ENSP00000419970,0.0,False
HALLMARK_OXIDATIVE_PHOSPHORYLATION,ACO2,9606.ENSP00000216254,0.020512820512820513,False
HALLMARK_OXIDATIVE_PHOSPHORYLATION,COX17,9606.ENSP00000261070,0.010256410256410256,False
HALLMARK_OXIDATIVE_PHOSPHORYLATION,MRPS11,9606.ENSP00000317376,0.005128205128205128,False
HALLMARK_OXIDATIVE_PHOSPHORYLATION,GPI,9606.ENSP00000405573,0.005128205128205128,False
HALLMARK_OXIDATIVE_PHOSPHORYLATION,UQCR11,9606.ENSP00000467262,0.035897435897435895,False
HALLMARK_OXIDATIVE_PHOSPHORYLATION,TIMM13,9606.ENSP00000215570,0.005128205128205128,False
HALLMARK_OXIDATIVE_PHOSPHORYLATION,COX5A,9606.ENSP00000317780,0.05128205128205128,False
HALLMARK_OXIDATIVE_PHOSPHORYLATION,MPC1,9606.ENSP00000354223,0.0,False
HALLMARK_OXIDATIVE_PHOSPHORYLATION,TIMM50,9606.ENSP00000445806,0.005128205128205128,False
HALLMARK_OXIDATIVE_PHOSPHORYLATION,NDUFA1,9606.ENSP00000360492,0.010256410256410256,False
HALLMARK_OXIDATIVE_PHOSPHORYLATION,NDUFA9,9606.ENSP00000266544,0.03076923076923077,False
HALLMARK_OXIDATIVE_PHOSPHORYLATION,PDP1,9606.ENSP00000379503,0.0,False
HALLMARK_OXIDATIVE_PHOSPHORYLATION,CYCS,9606.ENSP00000307786,0.03076923076923077,False
HALLMARK_OXIDATIVE_PHOSPHORYLATION,MGST3,9606.ENSP00000356864,0.0,False
HALLMARK_OXIDATIVE_PHOSPHORYLATION,COX6A1,9606.ENSP00000229379,0.035897435897435895,False
HALLMARK_OXIDATIVE_PHOSPHORYLATION,ATP5MC1,9606.ENSP00000377033,0.010256410256410256,False
HALLMARK_OXIDATIVE_PHOSPHORYLATION,MFN2,9606.ENSP00000416338,0.0,False
HALLMARK_OXIDATIVE_PHOSPHORYLATION,MRPL15,9606.ENSP00000260102,0.005128205128205128,False
HALLMARK_OXIDATIVE_PHOSPHORYLATION,NDUFB6,9606.ENSP00000369176,0.020512820512820513,False
HALLMARK_OXIDATIVE_PHOSPHORYLATION,UQCRB,9606.ENSP00000430494,0.035897435897435895,False
HALLMARK_OXIDATIVE_PHOSPHORYLATION,NDUFB5,9606.ENSP00000259037,0.020512820512820513,False
HALLMARK_OXIDATIVE_PHOSPHORYLATION,NDUFA8,9606.ENSP00000362873,0.020512820512820513,False
HALLMARK_OXIDATIVE_PHOSPHORYLATION,MRPS30,9606.ENSP00000424328,0.005128205128205128,False
HALLMARK_OXIDATIVE_PHOSPHORYLATION,POLR2F,9606.ENSP00000385725,0.005128205128205128,False
HALLMARK_OXIDATIVE_PHOSPHORYLATION,COX7C,9606.ENSP00000425759,0.035897435897435895,False
HALLMARK_OXIDATIVE_PHOSPHORYLATION,ATP6V0B,9606.ENSP00000434729,0.015384615384615385,False
HALLMARK_OXIDATIVE_PHOSPHORYLATION,SDHC,9606.ENSP00000356953,0.015384615384615385,False
HALLMARK_OXIDATIVE_PHOSPHORYLATION,ETFB,9606.ENSP00000346173,0.005128205128205128,False
HALLMARK_OXIDATIVE_PHOSPHORYLATION,DLAT,9606.ENSP00000280346,0.015384615384615385,False
HALLMARK_OXIDATIVE_PHOSPHORYLATION,VDAC3,9606.ENSP00000428845,0.0,False
HALLMARK_OXIDATIVE_PHOSPHORYLATION,IMMT,9606.ENSP00000387262,0.015384615384615385,False
HALLMARK_OXIDATIVE_PHOSPHORYLATION,ETFDH,9606.ENSP00000426638,0.010256410256410256,False
HALLMARK_OXIDATIVE_PHOSPHORYLATION,ACADM,9606.ENSP00000359871,0.005128205128205128,False
HALLMARK_OXIDATIVE_PHOSPHORYLATION,TOMM70,9606.ENSP00000284320,0.010256410256410256,False
HALLMARK_OXIDATIVE_PHOSPHORYLATION,UQCR10,9606.ENSP00000332887,0.015384615384615385,False
HALLMARK_OXIDATIVE_PHOSPHORYLATION,ECHS1,9606.ENSP00000357535,0.010256410256410256,False
HALLMARK_OXIDATIVE_PHOSPHORYLATION,BDH2,9606.ENSP00000296424,0.0,False
HALLMARK_OXIDATIVE_PHOSPHORYLATION,FDX1,9606.ENSP00000260270,0.010256410256410256,False
HALLMARK_OXIDATIVE_PHOSPHORYLATION,MRPL35,9606.ENSP00000338389,0.0,False
HALLMARK_OXIDATIVE_PHOSPHORYLATION,PHB2,9606.ENSP00000441875,0.005128205128205128,False
HALLMARK_OXIDATIVE_PHOSPHORYLATION,NDUFB8,9606.ENSP00000299166,0.041025641025641026,False
HALLMARK_OXIDATIVE_PHOSPHORYLATION,CASP7,9606.ENSP00000358327,0.0,False
HALLMARK_OXIDATIVE_PHOSPHORYLATION,IDH1,9606.ENSP00000390265,0.010256410256410256,False
HALLMARK_OXIDATIVE_PHOSPHORYLATION,HADHA,9606.ENSP00000370023,0.0,False
HALLMARK_OXIDATIVE_PHOSPHORYLATION,TIMM8B,9606.ENSP00000438455,0.0,False
HALLMARK_OXIDATIVE_PHOSPHORYLATION,NDUFS1,9606.ENSP00000392709,0.020512820512820513,False
HALLMARK_OXIDATIVE_PHOSPHORYLATION,ACAA2,9606.ENSP00000285093,0.015384615384615385,False
HALLMARK_OXIDATIVE_PHOSPHORYLATION,ACAA1,9606.ENSP00000333664,0.010256410256410256,False
HALLMARK_OXIDATIVE_PHOSPHORYLATION,ETFA,9606.ENSP00000452762,0.010256410256410256,False
HALLMARK_OXIDATIVE_PHOSPHORYLATION,FXN,9606.ENSP00000419243,0.0,False
HALLMARK_OXIDATIVE_PHOSPHORYLATION,CYB5R3,9606.ENSP00000354468,0.0,False
HALLMARK_OXIDATIVE_PHOSPHORYLATION,SDHD,9606.ENSP00000364699,0.020512820512820513,False
HALLMARK_OXIDATIVE_PHOSPHORYLATION,SDHA,9606.ENSP00000264932,0.03076923076923077,False
HALLMARK_OXIDATIVE_PHOSPHORYLATION,COX15,9606.ENSP00000016171,0.015384615384615385,False
HALLMARK_OXIDATIVE_PHOSPHORYLATION,COX10,9606.ENSP00000261643,0.02564102564102564,False
HALLMARK_OXIDATIVE_PHOSPHORYLATION,NDUFA2,9606.ENSP00000252102,0.020512820512820513,False
HALLMARK_OXIDATIVE_PHOSPHORYLATION,AFG3L2,9606.ENSP00000269143,0.005128205128205128,False
HALLMARK_OXIDATIVE_PHOSPHORYLATION,COX6B1,9606.ENSP00000466818,0.035897435897435895,False
HALLMARK_OXIDATIVE_PHOSPHORYLATION,NDUFS3,9606.ENSP00000263774,0.035897435897435895,False
HALLMARK_OXIDATIVE_PHOSPHORYLATION,PHYH,9606.ENSP00000263038,0.0,False
HALLMARK_OXIDATIVE_PHOSPHORYLATION,MTRR,9606.ENSP00000402510,0.0,False
HALLMARK_OXIDATIVE_PHOSPHORYLATION,IDH3A,9606.ENSP00000299518,0.015384615384615385,False
HALLMARK_OXIDATIVE_PHOSPHORYLATION,ALDH6A1,9606.ENSP00000450436,0.0,False
HALLMARK_OXIDATIVE_PHOSPHORYLATION,UQCRQ,9606.ENSP00000367939,0.02564102564102564,False
HALLMARK_OXIDATIVE_PHOSPHORYLATION,ACAT1,9606.ENSP00000265838,0.010256410256410256,False
HALLMARK_OXIDATIVE_PHOSPHORYLATION,ATP6V1C1,9606.ENSP00000430282,0.015384615384615385,False
HALLMARK_OXIDATIVE_PHOSPHORYLATION,COX11,9606.ENSP00000299335,0.0,False
HALLMARK_OXIDATIVE_PHOSPHORYLATION,NDUFS4,9606.ENSP00000296684,0.03076923076923077,False
HALLMARK_OXIDATIVE_PHOSPHORYLATION,ATP6AP1,9606.ENSP00000358777,0.005128205128205128,False
HALLMARK_OXIDATIVE_PHOSPHORYLATION,ATP6V1D,9606.ENSP00000216442,0.005128205128205128,False
HALLMARK_OXIDATIVE_PHOSPHORYLATION,PDK4,9606.ENSP00000005178,0.005128205128205128,False
HALLMARK_OXIDATIVE_PHOSPHORYLATION,GOT2,9606.ENSP00000245206,0.015384615384615385,False
HALLMARK_OXIDATIVE_PHOSPHORYLATION,SDHB,9606.ENSP00000364649,0.020512820512820513,False
HALLMARK_OXIDATIVE_PHOSPHORYLATION,ATP5PB,9606.ENSP00000358737,0.010256410256410256,False
HALLMARK_OXIDATIVE_PHOSPHORYLATION,GRPEL1,9606.ENSP00000264954,0.010256410256410256,False
HALLMARK_OXIDATIVE_PHOSPHORYLATION,NDUFA4,9606.ENSP00000339720,0.015384615384615385,False
HALLMARK_OXIDATIVE_PHOSPHORYLATION,LDHA,9606.ENSP00000445175,0.005128205128205128,False
HALLMARK_OXIDATIVE_PHOSPHORYLATION,MRPS15,9606.ENSP00000362208,0.0,False
HALLMARK_OXIDATIVE_PHOSPHORYLATION,COX4I1,9606.ENSP00000457513,0.035897435897435895,False
HALLMARK_OXIDATIVE_PHOSPHORYLATION,COX5B,9606.ENSP00000258424,0.035897435897435895,False
HALLMARK_OXIDATIVE_PHOSPHORYLATION,MAOB,9606.ENSP00000367309,0.0,False
HALLMARK_OXIDATIVE_PHOSPHORYLATION,RHOT2,9606.ENSP00000321971,0.0,False
HALLMARK_OXIDATIVE_PHOSPHORYLATION,SUCLG1,9606.ENSP00000377446,0.020512820512820513,False
HALLMARK_OXIDATIVE_PHOSPHORYLATION,NDUFV1,9606.ENSP00000497587,0.041025641025641026,False
HALLMARK_OXIDATIVE_PHOSPHORYLATION,ATP6V1G1,9606.ENSP00000363162,0.0,False
HALLMARK_OXIDATIVE_PHOSPHORYLATION,MTRF1,9606.ENSP00000368793,0.0,False
HALLMARK_OXIDATIVE_PHOSPHORYLATION,TIMM17A,9606.ENSP00000356256,0.005128205128205128,False
HALLMARK_OXIDATIVE_PHOSPHORYLATION,UQCRFS1,9606.ENSP00000306397,0.041025641025641026,False
HALLMARK_OXIDATIVE_PHOSPHORYLATION,MDH2,9606.ENSP00000327070,0.02564102564102564,False
HALLMARK_OXIDATIVE_PHOSPHORYLATION,SLC25A4,9606.ENSP00000281456,0.005128205128205128,False
HALLMARK_OXIDATIVE_PHOSPHORYLATION,DLST,9606.ENSP00000335304,0.02564102564102564,False
HALLMARK_OXIDATIVE_PHOSPHORYLATION,COX8A,9606.ENSP00000321260,0.03076923076923077,False
HALLMARK_OXIDATIVE_PHOSPHORYLATION,OXA1L,9606.ENSP00000285848,0.005128205128205128,False
HALLMARK_OXIDATIVE_PHOSPHORYLATION,ECI1,9606.ENSP00000301729,0.005128205128205128,False
HALLMARK_OXIDATIVE_PHOSPHORYLATION,BAX,9606.ENSP00000293288,0.010256410256410256,False
HALLMARK_OXIDATIVE_PHOSPHORYLATION,DLD,9606.ENSP00000205402,0.020512820512820513,False
HALLMARK_OXIDATIVE_PHOSPHORYLATION,ACADSB,9606.ENSP00000357873,0.005128205128205128,False
HALLMARK_OXIDATIVE_PHOSPHORYLATION,OPA1,9606.ENSP00000354681,0.0,False
HALLMARK_OXIDATIVE_PHOSPHORYLATION,TCIRG1,9606.ENSP00000265686,0.005128205128205128,False
HALLMARK_OXIDATIVE_PHOSPHORYLATION,ATP5F1C,9606.ENSP00000349142,0.03076923076923077,False
HALLMARK_OXIDATIVE_PHOSPHORYLATION,SLC25A12,9606.ENSP00000388658,0.005128205128205128,False
HALLMARK_OXIDATIVE_PHOSPHORYLATION,NDUFB4,9606.ENSP00000184266,0.020512820512820513,False
HALLMARK_OXIDATIVE_PHOSPHORYLATION,PRDX3,9606.ENSP00000298510,0.0,False
HALLMARK_OXIDATIVE_PHOSPHORYLATION,VDAC1,9606.ENSP00000378487,0.010256410256410256,False
HALLMARK_OXIDATIVE_PHOSPHORYLATION,ISCA1,9606.ENSP00000365159,0.0,False
HALLMARK_OXIDATIVE_PHOSPHORYLATION,ECH1,9606.ENSP00000221418,0.0,False
HALLMARK_OXIDATIVE_PHOSPHORYLATION,NDUFA7,9606.ENSP00000301457,0.041025641025641026,False
HALLMARK_OXIDATIVE_PHOSPHORYLATION,NDUFC1,9606.ENSP00000441126,0.035897435897435895,False
HALLMARK_OXIDATIVE_PHOSPHORYLATION,PDHB,9606.ENSP00000307241,0.0,False
HALLMARK_OXIDATIVE_PHOSPHORYLATION,NDUFS7,9606.ENSP00000233627,0.03076923076923077,False
HALLMARK_OXIDATIVE_PHOSPHORYLATION,COX7A2,9606.ENSP00000359098,0.005128205128205128,False
HALLMARK_P53_PATHWAY,APP,9606.ENSP00000284981,0.0053475935828877,False
HALLMARK_P53_PATHWAY,APAF1,9606.ENSP00000448165,0.0053475935828877,False
HALLMARK_P53_PATHWAY,PLK3,9606.ENSP00000361275,0.0,False
HALLMARK_P53_PATHWAY,TSPYL2,9606.ENSP00000364591,0.0,False
HALLMARK_P53_PATHWAY,PPP1R15A,9606.ENSP00000200453,0.0,False
HALLMARK_P53_PATHWAY,CD82,9606.ENSP00000227155,0.0,False
HALLMARK_P53_PATHWAY,RHBDF2,9606.ENSP00000322775,0.0,False
HALLMARK_P53_PATHWAY,RPL36,9606.ENSP00000464342,0.0,False
HALLMARK_P53_PATHWAY,F2R,9606.ENSP00000321326,0.0,False
HALLMARK_P53_PATHWAY,NUPR1,9606.ENSP00000379003,0.0,False
HALLMARK_P53_PATHWAY,PLK2,9606.ENSP00000274289,0.0053475935828877,False
HALLMARK_P53_PATHWAY,FUCA1,9606.ENSP00000363603,0.0,False
HALLMARK_P53_PATHWAY,PDGFA,9606.ENSP00000346508,0.0,False
HALLMARK_P53_PATHWAY,PMM1,9606.ENSP00000216259,0.0,False
HALLMARK_P53_PATHWAY,TRIB3,9606.ENSP00000415416,0.0053475935828877,False
HALLMARK_P53_PATHWAY,ZBTB16,9606.ENSP00000338157,0.0,False
HALLMARK_P53_PATHWAY,CTSD,9606.ENSP00000236671,0.0,False
HALLMARK_P53_PATHWAY,SLC3A2,9606.ENSP00000367123,0.0,False
HALLMARK_P53_PATHWAY,ST14,9606.ENSP00000278742,0.0,False
HALLMARK_P53_PATHWAY,WRAP73,9606.ENSP00000270708,0.0,False
HALLMARK_P53_PATHWAY,VWA5A,9606.ENSP00000407726,0.0,False
HALLMARK_P53_PATHWAY,SP1,9606.ENSP00000329357,0.0,False
HALLMARK_P53_PATHWAY,TRIAP1,9606.ENSP00000449795,0.0,False
HALLMARK_P53_PATHWAY,AEN,9606.ENSP00000331944,0.0,False
HALLMARK_P53_PATHWAY,DGKA,9606.ENSP00000377703,0.0,False
HALLMARK_P53_PATHWAY,TRAFD1,9606.ENSP00000257604,0.0,False
HALLMARK_P53_PATHWAY,RPS12,9606.ENSP00000230050,0.0053475935828877,False
HALLMARK_P53_PATHWAY,SLC35D1,9606.ENSP00000235345,0.0,False
HALLMARK_P53_PATHWAY,CDK5R1,9606.ENSP00000318486,0.0,False
HALLMARK_P53_PATHWAY,DNTTIP2,9606.ENSP00000411010,0.0,False
HALLMARK_P53_PATHWAY,PTPRE,9606.ENSP00000254667,0.0,False
HALLMARK_P53_PATHWAY,RALGDS,9606.ENSP00000361120,0.0,False
HALLMARK_P53_PATHWAY,TRAF4,9606.ENSP00000262395,0.0,False
HALLMARK_P53_PATHWAY,CCNK,9606.ENSP00000374529,0.0,False
HALLMARK_P53_PATHWAY,ISCU,9606.ENSP00000310623,0.0,False
HALLMARK_P53_PATHWAY,RB1,9606.ENSP00000267163,0.0053475935828877,False
HALLMARK_P53_PATHWAY,RAB40C,9606.ENSP00000248139,0.0,False
HALLMARK_P53_PATHWAY,PIDD1,9606.ENSP00000337797,0.0,False
HALLMARK_P53_PATHWAY,S100A10,9606.ENSP00000357801,0.0053475935828877,False
HALLMARK_P53_PATHWAY,ATF3,9606.ENSP00000344352,0.0,False
HALLMARK_P53_PATHWAY,AK1,9606.ENSP00000223836,0.0053475935828877,False
HALLMARK_P53_PATHWAY,IRAK1,9606.ENSP00000358997,0.0,False
HALLMARK_P53_PATHWAY,PCNA,9606.ENSP00000368458,0.0106951871657754,False
HALLMARK_P53_PATHWAY,TP63,9606.ENSP00000264731,0.0053475935828877,False
HALLMARK_P53_PATHWAY,CSRNP2,9606.ENSP00000228515,0.0,False
HALLMARK_P53_PATHWAY,DEF6,9606.ENSP00000319831,0.0,False
HALLMARK_P53_PATHWAY,PRMT2,9606.ENSP00000380759,0.0,False
HALLMARK_P53_PATHWAY,TPRKB,9606.ENSP00000325398,0.0,False
HALLMARK_P53_PATHWAY,TOB1,9606.ENSP00000427695,0.0,False
HALLMARK_P53_PATHWAY,SAT1,9606.ENSP00000368572,0.0,False
HALLMARK_P53_PATHWAY,UPP1,9606.ENSP00000330032,0.0,False
HALLMARK_P53_PATHWAY,ABAT,9606.ENSP00000379845,0.0,False
HALLMARK_P53_PATHWAY,TXNIP,9606.ENSP00000462521,0.0,False
HALLMARK_P53_PATHWAY,HEXIM1,9606.ENSP00000328773,0.0,False
HALLMARK_P53_PATHWAY,MXD4,9606.ENSP00000337889,0.0,False
HALLMARK_P53_PATHWAY,TCN2,9606.ENSP00000215838,0.0053475935828877,False
HALLMARK_P53_PATHWAY,IER3,9606.ENSP00000259874,0.0,False
HALLMARK_P53_PATHWAY,NOTCH1,9606.ENSP00000498587,0.0053475935828877,False
HALLMARK_P53_PATHWAY,PERP,9606.ENSP00000397157,0.0,False
HALLMARK_P53_PATHWAY,STOM,9606.ENSP00000286713,0.0,False
HALLMARK_P53_PATHWAY,RPL18,9606.ENSP00000447001,0.0053475935828877,False
HALLMARK_P53_PATHWAY,ZMAT3,9606.ENSP00000311221,0.0,False
HALLMARK_P53_PATHWAY,EPHX1,9606.ENSP00000480004,0.0,False
HALLMARK_P53_PATHWAY,SEC61A1,9606.ENSP00000243253,0.0053475935828877,False
HALLMARK_P53_PATHWAY,ITGB4,9606.ENSP00000200181,0.0,False
HALLMARK_P53_PATHWAY,RRAD,9606.ENSP00000388744,0.0,False
HALLMARK_P53_PATHWAY,JAG2,9606.ENSP00000328169,0.0,False
HALLMARK_P53_PATHWAY,VAMP8,9606.ENSP00000263864,0.0,False
HALLMARK_P53_PATHWAY,HBEGF,9606.ENSP00000230990,0.0,False
HALLMARK_P53_PATHWAY,EPS8L2,9606.ENSP00000435585,0.0,False
HALLMARK_P53_PATHWAY,ZNF365,9606.ENSP00000387091,0.0,False
HALLMARK_P53_PATHWAY,RAD51C,9606.ENSP00000336701,0.0,False
HALLMARK_P53_PATHWAY,CDKN2AIP,9606.ENSP00000427108,0.0053475935828877,False
HALLMARK_P53_PATHWAY,POM121,9606.ENSP00000378687,0.0,False
HALLMARK_P53_PATHWAY,FBXW7,9606.ENSP00000474725,0.0053475935828877,False
HALLMARK_P53_PATHWAY,SFN,9606.ENSP00000340989,0.0053475935828877,False
HALLMARK_P53_PATHWAY,EPHA2,9606.ENSP00000351209,0.0,False
HALLMARK_P53_PATHWAY,STEAP3,9606.ENSP00000376822,0.0,False
HALLMARK_P53_PATHWAY,RETSAT,9606.ENSP00000295802,0.0,False
HALLMARK_P53_PATHWAY,FOS,9606.ENSP00000306245,0.0,False
HALLMARK_P53_PATHWAY,SESN1,9606.ENSP00000393762,0.0,False
HALLMARK_P53_PATHWAY,SLC19A2,9606.ENSP00000236137,0.0,False
HALLMARK_P53_PATHWAY,ELP1,9606.ENSP00000363779,0.0,False
HALLMARK_P53_PATHWAY,TPD52L1,9606.ENSP00000306285,0.0,False
HALLMARK_P53_PATHWAY,FDXR,9606.ENSP00000416515,0.0,False
HALLMARK_P53_PATHWAY,KLK8,9606.ENSP00000375682,0.0,False
HALLMARK_P53_PATHWAY,CGRRF1,9606.ENSP00000216420,0.0,False
HALLMARK_P53_PATHWAY,BTG2,9606.ENSP00000290551,0.0053475935828877,False
HALLMARK_P53_PATHWAY,CDKN2A,9606.ENSP00000418915,0.0106951871657754,False
HALLMARK_P53_PATHWAY,GPX2,9606.ENSP00000374265,0.0053475935828877,False
HALLMARK_P53_PATHWAY,CEBPA,9606.ENSP00000427514,0.0106951871657754,False
HALLMARK_P53_PATHWAY,IP6K2,9606.ENSP00000331103,0.0,False
HALLMARK_P53_PATHWAY,SDC1,9606.ENSP00000370542,0.0,False
HALLMARK_P53_PATHWAY,DDIT3,9606.ENSP00000448665,0.0106951871657754,False
HALLMARK_P53_PATHWAY,CDH13,9606.ENSP00000268613,0.0,False
HALLMARK_P53_PATHWAY,CCNG1,9606.ENSP00000344635,0.0,False
HALLMARK_P53_PATHWAY,WWP1,9606.ENSP00000427793,0.0,False
HALLMARK_P53_PATHWAY,TGFA,9606.ENSP00000404131,0.0053475935828877,False
HALLMARK_P53_PATHWAY,IER5,9606.ENSP00000356549,0.0,False
HALLMARK_P53_PATHWAY,FAM162A,9606.ENSP00000419088,0.0,False
HALLMARK_P53_PATHWAY,ERCC5,9606.ENSP00000498881,0.0,False
HALLMARK_P53_PATHWAY,CASP1,9606.ENSP00000433138,0.0053475935828877,False
HALLMARK_P53_PATHWAY,JUN,9606.ENSP00000360266,0.0,False
HALLMARK_P53_PATHWAY,SPHK1,9606.ENSP00000313681,0.0,False
HALLMARK_P53_PATHWAY,RPS27L,9606.ENSP00000331019,0.0,False
HALLMARK_P53_PATHWAY,TNNI1,9606.ENSP00000354488,0.0,False
HALLMARK_P53_PATHWAY,RNF19B,9606.ENSP00000362555,0.0,False
HALLMARK_P53_PATHWAY,PLXNB2,9606.ENSP00000352288,0.0,False
HALLMARK_P53_PATHWAY,S100A4,9606.ENSP00000357704,0.0053475935828877,False
HALLMARK_P53_PATHWAY,FOXO3,9606.ENSP00000339527,0.0053475935828877,False
HALLMARK_P53_PATHWAY,HSPA4L,9606.ENSP00000296464,0.0,False
HALLMARK_P53_PATHWAY,TNFSF9,9606.ENSP00000245817,0.0,False
HALLMARK_P53_PATHWAY,RGS16,9606.ENSP00000356529,0.0,False
HALLMARK_P53_PATHWAY,XPC,9606.ENSP00000285021,0.0,False
HALLMARK_P53_PATHWAY,SERTAD3,9606.ENSP00000375882,0.0,False
HALLMARK_P53_PATHWAY,NUDT15,9606.ENSP00000258662,0.0,False
HALLMARK_P53_PATHWAY,H1-2,9606.ENSP00000339566,0.0,False
HALLMARK_P53_PATHWAY,SERPINB5,9606.ENSP00000372221,0.0,False
HALLMARK_P53_PATHWAY,TAP1,9606.ENSP00000346206,0.0,False
HALLMARK_P53_PATHWAY,CCND3,9606.ENSP00000362082,0.0053475935828877,False
HALLMARK_P53_PATHWAY,TGFB1,9606.ENSP00000221930,0.0,False
HALLMARK_P53_PATHWAY,RAD9A,9606.ENSP00000311360,0.0,False
HALLMARK_P53_PATHWAY,EI24,9606.ENSP00000278903,0.0,False
HALLMARK_P53_PATHWAY,HMOX1,9606.ENSP00000216117,0.0,False
HALLMARK_P53_PATHWAY,RRP8,9606.ENSP00000254605,0.0,False
HALLMARK_P53_PATHWAY,RCHY1,9606.ENSP00000321239,0.0,False
HALLMARK_P53_PATHWAY,PRKAB1,9606.ENSP00000441369,0.0,False
HALLMARK_P53_PATHWAY,BTG1,9606.ENSP00000256015,0.0,False
HALLMARK_P53_PATHWAY,TM4SF1,9606.ENSP00000304277,0.0,False
HALLMARK_P53_PATHWAY,RXRA,9606.ENSP00000419692,0.0053475935828877,False
HALLMARK_P53_PATHWAY,CDKN2B,9606.ENSP00000276925,0.0053475935828877,False
HALLMARK_P53_PATHWAY,ACVR1B,9606.ENSP00000442656,0.0,False
HALLMARK_P53_PATHWAY,ABCC5,9606.ENSP00000333926,0.0,False
HALLMARK_P53_PATHWAY,CLCA2,9606.ENSP00000359596,0.0,False
HALLMARK_P53_PATHWAY,MDM2,9606.ENSP00000258149,0.0053475935828877,False
HALLMARK_P53_PATHWAY,TSC22D1,9606.ENSP00000397435,0.0,False
HALLMARK_P53_PATHWAY,POLH,9606.ENSP00000361310,0.0053475935828877,False
HALLMARK_P53_PATHWAY,SLC7A11,9606.ENSP00000280612,0.0053475935828877,False
HALLMARK_P53_PATHWAY,HINT1,9606.ENSP00000304229,0.0,False
HALLMARK_P53_PATHWAY,HRAS,9606.ENSP00000407586,0.0106951871657754,False
HALLMARK_P53_PATHWAY,RAP2B,9606.ENSP00000319096,0.0,False
HALLMARK_P53_PATHWAY,GM2A,9606.ENSP00000349687,0.0,False
HALLMARK_P53_PATHWAY,DRAM1,9606.ENSP00000258534,0.0,False
HALLMARK_P53_PATHWAY,ZFP36L1,9606.ENSP00000337386,0.0,False
HALLMARK_P53_PATHWAY,NOL8,9606.ENSP00000441140,0.0,False
HALLMARK_P53_PATHWAY,BMP2,9606.ENSP00000368104,0.0,False
HALLMARK_P53_PATHWAY,CDKN1A,9606.ENSP00000384849,0.0,False
HALLMARK_P53_PATHWAY,LIF,9606.ENSP00000249075,0.0,False
HALLMARK_P53_PATHWAY,PROCR,9606.ENSP00000216968,0.0,False
HALLMARK_P53_PATHWAY,SOCS1,9606.ENSP00000496577,0.0,False
HALLMARK_P53_PATHWAY,TP53,9606.ENSP00000269305,0.0374331550802139,False
HALLMARK_P53_PATHWAY,INHBB,9606.ENSP00000295228,0.0,False
HALLMARK_P53_PATHWAY,GADD45A,9606.ENSP00000360025,0.0,False
HALLMARK_P53_PATHWAY,BLCAP,9606.ENSP00000397172,0.0,False
HALLMARK_P53_PATHWAY,KLF4,9606.ENSP00000363804,0.0,False
HALLMARK_P53_PATHWAY,RACK1,9606.ENSP00000426909,0.0053475935828877,False
HALLMARK_P53_PATHWAY,CCP110,9606.ENSP00000370803,0.0,False
HALLMARK_P53_PATHWAY,ABHD4,9606.ENSP00000414558,0.0,False
HALLMARK_P53_PATHWAY,NINJ1,9606.ENSP00000364595,0.0,False
HALLMARK_P53_PATHWAY,BAIAP2,9606.ENSP00000316338,0.0,False
HALLMARK_P53_PATHWAY,PITPNC1,9606.ENSP00000464006,0.0,False
HALLMARK_P53_PATHWAY,ADA,9606.ENSP00000361965,0.0,False
HALLMARK_P53_PATHWAY,FAS,9606.ENSP00000498466,0.0,False
HALLMARK_P53_PATHWAY,ANKRA2,9606.ENSP00000296785,0.0,False
HALLMARK_P53_PATHWAY,CCND2,9606.ENSP00000261254,0.0,False
HALLMARK_P53_PATHWAY,CD81,9606.ENSP00000263645,0.0,False
HALLMARK_P53_PATHWAY,PTPN14,9606.ENSP00000355923,0.0,False
HALLMARK_P53_PATHWAY,BAX,9606.ENSP00000293288,0.0053475935828877,False
HALLMARK_P53_PATHWAY,DDIT4,9606.ENSP00000307305,0.0,False
HALLMARK_P53_PATHWAY,FGF13,9606.ENSP00000396198,0.0,False
HALLMARK_P53_PATHWAY,MKNK2,9606.ENSP00000250896,0.0,False
HALLMARK_P53_PATHWAY,DCXR,9606.ENSP00000303356,0.0,False
HALLMARK_P53_PATHWAY,MAPKAPK3,9606.ENSP00000396467,0.0,False
HALLMARK_P53_PATHWAY,TM7SF3,9606.ENSP00000342322,0.0,False
HALLMARK_P53_PATHWAY,OSGIN1,9606.ENSP00000355374,0.0,False
HALLMARK_P53_PATHWAY,NDRG1,9606.ENSP00000404854,0.0,False
HALLMARK_P53_PATHWAY,PHLDA3,9606.ENSP00000356280,0.0,False
HALLMARK_P53_PATHWAY,DDB2,9606.ENSP00000256996,0.0,False
HALLMARK_P53_PATHWAY,PPM1D,9606.ENSP00000306682,0.0,False
HALLMARK_P53_PATHWAY,CYFIP2,9606.ENSP00000479719,0.0,False
HALLMARK_P53_PATHWAY,KRT17,9606.ENSP00000308452,0.0,False
HALLMARK_P53_PATHWAY,KIF13B,9606.ENSP00000427900,0.0,False
HALLMARK_P53_PATHWAY,ALOX15B,9606.ENSP00000369530,0.0053475935828877,False
HALLMARK_P53_PATHWAY,MXD1,9606.ENSP00000264444,0.0,False
HALLMARK_P53_PATHWAY,H2AJ,9606.ENSP00000438553,0.0,False
HALLMARK_P53_PATHWAY,CTSF,9606.ENSP00000310832,0.0,False
HALLMARK_P53_PATHWAY,BAK1,9606.ENSP00000363591,0.0,False
HALLMARK_P53_PATHWAY,HDAC3,9606.ENSP00000302967,0.0,False
HALLMARK_PANCREAS_BETA_CELLS,NKX6-1,9606.ENSP00000295886,1.0,True
HALLMARK_PANCREAS_BETA_CELLS,INSM1,9606.ENSP00000312631,1.0,True
HALLMARK_PANCREAS_BETA_CELLS,SEC11A,9606.ENSP00000452697,1.0,True
HALLMARK_PANCREAS_BETA_CELLS,SRP14,9606.ENSP00000267884,1.0,True
HALLMARK_PANCREAS_BETA_CELLS,FOXO1,9606.ENSP00000368880,1.0,True
HALLMARK_PANCREAS_BETA_CELLS,SPCS1,9606.ENSP00000233025,1.0,True
HALLMARK_PANCREAS_BETA_CELLS,PCSK1,9606.ENSP00000308024,1.0,True
HALLMARK_PANCREAS_BETA_CELLS,MAFB,9606.ENSP00000362410,1.0,True
HALLMARK_PANCREAS_BETA_CELLS,SYT13,9606.ENSP00000020926,1.0,True
HALLMARK_PANCREAS_BETA_CELLS,AKT3,9606.ENSP00000500582,1.0,True
HALLMARK_PANCREAS_BETA_CELLS,ABCC8,9606.ENSP00000494321,1.0,True
HALLMARK_PANCREAS_BETA_CELLS,ELP4,9606.ENSP00000379267,1.0,True
HALLMARK_PANCREAS_BETA_CELLS,DPP4,9606.ENSP00000353731,1.0,True
HALLMARK_PANCREAS_BETA_CELLS,PAK3,9606.ENSP00000353864,1.0,True
HALLMARK_PANCREAS_BETA_CELLS,SRPRB,9606.ENSP00000418401,1.0,True
HALLMARK_PANCREAS_BETA_CELLS,SRP9,9606.ENSP00000305230,1.0,True
HALLMARK_PANCREAS_BETA_CELLS,SCGN,9606.ENSP00000367197,1.0,True
HALLMARK_PANCREAS_BETA_CELLS,STXBP1,9606.ENSP00000362399,1.0,True
HALLMARK_PANCREAS_BETA_CELLS,LMO2,9606.ENSP00000257818,1.0,True
HALLMARK_PEROXISOME,SLC27A2,9606.ENSP00000267842,0.010416666666666666,False
HALLMARK_PEROXISOME,IDH2,9606.ENSP00000331897,0.0,False
HALLMARK_PEROXISOME,EPHX2,9606.ENSP00000430269,0.0,False
HALLMARK_PEROXISOME,HSD17B11,9606.ENSP00000351035,0.0,False
HALLMARK_PEROXISOME,ACSL5,9606.ENSP00000348429,0.020833333333333332,False
HALLMARK_PEROXISOME,CRABP1,9606.ENSP00000299529,0.0,False
HALLMARK_PEROXISOME,MSH2,9606.ENSP00000233146,0.010416666666666666,False
HALLMARK_PEROXISOME,SIAH1,9606.ENSP00000349156,0.0,False
HALLMARK_PEROXISOME,ACSL4,9606.ENSP00000339787,0.010416666666666666,False
HALLMARK_PEROXISOME,VPS4B,9606.ENSP00000238497,0.0,False
HALLMARK_PEROXISOME,CEL,9606.ENSP00000501111,0.0,False
HALLMARK_PEROXISOME,ALDH9A1,9606.ENSP00000346827,0.0,False
HALLMARK_PEROXISOME,CDK7,9606.ENSP00000256443,0.0,False
HALLMARK_PEROXISOME,ABCB1,9606.ENSP00000478255,0.0,False
HALLMARK_PEROXISOME,CRAT,9606.ENSP00000315013,0.0,False
HALLMARK_PEROXISOME,CLN8,9606.ENSP00000328182,0.0,False
HALLMARK_PEROXISOME,SEMA3C,9606.ENSP00000265361,0.0,False
HALLMARK_PEROXISOME,HSD17B4,9606.ENSP00000411960,0.0,False
HALLMARK_PEROXISOME,HSD3B7,9606.ENSP00000297679,0.0,False
HALLMARK_PEROXISOME,IDI1,9606.ENSP00000370748,0.0,False
HALLMARK_PEROXISOME,CLN6,9606.ENSP00000249806,0.0,False
HALLMARK_PEROXISOME,DHCR24,9606.ENSP00000360316,0.0,False
HALLMARK_PEROXISOME,ABCD2,9606.ENSP00000310688,0.0,False
HALLMARK_PEROXISOME,HMGCL,9606.ENSP00000363614,0.0,False
HALLMARK_PEROXISOME,DLG4,9606.ENSP00000497806,0.0,False
HALLMARK_PEROXISOME,MLYCD,9606.ENSP00000262430,0.0,False
HALLMARK_PEROXISOME,SLC35B2,9606.ENSP00000377401,0.0,False
HALLMARK_PEROXISOME,SLC23A2,9606.ENSP00000368637,0.0,False
HALLMARK_PEROXISOME,TSPO,9606.ENSP00000379563,0.0,False
HALLMARK_PEROXISOME,IDE,9606.ENSP00000265986,0.0,False
HALLMARK_PEROXISOME,ERCC3,9606.ENSP00000285398,0.0,False
HALLMARK_PEROXISOME,EHHADH,9606.ENSP00000231887,0.0,False
HALLMARK_PEROXISOME,ABCD3,9606.ENSP00000359233,0.020833333333333332,False
HALLMARK_PEROXISOME,PEX13,9606.ENSP00000295030,0.010416666666666666,False
HALLMARK_PEROXISOME,ALB,9606.ENSP00000295897,0.0,False
HALLMARK_PEROXISOME,ATXN1,9606.ENSP00000244769,0.0,False
HALLMARK_PEROXISOME,GNPAT,9606.ENSP00000355607,0.010416666666666666,False
HALLMARK_PEROXISOME,ECI2,9606.ENSP00000369461,0.0,False
HALLMARK_PEROXISOME,ABCB9,9606.ENSP00000440288,0.0,False
HALLMARK_PEROXISOME,SULT2B1,9606.ENSP00000201586,0.010416666666666666,False
HALLMARK_PEROXISOME,RETSAT,9606.ENSP00000295802,0.0,False
HALLMARK_PEROXISOME,DHRS3,9606.ENSP00000480439,0.0,False
HALLMARK_PEROXISOME,SERPINA6,9606.ENSP00000342850,0.0,False
HALLMARK_PEROXISOME,PRDX1,9606.ENSP00000262746,0.0,False
HALLMARK_PEROXISOME,PEX2,9606.ENSP00000349543,0.010416666666666666,False
HALLMARK_PEROXISOME,ERCC1,9606.ENSP00000013807,0.010416666666666666,False
HALLMARK_PEROXISOME,FABP6,9606.ENSP00000377549,0.0,False
HALLMARK_PEROXISOME,FIS1,9606.ENSP00000223136,0.0,False
HALLMARK_PEROXISOME,BCL10,9606.ENSP00000498104,0.0,False
HALLMARK_PEROXISOME,SLC25A17,9606.ENSP00000390722,0.0,False
HALLMARK_PEROXISOME,CAT,9606.ENSP00000241052,0.0,False
HALLMARK_PEROXISOME,ACSL1,9606.ENSP00000422607,0.0,False
HALLMARK_PEROXISOME,SLC25A19,9606.ENSP00000385312,0.0,False
HALLMARK_PEROXISOME,PEX6,9606.ENSP00000303511,0.010416666666666666,False
HALLMARK_PEROXISOME,CNBP,9606.ENSP00000410769,0.0,False
HALLMARK_PEROXISOME,DIO1,9606.ENSP00000354643,0.0,False
HALLMARK_PEROXISOME,UGT2B17,9606.ENSP00000320401,0.0,False
HALLMARK_PEROXISOME,SCP2,9606.ENSP00000360569,0.020833333333333332,False
HALLMARK_PEROXISOME,LONP2,9606.ENSP00000285737,0.0,False
HALLMARK_PEROXISOME,ELOVL5,9606.ENSP00000359956,0.0,False
HALLMARK_PEROXISOME,CRABP2,9606.ENSP00000482841,0.0,False
HALLMARK_PEROXISOME,PEX11B,9606.ENSP00000358312,0.010416666666666666,False
HALLMARK_PEROXISOME,CADM1,9606.ENSP00000329797,0.0,False
HALLMARK_PEROXISOME,PEX11A,9606.ENSP00000300056,0.010416666666666666,False
HALLMARK_PEROXISOME,PEX14,9606.ENSP00000349016,0.020833333333333332,False
HALLMARK_PEROXISOME,STS,9606.ENSP00000217961,0.010416666666666666,False
HALLMARK_PEROXISOME,PABPC1,9606.ENSP00000313007,0.0,False
HALLMARK_PEROXISOME,ABCC8,9606.ENSP00000494321,0.0,False
HALLMARK_PEROXISOME,CTBP1,9606.ENSP00000290921,0.0,False
HALLMARK_PEROXISOME,ALDH1A1,9606.ENSP00000297785,0.0,False
HALLMARK_PEROXISOME,HSD11B2,9606.ENSP00000316786,0.0,False
HALLMARK_PEROXISOME,ABCC5,9606.ENSP00000333926,0.0,False
HALLMARK_PEROXISOME,IDH1,9606.ENSP00000390265,0.0,False
HALLMARK_PEROXISOME,HRAS,9606.ENSP00000407586,0.0,False
HALLMARK_PEROXISOME,ACAA1,9606.ENSP00000333664,0.020833333333333332,False
HALLMARK_PEROXISOME,FADS1,9606.ENSP00000322229,0.0,False
HALLMARK_PEROXISOME,PEX5,9606.ENSP00000391601,0.0,False
HALLMARK_PEROXISOME,CTPS1,9606.ENSP00000497744,0.0,False
HALLMARK_PEROXISOME,MVP,9606.ENSP00000378760,0.0,False
HALLMARK_PEROXISOME,NUDT19,9606.ENSP00000380251,0.0,False
HALLMARK_PEROXISOME,YWHAH,9606.ENSP00000248975,0.0,False
HALLMARK_PEROXISOME,ISOC1,9606.ENSP00000173527,0.0,False
HALLMARK_PEROXISOME,PRDX5,9606.ENSP00000265462,0.010416666666666666,False
HALLMARK_PEROXISOME,FDPS,9606.ENSP00000349078,0.0,False
HALLMARK_PEROXISOME,GSTK1,9606.ENSP00000431049,0.0,False
HALLMARK_PEROXISOME,SOD1,9606.ENSP00000270142,0.010416666666666666,False
HALLMARK_PEROXISOME,ITGB1BP1,9606.ENSP00000353850,0.0,False
HALLMARK_PEROXISOME,ABCD1,9606.ENSP00000218104,0.0,False
HALLMARK_PEROXISOME,SLC25A4,9606.ENSP00000281456,0.0,False
HALLMARK_PEROXISOME,ABCB4,9606.ENSP00000265723,0.0,False
HALLMARK_PEROXISOME,TOP2A,9606.ENSP00000411532,0.0,False
HALLMARK_PEROXISOME,RDH11,9606.ENSP00000370750,0.0,False
HALLMARK_PEROXISOME,ECH1,9606.ENSP00000221418,0.0,False
HALLMARK_PEROXISOME,SMARCC1,9606.ENSP00000254480,0.0,False
HALLMARK_PEROXISOME,ACOT8,9606.ENSP00000217455,0.0,False
HALLMARK_PEROXISOME,ACOX1,9606.ENSP00000293217,0.020833333333333332,False
HALLMARK_PEROXISOME,SOD2,9606.ENSP00000446252,0.0,False
HALLMARK_PI3K_AKT_MTOR_SIGNALING,RALB,9606.ENSP00000272519,0.0,False
HALLMARK_PI3K_AKT_MTOR_SIGNALING,ATF1,9606.ENSP00000262053,0.0,False
HALLMARK_PI3K_AKT_MTOR_SIGNALING,ITPR2,9606.ENSP00000370744,0.0,False
HALLMARK_PI3K_AKT_MTOR_SIGNALING,AP2M1,9606.ENSP00000403362,0.0,False
HALLMARK_PI3K_AKT_MTOR_SIGNALING,CLTC,9606.ENSP00000479606,0.0,False
HALLMARK_PI3K_AKT_MTOR_SIGNALING,RPS6KA1,9606.ENSP00000435412,0.010309278350515464,False
HALLMARK_PI3K_AKT_MTOR_SIGNALING,DAPP1,9606.ENSP00000423602,0.0,False
HALLMARK_PI3K_AKT_MTOR_SIGNALING,TRIB3,9606.ENSP00000415416,0.020618556701030927,False
HALLMARK_PI3K_AKT_MTOR_SIGNALING,MAP2K3,9606.ENSP00000345083,0.0,False
HALLMARK_PI3K_AKT_MTOR_SIGNALING,CDKN1B,9606.ENSP00000228872,0.020618556701030927,False
HALLMARK_PI3K_AKT_MTOR_SIGNALING,CAB39L,9606.ENSP00000479669,0.0,False
HALLMARK_PI3K_AKT_MTOR_SIGNALING,STAT2,9606.ENSP00000315768,0.0,False
HALLMARK_PI3K_AKT_MTOR_SIGNALING,PRKAR2A,9606.ENSP00000265563,0.0,False
HALLMARK_PI3K_AKT_MTOR_SIGNALING,TIAM1,9606.ENSP00000286827,0.0,False
HALLMARK_PI3K_AKT_MTOR_SIGNALING,PLCB1,9606.ENSP00000338185,0.0,False
HALLMARK_PI3K_AKT_MTOR_SIGNALING,NCK1,9606.ENSP00000417273,0.020618556701030927,False
HALLMARK_PI3K_AKT_MTOR_SIGNALING,TSC2,9606.ENSP00000219476,0.020618556701030927,False
HALLMARK_PI3K_AKT_MTOR_SIGNALING,IL2RG,9606.ENSP00000363318,0.0,False
HALLMARK_PI3K_AKT_MTOR_SIGNALING,CFL1,9606.ENSP00000432660,0.010309278350515464,False
HALLMARK_PI3K_AKT_MTOR_SIGNALING,PPP2R1B,9606.ENSP00000311344,0.0,False
HALLMARK_PI3K_AKT_MTOR_SIGNALING,PFN1,9606.ENSP00000225655,0.0,False
HALLMARK_PI3K_AKT_MTOR_SIGNALING,CSNK2B,9606.ENSP00000365042,0.0,False
HALLMARK_PI3K_AKT_MTOR_SIGNALING,SLA,9606.ENSP00000394049,0.0,False
HALLMARK_PI3K_AKT_MTOR_SIGNALING,LCK,9606.ENSP00000477713,0.010309278350515464,False
HALLMARK_PI3K_AKT_MTOR_SIGNALING,PLA2G12A,9606.ENSP00000243501,0.0,False
HALLMARK_PI3K_AKT_MTOR_SIGNALING,MAP3K7,9606.ENSP00000358335,0.010309278350515464,False
HALLMARK_PI3K_AKT_MTOR_SIGNALING,AKT1,9606.ENSP00000451828,0.061855670103092786,False
HALLMARK_PI3K_AKT_MTOR_SIGNALING,SLC2A1,9606.ENSP00000416293,0.010309278350515464,False
HALLMARK_PI3K_AKT_MTOR_SIGNALING,CDK2,9606.ENSP00000266970,0.0,False
HALLMARK_PI3K_AKT_MTOR_SIGNALING,MAPKAP1,9606.ENSP00000265960,0.0,False
HALLMARK_PI3K_AKT_MTOR_SIGNALING,RAF1,9606.ENSP00000401888,0.020618556701030927,False
HALLMARK_PI3K_AKT_MTOR_SIGNALING,NOD1,9606.ENSP00000222823,0.0,False
HALLMARK_PI3K_AKT_MTOR_SIGNALING,PIKFYVE,9606.ENSP00000264380,0.010309278350515464,False
HALLMARK_PI3K_AKT_MTOR_SIGNALING,PTEN,9606.ENSP00000361021,0.0,False
HALLMARK_PI3K_AKT_MTOR_SIGNALING,MAPK9,9606.ENSP00000394560,0.010309278350515464,False
HALLMARK_PI3K_AKT_MTOR_SIGNALING,EGFR,9606.ENSP00000275493,0.010309278350515464,False
HALLMARK_PI3K_AKT_MTOR_SIGNALING,ACACA,9606.ENSP00000483300,0.0,False
HALLMARK_PI3K_AKT_MTOR_SIGNALING,PPP1CA,9606.ENSP00000326031,0.0,False
HALLMARK_PI3K_AKT_MTOR_SIGNALING,ARHGDIA,9606.ENSP00000463939,0.0,False
HALLMARK_PI3K_AKT_MTOR_SIGNALING,SFN,9606.ENSP00000340989,0.0,False
HALLMARK_PI3K_AKT_MTOR_SIGNALING,CALR,9606.ENSP00000320866,0.0,False
HALLMARK_PI3K_AKT_MTOR_SIGNALING,PAK4,9606.ENSP00000469413,0.0,False
HALLMARK_PI3K_AKT_MTOR_SIGNALING,ARF1,9606.ENSP00000440005,0.0,False
HALLMARK_PI3K_AKT_MTOR_SIGNALING,NFKBIB,9606.ENSP00000312988,0.0,False
HALLMARK_PI3K_AKT_MTOR_SIGNALING,RPTOR,9606.ENSP00000307272,0.010309278350515464,False
HALLMARK_PI3K_AKT_MTOR_SIGNALING,IRAK4,9606.ENSP00000479889,0.010309278350515464,False
HALLMARK_PI3K_AKT_MTOR_SIGNALING,RIPK1,9606.ENSP00000259808,0.010309278350515464,False
HALLMARK_PI3K_AKT_MTOR_SIGNALING,ACTR3,9606.ENSP00000263238,0.0,False
HALLMARK_PI3K_AKT_MTOR_SIGNALING,RAC1,9606.ENSP00000348461,0.0,False
HALLMARK_PI3K_AKT_MTOR_SIGNALING,DDIT3,9606.ENSP00000448665,0.010309278350515464,False
HALLMARK_PI3K_AKT_MTOR_SIGNALING,ARPC3,9606.ENSP00000228825,0.0,False
HALLMARK_PI3K_AKT_MTOR_SIGNALING,AKT1S1,9606.ENSP00000375711,0.010309278350515464,False
HALLMARK_PI3K_AKT_MTOR_SIGNALING,VAV3,9606.ENSP00000359073,0.0,False
HALLMARK_PI3K_AKT_MTOR_SIGNALING,E2F1,9606.ENSP00000345571,0.0,False
HALLMARK_PI3K_AKT_MTOR_SIGNALING,TRAF2,9606.ENSP00000247668,0.020618556701030927,False
HALLMARK_PI3K_AKT_MTOR_SIGNALING,YWHAB,9606.ENSP00000361930,0.010309278350515464,False
HALLMARK_PI3K_AKT_MTOR_SIGNALING,HSP90B1,9606.ENSP00000299767,0.010309278350515464,False
HALLMARK_PI3K_AKT_MTOR_SIGNALING,NGF,9606.ENSP00000358525,0.0,False
HALLMARK_PI3K_AKT_MTOR_SIGNALING,PRKAG1,9606.ENSP00000323867,0.010309278350515464,False
HALLMARK_PI3K_AKT_MTOR_SIGNALING,PLCG1,9606.ENSP00000244007,0.010309278350515464,False
HALLMARK_PI3K_AKT_MTOR_SIGNALING,MAP2K6,9606.ENSP00000468348,0.0,False
HALLMARK_PI3K_AKT_MTOR_SIGNALING,MKNK1,9606.ENSP00000498083,0.0,False
HALLMARK_PI3K_AKT_MTOR_SIGNALING,UBE2D3,9606.ENSP00000349722,0.0,False
HALLMARK_PI3K_AKT_MTOR_SIGNALING,UBE2N,9606.ENSP00000316176,0.0,False
HALLMARK_PI3K_AKT_MTOR_SIGNALING,GSK3B,9606.ENSP00000324806,0.0,False
HALLMARK_PI3K_AKT_MTOR_SIGNALING,GRB2,9606.ENSP00000376345,0.0,False
HALLMARK_PI3K_AKT_MTOR_SIGNALING,RPS6KA3,9606.ENSP00000368884,0.0,False
HALLMARK_PI3K_AKT_MTOR_SIGNALING,CDK1,9606.ENSP00000378699,0.010309278350515464,False
HALLMARK_PI3K_AKT_MTOR_SIGNALING,CAB39,9606.ENSP00000258418,0.0,False
HALLMARK_PI3K_AKT_MTOR_SIGNALING,MAPK8,9606.ENSP00000378974,0.020618556701030927,False
HALLMARK_PI3K_AKT_MTOR_SIGNALING,PRKCB,9606.ENSP00000496129,0.0,False
HALLMARK_PI3K_AKT_MTOR_SIGNALING,HRAS,9606.ENSP00000407586,0.030927835051546393,False
HALLMARK_PI3K_AKT_MTOR_SIGNALING,CDKN1A,9606.ENSP00000384849,0.020618556701030927,False
HALLMARK_PI3K_AKT_MTOR_SIGNALING,ECSIT,9606.ENSP00000270517,0.0,False
HALLMARK_PI3K_AKT_MTOR_SIGNALING,PTPN11,9606.ENSP00000489597,0.010309278350515464,False
HALLMARK_PI3K_AKT_MTOR_SIGNALING,SMAD2,9606.ENSP00000262160,0.0,False
HALLMARK_PI3K_AKT_MTOR_SIGNALING,CDK4,9606.ENSP00000257904,0.0,False
HALLMARK_PI3K_AKT_MTOR_SIGNALING,THEM4,9606.ENSP00000357804,0.0,False
HALLMARK_PI3K_AKT_MTOR_SIGNALING,MYD88,9606.ENSP00000498321,0.010309278350515464,False
HALLMARK_PI3K_AKT_MTOR_SIGNALING,CXCR4,9606.ENSP00000386884,0.0,False
HALLMARK_PI3K_AKT_MTOR_SIGNALING,PDK1,9606.ENSP00000376352,0.0,False
HALLMARK_PI3K_AKT_MTOR_SIGNALING,TNFRSF1A,9606.ENSP00000162749,0.0,False
HALLMARK_PI3K_AKT_MTOR_SIGNALING,GNA14,9606.ENSP00000365807,0.0,False
HALLMARK_PI3K_AKT_MTOR_SIGNALING,GRK2,9606.ENSP00000312262,0.0,False
HALLMARK_PI3K_AKT_MTOR_SIGNALING,MAPK1,9606.ENSP00000215832,0.041237113402061855,False
HALLMARK_PI3K_AKT_MTOR_SIGNALING,PRKAA2,9606.ENSP00000360290,0.010309278350515464,False
HALLMARK_PI3K_AKT_MTOR_SIGNALING,TBK1,9606.ENSP00000329967,0.0,False
HALLMARK_PI3K_AKT_MTOR_SIGNALING,EIF4E,9606.ENSP00000425561,0.010309278350515464,False
HALLMARK_PI3K_AKT_MTOR_SIGNALING,PIK3R3,9606.ENSP00000262741,0.020618556701030927,False
HALLMARK_PI3K_AKT_MTOR_SIGNALING,CAMK4,9606.ENSP00000282356,0.0,False
HALLMARK_PI3K_AKT_MTOR_SIGNALING,FASLG,9606.ENSP00000356694,0.0,False
HALLMARK_PI3K_AKT_MTOR_SIGNALING,PIN1,9606.ENSP00000247970,0.0,False
HALLMARK_PI3K_AKT_MTOR_SIGNALING,MKNK2,9606.ENSP00000250896,0.0,False
HALLMARK_PI3K_AKT_MTOR_SIGNALING,ACTR2,9606.ENSP00000367220,0.0,False
HALLMARK_PI3K_AKT_MTOR_SIGNALING,ADCY2,9606.ENSP00000342952,0.0,False
HALLMARK_PI3K_AKT_MTOR_SIGNALING,DUSP3,9606.ENSP00000226004,0.010309278350515464,False
HALLMARK_PI3K_AKT_MTOR_SIGNALING,RIT1,9606.ENSP00000357305,0.0,False
HALLMARK_PI3K_AKT_MTOR_SIGNALING,SQSTM1,9606.ENSP00000374455,0.0,False
HALLMARK_PROTEIN_SECRETION,AP3S1,9606.ENSP00000325369,0.0,False
HALLMARK_PROTEIN_SECRETION,VPS4B,9606.ENSP00000238497,0.0,False
HALLMARK_PROTEIN_SECRETION,AP2M1,9606.ENSP00000403362,0.0,False
HALLMARK_PROTEIN_SECRETION,CLTC,9606.ENSP00000479606,0.031914893617021274,False
HALLMARK_PROTEIN_SECRETION,COG2,9606.ENSP00000355629,0.010638297872340425,False
HALLMARK_PROTEIN_SECRETION,COPE,9606.ENSP00000469035,0.010638297872340425,False
HALLMARK_PROTEIN_SECRETION,USO1,9606.ENSP00000264904,0.0425531914893617,False
HALLMARK_PROTEIN_SECRETION,ANP32E,9606.ENSP00000463154,0.0,False
HALLMARK_PROTEIN_SECRETION,LMAN1,9606.ENSP00000251047,0.031914893617021274,False
HALLMARK_PROTEIN_SECRETION,MON2,9606.ENSP00000377250,0.0,False
HALLMARK_PROTEIN_SECRETION,VPS45,9606.ENSP00000495563,0.0,False
HALLMARK_PROTEIN_SECRETION,SEC24D,9606.ENSP00000280551,0.0,False
HALLMARK_PROTEIN_SECRETION,VAMP7,9606.ENSP00000262640,0.02127659574468085,False
HALLMARK_PROTEIN_SECRETION,GALC,9606.ENSP00000261304,0.0,False
HALLMARK_PROTEIN_SECRETION,SGMS1,9606.ENSP00000354829,0.0,False
HALLMARK_PROTEIN_SECRETION,SSPN,9606.ENSP00000242729,0.0,False
HALLMARK_PROTEIN_SECRETION,CLN5,9606.ENSP00000498772,0.010638297872340425,False
HALLMARK_PROTEIN_SECRETION,SCRN1,9606.ENSP00000388942,0.0,False
HALLMARK_PROTEIN_SECRETION,ARCN1,9606.ENSP00000264028,0.0425531914893617,False
HALLMARK_PROTEIN_SECRETION,RAB9A,9606.ENSP00000420127,0.0,False
HALLMARK_PROTEIN_SECRETION,OCRL,9606.ENSP00000360154,0.0,False
HALLMARK_PROTEIN_SECRETION,TSPAN8,9606.ENSP00000377003,0.0,False
HALLMARK_PROTEIN_SECRETION,RAB5A,9606.ENSP00000273047,0.010638297872340425,False
HALLMARK_PROTEIN_SECRETION,GNAS,9606.ENSP00000360141,0.010638297872340425,False
HALLMARK_PROTEIN_SECRETION,SNX2,9606.ENSP00000368831,0.0,False
HALLMARK_PROTEIN_SECRETION,ICA1,9606.ENSP00000403982,0.0,False
HALLMARK_PROTEIN_SECRETION,CTSC,9606.ENSP00000227266,0.0,False
HALLMARK_PROTEIN_SECRETION,RAB2A,9606.ENSP00000262646,0.0,False
HALLMARK_PROTEIN_SECRETION,ABCA1,9606.ENSP00000363868,0.0,False
HALLMARK_PROTEIN_SECRETION,NAPG,9606.ENSP00000324628,0.0,False
HALLMARK_PROTEIN_SECRETION,KRT18,9606.ENSP00000373489,0.0,False
HALLMARK_PROTEIN_SECRETION,TMED2,9606.ENSP00000262225,0.02127659574468085,False
HALLMARK_PROTEIN_SECRETION,EGFR,9606.ENSP00000275493,0.010638297872340425,False
HALLMARK_PROTEIN_SECRETION,SNAP23,9606.ENSP00000249647,0.02127659574468085,False
HALLMARK_PROTEIN_SECRETION,CLTA,9606.ENSP00000242285,0.0,False
HALLMARK_PROTEIN_SECRETION,AP1G1,9606.ENSP00000377148,0.0,False
HALLMARK_PROTEIN_SECRETION,ATP6V1H,9606.ENSP00000352522,0.0,False
HALLMARK_PROTEIN_SECRETION,M6PR,9606.ENSP00000000412,0.0,False
HALLMARK_PROTEIN_SECRETION,GLA,9606.ENSP00000218516,0.0,False
HALLMARK_PROTEIN_SECRETION,VAMP4,9606.ENSP00000236192,0.031914893617021274,False
HALLMARK_PROTEIN_SECRETION,RAB22A,9606.ENSP00000244040,0.0,False
HALLMARK_PROTEIN_SECRETION,ARF1,9606.ENSP00000440005,0.0,False
HALLMARK_PROTEIN_SECRETION,STX7,9606.ENSP00000356918,0.010638297872340425,False
HALLMARK_PROTEIN_SECRETION,BNIP3,9606.ENSP00000357625,0.0,False
HALLMARK_PROTEIN_SECRETION,TSG101,9606.ENSP00000251968,0.0,False
HALLMARK_PROTEIN_SECRETION,STX12,9606.ENSP00000363054,0.0,False
HALLMARK_PROTEIN_SECRETION,TMX1,9606.ENSP00000393316,0.0,False
HALLMARK_PROTEIN_SECRETION,CD63,9606.ENSP00000447730,0.010638297872340425,False
HALLMARK_PROTEIN_SECRETION,CLCN3,9606.ENSP00000261514,0.0,False
HALLMARK_PROTEIN_SECRETION,SEC22B,9606.ENSP00000463393,0.010638297872340425,False
HALLMARK_PROTEIN_SECRETION,ADAM10,9606.ENSP00000260408,0.0,False
HALLMARK_PROTEIN_SECRETION,STAM,9606.ENSP00000366746,0.0,False
HALLMARK_PROTEIN_SECRETION,SCAMP1,9606.ENSP00000481022,0.0,False
HALLMARK_PROTEIN_SECRETION,AP2B1,9606.ENSP00000483185,0.02127659574468085,False
HALLMARK_PROTEIN_SECRETION,RER1,9606.ENSP00000475168,0.0,False
HALLMARK_PROTEIN_SECRETION,PPT1,9606.ENSP00000493153,0.010638297872340425,False
HALLMARK_PROTEIN_SECRETION,AP3B1,9606.ENSP00000255194,0.0,False
HALLMARK_PROTEIN_SECRETION,AP2S1,9606.ENSP00000470176,0.02127659574468085,False
HALLMARK_PROTEIN_SECRETION,TPD52,9606.ENSP00000429309,0.0,False
HALLMARK_PROTEIN_SECRETION,RAB14,9606.ENSP00000362946,0.0,False
HALLMARK_PROTEIN_SECRETION,ARFIP1,9606.ENSP00000296557,0.0,False
HALLMARK_PROTEIN_SECRETION,ATP6V1B1,9606.ENSP00000234396,0.0,False
HALLMARK_PROTEIN_SECRETION,GBF1,9606.ENSP00000359000,0.0,False
HALLMARK_PROTEIN_SECRETION,TOM1L1,9606.ENSP00000460823,0.010638297872340425,False
HALLMARK_PROTEIN_SECRETION,RPS6KA3,9606.ENSP00000368884,0.0,False
HALLMARK_PROTEIN_SECRETION,LAMP2,9606.ENSP00000408411,0.010638297872340425,False
HALLMARK_PROTEIN_SECRETION,ATP1A1,9606.ENSP00000445306,0.0,False
HALLMARK_PROTEIN_SECRETION,BET1,9606.ENSP00000222547,0.031914893617021274,False
HALLMARK_PROTEIN_SECRETION,ZW10,9606.ENSP00000200135,0.0,False
HALLMARK_PROTEIN_SECRETION,KIF1B,9606.ENSP00000263934,0.0,False
HALLMARK_PROTEIN_SECRETION,YIPF6,9606.ENSP00000417573,0.0,False
HALLMARK_PROTEIN_SECRETION,ARFGEF2,9606.ENSP00000360985,0.0,False
HALLMARK_PROTEIN_SECRETION,ERGIC3,9606.ENSP00000349970,0.0,False
HALLMARK_PROTEIN_SECRETION,VAMP3,9606.ENSP00000054666,0.031914893617021274,False
HALLMARK_PROTEIN_SECRETION,DOP1A,9606.ENSP00000237163,0.0,False
HALLMARK_PROTEIN_SECRETION,ARFGAP3,9606.ENSP00000263245,0.02127659574468085,False
HALLMARK_PROTEIN_SECRETION,DST,9606.ENSP00000307959,0.0,False
HALLMARK_PROTEIN_SECRETION,GOLGA4,9606.ENSP00000349305,0.0,False
HALLMARK_PROTEIN_SECRETION,TMED10,9606.ENSP00000303145,0.0,False
HALLMARK_PROTEIN_SECRETION,STX16,9606.ENSP00000360183,0.031914893617021274,False
HALLMARK_PROTEIN_SECRETION,CAV2,9606.ENSP00000222693,0.0,False
HALLMARK_PROTEIN_SECRETION,ARFGEF1,9606.ENSP00000262215,0.0,False
HALLMARK_PROTEIN_SECRETION,SOD1,9606.ENSP00000270142,0.0,False
HALLMARK_PROTEIN_SECRETION,MAPK1,9606.ENSP00000215832,0.0,False
HALLMARK_PROTEIN_SECRETION,IGF2R,9606.ENSP00000349437,0.0,False
HALLMARK_PROTEIN_SECRETION,ATP7A,9606.ENSP00000345728,0.0,False
HALLMARK_PROTEIN_SECRETION,PAM,9606.ENSP00000306100,0.0,False
HALLMARK_PROTEIN_SECRETION,NAPA,9606.ENSP00000263354,0.031914893617021274,False
HALLMARK_PROTEIN_SECRETION,YKT6,9606.ENSP00000223369,0.031914893617021274,False
HALLMARK_PROTEIN_SECRETION,SCAMP3,9606.ENSP00000307275,0.0,False
HALLMARK_PROTEIN_SECRETION,COPB1,9606.ENSP00000249923,0.0425531914893617,False
HALLMARK_PROTEIN_SECRETION,DNM1L,9606.ENSP00000449089,0.0,False
HALLMARK_PROTEIN_SECRETION,COPB2,9606.ENSP00000329419,0.0,False
HALLMARK_PROTEIN_SECRETION,GOSR2,9606.ENSP00000461784,0.02127659574468085,False
HALLMARK_PROTEIN_SECRETION,SEC31A,9606.ENSP00000378721,0.0,False
HALLMARK_REACTIVE_OXYGEN_SPECIES_PATHWAY,GCLC,9606.ENSP00000497574,0.0,False
HALLMARK_REACTIVE_OXYGEN_SPECIES_PATHWAY,HHEX,9606.ENSP00000282728,0.0,False
HALLMARK_REACTIVE_OXYGEN_SPECIES_PATHWAY,GSR,9606.ENSP00000221130,0.0,False
HALLMARK_REACTIVE_OXYGEN_SPECIES_PATHWAY,TXNRD1,9606.ENSP00000434516,0.0,False
HALLMARK_REACTIVE_OXYGEN_SPECIES_PATHWAY,GLRX2,9606.ENSP00000356410,0.0,False
HALLMARK_REACTIVE_OXYGEN_SPECIES_PATHWAY,ATOX1,9606.ENSP00000430598,0.0,False
HALLMARK_REACTIVE_OXYGEN_SPECIES_PATHWAY,SCAF4,9606.ENSP00000286835,0.0,False
HALLMARK_REACTIVE_OXYGEN_SPECIES_PATHWAY,SBNO2,9606.ENSP00000354733,0.0,False
HALLMARK_REACTIVE_OXYGEN_SPECIES_PATHWAY,STK25,9606.ENSP00000325748,0.0,False
HALLMARK_REACTIVE_OXYGEN_SPECIES_PATHWAY,PDLIM1,9606.ENSP00000360305,0.0,False
HALLMARK_REACTIVE_OXYGEN_SPECIES_PATHWAY,PRDX2,9606.ENSP00000301522,0.0,False
HALLMARK_REACTIVE_OXYGEN_SPECIES_PATHWAY,ABCC1,9606.ENSP00000382342,0.0,False
HALLMARK_REACTIVE_OXYGEN_SPECIES_PATHWAY,G6PD,9606.ENSP00000377192,0.0,False
HALLMARK_REACTIVE_OXYGEN_SPECIES_PATHWAY,GCLM,9606.ENSP00000359258,0.0,False
HALLMARK_REACTIVE_OXYGEN_SPECIES_PATHWAY,IPCEF1,9606.ENSP00000394751,0.0,False
HALLMARK_REACTIVE_OXYGEN_SPECIES_PATHWAY,PRNP,9606.ENSP00000399376,0.0,False
HALLMARK_REACTIVE_OXYGEN_SPECIES_PATHWAY,SOD1,9606.ENSP00000270142,0.0,False
HALLMARK_REACTIVE_OXYGEN_SPECIES_PATHWAY,NDUFS2,9606.ENSP00000356972,0.0,False
HALLMARK_REACTIVE_OXYGEN_SPECIES_PATHWAY,PRDX6,9606.ENSP00000342026,0.021739130434782608,False
HALLMARK_REACTIVE_OXYGEN_SPECIES_PATHWAY,GPX3,9606.ENSP00000373477,0.06521739130434782,False
HALLMARK_REACTIVE_OXYGEN_SPECIES_PATHWAY,FES,9606.ENSP00000331504,0.0,False
HALLMARK_REACTIVE_OXYGEN_SPECIES_PATHWAY,LSP1,9606.ENSP00000371194,0.0,False
HALLMARK_REACTIVE_OXYGEN_SPECIES_PATHWAY,MGST1,9606.ENSP00000379512,0.0,False
HALLMARK_REACTIVE_OXYGEN_SPECIES_PATHWAY,HMOX2,9606.ENSP00000477572,0.0,False
HALLMARK_REACTIVE_OXYGEN_SPECIES_PATHWAY,PFKP,9606.ENSP00000370517,0.0,False
HALLMARK_REACTIVE_OXYGEN_SPECIES_PATHWAY,TXNRD2,9606.ENSP00000383365,0.021739130434782608,False
HALLMARK_REACTIVE_OXYGEN_SPECIES_PATHWAY,JUNB,9606.ENSP00000303315,0.0,False
HALLMARK_REACTIVE_OXYGEN_SPECIES_PATHWAY,PRDX1,9606.ENSP00000262746,0.0,False
HALLMARK_REACTIVE_OXYGEN_SPECIES_PATHWAY,MBP,9606.ENSP00000380958,0.0,False
HALLMARK_REACTIVE_OXYGEN_SPECIES_PATHWAY,LAMTOR5,9606.ENSP00000256644,0.0,False
HALLMARK_REACTIVE_OXYGEN_SPECIES_PATHWAY,PRDX4,9606.ENSP00000368646,0.043478260869565216,False
HALLMARK_REACTIVE_OXYGEN_SPECIES_PATHWAY,SELENOS,9606.ENSP00000381282,0.021739130434782608,False
HALLMARK_REACTIVE_OXYGEN_SPECIES_PATHWAY,CDKN2D,9606.ENSP00000377224,0.0,False
HALLMARK_REACTIVE_OXYGEN_SPECIES_PATHWAY,MSRA,9606.ENSP00000313921,0.0,False
HALLMARK_REACTIVE_OXYGEN_SPECIES_PATHWAY,NDUFB4,9606.ENSP00000184266,0.0,False
HALLMARK_REACTIVE_OXYGEN_SPECIES_PATHWAY,PTPA,9606.ENSP00000377036,0.0,False
HALLMARK_REACTIVE_OXYGEN_SPECIES_PATHWAY,EGLN2,9606.ENSP00000469686,0.0,False
HALLMARK_REACTIVE_OXYGEN_SPECIES_PATHWAY,FTL,9606.ENSP00000366525,0.0,False
HALLMARK_REACTIVE_OXYGEN_SPECIES_PATHWAY,TXN,9606.ENSP00000363641,0.06521739130434782,False
HALLMARK_REACTIVE_OXYGEN_SPECIES_PATHWAY,CAT,9606.ENSP00000241052,0.0,False
HALLMARK_REACTIVE_OXYGEN_SPECIES_PATHWAY,GLRX,9606.ENSP00000369314,0.043478260869565216,False
HALLMARK_REACTIVE_OXYGEN_SPECIES_PATHWAY,ERCC2,9606.ENSP00000375809,0.0,False
HALLMARK_REACTIVE_OXYGEN_SPECIES_PATHWAY,GPX4,9606.ENSP00000346103,0.021739130434782608,False
HALLMARK_REACTIVE_OXYGEN_SPECIES_PATHWAY,NQO1,9606.ENSP00000319788,0.0,False
HALLMARK_REACTIVE_OXYGEN_SPECIES_PATHWAY,OXSR1,9606.ENSP00000311713,0.0,False
HALLMARK_REACTIVE_OXYGEN_SPECIES_PATHWAY,NDUFA6,9606.ENSP00000482543,0.0,False
HALLMARK_REACTIVE_OXYGEN_SPECIES_PATHWAY,SOD2,9606.ENSP00000446252,0.0,False
HALLMARK_SPERMATOGENESIS,HSPA2,9606.ENSP00000378199,0.0,False
HALLMARK_SPERMATOGENESIS,JAM3,9606.ENSP00000299106,0.0,False
HALLMARK_SPERMATOGENESIS,GMCL1,9606.ENSP00000282570,0.0,False
HALLMARK_SPERMATOGENESIS,NCAPH,9606.ENSP00000240423,0.011494252873563218,False
HALLMARK_SPERMATOGENESIS,SLC12A2,9606.ENSP00000262461,0.0,False
HALLMARK_SPERMATOGENESIS,ELOVL3,9606.ENSP00000359022,0.0,False
HALLMARK_SPERMATOGENESIS,AURKA,9606.ENSP00000216911,0.011494252873563218,False
HALLMARK_SPERMATOGENESIS,GSTM3,9606.ENSP00000354357,0.0,False
HALLMARK_SPERMATOGENESIS,CDKN3,9606.ENSP00000335357,0.0,False
HALLMARK_SPERMATOGENESIS,RAD17,9606.ENSP00000426191,0.0,False
HALLMARK_SPERMATOGENESIS,ARL4A,9606.ENSP00000379898,0.0,False
HALLMARK_SPERMATOGENESIS,PHKG2,9606.ENSP00000455607,0.0,False
HALLMARK_SPERMATOGENESIS,PRKAR2A,9606.ENSP00000265563,0.0,False
HALLMARK_SPERMATOGENESIS,LDHC,9606.ENSP00000437783,0.0,False
HALLMARK_SPERMATOGENESIS,TOPBP1,9606.ENSP00000260810,0.0,False
HALLMARK_SPERMATOGENESIS,ZC3H14,9606.ENSP00000251038,0.0,False
HALLMARK_SPERMATOGENESIS,NPHP1,9606.ENSP00000313169,0.011494252873563218,False
HALLMARK_SPERMATOGENESIS,IDE,9606.ENSP00000265986,0.0,False
HALLMARK_SPERMATOGENESIS,OAZ3,9606.ENSP00000383784,0.0,False
HALLMARK_SPERMATOGENESIS,STAM2,9606.ENSP00000263904,0.0,False
HALLMARK_SPERMATOGENESIS,ALOX15,9606.ENSP00000293761,0.0,False
HALLMARK_SPERMATOGENESIS,TNNI3,9606.ENSP00000341838,0.0,False
HALLMARK_SPERMATOGENESIS,STRBP,9606.ENSP00000321347,0.0,False
HALLMARK_SPERMATOGENESIS,NPY5R,9606.ENSP00000423917,0.0,False
HALLMARK_SPERMATOGENESIS,MAST2,9606.ENSP00000354671,0.0,False
HALLMARK_SPERMATOGENESIS,COIL,9606.ENSP00000240316,0.0,False
HALLMARK_SPERMATOGENESIS,MLLT10,9606.ENSP00000307411,0.0,False
HALLMARK_SPERMATOGENESIS,TEKT2,9606.ENSP00000207457,0.0,False
HALLMARK_SPERMATOGENESIS,PARP2,9606.ENSP00000250416,0.0,False
HALLMARK_SPERMATOGENESIS,GFI1,9606.ENSP00000294702,0.0,False
HALLMARK_SPERMATOGENESIS,CCNA1,9606.ENSP00000255465,0.0,False
HALLMARK_SPERMATOGENESIS,SHE,9606.ENSP00000307369,0.0,False
HALLMARK_SPERMATOGENESIS,CCNB2,9606.ENSP00000288207,0.0,False
HALLMARK_SPERMATOGENESIS,ZC2HC1C,9606.ENSP00000435550,0.0,False
HALLMARK_SPERMATOGENESIS,ACRBP,9606.ENSP00000229243,0.0,False
HALLMARK_SPERMATOGENESIS,CLGN,9606.ENSP00000392782,0.0,False
HALLMARK_SPERMATOGENESIS,EZH2,9606.ENSP00000320147,0.0,False
HALLMARK_SPERMATOGENESIS,PEBP1,9606.ENSP00000261313,0.0,False
HALLMARK_SPERMATOGENESIS,BUB1,9606.ENSP00000302530,0.0,False
HALLMARK_SPERMATOGENESIS,NEK2,9606.ENSP00000355966,0.022988505747126436,False
HALLMARK_SPERMATOGENESIS,TALDO1,9606.ENSP00000321259,0.0,False
HALLMARK_SPERMATOGENESIS,IL12RB2,9606.ENSP00000262345,0.0,False
HALLMARK_SPERMATOGENESIS,IL13RA2,9606.ENSP00000361004,0.0,False
HALLMARK_SPERMATOGENESIS,PHF7,9606.ENSP00000333024,0.0,False
HALLMARK_SPERMATOGENESIS,PCSK1N,9606.ENSP00000218230,0.0,False
HALLMARK_SPERMATOGENESIS,PACRG,9606.ENSP00000337946,0.0,False
HALLMARK_SPERMATOGENESIS,SPATA6,9606.ENSP00000360913,0.0,False
HALLMARK_SPERMATOGENESIS,MTOR,9606.ENSP00000354558,0.0,False
HALLMARK_SPERMATOGENESIS,CHRM4,9606.ENSP00000409378,0.0,False
HALLMARK_SPERMATOGENESIS,SLC2A5,9606.ENSP00000366641,0.0,False
HALLMARK_SPERMATOGENESIS,CCT6B,9606.ENSP00000327191,0.011494252873563218,False
HALLMARK_SPERMATOGENESIS,HSPA1L,9606.ENSP00000364805,0.0,False
HALLMARK_SPERMATOGENESIS,HSPA4L,9606.ENSP00000296464,0.011494252873563218,False
HALLMARK_SPERMATOGENESIS,SCG5,9606.ENSP00000300175,0.0,False
HALLMARK_SPERMATOGENESIS,RPL39L,9606.ENSP00000389356,0.0,False
HALLMARK_SPERMATOGENESIS,DBF4,9606.ENSP00000265728,0.0,False
HALLMARK_SPERMATOGENESIS,CHFR,9606.ENSP00000392395,0.0,False
HALLMARK_SPERMATOGENESIS,PGS1,9606.ENSP00000262764,0.0,False
HALLMARK_SPERMATOGENESIS,VDAC3,9606.ENSP00000428845,0.0,False
HALLMARK_SPERMATOGENESIS,CDK1,9606.ENSP00000378699,0.011494252873563218,False
HALLMARK_SPERMATOGENESIS,MAP7,9606.ENSP00000482335,0.0,False
HALLMARK_SPERMATOGENESIS,SEPTIN4,9606.ENSP00000354874,0.0,False
HALLMARK_SPERMATOGENESIS,YBX2,9606.ENSP00000007699,0.0,False
HALLMARK_SPERMATOGENESIS,ACE,9606.ENSP00000290866,0.0,False
HALLMARK_SPERMATOGENESIS,NF2,9606.ENSP00000344666,0.0,False
HALLMARK_SPERMATOGENESIS,AGFG1,9606.ENSP00000387282,0.0,False
HALLMARK_SPERMATOGENESIS,CNIH2,9606.ENSP00000310003,0.0,False
HALLMARK_SPERMATOGENESIS,LPIN1,9606.ENSP00000397908,0.0,False
HALLMARK_SPERMATOGENESIS,NEFH,9606.ENSP00000311997,0.0,False
HALLMARK_SPERMATOGENESIS,TLE4,9606.ENSP00000365720,0.0,False
HALLMARK_SPERMATOGENESIS,TTK,9606.ENSP00000358813,0.022988505747126436,False
HALLMARK_SPERMATOGENESIS,KIF2C,9606.ENSP00000361298,0.022988505747126436,False
HALLMARK_SPERMATOGENESIS,CSNK2A2,9606.ENSP00000262506,0.0,False
HALLMARK_SPERMATOGENESIS,CLPB,9606.ENSP00000294053,0.011494252873563218,False
HALLMARK_SPERMATOGENESIS,RFC4,9606.ENSP00000376272,0.011494252873563218,False
HALLMARK_SPERMATOGENESIS,PIAS2,9606.ENSP00000465676,0.0,False
HALLMARK_SPERMATOGENESIS,PCSK4,9606.ENSP00000300954,0.0,False
HALLMARK_SPERMATOGENESIS,POMC,9606.ENSP00000384092,0.0,False
HALLMARK_SPERMATOGENESIS,SIRT1,9606.ENSP00000212015,0.0,False
HALLMARK_SPERMATOGENESIS,TSN,9606.ENSP00000374332,0.0,False
HALLMARK_SPERMATOGENESIS,DMC1,9606.ENSP00000216024,0.0,False
HALLMARK_SPERMATOGENESIS,CAMK4,9606.ENSP00000282356,0.0,False
HALLMARK_SPERMATOGENESIS,IFT88,9606.ENSP00000323580,0.011494252873563218,False
HALLMARK_SPERMATOGENESIS,IP6K1,9606.ENSP00000482032,0.0,False
HALLMARK_SPERMATOGENESIS,MLF1,9606.ENSP00000376568,0.0,False
HALLMARK_SPERMATOGENESIS,PSMG1,9606.ENSP00000329915,0.011494252873563218,False
HALLMARK_SPERMATOGENESIS,ADCYAP1,9606.ENSP00000462647,0.0,False
HALLMARK_SPERMATOGENESIS,BRAF,9606.ENSP00000419060,0.0,False
HALLMARK_TGF_BETA_SIGNALING,IFNGR2,9606.ENSP00000371425,0.0,False
HALLMARK_TGF_BETA_SIGNALING,ID3,9606.ENSP00000363689,0.019230769230769232,False
HALLMARK_TGF_BETA_SIGNALING,SMAD3,9606.ENSP00000332973,0.07692307692307693,False
HALLMARK_TGF_BETA_SIGNALING,NCOR2,9606.ENSP00000384018,0.0,False
HALLMARK_TGF_BETA_SIGNALING,ID2,9606.ENSP00000234091,0.0,False
HALLMARK_TGF_BETA_SIGNALING,PPP1R15A,9606.ENSP00000200453,0.0,False
HALLMARK_TGF_BETA_SIGNALING,BCAR3,9606.ENSP00000260502,0.0,False
HALLMARK_TGF_BETA_SIGNALING,CDKN1C,9606.ENSP00000413720,0.0,False
HALLMARK_TGF_BETA_SIGNALING,BMPR2,9606.ENSP00000363708,0.038461538461538464,False
HALLMARK_TGF_BETA_SIGNALING,CTNNB1,9606.ENSP00000495360,0.0,False
HALLMARK_TGF_BETA_SIGNALING,KLF10,9606.ENSP00000285407,0.0,False
HALLMARK_TGF_BETA_SIGNALING,XIAP,9606.ENSP00000360242,0.019230769230769232,False
HALLMARK_TGF_BETA_SIGNALING,ID1,9606.ENSP00000365280,0.019230769230769232,False
HALLMARK_TGF_BETA_SIGNALING,ACVR1,9606.ENSP00000405004,0.019230769230769232,False
HALLMARK_TGF_BETA_SIGNALING,PPM1A,9606.ENSP00000327255,0.019230769230769232,False
HALLMARK_TGF_BETA_SIGNALING,HIPK2,9606.ENSP00000385571,0.0,False
HALLMARK_TGF_BETA_SIGNALING,APC,9606.ENSP00000257430,0.019230769230769232,False
HALLMARK_TGF_BETA_SIGNALING,UBE2D3,9606.ENSP00000349722,0.0,False
HALLMARK_TGF_BETA_SIGNALING,CDH1,9606.ENSP00000261769,0.019230769230769232,False
HALLMARK_TGF_BETA_SIGNALING,PPP1CA,9606.ENSP00000326031,0.0,False
HALLMARK_TGF_BETA_SIGNALING,SKIL,9606.ENSP00000415243,0.019230769230769232,False
HALLMARK_TGF_BETA_SIGNALING,RAB31,9606.ENSP00000461945,0.0,False
HALLMARK_TGF_BETA_SIGNALING,TGFBR1,9606.ENSP00000447297,0.038461538461538464,False
HALLMARK_TGF_BETA_SIGNALING,SMAD6,9606.ENSP00000288840,0.0,False
HALLMARK_TGF_BETA_SIGNALING,THBS1,9606.ENSP00000260356,0.0,False
HALLMARK_TGF_BETA_SIGNALING,TGFB1,9606.ENSP00000221930,0.019230769230769232,False
HALLMARK_TGF_BETA_SIGNALING,SPTBN1,9606.ENSP00000349259,0.019230769230769232,False
HALLMARK_TGF_BETA_SIGNALING,SMURF1,9606.ENSP00000354621,0.019230769230769232,False
HALLMARK_TGF_BETA_SIGNALING,SMAD1,9606.ENSP00000305769,0.0,False
HALLMARK_TGF_BETA_SIGNALING,LTBP2,9606.ENSP00000261978,0.0,False
HALLMARK_TGF_BETA_SIGNALING,JUNB,9606.ENSP00000303315,0.0,False
HALLMARK_TGF_BETA_SIGNALING,SMURF2,9606.ENSP00000262435,0.019230769230769232,False
HALLMARK_TGF_BETA_SIGNALING,FURIN,9606.ENSP00000483552,0.0,False
HALLMARK_TGF_BETA_SIGNALING,LEFTY2,9606.ENSP00000355785,0.0,False
HALLMARK_TGF_BETA_SIGNALING,RHOA,9606.ENSP00000400175,0.019230769230769232,False
HALLMARK_TGF_BETA_SIGNALING,ENG,9606.ENSP00000362299,0.038461538461538464,False
HALLMARK_TGF_BETA_SIGNALING,FNTA,9606.ENSP00000303423,0.0,False
HALLMARK_TGF_BETA_SIGNALING,TRIM33,9606.ENSP00000351250,0.0,False
HALLMARK_TGF_BETA_SIGNALING,CDK9,9606.ENSP00000362361,0.0,False
HALLMARK_TGF_BETA_SIGNALING,PMEPA1,9606.ENSP00000345826,0.019230769230769232,False
HALLMARK_TGF_BETA_SIGNALING,SMAD7,9606.ENSP00000262158,0.019230769230769232,False
HALLMARK_TGF_BETA_SIGNALING,TJP1,9606.ENSP00000348416,0.0,False
HALLMARK_TGF_BETA_SIGNALING,FKBP1A,9606.ENSP00000383003,0.019230769230769232,False
HALLMARK_TGF_BETA_SIGNALING,HDAC1,9606.ENSP00000362649,0.0,False
HALLMARK_TGF_BETA_SIGNALING,SKI,9606.ENSP00000367797,0.0,False
HALLMARK_TGF_BETA_SIGNALING,SLC20A1,9606.ENSP00000272542,0.0,False
HALLMARK_TGF_BETA_SIGNALING,ARID4B,9606.ENSP00000264183,0.0,False
HALLMARK_TGF_BETA_SIGNALING,BMP2,9606.ENSP00000368104,0.038461538461538464,False
HALLMARK_TGF_BETA_SIGNALING,BMPR1A,9606.ENSP00000361107,0.019230769230769232,False
HALLMARK_TGF_BETA_SIGNALING,WWTR1,9606.ENSP00000419465,0.0,False
HALLMARK_TGF_BETA_SIGNALING,SERPINE1,9606.ENSP00000223095,0.019230769230769232,False
HALLMARK_TGF_BETA_SIGNALING,TGIF1,9606.ENSP00000327959,0.019230769230769232,False
HALLMARK_TGF_BETA_SIGNALING,MAP3K7,9606.ENSP00000358335,0.019230769230769232,False
HALLMARK_TNFA_SIGNALING_VIA_NFKB,SMAD3,9606.ENSP00000332973,0.015789473684210527,False
HALLMARK_TNFA_SIGNALING_VIA_NFKB,CEBPB,9606.ENSP00000305422,0.015789473684210527,False
HALLMARK_TNFA_SIGNALING_VIA_NFKB,EGR3,9606.ENSP00000318057,0.015789473684210527,False
HALLMARK_TNFA_SIGNALING_VIA_NFKB,G0S2,9606.ENSP00000355996,0.0,False
HALLMARK_TNFA_SIGNALING_VIA_NFKB,GCH1,9606.ENSP00000477796,0.0,False
HALLMARK_TNFA_SIGNALING_VIA_NFKB,PPP1R15A,9606.ENSP00000200453,0.005263157894736842,False
HALLMARK_TNFA_SIGNALING_VIA_NFKB,PER1,9606.ENSP00000314420,0.0,False
HALLMARK_TNFA_SIGNALING_VIA_NFKB,TUBB2A,9606.ENSP00000369703,0.0,False
HALLMARK_TNFA_SIGNALING_VIA_NFKB,CCNL1,9606.ENSP00000295926,0.0,False
HALLMARK_TNFA_SIGNALING_VIA_NFKB,F3,9606.ENSP00000334145,0.005263157894736842,False
HALLMARK_TNFA_SIGNALING_VIA_NFKB,PLK2,9606.ENSP00000274289,0.0,False
HALLMARK_TNFA_SIGNALING_VIA_NFKB,DUSP1,9606.ENSP00000239223,0.015789473684210527,False
HALLMARK_TNFA_SIGNALING_VIA_NFKB,MAFF,9606.ENSP00000442060,0.0,False
HALLMARK_TNFA_SIGNALING_VIA_NFKB,GADD45B,9606.ENSP00000215631,0.0,False
HALLMARK_TNFA_SIGNALING_VIA_NFKB,YRDC,9606.ENSP00000362135,0.0,False
HALLMARK_TNFA_SIGNALING_VIA_NFKB,MAP2K3,9606.ENSP00000345083,0.0,False
HALLMARK_TNFA_SIGNALING_VIA_NFKB,TNC,9606.ENSP00000265131,0.0,False
HALLMARK_TNFA_SIGNALING_VIA_NFKB,CD83,9606.ENSP00000368450,0.0,False
HALLMARK_TNFA_SIGNALING_VIA_NFKB,IL6,9606.ENSP00000385675,0.02631578947368421,False
HALLMARK_TNFA_SIGNALING_VIA_NFKB,IL7R,9606.ENSP00000306157,0.0,False
HALLMARK_TNFA_SIGNALING_VIA_NFKB,CD69,9606.ENSP00000228434,0.0,False
HALLMARK_TNFA_SIGNALING_VIA_NFKB,SDC4,9606.ENSP00000361818,0.0,False
HALLMARK_TNFA_SIGNALING_VIA_NFKB,MAP3K8,9606.ENSP00000263056,0.0,False
HALLMARK_TNFA_SIGNALING_VIA_NFKB,CCL5,9606.ENSP00000474412,0.015789473684210527,False
HALLMARK_TNFA_SIGNALING_VIA_NFKB,FJX1,9606.ENSP00000400223,0.0,False
HALLMARK_TNFA_SIGNALING_VIA_NFKB,LITAF,9606.ENSP00000459533,0.0,False
HALLMARK_TNFA_SIGNALING_VIA_NFKB,JAG1,9606.ENSP00000254958,0.0,False
HALLMARK_TNFA_SIGNALING_VIA_NFKB,SLC2A6,9606.ENSP00000360966,0.0,False
HALLMARK_TNFA_SIGNALING_VIA_NFKB,CD80,9606.ENSP00000264246,0.015789473684210527,False
HALLMARK_TNFA_SIGNALING_VIA_NFKB,KLF2,9606.ENSP00000248071,0.0,False
HALLMARK_TNFA_SIGNALING_VIA_NFKB,PTPRE,9606.ENSP00000254667,0.0,False
HALLMARK_TNFA_SIGNALING_VIA_NFKB,STAT5A,9606.ENSP00000341208,0.005263157894736842,False
HALLMARK_TNFA_SIGNALING_VIA_NFKB,CCL4,9606.ENSP00000482259,0.005263157894736842,False
HALLMARK_TNFA_SIGNALING_VIA_NFKB,KLF9,9606.ENSP00000366330,0.0,False
HALLMARK_TNFA_SIGNALING_VIA_NFKB,CSF1,9606.ENSP00000327513,0.0,False
HALLMARK_TNFA_SIGNALING_VIA_NFKB,SGK1,9606.ENSP00000356832,0.0,False
HALLMARK_TNFA_SIGNALING_VIA_NFKB,KLF6,9606.ENSP00000419923,0.0,False
HALLMARK_TNFA_SIGNALING_VIA_NFKB,PHLDA1,9606.ENSP00000266671,0.0,False
HALLMARK_TNFA_SIGNALING_VIA_NFKB,SNN,9606.ENSP00000329287,0.0,False
HALLMARK_TNFA_SIGNALING_VIA_NFKB,ATF3,9606.ENSP00000344352,0.010526315789473684,False
HALLMARK_TNFA_SIGNALING_VIA_NFKB,FOSB,9606.ENSP00000245919,0.015789473684210527,False
HALLMARK_TNFA_SIGNALING_VIA_NFKB,B4GALT1,9606.ENSP00000369055,0.0,False
HALLMARK_TNFA_SIGNALING_VIA_NFKB,CCL20,9606.ENSP00000351671,0.0,False
HALLMARK_TNFA_SIGNALING_VIA_NFKB,SERPINE1,9606.ENSP00000223095,0.005263157894736842,False
HALLMARK_TNFA_SIGNALING_VIA_NFKB,IRS2,9606.ENSP00000365016,0.0,False
HALLMARK_TNFA_SIGNALING_VIA_NFKB,TGIF1,9606.ENSP00000327959,0.005263157894736842,False
HALLMARK_TNFA_SIGNALING_VIA_NFKB,F2RL1,9606.ENSP00000296677,0.0,False
HALLMARK_TNFA_SIGNALING_VIA_NFKB,SAT1,9606.ENSP00000368572,0.0,False
HALLMARK_TNFA_SIGNALING_VIA_NFKB,NR4A2,9606.ENSP00000344479,0.005263157894736842,False
HALLMARK_TNFA_SIGNALING_VIA_NFKB,HES1,9606.ENSP00000232424,0.0,False
HALLMARK_TNFA_SIGNALING_VIA_NFKB,REL,9606.ENSP00000295025,0.005263157894736842,False
HALLMARK_TNFA_SIGNALING_VIA_NFKB,IER3,9606.ENSP00000259874,0.0,False
HALLMARK_TNFA_SIGNALING_VIA_NFKB,PTGER4,9606.ENSP00000302846,0.0,False
HALLMARK_TNFA_SIGNALING_VIA_NFKB,SERPINB8,9606.ENSP00000331368,0.0,False
HALLMARK_TNFA_SIGNALING_VIA_NFKB,KLF10,9606.ENSP00000285407,0.0,False
HALLMARK_TNFA_SIGNALING_VIA_NFKB,ABCA1,9606.ENSP00000363868,0.0,False
HALLMARK_TNFA_SIGNALING_VIA_NFKB,EGR2,9606.ENSP00000242480,0.015789473684210527,False
HALLMARK_TNFA_SIGNALING_VIA_NFKB,MYC,9606.ENSP00000478887,0.0,False
HALLMARK_TNFA_SIGNALING_VIA_NFKB,IL18,9606.ENSP00000280357,0.0,False
HALLMARK_TNFA_SIGNALING_VIA_NFKB,NFIL3,9606.ENSP00000297689,0.0,False
HALLMARK_TNFA_SIGNALING_VIA_NFKB,TNFAIP8,9606.ENSP00000427424,0.0,False
HALLMARK_TNFA_SIGNALING_VIA_NFKB,CXCL1,9606.ENSP00000379110,0.015789473684210527,False
HALLMARK_TNFA_SIGNALING_VIA_NFKB,HBEGF,9606.ENSP00000230990,0.0,False
HALLMARK_TNFA_SIGNALING_VIA_NFKB,PANX1,9606.ENSP00000227638,0.0,False
HALLMARK_TNFA_SIGNALING_VIA_NFKB,OLR1,9606.ENSP00000309124,0.0,False
HALLMARK_TNFA_SIGNALING_VIA_NFKB,CCRL2,9606.ENSP00000349967,0.0,False
HALLMARK_TNFA_SIGNALING_VIA_NFKB,PLAUR,9606.ENSP00000339328,0.005263157894736842,False
HALLMARK_TNFA_SIGNALING_VIA_NFKB,PDLIM5,9606.ENSP00000480359,0.0,False
HALLMARK_TNFA_SIGNALING_VIA_NFKB,JUNB,9606.ENSP00000303315,0.015789473684210527,False
HALLMARK_TNFA_SIGNALING_VIA_NFKB,FOS,9606.ENSP00000306245,0.02631578947368421,False
HALLMARK_TNFA_SIGNALING_VIA_NFKB,TLR2,9606.ENSP00000260010,0.015789473684210527,False
HALLMARK_TNFA_SIGNALING_VIA_NFKB,TNIP2,9606.ENSP00000321203,0.005263157894736842,False
HALLMARK_TNFA_SIGNALING_VIA_NFKB,CXCL2,9606.ENSP00000427279,0.0,False
HALLMARK_TNFA_SIGNALING_VIA_NFKB,MCL1,9606.ENSP00000358022,0.0,False
HALLMARK_TNFA_SIGNALING_VIA_NFKB,PTGS2,9606.ENSP00000356438,0.005263157894736842,False
HALLMARK_TNFA_SIGNALING_VIA_NFKB,BCL6,9606.ENSP00000384371,0.005263157894736842,False
HALLMARK_TNFA_SIGNALING_VIA_NFKB,KDM6B,9606.ENSP00000254846,0.0,False
HALLMARK_TNFA_SIGNALING_VIA_NFKB,FOSL1,9606.ENSP00000310170,0.021052631578947368,False
HALLMARK_TNFA_SIGNALING_VIA_NFKB,TNFAIP6,9606.ENSP00000243347,0.005263157894736842,False
HALLMARK_TNFA_SIGNALING_VIA_NFKB,NFKBIE,9606.ENSP00000275015,0.005263157894736842,False
HALLMARK_TNFA_SIGNALING_VIA_NFKB,IFIH1,9606.ENSP00000497271,0.010526315789473684,False
HALLMARK_TNFA_SIGNALING_VIA_NFKB,ACKR3,9606.ENSP00000272928,0.0,False
HALLMARK_TNFA_SIGNALING_VIA_NFKB,PTX3,9606.ENSP00000295927,0.0,False
HALLMARK_TNFA_SIGNALING_VIA_NFKB,DUSP2,9606.ENSP00000288943,0.0,False
HALLMARK_TNFA_SIGNALING_VIA_NFKB,BTG2,9606.ENSP00000290551,0.0,False
HALLMARK_TNFA_SIGNALING_VIA_NFKB,TIPARP,9606.ENSP00000420612,0.0,False
HALLMARK_TNFA_SIGNALING_VIA_NFKB,ZC3H12A,9606.ENSP00000362179,0.0,False
HALLMARK_TNFA_SIGNALING_VIA_NFKB,EIF1,9606.ENSP00000419449,0.0,False
HALLMARK_TNFA_SIGNALING_VIA_NFKB,NR4A3,9606.ENSP00000482027,0.0,False
HALLMARK_TNFA_SIGNALING_VIA_NFKB,TRIP10,9606.ENSP00000320117,0.0,False
HALLMARK_TNFA_SIGNALING_VIA_NFKB,BCL3,9606.ENSP00000164227,0.015789473684210527,False
HALLMARK_TNFA_SIGNALING_VIA_NFKB,MSC,9606.ENSP00000321445,0.0,False
HALLMARK_TNFA_SIGNALING_VIA_NFKB,IFNGR2,9606.ENSP00000371425,0.0,False
HALLMARK_TNFA_SIGNALING_VIA_NFKB,IER5,9606.ENSP00000356549,0.0,False
HALLMARK_TNFA_SIGNALING_VIA_NFKB,SQSTM1,9606.ENSP00000374455,0.0,False
HALLMARK_TNFA_SIGNALING_VIA_NFKB,CXCL10,9606.ENSP00000305651,0.005263157894736842,False
HALLMARK_TNFA_SIGNALING_VIA_NFKB,ATP2B1,9606.ENSP00000392043,0.0,False
HALLMARK_TNFA_SIGNALING_VIA_NFKB,EFNA1,9606.ENSP00000357392,0.0,False
HALLMARK_TNFA_SIGNALING_VIA_NFKB,PNRC1,9606.ENSP00000336931,0.0,False
HALLMARK_TNFA_SIGNALING_VIA_NFKB,RCAN1,9606.ENSP00000370527,0.0,False
HALLMARK_TNFA_SIGNALING_VIA_NFKB,JUN,9606.ENSP00000360266,0.010526315789473684,False
HALLMARK_TNFA_SIGNALING_VIA_NFKB,SPHK1,9606.ENSP00000313681,0.0,False
HALLMARK_TNFA_SIGNALING_VIA_NFKB,TNFAIP3,9606.ENSP00000481570,0.005263157894736842,False
HALLMARK_TNFA_SIGNALING_VIA_NFKB,BIRC3,9606.ENSP00000263464,0.0,False
HALLMARK_TNFA_SIGNALING_VIA_NFKB,TNFRSF9,9606.ENSP00000478699,0.0,False
HALLMARK_TNFA_SIGNALING_VIA_NFKB,NFKB2,9606.ENSP00000358983,0.0,False
HALLMARK_TNFA_SIGNALING_VIA_NFKB,FUT4,9606.ENSP00000351602,0.0,False
HALLMARK_TNFA_SIGNALING_VIA_NFKB,LDLR,9606.ENSP00000454071,0.0,False
HALLMARK_TNFA_SIGNALING_VIA_NFKB,RNF19B,9606.ENSP00000362555,0.0,False
HALLMARK_TNFA_SIGNALING_VIA_NFKB,CD44,9606.ENSP00000398632,0.010526315789473684,False
HALLMARK_TNFA_SIGNALING_VIA_NFKB,LAMB3,9606.ENSP00000375778,0.0,False
HALLMARK_TNFA_SIGNALING_VIA_NFKB,TNFAIP2,9606.ENSP00000452634,0.0,False
HALLMARK_TNFA_SIGNALING_VIA_NFKB,PLPP3,9606.ENSP00000360296,0.0,False
HALLMARK_TNFA_SIGNALING_VIA_NFKB,GFPT2,9606.ENSP00000253778,0.0,False
HALLMARK_TNFA_SIGNALING_VIA_NFKB,SLC16A6,9606.ENSP00000319991,0.0,False
HALLMARK_TNFA_SIGNALING_VIA_NFKB,TNFSF9,9606.ENSP00000245817,0.0,False
HALLMARK_TNFA_SIGNALING_VIA_NFKB,MARCKS,9606.ENSP00000478061,0.0,False
HALLMARK_TNFA_SIGNALING_VIA_NFKB,ZBTB10,9606.ENSP00000387462,0.0,False
HALLMARK_TNFA_SIGNALING_VIA_NFKB,CCND1,9606.ENSP00000227507,0.0,False
HALLMARK_TNFA_SIGNALING_VIA_NFKB,TAP1,9606.ENSP00000346206,0.0,False
HALLMARK_TNFA_SIGNALING_VIA_NFKB,ZFP36,9606.ENSP00000471239,0.005263157894736842,False
HALLMARK_TNFA_SIGNALING_VIA_NFKB,IER2,9606.ENSP00000465617,0.005263157894736842,False
HALLMARK_TNFA_SIGNALING_VIA_NFKB,BTG1,9606.ENSP00000256015,0.0,False
HALLMARK_TNFA_SIGNALING_VIA_NFKB,EGR1,9606.ENSP00000239938,0.015789473684210527,False
HALLMARK_TNFA_SIGNALING_VIA_NFKB,EDN1,9606.ENSP00000368683,0.0,False
HALLMARK_TNFA_SIGNALING_VIA_NFKB,DENND5A,9606.ENSP00000328524,0.0,False
HALLMARK_TNFA_SIGNALING_VIA_NFKB,KYNU,9606.ENSP00000264170,0.0,False
HALLMARK_TNFA_SIGNALING_VIA_NFKB,SPSB1,9606.ENSP00000330221,0.0,False
HALLMARK_TNFA_SIGNALING_VIA_NFKB,PHLDA2,9606.ENSP00000319231,0.0,False
HALLMARK_TNFA_SIGNALING_VIA_NFKB,RELB,9606.ENSP00000221452,0.015789473684210527,False
HALLMARK_TNFA_SIGNALING_VIA_NFKB,CCN1,9606.ENSP00000398736,0.0,False
HALLMARK_TNFA_SIGNALING_VIA_NFKB,NFE2L2,9606.ENSP00000380252,0.015789473684210527,False
HALLMARK_TNFA_SIGNALING_VIA_NFKB,TSC22D1,9606.ENSP00000397435,0.0,False
HALLMARK_TNFA_SIGNALING_VIA_NFKB,PMEPA1,9606.ENSP00000345826,0.005263157894736842,False
HALLMARK_TNFA_SIGNALING_VIA_NFKB,CEBPD,9606.ENSP00000386165,0.005263157894736842,False
HALLMARK_TNFA_SIGNALING_VIA_NFKB,CLCF1,9606.ENSP00000309338,0.0,False
HALLMARK_TNFA_SIGNALING_VIA_NFKB,TANK,9606.ENSP00000259075,0.0,False
HALLMARK_TNFA_SIGNALING_VIA_NFKB,DUSP4,9606.ENSP00000240100,0.0,False
HALLMARK_TNFA_SIGNALING_VIA_NFKB,IL6ST,9606.ENSP00000370698,0.0,False
HALLMARK_TNFA_SIGNALING_VIA_NFKB,EHD1,9606.ENSP00000479153,0.0,False
HALLMARK_TNFA_SIGNALING_VIA_NFKB,BTG3,9606.ENSP00000344609,0.0,False
HALLMARK_TNFA_SIGNALING_VIA_NFKB,INHBA,9606.ENSP00000242208,0.0,False
HALLMARK_TNFA_SIGNALING_VIA_NFKB,PDE4B,9606.ENSP00000342637,0.0,False
HALLMARK_TNFA_SIGNALING_VIA_NFKB,DRAM1,9606.ENSP00000258534,0.0,False
HALLMARK_TNFA_SIGNALING_VIA_NFKB,NAMPT,9606.ENSP00000222553,0.0,False
HALLMARK_TNFA_SIGNALING_VIA_NFKB,BMP2,9606.ENSP00000368104,0.0,False
HALLMARK_TNFA_SIGNALING_VIA_NFKB,CDKN1A,9606.ENSP00000384849,0.010526315789473684,False
HALLMARK_TNFA_SIGNALING_VIA_NFKB,GEM,9606.ENSP00000297596,0.0,False
HALLMARK_TNFA_SIGNALING_VIA_NFKB,LIF,9606.ENSP00000249075,0.005263157894736842,False
HALLMARK_TNFA_SIGNALING_VIA_NFKB,NFAT5,9606.ENSP00000338806,0.0,False
HALLMARK_TNFA_SIGNALING_VIA_NFKB,PLAU,9606.ENSP00000361850,0.0,False
HALLMARK_TNFA_SIGNALING_VIA_NFKB,TNF,9606.ENSP00000398698,0.02631578947368421,False
HALLMARK_TNFA_SIGNALING_VIA_NFKB,ID2,9606.ENSP00000234091,0.005263157894736842,False
HALLMARK_TNFA_SIGNALING_VIA_NFKB,GPR183,9606.ENSP00000365596,0.0,False
HALLMARK_TNFA_SIGNALING_VIA_NFKB,IL1B,9606.ENSP00000263341,0.021052631578947368,False
HALLMARK_TNFA_SIGNALING_VIA_NFKB,IL15RA,9606.ENSP00000380421,0.0,False
HALLMARK_TNFA_SIGNALING_VIA_NFKB,GADD45A,9606.ENSP00000360025,0.0,False
HALLMARK_TNFA_SIGNALING_VIA_NFKB,NR4A1,9606.ENSP00000440864,0.0,False
HALLMARK_TNFA_SIGNALING_VIA_NFKB,B4GALT5,9606.ENSP00000360776,0.0,False
HALLMARK_TNFA_SIGNALING_VIA_NFKB,IRF1,9606.ENSP00000245414,0.010526315789473684,False
HALLMARK_TNFA_SIGNALING_VIA_NFKB,KLF4,9606.ENSP00000363804,0.0,False
HALLMARK_TNFA_SIGNALING_VIA_NFKB,DUSP5,9606.ENSP00000358596,0.0,False
HALLMARK_TNFA_SIGNALING_VIA_NFKB,ETS2,9606.ENSP00000353344,0.005263157894736842,False
HALLMARK_TNFA_SIGNALING_VIA_NFKB,SOCS3,9606.ENSP00000330341,0.005263157894736842,False
HALLMARK_TNFA_SIGNALING_VIA_NFKB,DNAJB4,9606.ENSP00000359799,0.0,False
HALLMARK_TNFA_SIGNALING_VIA_NFKB,NINJ1,9606.ENSP00000364595,0.0,False
HALLMARK_TNFA_SIGNALING_VIA_NFKB,NFKBIA,9606.ENSP00000216797,0.021052631578947368,False
HALLMARK_TNFA_SIGNALING_VIA_NFKB,CFLAR,9606.ENSP00000312455,0.0,False
HALLMARK_TNFA_SIGNALING_VIA_NFKB,BIRC2,9606.ENSP00000477613,0.005263157894736842,False
HALLMARK_TNFA_SIGNALING_VIA_NFKB,PFKFB3,9606.ENSP00000492001,0.0,False
HALLMARK_TNFA_SIGNALING_VIA_NFKB,ICAM1,9606.ENSP00000264832,0.015789473684210527,False
HALLMARK_TNFA_SIGNALING_VIA_NFKB,RHOB,9606.ENSP00000272233,0.0,False
HALLMARK_TNFA_SIGNALING_VIA_NFKB,BHLHE40,9606.ENSP00000256495,0.0,False
HALLMARK_TNFA_SIGNALING_VIA_NFKB,SIK1,9606.ENSP00000270162,0.0,False
HALLMARK_TNFA_SIGNALING_VIA_NFKB,SLC2A3,9606.ENSP00000075120,0.0,False
HALLMARK_TNFA_SIGNALING_VIA_NFKB,FOSL2,9606.ENSP00000264716,0.0,False
HALLMARK_TNFA_SIGNALING_VIA_NFKB,IFIT2,9606.ENSP00000490935,0.010526315789473684,False
HALLMARK_TNFA_SIGNALING_VIA_NFKB,TNIP1,9606.ENSP00000317891,0.005263157894736842,False
HALLMARK_TNFA_SIGNALING_VIA_NFKB,TRIB1,9606.ENSP00000312150,0.010526315789473684,False
HALLMARK_TNFA_SIGNALING_VIA_NFKB,CCL2,9606.ENSP00000225831,0.02631578947368421,False
HALLMARK_TNFA_SIGNALING_VIA_NFKB,RELA,9606.ENSP00000384273,0.021052631578947368,False
HALLMARK_TNFA_SIGNALING_VIA_NFKB,IL23A,9606.ENSP00000228534,0.0,False
HALLMARK_TNFA_SIGNALING_VIA_NFKB,AREG,9606.ENSP00000379097,0.0,False
HALLMARK_TNFA_SIGNALING_VIA_NFKB,NFKB1,9606.ENSP00000226574,0.031578947368421054,False
HALLMARK_TNFA_SIGNALING_VIA_NFKB,TRAF1,9606.ENSP00000362994,0.0,False
HALLMARK_TNFA_SIGNALING_VIA_NFKB,BCL2A1,9606.ENSP00000267953,0.0,False
HALLMARK_TNFA_SIGNALING_VIA_NFKB,CXCL11,9606.ENSP00000306884,0.005263157894736842,False
HALLMARK_TNFA_SIGNALING_VIA_NFKB,MXD1,9606.ENSP00000264444,0.0,False
HALLMARK_TNFA_SIGNALING_VIA_NFKB,PLEK,9606.ENSP00000234313,0.0,False
HALLMARK_TNFA_SIGNALING_VIA_NFKB,RIPK2,9606.ENSP00000220751,0.005263157894736842,False
HALLMARK_TNFA_SIGNALING_VIA_NFKB,SOD2,9606.ENSP00000446252,0.0,False
HALLMARK_UNFOLDED_PROTEIN_RESPONSE,DCTN1,9606.ENSP00000354791,0.0,False
HALLMARK_UNFOLDED_PROTEIN_RESPONSE,DNAJC3,9606.ENSP00000473631,0.009259259259259259,False
HALLMARK_UNFOLDED_PROTEIN_RESPONSE,SLC7A5,9606.ENSP00000261622,0.0,False
HALLMARK_UNFOLDED_PROTEIN_RESPONSE,CEBPB,9606.ENSP00000305422,0.0,False
HALLMARK_UNFOLDED_PROTEIN_RESPONSE,TSPYL2,9606.ENSP00000364591,0.0,False
HALLMARK_UNFOLDED_PROTEIN_RESPONSE,WFS1,9606.ENSP00000226760,0.009259259259259259,False
HALLMARK_UNFOLDED_PROTEIN_RESPONSE,TUBB2A,9606.ENSP00000369703,0.0,False
HALLMARK_UNFOLDED_PROTEIN_RESPONSE,LSM1,9606.ENSP00000310596,0.0,False
HALLMARK_UNFOLDED_PROTEIN_RESPONSE,ALDH18A1,9606.ENSP00000360268,0.0,False
HALLMARK_UNFOLDED_PROTEIN_RESPONSE,IFIT1,9606.ENSP00000360869,0.0,False
HALLMARK_UNFOLDED_PROTEIN_RESPONSE,EDC4,9606.ENSP00000351811,0.0,False
HALLMARK_UNFOLDED_PROTEIN_RESPONSE,HYOU1,9606.ENSP00000480150,0.009259259259259259,False
HALLMARK_UNFOLDED_PROTEIN_RESPONSE,EEF2,9606.ENSP00000307940,0.009259259259259259,False
HALLMARK_UNFOLDED_PROTEIN_RESPONSE,ERN1,9606.ENSP00000401445,0.0,False
HALLMARK_UNFOLDED_PROTEIN_RESPONSE,KDELR3,9606.ENSP00000386918,0.0,False
HALLMARK_UNFOLDED_PROTEIN_RESPONSE,MTREX,9606.ENSP00000230640,0.027777777777777776,False
HALLMARK_UNFOLDED_PROTEIN_RESPONSE,NFYA,9606.ENSP00000345702,0.0,False
HALLMARK_UNFOLDED_PROTEIN_RESPONSE,CHAC1,9606.ENSP00000484644,0.0,False
HALLMARK_UNFOLDED_PROTEIN_RESPONSE,XPOT,9606.ENSP00000327821,0.0,False
HALLMARK_UNFOLDED_PROTEIN_RESPONSE,FKBP14,9606.ENSP00000222803,0.009259259259259259,False
HALLMARK_UNFOLDED_PROTEIN_RESPONSE,HERPUD1,9606.ENSP00000409555,0.0,False
HALLMARK_UNFOLDED_PROTEIN_RESPONSE,SRPRA,9606.ENSP00000328023,0.0,False
HALLMARK_UNFOLDED_PROTEIN_RESPONSE,PDIA5,9606.ENSP00000323313,0.0,False
HALLMARK_UNFOLDED_PROTEIN_RESPONSE,EDEM1,9606.ENSP00000256497,0.009259259259259259,False
HALLMARK_UNFOLDED_PROTEIN_RESPONSE,XBP1,9606.ENSP00000216037,0.027777777777777776,False
HALLMARK_UNFOLDED_PROTEIN_RESPONSE,ATP6V0D1,9606.ENSP00000290949,0.0,False
HALLMARK_UNFOLDED_PROTEIN_RESPONSE,SPCS3,9606.ENSP00000427463,0.009259259259259259,False
HALLMARK_UNFOLDED_PROTEIN_RESPONSE,YWHAZ,9606.ENSP00000379287,0.009259259259259259,False
HALLMARK_UNFOLDED_PROTEIN_RESPONSE,EIF4A2,9606.ENSP00000326381,0.009259259259259259,False
HALLMARK_UNFOLDED_PROTEIN_RESPONSE,ATF3,9606.ENSP00000344352,0.009259259259259259,False
HALLMARK_UNFOLDED_PROTEIN_RESPONSE,EXOSC9,9606.ENSP00000368984,0.027777777777777776,False
HALLMARK_UNFOLDED_PROTEIN_RESPONSE,ZBTB17,9606.ENSP00000364885,0.0,False
HALLMARK_UNFOLDED_PROTEIN_RESPONSE,IARS1,9606.ENSP00000364794,0.0,False
HALLMARK_UNFOLDED_PROTEIN_RESPONSE,PAIP1,9606.ENSP00000302768,0.0,False
HALLMARK_UNFOLDED_PROTEIN_RESPONSE,BAG3,9606.ENSP00000358081,0.0,False
HALLMARK_UNFOLDED_PROTEIN_RESPONSE,SEC11A,9606.ENSP00000452697,0.009259259259259259,False
HALLMARK_UNFOLDED_PROTEIN_RESPONSE,HSPA9,9606.ENSP00000297185,0.018518518518518517,False
HALLMARK_UNFOLDED_PROTEIN_RESPONSE,POP4,9606.ENSP00000465213,0.0,False
HALLMARK_UNFOLDED_PROTEIN_RESPONSE,EIF4A1,9606.ENSP00000293831,0.009259259259259259,False
HALLMARK_UNFOLDED_PROTEIN_RESPONSE,KIF5B,9606.ENSP00000307078,0.0,False
HALLMARK_UNFOLDED_PROTEIN_RESPONSE,TARS1,9606.ENSP00000387710,0.009259259259259259,False
HALLMARK_UNFOLDED_PROTEIN_RESPONSE,NOLC1,9606.ENSP00000385410,0.0,False
HALLMARK_UNFOLDED_PROTEIN_RESPONSE,PARN,9606.ENSP00000387911,0.009259259259259259,False
HALLMARK_UNFOLDED_PROTEIN_RESPONSE,WIPI1,9606.ENSP00000262139,0.0,False
HALLMARK_UNFOLDED_PROTEIN_RESPONSE,EXOSC4,9606.ENSP00000315476,0.0,False
HALLMARK_UNFOLDED_PROTEIN_RESPONSE,CALR,9606.ENSP00000320866,0.018518518518518517,False
HALLMARK_UNFOLDED_PROTEIN_RESPONSE,ATF4,9606.ENSP00000336790,0.009259259259259259,False
HALLMARK_UNFOLDED_PROTEIN_RESPONSE,HSPA5,9606.ENSP00000324173,0.027777777777777776,False
HALLMARK_UNFOLDED_PROTEIN_RESPONSE,ARFGAP1,9606.ENSP00000314615,0.0,False
HALLMARK_UNFOLDED_PROTEIN_RESPONSE,EIF4G1,9606.ENSP00000416255,0.009259259259259259,False
HALLMARK_UNFOLDED_PROTEIN_RESPONSE,DNAJB9,9606.ENSP00000249356,0.009259259259259259,False
HALLMARK_UNFOLDED_PROTEIN_RESPONSE,CNOT2,9606.ENSP00000229195,0.009259259259259259,False
HALLMARK_UNFOLDED_PROTEIN_RESPONSE,EXOSC1,9606.ENSP00000359939,0.0,False
HALLMARK_UNFOLDED_PROTEIN_RESPONSE,RPS14,9606.ENSP00000385958,0.009259259259259259,False
HALLMARK_UNFOLDED_PROTEIN_RESPONSE,NOP14,9606.ENSP00000405068,0.0,False
HALLMARK_UNFOLDED_PROTEIN_RESPONSE,NPM1,9606.ENSP00000296930,0.0,False
HALLMARK_UNFOLDED_PROTEIN_RESPONSE,SERP1,9606.ENSP00000420076,0.0,False
HALLMARK_UNFOLDED_PROTEIN_RESPONSE,DCP2,9606.ENSP00000373715,0.0,False
HALLMARK_UNFOLDED_PROTEIN_RESPONSE,BANF1,9606.ENSP00000433760,0.0,False
HALLMARK_UNFOLDED_PROTEIN_RESPONSE,DDX10,9606.ENSP00000314348,0.0,False
HALLMARK_UNFOLDED_PROTEIN_RESPONSE,DCP1A,9606.ENSP00000476386,0.018518518518518517,False
HALLMARK_UNFOLDED_PROTEIN_RESPONSE,NABP1,9606.ENSP00000403683,0.0,False
HALLMARK_UNFOLDED_PROTEIN_RESPONSE,EXOSC2,9606.ENSP00000361433,0.027777777777777776,False
HALLMARK_UNFOLDED_PROTEIN_RESPONSE,STC2,9606.ENSP00000265087,0.0,False
HALLMARK_UNFOLDED_PROTEIN_RESPONSE,FUS,9606.ENSP00000254108,0.0,False
HALLMARK_UNFOLDED_PROTEIN_RESPONSE,SLC30A5,9606.ENSP00000379836,0.0,False
HALLMARK_UNFOLDED_PROTEIN_RESPONSE,EIF4A3,9606.ENSP00000497641,0.009259259259259259,False
HALLMARK_UNFOLDED_PROTEIN_RESPONSE,HSP90B1,9606.ENSP00000299767,0.009259259259259259,False
HALLMARK_UNFOLDED_PROTEIN_RESPONSE,TATDN2,9606.ENSP00000287652,0.0,False
HALLMARK_UNFOLDED_PROTEIN_RESPONSE,EIF2S1,9606.ENSP00000256383,0.0,False
HALLMARK_UNFOLDED_PROTEIN_RESPONSE,SPCS1,9606.ENSP00000233025,0.0,False
HALLMARK_UNFOLDED_PROTEIN_RESPONSE,CKS1B,9606.ENSP00000311083,0.0,False
HALLMARK_UNFOLDED_PROTEIN_RESPONSE,SHC1,9606.ENSP00000401303,0.0,False
HALLMARK_UNFOLDED_PROTEIN_RESPONSE,IMP3,9606.ENSP00000326981,0.0,False
HALLMARK_UNFOLDED_PROTEIN_RESPONSE,ERO1A,9606.ENSP00000379042,0.009259259259259259,False
HALLMARK_UNFOLDED_PROTEIN_RESPONSE,SSR1,9606.ENSP00000244763,0.009259259259259259,False
HALLMARK_UNFOLDED_PROTEIN_RESPONSE,PDIA6,9606.ENSP00000385385,0.009259259259259259,False
HALLMARK_UNFOLDED_PROTEIN_RESPONSE,CNOT6,9606.ENSP00000481893,0.0,False
HALLMARK_UNFOLDED_PROTEIN_RESPONSE,RRP9,9606.ENSP00000232888,0.018518518518518517,False
HALLMARK_UNFOLDED_PROTEIN_RESPONSE,CXXC1,9606.ENSP00000390475,0.0,False
HALLMARK_UNFOLDED_PROTEIN_RESPONSE,GEMIN4,9606.ENSP00000321706,0.0,False
HALLMARK_UNFOLDED_PROTEIN_RESPONSE,H2AX,9606.ENSP00000434024,0.0,False
HALLMARK_UNFOLDED_PROTEIN_RESPONSE,YIF1A,9606.ENSP00000366098,0.0,False
HALLMARK_UNFOLDED_PROTEIN_RESPONSE,LSM4,9606.ENSP00000469468,0.009259259259259259,False
HALLMARK_UNFOLDED_PROTEIN_RESPONSE,SDAD1,9606.ENSP00000348596,0.0,False
HALLMARK_UNFOLDED_PROTEIN_RESPONSE,PREB,9606.ENSP00000260643,0.0,False
HALLMARK_UNFOLDED_PROTEIN_RESPONSE,MTHFD2,9606.ENSP00000377617,0.0,False
HALLMARK_UNFOLDED_PROTEIN_RESPONSE,NHP2,9606.ENSP00000274606,0.0,False
HALLMARK_UNFOLDED_PROTEIN_RESPONSE,EXOSC5,9606.ENSP00000221233,0.018518518518518517,False
HALLMARK_UNFOLDED_PROTEIN_RESPONSE,NFYB,9606.ENSP00000240055,0.0,False
HALLMARK_UNFOLDED_PROTEIN_RESPONSE,SLC1A4,9606.ENSP00000234256,0.0,False
HALLMARK_UNFOLDED_PROTEIN_RESPONSE,ATF6,9606.ENSP00000356919,0.0,False
HALLMARK_UNFOLDED_PROTEIN_RESPONSE,EIF4EBP1,9606.ENSP00000340691,0.009259259259259259,False
HALLMARK_UNFOLDED_PROTEIN_RESPONSE,CNOT4,9606.ENSP00000445508,0.0,False
HALLMARK_UNFOLDED_PROTEIN_RESPONSE,EIF4E,9606.ENSP00000425561,0.009259259259259259,False
HALLMARK_UNFOLDED_PROTEIN_RESPONSE,EXOC2,9606.ENSP00000230449,0.0,False
HALLMARK_UNFOLDED_PROTEIN_RESPONSE,EIF2AK3,9606.ENSP00000307235,0.018518518518518517,False
HALLMARK_UNFOLDED_PROTEIN_RESPONSE,KHSRP,9606.ENSP00000381216,0.018518518518518517,False
HALLMARK_UNFOLDED_PROTEIN_RESPONSE,CEBPG,9606.ENSP00000466022,0.0,False
HALLMARK_UNFOLDED_PROTEIN_RESPONSE,DDIT4,9606.ENSP00000307305,0.0,False
HALLMARK_UNFOLDED_PROTEIN_RESPONSE,DNAJA4,9606.ENSP00000378324,0.0,False
HALLMARK_UNFOLDED_PROTEIN_RESPONSE,DKC1,9606.ENSP00000358563,0.0,False
HALLMARK_UNFOLDED_PROTEIN_RESPONSE,NOP56,9606.ENSP00000370589,0.027777777777777776,False
HALLMARK_UNFOLDED_PROTEIN_RESPONSE,PSAT1,9606.ENSP00000365773,0.0,False
HALLMARK_UNFOLDED_PROTEIN_RESPONSE,CCL2,9606.ENSP00000225831,0.0,False
HALLMARK_UNFOLDED_PROTEIN_RESPONSE,SRPRB,9606.ENSP00000418401,0.0,False
HALLMARK_UNFOLDED_PROTEIN_RESPONSE,GOSR2,9606.ENSP00000461784,0.0,False
HALLMARK_UNFOLDED_PROTEIN_RESPONSE,EXOSC10,9606.ENSP00000366135,0.027777777777777776,False
HALLMARK_UNFOLDED_PROTEIN_RESPONSE,SEC31A,9606.ENSP00000378721,0.0,False
HALLMARK_UV_RESPONSE_DN,NEK7,9606.ENSP00000356355,0.0,False
HALLMARK_UV_RESPONSE_DN,SMAD3,9606.ENSP00000332973,0.0,False
HALLMARK_UV_RESPONSE_DN,LPAR1,9606.ENSP00000363553,0.0,False
HALLMARK_UV_RESPONSE_DN,PHF3,9606.ENSP00000262043,0.0,False
HALLMARK_UV_RESPONSE_DN,FZD2,9606.ENSP00000323901,0.0,False
HALLMARK_UV_RESPONSE_DN,DYRK1A,9606.ENSP00000340373,0.0,False
HALLMARK_UV_RESPONSE_DN,AGGF1,9606.ENSP00000316109,0.0,False
HALLMARK_UV_RESPONSE_DN,F3,9606.ENSP00000334145,0.0,False
HALLMARK_UV_RESPONSE_DN,IRS1,9606.ENSP00000304895,0.014388489208633094,False
HALLMARK_UV_RESPONSE_DN,ATP2B4,9606.ENSP00000350310,0.0,False
HALLMARK_UV_RESPONSE_DN,DUSP1,9606.ENSP00000239223,0.007194244604316547,False
HALLMARK_UV_RESPONSE_DN,SYNE1,9606.ENSP00000356224,0.0,False
HALLMARK_UV_RESPONSE_DN,KIT,9606.ENSP00000288135,0.0,False
HALLMARK_UV_RESPONSE_DN,TGFBR2,9606.ENSP00000351905,0.007194244604316547,False
HALLMARK_UV_RESPONSE_DN,NOTCH2,9606.ENSP00000256646,0.0,False
HALLMARK_UV_RESPONSE_DN,NIPBL,9606.ENSP00000282516,0.0,False
HALLMARK_UV_RESPONSE_DN,CDKN1B,9606.ENSP00000228872,0.0,False
HALLMARK_UV_RESPONSE_DN,MAGI2,9606.ENSP00000346151,0.0,False
HALLMARK_UV_RESPONSE_DN,TGFBR3,9606.ENSP00000212355,0.007194244604316547,False
HALLMARK_UV_RESPONSE_DN,MGMT,9606.ENSP00000302111,0.0,False
HALLMARK_UV_RESPONSE_DN,RUNX1,9606.ENSP00000300305,0.0,False
HALLMARK_UV_RESPONSE_DN,ARHGEF9,9606.ENSP00000490940,0.0,False
HALLMARK_UV_RESPONSE_DN,MIOS,9606.ENSP00000339881,0.0,False
HALLMARK_UV_RESPONSE_DN,NR3C1,9606.ENSP00000231509,0.007194244604316547,False
HALLMARK_UV_RESPONSE_DN,RBPMS,9606.ENSP00000340176,0.0,False
HALLMARK_UV_RESPONSE_DN,DDAH1,9606.ENSP00000284031,0.0,False
HALLMARK_UV_RESPONSE_DN,VAV2,9606.ENSP00000360916,0.0,False
HALLMARK_UV_RESPONSE_DN,FBLN5,9606.ENSP00000345008,0.0,False
HALLMARK_UV_RESPONSE_DN,SFMBT1,9606.ENSP00000378235,0.0,False
HALLMARK_UV_RESPONSE_DN,ATP2C1,9606.ENSP00000421326,0.0,False
HALLMARK_UV_RESPONSE_DN,ERBB2,9606.ENSP00000269571,0.0,False
HALLMARK_UV_RESPONSE_DN,PTPN21,9606.ENSP00000452414,0.0,False
HALLMARK_UV_RESPONSE_DN,CITED2,9606.ENSP00000444198,0.0,False
HALLMARK_UV_RESPONSE_DN,CAV1,9606.ENSP00000339191,0.02158273381294964,False
HALLMARK_UV_RESPONSE_DN,BMPR1A,9606.ENSP00000361107,0.014388489208633094,False
HALLMARK_UV_RESPONSE_DN,NFIB,9606.ENSP00000370340,0.0,False
HALLMARK_UV_RESPONSE_DN,SERPINE1,9606.ENSP00000223095,0.014388489208633094,False
HALLMARK_UV_RESPONSE_DN,PMP22,9606.ENSP00000308937,0.0,False
HALLMARK_UV_RESPONSE_DN,ZMIZ1,9606.ENSP00000334474,0.0,False
HALLMARK_UV_RESPONSE_DN,ADORA2B,9606.ENSP00000304501,0.0,False
HALLMARK_UV_RESPONSE_DN,ICA1,9606.ENSP00000403982,0.0,False
HALLMARK_UV_RESPONSE_DN,GJA1,9606.ENSP00000282561,0.0,False
HALLMARK_UV_RESPONSE_DN,TENT4A,9606.ENSP00000488642,0.0,False
HALLMARK_UV_RESPONSE_DN,ATXN1,9606.ENSP00000244769,0.0,False
HALLMARK_UV_RESPONSE_DN,MYC,9606.ENSP00000478887,0.007194244604316547,False
HALLMARK_UV_RESPONSE_DN,ID1,9606.ENSP00000365280,0.0,False
HALLMARK_UV_RESPONSE_DN,ANXA4,9606.ENSP00000377833,0.0,False
HALLMARK_UV_RESPONSE_DN,CDC42BPA,9606.ENSP00000355731,0.0,False
HALLMARK_UV_RESPONSE_DN,PTPRM,9606.ENSP00000463325,0.0,False
HALLMARK_UV_RESPONSE_DN,PTEN,9606.ENSP00000361021,0.007194244604316547,False
HALLMARK_UV_RESPONSE_DN,ABCC1,9606.ENSP00000382342,0.0,False
HALLMARK_UV_RESPONSE_DN,IGFBP5,9606.ENSP00000233813,0.007194244604316547,False
HALLMARK_UV_RESPONSE_DN,TFPI,9606.ENSP00000233156,0.007194244604316547,False
HALLMARK_UV_RESPONSE_DN,APBB2,9606.ENSP00000427211,0.0,False
HALLMARK_UV_RESPONSE_DN,LAMC1,9606.ENSP00000258341,0.0,False
HALLMARK_UV_RESPONSE_DN,PDGFRB,9606.ENSP00000261799,0.007194244604316547,False
HALLMARK_UV_RESPONSE_DN,AKT3,9606.ENSP00000500582,0.0,False
HALLMARK_UV_RESPONSE_DN,AMPH,9606.ENSP00000348602,0.007194244604316547,False
HALLMARK_UV_RESPONSE_DN,ADGRL2,9606.ENSP00000359765,0.0,False
HALLMARK_UV_RESPONSE_DN,PRDM2,9606.ENSP00000235372,0.0,False
HALLMARK_UV_RESPONSE_DN,COL1A2,9606.ENSP00000297268,0.0,False
HALLMARK_UV_RESPONSE_DN,GRK5,9606.ENSP00000376609,0.0,False
HALLMARK_UV_RESPONSE_DN,PDLIM5,9606.ENSP00000480359,0.0,False
HALLMARK_UV_RESPONSE_DN,CELF2,9606.ENSP00000488422,0.0,False
HALLMARK_UV_RESPONSE_DN,SIPA1L1,9606.ENSP00000450832,0.0,False
HALLMARK_UV_RESPONSE_DN,IGF1R,9606.ENSP00000497069,0.007194244604316547,False
HALLMARK_UV_RESPONSE_DN,ANXA2,9606.ENSP00000346032,0.007194244604316547,False
HALLMARK_UV_RESPONSE_DN,MET,9606.ENSP00000317272,0.007194244604316547,False
HALLMARK_UV_RESPONSE_DN,SMAD7,9606.ENSP00000262158,0.0,False
HALLMARK_UV_RESPONSE_DN,TJP1,9606.ENSP00000348416,0.0,False
HALLMARK_UV_RESPONSE_DN,MMP16,9606.ENSP00000286614,0.0,False
HALLMARK_UV_RESPONSE_DN,PPARG,9606.ENSP00000287820,0.0,False
HALLMARK_UV_RESPONSE_DN,DLG1,9606.ENSP00000345731,0.0,False
HALLMARK_UV_RESPONSE_DN,GCNT1,9606.ENSP00000415454,0.0,False
HALLMARK_UV_RESPONSE_DN,NR1D2,9606.ENSP00000310006,0.0,False
HALLMARK_UV_RESPONSE_DN,DAB2,9606.ENSP00000313391,0.0,False
HALLMARK_UV_RESPONSE_DN,MT1E,9606.ENSP00000328137,0.0,False
HALLMARK_UV_RESPONSE_DN,ATRX,9606.ENSP00000362441,0.0,False
HALLMARK_UV_RESPONSE_DN,ATP2B1,9606.ENSP00000392043,0.0,False
HALLMARK_UV_RESPONSE_DN,SNAI2,9606.ENSP00000020945,0.0,False
HALLMARK_UV_RESPONSE_DN,HAS2,9606.ENSP00000306991,0.0,False
HALLMARK_UV_RESPONSE_DN,LDLR,9606.ENSP00000454071,0.0,False
HALLMARK_UV_RESPONSE_DN,MTA1,9606.ENSP00000333633,0.0,False
HALLMARK_UV_RESPONSE_DN,YTHDC1,9606.ENSP00000463982,0.0,False
HALLMARK_UV_RESPONSE_DN,KALRN,9606.ENSP00000240874,0.0,False
HALLMARK_UV_RESPONSE_DN,PLPP3,9606.ENSP00000360296,0.0,False
HALLMARK_UV_RESPONSE_DN,SDC2,9606.ENSP00000307046,0.0,False
HALLMARK_UV_RESPONSE_DN,INPP4B,9606.ENSP00000422793,0.0,False
HALLMARK_UV_RESPONSE_DN,EFEMP1,9606.ENSP00000378058,0.0,False
HALLMARK_UV_RESPONSE_DN,ITGB3,9606.ENSP00000452786,0.007194244604316547,False
HALLMARK_UV_RESPONSE_DN,RASA2,9606.ENSP00000286364,0.0,False
HALLMARK_UV_RESPONSE_DN,MRPS31,9606.ENSP00000315397,0.0,False
HALLMARK_UV_RESPONSE_DN,RGS4,9606.ENSP00000397181,0.0,False
HALLMARK_UV_RESPONSE_DN,PEX14,9606.ENSP00000349016,0.0,False
HALLMARK_UV_RESPONSE_DN,CDON,9606.ENSP00000376458,0.0,False
HALLMARK_UV_RESPONSE_DN,COL3A1,9606.ENSP00000304408,0.0,False
HALLMARK_UV_RESPONSE_DN,PIK3CD,9606.ENSP00000366563,0.0,False
HALLMARK_UV_RESPONSE_DN,RND3,9606.ENSP00000364886,0.0,False
HALLMARK_UV_RESPONSE_DN,MAP2K5,9606.ENSP00000178640,0.0,False
HALLMARK_UV_RESPONSE_DN,RXRA,9606.ENSP00000419692,0.0,False
HALLMARK_UV_RESPONSE_DN,LTBP1,9606.ENSP00000386043,0.0,False
HALLMARK_UV_RESPONSE_DN,VLDLR,9606.ENSP00000371532,0.0,False
HALLMARK_UV_RESPONSE_DN,MGLL,9606.ENSP00000265052,0.0,False
HALLMARK_UV_RESPONSE_DN,MAP1B,9606.ENSP00000296755,0.0,False
HALLMARK_UV_RESPONSE_DN,COL1A1,9606.ENSP00000225964,0.0,False
HALLMARK_UV_RESPONSE_DN,CCN1,9606.ENSP00000398736,0.0,False
HALLMARK_UV_RESPONSE_DN,WDR37,9606.ENSP00000263150,0.0,False
HALLMARK_UV_RESPONSE_DN,PRKCE,9606.ENSP00000306124,0.007194244604316547,False
HALLMARK_UV_RESPONSE_DN,SLC7A1,9606.ENSP00000370128,0.0,False
HALLMARK_UV_RESPONSE_DN,ACVR2A,9606.ENSP00000241416,0.007194244604316547,False
HALLMARK_UV_RESPONSE_DN,SCN8A,9606.ENSP00000346534,0.0,False
HALLMARK_UV_RESPONSE_DN,PLCB4,9606.ENSP00000367762,0.0,False
HALLMARK_UV_RESPONSE_DN,COL11A1,9606.ENSP00000359114,0.0,False
HALLMARK_UV_RESPONSE_DN,FYN,9606.ENSP00000346671,0.007194244604316547,False
HALLMARK_UV_RESPONSE_DN,KCNMA1,9606.ENSP00000286628,0.0,False
HALLMARK_UV_RESPONSE_DN,NRP1,9606.ENSP00000265371,0.0,False
HALLMARK_UV_RESPONSE_DN,INSIG1,9606.ENSP00000344741,0.0,False
HALLMARK_UV_RESPONSE_DN,PRKCA,9606.ENSP00000408695,0.007194244604316547,False
HALLMARK_UV_RESPONSE_DN,DLC1,9606.ENSP00000276297,0.0,False
HALLMARK_UV_RESPONSE_DN,SRI,9606.ENSP00000265729,0.0,False
HALLMARK_UV_RESPONSE_DN,TOGARAM1,9606.ENSP00000354917,0.0,False
HALLMARK_UV_RESPONSE_DN,CAP2,9606.ENSP00000229922,0.0,False
HALLMARK_UV_RESPONSE_DN,ATRN,9606.ENSP00000262919,0.0,False
HALLMARK_UV_RESPONSE_DN,BCKDHB,9606.ENSP00000318351,0.0,False
HALLMARK_UV_RESPONSE_DN,CDK13,9606.ENSP00000181839,0.0,False
HALLMARK_UV_RESPONSE_DN,MAPK14,9606.ENSP00000229795,0.014388489208633094,False
HALLMARK_UV_RESPONSE_DN,SCAF8,9606.ENSP00000413098,0.0,False
HALLMARK_UV_RESPONSE_DN,PIK3R3,9606.ENSP00000262741,0.007194244604316547,False
HALLMARK_UV_RESPONSE_DN,SYNJ2,9606.ENSP00000347792,0.007194244604316547,False
HALLMARK_UV_RESPONSE_DN,BHLHE40,9606.ENSP00000256495,0.0,False
HALLMARK_UV_RESPONSE_DN,FHL2,9606.ENSP00000386892,0.0,False
HALLMARK_UV_RESPONSE_DN,COL5A2,9606.ENSP00000364000,0.0,False
HALLMARK_UV_RESPONSE_DN,PRKAR2B,9606.ENSP00000265717,0.0,False
HALLMARK_UV_RESPONSE_DN,DBP,9606.ENSP00000222122,0.0,False
HALLMARK_UV_RESPONSE_DN,DMAC2L,9606.ENSP00000451583,0.0,False
HALLMARK_UV_RESPONSE_DN,PIAS3,9606.ENSP00000376765,0.0,False
HALLMARK_UV_RESPONSE_DN,NFKB1,9606.ENSP00000226574,0.014388489208633094,False
HALLMARK_UV_RESPONSE_DN,ADD3,9606.ENSP00000348381,0.007194244604316547,False
HALLMARK_UV_RESPONSE_DN,PTGFR,9606.ENSP00000359793,0.0,False
HALLMARK_UV_RESPONSE_DN,SPOP,9606.ENSP00000377001,0.0,False
HALLMARK_UV_RESPONSE_UP,AQP3,9606.ENSP00000297991,0.0,False
HALLMARK_UV_RESPONSE_UP,HSPA2,9606.ENSP00000378199,0.0,False
HALLMARK_UV_RESPONSE_UP,PRKACA,9606.ENSP00000309591,0.006711409395973154,False
HALLMARK_UV_RESPONSE_UP,ATP6V1F,9606.ENSP00000417378,0.006711409395973154,False
HALLMARK_UV_RESPONSE_UP,TFRC,9606.ENSP00000376197,0.0,False
HALLMARK_UV_RESPONSE_UP,GCH1,9606.ENSP00000477796,0.0,False
HALLMARK_UV_RESPONSE_UP,MGAT1,9606.ENSP00000332073,0.0,False
HALLMARK_UV_RESPONSE_UP,COL2A1,9606.ENSP00000369889,0.006711409395973154,False
HALLMARK_UV_RESPONSE_UP,RPN1,9606.ENSP00000296255,0.0,False
HALLMARK_UV_RESPONSE_UP,RXRB,9606.ENSP00000363817,0.0,False
HALLMARK_UV_RESPONSE_UP,ALAS1,9606.ENSP00000378416,0.0,False
HALLMARK_UV_RESPONSE_UP,STK25,9606.ENSP00000325748,0.0,False
HALLMARK_UV_RESPONSE_UP,ALDOA,9606.ENSP00000496166,0.0,False
HALLMARK_UV_RESPONSE_UP,NTRK3,9606.ENSP00000354207,0.0,False
HALLMARK_UV_RESPONSE_UP,HLA-F,9606.ENSP00000259951,0.0,False
HALLMARK_UV_RESPONSE_UP,ABCB1,9606.ENSP00000478255,0.0,False
HALLMARK_UV_RESPONSE_UP,IL6,9606.ENSP00000385675,0.0,False
HALLMARK_UV_RESPONSE_UP,MAPK8IP2,9606.ENSP00000330572,0.0,False
HALLMARK_UV_RESPONSE_UP,MRPL23,9606.ENSP00000380466,0.0,False
HALLMARK_UV_RESPONSE_UP,NPTXR,9606.ENSP00000327545,0.0,False
HALLMARK_UV_RESPONSE_UP,WIZ,9606.ENSP00000469534,0.0,False
HALLMARK_UV_RESPONSE_UP,TST,9606.ENSP00000385828,0.0,False
HALLMARK_UV_RESPONSE_UP,MSX1,9606.ENSP00000372170,0.013422818791946308,False
HALLMARK_UV_RESPONSE_UP,DLG4,9606.ENSP00000497806,0.0,False
HALLMARK_UV_RESPONSE_UP,TUBA4A,9606.ENSP00000248437,0.0,False
HALLMARK_UV_RESPONSE_UP,TMBIM6,9606.ENSP00000389277,0.0,False
HALLMARK_UV_RESPONSE_UP,SIGMAR1,9606.ENSP00000277010,0.0,False
HALLMARK_UV_RESPONSE_UP,FMO1,9606.ENSP00000346901,0.0,False
HALLMARK_UV_RESPONSE_UP,OLFM1,9606.ENSP00000360858,0.0,False
HALLMARK_UV_RESPONSE_UP,FKBP4,9606.ENSP00000001008,0.0,False
HALLMARK_UV_RESPONSE_UP,SPR,9606.ENSP00000234454,0.0,False
HALLMARK_UV_RESPONSE_UP,TYRO3,9606.ENSP00000263798,0.0,False
HALLMARK_UV_RESPONSE_UP,MMP14,9606.ENSP00000308208,0.0,False
HALLMARK_UV_RESPONSE_UP,ATF3,9606.ENSP00000344352,0.0,False
HALLMARK_UV_RESPONSE_UP,FOSB,9606.ENSP00000245919,0.0,False
HALLMARK_UV_RESPONSE_UP,CLCN2,9606.ENSP00000265593,0.0,False
HALLMARK_UV_RESPONSE_UP,C4BPB,9606.ENSP00000243611,0.0,False
HALLMARK_UV_RESPONSE_UP,CYB5R1,9606.ENSP00000356218,0.0,False
HALLMARK_UV_RESPONSE_UP,CASP3,9606.ENSP00000311032,0.013422818791946308,False
HALLMARK_UV_RESPONSE_UP,NUP58,9606.ENSP00000371155,0.0,False
HALLMARK_UV_RESPONSE_UP,CDK2,9606.ENSP00000266970,0.013422818791946308,False
HALLMARK_UV_RESPONSE_UP,CNP,9606.ENSP00000377470,0.0,False
HALLMARK_UV_RESPONSE_UP,PARP2,9606.ENSP00000250416,0.0,False
HALLMARK_UV_RESPONSE_UP,EPHX1,9606.ENSP00000480004,0.0,False
HALLMARK_UV_RESPONSE_UP,RRAD,9606.ENSP00000388744,0.0,False
HALLMARK_UV_RESPONSE_UP,E2F5,9606.ENSP00000398124,0.0,False
HALLMARK_UV_RESPONSE_UP,GGH,9606.ENSP00000260118,0.0,False
HALLMARK_UV_RESPONSE_UP,GPX3,9606.ENSP00000373477,0.0,False
HALLMARK_UV_RESPONSE_UP,TARS1,9606.ENSP00000387710,0.0,False
HALLMARK_UV_RESPONSE_UP,NAT1,9606.ENSP00000443194,0.0,False
HALLMARK_UV_RESPONSE_UP,ENO2,9606.ENSP00000437402,0.0,False
HALLMARK_UV_RESPONSE_UP,SLC6A8,9606.ENSP00000253122,0.0,False
HALLMARK_UV_RESPONSE_UP,PDAP1,9606.ENSP00000222968,0.0,False
HALLMARK_UV_RESPONSE_UP,JUNB,9606.ENSP00000303315,0.006711409395973154,False
HALLMARK_UV_RESPONSE_UP,GAL,9606.ENSP00000265643,0.0,False
HALLMARK_UV_RESPONSE_UP,FOS,9606.ENSP00000306245,0.020134228187919462,False
HALLMARK_UV_RESPONSE_UP,CXCL2,9606.ENSP00000427279,0.0,False
HALLMARK_UV_RESPONSE_UP,CREG1,9606.ENSP00000359540,0.0,False
HALLMARK_UV_RESPONSE_UP,TGFBRAP1,9606.ENSP00000377027,0.0,False
HALLMARK_UV_RESPONSE_UP,CDO1,9606.ENSP00000250535,0.0,False
HALLMARK_UV_RESPONSE_UP,DNAJA1,9606.ENSP00000369127,0.0,False
HALLMARK_UV_RESPONSE_UP,BTG2,9606.ENSP00000290551,0.0,False
HALLMARK_UV_RESPONSE_UP,MAOA,9606.ENSP00000340684,0.0,False
HALLMARK_UV_RESPONSE_UP,CLTB,9606.ENSP00000309415,0.0,False
HALLMARK_UV_RESPONSE_UP,STARD3,9606.ENSP00000337446,0.0,False
HALLMARK_UV_RESPONSE_UP,EPCAM,9606.ENSP00000263735,0.0,False
HALLMARK_UV_RESPONSE_UP,CDC34,9606.ENSP00000215574,0.006711409395973154,False
HALLMARK_UV_RESPONSE_UP,DDX21,9606.ENSP00000346120,0.0,False
HALLMARK_UV_RESPONSE_UP,EIF2S3,9606.ENSP00000253039,0.0,False
HALLMARK_UV_RESPONSE_UP,SQSTM1,9606.ENSP00000374455,0.0,False
HALLMARK_UV_RESPONSE_UP,UROD,9606.ENSP00000246337,0.0,False
HALLMARK_UV_RESPONSE_UP,CDKN1C,9606.ENSP00000413720,0.0,False
HALLMARK_UV_RESPONSE_UP,PPT1,9606.ENSP00000493153,0.0,False
HALLMARK_UV_RESPONSE_UP,IGFBP2,9606.ENSP00000233809,0.0,False
HALLMARK_UV_RESPONSE_UP,AGO2,9606.ENSP00000220592,0.0,False
HALLMARK_UV_RESPONSE_UP,CCNE1,9606.ENSP00000262643,0.0,False
HALLMARK_UV_RESPONSE_UP,BCL2L11,9606.ENSP00000376943,0.0,False
HALLMARK_UV_RESPONSE_UP,AP2S1,9606.ENSP00000470176,0.0,False
HALLMARK_UV_RESPONSE_UP,CA2,9606.ENSP00000285379,0.0,False
HALLMARK_UV_RESPONSE_UP,EIF5,9606.ENSP00000216554,0.0,False
HALLMARK_UV_RESPONSE_UP,DNAJB1,9606.ENSP00000254322,0.006711409395973154,False
HALLMARK_UV_RESPONSE_UP,FGF18,9606.ENSP00000274625,0.0,False
HALLMARK_UV_RESPONSE_UP,ARRB2,9606.ENSP00000403701,0.0,False
HALLMARK_UV_RESPONSE_UP,BSG,9606.ENSP00000333769,0.0,False
HALLMARK_UV_RESPONSE_UP,TAP1,9606.ENSP00000346206,0.0,False
HALLMARK_UV_RESPONSE_UP,BID,9606.ENSP00000318822,0.006711409395973154,False
HALLMARK_UV_RESPONSE_UP,CCND3,9606.ENSP00000362082,0.0,False
HALLMARK_UV_RESPONSE_UP,CYB5B,9606.ENSP00000308430,0.0,False
HALLMARK_UV_RESPONSE_UP,HMOX1,9606.ENSP00000216117,0.0,False
HALLMARK_UV_RESPONSE_UP,BTG1,9606.ENSP00000256015,0.0,False
HALLMARK_UV_RESPONSE_UP,FURIN,9606.ENSP00000483552,0.0,False
HALLMARK_UV_RESPONSE_UP,HNRNPU,9606.ENSP00000491215,0.0,False
HALLMARK_UV_RESPONSE_UP,PTPRD,9606.ENSP00000370593,0.0,False
HALLMARK_UV_RESPONSE_UP,CDKN2B,9606.ENSP00000276925,0.006711409395973154,False
HALLMARK_UV_RESPONSE_UP,NXF1,9606.ENSP00000436679,0.0,False
HALLMARK_UV_RESPONSE_UP,RASGRP1,9606.ENSP00000310244,0.0,False
HALLMARK_UV_RESPONSE_UP,LYN,9606.ENSP00000428924,0.0,False
HALLMARK_UV_RESPONSE_UP,RET,9606.ENSP00000347942,0.0,False
HALLMARK_UV_RESPONSE_UP,HSPA13,9606.ENSP00000285667,0.0,False
HALLMARK_UV_RESPONSE_UP,IL6ST,9606.ENSP00000370698,0.0,False
HALLMARK_UV_RESPONSE_UP,BTG3,9606.ENSP00000344609,0.0,False
HALLMARK_UV_RESPONSE_UP,ACAA1,9606.ENSP00000333664,0.0,False
HALLMARK_UV_RESPONSE_UP,H2AX,9606.ENSP00000434024,0.0,False
HALLMARK_UV_RESPONSE_UP,STIP1,9606.ENSP00000351646,0.0,False
HALLMARK_UV_RESPONSE_UP,BMP2,9606.ENSP00000368104,0.013422818791946308,False
HALLMARK_UV_RESPONSE_UP,KLHDC3,9606.ENSP00000313995,0.0,False
HALLMARK_UV_RESPONSE_UP,FEN1,9606.ENSP00000305480,0.0,False
HALLMARK_UV_RESPONSE_UP,GRINA,9606.ENSP00000314380,0.0,False
HALLMARK_UV_RESPONSE_UP,PRKCD,9606.ENSP00000331602,0.0,False
HALLMARK_UV_RESPONSE_UP,CHRNA5,9606.ENSP00000299565,0.0,False
HALLMARK_UV_RESPONSE_UP,SELENOW,9606.ENSP00000473185,0.0,False
HALLMARK_UV_RESPONSE_UP,ATP6V1C1,9606.ENSP00000430282,0.006711409395973154,False
HALLMARK_UV_RESPONSE_UP,PPP1R2,9606.ENSP00000484580,0.0,False
HALLMARK_UV_RESPONSE_UP,PLCL1,9606.ENSP00000402861,0.0,False
HALLMARK_UV_RESPONSE_UP,RFC4,9606.ENSP00000376272,0.0,False
HALLMARK_UV_RESPONSE_UP,NR4A1,9606.ENSP00000440864,0.0,False
HALLMARK_UV_RESPONSE_UP,GRPEL1,9606.ENSP00000264954,0.006711409395973154,False
HALLMARK_UV_RESPONSE_UP,PDLIM3,9606.ENSP00000284767,0.0,False
HALLMARK_UV_RESPONSE_UP,IRF1,9606.ENSP00000245414,0.0,False
HALLMARK_UV_RESPONSE_UP,POLG2,9606.ENSP00000442563,0.0,False
HALLMARK_UV_RESPONSE_UP,POLR2H,9606.ENSP00000415536,0.0,False
HALLMARK_UV_RESPONSE_UP,DGAT1,9606.ENSP00000482264,0.0,False
HALLMARK_UV_RESPONSE_UP,HYAL2,9606.ENSP00000401853,0.0,False
HALLMARK_UV_RESPONSE_UP,NFKBIA,9606.ENSP00000216797,0.006711409395973154,False
HALLMARK_UV_RESPONSE_UP,SLC25A4,9606.ENSP00000281456,0.0,False
HALLMARK_UV_RESPONSE_UP,ICAM1,9606.ENSP00000264832,0.0,False
HALLMARK_UV_RESPONSE_UP,RHOB,9606.ENSP00000272233,0.0,False
HALLMARK_UV_RESPONSE_UP,CHKA,9606.ENSP00000265689,0.006711409395973154,False
HALLMARK_UV_RESPONSE_UP,MARK2,9606.ENSP00000385751,0.0,False
HALLMARK_UV_RESPONSE_UP,LHX2,9606.ENSP00000362717,0.006711409395973154,False
HALLMARK_UV_RESPONSE_UP,PPAT,9606.ENSP00000264220,0.0,False
HALLMARK_UV_RESPONSE_UP,YKT6,9606.ENSP00000223369,0.0,False
HALLMARK_UV_RESPONSE_UP,CEBPG,9606.ENSP00000466022,0.0,False
HALLMARK_UV_RESPONSE_UP,CTSV,9606.ENSP00000259470,0.0,False
HALLMARK_UV_RESPONSE_UP,PPIF,9606.ENSP00000225174,0.0,False
HALLMARK_UV_RESPONSE_UP,PSMC3,9606.ENSP00000481029,0.0,False
HALLMARK_UV_RESPONSE_UP,SHOX2,9606.ENSP00000374240,0.0,False
HALLMARK_UV_RESPONSE_UP,RAB27A,9606.ENSP00000379601,0.0,False
HALLMARK_UV_RESPONSE_UP,APOM,9606.ENSP00000365081,0.0,False
HALLMARK_UV_RESPONSE_UP,HTR7,9606.ENSP00000337949,0.0,False
HALLMARK_UV_RESPONSE_UP,GLS,9606.ENSP00000317379,0.0,False
HALLMARK_UV_RESPONSE_UP,SLC6A12,9606.ENSP00000399136,0.0,False
HALLMARK_UV_RESPONSE_UP,SULT1A1,9606.ENSP00000378972,0.0,False
HALLMARK_UV_RESPONSE_UP,KCNH2,9606.ENSP00000262186,0.0,False
HALLMARK_UV_RESPONSE_UP,NPTX2,9606.ENSP00000265634,0.0,False
HALLMARK_UV_RESPONSE_UP,PRPF3,9606.ENSP00000315379,0.0,False
HALLMARK_UV_RESPONSE_UP,POLE3,9606.ENSP00000363286,0.0,False
HALLMARK_UV_RESPONSE_UP,BAK1,9606.ENSP00000363591,0.0,False
HALLMARK_UV_RESPONSE_UP,CDC5L,9606.ENSP00000360532,0.0,False
HALLMARK_UV_RESPONSE_UP,SOD2,9606.ENSP00000446252,0.0,False
HALLMARK_WNT_BETA_CATENIN_SIGNALING,TP53,9606.ENSP00000269305,0.02631578947368421,False
HALLMARK_WNT_BETA_CATENIN_SIGNALING,NCOR2,9606.ENSP00000384018,0.0,False
HALLMARK_WNT_BETA_CATENIN_SIGNALING,NOTCH4,9606.ENSP00000364163,0.0,False
HALLMARK_WNT_BETA_CATENIN_SIGNALING,TCF7,9606.ENSP00000340347,0.0,False
HALLMARK_WNT_BETA_CATENIN_SIGNALING,CTNNB1,9606.ENSP00000495360,0.05263157894736842,False
HALLMARK_WNT_BETA_CATENIN_SIGNALING,CSNK1E,9606.ENSP00000380044,0.0,False
HALLMARK_WNT_BETA_CATENIN_SIGNALING,MAML1,9606.ENSP00000292599,0.0,False
HALLMARK_WNT_BETA_CATENIN_SIGNALING,DLL1,9606.ENSP00000355718,0.0,False
HALLMARK_WNT_BETA_CATENIN_SIGNALING,NOTCH1,9606.ENSP00000498587,0.05263157894736842,False
HALLMARK_WNT_BETA_CATENIN_SIGNALING,MYC,9606.ENSP00000478887,0.05263157894736842,False
HALLMARK_WNT_BETA_CATENIN_SIGNALING,CUL1,9606.ENSP00000326804,0.02631578947368421,False
HALLMARK_WNT_BETA_CATENIN_SIGNALING,WNT5B,9606.ENSP00000380379,0.0,False
HALLMARK_WNT_BETA_CATENIN_SIGNALING,HDAC11,9606.ENSP00000295757,0.0,False
HALLMARK_WNT_BETA_CATENIN_SIGNALING,PPARD,9606.ENSP00000310928,0.0,False
HALLMARK_WNT_BETA_CATENIN_SIGNALING,WNT6,9606.ENSP00000233948,0.0,False
HALLMARK_WNT_BETA_CATENIN_SIGNALING,HEY1,9606.ENSP00000338272,0.07894736842105263,False
HALLMARK_WNT_BETA_CATENIN_SIGNALING,JAG2,9606.ENSP00000328169,0.05263157894736842,False
HALLMARK_WNT_BETA_CATENIN_SIGNALING,DVL2,9606.ENSP00000005340,0.0,False
HALLMARK_WNT_BETA_CATENIN_SIGNALING,ADAM17,9606.ENSP00000309968,0.0,False
HALLMARK_WNT_BETA_CATENIN_SIGNALING,CCND2,9606.ENSP00000261254,0.0,False
HALLMARK_WNT_BETA_CATENIN_SIGNALING,AXIN1,9606.ENSP00000262320,0.02631578947368421,False
HALLMARK_WNT_BETA_CATENIN_SIGNALING,NCSTN,9606.ENSP00000294785,0.0,False
HALLMARK_WNT_BETA_CATENIN_SIGNALING,RBPJ,9606.ENSP00000345206,0.05263157894736842,False
HALLMARK_WNT_BETA_CATENIN_SIGNALING,AXIN2,9606.ENSP00000302625,0.0,False
HALLMARK_WNT_BETA_CATENIN_SIGNALING,JAG1,9606.ENSP00000254958,0.0,False
HALLMARK_WNT_BETA_CATENIN_SIGNALING,SKP2,9606.ENSP00000274255,0.02631578947368421,False
HALLMARK_WNT_BETA_CATENIN_SIGNALING,FRAT1,9606.ENSP00000360060,0.0,False
HALLMARK_WNT_BETA_CATENIN_SIGNALING,FZD8,9606.ENSP00000363826,0.02631578947368421,False
HALLMARK_WNT_BETA_CATENIN_SIGNALING,FZD1,9606.ENSP00000287934,0.0,False
HALLMARK_WNT_BETA_CATENIN_SIGNALING,KAT2A,9606.ENSP00000225916,0.02631578947368421,False
HALLMARK_WNT_BETA_CATENIN_SIGNALING,HDAC2,9606.ENSP00000430432,0.0,False
HALLMARK_WNT_BETA_CATENIN_SIGNALING,HEY2,9606.ENSP00000357348,0.0,False
HALLMARK_WNT_BETA_CATENIN_SIGNALING,PTCH1,9606.ENSP00000332353,0.0,False
HALLMARK_WNT_BETA_CATENIN_SIGNALING,NKD1,9606.ENSP00000268459,0.0,False
HALLMARK_WNT_BETA_CATENIN_SIGNALING,GNAI1,9606.ENSP00000497260,0.0,False
HALLMARK_WNT_BETA_CATENIN_SIGNALING,HDAC5,9606.ENSP00000225983,0.02631578947368421,False
HALLMARK_WNT_BETA_CATENIN_SIGNALING,LEF1,9606.ENSP00000265165,0.02631578947368421,False
HALLMARK_WNT_BETA_CATENIN_SIGNALING,DKK1,9606.ENSP00000363081,0.02631578947368421,False
HALLMARK_WNT_BETA_CATENIN_SIGNALING,NUMB,9606.ENSP00000451300,0.0,False
HALLMARK_XENOBIOTIC_METABOLISM,GCH1,9606.ENSP00000477796,0.0,False
HALLMARK_XENOBIOTIC_METABOLISM,GCNT2,9606.ENSP00000419411,0.0,False
HALLMARK_XENOBIOTIC_METABOLISM,APOE,9606.ENSP00000252486,0.006211180124223602,False
HALLMARK_XENOBIOTIC_METABOLISM,ALAS1,9606.ENSP00000378416,0.0,False
HALLMARK_XENOBIOTIC_METABOLISM,TDO2,9606.ENSP00000444788,0.0,False
HALLMARK_XENOBIOTIC_METABOLISM,MCCC2,9606.ENSP00000343657,0.0,False
HALLMARK_XENOBIOTIC_METABOLISM,SPINT2,9606.ENSP00000301244,0.0,False
HALLMARK_XENOBIOTIC_METABOLISM,SMOX,9606.ENSP00000478305,0.0,False
HALLMARK_XENOBIOTIC_METABOLISM,PMM1,9606.ENSP00000216259,0.0,False
HALLMARK_XENOBIOTIC_METABOLISM,DHRS7,9606.ENSP00000216500,0.0,False
HALLMARK_XENOBIOTIC_METABOLISM,SSR3,9606.ENSP00000420641,0.0,False
HALLMARK_XENOBIOTIC_METABOLISM,ALDH9A1,9606.ENSP00000346827,0.012422360248447204,False
HALLMARK_XENOBIOTIC_METABOLISM,AKR1C2,9606.ENSP00000370129,0.006211180124223602,False
HALLMARK_XENOBIOTIC_METABOLISM,CYB5A,9606.ENSP00000341625,0.0,False
HALLMARK_XENOBIOTIC_METABOLISM,GSTM4,9606.ENSP00000358851,0.006211180124223602,False
HALLMARK_XENOBIOTIC_METABOLISM,TKFC,9606.ENSP00000378360,0.0,False
HALLMARK_XENOBIOTIC_METABOLISM,PAPSS2,9606.ENSP00000406157,0.006211180124223602,False
HALLMARK_XENOBIOTIC_METABOLISM,PSMB10,9606.ENSP00000351314,0.0,False
HALLMARK_XENOBIOTIC_METABOLISM,LCAT,9606.ENSP00000264005,0.012422360248447204,False
HALLMARK_XENOBIOTIC_METABOLISM,ABCD2,9606.ENSP00000310688,0.0,False
HALLMARK_XENOBIOTIC_METABOLISM,ACOX3,9606.ENSP00000348775,0.006211180124223602,False
HALLMARK_XENOBIOTIC_METABOLISM,PC,9606.ENSP00000498994,0.006211180124223602,False
HALLMARK_XENOBIOTIC_METABOLISM,PGD,9606.ENSP00000270776,0.0,False
HALLMARK_XENOBIOTIC_METABOLISM,IGFBP4,9606.ENSP00000269593,0.0,False
HALLMARK_XENOBIOTIC_METABOLISM,SHMT2,9606.ENSP00000333667,0.0,False
HALLMARK_XENOBIOTIC_METABOLISM,FMO3,9606.ENSP00000356729,0.0,False
HALLMARK_XENOBIOTIC_METABOLISM,SLC35D1,9606.ENSP00000235345,0.0,False
HALLMARK_XENOBIOTIC_METABOLISM,ATOH8,9606.ENSP00000304676,0.0,False
HALLMARK_XENOBIOTIC_METABOLISM,TMBIM6,9606.ENSP00000389277,0.0,False
HALLMARK_XENOBIOTIC_METABOLISM,ADH1C,9606.ENSP00000426083,0.0,False
HALLMARK_XENOBIOTIC_METABOLISM,FMO1,9606.ENSP00000346901,0.0,False
HALLMARK_XENOBIOTIC_METABOLISM,SLC35B1,9606.ENSP00000497423,0.0,False
HALLMARK_XENOBIOTIC_METABOLISM,SLC46A3,9606.ENSP00000370192,0.0,False
HALLMARK_XENOBIOTIC_METABOLISM,CYP2J2,9606.ENSP00000360247,0.0,False
HALLMARK_XENOBIOTIC_METABOLISM,PTGES,9606.ENSP00000342385,0.0,False
HALLMARK_XENOBIOTIC_METABOLISM,CES1,9606.ENSP00000353720,0.0,False
HALLMARK_XENOBIOTIC_METABOLISM,AP4B1,9606.ENSP00000358582,0.0,False
HALLMARK_XENOBIOTIC_METABOLISM,BPHL,9606.ENSP00000369739,0.0,False
HALLMARK_XENOBIOTIC_METABOLISM,CYP2S1,9606.ENSP00000308032,0.0,False
HALLMARK_XENOBIOTIC_METABOLISM,HSD11B1,9606.ENSP00000355995,0.0,False
HALLMARK_XENOBIOTIC_METABOLISM,IGF1,9606.ENSP00000376637,0.0,False
HALLMARK_XENOBIOTIC_METABOLISM,SERPINE1,9606.ENSP00000223095,0.0,False
HALLMARK_XENOBIOTIC_METABOLISM,TAT,9606.ENSP00000348234,0.0,False
HALLMARK_XENOBIOTIC_METABOLISM,UPP1,9606.ENSP00000330032,0.0,False
HALLMARK_XENOBIOTIC_METABOLISM,BCAT1,9606.ENSP00000443459,0.0,False
HALLMARK_XENOBIOTIC_METABOLISM,SLC1A5,9606.ENSP00000444408,0.0,False
HALLMARK_XENOBIOTIC_METABOLISM,CSAD,9606.ENSP00000267085,0.0,False
HALLMARK_XENOBIOTIC_METABOLISM,ENTPD5,9606.ENSP00000335246,0.0,False
HALLMARK_XENOBIOTIC_METABOLISM,CYP27A1,9606.ENSP00000258415,0.0,False
HALLMARK_XENOBIOTIC_METABOLISM,CDA,9606.ENSP00000364212,0.0,False
HALLMARK_XENOBIOTIC_METABOLISM,ESR1,9606.ENSP00000405330,0.0,False
HALLMARK_XENOBIOTIC_METABOLISM,GART,9606.ENSP00000371253,0.0,False
HALLMARK_XENOBIOTIC_METABOLISM,SLC6A6,9606.ENSP00000481625,0.0,False
HALLMARK_XENOBIOTIC_METABOLISM,EPHX1,9606.ENSP00000480004,0.0,False
HALLMARK_XENOBIOTIC_METABOLISM,GSS,9606.ENSP00000495750,0.006211180124223602,False
HALLMARK_XENOBIOTIC_METABOLISM,IL1R1,9606.ENSP00000386380,0.0,False
HALLMARK_XENOBIOTIC_METABOLISM,PTGDS,9606.ENSP00000360687,0.0,False
HALLMARK_XENOBIOTIC_METABOLISM,COMT,9606.ENSP00000354511,0.0,False
HALLMARK_XENOBIOTIC_METABOLISM,CD36,9606.ENSP00000415743,0.0,False
HALLMARK_XENOBIOTIC_METABOLISM,TMEM97,9606.ENSP00000226230,0.006211180124223602,False
HALLMARK_XENOBIOTIC_METABOLISM,EPHA2,9606.ENSP00000351209,0.0,False
HALLMARK_XENOBIOTIC_METABOLISM,PTGES3,9606.ENSP00000482075,0.0,False
HALLMARK_XENOBIOTIC_METABOLISM,RETSAT,9606.ENSP00000295802,0.006211180124223602,False
HALLMARK_XENOBIOTIC_METABOLISM,PDLIM5,9606.ENSP00000480359,0.0,False
HALLMARK_XENOBIOTIC_METABOLISM,SERPINA6,9606.ENSP00000342850,0.0,False
HALLMARK_XENOBIOTIC_METABOLISM,SERTAD1,9606.ENSP00000350633,0.0,False
HALLMARK_XENOBIOTIC_METABOLISM,FAH,9606.ENSP00000385080,0.0,False
HALLMARK_XENOBIOTIC_METABOLISM,HES6,9606.ENSP00000272937,0.0,False
HALLMARK_XENOBIOTIC_METABOLISM,LPIN2,9606.ENSP00000261596,0.0,False
HALLMARK_XENOBIOTIC_METABOLISM,CDO1,9606.ENSP00000250535,0.0,False
HALLMARK_XENOBIOTIC_METABOLISM,CAT,9606.ENSP00000241052,0.0,False
HALLMARK_XENOBIOTIC_METABOLISM,TMEM176B,9606.ENSP00000410269,0.0,False
HALLMARK_XENOBIOTIC_METABOLISM,MAOA,9606.ENSP00000340684,0.006211180124223602,False
HALLMARK_XENOBIOTIC_METABOLISM,SLC12A4,9606.ENSP00000395983,0.0,False
HALLMARK_XENOBIOTIC_METABOLISM,POR,9606.ENSP00000419970,0.006211180124223602,False
HALLMARK_XENOBIOTIC_METABOLISM,CASP6,9606.ENSP00000265164,0.0,False
HALLMARK_XENOBIOTIC_METABOLISM,ACO2,9606.ENSP00000216254,0.0,False
HALLMARK_XENOBIOTIC_METABOLISM,ACOX2,9606.ENSP00000307697,0.0,False
HALLMARK_XENOBIOTIC_METABOLISM,CNDP2,9606.ENSP00000325548,0.0,False
HALLMARK_XENOBIOTIC_METABOLISM,PINK1,9606.ENSP00000364204,0.0,False
HALLMARK_XENOBIOTIC_METABOLISM,ACP1,9606.ENSP00000272067,0.006211180124223602,False
HALLMARK_XENOBIOTIC_METABOLISM,HPRT1,9606.ENSP00000298556,0.0,False
HALLMARK_XENOBIOTIC_METABOLISM,ALDH2,9606.ENSP00000261733,0.0,False
HALLMARK_XENOBIOTIC_METABOLISM,ELOVL5,9606.ENSP00000359956,0.0,False
HALLMARK_XENOBIOTIC_METABOLISM,CFB,9606.ENSP00000416561,0.0,False
HALLMARK_XENOBIOTIC_METABOLISM,PPARD,9606.ENSP00000310928,0.0,False
HALLMARK_XENOBIOTIC_METABOLISM,CA2,9606.ENSP00000285379,0.0,False
HALLMARK_XENOBIOTIC_METABOLISM,DHPS,9606.ENSP00000210060,0.0,False
HALLMARK_XENOBIOTIC_METABOLISM,GSTO1,9606.ENSP00000358727,0.006211180124223602,False
HALLMARK_XENOBIOTIC_METABOLISM,NFS1,9606.ENSP00000363205,0.0,False
HALLMARK_XENOBIOTIC_METABOLISM,IRF8,9606.ENSP00000268638,0.0,False
HALLMARK_XENOBIOTIC_METABOLISM,HMOX1,9606.ENSP00000216117,0.006211180124223602,False
HALLMARK_XENOBIOTIC_METABOLISM,PYCR1,9606.ENSP00000384949,0.0,False
HALLMARK_XENOBIOTIC_METABOLISM,ETFDH,9606.ENSP00000426638,0.0,False
HALLMARK_XENOBIOTIC_METABOLISM,MTHFD1,9606.ENSP00000498336,0.006211180124223602,False
HALLMARK_XENOBIOTIC_METABOLISM,ATP2A2,9606.ENSP00000440045,0.0,False
HALLMARK_XENOBIOTIC_METABOLISM,ADH5,9606.ENSP00000296412,0.006211180124223602,False
HALLMARK_XENOBIOTIC_METABOLISM,XDH,9606.ENSP00000368727,0.0,False
HALLMARK_XENOBIOTIC_METABOLISM,ARPP19,9606.ENSP00000454341,0.0,False
HALLMARK_XENOBIOTIC_METABOLISM,PGRMC1,9606.ENSP00000217971,0.006211180124223602,False
HALLMARK_XENOBIOTIC_METABOLISM,PROS1,9606.ENSP00000377783,0.0,False
HALLMARK_XENOBIOTIC_METABOLISM,KYNU,9606.ENSP00000264170,0.0,False
HALLMARK_XENOBIOTIC_METABOLISM,JUP,9606.ENSP00000377508,0.0,False
HALLMARK_XENOBIOTIC_METABOLISM,RBP4,9606.ENSP00000360522,0.0,False
HALLMARK_XENOBIOTIC_METABOLISM,MARCHF6,9606.ENSP00000274140,0.0,False
HALLMARK_XENOBIOTIC_METABOLISM,BLVRB,9606.ENSP00000263368,0.0,False
HALLMARK_XENOBIOTIC_METABOLISM,FBLN1,9606.ENSP00000331544,0.0,False
HALLMARK_XENOBIOTIC_METABOLISM,ACSM1,9606.ENSP00000301956,0.0,False
HALLMARK_XENOBIOTIC_METABOLISM,ABHD6,9606.ENSP00000295962,0.0,False
HALLMARK_XENOBIOTIC_METABOLISM,TGFB2,9606.ENSP00000355896,0.0,False
HALLMARK_XENOBIOTIC_METABOLISM,MT2A,9606.ENSP00000245185,0.0,False
HALLMARK_XENOBIOTIC_METABOLISM,IDH1,9606.ENSP00000390265,0.0,False
HALLMARK_XENOBIOTIC_METABOLISM,MAN1A1,9606.ENSP00000357453,0.0,False
HALLMARK_XENOBIOTIC_METABOLISM,AQP9,9606.ENSP00000219919,0.0,False
HALLMARK_XENOBIOTIC_METABOLISM,RAP1GAP,9606.ENSP00000363895,0.0,False
HALLMARK_XENOBIOTIC_METABOLISM,NQO1,9606.ENSP00000319788,0.0,False
HALLMARK_XENOBIOTIC_METABOLISM,KARS1,9606.ENSP00000325448,0.0,False
HALLMARK_XENOBIOTIC_METABOLISM,VNN1,9606.ENSP00000356905,0.0,False
HALLMARK_XENOBIOTIC_METABOLISM,ASL,9606.ENSP00000307188,0.0,False
HALLMARK_XENOBIOTIC_METABOLISM,GABARAPL1,9606.ENSP00000411256,0.0,False
HALLMARK_XENOBIOTIC_METABOLISM,CBR1,9606.ENSP00000290349,0.006211180124223602,False
HALLMARK_XENOBIOTIC_METABOLISM,CYP26A1,9606.ENSP00000224356,0.0,False
HALLMARK_XENOBIOTIC_METABOLISM,DHRS1,9606.ENSP00000380027,0.0,False
HALLMARK_XENOBIOTIC_METABOLISM,GCLC,9606.ENSP00000497574,0.006211180124223602,False
HALLMARK_XENOBIOTIC_METABOLISM,LEAP2,9606.ENSP00000296877,0.0,False
HALLMARK_XENOBIOTIC_METABOLISM,NPC1,9606.ENSP00000269228,0.0,False
HALLMARK_XENOBIOTIC_METABOLISM,F10,9606.ENSP00000364709,0.0,False
HALLMARK_XENOBIOTIC_METABOLISM,TTPA,9606.ENSP00000260116,0.0,False
HALLMARK_XENOBIOTIC_METABOLISM,ID2,9606.ENSP00000234091,0.0,False
HALLMARK_XENOBIOTIC_METABOLISM,UGDH,9606.ENSP00000319501,0.0,False
HALLMARK_XENOBIOTIC_METABOLISM,AHCY,9606.ENSP00000217426,0.0,False
HALLMARK_XENOBIOTIC_METABOLISM,GSR,9606.ENSP00000221130,0.006211180124223602,False
HALLMARK_XENOBIOTIC_METABOLISM,BCAR1,9606.ENSP00000391669,0.0,False
HALLMARK_XENOBIOTIC_METABOLISM,PDK4,9606.ENSP00000005178,0.0,False
HALLMARK_XENOBIOTIC_METABOLISM,LONP1,9606.ENSP00000353826,0.0,False
HALLMARK_XENOBIOTIC_METABOLISM,NMT1,9606.ENSP00000468424,0.0,False
HALLMARK_XENOBIOTIC_METABOLISM,PTGR1,9606.ENSP00000385763,0.0,False
HALLMARK_XENOBIOTIC_METABOLISM,ETS2,9606.ENSP00000353344,0.0,False
HALLMARK_XENOBIOTIC_METABOLISM,TNFRSF1A,9606.ENSP00000162749,0.0,False
HALLMARK_XENOBIOTIC_METABOLISM,SAR1B,9606.ENSP00000385432,0.0,False
HALLMARK_XENOBIOTIC_METABOLISM,NINJ1,9606.ENSP00000364595,0.0,False
HALLMARK_XENOBIOTIC_METABOLISM,MPP2,9606.ENSP00000428182,0.0,False
HALLMARK_XENOBIOTIC_METABOLISM,CROT,9606.ENSP00000413575,0.0,False
HALLMARK_XENOBIOTIC_METABOLISM,GNMT,9606.ENSP00000361894,0.0,False
HALLMARK_XENOBIOTIC_METABOLISM,FAS,9606.ENSP00000498466,0.0,False
HALLMARK_XENOBIOTIC_METABOLISM,HACL1,9606.ENSP00000323811,0.0,False
HALLMARK_XENOBIOTIC_METABOLISM,AKR1C3,9606.ENSP00000369927,0.006211180124223602,False
HALLMARK_XENOBIOTIC_METABOLISM,DCXR,9606.ENSP00000303356,0.0,False
HALLMARK_XENOBIOTIC_METABOLISM,TPST1,9606.ENSP00000302413,0.0,False
HALLMARK_XENOBIOTIC_METABOLISM,AOX1,9606.ENSP00000363832,0.0,False
HALLMARK_XENOBIOTIC_METABOLISM,FBP1,9606.ENSP00000408025,0.0,False
HALLMARK_XENOBIOTIC_METABOLISM,ARG2,9606.ENSP00000261783,0.0,False
HALLMARK_XENOBIOTIC_METABOLISM,DDAH2,9606.ENSP00000364949,0.0,False
HALLMARK_XENOBIOTIC_METABOLISM,ABCC3,9606.ENSP00000285238,0.0,False
HALLMARK_XENOBIOTIC_METABOLISM,PEMT,9606.ENSP00000255389,0.006211180124223602,False
HALLMARK_XENOBIOTIC_METABOLISM,SLC6A12,9606.ENSP00000399136,0.0,False
HALLMARK_XENOBIOTIC_METABOLISM,CYFIP2,9606.ENSP00000479719,0.0,False
HALLMARK_XENOBIOTIC_METABOLISM,ECH1,9606.ENSP00000221418,0.0,False
HALLMARK_XENOBIOTIC_METABOLISM,PTS,9606.ENSP00000280362,0.012422360248447204,False
HALLMARK_XENOBIOTIC_METABOLISM,NDRG2,9606.ENSP00000451712,0.0,False
HALLMARK_XENOBIOTIC_METABOLISM,ACOX1,9606.ENSP00000293217,0.0,False
HALLMARK_XENOBIOTIC_METABOLISM,ENPEP,9606.ENSP00000265162,0.0,False
